<!-- 
RSS generated by JIRA (6.3.4#6332-sha1:51bc225ef474afe3128b2f66878477f322397b16) at Fri Dec 02 18:00:15 UTC 2016

It is possible to restrict the fields that are returned in this document by specifying the 'field' parameter in your request.
For example, to request only the issue key and summary add field=key&field=summary to the URL of your request.
For example:
https://issues.apache.org/jira/si/jira.issueviews:issue-xml/MATH-293/MATH-293.xml?field=key&amp;field=summary
-->
<rss version="0.92" >
<channel>
    <title>ASF JIRA</title>
    <link>https://issues.apache.org/jira</link>
    <description>This file is an XML representation of an issue</description>
    <language>en-uk</language>    <build-info>
        <version>6.3.4</version>
        <build-number>6332</build-number>
        <build-date>15-08-2014</build-date>
    </build-info>

<item>
            <title>[MATH-293] Matrix&apos;s &quot;OutOfBoundException&quot; in SimplexSolver</title>
                <link>https://issues.apache.org/jira/browse/MATH-293</link>
                <project id="12310485" key="MATH">Commons Math</project>
                    <description>&lt;p&gt;Hi all,&lt;br/&gt;
This bug is somehow related to incident &lt;a href=&quot;https://issues.apache.org/jira/browse/MATH-286&quot; title=&quot;SimplexSolver not working as expected?&quot; class=&quot;issue-link&quot; data-issue-key=&quot;MATH-286&quot;&gt;&lt;del&gt;MATH-286&lt;/del&gt;&lt;/a&gt;, but not necessarily...&lt;/p&gt;

&lt;p&gt;Let&apos;s say I have an LP and I solve it using SimplexSolver. Then I create a second LP similar to the first one, but with &quot;stronger&quot; constraints. The second LP has the following properties:&lt;/p&gt;
&lt;ul&gt;
	&lt;li&gt;the only point in the feasible region for the second LP is the solution returned for the first LP&lt;/li&gt;
	&lt;li&gt;the solution returned for the first LP is also the (only possible) solution to the second LP&lt;/li&gt;
&lt;/ul&gt;


&lt;p&gt;This shows the problem:&lt;/p&gt;

&lt;div class=&quot;code panel&quot; style=&quot;border-style: solid;border-width: 1px;&quot;&gt;&lt;div class=&quot;codeContent panelContent&quot;&gt;
&lt;pre class=&quot;code-java&quot;&gt;
LinearObjectiveFunction f = &lt;span class=&quot;code-keyword&quot;&gt;new&lt;/span&gt; LinearObjectiveFunction(&lt;span class=&quot;code-keyword&quot;&gt;new&lt;/span&gt; &lt;span class=&quot;code-object&quot;&gt;double&lt;/span&gt;[] { 0.8, 0.2, 0.7, 0.3, 0.4, 0.6}, 0 );
Collection&amp;lt;LinearConstraint&amp;gt; constraints = &lt;span class=&quot;code-keyword&quot;&gt;new&lt;/span&gt; ArrayList&amp;lt;LinearConstraint&amp;gt;();
constraints.add(&lt;span class=&quot;code-keyword&quot;&gt;new&lt;/span&gt; LinearConstraint(&lt;span class=&quot;code-keyword&quot;&gt;new&lt;/span&gt; &lt;span class=&quot;code-object&quot;&gt;double&lt;/span&gt;[] { 1, 0, 1, 0, 1, 0 }, Relationship.EQ, 30.0));
constraints.add(&lt;span class=&quot;code-keyword&quot;&gt;new&lt;/span&gt; LinearConstraint(&lt;span class=&quot;code-keyword&quot;&gt;new&lt;/span&gt; &lt;span class=&quot;code-object&quot;&gt;double&lt;/span&gt;[] { 0, 1, 0, 1, 0, 1 }, Relationship.EQ, 30.0));
constraints.add(&lt;span class=&quot;code-keyword&quot;&gt;new&lt;/span&gt; LinearConstraint(&lt;span class=&quot;code-keyword&quot;&gt;new&lt;/span&gt; &lt;span class=&quot;code-object&quot;&gt;double&lt;/span&gt;[] { 0.8, 0.2, 0.0, 0.0, 0.0, 0.0 }, Relationship.GEQ, 10.0));
constraints.add(&lt;span class=&quot;code-keyword&quot;&gt;new&lt;/span&gt; LinearConstraint(&lt;span class=&quot;code-keyword&quot;&gt;new&lt;/span&gt; &lt;span class=&quot;code-object&quot;&gt;double&lt;/span&gt;[] { 0.0, 0.0, 0.7, 0.3, 0.0, 0.0 }, Relationship.GEQ, 10.0));
constraints.add(&lt;span class=&quot;code-keyword&quot;&gt;new&lt;/span&gt; LinearConstraint(&lt;span class=&quot;code-keyword&quot;&gt;new&lt;/span&gt; &lt;span class=&quot;code-object&quot;&gt;double&lt;/span&gt;[] { 0.0, 0.0, 0.0, 0.0, 0.4, 0.6 }, Relationship.GEQ, 10.0));

RealPointValuePair solution = &lt;span class=&quot;code-keyword&quot;&gt;new&lt;/span&gt; SimplexSolver().optimize(f, constraints, GoalType.MAXIMIZE, &lt;span class=&quot;code-keyword&quot;&gt;true&lt;/span&gt;);

&lt;span class=&quot;code-object&quot;&gt;double&lt;/span&gt; valA = 0.8 * solution.getPoint()[0] + 0.2 * solution.getPoint()[1];
&lt;span class=&quot;code-object&quot;&gt;double&lt;/span&gt; valB = 0.7 * solution.getPoint()[2] + 0.3 * solution.getPoint()[3];
&lt;span class=&quot;code-object&quot;&gt;double&lt;/span&gt; valC = 0.4 * solution.getPoint()[4] + 0.6 * solution.getPoint()[5];

f = &lt;span class=&quot;code-keyword&quot;&gt;new&lt;/span&gt; LinearObjectiveFunction(&lt;span class=&quot;code-keyword&quot;&gt;new&lt;/span&gt; &lt;span class=&quot;code-object&quot;&gt;double&lt;/span&gt;[] { 0.8, 0.2, 0.7, 0.3, 0.4, 0.6}, 0 );
constraints = &lt;span class=&quot;code-keyword&quot;&gt;new&lt;/span&gt; ArrayList&amp;lt;LinearConstraint&amp;gt;();
constraints.add(&lt;span class=&quot;code-keyword&quot;&gt;new&lt;/span&gt; LinearConstraint(&lt;span class=&quot;code-keyword&quot;&gt;new&lt;/span&gt; &lt;span class=&quot;code-object&quot;&gt;double&lt;/span&gt;[] { 1, 0, 1, 0, 1, 0 }, Relationship.EQ, 30.0));
constraints.add(&lt;span class=&quot;code-keyword&quot;&gt;new&lt;/span&gt; LinearConstraint(&lt;span class=&quot;code-keyword&quot;&gt;new&lt;/span&gt; &lt;span class=&quot;code-object&quot;&gt;double&lt;/span&gt;[] { 0, 1, 0, 1, 0, 1 }, Relationship.EQ, 30.0));
constraints.add(&lt;span class=&quot;code-keyword&quot;&gt;new&lt;/span&gt; LinearConstraint(&lt;span class=&quot;code-keyword&quot;&gt;new&lt;/span&gt; &lt;span class=&quot;code-object&quot;&gt;double&lt;/span&gt;[] { 0.8, 0.2, 0.0, 0.0, 0.0, 0.0 }, Relationship.GEQ, valA));
constraints.add(&lt;span class=&quot;code-keyword&quot;&gt;new&lt;/span&gt; LinearConstraint(&lt;span class=&quot;code-keyword&quot;&gt;new&lt;/span&gt; &lt;span class=&quot;code-object&quot;&gt;double&lt;/span&gt;[] { 0.0, 0.0, 0.7, 0.3, 0.0, 0.0 }, Relationship.GEQ, valB));
constraints.add(&lt;span class=&quot;code-keyword&quot;&gt;new&lt;/span&gt; LinearConstraint(&lt;span class=&quot;code-keyword&quot;&gt;new&lt;/span&gt; &lt;span class=&quot;code-object&quot;&gt;double&lt;/span&gt;[] { 0.0, 0.0, 0.0, 0.0, 0.4, 0.6 }, Relationship.GEQ, valC));

solution = &lt;span class=&quot;code-keyword&quot;&gt;new&lt;/span&gt; SimplexSolver().optimize(f, constraints, GoalType.MAXIMIZE, &lt;span class=&quot;code-keyword&quot;&gt;true&lt;/span&gt;);
&lt;/pre&gt;
&lt;/div&gt;&lt;/div&gt; 

&lt;p&gt;Instead of returning the solution, SimplexSolver throws an Exception:&lt;/p&gt;

&lt;div class=&quot;preformatted panel&quot; style=&quot;border-width: 1px;&quot;&gt;&lt;div class=&quot;preformattedContent panelContent&quot;&gt;
&lt;pre&gt; Exception in thread &quot;main&quot; org.apache.commons.math.linear.MatrixIndexException: no entry at indices (0, 7) in a 6x7 matrix
	at org.apache.commons.math.linear.Array2DRowRealMatrix.getEntry(Array2DRowRealMatrix.java:356)
	at org.apache.commons.math.optimization.linear.SimplexTableau.getEntry(SimplexTableau.java:408)
	at org.apache.commons.math.optimization.linear.SimplexTableau.getBasicRow(SimplexTableau.java:258)
	at org.apache.commons.math.optimization.linear.SimplexTableau.getSolution(SimplexTableau.java:336)
	at org.apache.commons.math.optimization.linear.SimplexSolver.doOptimize(SimplexSolver.java:182)
	at org.apache.commons.math.optimization.linear.AbstractLinearOptimizer.optimize(AbstractLinearOptimizer.java:106)&lt;/pre&gt;
&lt;/div&gt;&lt;/div&gt; 

&lt;p&gt;I was too optimistic with the bug &lt;a href=&quot;https://issues.apache.org/jira/browse/MATH-286&quot; title=&quot;SimplexSolver not working as expected?&quot; class=&quot;issue-link&quot; data-issue-key=&quot;MATH-286&quot;&gt;&lt;del&gt;MATH-286&lt;/del&gt;&lt;/a&gt; &lt;img class=&quot;emoticon&quot; src=&quot;https://issues.apache.org/jira/images/icons/emoticons/wink.gif&quot; height=&quot;16&quot; width=&quot;16&quot; align=&quot;absmiddle&quot; alt=&quot;&quot; border=&quot;0&quot;/&gt;&lt;/p&gt;</description>
                <environment>&lt;p&gt;java 1.6 on Windows XP 32-Bit&lt;/p&gt;</environment>
        <key id="12435216">MATH-293</key>
            <summary>Matrix&apos;s &quot;OutOfBoundException&quot; in SimplexSolver</summary>
                <type id="1" iconUrl="https://issues.apache.org/jira/images/icons/issuetypes/bug.png">Bug</type>
                                            <priority id="3" iconUrl="https://issues.apache.org/jira/images/icons/priorities/major.png">Major</priority>
                        <status id="6" iconUrl="https://issues.apache.org/jira/images/icons/statuses/closed.png" description="The issue is considered finished, the resolution is correct. Issues which are closed can be reopened.">Closed</status>
                    <statusCategory id="3" key="done" colorName="green"/>
                                    <resolution id="1">Fixed</resolution>
                                        <assignee username="-1">Unassigned</assignee>
                                    <reporter username="ciaccia">Andrea</reporter>
                        <labels>
                    </labels>
                <created>Wed, 9 Sep 2009 14:07:53 +0000</created>
                <updated>Wed, 14 Apr 2010 00:21:37 +0000</updated>
                            <resolved>Thu, 10 Sep 2009 08:23:11 +0000</resolved>
                                    <version>2.0</version>
                                    <fixVersion>2.1</fixVersion>
                                        <due></due>
                            <votes>0</votes>
                                    <watches>0</watches>
                                                                <comments>
                            <comment id="12753207" author="bmccann" created="Wed, 9 Sep 2009 18:39:26 +0000"  >&lt;p&gt;Here&apos;s the standard LP description of the problem:&lt;br/&gt;
max .8 x0 + .2 x1 + .7 x2 + .3 x3 + .4 x4 + .6 x5&lt;br/&gt;
s.t.&lt;br/&gt;
x0 + x2 + x4 = 30&lt;br/&gt;
x1 + x3 + x5 = 30&lt;br/&gt;
.8 x0 + .2 x1 &amp;gt;= 10&lt;br/&gt;
.7 x2 + .3 x3 &amp;gt;= 10&lt;br/&gt;
.4 x4 + .6 x5 &amp;gt;= 10&lt;/p&gt;</comment>
                            <comment id="12753213" author="ciaccia" created="Wed, 9 Sep 2009 19:00:50 +0000"  >&lt;p&gt;Hi Ben,&lt;br/&gt;
Just to be clear, the first LP is solved correctly with the following solution:&lt;/p&gt;

&lt;p&gt;Value: 40.57142857142857&lt;/p&gt;

&lt;p&gt;x0: 15.714285714285714&lt;br/&gt;
x1: 0.0&lt;br/&gt;
x2: 14.285714285714286&lt;br/&gt;
x3: 0.0&lt;br/&gt;
x4: 0.0&lt;br/&gt;
x5: 30.0&lt;/p&gt;

&lt;p&gt;Then I create new constraints that are satisfied by the solution here above:&lt;br/&gt;
c3: 0.8 * x0 + 0.2 * x1 &amp;gt;= 0.8 * 15.714285714285714 ( = 12.571428571428571)&lt;br/&gt;
c4: 0.7 * x2 + 0.3 * x3 &amp;gt;= 0.7 * 14.285714285714286 ( = 10.0)&lt;br/&gt;
c5: 0.4 * x4 + 0.6 * x5 &amp;gt;= 0.6 * 30.0 ( = 18.0)&lt;/p&gt;

&lt;p&gt;Note that by its construction, the solution above satisfies the constraints c3, c4, and c5.&lt;/p&gt;

&lt;p&gt;If I try to solve the new LP, a &quot;OutOfBoundException&quot; is thrown...&lt;/p&gt;</comment>
                            <comment id="12753475" author="bmccann" created="Thu, 10 Sep 2009 07:28:17 +0000"  >&lt;p&gt;Thanks for the bug report Andrea.  I was expecting this problem when I submitted the patch for &lt;a href=&quot;https://issues.apache.org/jira/browse/MATH-286&quot; title=&quot;SimplexSolver not working as expected?&quot; class=&quot;issue-link&quot; data-issue-key=&quot;MATH-286&quot;&gt;&lt;del&gt;MATH-286&lt;/del&gt;&lt;/a&gt;, but didn&apos;t have a good test case to work against and verify the fix.  This is largely what I was thinking of when I mentioned we should test some more, but didn&apos;t think you&apos;d beat me to it in finding a good example to work off of :o)  When I changed the columns being dropped in the patch for &lt;a href=&quot;https://issues.apache.org/jira/browse/MATH-286&quot; title=&quot;SimplexSolver not working as expected?&quot; class=&quot;issue-link&quot; data-issue-key=&quot;MATH-286&quot;&gt;&lt;del&gt;MATH-286&lt;/del&gt;&lt;/a&gt; it meant there wasn&apos;t always a way to always tell which variable each column of the tableau represented.  This patch creates a mapping between column index and variable label so that when we can read the final solution out of the tableau.  I feel much better about this now.  Thanks!&lt;/p&gt;</comment>
                            <comment id="12753500" author="luc" created="Thu, 10 Sep 2009 08:23:11 +0000"  >&lt;p&gt;patch applied in subversion repository as of r813301&lt;br/&gt;
thanks to Andrea and Ben&lt;/p&gt;</comment>
                    </comments>
                    <attachments>
                            <attachment id="12419148" name="SimplexSolverTest.patch" size="3388" author="bmccann" created="Thu, 10 Sep 2009 07:28:17 +0000"/>
                            <attachment id="12419147" name="SimplexTableau.patch" size="4339" author="bmccann" created="Thu, 10 Sep 2009 07:28:17 +0000"/>
                    </attachments>
                <subtasks>
                    </subtasks>
                <customfields>
                                                <customfield id="customfield_12310310" key="com.atlassian.jira.toolkit:attachments">
                        <customfieldname>Attachment count</customfieldname>
                        <customfieldvalues>
                            <customfieldvalue>2.0</customfieldvalue>
                        </customfieldvalues>
                    </customfield>
                                                                                                                                                                                                                                                                                                                                                                                                                                                                                                                                <customfield id="customfield_12310220" key="com.atlassian.jira.ext.charting:firstresponsedate">
                        <customfieldname>Date of First Response</customfieldname>
                        <customfieldvalues>
                            <customfieldvalue>Wed, 9 Sep 2009 18:39:26 +0000</customfieldvalue>

                        </customfieldvalues>
                    </customfield>
                                                                                                                                                                                                                                                                                                                                                                                                                                            <customfield id="customfield_12310420" key="com.pyxis.greenhopper.jira:gh-global-rank">
                        <customfieldname>Global Rank</customfieldname>
                        <customfieldvalues>
                            <customfieldvalue>34198</customfieldvalue>
                        </customfieldvalues>
                    </customfield>
                                                                                                                        <customfield id="customfield_12312521" key="com.atlassian.jira.toolkit:LastCommentDate">
                        <customfieldname>Last public comment date</customfieldname>
                        <customfieldvalues>
                            7 years, 13 weeks, 1 day ago
                        </customfieldvalues>
                    </customfield>
                                                                                            <customfield id="customfield_12311820" key="com.pyxis.greenhopper.jira:gh-lexo-rank">
                        <customfieldname>Rank</customfieldname>
                        <customfieldvalues>
                            <customfieldvalue>0|i0rvcn:</customfieldvalue>

                        </customfieldvalues>
                    </customfield>
                                                                <customfield id="customfield_12310920" key="com.pyxis.greenhopper.jira:gh-global-rank">
                        <customfieldname>Rank (Obsolete)</customfieldname>
                        <customfieldvalues>
                            <customfieldvalue>160723</customfieldvalue>
                        </customfieldvalues>
                    </customfield>
                                                                                                                                                                                                                                        <customfield id="customfield_12310222" key="com.atlassian.jira.ext.charting:timeinstatus">
                        <customfieldname>Time in Status</customfieldname>
                        <customfieldvalues>
                            
                        </customfieldvalues>
                    </customfield>
                                                                                                                        </customfields>
    </item>
</channel>
</rss>