<!-- 
RSS generated by JIRA (6.3.4#6332-sha1:51bc225ef474afe3128b2f66878477f322397b16) at Sat Nov 19 23:35:49 UTC 2016

It is possible to restrict the fields that are returned in this document by specifying the 'field' parameter in your request.
For example, to request only the issue key and summary add field=key&field=summary to the URL of your request.
For example:
https://issues.apache.org/jira/si/jira.issueviews:issue-xml/MATH-1196/MATH-1196.xml?field=key&amp;field=summary
-->
<rss version="0.92" >
<channel>
    <title>ASF JIRA</title>
    <link>https://issues.apache.org/jira</link>
    <description>This file is an XML representation of an issue</description>
    <language>en-uk</language>    <build-info>
        <version>6.3.4</version>
        <build-number>6332</build-number>
        <build-date>15-08-2014</build-date>
    </build-info>

<item>
            <title>[MATH-1196] FastMath.round (like Math.round) returns surprising results for some arguments</title>
                <link>https://issues.apache.org/jira/browse/MATH-1196</link>
                <project id="12310485" key="MATH">Commons Math</project>
                    <description>&lt;p&gt;The first assertion in the test case below succeeds, but the second fails&lt;/p&gt;

&lt;div class=&quot;code panel&quot; style=&quot;border-width: 1px;&quot;&gt;&lt;div class=&quot;codeContent panelContent&quot;&gt;
&lt;pre class=&quot;code-java&quot;&gt;
 /*
     * http:&lt;span class=&quot;code-comment&quot;&gt;//bugs.java.com/bugdatabase/view_bug.&lt;span class=&quot;code-keyword&quot;&gt;do&lt;/span&gt;?bug_id=6430675
&lt;/span&gt;     */
    @Test
    &lt;span class=&quot;code-keyword&quot;&gt;public&lt;/span&gt; void testRoundDown() {
        &lt;span class=&quot;code-keyword&quot;&gt;final&lt;/span&gt; &lt;span class=&quot;code-object&quot;&gt;double&lt;/span&gt; x = 0x1.fffffffffffffp-2;
        Assert.assertTrue(x &amp;lt; 0.5d);
        Assert.assertEquals(0, FastMath.round(x));
    }
&lt;/pre&gt;
&lt;/div&gt;&lt;/div&gt;

&lt;p&gt;This is being tracked as a JDK (actually spec) bug here:&lt;br/&gt;
&lt;a href=&quot;http://bugs.java.com/bugdatabase/view_bug.do?bug_id=6430675&quot; class=&quot;external-link&quot; rel=&quot;nofollow&quot;&gt;http://bugs.java.com/bugdatabase/view_bug.do?bug_id=6430675&lt;/a&gt;&lt;/p&gt;</description>
                <environment></environment>
        <key id="12768233">MATH-1196</key>
            <summary>FastMath.round (like Math.round) returns surprising results for some arguments</summary>
                <type id="1" iconUrl="https://issues.apache.org/jira/images/icons/issuetypes/bug.png">Bug</type>
                                            <priority id="3" iconUrl="https://issues.apache.org/jira/images/icons/priorities/major.png">Major</priority>
                        <status id="5" iconUrl="https://issues.apache.org/jira/images/icons/statuses/resolved.png" description="A resolution has been taken, and it is awaiting verification by reporter. From here issues are either reopened, or are closed.">Resolved</status>
                    <statusCategory id="3" key="done" colorName="green"/>
                                    <resolution id="1">Fixed</resolution>
                                        <assignee username="-1">Unassigned</assignee>
                                    <reporter username="psteitz">Phil Steitz</reporter>
                        <labels>
                    </labels>
                <created>Sat, 17 Jan 2015 17:51:42 +0000</created>
                <updated>Fri, 5 Aug 2016 21:04:11 +0000</updated>
                            <resolved>Fri, 5 Aug 2016 21:04:11 +0000</resolved>
                                    <version>3.4.1</version>
                                    <fixVersion>4.0</fixVersion>
                                        <due></due>
                            <votes>0</votes>
                                    <watches>3</watches>
                                                                <comments>
                            <comment id="14347685" author="tn" created="Wed, 4 Mar 2015 22:25:47 +0000"  >&lt;p&gt;The implemented change in the jdk is very simple:&lt;/p&gt;

&lt;div class=&quot;code panel&quot; style=&quot;border-width: 1px;&quot;&gt;&lt;div class=&quot;codeContent panelContent&quot;&gt;
&lt;pre class=&quot;code-java&quot;&gt;
        &lt;span class=&quot;code-keyword&quot;&gt;if&lt;/span&gt; (a != 0x1.fffffffffffffp-2) &lt;span class=&quot;code-comment&quot;&gt;// greatest &lt;span class=&quot;code-object&quot;&gt;double&lt;/span&gt; value less than 0.5
&lt;/span&gt;            &lt;span class=&quot;code-keyword&quot;&gt;return&lt;/span&gt; (&lt;span class=&quot;code-object&quot;&gt;long&lt;/span&gt;)floor(a + 0.5d);
        &lt;span class=&quot;code-keyword&quot;&gt;else&lt;/span&gt;
            &lt;span class=&quot;code-keyword&quot;&gt;return&lt;/span&gt; 0;
&lt;/pre&gt;
&lt;/div&gt;&lt;/div&gt;

&lt;p&gt;we could easily do the same.&lt;/p&gt;</comment>
                            <comment id="14350188" author="ntysdd" created="Fri, 6 Mar 2015 10:29:50 +0000"  >&lt;p&gt;Not so easy.&lt;br/&gt;
Java 7 still wrong.&lt;/p&gt;

&lt;div class=&quot;code panel&quot; style=&quot;border-width: 1px;&quot;&gt;&lt;div class=&quot;codeContent panelContent&quot;&gt;
&lt;pre class=&quot;code-xml&quot;&gt;
    public void test() {
        final double x = 4503599627370497.0; // x = Math.pow(2, 52) + 1;
        Assert.assertEquals(&lt;span class=&quot;code-quote&quot;&gt;&quot;4503599627370497&quot;&lt;/span&gt;, new BigDecimal(x).toString());
        Assert.assertTrue(x == Math.rint(x));
        Assert.assertTrue(x == FastMath.round(x));
        Assert.assertTrue(x == Math.round(x));
    }
&lt;/pre&gt;
&lt;/div&gt;&lt;/div&gt;</comment>
                            <comment id="14350699" author="psteitz" created="Fri, 6 Mar 2015 18:48:38 +0000"  >&lt;p&gt;Is the fix above in the code that fails this?&lt;/p&gt;</comment>
                            <comment id="14351466" author="ntysdd" created="Sat, 7 Mar 2015 07:37:22 +0000"  >&lt;p&gt;Both Java 6 and Java 7 fail this test.&lt;br/&gt;
Java 8 has a different implementation.&lt;/p&gt;</comment>
                            <comment id="14505052" author="tn" created="Tue, 21 Apr 2015 14:49:19 +0000"  >&lt;p&gt;Attached a patch derived from jafama project (Apache licensed).&lt;/p&gt;

&lt;p&gt;The change is derived from a posting to the openjdk mailinglist:&lt;/p&gt;

&lt;p&gt;&lt;a href=&quot;http://mail.openjdk.java.net/pipermail/core-libs-dev/2013-August/020247.html&quot; class=&quot;external-link&quot; rel=&quot;nofollow&quot;&gt;http://mail.openjdk.java.net/pipermail/core-libs-dev/2013-August/020247.html&lt;/a&gt;&lt;/p&gt;</comment>
                            <comment id="15074323" author="psteitz" created="Tue, 29 Dec 2015 21:31:36 +0000"  >&lt;p&gt;The patch makes sense to me.  Assuming current and tests above pass, +1 to commit, adding (at least) test case above. &lt;/p&gt;</comment>
                            <comment id="15306110" author="erans" created="Sun, 29 May 2016 23:34:39 +0000"  >&lt;p&gt;This fix should have been considered for inclusion in 3.6 or 3.6.1.&lt;/p&gt;</comment>
                    </comments>
                    <attachments>
                            <attachment id="12726892" name="MATH-1196.patch" size="2667" author="tn" created="Tue, 21 Apr 2015 14:49:19 +0000"/>
                    </attachments>
                <subtasks>
                    </subtasks>
                <customfields>
                                                <customfield id="customfield_12310310" key="com.atlassian.jira.toolkit:attachments">
                        <customfieldname>Attachment count</customfieldname>
                        <customfieldvalues>
                            <customfieldvalue>1.0</customfieldvalue>
                        </customfieldvalues>
                    </customfield>
                                                                                                                                                                                                                                                                                                                                                                                                                                                                                                                                <customfield id="customfield_12310220" key="com.atlassian.jira.ext.charting:firstresponsedate">
                        <customfieldname>Date of First Response</customfieldname>
                        <customfieldvalues>
                            <customfieldvalue>Wed, 4 Mar 2015 22:25:47 +0000</customfieldvalue>

                        </customfieldvalues>
                    </customfield>
                                                                                                                                                                                                                                                                                                                                                                                                                                            <customfield id="customfield_12310420" key="com.pyxis.greenhopper.jira:gh-global-rank">
                        <customfieldname>Global Rank</customfieldname>
                        <customfieldvalues>
                            <customfieldvalue>9223372036854775807</customfieldvalue>
                        </customfieldvalues>
                    </customfield>
                                                                                                                        <customfield id="customfield_12312521" key="com.atlassian.jira.toolkit:LastCommentDate">
                        <customfieldname>Last public comment date</customfieldname>
                        <customfieldvalues>
                            24 weeks, 6 days ago
                        </customfieldvalues>
                    </customfield>
                                                                                            <customfield id="customfield_12311820" key="com.pyxis.greenhopper.jira:gh-lexo-rank">
                        <customfieldname>Rank</customfieldname>
                        <customfieldvalues>
                            <customfieldvalue>0|i24hon:</customfieldvalue>

                        </customfieldvalues>
                    </customfield>
                                                                <customfield id="customfield_12310920" key="com.pyxis.greenhopper.jira:gh-global-rank">
                        <customfieldname>Rank (Obsolete)</customfieldname>
                        <customfieldvalues>
                            <customfieldvalue>9223372036854775807</customfieldvalue>
                        </customfieldvalues>
                    </customfield>
                                                                                                                                                                                                                                        <customfield id="customfield_12310222" key="com.atlassian.jira.ext.charting:timeinstatus">
                        <customfieldname>Time in Status</customfieldname>
                        <customfieldvalues>
                            
                        </customfieldvalues>
                    </customfield>
                                                                                                                        </customfields>
    </item>
</channel>
</rss>