<!-- 
RSS generated by JIRA (6.3.4#6332-sha1:51bc225ef474afe3128b2f66878477f322397b16) at Sat Nov 19 21:48:00 UTC 2016

It is possible to restrict the fields that are returned in this document by specifying the 'field' parameter in your request.
For example, to request only the issue key and summary add field=key&field=summary to the URL of your request.
For example:
https://issues.apache.org/jira/si/jira.issueviews:issue-xml/MATH-654/MATH-654.xml?field=key&amp;field=summary
-->
<rss version="0.92" >
<channel>
    <title>ASF JIRA</title>
    <link>https://issues.apache.org/jira</link>
    <description>This file is an XML representation of an issue</description>
    <language>en-uk</language>    <build-info>
        <version>6.3.4</version>
        <build-number>6332</build-number>
        <build-date>15-08-2014</build-date>
    </build-info>

<item>
            <title>[MATH-654] ValueServer not deterministic for a fixed random number seed</title>
                <link>https://issues.apache.org/jira/browse/MATH-654</link>
                <project id="12310485" key="MATH">Commons Math</project>
                    <description>&lt;p&gt;I have built an agent-based model using the Apache Commons Math library, which has come in handy.&lt;/p&gt;

&lt;p&gt;The ValueServer seemed particularly helpful, as explained at:&lt;br/&gt;
&lt;a href=&quot;http://commons.apache.org/math/userguide/random.html&quot; class=&quot;external-link&quot; rel=&quot;nofollow&quot;&gt;http://commons.apache.org/math/userguide/random.html&lt;/a&gt;&lt;/p&gt;

&lt;p&gt;My simulation needs repeatable randomness, so I used this form of the ValueServer constructor:&lt;/p&gt;

&lt;p&gt;    ValueServer(RandomData randomData) &lt;br/&gt;
    Construct a ValueServer instance using a RandomData as its source of random data.&lt;br/&gt;
    // &lt;a href=&quot;http://commons.apache.org/math/api-2.2/org/apache/commons/math/random/ValueServer.html&quot; class=&quot;external-link&quot; rel=&quot;nofollow&quot;&gt;http://commons.apache.org/math/api-2.2/org/apache/commons/math/random/ValueServer.html&lt;/a&gt;&lt;/p&gt;

&lt;p&gt;However, in my simulation, I found that the ValueServer did not act deterministically if I supplied the same random number seed.&lt;/p&gt;

&lt;p&gt;I have not inspected the source code, but I suspect that the ValueServer is not using the `randomData` generator correctly. If it was, then it should be deterministic.&lt;/p&gt;</description>
                <environment></environment>
        <key id="12520774">MATH-654</key>
            <summary>ValueServer not deterministic for a fixed random number seed</summary>
                <type id="1" iconUrl="https://issues.apache.org/jira/images/icons/issuetypes/bug.png">Bug</type>
                                            <priority id="3" iconUrl="https://issues.apache.org/jira/images/icons/priorities/major.png">Major</priority>
                        <status id="6" iconUrl="https://issues.apache.org/jira/images/icons/statuses/closed.png" description="The issue is considered finished, the resolution is correct. Issues which are closed can be reopened.">Closed</status>
                    <statusCategory id="3" key="done" colorName="green"/>
                                    <resolution id="1">Fixed</resolution>
                                        <assignee username="psteitz">Phil Steitz</assignee>
                                    <reporter username="d.james">David James</reporter>
                        <labels>
                    </labels>
                <created>Tue, 30 Aug 2011 17:23:19 +0000</created>
                <updated>Sat, 24 Mar 2012 16:16:32 +0000</updated>
                            <resolved>Thu, 1 Sep 2011 00:14:02 +0000</resolved>
                                    <version>1.1</version>
                    <version>1.2</version>
                    <version>2.0</version>
                    <version>2.1</version>
                    <version>2.2</version>
                                    <fixVersion>3.0</fixVersion>
                                        <due></due>
                            <votes>0</votes>
                                    <watches>0</watches>
                                                                <comments>
                            <comment id="13094002" author="psteitz" created="Tue, 30 Aug 2011 19:00:38 +0000"  >&lt;p&gt;Thanks for reporting this.  I assume you are using DIGEST_MODE.  If this is the case and you are comfortable compiling the code in trunk, the fix for &lt;a href=&quot;https://issues.apache.org/jira/browse/MATH-634&quot; title=&quot;EmpiricalDistributionImpl should use a pluggable RandomGenerator&quot; class=&quot;issue-link&quot; data-issue-key=&quot;MATH-634&quot;&gt;&lt;del&gt;MATH-634&lt;/del&gt;&lt;/a&gt; enables a workaround for this.  Using the reseed method added to EmpiricalDistributionImpl in trunk, you can use ValueServer&apos;s getEmpiricalDistribution to get the distribution and then invoke reseed.  Unfortunately, this method does not exist in any released version yet.&lt;/p&gt;

&lt;p&gt;The problem is that ValueServer#getNextDigest (what it does for getNext in DIGEST_MODE) delegates to EmpiricalDistributionImpl#getNextValue.  EmpiricalDistributionImpl has its own RandomData instance.  To fix this issue, EmpiricalDistirbutionImpl should add a constructor taking a RandomData and ValueServer should provide this.&lt;/p&gt;</comment>
                            <comment id="13095018" author="psteitz" created="Thu, 1 Sep 2011 00:14:02 +0000"  >&lt;p&gt;Fixed in r1163875. ValueServer now exposes a reSeed method that when supplied a fixed seed will generate a fixed sequence in any stochastic mode. The RandomDataImpl that it uses internally is passed to the EmpiricalDistributionImpl it creates when used in DIGEST_MODE.  The changes for this issue include an incompatible (vs. 2.x) change: the constructor for EmpiricalDistributionImpl that previously took a RandomData now takes a RandomDataImpl.  The plan for 3.0 is to merge these.&lt;/p&gt;</comment>
                    </comments>
                    <attachments>
                    </attachments>
                <subtasks>
                    </subtasks>
                <customfields>
                                                <customfield id="customfield_12310310" key="com.atlassian.jira.toolkit:attachments">
                        <customfieldname>Attachment count</customfieldname>
                        <customfieldvalues>
                            <customfieldvalue>0.0</customfieldvalue>
                        </customfieldvalues>
                    </customfield>
                                                                                                                                                                                                                                                                                                                                                                                                                                                                                                                                <customfield id="customfield_12310220" key="com.atlassian.jira.ext.charting:firstresponsedate">
                        <customfieldname>Date of First Response</customfieldname>
                        <customfieldvalues>
                            <customfieldvalue>Tue, 30 Aug 2011 19:00:38 +0000</customfieldvalue>

                        </customfieldvalues>
                    </customfield>
                                                                                                                                                                                                                                                                                                                                                                                                                                            <customfield id="customfield_12310420" key="com.pyxis.greenhopper.jira:gh-global-rank">
                        <customfieldname>Global Rank</customfieldname>
                        <customfieldvalues>
                            <customfieldvalue>62977</customfieldvalue>
                        </customfieldvalues>
                    </customfield>
                                                                                                                        <customfield id="customfield_12312521" key="com.atlassian.jira.toolkit:LastCommentDate">
                        <customfieldname>Last public comment date</customfieldname>
                        <customfieldvalues>
                            5 years, 12 weeks, 2 days ago
                        </customfieldvalues>
                    </customfield>
                                                                                            <customfield id="customfield_12311820" key="com.pyxis.greenhopper.jira:gh-lexo-rank">
                        <customfieldname>Rank</customfieldname>
                        <customfieldvalues>
                            <customfieldvalue>0|i0ap0f:</customfieldvalue>

                        </customfieldvalues>
                    </customfield>
                                                                <customfield id="customfield_12310920" key="com.pyxis.greenhopper.jira:gh-global-rank">
                        <customfieldname>Rank (Obsolete)</customfieldname>
                        <customfieldvalues>
                            <customfieldvalue>60325</customfieldvalue>
                        </customfieldvalues>
                    </customfield>
                                                                                                                                                                                                                                        <customfield id="customfield_12310222" key="com.atlassian.jira.ext.charting:timeinstatus">
                        <customfieldname>Time in Status</customfieldname>
                        <customfieldvalues>
                            
                        </customfieldvalues>
                    </customfield>
                                                                                                                        </customfields>
    </item>
</channel>
</rss>