<!-- 
RSS generated by JIRA (6.3.4#6332-sha1:51bc225ef474afe3128b2f66878477f322397b16) at Sun Nov 20 00:37:07 UTC 2016

It is possible to restrict the fields that are returned in this document by specifying the 'field' parameter in your request.
For example, to request only the issue key and summary add field=key&field=summary to the URL of your request.
For example:
https://issues.apache.org/jira/si/jira.issueviews:issue-xml/MATH-480/MATH-480.xml?field=key&amp;field=summary
-->
<rss version="0.92" >
<channel>
    <title>ASF JIRA</title>
    <link>https://issues.apache.org/jira</link>
    <description>This file is an XML representation of an issue</description>
    <language>en-uk</language>    <build-info>
        <version>6.3.4</version>
        <build-number>6332</build-number>
        <build-date>15-08-2014</build-date>
    </build-info>

<item>
            <title>[MATH-480] &quot;ulp&quot; in &quot;FastMath&quot;</title>
                <link>https://issues.apache.org/jira/browse/MATH-480</link>
                <project id="12310485" key="MATH">Commons Math</project>
                    <description>&lt;p&gt;When the argument is infinite, method &quot;ulp&quot; in &quot;FastMath&quot; produces &quot;NaN&quot; (whereas &quot;Math&quot; gives &quot;Infinity&quot;).&lt;/p&gt;</description>
                <environment></environment>
        <key id="12495639">MATH-480</key>
            <summary>&quot;ulp&quot; in &quot;FastMath&quot;</summary>
                <type id="1" iconUrl="https://issues.apache.org/jira/images/icons/issuetypes/bug.png">Bug</type>
                                            <priority id="3" iconUrl="https://issues.apache.org/jira/images/icons/priorities/major.png">Major</priority>
                        <status id="6" iconUrl="https://issues.apache.org/jira/images/icons/statuses/closed.png" description="The issue is considered finished, the resolution is correct. Issues which are closed can be reopened.">Closed</status>
                    <statusCategory id="3" key="done" colorName="green"/>
                                    <resolution id="1">Fixed</resolution>
                                        <assignee username="-1">Unassigned</assignee>
                                    <reporter username="erans">Gilles</reporter>
                        <labels>
                    </labels>
                <created>Fri, 14 Jan 2011 23:51:30 +0000</created>
                <updated>Wed, 23 Mar 2011 20:33:23 +0000</updated>
                            <resolved>Wed, 19 Jan 2011 19:18:19 +0000</resolved>
                                    <version>2.2</version>
                    <version>3.0</version>
                                    <fixVersion>2.2</fixVersion>
                    <fixVersion>3.0</fixVersion>
                                        <due></due>
                            <votes>0</votes>
                                    <watches>0</watches>
                                                                <comments>
                            <comment id="12982816" author="sebb@apache.org" created="Mon, 17 Jan 2011 19:38:10 +0000"  >&lt;p&gt;Fix for ulp(double) bug.&lt;br/&gt;
Also adds ulp(float) method and test cases for both&lt;/p&gt;</comment>
                            <comment id="13010399" author="luc" created="Wed, 23 Mar 2011 20:33:23 +0000"  >&lt;p&gt;Closing issue as it was included in version 2.2, which has been released&lt;/p&gt;</comment>
                    </comments>
                    <attachments>
                            <attachment id="12468591" name="MATH-480.patch" size="2848" author="sebb@apache.org" created="Mon, 17 Jan 2011 19:38:10 +0000"/>
                    </attachments>
                <subtasks>
                    </subtasks>
                <customfields>
                                                <customfield id="customfield_12310310" key="com.atlassian.jira.toolkit:attachments">
                        <customfieldname>Attachment count</customfieldname>
                        <customfieldvalues>
                            <customfieldvalue>1.0</customfieldvalue>
                        </customfieldvalues>
                    </customfield>
                                                                                                                                                                                                                                                                                                                                                                                                                                                                                                                                <customfield id="customfield_12310220" key="com.atlassian.jira.ext.charting:firstresponsedate">
                        <customfieldname>Date of First Response</customfieldname>
                        <customfieldvalues>
                            <customfieldvalue>Mon, 17 Jan 2011 19:38:10 +0000</customfieldvalue>

                        </customfieldvalues>
                    </customfield>
                                                                                                                                                                                                                                                                                                                                                                                                                                            <customfield id="customfield_12310420" key="com.pyxis.greenhopper.jira:gh-global-rank">
                        <customfieldname>Global Rank</customfieldname>
                        <customfieldvalues>
                            <customfieldvalue>150605</customfieldvalue>
                        </customfieldvalues>
                    </customfield>
                                                                                                                        <customfield id="customfield_12312521" key="com.atlassian.jira.toolkit:LastCommentDate">
                        <customfieldname>Last public comment date</customfieldname>
                        <customfieldvalues>
                            5 years, 35 weeks, 3 days ago
                        </customfieldvalues>
                    </customfield>
                                                                                            <customfield id="customfield_12311820" key="com.pyxis.greenhopper.jira:gh-lexo-rank">
                        <customfieldname>Rank</customfieldname>
                        <customfieldvalues>
                            <customfieldvalue>0|i0ru93:</customfieldvalue>

                        </customfieldvalues>
                    </customfield>
                                                                <customfield id="customfield_12310920" key="com.pyxis.greenhopper.jira:gh-global-rank">
                        <customfieldname>Rank (Obsolete)</customfieldname>
                        <customfieldvalues>
                            <customfieldvalue>160545</customfieldvalue>
                        </customfieldvalues>
                    </customfield>
                                                                                                                                                                                                                                        <customfield id="customfield_12310222" key="com.atlassian.jira.ext.charting:timeinstatus">
                        <customfieldname>Time in Status</customfieldname>
                        <customfieldvalues>
                            
                        </customfieldvalues>
                    </customfield>
                                                                                                                        </customfields>
    </item>
</channel>
</rss>