<!-- 
RSS generated by JIRA (6.3.4#6332-sha1:51bc225ef474afe3128b2f66878477f322397b16) at Fri Dec 02 17:58:25 UTC 2016

It is possible to restrict the fields that are returned in this document by specifying the 'field' parameter in your request.
For example, to request only the issue key and summary add field=key&field=summary to the URL of your request.
For example:
https://issues.apache.org/jira/si/jira.issueviews:issue-xml/MATH-96/MATH-96.xml?field=key&amp;field=summary
-->
<rss version="0.92" >
<channel>
    <title>ASF JIRA</title>
    <link>https://issues.apache.org/jira</link>
    <description>This file is an XML representation of an issue</description>
    <language>en-uk</language>    <build-info>
        <version>6.3.4</version>
        <build-number>6332</build-number>
        <build-date>15-08-2014</build-date>
    </build-info>

<item>
            <title>[MATH-96] ChiSquareTest does not return</title>
                <link>https://issues.apache.org/jira/browse/MATH-96</link>
                <project id="12310485" key="MATH">Commons Math</project>
                    <description>&lt;p&gt;When executing the following code it never returns:&lt;/p&gt;

&lt;p&gt;try { &lt;br/&gt;
    double[] exp = new double[] &lt;/p&gt;
{
        3389119.5, 649136.6, 285745.4, 25357364.76, 11291189.78, 543628.0, 
232921.0, 437665.75
    }
&lt;p&gt;;&lt;/p&gt;

&lt;p&gt;    long[] obs = new long[] &lt;/p&gt;
{
        2372383, 584222, 257170, 17750155, 7903832, 489265, 209628, 393899
    }
&lt;p&gt;;&lt;br/&gt;
    org.apache.commons.math.stat.inference.ChiSquareTestImpl csti =&lt;br/&gt;
      new org.apache.commons.math.stat.inference.ChiSquareTestImpl(); &lt;br/&gt;
    double cst = csti.chiSquareTest(exp, obs); &lt;br/&gt;
} catch (org.apache.commons.math.MathException me) {&lt;br/&gt;
    me.printStackTrace();&lt;br/&gt;
}&lt;/p&gt;</description>
                <environment>&lt;p&gt;Operating System: Windows XP&lt;br/&gt;
Platform: PC&lt;/p&gt;</environment>
        <key id="12341492">MATH-96</key>
            <summary>ChiSquareTest does not return</summary>
                <type id="1" iconUrl="https://issues.apache.org/jira/images/icons/issuetypes/bug.png">Bug</type>
                                            <priority id="2" iconUrl="https://issues.apache.org/jira/images/icons/priorities/critical.png">Critical</priority>
                        <status id="6" iconUrl="https://issues.apache.org/jira/images/icons/statuses/closed.png" description="The issue is considered finished, the resolution is correct. Issues which are closed can be reopened.">Closed</status>
                    <statusCategory id="3" key="done" colorName="green"/>
                                    <resolution id="1">Fixed</resolution>
                                        <assignee username="-1">Unassigned</assignee>
                                    <reporter username="scott@duchin.com">Scott Duchin</reporter>
                        <labels>
                    </labels>
                <created>Mon, 7 Jun 2004 07:24:14 +0000</created>
                <updated>Mon, 23 Jul 2012 23:24:46 +0000</updated>
                            <resolved>Thu, 23 Apr 2009 02:26:11 +0000</resolved>
                                                                        <due></due>
                            <votes>0</votes>
                                    <watches>0</watches>
                                                                <comments>
                            <comment id="12406753" author="brentworden" created="Mon, 7 Jun 2004 08:56:57 +0000"  >&lt;p&gt;The problem is in the Gamma special functions.  For large x values in &lt;br/&gt;
comparison to a values, the regularizedGammaP function never converges to a &lt;br/&gt;
finite sum because the series terms approach numerical infinity.&lt;/p&gt;

&lt;p&gt;IIRC, the algorithm I chose is slow to converge for this particular parameter &lt;br/&gt;
scenario (x &amp;gt;&amp;gt; a).  Long term, I will research a different approach for this &lt;br/&gt;
case and get it integrated into regularizedGammaP.&lt;/p&gt;

&lt;p&gt;Short term, I was going to add a infinite term check to short-circut the &lt;br/&gt;
algorithm and either return infinity or throw an exception from &lt;br/&gt;
regularizedGammaP.  Any input on which choice of inifinity handling is &lt;br/&gt;
preferred?&lt;/p&gt;</comment>
                            <comment id="12406754" author="phil@steitz.com" created="Mon, 7 Jun 2004 09:33:43 +0000"  >&lt;p&gt;The ChiSquare test statistic in this case is 3624883 (rounded).  With df = 7,&lt;br/&gt;
the p-value returned should be effectively 0.  The code actually does terminate,&lt;br/&gt;
when Gamma.regularizedGammaP throws a ConvergenceException.  It takes a &lt;b&gt;long&lt;/b&gt;&lt;br/&gt;
time, however, since the default iteration bound of Integer.MAX_VALUE is used.&lt;/p&gt;

&lt;p&gt;It is not obvious to me how to address this.  Reducing the default max&lt;br/&gt;
iterations above might be a good idea in general; but this would just cause us&lt;br/&gt;
to throw sooneer in the present case, when we should be returning 0.  I am&lt;br/&gt;
inclined to suggest that we force 0 for the p-value (or 1 in the ChiSquare cdf)&lt;br/&gt;
when the value of the test statistic is greater than say, 1000 * df (which is&lt;br/&gt;
500 times the variance) or some such bound.  I will run some tests to see what a&lt;br/&gt;
reasonable bound might be.&lt;/p&gt;</comment>
                            <comment id="12406755" author="phil@steitz.com" created="Mon, 7 Jun 2004 09:38:29 +0000"  >&lt;p&gt;In response to Brent: I think that &quot;returning infinity&quot; would be better than&lt;br/&gt;
throwing.  That way the cdf could return 1 in the present case.  I think this is&lt;br/&gt;
better than dealing with the problem at the test or distribution level as I&lt;br/&gt;
suggeseted.  &lt;/p&gt;</comment>
                            <comment id="12406756" author="brentworden" created="Tue, 8 Jun 2004 03:34:45 +0000"  >&lt;p&gt;I added a regularized gamma function implementation based on a continued &lt;br/&gt;
fraction.  This approach converges much faster for the large x case and fixes &lt;br/&gt;
the problem experienced by Scott.&lt;/p&gt;

&lt;p&gt;I added the example submitted by Scott as a test case and got it and all &lt;br/&gt;
existing test cases to pass with my changes.&lt;/p&gt;</comment>
                    </comments>
                    <attachments>
                    </attachments>
                <subtasks>
                    </subtasks>
                <customfields>
                                                <customfield id="customfield_12310310" key="com.atlassian.jira.toolkit:attachments">
                        <customfieldname>Attachment count</customfieldname>
                        <customfieldvalues>
                            <customfieldvalue>0.0</customfieldvalue>
                        </customfieldvalues>
                    </customfield>
                                                                                                                                                                                                                                                                                                                                                                                                                                                                        <customfield id="customfield_10010" key="com.atlassian.jira.plugin.system.customfieldtypes:importid">
                        <customfieldname>Bugzilla Id</customfieldname>
                        <customfieldvalues>
                            <customfieldvalue>29419</customfieldvalue>
                        </customfieldvalues>
                    </customfield>
                                                                                            <customfield id="customfield_12310220" key="com.atlassian.jira.ext.charting:firstresponsedate">
                        <customfieldname>Date of First Response</customfieldname>
                        <customfieldvalues>
                            <customfieldvalue>Mon, 7 Jun 2004 08:56:57 +0000</customfieldvalue>

                        </customfieldvalues>
                    </customfield>
                                                                                                                                                                                                                                                                                                                                                                                                                                            <customfield id="customfield_12310420" key="com.pyxis.greenhopper.jira:gh-global-rank">
                        <customfieldname>Global Rank</customfieldname>
                        <customfieldvalues>
                            <customfieldvalue>34163</customfieldvalue>
                        </customfieldvalues>
                    </customfield>
                                                                                                                        <customfield id="customfield_12312521" key="com.atlassian.jira.toolkit:LastCommentDate">
                        <customfieldname>Last public comment date</customfieldname>
                        <customfieldvalues>
                            12 years, 27 weeks, 3 days ago
                        </customfieldvalues>
                    </customfield>
                                                                                            <customfield id="customfield_12311820" key="com.pyxis.greenhopper.jira:gh-lexo-rank">
                        <customfieldname>Rank</customfieldname>
                        <customfieldvalues>
                            <customfieldvalue>0|i0rwjr:</customfieldvalue>

                        </customfieldvalues>
                    </customfield>
                                                                <customfield id="customfield_12310920" key="com.pyxis.greenhopper.jira:gh-global-rank">
                        <customfieldname>Rank (Obsolete)</customfieldname>
                        <customfieldvalues>
                            <customfieldvalue>160917</customfieldvalue>
                        </customfieldvalues>
                    </customfield>
                                                                                                                                                                                                                                                                                                                            </customfields>
    </item>
</channel>
</rss>