<!-- 
RSS generated by JIRA (6.3.4#6332-sha1:51bc225ef474afe3128b2f66878477f322397b16) at Fri Nov 18 20:28:12 UTC 2016

It is possible to restrict the fields that are returned in this document by specifying the 'field' parameter in your request.
For example, to request only the issue key and summary add field=key&field=summary to the URL of your request.
For example:
https://issues.apache.org/jira/si/jira.issueviews:issue-xml/MATH-988/MATH-988.xml?field=key&amp;field=summary
-->
<rss version="0.92" >
<channel>
    <title>ASF JIRA</title>
    <link>https://issues.apache.org/jira</link>
    <description>This file is an XML representation of an issue</description>
    <language>en-uk</language>    <build-info>
        <version>6.3.4</version>
        <build-number>6332</build-number>
        <build-date>15-08-2014</build-date>
    </build-info>

<item>
            <title>[MATH-988] NPE when calling SubLine.intersection() with non-intersecting lines</title>
                <link>https://issues.apache.org/jira/browse/MATH-988</link>
                <project id="12310485" key="MATH">Commons Math</project>
                    <description>&lt;p&gt;When calling SubLine.intersection() with two lines that not intersect, then a NullPointerException is thrown in Line.toSubSpace(). This bug is in the twod and threed implementations.&lt;/p&gt;

&lt;p&gt;The attached patch fixes both implementations and adds the required test cases.&lt;/p&gt;
</description>
                <environment></environment>
        <key id="12650507">MATH-988</key>
            <summary>NPE when calling SubLine.intersection() with non-intersecting lines</summary>
                <type id="1" iconUrl="https://issues.apache.org/jira/images/icons/issuetypes/bug.png">Bug</type>
                                            <priority id="3" iconUrl="https://issues.apache.org/jira/images/icons/priorities/major.png">Major</priority>
                        <status id="6" iconUrl="https://issues.apache.org/jira/images/icons/statuses/closed.png" description="The issue is considered finished, the resolution is correct. Issues which are closed can be reopened.">Closed</status>
                    <statusCategory id="3" key="done" colorName="green"/>
                                    <resolution id="1">Fixed</resolution>
                                        <assignee username="-1">Unassigned</assignee>
                                    <reporter username="andreashuber">Andreas Huber</reporter>
                        <labels>
                    </labels>
                <created>Sun, 2 Jun 2013 13:06:36 +0000</created>
                <updated>Mon, 19 May 2014 15:13:20 +0000</updated>
                            <resolved>Mon, 3 Jun 2013 07:17:01 +0000</resolved>
                                    <version>3.0</version>
                    <version>3.1</version>
                    <version>3.2</version>
                    <version>3.1.1</version>
                                    <fixVersion>3.3</fixVersion>
                                        <due></due>
                            <votes>0</votes>
                                    <watches>2</watches>
                                                                <comments>
                            <comment id="13672493" author="andreashuber" created="Sun, 2 Jun 2013 13:07:55 +0000"  >&lt;p&gt;This patch fixes both implementations and adds test cases.&lt;/p&gt;</comment>
                            <comment id="13672865" author="luc" created="Mon, 3 Jun 2013 07:17:01 +0000"  >&lt;p&gt;Fixed in subversion repository as of r1488866.&lt;br/&gt;
Patch applied with minor whitespace changes.&lt;/p&gt;

&lt;p&gt;Thanks for the report and for the patch.&lt;/p&gt;</comment>
                            <comment id="14001777" author="luc" created="Mon, 19 May 2014 15:13:20 +0000"  >&lt;p&gt;Closing all resolved issue now available in released 3.3 version.&lt;/p&gt;</comment>
                    </comments>
                    <attachments>
                            <attachment id="12585757" name="SubLineIntersection.patch" size="3105" author="andreashuber" created="Sun, 2 Jun 2013 13:07:55 +0000"/>
                    </attachments>
                <subtasks>
                    </subtasks>
                <customfields>
                                                <customfield id="customfield_12310310" key="com.atlassian.jira.toolkit:attachments">
                        <customfieldname>Attachment count</customfieldname>
                        <customfieldvalues>
                            <customfieldvalue>1.0</customfieldvalue>
                        </customfieldvalues>
                    </customfield>
                                                                                                                                                                                                                                                                                                                                                                                                                                                                                                                                <customfield id="customfield_12310220" key="com.atlassian.jira.ext.charting:firstresponsedate">
                        <customfieldname>Date of First Response</customfieldname>
                        <customfieldvalues>
                            <customfieldvalue>Mon, 3 Jun 2013 07:17:01 +0000</customfieldvalue>

                        </customfieldvalues>
                    </customfield>
                                                                                                                                                                                                                                                                                                                                                                                                                                            <customfield id="customfield_12310420" key="com.pyxis.greenhopper.jira:gh-global-rank">
                        <customfieldname>Global Rank</customfieldname>
                        <customfieldvalues>
                            <customfieldvalue>330834</customfieldvalue>
                        </customfieldvalues>
                    </customfield>
                                                                                                                        <customfield id="customfield_12312521" key="com.atlassian.jira.toolkit:LastCommentDate">
                        <customfieldname>Last public comment date</customfieldname>
                        <customfieldvalues>
                            2 years, 26 weeks, 4 days ago
                        </customfieldvalues>
                    </customfield>
                                                                                            <customfield id="customfield_12311820" key="com.pyxis.greenhopper.jira:gh-lexo-rank">
                        <customfieldname>Rank</customfieldname>
                        <customfieldvalues>
                            <customfieldvalue>0|i1l2qf:</customfieldvalue>

                        </customfieldvalues>
                    </customfield>
                                                                <customfield id="customfield_12310920" key="com.pyxis.greenhopper.jira:gh-global-rank">
                        <customfieldname>Rank (Obsolete)</customfieldname>
                        <customfieldvalues>
                            <customfieldvalue>331167</customfieldvalue>
                        </customfieldvalues>
                    </customfield>
                                                                                                                                                                                                                                        <customfield id="customfield_12310222" key="com.atlassian.jira.ext.charting:timeinstatus">
                        <customfieldname>Time in Status</customfieldname>
                        <customfieldvalues>
                            
                        </customfieldvalues>
                    </customfield>
                                                                                                                        </customfields>
    </item>
</channel>
</rss>