<!-- 
RSS generated by JIRA (6.3.4#6332-sha1:51bc225ef474afe3128b2f66878477f322397b16) at Fri Dec 02 17:55:06 UTC 2016

It is possible to restrict the fields that are returned in this document by specifying the 'field' parameter in your request.
For example, to request only the issue key and summary add field=key&field=summary to the URL of your request.
For example:
https://issues.apache.org/jira/si/jira.issueviews:issue-xml/MATH-57/MATH-57.xml?field=key&amp;field=summary
-->
<rss version="0.92" >
<channel>
    <title>ASF JIRA</title>
    <link>https://issues.apache.org/jira</link>
    <description>This file is an XML representation of an issue</description>
    <language>en-uk</language>    <build-info>
        <version>6.3.4</version>
        <build-number>6332</build-number>
        <build-date>15-08-2014</build-date>
    </build-info>

<item>
            <title>[MATH-57] [math] NaN handling in StatsUtil.min, StatsUtil.max methods</title>
                <link>https://issues.apache.org/jira/browse/MATH-57</link>
                <project id="12310485" key="MATH">Commons Math</project>
                    <description>&lt;p&gt;Data with NaN appears to be incorrectly handled in some cases when calculating &lt;br/&gt;
min and max using StatsUtil package. See examples below:&lt;/p&gt;

&lt;p&gt;data=&lt;/p&gt;
{NaN, 4.0, 5.0, NaN}
&lt;p&gt;max (Apache)=NaN &amp;lt;-- correct.&lt;br/&gt;
min (Apache)=NaN &amp;lt;-- correct.&lt;/p&gt;

&lt;p&gt;data=&lt;/p&gt;
{4.0, 5.0, NaN}
&lt;p&gt;max (Apache)=NaN &amp;lt;-- correct.&lt;br/&gt;
min (Apache)=NaN &amp;lt;-- correct.&lt;/p&gt;

&lt;p&gt;data=&lt;/p&gt;
{4.0, 5.0, 7.0}
&lt;p&gt;max (Apache)=7.0 &amp;lt;-- correct.&lt;br/&gt;
min (Apache)=4.0 &amp;lt;-- correct.&lt;/p&gt;

&lt;p&gt;data=&lt;/p&gt;
{NaN, 4.0, 5.0}
&lt;p&gt;max (Apache)=5.0 &amp;lt;-- incorrect? NaN.&lt;br/&gt;
min (Apache)=4.0 &amp;lt;-- incorrect? NaN.&lt;/p&gt;

&lt;p&gt;data=&lt;/p&gt;
{2.2343, NaN, NaN, 3435.32}
&lt;p&gt;max (Apache)=3435.32 &amp;lt;-- incorrect? NaN.&lt;br/&gt;
min (Apache)=3435.32 &amp;lt;-- incorrect? NaN.&lt;/p&gt;

&lt;p&gt;data=&lt;/p&gt;
{3435.32, NaN, NaN, 2.2343}
&lt;p&gt;max (Apache)=2.2343 &amp;lt;-- incorrect? NaN.&lt;br/&gt;
min (Apache)=2.2343 &amp;lt;-- incorrect? NaN.&lt;/p&gt;

&lt;p&gt;data=&lt;/p&gt;
{NaN, NaN, NaN}
&lt;p&gt;max (Apache)=NaN &amp;lt;-- correct.&lt;br/&gt;
min (Apache)=NaN &amp;lt;-- correct.&lt;/p&gt;</description>
                <environment>&lt;p&gt;Operating System: Windows 2000&lt;br/&gt;
Platform: PC&lt;/p&gt;</environment>
        <key id="12342619">MATH-57</key>
            <summary>[math] NaN handling in StatsUtil.min, StatsUtil.max methods</summary>
                <type id="1" iconUrl="https://issues.apache.org/jira/images/icons/issuetypes/bug.png">Bug</type>
                                            <priority id="3" iconUrl="https://issues.apache.org/jira/images/icons/priorities/major.png">Major</priority>
                        <status id="6" iconUrl="https://issues.apache.org/jira/images/icons/statuses/closed.png" description="The issue is considered finished, the resolution is correct. Issues which are closed can be reopened.">Closed</status>
                    <statusCategory id="3" key="done" colorName="green"/>
                                    <resolution id="1">Fixed</resolution>
                                        <assignee username="-1">Unassigned</assignee>
                                    <reporter username="mark.osborn@research.ge.com">Mark Osborn</reporter>
                        <labels>
                    </labels>
                <created>Tue, 11 Oct 2005 20:58:31 +0000</created>
                <updated>Thu, 23 Apr 2009 02:26:07 +0000</updated>
                            <resolved>Thu, 23 Apr 2009 02:26:07 +0000</resolved>
                                    <version>1.0</version>
                                                        <due></due>
                            <votes>0</votes>
                                    <watches>0</watches>
                                                                <comments>
                            <comment id="12410584" author="phil@steitz.com" created="Tue, 11 Oct 2005 23:05:34 +0000"  >&lt;p&gt;Thanks for reporting this.  Looks like a bug.  Patches welcome &lt;img class=&quot;emoticon&quot; src=&quot;https://issues.apache.org/jira/images/icons/emoticons/smile.gif&quot; height=&quot;16&quot; width=&quot;16&quot; align=&quot;absmiddle&quot; alt=&quot;&quot; border=&quot;0&quot;/&gt;&lt;/p&gt;</comment>
                            <comment id="12410585" author="mauro@apache.org" created="Thu, 13 Oct 2005 23:07:14 +0000"  >&lt;p&gt;It&apos;s not clear from the javadocs whether any data value which is NaN&lt;br/&gt;
should result in the min/max values being NaN too. &lt;/p&gt;

&lt;p&gt;Javadocs only state that if ALL values are NaN the result is NaN.&lt;/p&gt;

&lt;p&gt;Cases can be made for both ignoring spurious NaN or for triggering a NaN result.&lt;/p&gt;

&lt;p&gt;Could this be clarified?&lt;/p&gt;</comment>
                            <comment id="12410586" author="elharo@metalab.unc.edu" created="Thu, 13 Oct 2005 23:45:29 +0000"  >&lt;p&gt;The Complex class also has some questionable and undocumented behavior with&lt;br/&gt;
respect to NaN (and Inf). It might be worthwhile considering on a general NaN&lt;br/&gt;
policy for the math classes. &lt;/p&gt;</comment>
                            <comment id="12410587" author="kim@kimvdlinde.com" created="Fri, 14 Oct 2005 00:10:10 +0000"  >&lt;p&gt;problem arrises from the underlying Max.evaluate(double[]) and&lt;br/&gt;
Min.evaluate(double[]) methods, who fail to address the Double.NaN values&lt;br/&gt;
similar to the Max.increment(double) methods, e.g. is not addressing it at all&lt;br/&gt;
(from class Max):&lt;/p&gt;

&lt;p&gt;    public void increment(final double d) {&lt;br/&gt;
        if (d &amp;gt; value || Double.isNaN(value)) &lt;/p&gt;
{
            value = d;
        }
&lt;p&gt;        n++;&lt;br/&gt;
    }&lt;br/&gt;
and &lt;br/&gt;
    (public double evaluate(final double[] values) is in super class, but&lt;br/&gt;
resolves to evaluate(values, 0, values.length) =&amp;gt;&lt;/p&gt;

&lt;p&gt;    public double evaluate(final double[] values, final int begin, final int&lt;br/&gt;
length) {&lt;br/&gt;
        double max = Double.NaN;&lt;br/&gt;
        if (test(values, begin, length)) {&lt;br/&gt;
            max = values&lt;span class=&quot;error&quot;&gt;&amp;#91;begin&amp;#93;&lt;/span&gt;;&lt;br/&gt;
            for (int i = begin; i &amp;lt; begin + length; i++) &lt;/p&gt;
{
                max = (max &amp;gt; values[i]) ? max : values[i];
            }
&lt;p&gt;        }&lt;br/&gt;
        return max;&lt;br/&gt;
    }&lt;/p&gt;

&lt;p&gt;Solution:&lt;/p&gt;

&lt;p&gt;    public double evaluate(final double[] values, final int begin, final int&lt;br/&gt;
length) {&lt;br/&gt;
        double max = Double.NaN;&lt;br/&gt;
        if (test(values, begin, length)) {&lt;br/&gt;
            max = values&lt;span class=&quot;error&quot;&gt;&amp;#91;begin&amp;#93;&lt;/span&gt;;&lt;br/&gt;
            for (int i = begin; i &amp;lt; begin + length; i++) &lt;/p&gt;
{
                max = ((max &amp;gt; values[i]) || Double.isNaN(value)) ? max : values[i];
            }
&lt;p&gt;        }&lt;br/&gt;
        return max;&lt;br/&gt;
    }&lt;/p&gt;

&lt;p&gt;similar to min and this will resolve issue in StatUtils.&lt;/p&gt;</comment>
                            <comment id="12410588" author="kim@kimvdlinde.com" created="Fri, 14 Oct 2005 00:26:52 +0000"  >&lt;p&gt;Ok, did some more checks, and the solution before was only dealing with half the&lt;br/&gt;
problem:&lt;/p&gt;

&lt;p&gt;    public void increment(final double d)&lt;/p&gt;
    {
	if (Double.isNaN(value) || Double.isNaN(d))
	    value = Double.NaN;
        else if (d &amp;gt; value)
            value = d;
        n++;
    }

&lt;p&gt;    public double evaluate(final double[] values, final int begin, final int length)&lt;br/&gt;
    {&lt;br/&gt;
        double max = Double.NaN;&lt;br/&gt;
        if (test(values, begin, length))&lt;br/&gt;
        {&lt;br/&gt;
            max = values&lt;span class=&quot;error&quot;&gt;&amp;#91;begin&amp;#93;&lt;/span&gt;;&lt;br/&gt;
            for (int i = begin; i &amp;lt; begin + length; i++)&lt;/p&gt;
	    {
	        if (Double.isNaN(values[i]))
	            return Double.NaN;
                max = (max &amp;gt; values[i]) ? max : values[i];
            }
&lt;p&gt;        }&lt;br/&gt;
        return max;&lt;br/&gt;
    }&lt;/p&gt;

&lt;p&gt;The solution I added prematurely returns the method as soon as it finds a NaN. &lt;/p&gt;</comment>
                            <comment id="12410589" author="mauro@apache.org" created="Fri, 14 Oct 2005 01:23:00 +0000"  >&lt;p&gt;A simple way of ensuring that all values are not NaN is to check in &lt;br/&gt;
AbstractUnivariateStatistic#test() and throw an IAE if ANY are.&lt;/p&gt;

&lt;p&gt;It would have the great advantage of simplicity and applicable to all&lt;br/&gt;
UnivariateStatistic impls, but could break backward compat in existing&lt;br/&gt;
users&apos; code.&lt;/p&gt;


</comment>
                            <comment id="12410590" author="phil@steitz.com" created="Fri, 14 Oct 2005 11:58:45 +0000"  >&lt;p&gt;This is definitely a bug, as the javadoc indicates clearly that NaN values&lt;br/&gt;
should have no impact on the result:&lt;br/&gt;
&quot;The result is NaN iff all values are NaN (i.e. NaN values have no impact on the&lt;br/&gt;
value of the statistic).&quot;&lt;/p&gt;</comment>
                            <comment id="12410591" author="mauro@apache.org" created="Sat, 15 Oct 2005 03:01:52 +0000"  >&lt;p&gt;Created an attachment (id=16699)&lt;br/&gt;
Patch to test and fix issue&lt;/p&gt;

&lt;p&gt;Attached is a patch which fixes issue as per Javadoc spec,&lt;br/&gt;
ie evaluate returns NaN iff all values are NaN, else&lt;br/&gt;
NaNs are ignored.&lt;/p&gt;</comment>
                            <comment id="12410592" author="phil@steitz.com" created="Sun, 16 Oct 2005 07:18:08 +0000"  >&lt;p&gt;Patch applied. Thanks!&lt;/p&gt;</comment>
                    </comments>
                    <attachments>
                            <attachment id="12333845" name="ASF.LICENSE.NOT.GRANTED--issue-37019-patch.txt" size="5279" author="mauro@apache.org" created="Sat, 15 Oct 2005 03:01:52 +0000"/>
                    </attachments>
                <subtasks>
                    </subtasks>
                <customfields>
                                                <customfield id="customfield_12310310" key="com.atlassian.jira.toolkit:attachments">
                        <customfieldname>Attachment count</customfieldname>
                        <customfieldvalues>
                            <customfieldvalue>1.0</customfieldvalue>
                        </customfieldvalues>
                    </customfield>
                                                                                                                                                                                                                                                                                                                                                                                                                                                                        <customfield id="customfield_10010" key="com.atlassian.jira.plugin.system.customfieldtypes:importid">
                        <customfieldname>Bugzilla Id</customfieldname>
                        <customfieldvalues>
                            <customfieldvalue>37019</customfieldvalue>
                        </customfieldvalues>
                    </customfield>
                                                                                            <customfield id="customfield_12310220" key="com.atlassian.jira.ext.charting:firstresponsedate">
                        <customfieldname>Date of First Response</customfieldname>
                        <customfieldvalues>
                            <customfieldvalue>Tue, 11 Oct 2005 23:05:34 +0000</customfieldvalue>

                        </customfieldvalues>
                    </customfield>
                                                                                                                                                                                                                                                                                                                                                                                                                                            <customfield id="customfield_12310420" key="com.pyxis.greenhopper.jira:gh-global-rank">
                        <customfieldname>Global Rank</customfieldname>
                        <customfieldvalues>
                            <customfieldvalue>150297</customfieldvalue>
                        </customfieldvalues>
                    </customfield>
                                                                                                                        <customfield id="customfield_12312521" key="com.atlassian.jira.toolkit:LastCommentDate">
                        <customfieldname>Last public comment date</customfieldname>
                        <customfieldvalues>
                            11 years, 8 weeks, 5 days ago
                        </customfieldvalues>
                    </customfield>
                                                                                            <customfield id="customfield_12311820" key="com.pyxis.greenhopper.jira:gh-lexo-rank">
                        <customfieldname>Rank</customfieldname>
                        <customfieldvalues>
                            <customfieldvalue>0|i0rwsf:</customfieldvalue>

                        </customfieldvalues>
                    </customfield>
                                                                <customfield id="customfield_12310920" key="com.pyxis.greenhopper.jira:gh-global-rank">
                        <customfieldname>Rank (Obsolete)</customfieldname>
                        <customfieldvalues>
                            <customfieldvalue>160956</customfieldvalue>
                        </customfieldvalues>
                    </customfield>
                                                                                                                                                                                                                                                                                                                            </customfields>
    </item>
</channel>
</rss>