<!-- 
RSS generated by JIRA (6.3.4#6332-sha1:51bc225ef474afe3128b2f66878477f322397b16) at Fri Dec 02 18:04:23 UTC 2016

It is possible to restrict the fields that are returned in this document by specifying the 'field' parameter in your request.
For example, to request only the issue key and summary add field=key&field=summary to the URL of your request.
For example:
https://issues.apache.org/jira/si/jira.issueviews:issue-xml/MATH-41/MATH-41.xml?field=key&amp;field=summary
-->
<rss version="0.92" >
<channel>
    <title>ASF JIRA</title>
    <link>https://issues.apache.org/jira</link>
    <description>This file is an XML representation of an issue</description>
    <language>en-uk</language>    <build-info>
        <version>6.3.4</version>
        <build-number>6332</build-number>
        <build-date>15-08-2014</build-date>
    </build-info>

<item>
            <title>[MATH-41] [math] Wrong implementation of the spline interpolator</title>
                <link>https://issues.apache.org/jira/browse/MATH-41</link>
                <project id="12310485" key="MATH">Commons Math</project>
                    <description>&lt;p&gt;Here is the (hopefully) correct implementation of the spline interpolator.&lt;/p&gt;

&lt;p&gt;        if (c == null) {&lt;br/&gt;
            // Number of intervals. The number of data points is N+1.&lt;br/&gt;
            int n = xval.length - 1;&lt;br/&gt;
            // Check whether the xval vector has ascending values.&lt;br/&gt;
            // Separation should be checked too (not implemented: which &lt;br/&gt;
criteria?).&lt;br/&gt;
            for (int i = 0; i &amp;lt; n; i++) {&lt;br/&gt;
                if (xval&lt;span class=&quot;error&quot;&gt;&amp;#91;i&amp;#93;&lt;/span&gt; &amp;gt;= xval&lt;span class=&quot;error&quot;&gt;&amp;#91;i + 1&amp;#93;&lt;/span&gt;) &lt;/p&gt;
{
                    throw new IllegalArgumentException(&quot;Dataset must specify 
sorted, ascending x values.&quot;);
                }
&lt;p&gt;            }&lt;br/&gt;
            // Vectors for the equation system. There are n-1 equations for the &lt;br/&gt;
unknowns s&lt;span class=&quot;error&quot;&gt;&amp;#91;i&amp;#93;&lt;/span&gt; (1&amp;lt;=i&amp;lt;=N-1),&lt;br/&gt;
            // which are second order derivatives for the spline at xval&lt;span class=&quot;error&quot;&gt;&amp;#91;i&amp;#93;&lt;/span&gt;. At &lt;br/&gt;
the end points, s&lt;span class=&quot;error&quot;&gt;&amp;#91;0&amp;#93;&lt;/span&gt;=s&lt;span class=&quot;error&quot;&gt;&amp;#91;N&amp;#93;&lt;/span&gt;=0.&lt;br/&gt;
            // Vectors are offset by -1, except the lower diagonal vector which &lt;br/&gt;
is offset by -2. Layout:&lt;br/&gt;
            // d&lt;span class=&quot;error&quot;&gt;&amp;#91;0&amp;#93;&lt;/span&gt;*s&lt;span class=&quot;error&quot;&gt;&amp;#91;1&amp;#93;&lt;/span&gt;+u&lt;span class=&quot;error&quot;&gt;&amp;#91;0&amp;#93;&lt;/span&gt;*s&lt;span class=&quot;error&quot;&gt;&amp;#91;2&amp;#93;&lt;/span&gt;                                           = b&lt;br/&gt;
&lt;span class=&quot;error&quot;&gt;&amp;#91;0&amp;#93;&lt;/span&gt;&lt;br/&gt;
            // l&lt;span class=&quot;error&quot;&gt;&amp;#91;0&amp;#93;&lt;/span&gt;*s&lt;span class=&quot;error&quot;&gt;&amp;#91;1&amp;#93;&lt;/span&gt;+d&lt;span class=&quot;error&quot;&gt;&amp;#91;1&amp;#93;&lt;/span&gt;*s&lt;span class=&quot;error&quot;&gt;&amp;#91;2&amp;#93;&lt;/span&gt;+u&lt;span class=&quot;error&quot;&gt;&amp;#91;1&amp;#93;&lt;/span&gt;*s&lt;span class=&quot;error&quot;&gt;&amp;#91;3&amp;#93;&lt;/span&gt;                                 = b&lt;br/&gt;
&lt;span class=&quot;error&quot;&gt;&amp;#91;1&amp;#93;&lt;/span&gt;&lt;br/&gt;
            //           l&lt;span class=&quot;error&quot;&gt;&amp;#91;1&amp;#93;&lt;/span&gt;*s&lt;span class=&quot;error&quot;&gt;&amp;#91;2&amp;#93;&lt;/span&gt;+d&lt;span class=&quot;error&quot;&gt;&amp;#91;2&amp;#93;&lt;/span&gt;*s&lt;span class=&quot;error&quot;&gt;&amp;#91;3&amp;#93;&lt;/span&gt;+u&lt;span class=&quot;error&quot;&gt;&amp;#91;2&amp;#93;&lt;/span&gt;*s&lt;span class=&quot;error&quot;&gt;&amp;#91;4&amp;#93;&lt;/span&gt;                       = b&lt;br/&gt;
&lt;span class=&quot;error&quot;&gt;&amp;#91;2&amp;#93;&lt;/span&gt;&lt;br/&gt;
            //                           ...&lt;br/&gt;
            //                     l&lt;span class=&quot;error&quot;&gt;&amp;#91;N-4&amp;#93;&lt;/span&gt;*s&lt;span class=&quot;error&quot;&gt;&amp;#91;N-3&amp;#93;&lt;/span&gt;+d&lt;span class=&quot;error&quot;&gt;&amp;#91;N-3&amp;#93;&lt;/span&gt;*s&lt;span class=&quot;error&quot;&gt;&amp;#91;N-2&amp;#93;&lt;/span&gt;+u&lt;span class=&quot;error&quot;&gt;&amp;#91;N-3&amp;#93;&lt;/span&gt;*s&lt;span class=&quot;error&quot;&gt;&amp;#91;N-1&amp;#93;&lt;/span&gt; = b&lt;br/&gt;
&lt;span class=&quot;error&quot;&gt;&amp;#91;N-3&amp;#93;&lt;/span&gt;&lt;br/&gt;
            //                                   l&lt;span class=&quot;error&quot;&gt;&amp;#91;N-3&amp;#93;&lt;/span&gt;*s&lt;span class=&quot;error&quot;&gt;&amp;#91;N-2&amp;#93;&lt;/span&gt;+d&lt;span class=&quot;error&quot;&gt;&amp;#91;N-2&amp;#93;&lt;/span&gt;*s&lt;span class=&quot;error&quot;&gt;&amp;#91;N-1&amp;#93;&lt;/span&gt; = b&lt;br/&gt;
&lt;span class=&quot;error&quot;&gt;&amp;#91;N-2&amp;#93;&lt;/span&gt;&lt;br/&gt;
            // Vector b is the right hand side (RHS) of the system.&lt;br/&gt;
            double b[] = new double&lt;span class=&quot;error&quot;&gt;&amp;#91;n - 1&amp;#93;&lt;/span&gt;;&lt;br/&gt;
            // Vector d is diagonal of the matrix and also holds the computed &lt;br/&gt;
solution.&lt;br/&gt;
            double d[] = new double&lt;span class=&quot;error&quot;&gt;&amp;#91;n + 1&amp;#93;&lt;/span&gt;;&lt;br/&gt;
            // Setup right hand side and diagonal.&lt;br/&gt;
            double dquot = (yval&lt;span class=&quot;error&quot;&gt;&amp;#91;1&amp;#93;&lt;/span&gt; - yval&lt;span class=&quot;error&quot;&gt;&amp;#91;0&amp;#93;&lt;/span&gt;) / (xval&lt;span class=&quot;error&quot;&gt;&amp;#91;1&amp;#93;&lt;/span&gt; - xval&lt;span class=&quot;error&quot;&gt;&amp;#91;0&amp;#93;&lt;/span&gt;);&lt;br/&gt;
            for (int i = 0; i &amp;lt; n - 1; i++) &lt;/p&gt;
{
                // TODO avoid recomputing the term
                //    (yval[i + 2] - yval[i + 1]) / (xval[i + 2] - xval[i + 1])
                // take it from the previous loop pass. Note: the interesting 
part of performance
                // loss is the range check in the array access, not the 
computation itself.
                double dquotNext = 
                    (yval[i + 2] - yval[i + 1]) / (xval[i + 2] - xval[i + 1]);
                b[i] = 6.0 * (dquotNext - dquot);
                d[i+1] = 2.0 * (xval[i + 2] - xval[i]);
                dquot = dquotNext;
            }
&lt;p&gt;            // u[] and l[] (for the upper and lower diagonal respectively) are &lt;br/&gt;
not&lt;br/&gt;
            // really needed, the computation is folded into the system solving &lt;br/&gt;
loops.&lt;br/&gt;
            // Keep this for documentation purposes:&lt;br/&gt;
            //double u[] = new double&lt;span class=&quot;error&quot;&gt;&amp;#91;n - 2&amp;#93;&lt;/span&gt;; // upper diagonal&lt;br/&gt;
            //double l[] = new double&lt;span class=&quot;error&quot;&gt;&amp;#91;n - 2&amp;#93;&lt;/span&gt;; // lower diagonal&lt;br/&gt;
            // Set up upper and lower diagonal. Keep the offsets in mind.&lt;br/&gt;
            //for (int i = 0; i &amp;lt; n - 2; i++) &lt;/p&gt;
{
            //  u[i] = xval[i + 2] - xval[i + 1];
            //  l[i] = xval[i + 2] - xval[i + 1];
            //}
&lt;p&gt;            // Solve the system: forward pass.&lt;br/&gt;
            for (int i = 0; i &amp;lt; n - 2; i++) &lt;/p&gt;
{
                double delta = xval[i + 2] - xval[i + 1];
                double deltaquot = delta / d[i+1];
                d[i + 2] -= delta * deltaquot;
                b[i + 1] -= b[i] * deltaquot;
            }
&lt;p&gt;            // Solve the system: backward pass.&lt;br/&gt;
            d&lt;span class=&quot;error&quot;&gt;&amp;#91;n - 1&amp;#93;&lt;/span&gt; = b&lt;span class=&quot;error&quot;&gt;&amp;#91;n - 2&amp;#93;&lt;/span&gt; / d&lt;span class=&quot;error&quot;&gt;&amp;#91;n - 1&amp;#93;&lt;/span&gt;;&lt;br/&gt;
            for (int i = n - 3; i &amp;gt;= 0; i--) &lt;/p&gt;
{
                d[i+1] = (b[i] - (xval[i + 2] - xval[i + 1]) * d[i + 2]) / d
[i+1];
            }
&lt;p&gt;            // Compute coefficients as usual polynomial coefficients.&lt;br/&gt;
            // Not the best with respect to roundoff on evaluation, but simple.&lt;br/&gt;
            c = new double&lt;span class=&quot;error&quot;&gt;&amp;#91;n&amp;#93;&lt;/span&gt;&lt;span class=&quot;error&quot;&gt;&amp;#91;4&amp;#93;&lt;/span&gt;;&lt;br/&gt;
            // set the start values (this is for a natural spline)&lt;br/&gt;
            d&lt;span class=&quot;error&quot;&gt;&amp;#91;0&amp;#93;&lt;/span&gt; = d&lt;span class=&quot;error&quot;&gt;&amp;#91;n&amp;#93;&lt;/span&gt; = 0;&lt;/p&gt;

&lt;p&gt;            double delta;&lt;br/&gt;
            for (int i = 0; i &amp;lt; n; i++) &lt;/p&gt;
{
                delta = xval[i + 1] - xval[i];
                c[i][3] = (d[i+1] - d[i]) / delta / 6.0;
                c[i][2] = d[i] / 2.0;
                c[i][1] =
                    (yval[i + 1] - yval[i]) / delta -
                        (d[i+1] + 2.0 * d[i]) * delta / 6.0;
                c[i][0] = yval[i];
            }
&lt;p&gt;        }&lt;/p&gt;</description>
                <environment>&lt;p&gt;Operating System: All&lt;br/&gt;
Platform: PC&lt;/p&gt;</environment>
        <key id="12341143">MATH-41</key>
            <summary>[math] Wrong implementation of the spline interpolator</summary>
                <type id="1" iconUrl="https://issues.apache.org/jira/images/icons/issuetypes/bug.png">Bug</type>
                                            <priority id="2" iconUrl="https://issues.apache.org/jira/images/icons/priorities/critical.png">Critical</priority>
                        <status id="6" iconUrl="https://issues.apache.org/jira/images/icons/statuses/closed.png" description="The issue is considered finished, the resolution is correct. Issues which are closed can be reopened.">Closed</status>
                    <statusCategory id="3" key="done" colorName="green"/>
                                    <resolution id="1">Fixed</resolution>
                                        <assignee username="-1">Unassigned</assignee>
                                    <reporter username="georg.lucas@heidelberg.com">Georg Lucas</reporter>
                        <labels>
                    </labels>
                <created>Mon, 8 Dec 2003 16:18:43 +0000</created>
                <updated>Mon, 23 Jul 2012 23:24:42 +0000</updated>
                            <resolved>Thu, 23 Apr 2009 02:26:06 +0000</resolved>
                                                                        <due></due>
                            <votes>0</votes>
                                    <watches>0</watches>
                                                                <comments>
                            <comment id="12405615" author="brentworden" created="Mon, 8 Dec 2003 23:14:34 +0000"  >&lt;p&gt;If you&apos;d be so kind, could you provide an example spline problem, preferably &lt;br/&gt;
one online, that you used to determine the coding error?  We could then add &lt;br/&gt;
this to the unit tests.&lt;/p&gt;</comment>
                            <comment id="12405616" author="georg.lucas@heidelberg.com" created="Wed, 10 Dec 2003 04:48:22 +0000"  >&lt;p&gt;Created an attachment (id=9468)&lt;br/&gt;
New test case for spline interpolator&lt;/p&gt;</comment>
                            <comment id="12405617" author="georg.lucas@heidelberg.com" created="Wed, 10 Dec 2003 04:49:41 +0000"  >&lt;p&gt;Created an attachment (id=9469)&lt;br/&gt;
Error correction for last x-value&lt;/p&gt;</comment>
                            <comment id="12405618" author="mdiggory@gmail.com" created="Tue, 27 Jan 2004 03:57:12 +0000"  >&lt;p&gt;Sigh,&lt;/p&gt;

&lt;p&gt;There are now issues with this fix and the fact that first/secondDerivatives are&lt;br/&gt;
not in the UnivariateRealFunction interface. With all the code flying around,&lt;br/&gt;
did we come to a conclusion on how to handle Derivatves and UnivariateRealFunctions?&lt;/p&gt;

&lt;p&gt;-Mark&lt;/p&gt;</comment>
                            <comment id="12405619" author="brentworden" created="Tue, 27 Jan 2004 05:37:03 +0000"  >&lt;p&gt;I thought we were going to introduce an new inteface to denote differentiable &lt;br/&gt;
functions and morph the spline interpolator to use it.&lt;/p&gt;</comment>
                            <comment id="12405620" author="phil@steitz.com" created="Sat, 3 Apr 2004 05:57:39 +0000"  >&lt;p&gt;Implementation has been fixed in CVS and tests have been added, verifying&lt;br/&gt;
coefficients and consistency.&lt;/p&gt;</comment>
                    </comments>
                    <attachments>
                            <attachment id="12332651" name="ASF.LICENSE.NOT.GRANTED--CubicSplineFunction.java" size="7028" author="georg.lucas@heidelberg.com" created="Wed, 10 Dec 2003 04:49:41 +0000"/>
                            <attachment id="12332650" name="ASF.LICENSE.NOT.GRANTED--InterpolatorTest.java" size="16262" author="georg.lucas@heidelberg.com" created="Wed, 10 Dec 2003 04:48:22 +0000"/>
                    </attachments>
                <subtasks>
                    </subtasks>
                <customfields>
                                                <customfield id="customfield_12310310" key="com.atlassian.jira.toolkit:attachments">
                        <customfieldname>Attachment count</customfieldname>
                        <customfieldvalues>
                            <customfieldvalue>2.0</customfieldvalue>
                        </customfieldvalues>
                    </customfield>
                                                                                                                                                                                                                                                                                                                                                                                                                                                                        <customfield id="customfield_10010" key="com.atlassian.jira.plugin.system.customfieldtypes:importid">
                        <customfieldname>Bugzilla Id</customfieldname>
                        <customfieldvalues>
                            <customfieldvalue>25278</customfieldvalue>
                        </customfieldvalues>
                    </customfield>
                                                                                            <customfield id="customfield_12310220" key="com.atlassian.jira.ext.charting:firstresponsedate">
                        <customfieldname>Date of First Response</customfieldname>
                        <customfieldvalues>
                            <customfieldvalue>Mon, 8 Dec 2003 23:14:34 +0000</customfieldvalue>

                        </customfieldvalues>
                    </customfield>
                                                                                                                                                                                                                                                                                                                                                                                                                                            <customfield id="customfield_12310420" key="com.pyxis.greenhopper.jira:gh-global-rank">
                        <customfieldname>Global Rank</customfieldname>
                        <customfieldvalues>
                            <customfieldvalue>150283</customfieldvalue>
                        </customfieldvalues>
                    </customfield>
                                                                                                                        <customfield id="customfield_12312521" key="com.atlassian.jira.toolkit:LastCommentDate">
                        <customfieldname>Last public comment date</customfieldname>
                        <customfieldvalues>
                            12 years, 36 weeks, 6 days ago
                        </customfieldvalues>
                    </customfield>
                                                                                            <customfield id="customfield_12311820" key="com.pyxis.greenhopper.jira:gh-lexo-rank">
                        <customfieldname>Rank</customfieldname>
                        <customfieldvalues>
                            <customfieldvalue>0|i0rwvz:</customfieldvalue>

                        </customfieldvalues>
                    </customfield>
                                                                <customfield id="customfield_12310920" key="com.pyxis.greenhopper.jira:gh-global-rank">
                        <customfieldname>Rank (Obsolete)</customfieldname>
                        <customfieldvalues>
                            <customfieldvalue>160972</customfieldvalue>
                        </customfieldvalues>
                    </customfield>
                                                                                                                                                                                                                                                                                                                            </customfields>
    </item>
</channel>
</rss>