<!-- 
RSS generated by JIRA (6.3.4#6332-sha1:51bc225ef474afe3128b2f66878477f322397b16) at Fri Nov 18 23:02:21 UTC 2016

It is possible to restrict the fields that are returned in this document by specifying the 'field' parameter in your request.
For example, to request only the issue key and summary add field=key&field=summary to the URL of your request.
For example:
https://issues.apache.org/jira/si/jira.issueviews:issue-xml/MATH-381/MATH-381.xml?field=key&amp;field=summary
-->
<rss version="0.92" >
<channel>
    <title>ASF JIRA</title>
    <link>https://issues.apache.org/jira</link>
    <description>This file is an XML representation of an issue</description>
    <language>en-uk</language>    <build-info>
        <version>6.3.4</version>
        <build-number>6332</build-number>
        <build-date>15-08-2014</build-date>
    </build-info>

<item>
            <title>[MATH-381] inconsistency for methods names within StepInterpolator and StepInterpolatorWithJacobians</title>
                <link>https://issues.apache.org/jira/browse/MATH-381</link>
                <project id="12310485" key="MATH">Commons Math</project>
                    <description>&lt;p&gt;There is some inconstency in methods naming :&lt;br/&gt;
getInterpolatedY and getInterpolatedYDot in StepInterpolatorWithJacobians do the same as getInterpolatedState and getInterpolatedDerivatives in StepInterpolator, so it will be better if they would have the same name.&lt;/p&gt;</description>
                <environment></environment>
        <key id="12467822">MATH-381</key>
            <summary>inconsistency for methods names within StepInterpolator and StepInterpolatorWithJacobians</summary>
                <type id="1" iconUrl="https://issues.apache.org/jira/images/icons/issuetypes/bug.png">Bug</type>
                                            <priority id="5" iconUrl="https://issues.apache.org/jira/images/icons/priorities/trivial.png">Trivial</priority>
                        <status id="6" iconUrl="https://issues.apache.org/jira/images/icons/statuses/closed.png" description="The issue is considered finished, the resolution is correct. Issues which are closed can be reopened.">Closed</status>
                    <statusCategory id="3" key="done" colorName="green"/>
                                    <resolution id="1">Fixed</resolution>
                                        <assignee username="-1">Unassigned</assignee>
                                    <reporter username="pparraud">Pascal Parraud</reporter>
                        <labels>
                    </labels>
                <created>Thu, 24 Jun 2010 16:59:20 +0000</created>
                <updated>Sat, 24 Mar 2012 16:16:43 +0000</updated>
                            <resolved>Sat, 1 Oct 2011 13:55:44 +0000</resolved>
                                    <version>2.1</version>
                                    <fixVersion>3.0</fixVersion>
                                        <due></due>
                            <votes>0</votes>
                                    <watches>0</watches>
                                                                <comments>
                            <comment id="12882305" author="luc" created="Thu, 24 Jun 2010 20:03:22 +0000"  >&lt;p&gt;Agreed.&lt;br/&gt;
This will be fixed in the new design which should in fact completely remove the need for StepInterpolatorWithJacobians and replae it by something else.&lt;/p&gt;</comment>
                            <comment id="12892280" author="luc" created="Mon, 26 Jul 2010 12:09:23 +0000"  >&lt;p&gt;We need the refactoring of ODE with Jacobians to be done for 2.2&lt;/p&gt;</comment>
                            <comment id="12901249" author="psteitz" created="Mon, 23 Aug 2010 03:22:58 +0000"  >&lt;p&gt;Should this move to 3.0, given compatibility issues?&lt;/p&gt;</comment>
                            <comment id="12901289" author="luc" created="Mon, 23 Aug 2010 07:27:46 +0000"  >&lt;p&gt;Yes, I pushed this to 3.0.&lt;br/&gt;
However, the refactoring proposed in my previous comment should be done for 2.2. This means that the new implementation should be made available in 2.2 and the old one deprecated. Then in 3.0 the old deprecated implementation should be removed.&lt;br/&gt;
I&apos;m working on it.&lt;/p&gt;</comment>
                            <comment id="13118817" author="luc" created="Sat, 1 Oct 2011 13:55:44 +0000"  >&lt;p&gt;Fixed in subversion repository as of r1176745&lt;/p&gt;</comment>
                    </comments>
                <issuelinks>
                            <issuelinktype id="10032">
                    <name>Blocker</name>
                                            <outwardlinks description="blocks">
                                        <issuelink>
            <issuekey id="12467821">MATH-380</issuekey>
        </issuelink>
                            </outwardlinks>
                                                        </issuelinktype>
                    </issuelinks>
                <attachments>
                    </attachments>
                <subtasks>
                    </subtasks>
                <customfields>
                                                <customfield id="customfield_12310310" key="com.atlassian.jira.toolkit:attachments">
                        <customfieldname>Attachment count</customfieldname>
                        <customfieldvalues>
                            <customfieldvalue>0.0</customfieldvalue>
                        </customfieldvalues>
                    </customfield>
                                                                                                                                                                                                                                                                                                                                                                                                                                                                                                                                <customfield id="customfield_12310220" key="com.atlassian.jira.ext.charting:firstresponsedate">
                        <customfieldname>Date of First Response</customfieldname>
                        <customfieldvalues>
                            <customfieldvalue>Thu, 24 Jun 2010 20:03:22 +0000</customfieldvalue>

                        </customfieldvalues>
                    </customfield>
                                                                                                                                                                                                                                                                                                                                                                                                                                            <customfield id="customfield_12310420" key="com.pyxis.greenhopper.jira:gh-global-rank">
                        <customfieldname>Global Rank</customfieldname>
                        <customfieldvalues>
                            <customfieldvalue>2243</customfieldvalue>
                        </customfieldvalues>
                    </customfield>
                                                                                                                        <customfield id="customfield_12312521" key="com.atlassian.jira.toolkit:LastCommentDate">
                        <customfieldname>Last public comment date</customfieldname>
                        <customfieldvalues>
                            5 years, 7 weeks, 6 days ago
                        </customfieldvalues>
                    </customfield>
                                                                                            <customfield id="customfield_12311820" key="com.pyxis.greenhopper.jira:gh-lexo-rank">
                        <customfieldname>Rank</customfieldname>
                        <customfieldvalues>
                            <customfieldvalue>0|i0rutj:</customfieldvalue>

                        </customfieldvalues>
                    </customfield>
                                                                <customfield id="customfield_12310920" key="com.pyxis.greenhopper.jira:gh-global-rank">
                        <customfieldname>Rank (Obsolete)</customfieldname>
                        <customfieldvalues>
                            <customfieldvalue>160637</customfieldvalue>
                        </customfieldvalues>
                    </customfield>
                                                                                                                                                                                                                                        <customfield id="customfield_12310222" key="com.atlassian.jira.ext.charting:timeinstatus">
                        <customfieldname>Time in Status</customfieldname>
                        <customfieldvalues>
                            
                        </customfieldvalues>
                    </customfield>
                                                                                                                        </customfields>
    </item>
</channel>
</rss>