<!-- 
RSS generated by JIRA (6.3.4#6332-sha1:51bc225ef474afe3128b2f66878477f322397b16) at Fri Dec 02 17:51:47 UTC 2016

It is possible to restrict the fields that are returned in this document by specifying the 'field' parameter in your request.
For example, to request only the issue key and summary add field=key&field=summary to the URL of your request.
For example:
https://issues.apache.org/jira/si/jira.issueviews:issue-xml/MATH-35/MATH-35.xml?field=key&amp;field=summary
-->
<rss version="0.92" >
<channel>
    <title>ASF JIRA</title>
    <link>https://issues.apache.org/jira</link>
    <description>This file is an XML representation of an issue</description>
    <language>en-uk</language>    <build-info>
        <version>6.3.4</version>
        <build-number>6332</build-number>
        <build-date>15-08-2014</build-date>
    </build-info>

<item>
            <title>[MATH-35] Proposal for Poisson distributuion</title>
                <link>https://issues.apache.org/jira/browse/MATH-35</link>
                <project id="12310485" key="MATH">Commons Math</project>
                    <description>&lt;p&gt;Support for the Poisson distributuion should be added to the commons-math package.&lt;/p&gt;</description>
                <environment>&lt;p&gt;Operating System: All&lt;br/&gt;
Platform: All&lt;/p&gt;</environment>
        <key id="12341803">MATH-35</key>
            <summary>Proposal for Poisson distributuion</summary>
                <type id="1" iconUrl="https://issues.apache.org/jira/images/icons/issuetypes/bug.png">Bug</type>
                                            <priority id="3" iconUrl="https://issues.apache.org/jira/images/icons/priorities/major.png">Major</priority>
                        <status id="6" iconUrl="https://issues.apache.org/jira/images/icons/statuses/closed.png" description="The issue is considered finished, the resolution is correct. Issues which are closed can be reopened.">Closed</status>
                    <statusCategory id="3" key="done" colorName="green"/>
                                    <resolution id="1">Fixed</resolution>
                                        <assignee username="-1">Unassigned</assignee>
                                    <reporter username="frno@bredband.net">Fredrik Norin</reporter>
                        <labels>
                    </labels>
                <created>Wed, 13 Oct 2004 14:34:57 +0000</created>
                <updated>Mon, 23 Jul 2012 23:24:41 +0000</updated>
                            <resolved>Thu, 23 Apr 2009 02:26:06 +0000</resolved>
                                                                        <due></due>
                            <votes>0</votes>
                                    <watches>0</watches>
                                                                <comments>
                            <comment id="12407787" author="frno@bredband.net" created="Wed, 13 Oct 2004 14:37:21 +0000"  >&lt;p&gt;Created an attachment (id=13060)&lt;br/&gt;
Proposed interface for the Poisson distribution&lt;/p&gt;</comment>
                            <comment id="12407788" author="frno@bredband.net" created="Wed, 13 Oct 2004 14:38:39 +0000"  >&lt;p&gt;Created an attachment (id=13061)&lt;br/&gt;
Implementation of the Poisson distribution&lt;/p&gt;</comment>
                            <comment id="12407789" author="frno@bredband.net" created="Wed, 13 Oct 2004 14:41:13 +0000"  >&lt;p&gt;Created an attachment (id=13062)&lt;br/&gt;
JUnit test for the Poisson distribution implementation&lt;/p&gt;</comment>
                            <comment id="12407790" author="brentworden" created="Tue, 2 Nov 2004 09:37:19 +0000"  >&lt;p&gt;Few comments:&lt;/p&gt;

&lt;p&gt;1) The createFormat method uses replaceAll, a JDK 1.4 call.  I think &lt;span class=&quot;error&quot;&gt;&amp;#91;math&amp;#93;&lt;/span&gt; is &lt;br/&gt;
meant to be compatible with JDK 1.3 if not JDK 1.2.&lt;/p&gt;

&lt;p&gt;2) I see createFormat is being used to force precision on the inverse &lt;br/&gt;
cumulative probs.  Is there a reason this is being done on intermediate &lt;br/&gt;
results?  Is it necessary at all?&lt;/p&gt;

&lt;p&gt;3) For the probability method, I would suggest using the ol&apos; Exp[Log&lt;span class=&quot;error&quot;&gt;&amp;#91;f(x)&amp;#93;&lt;/span&gt;] &lt;br/&gt;
trick to avoid numerical overflow.  n! is a very volatile method for even &lt;br/&gt;
moderate n values.&lt;/p&gt;

&lt;p&gt;4) Can the parameter be renamed to something a little more descriptive?  I &lt;br/&gt;
would suggest mean.&lt;/p&gt;

&lt;p&gt;5) I think the cumulative probability method can be optimized one of two ways, &lt;br/&gt;
or by utilizing both.  Cumulative probabilities for Poisson can be expressed in &lt;br/&gt;
terms of the regularized gamma function which we already have implemented.  The &lt;br/&gt;
performance of this approach would not deteriorate for large x as the current &lt;br/&gt;
loop does.  At a minimum, instead of making calls to probability for each &lt;br/&gt;
summation term, the ratio of successive terms should be used to alleviate the &lt;br/&gt;
need to call n! for every term.&lt;/p&gt;

&lt;p&gt;6) Is there a compelling reason not to use the inverseCumulativeProbability &lt;br/&gt;
method provided by the AbstractDiscreteDistribution class?&lt;/p&gt;</comment>
                            <comment id="12407791" author="phil@steitz.com" created="Tue, 2 Nov 2004 13:29:13 +0000"  >&lt;p&gt;Brent,&lt;/p&gt;

&lt;p&gt;I agree with all of your points.&lt;/p&gt;

&lt;p&gt;1)-2) I think the &quot;rounding&quot; should be removed. To document clearly what the&lt;br/&gt;
contract means with the implementation in the patch would be difficult and would&lt;br/&gt;
depart from the specification in the interface.&lt;/p&gt;

&lt;p&gt;3) Using MathUtils.factorialDouble in place of factorial will accomplish this.&lt;/p&gt;

&lt;p&gt;4) Mean sounds good to me too.&lt;/p&gt;

&lt;p&gt;5) I would favor just using the regularized gamma.&lt;/p&gt;

&lt;p&gt;6) At first I thought that this would not work well since we would have to start&lt;br/&gt;
the bisection with top endpoint Integer.MAX_VALUE; but that&apos;s only 32 cuts out,&lt;br/&gt;
so I agree here too.&lt;/p&gt;

&lt;p&gt;I will make these changes prior to committing.&lt;/p&gt;</comment>
                            <comment id="12407792" author="phil@steitz.com" created="Sun, 7 Nov 2004 11:35:28 +0000"  >&lt;p&gt;Patches with modifications above have been committed.  Thanks!&lt;/p&gt;</comment>
                    </comments>
                    <attachments>
                            <attachment id="12333167" name="ASF.LICENSE.NOT.GRANTED--PoissonDistribution.java" size="1623" author="frno@bredband.net" created="Wed, 13 Oct 2004 14:37:21 +0000"/>
                            <attachment id="12333168" name="ASF.LICENSE.NOT.GRANTED--PoissonDistributionImpl.java" size="5875" author="frno@bredband.net" created="Wed, 13 Oct 2004 14:38:39 +0000"/>
                            <attachment id="12333169" name="ASF.LICENSE.NOT.GRANTED--PoissonDistributionTest.java" size="3908" author="frno@bredband.net" created="Wed, 13 Oct 2004 14:41:13 +0000"/>
                    </attachments>
                <subtasks>
                    </subtasks>
                <customfields>
                                                <customfield id="customfield_12310310" key="com.atlassian.jira.toolkit:attachments">
                        <customfieldname>Attachment count</customfieldname>
                        <customfieldvalues>
                            <customfieldvalue>3.0</customfieldvalue>
                        </customfieldvalues>
                    </customfield>
                                                                                                                                                                                                                                                                                                                                                                                                                                                                        <customfield id="customfield_10010" key="com.atlassian.jira.plugin.system.customfieldtypes:importid">
                        <customfieldname>Bugzilla Id</customfieldname>
                        <customfieldvalues>
                            <customfieldvalue>31688</customfieldvalue>
                        </customfieldvalues>
                    </customfield>
                                                                                            <customfield id="customfield_12310220" key="com.atlassian.jira.ext.charting:firstresponsedate">
                        <customfieldname>Date of First Response</customfieldname>
                        <customfieldvalues>
                            <customfieldvalue>Tue, 2 Nov 2004 09:37:19 +0000</customfieldvalue>

                        </customfieldvalues>
                    </customfield>
                                                                                                                                                                                                                                                                                                                                                                                                                                            <customfield id="customfield_12310420" key="com.pyxis.greenhopper.jira:gh-global-rank">
                        <customfieldname>Global Rank</customfieldname>
                        <customfieldvalues>
                            <customfieldvalue>150277</customfieldvalue>
                        </customfieldvalues>
                    </customfield>
                                                                                                                        <customfield id="customfield_12312521" key="com.atlassian.jira.toolkit:LastCommentDate">
                        <customfieldname>Last public comment date</customfieldname>
                        <customfieldvalues>
                            12 years, 5 weeks, 5 days ago
                        </customfieldvalues>
                    </customfield>
                                                                                            <customfield id="customfield_12311820" key="com.pyxis.greenhopper.jira:gh-lexo-rank">
                        <customfieldname>Rank</customfieldname>
                        <customfieldvalues>
                            <customfieldvalue>0|i0rwxb:</customfieldvalue>

                        </customfieldvalues>
                    </customfield>
                                                                <customfield id="customfield_12310920" key="com.pyxis.greenhopper.jira:gh-global-rank">
                        <customfieldname>Rank (Obsolete)</customfieldname>
                        <customfieldvalues>
                            <customfieldvalue>160978</customfieldvalue>
                        </customfieldvalues>
                    </customfield>
                                                                                                                                                                                                                                                                                                                            </customfields>
    </item>
</channel>
</rss>