<!-- 
RSS generated by JIRA (6.3.4#6332-sha1:51bc225ef474afe3128b2f66878477f322397b16) at Fri Dec 02 18:01:51 UTC 2016

It is possible to restrict the fields that are returned in this document by specifying the 'field' parameter in your request.
For example, to request only the issue key and summary add field=key&field=summary to the URL of your request.
For example:
https://issues.apache.org/jira/si/jira.issueviews:issue-xml/MATH-209/MATH-209.xml?field=key&amp;field=summary
-->
<rss version="0.92" >
<channel>
    <title>ASF JIRA</title>
    <link>https://issues.apache.org/jira</link>
    <description>This file is an XML representation of an issue</description>
    <language>en-uk</language>    <build-info>
        <version>6.3.4</version>
        <build-number>6332</build-number>
        <build-date>15-08-2014</build-date>
    </build-info>

<item>
            <title>[MATH-209] RealMatrixImpl#operate gets result vector dimensions wrong</title>
                <link>https://issues.apache.org/jira/browse/MATH-209</link>
                <project id="12310485" key="MATH">Commons Math</project>
                    <description>&lt;p&gt;&lt;tt&gt;org.apache.commons.math.linear.RealMatrixImpl#operate&lt;/tt&gt; tries to create a result vector that always has the same length as the input vector. This can result in runtime exceptions if the matrix is non-square and it always yields incorrect results if the matrix is non-square. The correct behaviour would of course be to create a vector with the same length as the row dimension of the matrix.&lt;/p&gt;

&lt;p&gt;Thus line 640 in RealMatrixImpl.java should read&lt;br/&gt;
  &lt;tt&gt;double[] out = new double&lt;span class=&quot;error&quot;&gt;&amp;#91;nRows&amp;#93;&lt;/span&gt;;&lt;/tt&gt;&lt;br/&gt;
instead of&lt;br/&gt;
  &lt;tt&gt;double[] out = new double&lt;span class=&quot;error&quot;&gt;&amp;#91;v.length&amp;#93;&lt;/span&gt;;&lt;/tt&gt;&lt;/p&gt;</description>
                <environment></environment>
        <key id="12398389">MATH-209</key>
            <summary>RealMatrixImpl#operate gets result vector dimensions wrong</summary>
                <type id="1" iconUrl="https://issues.apache.org/jira/images/icons/issuetypes/bug.png">Bug</type>
                                            <priority id="3" iconUrl="https://issues.apache.org/jira/images/icons/priorities/major.png">Major</priority>
                        <status id="6" iconUrl="https://issues.apache.org/jira/images/icons/statuses/closed.png" description="The issue is considered finished, the resolution is correct. Issues which are closed can be reopened.">Closed</status>
                    <statusCategory id="3" key="done" colorName="green"/>
                                    <resolution id="1">Fixed</resolution>
                                        <assignee username="-1">Unassigned</assignee>
                                    <reporter username="murphy">Thomas Chust</reporter>
                        <labels>
                    </labels>
                <created>Tue, 17 Jun 2008 03:02:48 +0000</created>
                <updated>Thu, 23 Apr 2009 02:26:18 +0000</updated>
                            <resolved>Tue, 17 Jun 2008 19:10:53 +0000</resolved>
                                    <version>1.2</version>
                                                        <due></due>
                            <votes>0</votes>
                                    <watches>1</watches>
                                    <timeoriginalestimate seconds="120">2m</timeoriginalestimate>
                            <timeestimate seconds="120">2m</timeestimate>
                                        <comments>
                            <comment id="12605695" author="luc" created="Tue, 17 Jun 2008 19:10:52 +0000"  >&lt;p&gt;Sorry for this dumb mistake.&lt;/p&gt;

&lt;p&gt;Fixed in 2.0 branch as of r668798.&lt;/p&gt;</comment>
                    </comments>
                    <attachments>
                    </attachments>
                <subtasks>
                    </subtasks>
                <customfields>
                                                <customfield id="customfield_12310310" key="com.atlassian.jira.toolkit:attachments">
                        <customfieldname>Attachment count</customfieldname>
                        <customfieldvalues>
                            <customfieldvalue>0.0</customfieldvalue>
                        </customfieldvalues>
                    </customfield>
                                                                                                                                                                                                                                                                                                                                                                                                                                                                                                                                <customfield id="customfield_12310220" key="com.atlassian.jira.ext.charting:firstresponsedate">
                        <customfieldname>Date of First Response</customfieldname>
                        <customfieldvalues>
                            <customfieldvalue>Tue, 17 Jun 2008 19:10:52 +0000</customfieldvalue>

                        </customfieldvalues>
                    </customfield>
                                                                                                                                                                                                                                                                                                                                                                                                                                            <customfield id="customfield_12310420" key="com.pyxis.greenhopper.jira:gh-global-rank">
                        <customfieldname>Global Rank</customfieldname>
                        <customfieldvalues>
                            <customfieldvalue>34209</customfieldvalue>
                        </customfieldvalues>
                    </customfield>
                                                                                                                        <customfield id="customfield_12312521" key="com.atlassian.jira.toolkit:LastCommentDate">
                        <customfieldname>Last public comment date</customfieldname>
                        <customfieldvalues>
                            8 years, 25 weeks, 2 days ago
                        </customfieldvalues>
                    </customfield>
                                                                                            <customfield id="customfield_12311820" key="com.pyxis.greenhopper.jira:gh-lexo-rank">
                        <customfieldname>Rank</customfieldname>
                        <customfieldvalues>
                            <customfieldvalue>0|i0rvuv:</customfieldvalue>

                        </customfieldvalues>
                    </customfield>
                                                                <customfield id="customfield_12310920" key="com.pyxis.greenhopper.jira:gh-global-rank">
                        <customfieldname>Rank (Obsolete)</customfieldname>
                        <customfieldvalues>
                            <customfieldvalue>160805</customfieldvalue>
                        </customfieldvalues>
                    </customfield>
                                                                                                                                                                                                                                        <customfield id="customfield_12310222" key="com.atlassian.jira.ext.charting:timeinstatus">
                        <customfieldname>Time in Status</customfieldname>
                        <customfieldvalues>
                            
                        </customfieldvalues>
                    </customfield>
                                                                                                                        </customfields>
    </item>
</channel>
</rss>