<!-- 
RSS generated by JIRA (6.3.4#6332-sha1:51bc225ef474afe3128b2f66878477f322397b16) at Fri Nov 18 23:26:35 UTC 2016

It is possible to restrict the fields that are returned in this document by specifying the 'field' parameter in your request.
For example, to request only the issue key and summary add field=key&field=summary to the URL of your request.
For example:
https://issues.apache.org/jira/si/jira.issueviews:issue-xml/MATH-805/MATH-805.xml?field=key&amp;field=summary
-->
<rss version="0.92" >
<channel>
    <title>ASF JIRA</title>
    <link>https://issues.apache.org/jira</link>
    <description>This file is an XML representation of an issue</description>
    <language>en-uk</language>    <build-info>
        <version>6.3.4</version>
        <build-number>6332</build-number>
        <build-date>15-08-2014</build-date>
    </build-info>

<item>
            <title>[MATH-805] Percentile calculation is very slow when input data are constants</title>
                <link>https://issues.apache.org/jira/browse/MATH-805</link>
                <project id="12310485" key="MATH">Commons Math</project>
                    <description>&lt;p&gt;I use the Percentile class to calculate quantile on a big array (10^6 entries). When I have to test the performance of my code, I notice that the calculation of quantile is at least 100x slower when my data are constants (10^6 of the same nomber). Maybe the Percentile calculation can be improved for this special case.&lt;/p&gt;</description>
                <environment></environment>
        <key id="12560360">MATH-805</key>
            <summary>Percentile calculation is very slow when input data are constants</summary>
                <type id="4" iconUrl="https://issues.apache.org/jira/images/icons/issuetypes/improvement.png">Improvement</type>
                                            <priority id="4" iconUrl="https://issues.apache.org/jira/images/icons/priorities/minor.png">Minor</priority>
                        <status id="6" iconUrl="https://issues.apache.org/jira/images/icons/statuses/closed.png" description="The issue is considered finished, the resolution is correct. Issues which are closed can be reopened.">Closed</status>
                    <statusCategory id="3" key="done" colorName="green"/>
                                    <resolution id="3">Duplicate</resolution>
                                        <assignee username="tn">Thomas Neidhart</assignee>
                                    <reporter username="teraben">Benoit de Rancourt</reporter>
                        <labels>
                            <label>performance</label>
                            <label>test</label>
                    </labels>
                <created>Tue, 12 Jun 2012 15:14:23 +0000</created>
                <updated>Mon, 4 Mar 2013 18:53:29 +0000</updated>
                            <resolved>Mon, 23 Jul 2012 20:01:57 +0000</resolved>
                                    <version>3.0</version>
                                    <fixVersion>3.1</fixVersion>
                                        <due></due>
                            <votes>0</votes>
                                    <watches>1</watches>
                                                                <comments>
                            <comment id="13414511" author="tn" created="Sat, 14 Jul 2012 21:22:30 +0000"  >&lt;p&gt;Hi Benoit,&lt;/p&gt;

&lt;p&gt;could you please provide a (simple) test case to demonstrate the behaviour you describe?&lt;/p&gt;

&lt;p&gt;Thanks,&lt;/p&gt;

&lt;p&gt;Thomas&lt;/p&gt;</comment>
                            <comment id="13416943" author="teraben" created="Wed, 18 Jul 2012 08:40:01 +0000"  >&lt;p&gt;Hello,&lt;/p&gt;

&lt;p&gt;Here is a simple test case :&lt;/p&gt;

&lt;div class=&quot;code panel&quot; style=&quot;border-style: solid;border-width: 1px;&quot;&gt;&lt;div class=&quot;codeHeader panelHeader&quot; style=&quot;border-bottom-width: 1px;border-bottom-style: solid;&quot;&gt;&lt;b&gt;testPercentile.java&lt;/b&gt;&lt;/div&gt;&lt;div class=&quot;codeContent panelContent&quot;&gt;
&lt;pre class=&quot;code-java&quot;&gt;
/**
 * Test the Percentile calculation
 */
&lt;span class=&quot;code-keyword&quot;&gt;public&lt;/span&gt; &lt;span class=&quot;code-keyword&quot;&gt;static&lt;/span&gt; void testPercentile() {
	
	&lt;span class=&quot;code-keyword&quot;&gt;final&lt;/span&gt; &lt;span class=&quot;code-object&quot;&gt;double&lt;/span&gt; CONST_NUMBER = 18.;
	&lt;span class=&quot;code-keyword&quot;&gt;final&lt;/span&gt; &lt;span class=&quot;code-object&quot;&gt;double&lt;/span&gt; PERCENT = 5.;
	&lt;span class=&quot;code-keyword&quot;&gt;final&lt;/span&gt; &lt;span class=&quot;code-object&quot;&gt;int&lt;/span&gt; DISTRIBUTION_SIZE = (&lt;span class=&quot;code-object&quot;&gt;int&lt;/span&gt;) 1e5;

	&lt;span class=&quot;code-object&quot;&gt;double&lt;/span&gt;[] distribution = &lt;span class=&quot;code-keyword&quot;&gt;new&lt;/span&gt; &lt;span class=&quot;code-object&quot;&gt;double&lt;/span&gt;[DISTRIBUTION_SIZE];
	Percentile percentile = &lt;span class=&quot;code-keyword&quot;&gt;new&lt;/span&gt; Percentile(PERCENT);
	Random random = &lt;span class=&quot;code-keyword&quot;&gt;new&lt;/span&gt; Random(&lt;span class=&quot;code-object&quot;&gt;System&lt;/span&gt;.nanoTime());
	
	&lt;span class=&quot;code-comment&quot;&gt;// filling the array with random number
&lt;/span&gt;	&lt;span class=&quot;code-keyword&quot;&gt;for&lt;/span&gt; (&lt;span class=&quot;code-object&quot;&gt;int&lt;/span&gt; i = 0; i &amp;lt; distribution.length; i++) {
		distribution[i] = random.nextDouble() * 100.;
	}
	
	&lt;span class=&quot;code-object&quot;&gt;System&lt;/span&gt;.out.println(&lt;span class=&quot;code-quote&quot;&gt;&quot;Start the calculation with random array&quot;&lt;/span&gt;);
	&lt;span class=&quot;code-object&quot;&gt;long&lt;/span&gt; begin = &lt;span class=&quot;code-object&quot;&gt;System&lt;/span&gt;.currentTimeMillis();
	&lt;span class=&quot;code-object&quot;&gt;double&lt;/span&gt; result = percentile.evaluate(distribution);
	&lt;span class=&quot;code-object&quot;&gt;long&lt;/span&gt; end = &lt;span class=&quot;code-object&quot;&gt;System&lt;/span&gt;.currentTimeMillis();
	&lt;span class=&quot;code-object&quot;&gt;System&lt;/span&gt;.out.println(&lt;span class=&quot;code-quote&quot;&gt;&quot;duration : &quot;&lt;/span&gt; + (end - begin) + &lt;span class=&quot;code-quote&quot;&gt;&quot;ms&quot;&lt;/span&gt;);
	&lt;span class=&quot;code-object&quot;&gt;System&lt;/span&gt;.out.println(&lt;span class=&quot;code-quote&quot;&gt;&quot;result : &quot;&lt;/span&gt; + result);
	
	&lt;span class=&quot;code-comment&quot;&gt;// filling the array with a constant number
&lt;/span&gt;	&lt;span class=&quot;code-keyword&quot;&gt;for&lt;/span&gt; (&lt;span class=&quot;code-object&quot;&gt;int&lt;/span&gt; i = 0; i &amp;lt; distribution.length; i++) {
		distribution[i] = CONST_NUMBER;
	}
	
	&lt;span class=&quot;code-object&quot;&gt;System&lt;/span&gt;.out.println(&lt;span class=&quot;code-quote&quot;&gt;&quot;Start the calculation with constant array&quot;&lt;/span&gt;);
	begin = &lt;span class=&quot;code-object&quot;&gt;System&lt;/span&gt;.currentTimeMillis();
	result = percentile.evaluate(distribution);
	end = &lt;span class=&quot;code-object&quot;&gt;System&lt;/span&gt;.currentTimeMillis();
	&lt;span class=&quot;code-object&quot;&gt;System&lt;/span&gt;.out.println(&lt;span class=&quot;code-quote&quot;&gt;&quot;duration : &quot;&lt;/span&gt; + (end - begin) + &lt;span class=&quot;code-quote&quot;&gt;&quot;ms&quot;&lt;/span&gt;);
	&lt;span class=&quot;code-object&quot;&gt;System&lt;/span&gt;.out.println(&lt;span class=&quot;code-quote&quot;&gt;&quot;result : &quot;&lt;/span&gt; + result);
}
&lt;/pre&gt;
&lt;/div&gt;&lt;/div&gt;

&lt;p&gt;Thanks,&lt;br/&gt;
Benoit.&lt;/p&gt;</comment>
                            <comment id="13417717" author="tn" created="Wed, 18 Jul 2012 21:43:17 +0000"  >&lt;p&gt;The evaluation of the percentile uses a partition method to sort the data around a pivot element (element that are smaller are before the pivot element, and elements that are larger are behind it).&lt;/p&gt;

&lt;p&gt;Now in case of an array with lots of equal values, this can lead to some kind of staircase situation, where the pivot element is just slowly increased from the bottom index and the full array of values has to be evaluated in each iteration. The problem is in the partition method of Percentile.java:&lt;/p&gt;

&lt;div class=&quot;preformatted panel&quot; style=&quot;border-width: 1px;&quot;&gt;&lt;div class=&quot;preformattedContent panelContent&quot;&gt;
&lt;pre&gt;    while (i &amp;lt; j) {
       while ((i &amp;lt; j) &amp;amp;&amp;amp; (work[j] &amp;gt;= value)) {
           --j;
       }
       while ((i &amp;lt; j) &amp;amp;&amp;amp; (work[i] &amp;lt;= value)) {
           ++i;
       }
    ...
&lt;/pre&gt;
&lt;/div&gt;&lt;/div&gt;

&lt;p&gt;The comparisons here use &amp;gt;= and &amp;lt;= while it should be &amp;gt; and &amp;lt;.&lt;/p&gt;</comment>
                            <comment id="13420186" author="tn" created="Sun, 22 Jul 2012 15:02:01 +0000"  >&lt;p&gt;Fixed in r1364318.&lt;/p&gt;</comment>
                            <comment id="13420922" author="tn" created="Mon, 23 Jul 2012 20:01:57 +0000"  >&lt;p&gt;Duplicate of &lt;a href=&quot;https://issues.apache.org/jira/browse/MATH-578&quot; title=&quot;Decrease DescriptiveStatistics performance from 2.0 to 2.2&quot; class=&quot;issue-link&quot; data-issue-key=&quot;MATH-578&quot;&gt;&lt;del&gt;MATH-578&lt;/del&gt;&lt;/a&gt;&lt;/p&gt;</comment>
                    </comments>
                <issuelinks>
                            <issuelinktype id="12310000">
                    <name>Duplicate</name>
                                            <outwardlinks description="duplicates">
                                        <issuelink>
            <issuekey id="12507371">MATH-578</issuekey>
        </issuelink>
                            </outwardlinks>
                                                        </issuelinktype>
                    </issuelinks>
                <attachments>
                    </attachments>
                <subtasks>
                    </subtasks>
                <customfields>
                                                <customfield id="customfield_12310310" key="com.atlassian.jira.toolkit:attachments">
                        <customfieldname>Attachment count</customfieldname>
                        <customfieldvalues>
                            <customfieldvalue>0.0</customfieldvalue>
                        </customfieldvalues>
                    </customfield>
                                                                                                                                                                                                                                                                                                                                                                                                                                                                                                                                <customfield id="customfield_12310220" key="com.atlassian.jira.ext.charting:firstresponsedate">
                        <customfieldname>Date of First Response</customfieldname>
                        <customfieldvalues>
                            <customfieldvalue>Sat, 14 Jul 2012 21:22:30 +0000</customfieldvalue>

                        </customfieldvalues>
                    </customfield>
                                                                                                                                                                                                                                                                                                                                                                                                                                            <customfield id="customfield_12310420" key="com.pyxis.greenhopper.jira:gh-global-rank">
                        <customfieldname>Global Rank</customfieldname>
                        <customfieldvalues>
                            <customfieldvalue>292298</customfieldvalue>
                        </customfieldvalues>
                    </customfield>
                                                                                                                        <customfield id="customfield_12312521" key="com.atlassian.jira.toolkit:LastCommentDate">
                        <customfieldname>Last public comment date</customfieldname>
                        <customfieldvalues>
                            4 years, 17 weeks, 4 days ago
                        </customfieldvalues>
                    </customfield>
                                                                                            <customfield id="customfield_12311820" key="com.pyxis.greenhopper.jira:gh-lexo-rank">
                        <customfieldname>Rank</customfieldname>
                        <customfieldvalues>
                            <customfieldvalue>0|i0rt4f:</customfieldvalue>

                        </customfieldvalues>
                    </customfield>
                                                                <customfield id="customfield_12310920" key="com.pyxis.greenhopper.jira:gh-global-rank">
                        <customfieldname>Rank (Obsolete)</customfieldname>
                        <customfieldvalues>
                            <customfieldvalue>160362</customfieldvalue>
                        </customfieldvalues>
                    </customfield>
                                                                                                                                                                                                                                        <customfield id="customfield_12310222" key="com.atlassian.jira.ext.charting:timeinstatus">
                        <customfieldname>Time in Status</customfieldname>
                        <customfieldvalues>
                            
                        </customfieldvalues>
                    </customfield>
                                                                                                                        </customfields>
    </item>
</channel>
</rss>