<!-- 
RSS generated by JIRA (6.3.4#6332-sha1:51bc225ef474afe3128b2f66878477f322397b16) at Fri Dec 02 17:51:40 UTC 2016

It is possible to restrict the fields that are returned in this document by specifying the 'field' parameter in your request.
For example, to request only the issue key and summary add field=key&field=summary to the URL of your request.
For example:
https://issues.apache.org/jira/si/jira.issueviews:issue-xml/MATH-32/MATH-32.xml?field=key&amp;field=summary
-->
<rss version="0.92" >
<channel>
    <title>ASF JIRA</title>
    <link>https://issues.apache.org/jira</link>
    <description>This file is an XML representation of an issue</description>
    <language>en-uk</language>    <build-info>
        <version>6.3.4</version>
        <build-number>6332</build-number>
        <build-date>15-08-2014</build-date>
    </build-info>

<item>
            <title>[MATH-32] [math] MathUtils  round Method issues</title>
                <link>https://issues.apache.org/jira/browse/MATH-32</link>
                <project id="12310485" key="MATH">Commons Math</project>
                    <description>&lt;p&gt;I was trying to use this class to round my float values.&lt;br/&gt;
class ==&amp;gt; org.apache.commons.math.util.MathUtils&lt;br/&gt;
method ==&amp;gt; round(float,scale)&lt;br/&gt;
Input 30.095 output 30.09 - ( i think should be  30.1)&lt;br/&gt;
Input 33.095 putput 33.1 - Correct&lt;br/&gt;
Input 50.085 output 50.08 - should have been 50.09&lt;br/&gt;
Input 50.185 output 50.19 - Correct&lt;br/&gt;
Input 50.005 output 50.01 - correct&lt;br/&gt;
Input 30.005 out put 30.0 - wrong&lt;br/&gt;
30.645 output - 30.65 - correct&lt;br/&gt;
So it seems there is some inconsistency. Not sure if its because of the how &lt;br/&gt;
BigDecimal.ROUND_HALF_UP works. but still the data is inconsistent.&lt;/p&gt;</description>
                <environment>&lt;p&gt;Operating System: Windows XP&lt;br/&gt;
Platform: Other&lt;/p&gt;</environment>
        <key id="12342410">MATH-32</key>
            <summary>[math] MathUtils  round Method issues</summary>
                <type id="1" iconUrl="https://issues.apache.org/jira/images/icons/issuetypes/bug.png">Bug</type>
                                            <priority id="3" iconUrl="https://issues.apache.org/jira/images/icons/priorities/major.png">Major</priority>
                        <status id="6" iconUrl="https://issues.apache.org/jira/images/icons/statuses/closed.png" description="The issue is considered finished, the resolution is correct. Issues which are closed can be reopened.">Closed</status>
                    <statusCategory id="3" key="done" colorName="green"/>
                                    <resolution id="1">Fixed</resolution>
                                        <assignee username="-1">Unassigned</assignee>
                                    <reporter username="vemurys@hotmail.com">Srinivas Vemury</reporter>
                        <labels>
                    </labels>
                <created>Thu, 28 Jul 2005 05:36:07 +0000</created>
                <updated>Mon, 23 Jul 2012 23:24:46 +0000</updated>
                            <resolved>Thu, 23 Apr 2009 02:26:03 +0000</resolved>
                                                                        <due></due>
                            <votes>0</votes>
                                    <watches>0</watches>
                                                                <comments>
                            <comment id="12409923" author="phil@steitz.com" created="Thu, 28 Jul 2005 22:25:26 +0000"  >&lt;p&gt;Looks like an byproduct of the BigDecimal conversions, as this should not be the&lt;br/&gt;
default behavior.  Thanks for reporting this. Junit test cases would be great.&lt;/p&gt;</comment>
                            <comment id="12409924" author="phil@steitz.com" created="Sat, 30 Jul 2005 16:31:40 +0000"  >&lt;p&gt;The problem was due to the (documented) &quot;unpredictable&quot; behavior of BigDecimal&lt;br/&gt;
constructor when supplied double values.  As a workaround, I changed the&lt;br/&gt;
implementation to pass a string argument instead. &lt;/p&gt;

&lt;p&gt;I am leaving this open, since I think we should eliminate use of BigDecimal&lt;br/&gt;
altogether and code the algorithms directly.  &lt;/p&gt;</comment>
                            <comment id="12409925" author="brentworden" created="Sat, 13 Aug 2005 12:53:03 +0000"  >&lt;p&gt;Fixed.  SVN Revision 231029.&lt;/p&gt;</comment>
                    </comments>
                    <attachments>
                    </attachments>
                <subtasks>
                    </subtasks>
                <customfields>
                                                <customfield id="customfield_12310310" key="com.atlassian.jira.toolkit:attachments">
                        <customfieldname>Attachment count</customfieldname>
                        <customfieldvalues>
                            <customfieldvalue>0.0</customfieldvalue>
                        </customfieldvalues>
                    </customfield>
                                                                                                                                                                                                                                                                                                                                                                                                                                                                        <customfield id="customfield_10010" key="com.atlassian.jira.plugin.system.customfieldtypes:importid">
                        <customfieldname>Bugzilla Id</customfieldname>
                        <customfieldvalues>
                            <customfieldvalue>35904</customfieldvalue>
                        </customfieldvalues>
                    </customfield>
                                                                                            <customfield id="customfield_12310220" key="com.atlassian.jira.ext.charting:firstresponsedate">
                        <customfieldname>Date of First Response</customfieldname>
                        <customfieldvalues>
                            <customfieldvalue>Thu, 28 Jul 2005 22:25:26 +0000</customfieldvalue>

                        </customfieldvalues>
                    </customfield>
                                                                                                                                                                                                                                                                                                                                                                                                                                            <customfield id="customfield_12310420" key="com.pyxis.greenhopper.jira:gh-global-rank">
                        <customfieldname>Global Rank</customfieldname>
                        <customfieldvalues>
                            <customfieldvalue>34149</customfieldvalue>
                        </customfieldvalues>
                    </customfield>
                                                                                                                        <customfield id="customfield_12312521" key="com.atlassian.jira.toolkit:LastCommentDate">
                        <customfieldname>Last public comment date</customfieldname>
                        <customfieldvalues>
                            11 years, 17 weeks, 6 days ago
                        </customfieldvalues>
                    </customfield>
                                                                                            <customfield id="customfield_12311820" key="com.pyxis.greenhopper.jira:gh-lexo-rank">
                        <customfieldname>Rank</customfieldname>
                        <customfieldvalues>
                            <customfieldvalue>0|i0rwxz:</customfieldvalue>

                        </customfieldvalues>
                    </customfield>
                                                                <customfield id="customfield_12310920" key="com.pyxis.greenhopper.jira:gh-global-rank">
                        <customfieldname>Rank (Obsolete)</customfieldname>
                        <customfieldvalues>
                            <customfieldvalue>160981</customfieldvalue>
                        </customfieldvalues>
                    </customfield>
                                                                                                                                                                                                                                                                                                                            </customfields>
    </item>
</channel>
</rss>