<!-- 
RSS generated by JIRA (6.3.4#6332-sha1:51bc225ef474afe3128b2f66878477f322397b16) at Sat Nov 19 23:30:50 UTC 2016

It is possible to restrict the fields that are returned in this document by specifying the 'field' parameter in your request.
For example, to request only the issue key and summary add field=key&field=summary to the URL of your request.
For example:
https://issues.apache.org/jira/si/jira.issueviews:issue-xml/MATH-720/MATH-720.xml?field=key&amp;field=summary
-->
<rss version="0.92" >
<channel>
    <title>ASF JIRA</title>
    <link>https://issues.apache.org/jira</link>
    <description>This file is an XML representation of an issue</description>
    <language>en-uk</language>    <build-info>
        <version>6.3.4</version>
        <build-number>6332</build-number>
        <build-date>15-08-2014</build-date>
    </build-info>

<item>
            <title>[MATH-720] RandomDataImpl uses both JDKRandomGenerator and Well19937c, while contract/javadoc only specifies Well19937c.</title>
                <link>https://issues.apache.org/jira/browse/MATH-720</link>
                <project id="12310485" key="MATH">Commons Math</project>
                    <description>&lt;p&gt;See attached unit test. I create a distribution, sample it (not printed), set the seed to 0, and then print the next sample. I also create the same distribution again, set the seed to 0, and then print the next sample. I expect the same sample, as in both cases the seed was set to 0, just before sampling. I however get this output:&lt;/p&gt;

&lt;div class=&quot;code panel&quot; style=&quot;border-width: 1px;&quot;&gt;&lt;div class=&quot;codeContent panelContent&quot;&gt;
&lt;pre class=&quot;code-java&quot;&gt;
5
4
&lt;/pre&gt;
&lt;/div&gt;&lt;/div&gt;

&lt;p&gt;The problem is in the org.apache.commons.math.random.RandomDataImpl class:&lt;/p&gt;
&lt;ul class=&quot;alternate&quot; type=&quot;square&quot;&gt;
	&lt;li&gt;The RandomDataImpl(RandomGenerator rand) constructor states in javadoc: &quot;@param rand the source of (non-secure) random data (may be null, resulting in default JDK-supplied generator)&quot;&lt;/li&gt;
	&lt;li&gt;reSeed(long seed) method does: if (rand == null) rand = new JDKRandomGenerator();&lt;/li&gt;
	&lt;li&gt;reSeed() method does: if (rand == null) rand = new JDKRandomGenerator();&lt;/li&gt;
	&lt;li&gt;class javadoc states: &quot;If no &amp;lt;code&amp;gt;RandomGenerator&amp;lt;/code&amp;gt; is provided in the constructor, the default is to use a Well19937c generator.&quot;&lt;/li&gt;
	&lt;li&gt;getRan() does: if (rand == null) rand = new Well19937c(System.currentTimeMillis() + System.identityHashCode(this));&lt;/li&gt;
	&lt;li&gt;getRan() states in javadoc: &quot;Creates and initializes a default generator if null. Uses a Well19937c generator with System.currentTimeMillis() + System.identityHashCode(this)) as the default seed.&quot;&lt;/li&gt;
&lt;/ul&gt;


&lt;p&gt;It seems that only Well19937c should be used, but the constructor javadoc, and the implementation of the reSeed methods was not updated to match this. I think the partial changes were done in &lt;a href=&quot;https://issues.apache.org/jira/browse/MATH-701&quot; title=&quot;Seeding a default RNG&quot; class=&quot;issue-link&quot; data-issue-key=&quot;MATH-701&quot;&gt;&lt;del&gt;MATH-701&lt;/del&gt;&lt;/a&gt;, more specifically, in commit &lt;span class=&quot;error&quot;&gt;&amp;#91;1197626&amp;#93;&lt;/span&gt; (and related commit &lt;span class=&quot;error&quot;&gt;&amp;#91;1197716&amp;#93;&lt;/span&gt;).&lt;/p&gt;</description>
                <environment></environment>
        <key id="12534185">MATH-720</key>
            <summary>RandomDataImpl uses both JDKRandomGenerator and Well19937c, while contract/javadoc only specifies Well19937c.</summary>
                <type id="1" iconUrl="https://issues.apache.org/jira/images/icons/issuetypes/bug.png">Bug</type>
                                            <priority id="3" iconUrl="https://issues.apache.org/jira/images/icons/priorities/major.png">Major</priority>
                        <status id="6" iconUrl="https://issues.apache.org/jira/images/icons/statuses/closed.png" description="The issue is considered finished, the resolution is correct. Issues which are closed can be reopened.">Closed</status>
                    <statusCategory id="3" key="done" colorName="green"/>
                                    <resolution id="1">Fixed</resolution>
                                        <assignee username="-1">Unassigned</assignee>
                                    <reporter username="dhendriks">Dennis Hendriks</reporter>
                        <labels>
                            <label>random</label>
                            <label>seed</label>
                    </labels>
                <created>Wed, 7 Dec 2011 14:04:39 +0000</created>
                <updated>Mon, 23 Jul 2012 23:24:47 +0000</updated>
                            <resolved>Mon, 12 Dec 2011 01:35:37 +0000</resolved>
                                                    <fixVersion>3.0</fixVersion>
                                        <due></due>
                            <votes>0</votes>
                                    <watches>1</watches>
                                                                <comments>
                            <comment id="13164408" author="dhendriks" created="Wed, 7 Dec 2011 14:05:27 +0000"  >&lt;p&gt;TestRandom.java: shows the problem, as described in the issue description.&lt;/p&gt;</comment>
                            <comment id="13164783" author="erans" created="Wed, 7 Dec 2011 22:30:08 +0000"  >&lt;p&gt;Good catch!&lt;/p&gt;

&lt;p&gt;This bug shows how safer it would be to have the &quot;rand&quot; field &quot;final&quot; (no need to test for &quot;null&quot; all over the place).&lt;/p&gt;</comment>
                            <comment id="13167306" author="psteitz" created="Mon, 12 Dec 2011 01:35:37 +0000"  >&lt;p&gt;Fixed in r1213130.&lt;/p&gt;</comment>
                    </comments>
                <issuelinks>
                            <issuelinktype id="12310010">
                    <name>Incorporates</name>
                                                                <inwardlinks description="is part of">
                                        <issuelink>
            <issuekey id="12530041">MATH-701</issuekey>
        </issuelink>
                            </inwardlinks>
                                    </issuelinktype>
                    </issuelinks>
                <attachments>
                            <attachment id="12506444" name="TestRandom.java" size="461" author="dhendriks" created="Wed, 7 Dec 2011 14:05:27 +0000"/>
                    </attachments>
                <subtasks>
                    </subtasks>
                <customfields>
                                                <customfield id="customfield_12310310" key="com.atlassian.jira.toolkit:attachments">
                        <customfieldname>Attachment count</customfieldname>
                        <customfieldvalues>
                            <customfieldvalue>1.0</customfieldvalue>
                        </customfieldvalues>
                    </customfield>
                                                                                                                                                                                                                                                                                                                                                                                                                                                                                                                                <customfield id="customfield_12310220" key="com.atlassian.jira.ext.charting:firstresponsedate">
                        <customfieldname>Date of First Response</customfieldname>
                        <customfieldvalues>
                            <customfieldvalue>Wed, 7 Dec 2011 22:30:08 +0000</customfieldvalue>

                        </customfieldvalues>
                    </customfield>
                                                                                                                                                                                                                                                                                                                                                                                                                                            <customfield id="customfield_12310420" key="com.pyxis.greenhopper.jira:gh-global-rank">
                        <customfieldname>Global Rank</customfieldname>
                        <customfieldvalues>
                            <customfieldvalue>219907</customfieldvalue>
                        </customfieldvalues>
                    </customfield>
                                                                                                                        <customfield id="customfield_12312521" key="com.atlassian.jira.toolkit:LastCommentDate">
                        <customfieldname>Last public comment date</customfieldname>
                        <customfieldvalues>
                            4 years, 49 weeks, 5 days ago
                        </customfieldvalues>
                    </customfield>
                                                                                            <customfield id="customfield_12311820" key="com.pyxis.greenhopper.jira:gh-lexo-rank">
                        <customfieldname>Rank</customfieldname>
                        <customfieldvalues>
                            <customfieldvalue>0|i0aoq7:</customfieldvalue>

                        </customfieldvalues>
                    </customfield>
                                                                <customfield id="customfield_12310920" key="com.pyxis.greenhopper.jira:gh-global-rank">
                        <customfieldname>Rank (Obsolete)</customfieldname>
                        <customfieldvalues>
                            <customfieldvalue>60279</customfieldvalue>
                        </customfieldvalues>
                    </customfield>
                                                                                                                                                                                                                                        <customfield id="customfield_12310222" key="com.atlassian.jira.ext.charting:timeinstatus">
                        <customfieldname>Time in Status</customfieldname>
                        <customfieldvalues>
                            
                        </customfieldvalues>
                    </customfield>
                                                                                                                        </customfields>
    </item>
</channel>
</rss>