<!-- 
RSS generated by JIRA (6.3.4#6332-sha1:51bc225ef474afe3128b2f66878477f322397b16) at Fri Nov 18 20:29:25 UTC 2016

It is possible to restrict the fields that are returned in this document by specifying the 'field' parameter in your request.
For example, to request only the issue key and summary add field=key&field=summary to the URL of your request.
For example:
https://issues.apache.org/jira/si/jira.issueviews:issue-xml/MATH-1208/MATH-1208.xml?field=key&amp;field=summary
-->
<rss version="0.92" >
<channel>
    <title>ASF JIRA</title>
    <link>https://issues.apache.org/jira</link>
    <description>This file is an XML representation of an issue</description>
    <language>en-uk</language>    <build-info>
        <version>6.3.4</version>
        <build-number>6332</build-number>
        <build-date>15-08-2014</build-date>
    </build-info>

<item>
            <title>[MATH-1208] EmpiricalDistribution cumulativeProbability can return NaN when evaluated within a constant bin</title>
                <link>https://issues.apache.org/jira/browse/MATH-1208</link>
                <project id="12310485" key="MATH">Commons Math</project>
                    <description>&lt;p&gt;If x belongs to a bin with no variance or to which a ConstantRealDistribution kernel has been assigned, cumulativeProbability&lt;img class=&quot;emoticon&quot; src=&quot;https://issues.apache.org/jira/images/icons/emoticons/error.gif&quot; height=&quot;16&quot; width=&quot;16&quot; align=&quot;absmiddle&quot; alt=&quot;&quot; border=&quot;0&quot;/&gt; can return NaN.&lt;/p&gt;</description>
                <environment></environment>
        <key id="12780371">MATH-1208</key>
            <summary>EmpiricalDistribution cumulativeProbability can return NaN when evaluated within a constant bin</summary>
                <type id="1" iconUrl="https://issues.apache.org/jira/images/icons/issuetypes/bug.png">Bug</type>
                                            <priority id="3" iconUrl="https://issues.apache.org/jira/images/icons/priorities/major.png">Major</priority>
                        <status id="6" iconUrl="https://issues.apache.org/jira/images/icons/statuses/closed.png" description="The issue is considered finished, the resolution is correct. Issues which are closed can be reopened.">Closed</status>
                    <statusCategory id="3" key="done" colorName="green"/>
                                    <resolution id="1">Fixed</resolution>
                                        <assignee username="-1">Unassigned</assignee>
                                    <reporter username="psteitz">Phil Steitz</reporter>
                        <labels>
                    </labels>
                <created>Mon, 9 Mar 2015 00:10:45 +0000</created>
                <updated>Sat, 18 Apr 2015 09:28:25 +0000</updated>
                            <resolved>Tue, 10 Mar 2015 00:25:33 +0000</resolved>
                                    <version>3.4.1</version>
                                    <fixVersion>4.0</fixVersion>
                    <fixVersion>3.5</fixVersion>
                                        <due></due>
                            <votes>0</votes>
                                    <watches>2</watches>
                                                                <comments>
                            <comment id="14352457" author="psteitz" created="Mon, 9 Mar 2015 02:40:16 +0000"  >&lt;p&gt;Fixed in &lt;br/&gt;
master: b148046add84f6c5bd19aeceb10c1a0fcf2e1283&lt;br/&gt;
3.x: d41364faa4f73fc885dcc9e99a838e8fa4c95998&lt;/p&gt;

&lt;p&gt;Fix was to eliminate interpolation within bin for bins having constant kernel distributions assigned.  For any x within a bin with constant kernel, cumulativeProbability(\x) is now the sum of the bin masses below the bin containing x plus the full mass of the bin to which x belongs.&lt;/p&gt;</comment>
                            <comment id="14352983" author="psteitz" created="Mon, 9 Mar 2015 13:51:11 +0000"  >&lt;p&gt;I think the fix I committed in master: b148046add84f6c5bd19aeceb10c1a0fcf2e1283 is incorrect.  When a constant kernel is explicitly set, behavior should pass the original version of testKernelOverrideConstant (with within-bin values less than the point mass not contributing the mass of the bin to the cumulative probability).   The special handling in cumulativeProbability should be&lt;/p&gt;
&lt;div class=&quot;code panel&quot; style=&quot;border-width: 1px;&quot;&gt;&lt;div class=&quot;codeContent panelContent&quot;&gt;
&lt;pre class=&quot;code-java&quot;&gt;
&lt;span class=&quot;code-keyword&quot;&gt;if&lt;/span&gt; (x &amp;lt; kernel.getNumericalMean()) {
    &lt;span class=&quot;code-keyword&quot;&gt;return&lt;/span&gt; pBminus;
 } &lt;span class=&quot;code-keyword&quot;&gt;else&lt;/span&gt; {
     &lt;span class=&quot;code-keyword&quot;&gt;return&lt;/span&gt; pBminus + pB;
 }
&lt;/pre&gt;
&lt;/div&gt;&lt;/div&gt;</comment>
                            <comment id="14353957" author="psteitz" created="Tue, 10 Mar 2015 00:25:33 +0000"  >&lt;p&gt;Updated fix applied in&lt;br/&gt;
master: ce2badf02e266a84e2485f1793f13bf722c29306&lt;br/&gt;
3.x: 13abd04b4633293153034e0348c5dc09ac8bd703&lt;/p&gt;</comment>
                            <comment id="14501213" author="luc" created="Sat, 18 Apr 2015 09:28:25 +0000"  >&lt;p&gt;Closing resolved issue as 3.5 has been released.&lt;/p&gt;</comment>
                    </comments>
                    <attachments>
                    </attachments>
                <subtasks>
                    </subtasks>
                <customfields>
                                                <customfield id="customfield_12310310" key="com.atlassian.jira.toolkit:attachments">
                        <customfieldname>Attachment count</customfieldname>
                        <customfieldvalues>
                            <customfieldvalue>0.0</customfieldvalue>
                        </customfieldvalues>
                    </customfield>
                                                                                                                                                                                                                                                                                                                                                                                                                                                                                                                                <customfield id="customfield_12310220" key="com.atlassian.jira.ext.charting:firstresponsedate">
                        <customfieldname>Date of First Response</customfieldname>
                        <customfieldvalues>
                            <customfieldvalue>Sat, 18 Apr 2015 09:28:25 +0000</customfieldvalue>

                        </customfieldvalues>
                    </customfield>
                                                                                                                                                                                                                                                                                                                                                                                                                                            <customfield id="customfield_12310420" key="com.pyxis.greenhopper.jira:gh-global-rank">
                        <customfieldname>Global Rank</customfieldname>
                        <customfieldvalues>
                            <customfieldvalue>9223372036854775807</customfieldvalue>
                        </customfieldvalues>
                    </customfield>
                                                                                                                        <customfield id="customfield_12312521" key="com.atlassian.jira.toolkit:LastCommentDate">
                        <customfieldname>Last public comment date</customfieldname>
                        <customfieldvalues>
                            1 year, 30 weeks, 6 days ago
                        </customfieldvalues>
                    </customfield>
                                                                                            <customfield id="customfield_12311820" key="com.pyxis.greenhopper.jira:gh-lexo-rank">
                        <customfieldname>Rank</customfieldname>
                        <customfieldvalues>
                            <customfieldvalue>0|i26hzb:</customfieldvalue>

                        </customfieldvalues>
                    </customfield>
                                                                <customfield id="customfield_12310920" key="com.pyxis.greenhopper.jira:gh-global-rank">
                        <customfieldname>Rank (Obsolete)</customfieldname>
                        <customfieldvalues>
                            <customfieldvalue>9223372036854775807</customfieldvalue>
                        </customfieldvalues>
                    </customfield>
                                                                                                                                                                                                                                        <customfield id="customfield_12310222" key="com.atlassian.jira.ext.charting:timeinstatus">
                        <customfieldname>Time in Status</customfieldname>
                        <customfieldvalues>
                            
                        </customfieldvalues>
                    </customfield>
                                                                                                                        </customfields>
    </item>
</channel>
</rss>