<!-- 
RSS generated by JIRA (6.3.4#6332-sha1:51bc225ef474afe3128b2f66878477f322397b16) at Sat Nov 19 22:12:21 UTC 2016

It is possible to restrict the fields that are returned in this document by specifying the 'field' parameter in your request.
For example, to request only the issue key and summary add field=key&field=summary to the URL of your request.
For example:
https://issues.apache.org/jira/si/jira.issueviews:issue-xml/MATH-395/MATH-395.xml?field=key&amp;field=summary
-->
<rss version="0.92" >
<channel>
    <title>ASF JIRA</title>
    <link>https://issues.apache.org/jira</link>
    <description>This file is an XML representation of an issue</description>
    <language>en-uk</language>    <build-info>
        <version>6.3.4</version>
        <build-number>6332</build-number>
        <build-date>15-08-2014</build-date>
    </build-info>

<item>
            <title>[MATH-395] Bugs in &quot;BrentOptimizer&quot;</title>
                <link>https://issues.apache.org/jira/browse/MATH-395</link>
                <project id="12310485" key="MATH">Commons Math</project>
                    <description>&lt;p&gt;I apologize for having provided a buggy implementation of Brent&apos;s optimization algorithm (class &quot;BrentOptimizer&quot; in package &quot;optimization.univariate&quot;).&lt;br/&gt;
The unit tests didn&apos;t show that there was something wrong, although (from the &quot;changes.xml&quot; file) I discovered that, at the time, Luc had noticed something weird in the implementation&apos;s behaviour.&lt;br/&gt;
Comparing with an implementation in Python, I could figure out the fixes. I&apos;ll modify &quot;BrentOptimizer&quot; and add a test. I also propose to change the name of the unit test class from &quot;BrentMinimizerTest&quot; to &quot;BrentOptimizerTest&quot;.&lt;/p&gt;</description>
                <environment></environment>
        <key id="12470120">MATH-395</key>
            <summary>Bugs in &quot;BrentOptimizer&quot;</summary>
                <type id="1" iconUrl="https://issues.apache.org/jira/images/icons/issuetypes/bug.png">Bug</type>
                                            <priority id="3" iconUrl="https://issues.apache.org/jira/images/icons/priorities/major.png">Major</priority>
                        <status id="6" iconUrl="https://issues.apache.org/jira/images/icons/statuses/closed.png" description="The issue is considered finished, the resolution is correct. Issues which are closed can be reopened.">Closed</status>
                    <statusCategory id="3" key="done" colorName="green"/>
                                    <resolution id="1">Fixed</resolution>
                                        <assignee username="erans">Gilles</assignee>
                                    <reporter username="erans">Gilles</reporter>
                        <labels>
                    </labels>
                <created>Sun, 25 Jul 2010 21:26:33 +0000</created>
                <updated>Wed, 23 Mar 2011 20:14:58 +0000</updated>
                            <resolved>Wed, 28 Jul 2010 12:11:09 +0000</resolved>
                                    <version>2.1</version>
                                    <fixVersion>2.2</fixVersion>
                                        <due></due>
                            <votes>0</votes>
                                    <watches>0</watches>
                                                                <comments>
                            <comment id="12892283" author="erans" created="Mon, 26 Jul 2010 12:19:33 +0000"  >&lt;p&gt;Bugs corrected in revision 979257.&lt;br/&gt;
Not resolving yet because the implementation still does not behave as the Python one. I&apos;ve added a unit test that indicates the discrepancies (with &quot;XXX&quot; markers).&lt;/p&gt;</comment>
                            <comment id="12893151" author="erans" created="Wed, 28 Jul 2010 12:11:09 +0000"  >&lt;p&gt;Last bug fixed in revision 980032.&lt;br/&gt;
&lt;span class=&quot;error&quot;&gt;&amp;#91;This revision also contains the modifications due to the changes in &amp;quot;AbstractUnivariateRealOptimizer&amp;quot;.&amp;#93;&lt;/span&gt;&lt;/p&gt;

&lt;p&gt;The test comparing with Python has been removed because a tracing of the execution paths (in Python and Java) showed that the remaining discrepancies were due to different values being used for the &quot;golden ratio&quot; constant.&lt;/p&gt;</comment>
                            <comment id="13010360" author="luc" created="Wed, 23 Mar 2011 20:14:58 +0000"  >&lt;p&gt;Closing issue as it was included in version 2.2, which has been released&lt;/p&gt;</comment>
                    </comments>
                    <attachments>
                    </attachments>
                <subtasks>
                    </subtasks>
                <customfields>
                                                <customfield id="customfield_12310310" key="com.atlassian.jira.toolkit:attachments">
                        <customfieldname>Attachment count</customfieldname>
                        <customfieldvalues>
                            <customfieldvalue>0.0</customfieldvalue>
                        </customfieldvalues>
                    </customfield>
                                                                                                                                                                                                                                                                                                                                                                                                                                                                                                                                <customfield id="customfield_12310220" key="com.atlassian.jira.ext.charting:firstresponsedate">
                        <customfieldname>Date of First Response</customfieldname>
                        <customfieldvalues>
                            <customfieldvalue>Wed, 23 Mar 2011 20:14:58 +0000</customfieldvalue>

                        </customfieldvalues>
                    </customfield>
                                                                                                                                                                                                                                                                                                                                                                                                                                            <customfield id="customfield_12310420" key="com.pyxis.greenhopper.jira:gh-global-rank">
                        <customfieldname>Global Rank</customfieldname>
                        <customfieldvalues>
                            <customfieldvalue>34142</customfieldvalue>
                        </customfieldvalues>
                    </customfield>
                                                                                                                        <customfield id="customfield_12312521" key="com.atlassian.jira.toolkit:LastCommentDate">
                        <customfieldname>Last public comment date</customfieldname>
                        <customfieldvalues>
                            5 years, 35 weeks, 3 days ago
                        </customfieldvalues>
                    </customfield>
                                                                                            <customfield id="customfield_12311820" key="com.pyxis.greenhopper.jira:gh-lexo-rank">
                        <customfieldname>Rank</customfieldname>
                        <customfieldvalues>
                            <customfieldvalue>0|i0ruqf:</customfieldvalue>

                        </customfieldvalues>
                    </customfield>
                                                                <customfield id="customfield_12310920" key="com.pyxis.greenhopper.jira:gh-global-rank">
                        <customfieldname>Rank (Obsolete)</customfieldname>
                        <customfieldvalues>
                            <customfieldvalue>160623</customfieldvalue>
                        </customfieldvalues>
                    </customfield>
                                                                                                                                                                                                                                        <customfield id="customfield_12310222" key="com.atlassian.jira.ext.charting:timeinstatus">
                        <customfieldname>Time in Status</customfieldname>
                        <customfieldvalues>
                            
                        </customfieldvalues>
                    </customfield>
                                                                                                                        </customfields>
    </item>
</channel>
</rss>