<!-- 
RSS generated by JIRA (6.3.4#6332-sha1:51bc225ef474afe3128b2f66878477f322397b16) at Sun Nov 20 00:15:00 UTC 2016

It is possible to restrict the fields that are returned in this document by specifying the 'field' parameter in your request.
For example, to request only the issue key and summary add field=key&field=summary to the URL of your request.
For example:
https://issues.apache.org/jira/si/jira.issueviews:issue-xml/MATH-424/MATH-424.xml?field=key&amp;field=summary
-->
<rss version="0.92" >
<channel>
    <title>ASF JIRA</title>
    <link>https://issues.apache.org/jira</link>
    <description>This file is an XML representation of an issue</description>
    <language>en-uk</language>    <build-info>
        <version>6.3.4</version>
        <build-number>6332</build-number>
        <build-date>15-08-2014</build-date>
    </build-info>

<item>
            <title>[MATH-424] MultiDimensionMismatchException.getWrongDimensions() fails to clone the array</title>
                <link>https://issues.apache.org/jira/browse/MATH-424</link>
                <project id="12310485" key="MATH">Commons Math</project>
                    <description>&lt;p&gt;MultiDimensionMismatchException.getWrongDimensions() returns a pointer to the array, which allows callers to modify it.&lt;/p&gt;

&lt;p&gt;The constructor takes care to clone the input array, so presumably the getter should do so too?&lt;/p&gt;

&lt;p&gt;Same applies to getExpectedDimensions()&lt;/p&gt;</description>
                <environment></environment>
        <key id="12475638">MATH-424</key>
            <summary>MultiDimensionMismatchException.getWrongDimensions() fails to clone the array</summary>
                <type id="1" iconUrl="https://issues.apache.org/jira/images/icons/issuetypes/bug.png">Bug</type>
                                            <priority id="3" iconUrl="https://issues.apache.org/jira/images/icons/priorities/major.png">Major</priority>
                        <status id="6" iconUrl="https://issues.apache.org/jira/images/icons/statuses/closed.png" description="The issue is considered finished, the resolution is correct. Issues which are closed can be reopened.">Closed</status>
                    <statusCategory id="3" key="done" colorName="green"/>
                                    <resolution id="1">Fixed</resolution>
                                        <assignee username="erans">Gilles</assignee>
                                    <reporter username="sebb@apache.org">Sebb</reporter>
                        <labels>
                    </labels>
                <created>Fri, 1 Oct 2010 16:36:53 +0000</created>
                <updated>Wed, 23 Mar 2011 20:24:11 +0000</updated>
                            <resolved>Fri, 1 Oct 2010 18:11:48 +0000</resolved>
                                                                        <due></due>
                            <votes>0</votes>
                                    <watches>0</watches>
                                                                <comments>
                            <comment id="12916949" author="erans" created="Fri, 1 Oct 2010 16:57:56 +0000"  >&lt;p&gt;I knew about this one. I didn&apos;t &quot;clone&quot; because I figured out that one should be pretty pervert to fiddle with data coming from an exception. At that point, the only sane thing would be to examine/print the content...&lt;br/&gt;
So this is an optimization to avoid copying the data several times (see the accessor methods in the subclass &lt;tt&gt;MatrixDimensionMismatchException&lt;/tt&gt;).&lt;/p&gt;</comment>
                            <comment id="12916967" author="sebb@apache.org" created="Fri, 1 Oct 2010 17:41:11 +0000"  >&lt;p&gt;Another way to avoid copying yet still provide read-only access to the array would be to use an indexed getter.&lt;/p&gt;

&lt;p&gt;That would be safe even for &quot;insane&quot; code.&lt;/p&gt;</comment>
                            <comment id="12916985" author="erans" created="Fri, 1 Oct 2010 18:11:48 +0000"  >&lt;p&gt;Resolved as suggested (revision 1003606).&lt;/p&gt;</comment>
                            <comment id="13010383" author="luc" created="Wed, 23 Mar 2011 20:24:11 +0000"  >&lt;p&gt;Closing issue as it was included in version 2.2, which has been released&lt;/p&gt;</comment>
                    </comments>
                    <attachments>
                    </attachments>
                <subtasks>
                    </subtasks>
                <customfields>
                                                <customfield id="customfield_12310310" key="com.atlassian.jira.toolkit:attachments">
                        <customfieldname>Attachment count</customfieldname>
                        <customfieldvalues>
                            <customfieldvalue>0.0</customfieldvalue>
                        </customfieldvalues>
                    </customfield>
                                                                                                                                                                                                                                                                                                                                                                                                                                                                                                                                <customfield id="customfield_12310220" key="com.atlassian.jira.ext.charting:firstresponsedate">
                        <customfieldname>Date of First Response</customfieldname>
                        <customfieldvalues>
                            <customfieldvalue>Fri, 1 Oct 2010 16:57:56 +0000</customfieldvalue>

                        </customfieldvalues>
                    </customfield>
                                                                                                                                                                                                                                                                                                                                                                                                                                            <customfield id="customfield_12310420" key="com.pyxis.greenhopper.jira:gh-global-rank">
                        <customfieldname>Global Rank</customfieldname>
                        <customfieldvalues>
                            <customfieldvalue>150567</customfieldvalue>
                        </customfieldvalues>
                    </customfield>
                                                                                                                        <customfield id="customfield_12312521" key="com.atlassian.jira.toolkit:LastCommentDate">
                        <customfieldname>Last public comment date</customfieldname>
                        <customfieldvalues>
                            5 years, 35 weeks, 3 days ago
                        </customfieldvalues>
                    </customfield>
                                                                                            <customfield id="customfield_12311820" key="com.pyxis.greenhopper.jira:gh-lexo-rank">
                        <customfieldname>Rank</customfieldname>
                        <customfieldvalues>
                            <customfieldvalue>0|i0ruk7:</customfieldvalue>

                        </customfieldvalues>
                    </customfield>
                                                                <customfield id="customfield_12310920" key="com.pyxis.greenhopper.jira:gh-global-rank">
                        <customfieldname>Rank (Obsolete)</customfieldname>
                        <customfieldvalues>
                            <customfieldvalue>160595</customfieldvalue>
                        </customfieldvalues>
                    </customfield>
                                                                                                                                                                                                                                        <customfield id="customfield_12310222" key="com.atlassian.jira.ext.charting:timeinstatus">
                        <customfieldname>Time in Status</customfieldname>
                        <customfieldvalues>
                            
                        </customfieldvalues>
                    </customfield>
                                                                                                                        </customfields>
    </item>
</channel>
</rss>