<!-- 
RSS generated by JIRA (6.3.4#6332-sha1:51bc225ef474afe3128b2f66878477f322397b16) at Fri Nov 18 20:29:02 UTC 2016

It is possible to restrict the fields that are returned in this document by specifying the 'field' parameter in your request.
For example, to request only the issue key and summary add field=key&field=summary to the URL of your request.
For example:
https://issues.apache.org/jira/si/jira.issueviews:issue-xml/MATH-1209/MATH-1209.xml?field=key&amp;field=summary
-->
<rss version="0.92" >
<channel>
    <title>ASF JIRA</title>
    <link>https://issues.apache.org/jira</link>
    <description>This file is an XML representation of an issue</description>
    <language>en-uk</language>    <build-info>
        <version>6.3.4</version>
        <build-number>6332</build-number>
        <build-date>15-08-2014</build-date>
    </build-info>

<item>
            <title>[MATH-1209] Documentation in PoissonDistribution.sample() has dead link</title>
                <link>https://issues.apache.org/jira/browse/MATH-1209</link>
                <project id="12310485" key="MATH">Commons Math</project>
                    <description>&lt;p&gt;The link in the javadoc at &lt;a href=&quot;http://commons.apache.org/proper/commons-math/apidocs/org/apache/commons/math3/distribution/PoissonDistribution.html&quot; class=&quot;external-link&quot; rel=&quot;nofollow&quot;&gt;http://commons.apache.org/proper/commons-math/apidocs/org/apache/commons/math3/distribution/PoissonDistribution.html&lt;/a&gt; for the sample() method points to &lt;a href=&quot;http://irmi.epfl.ch/cmos/Pmmi/interactive/rng7.htm&quot; class=&quot;external-link&quot; rel=&quot;nofollow&quot;&gt;http://irmi.epfl.ch/cmos/Pmmi/interactive/rng7.htm&lt;/a&gt;.  This link is dead.  I found it on the internet archive at &lt;a href=&quot;https://web.archive.org/web/20090909055517/http://irmi.epfl.ch/cmos/Pmmi/interactive/rng7.htm&quot; class=&quot;external-link&quot; rel=&quot;nofollow&quot;&gt;https://web.archive.org/web/20090909055517/http://irmi.epfl.ch/cmos/Pmmi/interactive/rng7.htm&lt;/a&gt;.  The documentation should be updated or maybe Apache should mirror the page.&lt;/p&gt;</description>
                <environment></environment>
        <key id="12781252">MATH-1209</key>
            <summary>Documentation in PoissonDistribution.sample() has dead link</summary>
                <type id="1" iconUrl="https://issues.apache.org/jira/images/icons/issuetypes/bug.png">Bug</type>
                                            <priority id="3" iconUrl="https://issues.apache.org/jira/images/icons/priorities/major.png">Major</priority>
                        <status id="6" iconUrl="https://issues.apache.org/jira/images/icons/statuses/closed.png" description="The issue is considered finished, the resolution is correct. Issues which are closed can be reopened.">Closed</status>
                    <statusCategory id="3" key="done" colorName="green"/>
                                    <resolution id="1">Fixed</resolution>
                                        <assignee username="-1">Unassigned</assignee>
                                    <reporter username="jcogilvie">Jonathan Ogilvie</reporter>
                        <labels>
                    </labels>
                <created>Wed, 11 Mar 2015 17:09:55 +0000</created>
                <updated>Sat, 18 Apr 2015 09:28:24 +0000</updated>
                            <resolved>Wed, 11 Mar 2015 21:15:01 +0000</resolved>
                                    <version>3.4.1</version>
                                    <fixVersion>4.0</fixVersion>
                    <fixVersion>3.5</fixVersion>
                                        <due></due>
                            <votes>0</votes>
                                    <watches>2</watches>
                                                                <comments>
                            <comment id="14357624" author="tn" created="Wed, 11 Mar 2015 21:15:01 +0000"  >&lt;p&gt;Fixed:&lt;/p&gt;

&lt;ul&gt;
	&lt;li&gt;master: bfb3cf8bba6aab198c4644e236bbc9f3807111d0&lt;/li&gt;
	&lt;li&gt;MATH_3_X: 502335307709b17707d5c28707d668544c85d839&lt;/li&gt;
&lt;/ul&gt;


&lt;p&gt;I have found another link at the original website.&lt;br/&gt;
Thanks for the report!&lt;/p&gt;</comment>
                            <comment id="14501209" author="luc" created="Sat, 18 Apr 2015 09:28:24 +0000"  >&lt;p&gt;Closing resolved issue as 3.5 has been released.&lt;/p&gt;</comment>
                    </comments>
                    <attachments>
                    </attachments>
                <subtasks>
                    </subtasks>
                <customfields>
                                                <customfield id="customfield_12310310" key="com.atlassian.jira.toolkit:attachments">
                        <customfieldname>Attachment count</customfieldname>
                        <customfieldvalues>
                            <customfieldvalue>0.0</customfieldvalue>
                        </customfieldvalues>
                    </customfield>
                                                                                                                                                                                                                                                                                                                                                                                                                                                                                                                                <customfield id="customfield_12310220" key="com.atlassian.jira.ext.charting:firstresponsedate">
                        <customfieldname>Date of First Response</customfieldname>
                        <customfieldvalues>
                            <customfieldvalue>Wed, 11 Mar 2015 21:15:01 +0000</customfieldvalue>

                        </customfieldvalues>
                    </customfield>
                                                                                                                                                                                                                                                                                                                                                                                                                                            <customfield id="customfield_12310420" key="com.pyxis.greenhopper.jira:gh-global-rank">
                        <customfieldname>Global Rank</customfieldname>
                        <customfieldvalues>
                            <customfieldvalue>9223372036854775807</customfieldvalue>
                        </customfieldvalues>
                    </customfield>
                                                                                                                        <customfield id="customfield_12312521" key="com.atlassian.jira.toolkit:LastCommentDate">
                        <customfieldname>Last public comment date</customfieldname>
                        <customfieldvalues>
                            1 year, 30 weeks, 6 days ago
                        </customfieldvalues>
                    </customfield>
                                                                                            <customfield id="customfield_12311820" key="com.pyxis.greenhopper.jira:gh-lexo-rank">
                        <customfieldname>Rank</customfieldname>
                        <customfieldvalues>
                            <customfieldvalue>0|i26nav:</customfieldvalue>

                        </customfieldvalues>
                    </customfield>
                                                                <customfield id="customfield_12310920" key="com.pyxis.greenhopper.jira:gh-global-rank">
                        <customfieldname>Rank (Obsolete)</customfieldname>
                        <customfieldvalues>
                            <customfieldvalue>9223372036854775807</customfieldvalue>
                        </customfieldvalues>
                    </customfield>
                                                                                                                                                                                                                                        <customfield id="customfield_12310222" key="com.atlassian.jira.ext.charting:timeinstatus">
                        <customfieldname>Time in Status</customfieldname>
                        <customfieldvalues>
                            
                        </customfieldvalues>
                    </customfield>
                                                                                                                        </customfields>
    </item>
</channel>
</rss>