<!-- 
RSS generated by JIRA (6.3.4#6332-sha1:51bc225ef474afe3128b2f66878477f322397b16) at Sat Nov 19 20:30:27 UTC 2016

It is possible to restrict the fields that are returned in this document by specifying the 'field' parameter in your request.
For example, to request only the issue key and summary add field=key&field=summary to the URL of your request.
For example:
https://issues.apache.org/jira/si/jira.issueviews:issue-xml/MATH-1356/MATH-1356.xml?field=key&amp;field=summary
-->
<rss version="0.92" >
<channel>
    <title>ASF JIRA</title>
    <link>https://issues.apache.org/jira</link>
    <description>This file is an XML representation of an issue</description>
    <language>en-uk</language>    <build-info>
        <version>6.3.4</version>
        <build-number>6332</build-number>
        <build-date>15-08-2014</build-date>
    </build-info>

<item>
            <title>[MATH-1356] HypergeometricDistribution probability give NaN result</title>
                <link>https://issues.apache.org/jira/browse/MATH-1356</link>
                <project id="12310485" key="MATH">Commons Math</project>
                    <description>&lt;p&gt;Hi,&lt;br/&gt;
Unless I am mistaken the HypergeometricDistribution probability method returns NaN for the following cases :&lt;/p&gt;

&lt;p&gt;HypergeometricDistribution hgd = new HypergeometricDistribution(11,11,1);&lt;br/&gt;
double probIT = hgd.probability(1);&lt;/p&gt;

&lt;p&gt;HypergeometricDistribution hgd = new HypergeometricDistribution(11,11,11);&lt;br/&gt;
double probIT = hgd.probability(11);&lt;/p&gt;

&lt;p&gt;I think it should return 1.0&lt;br/&gt;
Thanks,&lt;br/&gt;
Thomas&lt;/p&gt;</description>
                <environment>&lt;p&gt;Windows&lt;/p&gt;</environment>
        <key id="12958453">MATH-1356</key>
            <summary>HypergeometricDistribution probability give NaN result</summary>
                <type id="1" iconUrl="https://issues.apache.org/jira/images/icons/issuetypes/bug.png">Bug</type>
                                            <priority id="3" iconUrl="https://issues.apache.org/jira/images/icons/priorities/major.png">Major</priority>
                        <status id="5" iconUrl="https://issues.apache.org/jira/images/icons/statuses/resolved.png" description="A resolution has been taken, and it is awaiting verification by reporter. From here issues are either reopened, or are closed.">Resolved</status>
                    <statusCategory id="3" key="done" colorName="green"/>
                                    <resolution id="1">Fixed</resolution>
                                        <assignee username="-1">Unassigned</assignee>
                                    <reporter username="tlacroix">Lacroix Thomas</reporter>
                        <labels>
                    </labels>
                <created>Wed, 13 Apr 2016 12:27:15 +0000</created>
                <updated>Tue, 6 Sep 2016 06:48:27 +0000</updated>
                            <resolved>Fri, 6 May 2016 21:31:32 +0000</resolved>
                                    <version>3.6.1</version>
                                    <fixVersion>4.0</fixVersion>
                                        <due></due>
                            <votes>0</votes>
                                    <watches>2</watches>
                                                                <comments>
                            <comment id="15239357" author="erans" created="Wed, 13 Apr 2016 14:47:00 +0000"  >&lt;p&gt;Bug(s) indeed:&lt;/p&gt;
&lt;ul&gt;
	&lt;li&gt;failing to check precondition(s) that lead to computing &quot;0 * infinity&quot;, and/or&lt;/li&gt;
	&lt;li&gt;failing to give the correct result in partcular cases (that throw off the implementation)&lt;/li&gt;
&lt;/ul&gt;


&lt;p&gt;The NaN is created in &lt;tt&gt;SaddleExpansion.logBinomialProbability&lt;/tt&gt; and &lt;tt&gt;SaddleExpansion.getDeviancePart&lt;/tt&gt;.&lt;br/&gt;
Both perform a computation like the above.&lt;/p&gt;

&lt;p&gt;Case&lt;/p&gt;
&lt;div class=&quot;preformatted panel&quot; style=&quot;border-width: 1px;&quot;&gt;&lt;div class=&quot;preformattedContent panelContent&quot;&gt;
&lt;pre&gt;double probIT = hgd.probability(0);
&lt;/pre&gt;
&lt;/div&gt;&lt;/div&gt;
&lt;p&gt;also produces NaN.&lt;/p&gt;</comment>
                            <comment id="15240904" author="erans" created="Thu, 14 Apr 2016 10:07:52 +0000"  >&lt;p&gt;I propose to commit the attached patch in branch &quot;feature-&lt;a href=&quot;https://issues.apache.org/jira/browse/MATH-1158&quot; title=&quot;Factory method to provide sampling from distributions&quot; class=&quot;issue-link&quot; data-issue-key=&quot;MATH-1158&quot;&gt;&lt;del&gt;MATH-1158&lt;/del&gt;&lt;/a&gt;&quot; (since it contains modified versions, w.r.t. &quot;develop&quot; of the files in package &lt;tt&gt;o.a.c.math4.distribution&lt;/tt&gt;).&lt;/p&gt;</comment>
                            <comment id="15247582" author="erans" created="Tue, 19 Apr 2016 11:28:36 +0000"  >&lt;p&gt;Commit pushed to branch &quot;feature-&lt;a href=&quot;https://issues.apache.org/jira/browse/MATH-1158&quot; title=&quot;Factory method to provide sampling from distributions&quot; class=&quot;issue-link&quot; data-issue-key=&quot;MATH-1158&quot;&gt;&lt;del&gt;MATH-1158&lt;/del&gt;&lt;/a&gt;&quot;.&lt;/p&gt;</comment>
                    </comments>
                <issuelinks>
                            <issuelinktype id="12310000">
                    <name>Duplicate</name>
                                                                <inwardlinks description="is duplicated by">
                                        <issuelink>
            <issuekey id="13002817">MATH-1384</issuekey>
        </issuelink>
                            </inwardlinks>
                                    </issuelinktype>
                    </issuelinks>
                <attachments>
                            <attachment id="12798698" name="MATH-1356.patch" size="2451" author="erans" created="Thu, 14 Apr 2016 10:07:52 +0000"/>
                    </attachments>
                <subtasks>
                    </subtasks>
                <customfields>
                                                <customfield id="customfield_12310310" key="com.atlassian.jira.toolkit:attachments">
                        <customfieldname>Attachment count</customfieldname>
                        <customfieldvalues>
                            <customfieldvalue>1.0</customfieldvalue>
                        </customfieldvalues>
                    </customfield>
                                                                                                                                                                                                                                                                                                                                                                                                                                                                                                                                <customfield id="customfield_12310220" key="com.atlassian.jira.ext.charting:firstresponsedate">
                        <customfieldname>Date of First Response</customfieldname>
                        <customfieldvalues>
                            <customfieldvalue>Wed, 13 Apr 2016 14:47:00 +0000</customfieldvalue>

                        </customfieldvalues>
                    </customfield>
                                                                                                                                                                                                                                                                                                                                                                                                                                            <customfield id="customfield_12310420" key="com.pyxis.greenhopper.jira:gh-global-rank">
                        <customfieldname>Global Rank</customfieldname>
                        <customfieldvalues>
                            <customfieldvalue>9223372036854775807</customfieldvalue>
                        </customfieldvalues>
                    </customfield>
                                                                                                                        <customfield id="customfield_12312521" key="com.atlassian.jira.toolkit:LastCommentDate">
                        <customfieldname>Last public comment date</customfieldname>
                        <customfieldvalues>
                            30 weeks, 4 days ago
                        </customfieldvalues>
                    </customfield>
                                                                                            <customfield id="customfield_12311820" key="com.pyxis.greenhopper.jira:gh-lexo-rank">
                        <customfieldname>Rank</customfieldname>
                        <customfieldvalues>
                            <customfieldvalue>0|i2w21b:</customfieldvalue>

                        </customfieldvalues>
                    </customfield>
                                                                <customfield id="customfield_12310920" key="com.pyxis.greenhopper.jira:gh-global-rank">
                        <customfieldname>Rank (Obsolete)</customfieldname>
                        <customfieldvalues>
                            <customfieldvalue>9223372036854775807</customfieldvalue>
                        </customfieldvalues>
                    </customfield>
                                                                                                                                                                                                                                        <customfield id="customfield_12310222" key="com.atlassian.jira.ext.charting:timeinstatus">
                        <customfieldname>Time in Status</customfieldname>
                        <customfieldvalues>
                            
                        </customfieldvalues>
                    </customfield>
                                                                                                                        </customfields>
    </item>
</channel>
</rss>