<!-- 
RSS generated by JIRA (6.3.4#6332-sha1:51bc225ef474afe3128b2f66878477f322397b16) at Fri Nov 18 21:21:22 UTC 2016

It is possible to restrict the fields that are returned in this document by specifying the 'field' parameter in your request.
For example, to request only the issue key and summary add field=key&field=summary to the URL of your request.
For example:
https://issues.apache.org/jira/si/jira.issueviews:issue-xml/MATH-1151/MATH-1151.xml?field=key&amp;field=summary
-->
<rss version="0.92" >
<channel>
    <title>ASF JIRA</title>
    <link>https://issues.apache.org/jira</link>
    <description>This file is an XML representation of an issue</description>
    <language>en-uk</language>    <build-info>
        <version>6.3.4</version>
        <build-number>6332</build-number>
        <build-date>15-08-2014</build-date>
    </build-info>

<item>
            <title>[MATH-1151] Cast can fail in &quot;LazyUnweightedEvaluation&quot;</title>
                <link>https://issues.apache.org/jira/browse/MATH-1151</link>
                <project id="12310485" key="MATH">Commons Math</project>
                    <description>&lt;p&gt;In &quot;LeastSquaresFactory.java&quot; at line 487, a cast is performed that will fail when the &quot;model&quot; argument is not instantiated with the &quot;model&quot; method (defined at line 278).&lt;/p&gt;

&lt;p&gt;A fix could consist in the methods defined in (currently internal, line 291) class &quot;LocalMultivariateJacobianFunction&quot; becoming part of the public API, in an extension of the &quot;MultivariateJacobianFunction&quot; interface.&lt;br/&gt;
The contructor of &quot;LocalLeastSquaresProblem&quot; (at line 371) should then throw an exception if lazy evaluation is requested but the &quot;model&quot; does not implement the appropriate interface.&lt;/p&gt;</description>
                <environment></environment>
        <key id="12739895">MATH-1151</key>
            <summary>Cast can fail in &quot;LazyUnweightedEvaluation&quot;</summary>
                <type id="1" iconUrl="https://issues.apache.org/jira/images/icons/issuetypes/bug.png">Bug</type>
                                            <priority id="4" iconUrl="https://issues.apache.org/jira/images/icons/priorities/minor.png">Minor</priority>
                        <status id="6" iconUrl="https://issues.apache.org/jira/images/icons/statuses/closed.png" description="The issue is considered finished, the resolution is correct. Issues which are closed can be reopened.">Closed</status>
                    <statusCategory id="3" key="done" colorName="green"/>
                                    <resolution id="1">Fixed</resolution>
                                        <assignee username="erans">Gilles</assignee>
                                    <reporter username="erans">Gilles</reporter>
                        <labels>
                            <label>API</label>
                    </labels>
                <created>Mon, 8 Sep 2014 15:48:38 +0000</created>
                <updated>Fri, 26 Dec 2014 19:50:42 +0000</updated>
                            <resolved>Thu, 18 Sep 2014 13:17:54 +0000</resolved>
                                                    <fixVersion>3.4</fixVersion>
                                        <due></due>
                            <votes>0</votes>
                                    <watches>1</watches>
                                                                <comments>
                            <comment id="14132199" author="erans" created="Fri, 12 Sep 2014 22:04:16 +0000"  >&lt;p&gt;Proposed patch.&lt;/p&gt;</comment>
                            <comment id="14138907" author="erans" created="Thu, 18 Sep 2014 13:17:54 +0000"  >&lt;p&gt;Committed in revision 1625967.&lt;/p&gt;</comment>
                    </comments>
                    <attachments>
                            <attachment id="12668480" name="MATH-1151.patch" size="11123" author="erans" created="Fri, 12 Sep 2014 22:04:16 +0000"/>
                    </attachments>
                <subtasks>
                    </subtasks>
                <customfields>
                                                <customfield id="customfield_12310310" key="com.atlassian.jira.toolkit:attachments">
                        <customfieldname>Attachment count</customfieldname>
                        <customfieldvalues>
                            <customfieldvalue>1.0</customfieldvalue>
                        </customfieldvalues>
                    </customfield>
                                                                                                                                                                                                                                                                                                                                                                                                                                                                                                                                                                                                                                                                                                                                                                                                                                                                                                                                        <customfield id="customfield_12310420" key="com.pyxis.greenhopper.jira:gh-global-rank">
                        <customfieldname>Global Rank</customfieldname>
                        <customfieldvalues>
                            <customfieldvalue>9223372036854775807</customfieldvalue>
                        </customfieldvalues>
                    </customfield>
                                                                                                                        <customfield id="customfield_12312521" key="com.atlassian.jira.toolkit:LastCommentDate">
                        <customfieldname>Last public comment date</customfieldname>
                        <customfieldvalues>
                            2 years, 9 weeks, 1 day ago
                        </customfieldvalues>
                    </customfield>
                                                                                            <customfield id="customfield_12311820" key="com.pyxis.greenhopper.jira:gh-lexo-rank">
                        <customfieldname>Rank</customfieldname>
                        <customfieldvalues>
                            <customfieldvalue>0|i1zsm7:</customfieldvalue>

                        </customfieldvalues>
                    </customfield>
                                                                <customfield id="customfield_12310920" key="com.pyxis.greenhopper.jira:gh-global-rank">
                        <customfieldname>Rank (Obsolete)</customfieldname>
                        <customfieldvalues>
                            <customfieldvalue>9223372036854775807</customfieldvalue>
                        </customfieldvalues>
                    </customfield>
                                                                                                                                                                                                                                        <customfield id="customfield_12310222" key="com.atlassian.jira.ext.charting:timeinstatus">
                        <customfieldname>Time in Status</customfieldname>
                        <customfieldvalues>
                            
                        </customfieldvalues>
                    </customfield>
                                                                                                                        </customfields>
    </item>
</channel>
</rss>