<!-- 
RSS generated by JIRA (6.3.4#6332-sha1:51bc225ef474afe3128b2f66878477f322397b16) at Sat Nov 19 23:31:11 UTC 2016

It is possible to restrict the fields that are returned in this document by specifying the 'field' parameter in your request.
For example, to request only the issue key and summary add field=key&field=summary to the URL of your request.
For example:
https://issues.apache.org/jira/si/jira.issueviews:issue-xml/MATH-721/MATH-721.xml?field=key&amp;field=summary
-->
<rss version="0.92" >
<channel>
    <title>ASF JIRA</title>
    <link>https://issues.apache.org/jira</link>
    <description>This file is an XML representation of an issue</description>
    <language>en-uk</language>    <build-info>
        <version>6.3.4</version>
        <build-number>6332</build-number>
        <build-date>15-08-2014</build-date>
    </build-info>

<item>
            <title>[MATH-721] building common-math on Solaris SPARC gives &quot;error: floating point number too small&quot;</title>
                <link>https://issues.apache.org/jira/browse/MATH-721</link>
                <project id="12310485" key="MATH">Commons Math</project>
                    <description>&lt;p&gt;It seems the assumption in MathUtils.java &lt;/p&gt;


&lt;p&gt;    /** Safe minimum, such that 1 / SAFE_MIN does not overflow.&lt;/p&gt;
&lt;ul&gt;
	&lt;li&gt;&amp;lt;p&amp;gt;In IEEE 754 arithmetic, this is also the smallest normalized&lt;/li&gt;
	&lt;li&gt;number 2&amp;lt;sup&amp;gt;-1022&amp;lt;/sup&amp;gt;.&amp;lt;/p&amp;gt;&lt;br/&gt;
     */&lt;br/&gt;
    public static final double SAFE_MIN = 0x1.0p-1022;&lt;/li&gt;
&lt;/ul&gt;


&lt;p&gt;does not work on my openjdk 1.7.0_1 on Solaris SPARC, because I get the following build error:&lt;/p&gt;

&lt;p&gt;&lt;span class=&quot;error&quot;&gt;&amp;#91;INFO&amp;#93;&lt;/span&gt; Compiling 457 source files to /opt/builder/projects/commons-math-2.2-src/target/classes&lt;br/&gt;
&lt;span class=&quot;error&quot;&gt;&amp;#91;INFO&amp;#93;&lt;/span&gt; -------------------------------------------------------------&lt;br/&gt;
&lt;span class=&quot;error&quot;&gt;&amp;#91;ERROR&amp;#93;&lt;/span&gt; COMPILATION ERROR : &lt;br/&gt;
&lt;span class=&quot;error&quot;&gt;&amp;#91;INFO&amp;#93;&lt;/span&gt; -------------------------------------------------------------&lt;br/&gt;
&lt;span class=&quot;error&quot;&gt;&amp;#91;ERROR&amp;#93;&lt;/span&gt; /opt/builder/projects/commons-math-2.2-src/src/main/java/org/apache/commons/math/util/MathUtils.java:&lt;span class=&quot;error&quot;&gt;&amp;#91;42,42&amp;#93;&lt;/span&gt; error: floating point number too small&lt;/p&gt;

&lt;p&gt;&lt;span class=&quot;error&quot;&gt;&amp;#91;INFO&amp;#93;&lt;/span&gt; 1error&lt;br/&gt;
&lt;span class=&quot;error&quot;&gt;&amp;#91;INFO&amp;#93;&lt;/span&gt; -------------------------------------------------------------&lt;br/&gt;
&lt;span class=&quot;error&quot;&gt;&amp;#91;INFO&amp;#93;&lt;/span&gt; ------------------------------------------------------------------------&lt;br/&gt;
&lt;span class=&quot;error&quot;&gt;&amp;#91;INFO&amp;#93;&lt;/span&gt; BUILD FAILURE&lt;/p&gt;

&lt;p&gt;and also in the tests I encounter the error when parsing floating point constants&lt;/p&gt;

&lt;p&gt;&lt;span class=&quot;error&quot;&gt;&amp;#91;ERROR&amp;#93;&lt;/span&gt; Failed to execute goal org.apache.maven.plugins:maven-compiler-plugin:2.1:testCompile (default-testCompile) on project commons-math: Compilation failure: Compilation failure:&lt;br/&gt;
&lt;span class=&quot;error&quot;&gt;&amp;#91;ERROR&amp;#93;&lt;/span&gt; /opt/builder/projects/commons-math-2.2-src/src/test/java/org/apache/commons/math/util/FastMathTest.java:&lt;span class=&quot;error&quot;&gt;&amp;#91;1050,69&amp;#93;&lt;/span&gt; error: floating point number too small&lt;br/&gt;
&lt;span class=&quot;error&quot;&gt;&amp;#91;ERROR&amp;#93;&lt;/span&gt; &lt;br/&gt;
&lt;span class=&quot;error&quot;&gt;&amp;#91;ERROR&amp;#93;&lt;/span&gt; /opt/builder/projects/commons-math-2.2-src/src/test/java/org/apache/commons/math/util/FastMathTest.java:&lt;span class=&quot;error&quot;&gt;&amp;#91;1055,28&amp;#93;&lt;/span&gt; error: floating point number too small&lt;br/&gt;
&lt;span class=&quot;error&quot;&gt;&amp;#91;ERROR&amp;#93;&lt;/span&gt; &lt;br/&gt;
&lt;span class=&quot;error&quot;&gt;&amp;#91;ERROR&amp;#93;&lt;/span&gt; /opt/builder/projects/commons-math-2.2-src/src/test/java/org/apache/commons/math/util/FastMathTest.java:&lt;span class=&quot;error&quot;&gt;&amp;#91;1055,69&amp;#93;&lt;/span&gt; error: floating point number too small&lt;br/&gt;
&lt;span class=&quot;error&quot;&gt;&amp;#91;ERROR&amp;#93;&lt;/span&gt; &lt;br/&gt;
&lt;span class=&quot;error&quot;&gt;&amp;#91;ERROR&amp;#93;&lt;/span&gt; /opt/builder/projects/commons-math-2.2-src/src/test/java/org/apache/commons/math/util/FastMathTest.java:&lt;span class=&quot;error&quot;&gt;&amp;#91;1056,28&amp;#93;&lt;/span&gt; error: floating point number too small&lt;br/&gt;
&lt;span class=&quot;error&quot;&gt;&amp;#91;ERROR&amp;#93;&lt;/span&gt; &lt;br/&gt;
&lt;span class=&quot;error&quot;&gt;&amp;#91;ERROR&amp;#93;&lt;/span&gt; /opt/builder/projects/commons-math-2.2-src/src/test/java/org/apache/commons/math/util/FastMathTest.java:&lt;span class=&quot;error&quot;&gt;&amp;#91;1062,70&amp;#93;&lt;/span&gt; error: floating point number too small&lt;br/&gt;
&lt;span class=&quot;error&quot;&gt;&amp;#91;ERROR&amp;#93;&lt;/span&gt; &lt;br/&gt;
&lt;span class=&quot;error&quot;&gt;&amp;#91;ERROR&amp;#93;&lt;/span&gt; /opt/builder/projects/commons-math-2.2-src/src/test/java/org/apache/commons/math/util/FastMathTest.java:&lt;span class=&quot;error&quot;&gt;&amp;#91;1063,70&amp;#93;&lt;/span&gt; error: floating point number too small&lt;br/&gt;
&lt;span class=&quot;error&quot;&gt;&amp;#91;ERROR&amp;#93;&lt;/span&gt; &lt;br/&gt;
&lt;span class=&quot;error&quot;&gt;&amp;#91;ERROR&amp;#93;&lt;/span&gt; /opt/builder/projects/commons-math-2.2-src/src/test/java/org/apache/commons/math/util/FastMathTest.java:&lt;span class=&quot;error&quot;&gt;&amp;#91;1068,70&amp;#93;&lt;/span&gt; error: floating point number too small&lt;br/&gt;
&lt;span class=&quot;error&quot;&gt;&amp;#91;ERROR&amp;#93;&lt;/span&gt; &lt;br/&gt;
&lt;span class=&quot;error&quot;&gt;&amp;#91;ERROR&amp;#93;&lt;/span&gt; /opt/builder/projects/commons-math-2.2-src/src/test/java/org/apache/commons/math/util/FastMathTest.java:&lt;span class=&quot;error&quot;&gt;&amp;#91;1069,70&amp;#93;&lt;/span&gt; error: floating point number too small&lt;br/&gt;
&lt;span class=&quot;error&quot;&gt;&amp;#91;ERROR&amp;#93;&lt;/span&gt; &lt;br/&gt;
&lt;span class=&quot;error&quot;&gt;&amp;#91;ERROR&amp;#93;&lt;/span&gt; /opt/builder/projects/commons-math-2.2-src/src/test/java/org/apache/commons/math/optimization/general/LevenbergMarquardtOptimizerTest.java:&lt;span class=&quot;error&quot;&gt;&amp;#91;503,51&amp;#93;&lt;/span&gt; error: floating point number too small&lt;br/&gt;
&lt;span class=&quot;error&quot;&gt;&amp;#91;ERROR&amp;#93;&lt;/span&gt; &lt;br/&gt;
&lt;span class=&quot;error&quot;&gt;&amp;#91;ERROR&amp;#93;&lt;/span&gt; /opt/builder/projects/commons-math-2.2-src/src/test/java/org/apache/commons/math/optimization/general/LevenbergMarquardtOptimizerTest.java:&lt;span class=&quot;error&quot;&gt;&amp;#91;503,66&amp;#93;&lt;/span&gt; error: floating point number too small&lt;br/&gt;
&lt;span class=&quot;error&quot;&gt;&amp;#91;ERROR&amp;#93;&lt;/span&gt; &lt;br/&gt;
&lt;span class=&quot;error&quot;&gt;&amp;#91;ERROR&amp;#93;&lt;/span&gt; /opt/builder/projects/commons-math-2.2-src/src/test/java/org/apache/commons/math/estimation/LevenbergMarquardtEstimatorTest.java:&lt;span class=&quot;error&quot;&gt;&amp;#91;583,52&amp;#93;&lt;/span&gt; error: floating point number too small&lt;br/&gt;
&lt;span class=&quot;error&quot;&gt;&amp;#91;ERROR&amp;#93;&lt;/span&gt; &lt;br/&gt;
&lt;span class=&quot;error&quot;&gt;&amp;#91;ERROR&amp;#93;&lt;/span&gt; /opt/builder/projects/commons-math-2.2-src/src/test/java/org/apache/commons/math/estimation/LevenbergMarquardtEstimatorTest.java:&lt;span class=&quot;error&quot;&gt;&amp;#91;585,52&amp;#93;&lt;/span&gt; error: floating point number too small&lt;/p&gt;


&lt;p&gt;I suggest using java.lang.Double.MIN_NORMAL for a platform normalized minimal floating point value.&lt;/p&gt;


&lt;p&gt;A quick program for printing Double.MIN_NORMAL gives the following result.&lt;/p&gt;

&lt;p&gt;class test {&lt;br/&gt;
   public static void main(String[] args) &lt;/p&gt;
{
       System.out.println(&quot;min float = &quot; + Double.MIN_NORMAL );
   }
&lt;p&gt;}&lt;/p&gt;

&lt;p&gt;java test&lt;br/&gt;
min float = 2.2250738585072014E-308&lt;/p&gt;

&lt;p&gt;Could it be an openjdk glitch? Thank you for any comments and help how this could be fixed.&lt;/p&gt;</description>
                <environment>&lt;p&gt;Build environment is:&lt;br/&gt;
mvn --version&lt;br/&gt;
Apache Maven 3.0.3 (rNON-CANONICAL_2011-10-13_22-23_builder; 2011-10-13 22:23:49+0200)&lt;br/&gt;
Maven home: /usr/local/share/maven-3.0.3&lt;br/&gt;
Java version: 1.7.0-internal, vendor: Oracle Corporation&lt;br/&gt;
Java home: /usr/local/share/jdk1.7.0_1/jre&lt;br/&gt;
Default locale: de_DE, platform encoding: UTF-8&lt;br/&gt;
OS name: &quot;sunos&quot;, version: &quot;5.10&quot;, arch: &quot;sparc&quot;, family: &quot;unix&quot;&lt;/p&gt;</environment>
        <key id="12534416">MATH-721</key>
            <summary>building common-math on Solaris SPARC gives &quot;error: floating point number too small&quot;</summary>
                <type id="1" iconUrl="https://issues.apache.org/jira/images/icons/issuetypes/bug.png">Bug</type>
                                            <priority id="3" iconUrl="https://issues.apache.org/jira/images/icons/priorities/major.png">Major</priority>
                        <status id="6" iconUrl="https://issues.apache.org/jira/images/icons/statuses/closed.png" description="The issue is considered finished, the resolution is correct. Issues which are closed can be reopened.">Closed</status>
                    <statusCategory id="3" key="done" colorName="green"/>
                                    <resolution id="1">Fixed</resolution>
                                        <assignee username="-1">Unassigned</assignee>
                                    <reporter username="jprante">J&#246;rg Prante</reporter>
                        <labels>
                    </labels>
                <created>Thu, 8 Dec 2011 23:51:21 +0000</created>
                <updated>Mon, 4 Mar 2013 18:53:20 +0000</updated>
                            <resolved>Sat, 21 Apr 2012 12:16:06 +0000</resolved>
                                    <version>2.2</version>
                                    <fixVersion>3.1</fixVersion>
                                        <due></due>
                            <votes>0</votes>
                                    <watches>0</watches>
                                                                <comments>
                            <comment id="13165922" author="luc" created="Fri, 9 Dec 2011 08:03:48 +0000"  >&lt;p&gt;We can&apos;t use Double.MIN_NORMAL because it is only available since Java 6 and Apache Commons Math currently targets Java 1.5.&lt;br/&gt;
It may be an openjdk glitch as you say. This number is a perfectly regular number, and even smaller number exists and should be able to be used: the subnormal numbers.&lt;/p&gt;

&lt;p&gt;Could you try using a conversion from hexadecimal encoding on your platform, using something along this line:&lt;/p&gt;

&lt;p&gt;  public static final double SAFE_MIN = Double.longBitsToDouble(1L &amp;lt;&amp;lt; 52);&lt;/p&gt;</comment>
                            <comment id="13191117" author="erans" created="Mon, 23 Jan 2012 11:24:00 +0000"  >&lt;p&gt;Any follow-ups on this issue?&lt;/p&gt;</comment>
                            <comment id="13221696" author="jprante" created="Sat, 3 Mar 2012 21:03:34 +0000"  >&lt;p&gt;Replacing constant 2.2250738585072014E-308 (MIN_NORMAL) with java.lang.Double.longBitsToDouble(0x0010000000000000L)&lt;br/&gt;
is a workaround. Could be a Solaris SPARC compiler optimization issue when parsing float constants.&lt;/p&gt;</comment>
                            <comment id="13258843" author="luc" created="Sat, 21 Apr 2012 12:16:06 +0000"  >&lt;p&gt;Fixed in subversion repository as of r1328492&lt;/p&gt;</comment>
                    </comments>
                    <attachments>
                    </attachments>
                <subtasks>
                    </subtasks>
                <customfields>
                                                <customfield id="customfield_12310310" key="com.atlassian.jira.toolkit:attachments">
                        <customfieldname>Attachment count</customfieldname>
                        <customfieldvalues>
                            <customfieldvalue>0.0</customfieldvalue>
                        </customfieldvalues>
                    </customfield>
                                                                                                                                                                                                                                                                                                                                                                                                                                                                                                                                <customfield id="customfield_12310220" key="com.atlassian.jira.ext.charting:firstresponsedate">
                        <customfieldname>Date of First Response</customfieldname>
                        <customfieldvalues>
                            <customfieldvalue>Fri, 9 Dec 2011 08:03:48 +0000</customfieldvalue>

                        </customfieldvalues>
                    </customfield>
                                                                                                                                                                                                                                                                                                                                                                                                                                            <customfield id="customfield_12310420" key="com.pyxis.greenhopper.jira:gh-global-rank">
                        <customfieldname>Global Rank</customfieldname>
                        <customfieldvalues>
                            <customfieldvalue>220138</customfieldvalue>
                        </customfieldvalues>
                    </customfield>
                                                                                                                        <customfield id="customfield_12312521" key="com.atlassian.jira.toolkit:LastCommentDate">
                        <customfieldname>Last public comment date</customfieldname>
                        <customfieldvalues>
                            4 years, 31 weeks ago
                        </customfieldvalues>
                    </customfield>
                                                                                            <customfield id="customfield_12311820" key="com.pyxis.greenhopper.jira:gh-lexo-rank">
                        <customfieldname>Rank</customfieldname>
                        <customfieldvalues>
                            <customfieldvalue>0|i0rten:</customfieldvalue>

                        </customfieldvalues>
                    </customfield>
                                                                <customfield id="customfield_12310920" key="com.pyxis.greenhopper.jira:gh-global-rank">
                        <customfieldname>Rank (Obsolete)</customfieldname>
                        <customfieldvalues>
                            <customfieldvalue>160408</customfieldvalue>
                        </customfieldvalues>
                    </customfield>
                                                                                                                                                                                                                                        <customfield id="customfield_12310222" key="com.atlassian.jira.ext.charting:timeinstatus">
                        <customfieldname>Time in Status</customfieldname>
                        <customfieldvalues>
                            
                        </customfieldvalues>
                    </customfield>
                                                                                                                        </customfields>
    </item>
</channel>
</rss>