<!-- 
RSS generated by JIRA (6.3.4#6332-sha1:51bc225ef474afe3128b2f66878477f322397b16) at Fri Nov 18 22:28:04 UTC 2016

It is possible to restrict the fields that are returned in this document by specifying the 'field' parameter in your request.
For example, to request only the issue key and summary add field=key&field=summary to the URL of your request.
For example:
https://issues.apache.org/jira/si/jira.issueviews:issue-xml/MATH-1068/MATH-1068.xml?field=key&amp;field=summary
-->
<rss version="0.92" >
<channel>
    <title>ASF JIRA</title>
    <link>https://issues.apache.org/jira</link>
    <description>This file is an XML representation of an issue</description>
    <language>en-uk</language>    <build-info>
        <version>6.3.4</version>
        <build-number>6332</build-number>
        <build-date>15-08-2014</build-date>
    </build-info>

<item>
            <title>[MATH-1068] KendallsCorrelation suffers from integer overflow for large arrays.</title>
                <link>https://issues.apache.org/jira/browse/MATH-1068</link>
                <project id="12310485" key="MATH">Commons Math</project>
                    <description>&lt;p&gt;For large array size (say, over 5,000), numPairs &amp;gt; 10 million.&lt;br/&gt;
in line 258, (numPairs - tiedXPairs) * (numPairs - tiedYPairs) possibly &amp;gt; 100 billion, which will cause an integer overflow, resulting in a negative number, which will result in the end result in a NaN since the square-root of that number is calculated.&lt;br/&gt;
This can easily be solved by changing line 163 to&lt;br/&gt;
final long numPairs = ((long)n) * (n - 1) / 2; // to avoid overflow&lt;/p&gt;</description>
                <environment></environment>
        <key id="12681992">MATH-1068</key>
            <summary>KendallsCorrelation suffers from integer overflow for large arrays.</summary>
                <type id="1" iconUrl="https://issues.apache.org/jira/images/icons/issuetypes/bug.png">Bug</type>
                                            <priority id="4" iconUrl="https://issues.apache.org/jira/images/icons/priorities/minor.png">Minor</priority>
                        <status id="6" iconUrl="https://issues.apache.org/jira/images/icons/statuses/closed.png" description="The issue is considered finished, the resolution is correct. Issues which are closed can be reopened.">Closed</status>
                    <statusCategory id="3" key="done" colorName="green"/>
                                    <resolution id="1">Fixed</resolution>
                                        <assignee username="-1">Unassigned</assignee>
                                    <reporter username="Terran-Ghost">Gal Lalouche</reporter>
                        <labels>
                            <label>newbie</label>
                    </labels>
                <created>Sun, 1 Dec 2013 11:48:25 +0000</created>
                <updated>Mon, 19 May 2014 15:13:23 +0000</updated>
                            <resolved>Sat, 7 Dec 2013 13:08:49 +0000</resolved>
                                    <version>3.3</version>
                                    <fixVersion>3.3</fixVersion>
                                        <due></due>
                            <votes>0</votes>
                                    <watches>2</watches>
                                    <timeoriginalestimate seconds="60">1m</timeoriginalestimate>
                            <timeestimate seconds="60">1m</timeestimate>
                                        <comments>
                            <comment id="13836097" author="tn" created="Sun, 1 Dec 2013 19:17:36 +0000"  >&lt;p&gt;Fixed in r1546840.&lt;/p&gt;

&lt;p&gt;Thanks for the report!&lt;/p&gt;</comment>
                            <comment id="13840542" author="terran-ghost" created="Thu, 5 Dec 2013 20:37:19 +0000"  >&lt;p&gt;I&apos;ve noticed a few more overflow issues for very large arrays (100k&apos;s), e.g., correlation &amp;lt; -1 or &amp;gt; 1.&lt;br/&gt;
Changing all the tiedX/Y/XYPairs, consecutiveX/Y/XYTies and swaps to long fixed the correlation out of bounds error at least.&lt;/p&gt;</comment>
                            <comment id="13840595" author="tn" created="Thu, 5 Dec 2013 21:33:09 +0000"  >&lt;p&gt;Can you please attach a test case for this?&lt;/p&gt;

&lt;p&gt;Thanks&lt;/p&gt;</comment>
                            <comment id="13842209" author="tn" created="Sat, 7 Dec 2013 13:08:49 +0000"  >&lt;p&gt;Changed in r1548907.&lt;/p&gt;</comment>
                            <comment id="14001793" author="luc" created="Mon, 19 May 2014 15:13:23 +0000"  >&lt;p&gt;Closing all resolved issue now available in released 3.3 version.&lt;/p&gt;</comment>
                    </comments>
                    <attachments>
                    </attachments>
                <subtasks>
                    </subtasks>
                <customfields>
                                                <customfield id="customfield_12310310" key="com.atlassian.jira.toolkit:attachments">
                        <customfieldname>Attachment count</customfieldname>
                        <customfieldvalues>
                            <customfieldvalue>0.0</customfieldvalue>
                        </customfieldvalues>
                    </customfield>
                                                                                                                                                                                                                                                                                                                                                                                                                                                                                                                                <customfield id="customfield_12310220" key="com.atlassian.jira.ext.charting:firstresponsedate">
                        <customfieldname>Date of First Response</customfieldname>
                        <customfieldvalues>
                            <customfieldvalue>Sun, 1 Dec 2013 19:17:36 +0000</customfieldvalue>

                        </customfieldvalues>
                    </customfield>
                                                                                                                                                                                                                                                                                                                                                                                                                                            <customfield id="customfield_12310420" key="com.pyxis.greenhopper.jira:gh-global-rank">
                        <customfieldname>Global Rank</customfieldname>
                        <customfieldvalues>
                            <customfieldvalue>361251</customfieldvalue>
                        </customfieldvalues>
                    </customfield>
                                                                                                                        <customfield id="customfield_12312521" key="com.atlassian.jira.toolkit:LastCommentDate">
                        <customfieldname>Last public comment date</customfieldname>
                        <customfieldvalues>
                            2 years, 26 weeks, 4 days ago
                        </customfieldvalues>
                    </customfield>
                                                                                            <customfield id="customfield_12311820" key="com.pyxis.greenhopper.jira:gh-lexo-rank">
                        <customfieldname>Rank</customfieldname>
                        <customfieldvalues>
                            <customfieldvalue>0|i1q9u7:</customfieldvalue>

                        </customfieldvalues>
                    </customfield>
                                                                <customfield id="customfield_12310920" key="com.pyxis.greenhopper.jira:gh-global-rank">
                        <customfieldname>Rank (Obsolete)</customfieldname>
                        <customfieldvalues>
                            <customfieldvalue>361550</customfieldvalue>
                        </customfieldvalues>
                    </customfield>
                                                                                                                                                                                                                                        <customfield id="customfield_12310222" key="com.atlassian.jira.ext.charting:timeinstatus">
                        <customfieldname>Time in Status</customfieldname>
                        <customfieldvalues>
                            
                        </customfieldvalues>
                    </customfield>
                                                                                                                        </customfields>
    </item>
</channel>
</rss>