<!-- 
RSS generated by JIRA (6.3.4#6332-sha1:51bc225ef474afe3128b2f66878477f322397b16) at Sat Nov 19 23:54:52 UTC 2016

It is possible to restrict the fields that are returned in this document by specifying the 'field' parameter in your request.
For example, to request only the issue key and summary add field=key&field=summary to the URL of your request.
For example:
https://issues.apache.org/jira/si/jira.issueviews:issue-xml/MATH-537/MATH-537.xml?field=key&amp;field=summary
-->
<rss version="0.92" >
<channel>
    <title>ASF JIRA</title>
    <link>https://issues.apache.org/jira</link>
    <description>This file is an XML representation of an issue</description>
    <language>en-uk</language>    <build-info>
        <version>6.3.4</version>
        <build-number>6332</build-number>
        <build-date>15-08-2014</build-date>
    </build-info>

<item>
            <title>[MATH-537] [Math] org.apache.commnons.math.linear.MatrixVisitorException constructor should be deprecated</title>
                <link>https://issues.apache.org/jira/browse/MATH-537</link>
                <project id="12310485" key="MATH">Commons Math</project>
                    <description>&lt;p&gt;In the class org.apache.commons.math.linear.MatrixVisitorException the method &quot;public MatrixVisitorException(final String pattern, final Object[] arguments)&quot; should be deprecated, since method &quot;public MatrixVisitorException(final Localizable pattern, final Object[] arguments)&quot; already exists from version 2.2...&lt;/p&gt;</description>
                <environment>&lt;p&gt;Linux Ubuntu 10.04 (lucid)&lt;/p&gt;</environment>
        <key id="12500014">MATH-537</key>
            <summary>[Math] org.apache.commnons.math.linear.MatrixVisitorException constructor should be deprecated</summary>
                <type id="1" iconUrl="https://issues.apache.org/jira/images/icons/issuetypes/bug.png">Bug</type>
                                            <priority id="4" iconUrl="https://issues.apache.org/jira/images/icons/priorities/minor.png">Minor</priority>
                        <status id="6" iconUrl="https://issues.apache.org/jira/images/icons/statuses/closed.png" description="The issue is considered finished, the resolution is correct. Issues which are closed can be reopened.">Closed</status>
                    <statusCategory id="3" key="done" colorName="green"/>
                                    <resolution id="1">Fixed</resolution>
                                        <assignee username="-1">Unassigned</assignee>
                                    <reporter username="miccagiann">Michael Yannakopoulos</reporter>
                        <labels>
                            <label>cleanup</label>
                            <label>patch</label>
                    </labels>
                <created>Tue, 1 Mar 2011 06:48:20 +0000</created>
                <updated>Sat, 24 Mar 2012 16:16:34 +0000</updated>
                            <resolved>Sun, 5 Jun 2011 11:17:56 +0000</resolved>
                                    <version>2.2</version>
                                    <fixVersion>3.0</fixVersion>
                                        <due></due>
                            <votes>0</votes>
                                    <watches>1</watches>
                                                                <comments>
                            <comment id="13000745" author="miccagiann" created="Tue, 1 Mar 2011 06:50:48 +0000"  >&lt;p&gt;Here is the patch...&lt;/p&gt;</comment>
                            <comment id="13000801" author="luc" created="Tue, 1 Mar 2011 09:42:03 +0000"  >&lt;p&gt;Thanks Michael.&lt;br/&gt;
I&apos;m not sure this one will be fixed as a 6th release candidate for 2.2 as already been frozen and the vote is ongoing.&lt;br/&gt;
If the 6th release candidate fails, we will certainly include the fix for the next release candidate.&lt;br/&gt;
If the 6th release candidate succeds, the issue will be closed as &quot;won&apos;t fix&quot; since the MatrixVisitorException has been removed in 3.0 and is unlikely to reappear.&lt;br/&gt;
By the way, instead of providing a full class for short fixes, you can provide just a patch (you can create them with the unix diff command, or with svn diff, or with Eclipse team-&amp;gt;create path menu entry).&lt;/p&gt;</comment>
                            <comment id="13044500" author="luc" created="Sun, 5 Jun 2011 11:17:56 +0000"  >&lt;p&gt;The MatrixVisitorException class has been removed in 3.0&lt;/p&gt;</comment>
                    </comments>
                    <attachments>
                            <attachment id="12472287" name="MatrixVisitorException.java" size="2056" author="miccagiann" created="Tue, 1 Mar 2011 06:50:48 +0000"/>
                    </attachments>
                <subtasks>
                    </subtasks>
                <customfields>
                                                <customfield id="customfield_12310310" key="com.atlassian.jira.toolkit:attachments">
                        <customfieldname>Attachment count</customfieldname>
                        <customfieldvalues>
                            <customfieldvalue>1.0</customfieldvalue>
                        </customfieldvalues>
                    </customfield>
                                                                                                                                                                                                                                                                                                                                                                                                                                                                                                                                <customfield id="customfield_12310220" key="com.atlassian.jira.ext.charting:firstresponsedate">
                        <customfieldname>Date of First Response</customfieldname>
                        <customfieldvalues>
                            <customfieldvalue>Tue, 1 Mar 2011 09:42:03 +0000</customfieldvalue>

                        </customfieldvalues>
                    </customfield>
                                                                                                                                                                                                                                                                                                                                                                                                                                            <customfield id="customfield_12310420" key="com.pyxis.greenhopper.jira:gh-global-rank">
                        <customfieldname>Global Rank</customfieldname>
                        <customfieldvalues>
                            <customfieldvalue>71921</customfieldvalue>
                        </customfieldvalues>
                    </customfield>
                                                                                                                        <customfield id="customfield_12312521" key="com.atlassian.jira.toolkit:LastCommentDate">
                        <customfieldname>Last public comment date</customfieldname>
                        <customfieldvalues>
                            5 years, 24 weeks, 6 days ago
                        </customfieldvalues>
                    </customfield>
                                                                                            <customfield id="customfield_12311820" key="com.pyxis.greenhopper.jira:gh-lexo-rank">
                        <customfieldname>Rank</customfieldname>
                        <customfieldvalues>
                            <customfieldvalue>0|i0rtwf:</customfieldvalue>

                        </customfieldvalues>
                    </customfield>
                                                                <customfield id="customfield_12310920" key="com.pyxis.greenhopper.jira:gh-global-rank">
                        <customfieldname>Rank (Obsolete)</customfieldname>
                        <customfieldvalues>
                            <customfieldvalue>160488</customfieldvalue>
                        </customfieldvalues>
                    </customfield>
                                                                                                                                                                                                                                        <customfield id="customfield_12310222" key="com.atlassian.jira.ext.charting:timeinstatus">
                        <customfieldname>Time in Status</customfieldname>
                        <customfieldvalues>
                            
                        </customfieldvalues>
                    </customfield>
                                                                                                                        </customfields>
    </item>
</channel>
</rss>