<!-- 
RSS generated by JIRA (6.3.4#6332-sha1:51bc225ef474afe3128b2f66878477f322397b16) at Fri Dec 02 18:03:10 UTC 2016

It is possible to restrict the fields that are returned in this document by specifying the 'field' parameter in your request.
For example, to request only the issue key and summary add field=key&field=summary to the URL of your request.
For example:
https://issues.apache.org/jira/si/jira.issueviews:issue-xml/MATH-22/MATH-22.xml?field=key&amp;field=summary
-->
<rss version="0.92" >
<channel>
    <title>ASF JIRA</title>
    <link>https://issues.apache.org/jira</link>
    <description>This file is an XML representation of an issue</description>
    <language>en-uk</language>    <build-info>
        <version>6.3.4</version>
        <build-number>6332</build-number>
        <build-date>15-08-2014</build-date>
    </build-info>

<item>
            <title>[MATH-22] [math][patch] Update Complex.java</title>
                <link>https://issues.apache.org/jira/browse/MATH-22</link>
                <project id="12310485" key="MATH">Commons Math</project>
                    <description>&lt;p&gt;Index: Complex.java&lt;br/&gt;
===================================================================&lt;br/&gt;
&amp;#8212; Complex.java	(revision 233018)&lt;br/&gt;
+++ Complex.java	(working copy)&lt;br/&gt;
@@ -66,7 +66,19 @@&lt;br/&gt;
         if (isNaN()) &lt;/p&gt;
{
             return Double.NaN;
         }
&lt;ul class=&quot;alternate&quot; type=&quot;square&quot;&gt;
	&lt;li&gt;return Math.sqrt(squareSum());&lt;br/&gt;
+        if (Math.abs(real) &amp;lt; Math.abs(imaginary)) 
&lt;div class=&quot;error&quot;&gt;&lt;span class=&quot;error&quot;&gt;Unknown macro: {+            if (imaginary == 0.0) {
+                return Math.abs(real);
+            }+            double q = real / imaginary;+            return (Math.abs(imaginary) * Math.sqrt(1 + q*q));+        }&lt;/span&gt; &lt;/div&gt;
&lt;p&gt; else &lt;/p&gt;
&lt;div class=&quot;error&quot;&gt;&lt;span class=&quot;error&quot;&gt;Unknown macro: {+            if (real == 0.0) {
+                return Math.abs(imaginary);
+            }+            double q = imaginary / real;+            return (Math.abs(real) * Math.sqrt(1 + q*q));+        }&lt;/span&gt; &lt;/div&gt;
&lt;p&gt;     }&lt;/p&gt;&lt;/li&gt;
&lt;/ul&gt;


&lt;p&gt;     /**&lt;br/&gt;
@@ -108,17 +120,29 @@&lt;br/&gt;
         if (isNaN() || rhs.isNaN()) &lt;/p&gt;
{
             return NaN;
         }
&lt;ul class=&quot;alternate&quot; type=&quot;square&quot;&gt;
	&lt;li&gt;&lt;/li&gt;
	&lt;li&gt;if (Math.abs(rhs.getReal()) &amp;lt; Math.abs(rhs.getImaginary())) {&lt;/li&gt;
	&lt;li&gt;double q = rhs.getReal() / rhs.getImaginary();&lt;/li&gt;
	&lt;li&gt;double d = (rhs.getReal() * q) + rhs.getImaginary();&lt;/li&gt;
	&lt;li&gt;return new Complex(((real * q) + imaginary) / d,&lt;/li&gt;
	&lt;li&gt;((imaginary * q) - real) / d);&lt;br/&gt;
+&lt;br/&gt;
+        double c = rhs.getReal();&lt;br/&gt;
+        double d = rhs.getImaginary();&lt;br/&gt;
+        if (c == 0.0 &amp;amp;&amp;amp; d == 0.0) 
{
+            throw new ArithmeticException(&quot;Error: division by zero.&quot;);
+        }
&lt;p&gt;+&lt;br/&gt;
+        if (Math.abs(c) &amp;lt; Math.abs(d)) &lt;/p&gt;
&lt;div class=&quot;error&quot;&gt;&lt;span class=&quot;error&quot;&gt;Unknown macro: {+            if (d == 0.0) {
+                return new Complex(real/c, imaginary/c);
+            }+            double q = c / d;+            double denominator = c * q + d;+            return new Complex((real * q + imaginary) / denominator,+                (imaginary * q - real) / denominator);         }&lt;/span&gt; &lt;/div&gt;
&lt;p&gt; else {&lt;/p&gt;&lt;/li&gt;
	&lt;li&gt;double q = rhs.getImaginary() / rhs.getReal();&lt;/li&gt;
	&lt;li&gt;double d = (rhs.getImaginary() * q) + rhs.getReal();&lt;/li&gt;
	&lt;li&gt;return new Complex(((imaginary * q) + real) / d,&lt;/li&gt;
	&lt;li&gt;(imaginary - (real * q)) / d);&lt;br/&gt;
+            if (c == 0.0) 
{
+                return new Complex(imaginary/d, -real/c);
+            }
&lt;p&gt;+            double q = d / c;&lt;br/&gt;
+            double denominator = d * q + c;&lt;br/&gt;
+            return new Complex((imaginary * q + real) / denominator,&lt;br/&gt;
+                (imaginary - real * q) / denominator);&lt;br/&gt;
         }&lt;br/&gt;
     }&lt;/p&gt;&lt;/li&gt;
&lt;/ul&gt;
</description>
                <environment>&lt;p&gt;Operating System: All&lt;br/&gt;
Platform: All&lt;/p&gt;</environment>
        <key id="12342477">MATH-22</key>
            <summary>[math][patch] Update Complex.java</summary>
                <type id="1" iconUrl="https://issues.apache.org/jira/images/icons/issuetypes/bug.png">Bug</type>
                                            <priority id="3" iconUrl="https://issues.apache.org/jira/images/icons/priorities/major.png">Major</priority>
                        <status id="6" iconUrl="https://issues.apache.org/jira/images/icons/statuses/closed.png" description="The issue is considered finished, the resolution is correct. Issues which are closed can be reopened.">Closed</status>
                    <statusCategory id="3" key="done" colorName="green"/>
                                    <resolution id="1">Fixed</resolution>
                                        <assignee username="-1">Unassigned</assignee>
                                    <reporter username="zxg_32@yahoo.com">Xiaogang Zhang</reporter>
                        <labels>
                    </labels>
                <created>Wed, 17 Aug 2005 02:21:17 +0000</created>
                <updated>Thu, 23 Apr 2009 02:26:02 +0000</updated>
                            <resolved>Thu, 23 Apr 2009 02:26:02 +0000</resolved>
                                                                        <due></due>
                            <votes>0</votes>
                                    <watches>0</watches>
                                                                <comments>
                            <comment id="12410118" author="zxg_32@yahoo.com" created="Wed, 17 Aug 2005 02:21:45 +0000"  >&lt;p&gt;Created an attachment (id=16064)&lt;br/&gt;
Complex.java&lt;/p&gt;</comment>
                            <comment id="12410119" author="zxg_32@yahoo.com" created="Wed, 17 Aug 2005 02:24:31 +0000"  >&lt;p&gt;rewrite and optimize Complex.java to address the issues of&lt;br/&gt;
division by zero and overflow&lt;/p&gt;</comment>
                            <comment id="12410120" author="brentworden" created="Wed, 17 Aug 2005 14:13:39 +0000"  >&lt;p&gt;Patch applied.  SVN Revision 233126.  Applied to branch MATH_1_1.&lt;/p&gt;

&lt;p&gt;Thanks.&lt;/p&gt;</comment>
                    </comments>
                    <attachments>
                            <attachment id="12333721" name="ASF.LICENSE.NOT.GRANTED--Complex.java" size="8127" author="zxg_32@yahoo.com" created="Wed, 17 Aug 2005 02:21:45 +0000"/>
                    </attachments>
                <subtasks>
                    </subtasks>
                <customfields>
                                                <customfield id="customfield_12310310" key="com.atlassian.jira.toolkit:attachments">
                        <customfieldname>Attachment count</customfieldname>
                        <customfieldvalues>
                            <customfieldvalue>1.0</customfieldvalue>
                        </customfieldvalues>
                    </customfield>
                                                                                                                                                                                                                                                                                                                                                                                                                                                                        <customfield id="customfield_10010" key="com.atlassian.jira.plugin.system.customfieldtypes:importid">
                        <customfieldname>Bugzilla Id</customfieldname>
                        <customfieldvalues>
                            <customfieldvalue>36205</customfieldvalue>
                        </customfieldvalues>
                    </customfield>
                                                                                            <customfield id="customfield_12310220" key="com.atlassian.jira.ext.charting:firstresponsedate">
                        <customfieldname>Date of First Response</customfieldname>
                        <customfieldvalues>
                            <customfieldvalue>Wed, 17 Aug 2005 14:13:39 +0000</customfieldvalue>

                        </customfieldvalues>
                    </customfield>
                                                                                                                                                                                                                                                                                                                                                                                                                                            <customfield id="customfield_12310420" key="com.pyxis.greenhopper.jira:gh-global-rank">
                        <customfieldname>Global Rank</customfieldname>
                        <customfieldvalues>
                            <customfieldvalue>150268</customfieldvalue>
                        </customfieldvalues>
                    </customfield>
                                                                                                                        <customfield id="customfield_12312521" key="com.atlassian.jira.toolkit:LastCommentDate">
                        <customfieldname>Last public comment date</customfieldname>
                        <customfieldvalues>
                            11 years, 17 weeks, 2 days ago
                        </customfieldvalues>
                    </customfield>
                                                                                            <customfield id="customfield_12311820" key="com.pyxis.greenhopper.jira:gh-lexo-rank">
                        <customfieldname>Rank</customfieldname>
                        <customfieldvalues>
                            <customfieldvalue>0|i0rx07:</customfieldvalue>

                        </customfieldvalues>
                    </customfield>
                                                                <customfield id="customfield_12310920" key="com.pyxis.greenhopper.jira:gh-global-rank">
                        <customfieldname>Rank (Obsolete)</customfieldname>
                        <customfieldvalues>
                            <customfieldvalue>160991</customfieldvalue>
                        </customfieldvalues>
                    </customfield>
                                                                                                                                                                                                                                                                                                                            </customfields>
    </item>
</channel>
</rss>