<!-- 
RSS generated by JIRA (6.3.4#6332-sha1:51bc225ef474afe3128b2f66878477f322397b16) at Fri Dec 02 18:02:41 UTC 2016

It is possible to restrict the fields that are returned in this document by specifying the 'field' parameter in your request.
For example, to request only the issue key and summary add field=key&field=summary to the URL of your request.
For example:
https://issues.apache.org/jira/si/jira.issueviews:issue-xml/MATH-26/MATH-26.xml?field=key&amp;field=summary
-->
<rss version="0.92" >
<channel>
    <title>ASF JIRA</title>
    <link>https://issues.apache.org/jira</link>
    <description>This file is an XML representation of an issue</description>
    <language>en-uk</language>    <build-info>
        <version>6.3.4</version>
        <build-number>6332</build-number>
        <build-date>15-08-2014</build-date>
    </build-info>

<item>
            <title>[MATH-26] Wiki link points to old Commons Wiki</title>
                <link>https://issues.apache.org/jira/browse/MATH-26</link>
                <project id="12310485" key="MATH">Commons Math</project>
                    <description>&lt;p&gt;&lt;a href=&quot;http://jakarta.apache.org/commons/math/&quot; class=&quot;external-link&quot; rel=&quot;nofollow&quot;&gt;http://jakarta.apache.org/commons/math/&lt;/a&gt; has a link to&lt;br/&gt;
&lt;a href=&quot;http://nagoya.apache.org/wiki/apachewiki.cgi?JakartaCommonsProjectPages&quot; class=&quot;external-link&quot; rel=&quot;nofollow&quot;&gt;http://nagoya.apache.org/wiki/apachewiki.cgi?JakartaCommonsProjectPages&lt;/a&gt;, let&apos;s&lt;br/&gt;
change this to point to &lt;a href=&quot;http://wiki.apache.org/jakarta-commons&quot; class=&quot;external-link&quot; rel=&quot;nofollow&quot;&gt;http://wiki.apache.org/jakarta-commons&lt;/a&gt;&lt;/p&gt;</description>
                <environment>&lt;p&gt;Operating System: other&lt;br/&gt;
Platform: Other&lt;/p&gt;</environment>
        <key id="12341487">MATH-26</key>
            <summary>Wiki link points to old Commons Wiki</summary>
                <type id="1" iconUrl="https://issues.apache.org/jira/images/icons/issuetypes/bug.png">Bug</type>
                                            <priority id="3" iconUrl="https://issues.apache.org/jira/images/icons/priorities/major.png">Major</priority>
                        <status id="6" iconUrl="https://issues.apache.org/jira/images/icons/statuses/closed.png" description="The issue is considered finished, the resolution is correct. Issues which are closed can be reopened.">Closed</status>
                    <statusCategory id="3" key="done" colorName="green"/>
                                    <resolution id="1">Fixed</resolution>
                                        <assignee username="-1">Unassigned</assignee>
                                    <reporter username="tobrien@discursive.com">Tim O&apos;Brien</reporter>
                        <labels>
                    </labels>
                <created>Fri, 4 Jun 2004 21:59:57 +0000</created>
                <updated>Mon, 23 Jul 2012 23:24:43 +0000</updated>
                            <resolved>Thu, 23 Apr 2009 02:26:02 +0000</resolved>
                                                                        <due></due>
                            <votes>0</votes>
                                    <watches>0</watches>
                                                                <comments>
                            <comment id="12406737" author="dirkv" created="Sat, 5 Jun 2004 05:47:08 +0000"  >&lt;p&gt;Menu has been updated in cvs, a simple site update will fix this&lt;/p&gt;</comment>
                            <comment id="12406738" author="rdonkin@apache.org" created="Wed, 9 Jun 2004 03:29:16 +0000"  >&lt;p&gt;This one&apos;s fixed now (but not by me). &lt;/p&gt;

&lt;p&gt;Robert&lt;/p&gt;</comment>
                    </comments>
                    <attachments>
                    </attachments>
                <subtasks>
                    </subtasks>
                <customfields>
                                                <customfield id="customfield_12310310" key="com.atlassian.jira.toolkit:attachments">
                        <customfieldname>Attachment count</customfieldname>
                        <customfieldvalues>
                            <customfieldvalue>0.0</customfieldvalue>
                        </customfieldvalues>
                    </customfield>
                                                                                                                                                                                                                                                                                                                                                                                                                                                                        <customfield id="customfield_10010" key="com.atlassian.jira.plugin.system.customfieldtypes:importid">
                        <customfieldname>Bugzilla Id</customfieldname>
                        <customfieldvalues>
                            <customfieldvalue>29394</customfieldvalue>
                        </customfieldvalues>
                    </customfield>
                                                                                            <customfield id="customfield_12310220" key="com.atlassian.jira.ext.charting:firstresponsedate">
                        <customfieldname>Date of First Response</customfieldname>
                        <customfieldvalues>
                            <customfieldvalue>Sat, 5 Jun 2004 05:47:08 +0000</customfieldvalue>

                        </customfieldvalues>
                    </customfield>
                                                                                                                                                                                                                                                                                                                                                                                                                                            <customfield id="customfield_12310420" key="com.pyxis.greenhopper.jira:gh-global-rank">
                        <customfieldname>Global Rank</customfieldname>
                        <customfieldvalues>
                            <customfieldvalue>150271</customfieldvalue>
                        </customfieldvalues>
                    </customfield>
                                                                                                                        <customfield id="customfield_12312521" key="com.atlassian.jira.toolkit:LastCommentDate">
                        <customfieldname>Last public comment date</customfieldname>
                        <customfieldvalues>
                            12 years, 27 weeks, 2 days ago
                        </customfieldvalues>
                    </customfield>
                                                                                            <customfield id="customfield_12311820" key="com.pyxis.greenhopper.jira:gh-lexo-rank">
                        <customfieldname>Rank</customfieldname>
                        <customfieldvalues>
                            <customfieldvalue>0|i0rwzb:</customfieldvalue>

                        </customfieldvalues>
                    </customfield>
                                                                <customfield id="customfield_12310920" key="com.pyxis.greenhopper.jira:gh-global-rank">
                        <customfieldname>Rank (Obsolete)</customfieldname>
                        <customfieldvalues>
                            <customfieldvalue>160987</customfieldvalue>
                        </customfieldvalues>
                    </customfield>
                                                                                                                                                                                                                                                                                                                            </customfields>
    </item>
</channel>
</rss>