<!-- 
RSS generated by JIRA (6.3.4#6332-sha1:51bc225ef474afe3128b2f66878477f322397b16) at Fri Nov 18 21:41:07 UTC 2016

It is possible to restrict the fields that are returned in this document by specifying the 'field' parameter in your request.
For example, to request only the issue key and summary add field=key&field=summary to the URL of your request.
For example:
https://issues.apache.org/jira/si/jira.issueviews:issue-xml/MATH-1021/MATH-1021.xml?field=key&amp;field=summary
-->
<rss version="0.92" >
<channel>
    <title>ASF JIRA</title>
    <link>https://issues.apache.org/jira</link>
    <description>This file is an XML representation of an issue</description>
    <language>en-uk</language>    <build-info>
        <version>6.3.4</version>
        <build-number>6332</build-number>
        <build-date>15-08-2014</build-date>
    </build-info>

<item>
            <title>[MATH-1021] HypergeometricDistribution.sample suffers from integer overflow</title>
                <link>https://issues.apache.org/jira/browse/MATH-1021</link>
                <project id="12310485" key="MATH">Commons Math</project>
                    <description>&lt;p&gt;Hi, I have an application which broke when ported from commons math 2.2 to 3.2. It looks like the HypergeometricDistribution.sample() method doesn&apos;t work as well as it used to with large integer values &amp;#8211; the example code below should return a sample between 0 and 50, but usually returns -50.&lt;/p&gt;

&lt;div class=&quot;code panel&quot; style=&quot;border-width: 1px;&quot;&gt;&lt;div class=&quot;codeContent panelContent&quot;&gt;
&lt;pre class=&quot;code-java&quot;&gt;
&lt;span class=&quot;code-keyword&quot;&gt;import&lt;/span&gt; org.apache.commons.math3.distribution.HypergeometricDistribution;

&lt;span class=&quot;code-keyword&quot;&gt;public&lt;/span&gt; class Foo {
  &lt;span class=&quot;code-keyword&quot;&gt;public&lt;/span&gt; &lt;span class=&quot;code-keyword&quot;&gt;static&lt;/span&gt; void main(&lt;span class=&quot;code-object&quot;&gt;String&lt;/span&gt;[] args) {
    HypergeometricDistribution a = &lt;span class=&quot;code-keyword&quot;&gt;new&lt;/span&gt; HypergeometricDistribution(
        43130568, 42976365, 50);
    &lt;span class=&quot;code-object&quot;&gt;System&lt;/span&gt;.out.printf(&lt;span class=&quot;code-quote&quot;&gt;&quot;%d %d%n&quot;&lt;/span&gt;, a.getSupportLowerBound(), a.getSupportUpperBound()); &lt;span class=&quot;code-comment&quot;&gt;// Prints &lt;span class=&quot;code-quote&quot;&gt;&quot;0 50&quot;&lt;/span&gt;
&lt;/span&gt;    &lt;span class=&quot;code-object&quot;&gt;System&lt;/span&gt;.out.printf(&lt;span class=&quot;code-quote&quot;&gt;&quot;%d%n&quot;&lt;/span&gt;,a.sample());                                             &lt;span class=&quot;code-comment&quot;&gt;// Prints &lt;span class=&quot;code-quote&quot;&gt;&quot;-50&quot;&lt;/span&gt;
&lt;/span&gt;  }
}
&lt;/pre&gt;
&lt;/div&gt;&lt;/div&gt;

&lt;p&gt;In the debugger, I traced it as far as an integer overflow in HypergeometricDistribution.getNumericalMean() &amp;#8211; instead of doing&lt;/p&gt;
&lt;div class=&quot;code panel&quot; style=&quot;border-width: 1px;&quot;&gt;&lt;div class=&quot;codeContent panelContent&quot;&gt;
&lt;pre class=&quot;code-java&quot;&gt;
&lt;span class=&quot;code-keyword&quot;&gt;return&lt;/span&gt; (&lt;span class=&quot;code-object&quot;&gt;double&lt;/span&gt;) (getSampleSize() * getNumberOfSuccesses()) / (&lt;span class=&quot;code-object&quot;&gt;double&lt;/span&gt;) getPopulationSize();
&lt;/pre&gt;
&lt;/div&gt;&lt;/div&gt;
&lt;p&gt;it could do:&lt;/p&gt;
&lt;div class=&quot;code panel&quot; style=&quot;border-width: 1px;&quot;&gt;&lt;div class=&quot;codeContent panelContent&quot;&gt;
&lt;pre class=&quot;code-java&quot;&gt;
&lt;span class=&quot;code-keyword&quot;&gt;return&lt;/span&gt; getSampleSize() * ((&lt;span class=&quot;code-object&quot;&gt;double&lt;/span&gt;) getNumberOfSuccesses() / (&lt;span class=&quot;code-object&quot;&gt;double&lt;/span&gt;) getPopulationSize());
&lt;/pre&gt;
&lt;/div&gt;&lt;/div&gt;
&lt;p&gt;This seemed to fix it, based on a quick test.&lt;/p&gt;</description>
                <environment></environment>
        <key id="12663001">MATH-1021</key>
            <summary>HypergeometricDistribution.sample suffers from integer overflow</summary>
                <type id="1" iconUrl="https://issues.apache.org/jira/images/icons/issuetypes/bug.png">Bug</type>
                                            <priority id="3" iconUrl="https://issues.apache.org/jira/images/icons/priorities/major.png">Major</priority>
                        <status id="6" iconUrl="https://issues.apache.org/jira/images/icons/statuses/closed.png" description="The issue is considered finished, the resolution is correct. Issues which are closed can be reopened.">Closed</status>
                    <statusCategory id="3" key="done" colorName="green"/>
                                    <resolution id="1">Fixed</resolution>
                                        <assignee username="-1">Unassigned</assignee>
                                    <reporter username="brianbloniarz">Brian Bloniarz</reporter>
                        <labels>
                    </labels>
                <created>Sat, 10 Aug 2013 00:00:22 +0000</created>
                <updated>Mon, 19 May 2014 15:13:25 +0000</updated>
                            <resolved>Thu, 29 Aug 2013 21:35:32 +0000</resolved>
                                                    <fixVersion>3.3</fixVersion>
                                        <due></due>
                            <votes>0</votes>
                                    <watches>3</watches>
                                                                <comments>
                            <comment id="13735631" author="erans" created="Sat, 10 Aug 2013 00:59:36 +0000"  >&lt;p&gt;Thanks for the report and suggested fix.&lt;br/&gt;
Committed in revision 1512546.&lt;/p&gt;</comment>
                            <comment id="14001809" author="luc" created="Mon, 19 May 2014 15:13:25 +0000"  >&lt;p&gt;Closing all resolved issue now available in released 3.3 version.&lt;/p&gt;</comment>
                    </comments>
                    <attachments>
                    </attachments>
                <subtasks>
                    </subtasks>
                <customfields>
                                                <customfield id="customfield_12310310" key="com.atlassian.jira.toolkit:attachments">
                        <customfieldname>Attachment count</customfieldname>
                        <customfieldvalues>
                            <customfieldvalue>0.0</customfieldvalue>
                        </customfieldvalues>
                    </customfield>
                                                                                                                                                                                                                                                                                                                                                                                                                                                                                                                                <customfield id="customfield_12310220" key="com.atlassian.jira.ext.charting:firstresponsedate">
                        <customfieldname>Date of First Response</customfieldname>
                        <customfieldvalues>
                            <customfieldvalue>Sat, 10 Aug 2013 00:59:36 +0000</customfieldvalue>

                        </customfieldvalues>
                    </customfield>
                                                                                                                                                                                                                                                                                                                                                                                                                                            <customfield id="customfield_12310420" key="com.pyxis.greenhopper.jira:gh-global-rank">
                        <customfieldname>Global Rank</customfieldname>
                        <customfieldvalues>
                            <customfieldvalue>343003</customfieldvalue>
                        </customfieldvalues>
                    </customfield>
                                                                                                                        <customfield id="customfield_12312521" key="com.atlassian.jira.toolkit:LastCommentDate">
                        <customfieldname>Last public comment date</customfieldname>
                        <customfieldvalues>
                            2 years, 26 weeks, 4 days ago
                        </customfieldvalues>
                    </customfield>
                                                                                            <customfield id="customfield_12311820" key="com.pyxis.greenhopper.jira:gh-lexo-rank">
                        <customfieldname>Rank</customfieldname>
                        <customfieldvalues>
                            <customfieldvalue>0|i1n5in:</customfieldvalue>

                        </customfieldvalues>
                    </customfield>
                                                                <customfield id="customfield_12310920" key="com.pyxis.greenhopper.jira:gh-global-rank">
                        <customfieldname>Rank (Obsolete)</customfieldname>
                        <customfieldvalues>
                            <customfieldvalue>343307</customfieldvalue>
                        </customfieldvalues>
                    </customfield>
                                                                                                                                                                                                                                        <customfield id="customfield_12310222" key="com.atlassian.jira.ext.charting:timeinstatus">
                        <customfieldname>Time in Status</customfieldname>
                        <customfieldvalues>
                            
                        </customfieldvalues>
                    </customfield>
                                                                                                                        </customfields>
    </item>
</channel>
</rss>