<!-- 
RSS generated by JIRA (6.3.4#6332-sha1:51bc225ef474afe3128b2f66878477f322397b16) at Fri Dec 02 17:55:48 UTC 2016

It is possible to restrict the fields that are returned in this document by specifying the 'field' parameter in your request.
For example, to request only the issue key and summary add field=key&field=summary to the URL of your request.
For example:
https://issues.apache.org/jira/si/jira.issueviews:issue-xml/MATH-1396/MATH-1396.xml?field=key&amp;field=summary
-->
<rss version="0.92" >
<channel>
    <title>ASF JIRA</title>
    <link>https://issues.apache.org/jira</link>
    <description>This file is an XML representation of an issue</description>
    <language>en-uk</language>    <build-info>
        <version>6.3.4</version>
        <build-number>6332</build-number>
        <build-date>15-08-2014</build-date>
    </build-info>

<item>
            <title>[MATH-1396] Overflows in &quot;UniformIntegerDistribution&quot;</title>
                <link>https://issues.apache.org/jira/browse/MATH-1396</link>
                <project id="12310485" key="MATH">Commons Math</project>
                    <description>&lt;p&gt;In &lt;tt&gt;o.a.c.m.distribution.UniformIntegerDistribution&lt;/tt&gt;, several methods will compute an invalid result when the &lt;tt&gt;lower&lt;/tt&gt; and &lt;tt&gt;upper&lt;/tt&gt; bounds are such that&lt;/p&gt;
&lt;div class=&quot;preformatted panel&quot; style=&quot;border-width: 1px;&quot;&gt;&lt;div class=&quot;preformattedContent panelContent&quot;&gt;
&lt;pre&gt;upper - lower
&lt;/pre&gt;
&lt;/div&gt;&lt;/div&gt;
&lt;p&gt;overflows.&lt;/p&gt;

&lt;p&gt;Affected methods:&lt;/p&gt;
&lt;ul&gt;
	&lt;li&gt;&lt;tt&gt;probability&lt;/tt&gt;&lt;/li&gt;
	&lt;li&gt;&lt;tt&gt;cumulativeProbability&lt;/tt&gt;&lt;/li&gt;
	&lt;li&gt;&lt;tt&gt;getNumericalVariance&lt;/tt&gt;&lt;/li&gt;
&lt;/ul&gt;


&lt;p&gt;Method&lt;/p&gt;
&lt;ul&gt;
	&lt;li&gt;&lt;tt&gt;getNumericalMean&lt;/tt&gt;&lt;/li&gt;
&lt;/ul&gt;


&lt;p&gt;will return an invalid result when&lt;/p&gt;
&lt;div class=&quot;preformatted panel&quot; style=&quot;border-width: 1px;&quot;&gt;&lt;div class=&quot;preformattedContent panelContent&quot;&gt;
&lt;pre&gt;upper + lower
&lt;/pre&gt;
&lt;/div&gt;&lt;/div&gt;
&lt;p&gt;overflows.&lt;/p&gt;

&lt;p&gt;A possible fix is to define instances variables&lt;/p&gt;
&lt;div class=&quot;preformatted panel&quot; style=&quot;border-width: 1px;&quot;&gt;&lt;div class=&quot;preformattedContent panelContent&quot;&gt;
&lt;pre&gt;upperPlusLower = (double) upper + (double) lower;
upperMinusLower = (double) upper - (double) lower;
&lt;/pre&gt;
&lt;/div&gt;&lt;/div&gt;
&lt;p&gt;and use them instead of the respective integer operations in the above methods.&lt;/p&gt;</description>
                <environment></environment>
        <key id="13021524">MATH-1396</key>
            <summary>Overflows in &quot;UniformIntegerDistribution&quot;</summary>
                <type id="1" iconUrl="https://issues.apache.org/jira/images/icons/issuetypes/bug.png">Bug</type>
                                            <priority id="3" iconUrl="https://issues.apache.org/jira/images/icons/priorities/major.png">Major</priority>
                        <status id="5" iconUrl="https://issues.apache.org/jira/images/icons/statuses/resolved.png" description="A resolution has been taken, and it is awaiting verification by reporter. From here issues are either reopened, or are closed.">Resolved</status>
                    <statusCategory id="3" key="done" colorName="green"/>
                                    <resolution id="1">Fixed</resolution>
                                        <assignee username="erans">Gilles</assignee>
                                    <reporter username="erans">Gilles</reporter>
                        <labels>
                    </labels>
                <created>Thu, 17 Nov 2016 17:24:50 +0000</created>
                <updated>Wed, 23 Nov 2016 12:56:27 +0000</updated>
                            <resolved>Wed, 23 Nov 2016 12:56:26 +0000</resolved>
                                    <version>3.6.1</version>
                                    <fixVersion>4.0</fixVersion>
                                        <due></due>
                            <votes>0</votes>
                                    <watches>1</watches>
                                                                <comments>
                            <comment id="15690034" author="erans" created="Wed, 23 Nov 2016 12:56:27 +0000"  >&lt;p&gt;commit af1b5872ab8355acea3197522ddf94972b3c8386&lt;/p&gt;</comment>
                    </comments>
                    <attachments>
                    </attachments>
                <subtasks>
                    </subtasks>
                <customfields>
                                                <customfield id="customfield_12310310" key="com.atlassian.jira.toolkit:attachments">
                        <customfieldname>Attachment count</customfieldname>
                        <customfieldvalues>
                            <customfieldvalue>0.0</customfieldvalue>
                        </customfieldvalues>
                    </customfield>
                                                                                                                                                                                                                                                                                                                                                                                                                                                                                                                                                                                                                                                                                                                                                                                                                                                                                                                                        <customfield id="customfield_12310420" key="com.pyxis.greenhopper.jira:gh-global-rank">
                        <customfieldname>Global Rank</customfieldname>
                        <customfieldvalues>
                            <customfieldvalue>9223372036854775807</customfieldvalue>
                        </customfieldvalues>
                    </customfield>
                                                                                                                        <customfield id="customfield_12312521" key="com.atlassian.jira.toolkit:LastCommentDate">
                        <customfieldname>Last public comment date</customfieldname>
                        <customfieldvalues>
                            1 week, 2 days ago
                        </customfieldvalues>
                    </customfield>
                                                                                            <customfield id="customfield_12311820" key="com.pyxis.greenhopper.jira:gh-lexo-rank">
                        <customfieldname>Rank</customfieldname>
                        <customfieldvalues>
                            <customfieldvalue>0|i36grj:</customfieldvalue>

                        </customfieldvalues>
                    </customfield>
                                                                <customfield id="customfield_12310920" key="com.pyxis.greenhopper.jira:gh-global-rank">
                        <customfieldname>Rank (Obsolete)</customfieldname>
                        <customfieldvalues>
                            <customfieldvalue>9223372036854775807</customfieldvalue>
                        </customfieldvalues>
                    </customfield>
                                                                                                                                                                                                                                        <customfield id="customfield_12310222" key="com.atlassian.jira.ext.charting:timeinstatus">
                        <customfieldname>Time in Status</customfieldname>
                        <customfieldvalues>
                            
                        </customfieldvalues>
                    </customfield>
                                                                                                                        </customfields>
    </item>
</channel>
</rss>