<!-- 
RSS generated by JIRA (6.3.4#6332-sha1:51bc225ef474afe3128b2f66878477f322397b16) at Sat Nov 19 21:07:26 UTC 2016

It is possible to restrict the fields that are returned in this document by specifying the 'field' parameter in your request.
For example, to request only the issue key and summary add field=key&field=summary to the URL of your request.
For example:
https://issues.apache.org/jira/si/jira.issueviews:issue-xml/MATH-583/MATH-583.xml?field=key&amp;field=summary
-->
<rss version="0.92" >
<channel>
    <title>ASF JIRA</title>
    <link>https://issues.apache.org/jira</link>
    <description>This file is an XML representation of an issue</description>
    <language>en-uk</language>    <build-info>
        <version>6.3.4</version>
        <build-number>6332</build-number>
        <build-date>15-08-2014</build-date>
    </build-info>

<item>
            <title>[MATH-583] Eigen value and SVD fail on a matrix with InvalidMatrixException while numpy has no problem on the same matrix</title>
                <link>https://issues.apache.org/jira/browse/MATH-583</link>
                <project id="12310485" key="MATH">Commons Math</project>
                    <description>&lt;p&gt;Eigen value and SVD fail on a matrix with InvalidMatrixException while numpy has no problem on the same matrix&lt;/p&gt;
</description>
                <environment></environment>
        <key id="12508221">MATH-583</key>
            <summary>Eigen value and SVD fail on a matrix with InvalidMatrixException while numpy has no problem on the same matrix</summary>
                <type id="1" iconUrl="https://issues.apache.org/jira/images/icons/issuetypes/bug.png">Bug</type>
                                            <priority id="3" iconUrl="https://issues.apache.org/jira/images/icons/priorities/major.png">Major</priority>
                        <status id="6" iconUrl="https://issues.apache.org/jira/images/icons/statuses/closed.png" description="The issue is considered finished, the resolution is correct. Issues which are closed can be reopened.">Closed</status>
                    <statusCategory id="3" key="done" colorName="green"/>
                                    <resolution id="1">Fixed</resolution>
                                        <assignee username="-1">Unassigned</assignee>
                                    <reporter username="vjeet">Vishv jeet</reporter>
                        <labels>
                    </labels>
                <created>Tue, 24 May 2011 17:22:09 +0000</created>
                <updated>Sat, 24 Mar 2012 16:16:35 +0000</updated>
                            <resolved>Wed, 20 Jul 2011 12:21:42 +0000</resolved>
                                                    <fixVersion>3.0</fixVersion>
                                        <due></due>
                            <votes>0</votes>
                                    <watches>0</watches>
                                                                <comments>
                            <comment id="13038675" author="vjeet" created="Tue, 24 May 2011 17:23:12 +0000"  >&lt;p&gt;matrix data&lt;/p&gt;</comment>
                            <comment id="13038676" author="vjeet" created="Tue, 24 May 2011 17:24:07 +0000"  >&lt;p&gt;1) java code to reproduce error&lt;/p&gt;

&lt;p&gt;2) python code that works&lt;/p&gt;</comment>
                            <comment id="13068318" author="luc" created="Wed, 20 Jul 2011 12:21:42 +0000"  >&lt;p&gt;Fixed in subversion repository as of r1148714.&lt;/p&gt;

&lt;p&gt;This issue was fixed by changing SVD implementation according to issue &lt;a href=&quot;https://issues.apache.org/jira/browse/MATH-611&quot; title=&quot;A fast and stable SVD implementation from JAMA&quot; class=&quot;issue-link&quot; data-issue-key=&quot;MATH-611&quot;&gt;&lt;del&gt;MATH-611&lt;/del&gt;&lt;/a&gt;.&lt;/p&gt;</comment>
                    </comments>
                <issuelinks>
                            <issuelinktype id="12310010">
                    <name>Incorporates</name>
                                                                <inwardlinks description="is part of">
                                        <issuelink>
            <issuekey id="12512945">MATH-611</issuekey>
        </issuelink>
                            </inwardlinks>
                                    </issuelinktype>
                    </issuelinks>
                <attachments>
                            <attachment id="12480284" name="EigenAndSVDFailure.java" size="1508" author="vjeet" created="Tue, 24 May 2011 17:24:07 +0000"/>
                            <attachment id="12480283" name="matrix.csv" size="181485" author="vjeet" created="Tue, 24 May 2011 17:23:12 +0000"/>
                            <attachment id="12480285" name="svd.py" size="230" author="vjeet" created="Tue, 24 May 2011 17:24:07 +0000"/>
                    </attachments>
                <subtasks>
                    </subtasks>
                <customfields>
                                                <customfield id="customfield_12310310" key="com.atlassian.jira.toolkit:attachments">
                        <customfieldname>Attachment count</customfieldname>
                        <customfieldvalues>
                            <customfieldvalue>3.0</customfieldvalue>
                        </customfieldvalues>
                    </customfield>
                                                                                                                                                                                                                                                                                                                                                                                                                                                                                                                                <customfield id="customfield_12310220" key="com.atlassian.jira.ext.charting:firstresponsedate">
                        <customfieldname>Date of First Response</customfieldname>
                        <customfieldvalues>
                            <customfieldvalue>Wed, 20 Jul 2011 12:21:42 +0000</customfieldvalue>

                        </customfieldvalues>
                    </customfield>
                                                                                                                                                                                                                                                                                                                                                                                                                                            <customfield id="customfield_12310420" key="com.pyxis.greenhopper.jira:gh-global-rank">
                        <customfieldname>Global Rank</customfieldname>
                        <customfieldvalues>
                            <customfieldvalue>67394</customfieldvalue>
                        </customfieldvalues>
                    </customfield>
                                                                                                                        <customfield id="customfield_12312521" key="com.atlassian.jira.toolkit:LastCommentDate">
                        <customfieldname>Last public comment date</customfieldname>
                        <customfieldvalues>
                            5 years, 18 weeks, 3 days ago
                        </customfieldvalues>
                    </customfield>
                                                                                            <customfield id="customfield_12311820" key="com.pyxis.greenhopper.jira:gh-lexo-rank">
                        <customfieldname>Rank</customfieldname>
                        <customfieldvalues>
                            <customfieldvalue>0|i0rtmn:</customfieldvalue>

                        </customfieldvalues>
                    </customfield>
                                                                <customfield id="customfield_12310920" key="com.pyxis.greenhopper.jira:gh-global-rank">
                        <customfieldname>Rank (Obsolete)</customfieldname>
                        <customfieldvalues>
                            <customfieldvalue>160444</customfieldvalue>
                        </customfieldvalues>
                    </customfield>
                                                                                                                                                                                                                                        <customfield id="customfield_12310222" key="com.atlassian.jira.ext.charting:timeinstatus">
                        <customfieldname>Time in Status</customfieldname>
                        <customfieldvalues>
                            
                        </customfieldvalues>
                    </customfield>
                                                                                                                        </customfields>
    </item>
</channel>
</rss>