<!-- 
RSS generated by JIRA (6.3.4#6332-sha1:51bc225ef474afe3128b2f66878477f322397b16) at Fri Nov 18 23:37:11 UTC 2016

It is possible to restrict the fields that are returned in this document by specifying the 'field' parameter in your request.
For example, to request only the issue key and summary add field=key&field=summary to the URL of your request.
For example:
https://issues.apache.org/jira/si/jira.issueviews:issue-xml/MATH-1037/MATH-1037.xml?field=key&amp;field=summary
-->
<rss version="0.92" >
<channel>
    <title>ASF JIRA</title>
    <link>https://issues.apache.org/jira</link>
    <description>This file is an XML representation of an issue</description>
    <language>en-uk</language>    <build-info>
        <version>6.3.4</version>
        <build-number>6332</build-number>
        <build-date>15-08-2014</build-date>
    </build-info>

<item>
            <title>[MATH-1037] Distribution tests are mostly meaningless due to high tolerance</title>
                <link>https://issues.apache.org/jira/browse/MATH-1037</link>
                <project id="12310485" key="MATH">Commons Math</project>
                    <description>&lt;p&gt;The tolerance used for value comparison in &lt;tt&gt;IntegerDistributionAbstractTest&lt;/tt&gt; is &lt;tt&gt;1E-4&lt;/tt&gt;. However, most values being compared are much smaller, so they are considered equal even if they otherwise differ by orders of magnitude. For example, a typo in &lt;tt&gt;GeometricDistributionTest&lt;/tt&gt; puts 29 in the test points instead of 19, while the test probability value is correctly given for 19. The test passes, disregarding the fact that &lt;tt&gt;2.437439e-05&lt;/tt&gt; (test value for 19) and &lt;tt&gt;1.473826e-07&lt;/tt&gt; (actual value for 29) differ almost hundredfold.&lt;/p&gt;</description>
                <environment></environment>
        <key id="12670489">MATH-1037</key>
            <summary>Distribution tests are mostly meaningless due to high tolerance</summary>
                <type id="1" iconUrl="https://issues.apache.org/jira/images/icons/issuetypes/bug.png">Bug</type>
                                            <priority id="4" iconUrl="https://issues.apache.org/jira/images/icons/priorities/minor.png">Minor</priority>
                        <status id="6" iconUrl="https://issues.apache.org/jira/images/icons/statuses/closed.png" description="The issue is considered finished, the resolution is correct. Issues which are closed can be reopened.">Closed</status>
                    <statusCategory id="3" key="done" colorName="green"/>
                                    <resolution id="1">Fixed</resolution>
                                        <assignee username="-1">Unassigned</assignee>
                                    <reporter username="dievsky">Aleksei Dievskii</reporter>
                        <labels>
                    </labels>
                <created>Wed, 25 Sep 2013 14:09:14 +0000</created>
                <updated>Mon, 19 May 2014 15:13:28 +0000</updated>
                            <resolved>Fri, 11 Oct 2013 20:47:41 +0000</resolved>
                                    <version>3.2</version>
                                    <fixVersion>3.3</fixVersion>
                                        <due></due>
                            <votes>0</votes>
                                    <watches>3</watches>
                                                                <comments>
                            <comment id="13778946" author="psteitz" created="Thu, 26 Sep 2013 16:23:22 +0000"  >&lt;p&gt;Thanks for reporting this.  This is bad and the example calls it out.  The Geometric distribution test needs to be fixed. I am inclined to get rid of the default and make getTolerance abstract so tests have to set it explicitly.&lt;/p&gt;</comment>
                            <comment id="13793028" author="tn" created="Fri, 11 Oct 2013 20:38:37 +0000"  >&lt;p&gt;Actually, the tolerance value has been overridden in the GeometricDistributionTest, but unfortunately, the base class seems to ignore it: instead of accessing the tolerance value by calling getTolerance(), the class accesses the field directly.&lt;/p&gt;

&lt;p&gt;I will fix this together with the typo in the GeometricDistributionTest.&lt;/p&gt;</comment>
                            <comment id="13793034" author="tn" created="Fri, 11 Oct 2013 20:47:41 +0000"  >&lt;p&gt;Fixed in r1531413.&lt;/p&gt;

&lt;p&gt;Thanks for the report!&lt;/p&gt;</comment>
                            <comment id="13794023" author="dievsky" created="Mon, 14 Oct 2013 10:08:30 +0000"  >&lt;p&gt;Glad to be of help!&lt;/p&gt;</comment>
                            <comment id="14001823" author="luc" created="Mon, 19 May 2014 15:13:28 +0000"  >&lt;p&gt;Closing all resolved issue now available in released 3.3 version.&lt;/p&gt;</comment>
                    </comments>
                    <attachments>
                    </attachments>
                <subtasks>
                    </subtasks>
                <customfields>
                                                <customfield id="customfield_12310310" key="com.atlassian.jira.toolkit:attachments">
                        <customfieldname>Attachment count</customfieldname>
                        <customfieldvalues>
                            <customfieldvalue>0.0</customfieldvalue>
                        </customfieldvalues>
                    </customfield>
                                                                                                                                                                                                                                                                                                                                                                                                                                                                                                                                <customfield id="customfield_12310220" key="com.atlassian.jira.ext.charting:firstresponsedate">
                        <customfieldname>Date of First Response</customfieldname>
                        <customfieldvalues>
                            <customfieldvalue>Thu, 26 Sep 2013 16:23:22 +0000</customfieldvalue>

                        </customfieldvalues>
                    </customfield>
                                                                                                                                                                                                                                                                                                                                                                                                                                            <customfield id="customfield_12310420" key="com.pyxis.greenhopper.jira:gh-global-rank">
                        <customfieldname>Global Rank</customfieldname>
                        <customfieldvalues>
                            <customfieldvalue>350318</customfieldvalue>
                        </customfieldvalues>
                    </customfield>
                                                                                                                        <customfield id="customfield_12312521" key="com.atlassian.jira.toolkit:LastCommentDate">
                        <customfieldname>Last public comment date</customfieldname>
                        <customfieldvalues>
                            2 years, 26 weeks, 4 days ago
                        </customfieldvalues>
                    </customfield>
                                                                                            <customfield id="customfield_12311820" key="com.pyxis.greenhopper.jira:gh-lexo-rank">
                        <customfieldname>Rank</customfieldname>
                        <customfieldvalues>
                            <customfieldvalue>0|i1oein:</customfieldvalue>

                        </customfieldvalues>
                    </customfield>
                                                                <customfield id="customfield_12310920" key="com.pyxis.greenhopper.jira:gh-global-rank">
                        <customfieldname>Rank (Obsolete)</customfieldname>
                        <customfieldvalues>
                            <customfieldvalue>350611</customfieldvalue>
                        </customfieldvalues>
                    </customfield>
                                                                                                                                                                                                                                        <customfield id="customfield_12310222" key="com.atlassian.jira.ext.charting:timeinstatus">
                        <customfieldname>Time in Status</customfieldname>
                        <customfieldvalues>
                            
                        </customfieldvalues>
                    </customfield>
                                                                                                                        </customfields>
    </item>
</channel>
</rss>