<!-- 
RSS generated by JIRA (6.3.4#6332-sha1:51bc225ef474afe3128b2f66878477f322397b16) at Fri Nov 18 22:45:34 UTC 2016

It is possible to restrict the fields that are returned in this document by specifying the 'field' parameter in your request.
For example, to request only the issue key and summary add field=key&field=summary to the URL of your request.
For example:
https://issues.apache.org/jira/si/jira.issueviews:issue-xml/MATH-335/MATH-335.xml?field=key&amp;field=summary
-->
<rss version="0.92" >
<channel>
    <title>ASF JIRA</title>
    <link>https://issues.apache.org/jira</link>
    <description>This file is an XML representation of an issue</description>
    <language>en-uk</language>    <build-info>
        <version>6.3.4</version>
        <build-number>6332</build-number>
        <build-date>15-08-2014</build-date>
    </build-info>

<item>
            <title>[MATH-335] Fraction.hashCode() inconsistent with Fraction.equals()</title>
                <link>https://issues.apache.org/jira/browse/MATH-335</link>
                <project id="12310485" key="MATH">Commons Math</project>
                    <description>&lt;p&gt;Fraction.hashCode() is inconsistent with Fraction.equals().&lt;/p&gt;

&lt;p&gt;hashCode() uses getNumerator() (which is not final) rather than directly accessing the field.&lt;/p&gt;

&lt;p&gt;Seems to me that hashCode() has no reason to use the getters - or if it does, then equals should do so too.&lt;/p&gt;</description>
                <environment></environment>
        <key id="12446819">MATH-335</key>
            <summary>Fraction.hashCode() inconsistent with Fraction.equals()</summary>
                <type id="1" iconUrl="https://issues.apache.org/jira/images/icons/issuetypes/bug.png">Bug</type>
                                            <priority id="4" iconUrl="https://issues.apache.org/jira/images/icons/priorities/minor.png">Minor</priority>
                        <status id="6" iconUrl="https://issues.apache.org/jira/images/icons/statuses/closed.png" description="The issue is considered finished, the resolution is correct. Issues which are closed can be reopened.">Closed</status>
                    <statusCategory id="3" key="done" colorName="green"/>
                                    <resolution id="1">Fixed</resolution>
                                        <assignee username="-1">Unassigned</assignee>
                                    <reporter username="sebb@apache.org">Sebb</reporter>
                        <labels>
                    </labels>
                <created>Wed, 27 Jan 2010 15:31:02 +0000</created>
                <updated>Sat, 3 Apr 2010 20:33:07 +0000</updated>
                            <resolved>Sun, 14 Mar 2010 01:38:48 +0000</resolved>
                                                    <fixVersion>2.1</fixVersion>
                                        <due></due>
                            <votes>0</votes>
                                    <watches>0</watches>
                                                                <comments>
                            <comment id="12805564" author="luc" created="Wed, 27 Jan 2010 16:40:24 +0000"  >&lt;p&gt;Agreed. I would prefer it uses the fields directly.&lt;/p&gt;</comment>
                            <comment id="12845005" author="sebb@apache.org" created="Sun, 14 Mar 2010 01:38:48 +0000"  >&lt;p&gt;URL: &lt;a href=&quot;http://svn.apache.org/viewvc?rev=922715&amp;amp;view=rev&quot; class=&quot;external-link&quot; rel=&quot;nofollow&quot;&gt;http://svn.apache.org/viewvc?rev=922715&amp;amp;view=rev&lt;/a&gt;&lt;br/&gt;
Log:&lt;br/&gt;
&lt;a href=&quot;https://issues.apache.org/jira/browse/MATH-335&quot; title=&quot;Fraction.hashCode() inconsistent with Fraction.equals()&quot; class=&quot;issue-link&quot; data-issue-key=&quot;MATH-335&quot;&gt;&lt;del&gt;MATH-335&lt;/del&gt;&lt;/a&gt; Fraction.hashCode() inconsistent with Fraction.equals()&lt;br/&gt;
Change hashCode() to use fields directly&lt;/p&gt;</comment>
                    </comments>
                    <attachments>
                    </attachments>
                <subtasks>
                    </subtasks>
                <customfields>
                                                <customfield id="customfield_12310310" key="com.atlassian.jira.toolkit:attachments">
                        <customfieldname>Attachment count</customfieldname>
                        <customfieldvalues>
                            <customfieldvalue>0.0</customfieldvalue>
                        </customfieldvalues>
                    </customfield>
                                                                                                                                                                                                                                                                                                                                                                                                                                                                                                                                <customfield id="customfield_12310220" key="com.atlassian.jira.ext.charting:firstresponsedate">
                        <customfieldname>Date of First Response</customfieldname>
                        <customfieldvalues>
                            <customfieldvalue>Wed, 27 Jan 2010 16:40:24 +0000</customfieldvalue>

                        </customfieldvalues>
                    </customfield>
                                                                                                                                                                                                                                                                                                                                                                                                                                            <customfield id="customfield_12310420" key="com.pyxis.greenhopper.jira:gh-global-rank">
                        <customfieldname>Global Rank</customfieldname>
                        <customfieldvalues>
                            <customfieldvalue>150508</customfieldvalue>
                        </customfieldvalues>
                    </customfield>
                                                                                                                        <customfield id="customfield_12312521" key="com.atlassian.jira.toolkit:LastCommentDate">
                        <customfieldname>Last public comment date</customfieldname>
                        <customfieldvalues>
                            6 years, 36 weeks, 5 days ago
                        </customfieldvalues>
                    </customfield>
                                                                                            <customfield id="customfield_12311820" key="com.pyxis.greenhopper.jira:gh-lexo-rank">
                        <customfieldname>Rank</customfieldname>
                        <customfieldvalues>
                            <customfieldvalue>0|i0rv3j:</customfieldvalue>

                        </customfieldvalues>
                    </customfield>
                                                                <customfield id="customfield_12310920" key="com.pyxis.greenhopper.jira:gh-global-rank">
                        <customfieldname>Rank (Obsolete)</customfieldname>
                        <customfieldvalues>
                            <customfieldvalue>160682</customfieldvalue>
                        </customfieldvalues>
                    </customfield>
                                                                                                                                                                                                                                        <customfield id="customfield_12310222" key="com.atlassian.jira.ext.charting:timeinstatus">
                        <customfieldname>Time in Status</customfieldname>
                        <customfieldvalues>
                            
                        </customfieldvalues>
                    </customfield>
                                                                                                                        </customfields>
    </item>
</channel>
</rss>