<!-- 
RSS generated by JIRA (6.3.4#6332-sha1:51bc225ef474afe3128b2f66878477f322397b16) at Sat Nov 19 23:50:28 UTC 2016

It is possible to restrict the fields that are returned in this document by specifying the 'field' parameter in your request.
For example, to request only the issue key and summary add field=key&field=summary to the URL of your request.
For example:
https://issues.apache.org/jira/si/jira.issueviews:issue-xml/MATH-1223/MATH-1223.xml?field=key&amp;field=summary
-->
<rss version="0.92" >
<channel>
    <title>ASF JIRA</title>
    <link>https://issues.apache.org/jira</link>
    <description>This file is an XML representation of an issue</description>
    <language>en-uk</language>    <build-info>
        <version>6.3.4</version>
        <build-number>6332</build-number>
        <build-date>15-08-2014</build-date>
    </build-info>

<item>
            <title>[MATH-1223] Wrong splitting of huge double numbers</title>
                <link>https://issues.apache.org/jira/browse/MATH-1223</link>
                <project id="12310485" key="MATH">Commons Math</project>
                    <description>&lt;p&gt;In both MathArrays and FastMath, some computations on double are performed by firt splitting double numbers in two numbers with about 26 bits.&lt;/p&gt;

&lt;p&gt;This splitting fails when the numbers are huge, even if they are still representable and not infinite (the limit is about 1.0e300, eight orders of magnitude below infinity).&lt;/p&gt;

&lt;p&gt;This can be seen by computing for example&lt;/p&gt;
&lt;div class=&quot;code panel&quot; style=&quot;border-width: 1px;&quot;&gt;&lt;div class=&quot;codeContent panelContent&quot;&gt;
&lt;pre class=&quot;code-java&quot;&gt;
FastMath.pow(FastMath.scalb(1.0, 500), 4);
&lt;/pre&gt;
&lt;/div&gt;&lt;/div&gt;

&lt;p&gt;The result is NaN whereas it should be +infinity.&lt;/p&gt;

&lt;p&gt;or by modifying test MathArraysTest.testLinearCombination1 and scaling down first array elements by FastMath.scalb(a&lt;span class=&quot;error&quot;&gt;&amp;#91;i&amp;#93;&lt;/span&gt;, -971) and scaling up the second array elements by FastMath.scalb(b&lt;span class=&quot;error&quot;&gt;&amp;#91;i&amp;#93;&lt;/span&gt;, +971), which should not change the results. Here the result is a loss of precision because a safety check in MathArrays.linearCombination falls back to naive implementation if the high accuracy algorithm fails.&lt;/p&gt;

&lt;p&gt;The reason for the wrong splitting is an overflow when computing&lt;/p&gt;
&lt;div class=&quot;code panel&quot; style=&quot;border-width: 1px;&quot;&gt;&lt;div class=&quot;codeContent panelContent&quot;&gt;
&lt;pre class=&quot;code-java&quot;&gt;
        &lt;span class=&quot;code-keyword&quot;&gt;final&lt;/span&gt; &lt;span class=&quot;code-object&quot;&gt;int&lt;/span&gt; splitFactor = 0x8000001;
        &lt;span class=&quot;code-keyword&quot;&gt;final&lt;/span&gt; &lt;span class=&quot;code-object&quot;&gt;double&lt;/span&gt; cd       = splitFactor * d; &lt;span class=&quot;code-comment&quot;&gt;// &amp;lt;--- overflow&lt;/span&gt;
&lt;/pre&gt;
&lt;/div&gt;&lt;/div&gt;
&lt;div class=&quot;code panel&quot; style=&quot;border-width: 1px;&quot;&gt;&lt;div class=&quot;codeContent panelContent&quot;&gt;
&lt;pre class=&quot;code-java&quot;&gt;&lt;/pre&gt;
&lt;/div&gt;&lt;/div&gt;</description>
                <environment></environment>
        <key id="12828013">MATH-1223</key>
            <summary>Wrong splitting of huge double numbers</summary>
                <type id="1" iconUrl="https://issues.apache.org/jira/images/icons/issuetypes/bug.png">Bug</type>
                                            <priority id="4" iconUrl="https://issues.apache.org/jira/images/icons/priorities/minor.png">Minor</priority>
                        <status id="6" iconUrl="https://issues.apache.org/jira/images/icons/statuses/closed.png" description="The issue is considered finished, the resolution is correct. Issues which are closed can be reopened.">Closed</status>
                    <statusCategory id="3" key="done" colorName="green"/>
                                    <resolution id="1">Fixed</resolution>
                                        <assignee username="-1">Unassigned</assignee>
                                    <reporter username="luc">Luc Maisonobe</reporter>
                        <labels>
                    </labels>
                <created>Thu, 7 May 2015 13:20:48 +0000</created>
                <updated>Mon, 25 Jan 2016 20:27:47 +0000</updated>
                            <resolved>Thu, 7 May 2015 13:42:31 +0000</resolved>
                                    <version>3.5</version>
                                    <fixVersion>4.0</fixVersion>
                    <fixVersion>3.6</fixVersion>
                                        <due></due>
                            <votes>0</votes>
                                    <watches>1</watches>
                                                                <comments>
                            <comment id="14532633" author="luc" created="Thu, 7 May 2015 13:42:32 +0000"  >&lt;p&gt;Fixed in git repository, with commit e4b3ac8 in the master branch (4.X) and with commit 9e1b0ac in the MATH_3_X branch.&lt;/p&gt;</comment>
                            <comment id="15115912" author="luc" created="Mon, 25 Jan 2016 20:27:47 +0000"  >&lt;p&gt;Closing all resolved issues that were included in 3.6 release.&lt;/p&gt;</comment>
                    </comments>
                    <attachments>
                    </attachments>
                <subtasks>
                    </subtasks>
                <customfields>
                                                <customfield id="customfield_12310310" key="com.atlassian.jira.toolkit:attachments">
                        <customfieldname>Attachment count</customfieldname>
                        <customfieldvalues>
                            <customfieldvalue>0.0</customfieldvalue>
                        </customfieldvalues>
                    </customfield>
                                                                                                                                                                                                                                                                                                                                                                                                                                                                                                                                                                                                                                                                                                                                                                                                                                                                                                                                        <customfield id="customfield_12310420" key="com.pyxis.greenhopper.jira:gh-global-rank">
                        <customfieldname>Global Rank</customfieldname>
                        <customfieldvalues>
                            <customfieldvalue>9223372036854775807</customfieldvalue>
                        </customfieldvalues>
                    </customfield>
                                                                                                                        <customfield id="customfield_12312521" key="com.atlassian.jira.toolkit:LastCommentDate">
                        <customfieldname>Last public comment date</customfieldname>
                        <customfieldvalues>
                            42 weeks, 5 days ago
                        </customfieldvalues>
                    </customfield>
                                                                                            <customfield id="customfield_12311820" key="com.pyxis.greenhopper.jira:gh-lexo-rank">
                        <customfieldname>Rank</customfieldname>
                        <customfieldvalues>
                            <customfieldvalue>0|i2ef7b:</customfieldvalue>

                        </customfieldvalues>
                    </customfield>
                                                                <customfield id="customfield_12310920" key="com.pyxis.greenhopper.jira:gh-global-rank">
                        <customfieldname>Rank (Obsolete)</customfieldname>
                        <customfieldvalues>
                            <customfieldvalue>9223372036854775807</customfieldvalue>
                        </customfieldvalues>
                    </customfield>
                                                                                                                                                                                                                                        <customfield id="customfield_12310222" key="com.atlassian.jira.ext.charting:timeinstatus">
                        <customfieldname>Time in Status</customfieldname>
                        <customfieldvalues>
                            
                        </customfieldvalues>
                    </customfield>
                                                                                                                        </customfields>
    </item>
</channel>
</rss>