<!-- 
RSS generated by JIRA (6.3.4#6332-sha1:51bc225ef474afe3128b2f66878477f322397b16) at Fri Nov 18 20:46:23 UTC 2016

It is possible to restrict the fields that are returned in this document by specifying the 'field' parameter in your request.
For example, to request only the issue key and summary add field=key&field=summary to the URL of your request.
For example:
https://issues.apache.org/jira/si/jira.issueviews:issue-xml/MATH-1294/MATH-1294.xml?field=key&amp;field=summary
-->
<rss version="0.92" >
<channel>
    <title>ASF JIRA</title>
    <link>https://issues.apache.org/jira</link>
    <description>This file is an XML representation of an issue</description>
    <language>en-uk</language>    <build-info>
        <version>6.3.4</version>
        <build-number>6332</build-number>
        <build-date>15-08-2014</build-date>
    </build-info>

<item>
            <title>[MATH-1294] Data race PolynomialUtils::buildPolynomial</title>
                <link>https://issues.apache.org/jira/browse/MATH-1294</link>
                <project id="12310485" key="MATH">Commons Math</project>
                    <description>&lt;p&gt;If you run PolynomialUtilsTest methods concurrently there will occur problem with ComparisonFailure due to incorrect building of coefficient list. &lt;a href=&quot;https://github.com/apache/commons-math/blob/master/src/main/java/org/apache/commons/math4/analysis/polynomials/PolynomialsUtils.java#L368&quot; class=&quot;external-link&quot; rel=&quot;nofollow&quot;&gt;https://github.com/apache/commons-math/blob/master/src/main/java/org/apache/commons/math4/analysis/polynomials/PolynomialsUtils.java#L368&lt;/a&gt; should be in synchronized block. Explanation: polynomial of given degree can be created by other thread  and when primary thread access synchronized block, there is already created coefficients for this degree, therefore no coefficients should be added to coefficients list.&lt;/p&gt;</description>
                <environment></environment>
        <key id="12915180">MATH-1294</key>
            <summary>Data race PolynomialUtils::buildPolynomial</summary>
                <type id="1" iconUrl="https://issues.apache.org/jira/images/icons/issuetypes/bug.png">Bug</type>
                                            <priority id="4" iconUrl="https://issues.apache.org/jira/images/icons/priorities/minor.png">Minor</priority>
                        <status id="6" iconUrl="https://issues.apache.org/jira/images/icons/statuses/closed.png" description="The issue is considered finished, the resolution is correct. Issues which are closed can be reopened.">Closed</status>
                    <statusCategory id="3" key="done" colorName="green"/>
                                    <resolution id="1">Fixed</resolution>
                                        <assignee username="-1">Unassigned</assignee>
                                    <reporter username="fifol">Kamil W&#322;odarczyk</reporter>
                        <labels>
                            <label>easyfix</label>
                            <label>performance</label>
                    </labels>
                <created>Sun, 22 Nov 2015 18:38:53 +0000</created>
                <updated>Mon, 25 Jan 2016 20:27:53 +0000</updated>
                            <resolved>Mon, 23 Nov 2015 22:20:08 +0000</resolved>
                                    <version>4.0</version>
                                    <fixVersion>4.0</fixVersion>
                    <fixVersion>3.6</fixVersion>
                                        <due></due>
                            <votes>0</votes>
                                    <watches>1</watches>
                                                                <comments>
                            <comment id="15023213" author="tn" created="Mon, 23 Nov 2015 22:20:08 +0000"  >&lt;p&gt;Thanks for the report. It has been fixed in the following commits:&lt;/p&gt;

&lt;ul&gt;
	&lt;li&gt;3.6: fe23c9b04&lt;/li&gt;
	&lt;li&gt;4.0: 487ac1980&lt;/li&gt;
&lt;/ul&gt;


&lt;p&gt;The synchronization is now also on the coefficient list itself (which must be non-null), and thus there should be a slight performance improvement when creating different polynomials in multiple threads.&lt;/p&gt;</comment>
                            <comment id="15115935" author="luc" created="Mon, 25 Jan 2016 20:27:53 +0000"  >&lt;p&gt;Closing all resolved issues that were included in 3.6 release.&lt;/p&gt;</comment>
                    </comments>
                    <attachments>
                    </attachments>
                <subtasks>
                    </subtasks>
                <customfields>
                                                <customfield id="customfield_12310310" key="com.atlassian.jira.toolkit:attachments">
                        <customfieldname>Attachment count</customfieldname>
                        <customfieldvalues>
                            <customfieldvalue>0.0</customfieldvalue>
                        </customfieldvalues>
                    </customfield>
                                                                                                                                                                                                                                                                                                                                                                                                                                                                                                                                <customfield id="customfield_12310220" key="com.atlassian.jira.ext.charting:firstresponsedate">
                        <customfieldname>Date of First Response</customfieldname>
                        <customfieldvalues>
                            <customfieldvalue>Mon, 23 Nov 2015 22:20:08 +0000</customfieldvalue>

                        </customfieldvalues>
                    </customfield>
                                                                                                                                                                                                                                                                                                                                                                                                                                            <customfield id="customfield_12310420" key="com.pyxis.greenhopper.jira:gh-global-rank">
                        <customfieldname>Global Rank</customfieldname>
                        <customfieldvalues>
                            <customfieldvalue>9223372036854775807</customfieldvalue>
                        </customfieldvalues>
                    </customfield>
                                                                                                                        <customfield id="customfield_12312521" key="com.atlassian.jira.toolkit:LastCommentDate">
                        <customfieldname>Last public comment date</customfieldname>
                        <customfieldvalues>
                            42 weeks, 4 days ago
                        </customfieldvalues>
                    </customfield>
                                                                                            <customfield id="customfield_12311820" key="com.pyxis.greenhopper.jira:gh-lexo-rank">
                        <customfieldname>Rank</customfieldname>
                        <customfieldvalues>
                            <customfieldvalue>0|i2orf3:</customfieldvalue>

                        </customfieldvalues>
                    </customfield>
                                                                <customfield id="customfield_12310920" key="com.pyxis.greenhopper.jira:gh-global-rank">
                        <customfieldname>Rank (Obsolete)</customfieldname>
                        <customfieldvalues>
                            <customfieldvalue>9223372036854775807</customfieldvalue>
                        </customfieldvalues>
                    </customfield>
                                                                                                                                                                                                                                        <customfield id="customfield_12310222" key="com.atlassian.jira.ext.charting:timeinstatus">
                        <customfieldname>Time in Status</customfieldname>
                        <customfieldvalues>
                            
                        </customfieldvalues>
                    </customfield>
                                                                                                                        </customfields>
    </item>
</channel>
</rss>