<!-- 
RSS generated by JIRA (6.3.4#6332-sha1:51bc225ef474afe3128b2f66878477f322397b16) at Fri Nov 18 22:58:30 UTC 2016

It is possible to restrict the fields that are returned in this document by specifying the 'field' parameter in your request.
For example, to request only the issue key and summary add field=key&field=summary to the URL of your request.
For example:
https://issues.apache.org/jira/si/jira.issueviews:issue-xml/MATH-793/MATH-793.xml?field=key&amp;field=summary
-->
<rss version="0.92" >
<channel>
    <title>ASF JIRA</title>
    <link>https://issues.apache.org/jira</link>
    <description>This file is an XML representation of an issue</description>
    <language>en-uk</language>    <build-info>
        <version>6.3.4</version>
        <build-number>6332</build-number>
        <build-date>15-08-2014</build-date>
    </build-info>

<item>
            <title>[MATH-793] OrderedTuple#hashCode() uses casting instead of boxing</title>
                <link>https://issues.apache.org/jira/browse/MATH-793</link>
                <project id="12310485" key="MATH">Commons Math</project>
                    <description></description>
                <environment>&lt;p&gt;OrderedTuple#hashCode() is as follows:&lt;/p&gt;

&lt;div class=&quot;code panel&quot; style=&quot;border-width: 1px;&quot;&gt;&lt;div class=&quot;codeContent panelContent&quot;&gt;
&lt;pre class=&quot;code-java&quot;&gt;
&lt;span class=&quot;code-keyword&quot;&gt;public&lt;/span&gt; &lt;span class=&quot;code-object&quot;&gt;int&lt;/span&gt; hashCode() {
    &lt;span class=&quot;code-keyword&quot;&gt;return&lt;/span&gt; Arrays.hashCode(components)   ^
           ((&lt;span class=&quot;code-object&quot;&gt;Integer&lt;/span&gt;) offset).hashCode() ^
           ((&lt;span class=&quot;code-object&quot;&gt;Integer&lt;/span&gt;) lsb).hashCode()    ^
           ((&lt;span class=&quot;code-object&quot;&gt;Boolean&lt;/span&gt;) posInf).hashCode() ^
           ((&lt;span class=&quot;code-object&quot;&gt;Boolean&lt;/span&gt;) negInf).hashCode() ^
           ((&lt;span class=&quot;code-object&quot;&gt;Boolean&lt;/span&gt;) nan).hashCode();
}
&lt;/pre&gt;
&lt;/div&gt;&lt;/div&gt;

&lt;p&gt;This is not the correct way to convert primitives to their object equivalents.&lt;/p&gt;

&lt;div class=&quot;code panel&quot; style=&quot;border-width: 1px;&quot;&gt;&lt;div class=&quot;codeContent panelContent&quot;&gt;
&lt;pre class=&quot;code-java&quot;&gt;
((&lt;span class=&quot;code-object&quot;&gt;Integer&lt;/span&gt;) x).hashCode() == x

&lt;span class=&quot;code-object&quot;&gt;Boolean&lt;/span&gt;#hashCode() is defined as

value ? 1231 : 1237
&lt;/pre&gt;
&lt;/div&gt;&lt;/div&gt;

&lt;p&gt;Note that this error won&apos;t be found unless the compiler emits warnings for boxing.&lt;/p&gt;</environment>
        <key id="12558353">MATH-793</key>
            <summary>OrderedTuple#hashCode() uses casting instead of boxing</summary>
                <type id="1" iconUrl="https://issues.apache.org/jira/images/icons/issuetypes/bug.png">Bug</type>
                                            <priority id="3" iconUrl="https://issues.apache.org/jira/images/icons/priorities/major.png">Major</priority>
                        <status id="6" iconUrl="https://issues.apache.org/jira/images/icons/statuses/closed.png" description="The issue is considered finished, the resolution is correct. Issues which are closed can be reopened.">Closed</status>
                    <statusCategory id="3" key="done" colorName="green"/>
                                    <resolution id="1">Fixed</resolution>
                                        <assignee username="-1">Unassigned</assignee>
                                    <reporter username="sebb@apache.org">Sebb</reporter>
                        <labels>
                    </labels>
                <created>Mon, 28 May 2012 16:12:23 +0000</created>
                <updated>Mon, 4 Mar 2013 18:53:18 +0000</updated>
                            <resolved>Thu, 31 May 2012 21:59:39 +0000</resolved>
                                                    <fixVersion>3.1</fixVersion>
                                        <due></due>
                            <votes>0</votes>
                                    <watches>2</watches>
                                                                <comments>
                            <comment id="13284688" author="luc" created="Tue, 29 May 2012 09:21:20 +0000"  >&lt;p&gt;Fixed in subversion repository as of r1343616.&lt;/p&gt;

&lt;p&gt;Thanks for reporting the issue.&lt;/p&gt;</comment>
                            <comment id="13285012" author="luc" created="Tue, 29 May 2012 19:01:36 +0000"  >&lt;p&gt;Another fix has been committed as of r1343920, using inline computation.&lt;/p&gt;</comment>
                            <comment id="13285046" author="sebb@apache.org" created="Tue, 29 May 2012 19:38:41 +0000"  >&lt;p&gt;The hash code calculation added in r1343920 is a bit strange.&lt;/p&gt;

&lt;p&gt;The way it is normally done is as follows:&lt;/p&gt;

&lt;div class=&quot;code panel&quot; style=&quot;border-width: 1px;&quot;&gt;&lt;div class=&quot;codeContent panelContent&quot;&gt;
&lt;pre class=&quot;code-java&quot;&gt;
&lt;span class=&quot;code-object&quot;&gt;int&lt;/span&gt; oddMult = 37; &lt;span class=&quot;code-comment&quot;&gt;// constant odd multiplier
&lt;/span&gt;&lt;span class=&quot;code-object&quot;&gt;int&lt;/span&gt; hashCode = 17; &lt;span class=&quot;code-comment&quot;&gt;// seed (odd)
&lt;/span&gt;
hashCode = hashCode * oddMult + field1.hashcode;
hashCode = hashCode * oddMult + field2.hashcode;
&lt;/pre&gt;
&lt;/div&gt;&lt;/div&gt;</comment>
                            <comment id="13285062" author="luc" created="Tue, 29 May 2012 19:49:45 +0000"  >&lt;p&gt;OK. Perhaps should we even use prime numbers instead of simply odd numbers ?&lt;/p&gt;</comment>
                            <comment id="13285082" author="erans" created="Tue, 29 May 2012 20:19:43 +0000"  >&lt;p&gt;There is also an example in the &quot;Pair&quot; class (package &quot;util&quot;). That one has been changed recently as the previous code was certainly not good, but I don&apos;t guarantee it to be the best choice &lt;img class=&quot;emoticon&quot; src=&quot;https://issues.apache.org/jira/images/icons/emoticons/wink.gif&quot; height=&quot;16&quot; width=&quot;16&quot; align=&quot;absmiddle&quot; alt=&quot;&quot; border=&quot;0&quot;/&gt;.&lt;/p&gt;</comment>
                            <comment id="13285526" author="luc" created="Wed, 30 May 2012 09:24:37 +0000"  >&lt;p&gt;Another attempt to compute hash has been committed as of r1344166.&lt;/p&gt;

&lt;p&gt;Sebb, I let you decide if the issue is solved or not and set the status accordingly.&lt;/p&gt;</comment>
                            <comment id="13286537" author="luc" created="Thu, 31 May 2012 12:47:32 +0000"  >&lt;p&gt;Can we set this to fixed?&lt;/p&gt;</comment>
                    </comments>
                    <attachments>
                    </attachments>
                <subtasks>
                    </subtasks>
                <customfields>
                                                <customfield id="customfield_12310310" key="com.atlassian.jira.toolkit:attachments">
                        <customfieldname>Attachment count</customfieldname>
                        <customfieldvalues>
                            <customfieldvalue>0.0</customfieldvalue>
                        </customfieldvalues>
                    </customfield>
                                                                                                                                                                                                                                                                                                                                                                                                                                                                                                                                <customfield id="customfield_12310220" key="com.atlassian.jira.ext.charting:firstresponsedate">
                        <customfieldname>Date of First Response</customfieldname>
                        <customfieldvalues>
                            <customfieldvalue>Tue, 29 May 2012 09:21:20 +0000</customfieldvalue>

                        </customfieldvalues>
                    </customfield>
                                                                                                                                                                                                                                                                                                                                                                                                                                            <customfield id="customfield_12310420" key="com.pyxis.greenhopper.jira:gh-global-rank">
                        <customfieldname>Global Rank</customfieldname>
                        <customfieldvalues>
                            <customfieldvalue>292308</customfieldvalue>
                        </customfieldvalues>
                    </customfield>
                                                                                                                        <customfield id="customfield_12312521" key="com.atlassian.jira.toolkit:LastCommentDate">
                        <customfieldname>Last public comment date</customfieldname>
                        <customfieldvalues>
                            4 years, 25 weeks, 1 day ago
                        </customfieldvalues>
                    </customfield>
                                                                                            <customfield id="customfield_12311820" key="com.pyxis.greenhopper.jira:gh-lexo-rank">
                        <customfieldname>Rank</customfieldname>
                        <customfieldvalues>
                            <customfieldvalue>0|i0rt6n:</customfieldvalue>

                        </customfieldvalues>
                    </customfield>
                                                                <customfield id="customfield_12310920" key="com.pyxis.greenhopper.jira:gh-global-rank">
                        <customfieldname>Rank (Obsolete)</customfieldname>
                        <customfieldvalues>
                            <customfieldvalue>160372</customfieldvalue>
                        </customfieldvalues>
                    </customfield>
                                                                                                                                                                                                                                        <customfield id="customfield_12310222" key="com.atlassian.jira.ext.charting:timeinstatus">
                        <customfieldname>Time in Status</customfieldname>
                        <customfieldvalues>
                            
                        </customfieldvalues>
                    </customfield>
                                                                                                                        </customfields>
    </item>
</channel>
</rss>