<!-- 
RSS generated by JIRA (6.3.4#6332-sha1:51bc225ef474afe3128b2f66878477f322397b16) at Sat Nov 19 21:28:35 UTC 2016

It is possible to restrict the fields that are returned in this document by specifying the 'field' parameter in your request.
For example, to request only the issue key and summary add field=key&field=summary to the URL of your request.
For example:
https://issues.apache.org/jira/si/jira.issueviews:issue-xml/MATH-938/MATH-938.xml?field=key&amp;field=summary
-->
<rss version="0.92" >
<channel>
    <title>ASF JIRA</title>
    <link>https://issues.apache.org/jira</link>
    <description>This file is an XML representation of an issue</description>
    <language>en-uk</language>    <build-info>
        <version>6.3.4</version>
        <build-number>6332</build-number>
        <build-date>15-08-2014</build-date>
    </build-info>

<item>
            <title>[MATH-938] Line.revert() is imprecise</title>
                <link>https://issues.apache.org/jira/browse/MATH-938</link>
                <project id="12310485" key="MATH">Commons Math</project>
                    <description>&lt;p&gt;Line.revert() only maintains ~10 digits for the direction. This becomes an issue when the line&apos;s position is evaluated far from the origin. A simple fix would be to use Vector3D.negate() for the direction.&lt;/p&gt;

&lt;p&gt;Also, is there a reason why Line is not immutable? It is just comprised of two vectors.&lt;/p&gt;</description>
                <environment></environment>
        <key id="12635361">MATH-938</key>
            <summary>Line.revert() is imprecise</summary>
                <type id="1" iconUrl="https://issues.apache.org/jira/images/icons/issuetypes/bug.png">Bug</type>
                                            <priority id="3" iconUrl="https://issues.apache.org/jira/images/icons/priorities/major.png">Major</priority>
                        <status id="6" iconUrl="https://issues.apache.org/jira/images/icons/statuses/closed.png" description="The issue is considered finished, the resolution is correct. Issues which are closed can be reopened.">Closed</status>
                    <statusCategory id="3" key="done" colorName="green"/>
                                    <resolution id="1">Fixed</resolution>
                                        <assignee username="-1">Unassigned</assignee>
                                    <reporter username="evanward1">Evan Ward</reporter>
                        <labels>
                    </labels>
                <created>Tue, 5 Mar 2013 16:10:13 +0000</created>
                <updated>Sun, 7 Apr 2013 09:19:58 +0000</updated>
                            <resolved>Wed, 6 Mar 2013 09:00:43 +0000</resolved>
                                    <version>3.2</version>
                                    <fixVersion>3.2</fixVersion>
                                        <due></due>
                            <votes>0</votes>
                                    <watches>2</watches>
                                    <timeoriginalestimate seconds="1800">0.5h</timeoriginalestimate>
                            <timeestimate seconds="1800">0.5h</timeestimate>
                                        <comments>
                            <comment id="13593529" author="evanward1" created="Tue, 5 Mar 2013 16:16:17 +0000"  >&lt;p&gt;Test Case:&lt;/p&gt;

&lt;div class=&quot;preformatted panel&quot; style=&quot;border-width: 1px;&quot;&gt;&lt;div class=&quot;preformattedContent panelContent&quot;&gt;
&lt;pre&gt; 
    @Test
    public void testRevert() {
        // setup
        Line line = new Line(new Vector3D(1653345.6696423641,
                6170370.041579291, 90000), new Vector3D(1650757.5050732433,
                6160710.879908984, 0.9));
        Vector3D expected = line.getDirection().negate();

        // action
        Line reverted = line.revert();

        // verify
        assertArrayEquals(expected.toArray(),
                reverted.getDirection().toArray(), 0);
    }
&lt;/pre&gt;
&lt;/div&gt;&lt;/div&gt;</comment>
                            <comment id="13594506" author="luc" created="Wed, 6 Mar 2013 09:00:43 +0000"  >&lt;p&gt;Fixed in subversion repository as of r1453218.&lt;/p&gt;

&lt;p&gt;Line should be immutable, and in fact we want to make all of the Hyperplane/SubHyperplane/Embedding/BSPTree instances immutable, but this is a large incompatible change. So it will occur only at a major release (hopefully 4.0).&lt;/p&gt;

&lt;p&gt;Thanks for reporting the issue.&lt;/p&gt;</comment>
                            <comment id="13624832" author="luc" created="Sun, 7 Apr 2013 09:19:58 +0000"  >&lt;p&gt;Closing issue as version 3.2 has been released on 2013-04-06.&lt;/p&gt;</comment>
                    </comments>
                    <attachments>
                    </attachments>
                <subtasks>
                    </subtasks>
                <customfields>
                                                <customfield id="customfield_12310310" key="com.atlassian.jira.toolkit:attachments">
                        <customfieldname>Attachment count</customfieldname>
                        <customfieldvalues>
                            <customfieldvalue>0.0</customfieldvalue>
                        </customfieldvalues>
                    </customfield>
                                                                                                                                                                                                                                                                                                                                                                                                                                                                                                                                <customfield id="customfield_12310220" key="com.atlassian.jira.ext.charting:firstresponsedate">
                        <customfieldname>Date of First Response</customfieldname>
                        <customfieldvalues>
                            <customfieldvalue>Wed, 6 Mar 2013 09:00:43 +0000</customfieldvalue>

                        </customfieldvalues>
                    </customfield>
                                                                                                                                                                                                                                                                                                                                                                                                                                            <customfield id="customfield_12310420" key="com.pyxis.greenhopper.jira:gh-global-rank">
                        <customfieldname>Global Rank</customfieldname>
                        <customfieldvalues>
                            <customfieldvalue>315854</customfieldvalue>
                        </customfieldvalues>
                    </customfield>
                                                                                                                        <customfield id="customfield_12312521" key="com.atlassian.jira.toolkit:LastCommentDate">
                        <customfieldname>Last public comment date</customfieldname>
                        <customfieldvalues>
                            3 years, 32 weeks, 6 days ago
                        </customfieldvalues>
                    </customfield>
                                                                                            <customfield id="customfield_12311820" key="com.pyxis.greenhopper.jira:gh-lexo-rank">
                        <customfieldname>Rank</customfieldname>
                        <customfieldvalues>
                            <customfieldvalue>0|i1ii4n:</customfieldvalue>

                        </customfieldvalues>
                    </customfield>
                                                                <customfield id="customfield_12310920" key="com.pyxis.greenhopper.jira:gh-global-rank">
                        <customfieldname>Rank (Obsolete)</customfieldname>
                        <customfieldvalues>
                            <customfieldvalue>316197</customfieldvalue>
                        </customfieldvalues>
                    </customfield>
                                                                                                                                                                                                                                        <customfield id="customfield_12310222" key="com.atlassian.jira.ext.charting:timeinstatus">
                        <customfieldname>Time in Status</customfieldname>
                        <customfieldvalues>
                            
                        </customfieldvalues>
                    </customfield>
                                                                                                                        </customfields>
    </item>
</channel>
</rss>