<!-- 
RSS generated by JIRA (6.3.4#6332-sha1:51bc225ef474afe3128b2f66878477f322397b16) at Sat Nov 19 23:12:44 UTC 2016

It is possible to restrict the fields that are returned in this document by specifying the 'field' parameter in your request.
For example, to request only the issue key and summary add field=key&field=summary to the URL of your request.
For example:
https://issues.apache.org/jira/si/jira.issueviews:issue-xml/MATH-1280/MATH-1280.xml?field=key&amp;field=summary
-->
<rss version="0.92" >
<channel>
    <title>ASF JIRA</title>
    <link>https://issues.apache.org/jira</link>
    <description>This file is an XML representation of an issue</description>
    <language>en-uk</language>    <build-info>
        <version>6.3.4</version>
        <build-number>6332</build-number>
        <build-date>15-08-2014</build-date>
    </build-info>

<item>
            <title>[MATH-1280] DescriptiveStatistics methods return NaN for operations on arrays with single items</title>
                <link>https://issues.apache.org/jira/browse/MATH-1280</link>
                <project id="12310485" key="MATH">Commons Math</project>
                    <description>&lt;p&gt;1. Create a DescriptiveStatistics object passing an array with only one value&lt;br/&gt;
2. Call getMean() method&lt;br/&gt;
3. Call getStandardDeviation() method&lt;br/&gt;
4. Both return NaN&lt;/p&gt;</description>
                <environment></environment>
        <key id="12903012">MATH-1280</key>
            <summary>DescriptiveStatistics methods return NaN for operations on arrays with single items</summary>
                <type id="1" iconUrl="https://issues.apache.org/jira/images/icons/issuetypes/bug.png">Bug</type>
                                            <priority id="3" iconUrl="https://issues.apache.org/jira/images/icons/priorities/major.png">Major</priority>
                        <status id="6" iconUrl="https://issues.apache.org/jira/images/icons/statuses/closed.png" description="The issue is considered finished, the resolution is correct. Issues which are closed can be reopened.">Closed</status>
                    <statusCategory id="3" key="done" colorName="green"/>
                                    <resolution id="3">Duplicate</resolution>
                                        <assignee username="-1">Unassigned</assignee>
                                    <reporter username="mgaspar">Marlon Gaspar Machado</reporter>
                        <labels>
                    </labels>
                <created>Wed, 7 Oct 2015 14:29:02 +0000</created>
                <updated>Mon, 25 Jan 2016 20:27:54 +0000</updated>
                            <resolved>Wed, 7 Oct 2015 19:31:29 +0000</resolved>
                                    <version>3.4</version>
                                    <fixVersion>4.0</fixVersion>
                    <fixVersion>3.6</fixVersion>
                                        <due></due>
                            <votes>0</votes>
                                    <watches>3</watches>
                                                                <comments>
                            <comment id="14947026" author="erans" created="Wed, 7 Oct 2015 15:26:45 +0000"  >&lt;p&gt;I cannot reproduce this behaviour on the development code (for upcoming versions 3.6 and 4.0).&lt;/p&gt;

&lt;p&gt;Please let us know whether the bug exists on version 3.5 (current supported version):&lt;br/&gt;
  &lt;a href=&quot;http://commons.apache.org/proper/commons-math/download_math.cgi&quot; class=&quot;external-link&quot; rel=&quot;nofollow&quot;&gt;http://commons.apache.org/proper/commons-math/download_math.cgi&lt;/a&gt;&lt;/p&gt;</comment>
                            <comment id="14947076" author="mgaspar" created="Wed, 7 Oct 2015 15:56:10 +0000"  >&lt;p&gt;Version 3.5 is also affected. I will download version 3.6 and test it.&lt;/p&gt;</comment>
                            <comment id="14947442" author="tn" created="Wed, 7 Oct 2015 19:31:29 +0000"  >&lt;p&gt;This is a duplicate of the referenced issue and has already been fixed.&lt;/p&gt;</comment>
                            <comment id="14947447" author="mgaspar" created="Wed, 7 Oct 2015 19:37:55 +0000"  >&lt;p&gt;Thanks, Thomas. &lt;/p&gt;</comment>
                            <comment id="15115937" author="luc" created="Mon, 25 Jan 2016 20:27:54 +0000"  >&lt;p&gt;Closing all resolved issues that were included in 3.6 release.&lt;/p&gt;</comment>
                    </comments>
                <issuelinks>
                            <issuelinktype id="12310000">
                    <name>Duplicate</name>
                                            <outwardlinks description="duplicates">
                                        <issuelink>
            <issuekey id="12848722">MATH-1252</issuekey>
        </issuelink>
                            </outwardlinks>
                                                        </issuelinktype>
                    </issuelinks>
                <attachments>
                    </attachments>
                <subtasks>
                    </subtasks>
                <customfields>
                                                <customfield id="customfield_12310310" key="com.atlassian.jira.toolkit:attachments">
                        <customfieldname>Attachment count</customfieldname>
                        <customfieldvalues>
                            <customfieldvalue>0.0</customfieldvalue>
                        </customfieldvalues>
                    </customfield>
                                                                                                                                                                                                                                                                                                                                                                                                                                                                                                                                <customfield id="customfield_12310220" key="com.atlassian.jira.ext.charting:firstresponsedate">
                        <customfieldname>Date of First Response</customfieldname>
                        <customfieldvalues>
                            <customfieldvalue>Wed, 7 Oct 2015 15:26:45 +0000</customfieldvalue>

                        </customfieldvalues>
                    </customfield>
                                                                                                                                                                                                                                                                                                                                                                                                                                            <customfield id="customfield_12310420" key="com.pyxis.greenhopper.jira:gh-global-rank">
                        <customfieldname>Global Rank</customfieldname>
                        <customfieldvalues>
                            <customfieldvalue>9223372036854775807</customfieldvalue>
                        </customfieldvalues>
                    </customfield>
                                                                                                                        <customfield id="customfield_12312521" key="com.atlassian.jira.toolkit:LastCommentDate">
                        <customfieldname>Last public comment date</customfieldname>
                        <customfieldvalues>
                            42 weeks, 5 days ago
                        </customfieldvalues>
                    </customfield>
                                                                                            <customfield id="customfield_12311820" key="com.pyxis.greenhopper.jira:gh-lexo-rank">
                        <customfieldname>Rank</customfieldname>
                        <customfieldvalues>
                            <customfieldvalue>0|i2moxz:</customfieldvalue>

                        </customfieldvalues>
                    </customfield>
                                                                <customfield id="customfield_12310920" key="com.pyxis.greenhopper.jira:gh-global-rank">
                        <customfieldname>Rank (Obsolete)</customfieldname>
                        <customfieldvalues>
                            <customfieldvalue>9223372036854775807</customfieldvalue>
                        </customfieldvalues>
                    </customfield>
                                                                                                                                                                                                                                        <customfield id="customfield_12310222" key="com.atlassian.jira.ext.charting:timeinstatus">
                        <customfieldname>Time in Status</customfieldname>
                        <customfieldvalues>
                            
                        </customfieldvalues>
                    </customfield>
                                                                                                                        </customfields>
    </item>
</channel>
</rss>