<!-- 
RSS generated by JIRA (6.3.4#6332-sha1:51bc225ef474afe3128b2f66878477f322397b16) at Fri Nov 18 21:08:16 UTC 2016

It is possible to restrict the fields that are returned in this document by specifying the 'field' parameter in your request.
For example, to request only the issue key and summary add field=key&field=summary to the URL of your request.
For example:
https://issues.apache.org/jira/si/jira.issueviews:issue-xml/MATH-422/MATH-422.xml?field=key&amp;field=summary
-->
<rss version="0.92" >
<channel>
    <title>ASF JIRA</title>
    <link>https://issues.apache.org/jira</link>
    <description>This file is an XML representation of an issue</description>
    <language>en-uk</language>    <build-info>
        <version>6.3.4</version>
        <build-number>6332</build-number>
        <build-date>15-08-2014</build-date>
    </build-info>

<item>
            <title>[MATH-422] Constructor calls overrideable methods</title>
                <link>https://issues.apache.org/jira/browse/MATH-422</link>
                <project id="12310485" key="MATH">Commons Math</project>
                    <description>&lt;p&gt;The ctor MicrosphereInterpolator(int microsphereElements, int brightnessExponent) calls 2 public setters that are not final.&lt;br/&gt;
This is unsafe if the class is ever extended.&lt;/p&gt;

&lt;p&gt;Likewise for ComplexFormat(String imaginaryCharacter, NumberFormat realFormat,  NumberFormat imaginaryFormat)&lt;/p&gt;


&lt;p&gt;Are the setters even needed?&lt;/p&gt;
</description>
                <environment></environment>
        <key id="12475562">MATH-422</key>
            <summary>Constructor calls overrideable methods</summary>
                <type id="1" iconUrl="https://issues.apache.org/jira/images/icons/issuetypes/bug.png">Bug</type>
                                            <priority id="3" iconUrl="https://issues.apache.org/jira/images/icons/priorities/major.png">Major</priority>
                        <status id="6" iconUrl="https://issues.apache.org/jira/images/icons/statuses/closed.png" description="The issue is considered finished, the resolution is correct. Issues which are closed can be reopened.">Closed</status>
                    <statusCategory id="3" key="done" colorName="green"/>
                                    <resolution id="1">Fixed</resolution>
                                        <assignee username="-1">Unassigned</assignee>
                                    <reporter username="sebb@apache.org">Sebb</reporter>
                        <labels>
                    </labels>
                <created>Fri, 1 Oct 2010 00:49:38 +0000</created>
                <updated>Sat, 24 Mar 2012 16:16:51 +0000</updated>
                            <resolved>Fri, 7 Jan 2011 20:33:48 +0000</resolved>
                                                    <fixVersion>3.0</fixVersion>
                                        <due></due>
                            <votes>0</votes>
                                    <watches>1</watches>
                                                                <comments>
                            <comment id="12916881" author="erans" created="Fri, 1 Oct 2010 12:58:23 +0000"  >&lt;p&gt;I made &lt;tt&gt;MicrosphereInterpolator&lt;/tt&gt; immutable in revision 1003521.&lt;br/&gt;
&lt;span class=&quot;error&quot;&gt;&amp;#91;Leaving this issue open for the other class.&amp;#93;&lt;/span&gt;&lt;/p&gt;</comment>
                            <comment id="12977972" author="miccagiann" created="Wed, 5 Jan 2011 21:20:04 +0000"  >&lt;p&gt;As far as the ComplexFormat string is concerned i believe that setters and getters are useful and it&apos;s safer to be called by the constructor that Sebb mentions... I&apos;m on my way to try to understand what MicrosphereInterpolator class does...&lt;/p&gt;</comment>
                            <comment id="12978288" author="erans" created="Thu, 6 Jan 2011 12:01:08 +0000"  >&lt;p&gt;I think that we should remove the setters.&lt;/p&gt;</comment>
                            <comment id="12978325" author="sebb@apache.org" created="Thu, 6 Jan 2011 14:01:15 +0000"  >&lt;p&gt;The setters (in ComplexFormat) don&apos;t add any functionality to the class, because the constructor allows all the values to be set.&lt;br/&gt;
Rather than try to re-use the class with a different setting, just create a new instance of the class.&lt;br/&gt;
It has very little data, so won&apos;t require much storage.&lt;/p&gt;

&lt;p&gt;The getters are potentially useful, as they allow access to the defaults.&lt;/p&gt;

&lt;p&gt;I agree - the setters should be removed.&lt;/p&gt;</comment>
                            <comment id="12978451" author="miccagiann" created="Thu, 6 Jan 2011 18:48:19 +0000"  >&lt;p&gt;So guys we are on the way removing the setters??? I would like to handle this task if you don&apos;t mind... Thanks for all the opinions mentioned above!&lt;/p&gt;</comment>
                            <comment id="12978913" author="erans" created="Fri, 7 Jan 2011 18:49:43 +0000"  >&lt;p&gt;Actually, If you&apos;d like to help, I think that it would be more useful to start with &lt;a href=&quot;https://issues.apache.org/jira/browse/MATH-459&quot; title=&quot;Remove usage of &amp;quot;org.apache.commons.math.MathRuntimeException&amp;quot;&quot; class=&quot;issue-link&quot; data-issue-key=&quot;MATH-459&quot;&gt;&lt;del&gt;MATH-459&lt;/del&gt;&lt;/a&gt;; there are still 40 files containing calls to methods in the deprecated &lt;tt&gt;MathRuntimeException&lt;/tt&gt; class; one patch per package would be nice.&lt;/p&gt;</comment>
                            <comment id="12978952" author="erans" created="Fri, 7 Jan 2011 20:33:48 +0000"  >&lt;p&gt;Revision 1056493.&lt;/p&gt;</comment>
                    </comments>
                    <attachments>
                    </attachments>
                <subtasks>
                    </subtasks>
                <customfields>
                                                <customfield id="customfield_12310310" key="com.atlassian.jira.toolkit:attachments">
                        <customfieldname>Attachment count</customfieldname>
                        <customfieldvalues>
                            <customfieldvalue>0.0</customfieldvalue>
                        </customfieldvalues>
                    </customfield>
                                                                                                                                                                                                                                                                                                                                                                                                                                                                                                                                <customfield id="customfield_12310220" key="com.atlassian.jira.ext.charting:firstresponsedate">
                        <customfieldname>Date of First Response</customfieldname>
                        <customfieldvalues>
                            <customfieldvalue>Fri, 1 Oct 2010 12:58:23 +0000</customfieldvalue>

                        </customfieldvalues>
                    </customfield>
                                                                                                                                                                                                                                                                                                                                                                                                                                            <customfield id="customfield_12310420" key="com.pyxis.greenhopper.jira:gh-global-rank">
                        <customfieldname>Global Rank</customfieldname>
                        <customfieldvalues>
                            <customfieldvalue>150566</customfieldvalue>
                        </customfieldvalues>
                    </customfield>
                                                                                                                        <customfield id="customfield_12312521" key="com.atlassian.jira.toolkit:LastCommentDate">
                        <customfieldname>Last public comment date</customfieldname>
                        <customfieldvalues>
                            5 years, 46 weeks ago
                        </customfieldvalues>
                    </customfield>
                                                                                            <customfield id="customfield_12311820" key="com.pyxis.greenhopper.jira:gh-lexo-rank">
                        <customfieldname>Rank</customfieldname>
                        <customfieldvalues>
                            <customfieldvalue>0|i0rukn:</customfieldvalue>

                        </customfieldvalues>
                    </customfield>
                                                                <customfield id="customfield_12310920" key="com.pyxis.greenhopper.jira:gh-global-rank">
                        <customfieldname>Rank (Obsolete)</customfieldname>
                        <customfieldvalues>
                            <customfieldvalue>160597</customfieldvalue>
                        </customfieldvalues>
                    </customfield>
                                                                                                                                                                                                                                        <customfield id="customfield_12310222" key="com.atlassian.jira.ext.charting:timeinstatus">
                        <customfieldname>Time in Status</customfieldname>
                        <customfieldvalues>
                            
                        </customfieldvalues>
                    </customfield>
                                                                                                                        </customfields>
    </item>
</channel>
</rss>