<!-- 
RSS generated by JIRA (6.3.4#6332-sha1:51bc225ef474afe3128b2f66878477f322397b16) at Fri Nov 18 23:18:34 UTC 2016

It is possible to restrict the fields that are returned in this document by specifying the 'field' parameter in your request.
For example, to request only the issue key and summary add field=key&field=summary to the URL of your request.
For example:
https://issues.apache.org/jira/si/jira.issueviews:issue-xml/MATH-1145/MATH-1145.xml?field=key&amp;field=summary
-->
<rss version="0.92" >
<channel>
    <title>ASF JIRA</title>
    <link>https://issues.apache.org/jira</link>
    <description>This file is an XML representation of an issue</description>
    <language>en-uk</language>    <build-info>
        <version>6.3.4</version>
        <build-number>6332</build-number>
        <build-date>15-08-2014</build-date>
    </build-info>

<item>
            <title>[MATH-1145] Integer overflows MannWhitneyUTest#mannWhitneyU</title>
                <link>https://issues.apache.org/jira/browse/MATH-1145</link>
                <project id="12310485" key="MATH">Commons Math</project>
                    <description>&lt;p&gt;In the calculation of MannWhitneyUTest#mannWhitneyU there are two instances where the lengths of the input arrays are multiplied together. Because Array#length is an integer this means that the effective maximum size of your dataset until reaching overflow is Math.sqrt(Integer.MAX_VALUE).&lt;/p&gt;

&lt;p&gt;The following is a link to a diff, with a test the exposes the issue, and a fix (casting lengths up into doubles before multiplying).&lt;/p&gt;

&lt;p&gt;&lt;a href=&quot;https://gist.github.com/aconbere/4fef56e5182e510aceb3&quot; class=&quot;external-link&quot; rel=&quot;nofollow&quot;&gt;https://gist.github.com/aconbere/4fef56e5182e510aceb3&lt;/a&gt;&lt;/p&gt;</description>
                <environment></environment>
        <key id="12733315">MATH-1145</key>
            <summary>Integer overflows MannWhitneyUTest#mannWhitneyU</summary>
                <type id="1" iconUrl="https://issues.apache.org/jira/images/icons/issuetypes/bug.png">Bug</type>
                                            <priority id="3" iconUrl="https://issues.apache.org/jira/images/icons/priorities/major.png">Major</priority>
                        <status id="6" iconUrl="https://issues.apache.org/jira/images/icons/statuses/closed.png" description="The issue is considered finished, the resolution is correct. Issues which are closed can be reopened.">Closed</status>
                    <statusCategory id="3" key="done" colorName="green"/>
                                    <resolution id="1">Fixed</resolution>
                                        <assignee username="-1">Unassigned</assignee>
                                    <reporter username="aconbere">Anders Conbere</reporter>
                        <labels>
                    </labels>
                <created>Mon, 11 Aug 2014 18:33:05 +0000</created>
                <updated>Fri, 26 Dec 2014 19:50:35 +0000</updated>
                            <resolved>Sat, 13 Sep 2014 15:47:12 +0000</resolved>
                                    <version>3.3</version>
                    <version>3.4</version>
                                    <fixVersion>3.4</fixVersion>
                                        <due></due>
                            <votes>0</votes>
                                    <watches>1</watches>
                                                                <comments>
                            <comment id="14132796" author="tn" created="Sat, 13 Sep 2014 15:47:12 +0000"  >&lt;p&gt;Fixed in r1624756.&lt;/p&gt;

&lt;p&gt;Changed the calculation to long as this should be sufficient and is already done like this in other places.&lt;/p&gt;

&lt;p&gt;Thanks for the report and patch!&lt;/p&gt;</comment>
                    </comments>
                    <attachments>
                    </attachments>
                <subtasks>
                    </subtasks>
                <customfields>
                                                <customfield id="customfield_12310310" key="com.atlassian.jira.toolkit:attachments">
                        <customfieldname>Attachment count</customfieldname>
                        <customfieldvalues>
                            <customfieldvalue>0.0</customfieldvalue>
                        </customfieldvalues>
                    </customfield>
                                                                                                                                                                                                                                                                                                                                                                                                                                                                                                                                <customfield id="customfield_12310220" key="com.atlassian.jira.ext.charting:firstresponsedate">
                        <customfieldname>Date of First Response</customfieldname>
                        <customfieldvalues>
                            <customfieldvalue>Sat, 13 Sep 2014 15:47:12 +0000</customfieldvalue>

                        </customfieldvalues>
                    </customfield>
                                                                                                                                                                                                                                                                                                                                                                                                                                            <customfield id="customfield_12310420" key="com.pyxis.greenhopper.jira:gh-global-rank">
                        <customfieldname>Global Rank</customfieldname>
                        <customfieldvalues>
                            <customfieldvalue>411343</customfieldvalue>
                        </customfieldvalues>
                    </customfield>
                                                                                                                        <customfield id="customfield_12312521" key="com.atlassian.jira.toolkit:LastCommentDate">
                        <customfieldname>Last public comment date</customfieldname>
                        <customfieldvalues>
                            2 years, 9 weeks, 6 days ago
                        </customfieldvalues>
                    </customfield>
                                                                                            <customfield id="customfield_12311820" key="com.pyxis.greenhopper.jira:gh-lexo-rank">
                        <customfieldname>Rank</customfieldname>
                        <customfieldvalues>
                            <customfieldvalue>0|i1yro7:</customfieldvalue>

                        </customfieldvalues>
                    </customfield>
                                                                <customfield id="customfield_12310920" key="com.pyxis.greenhopper.jira:gh-global-rank">
                        <customfieldname>Rank (Obsolete)</customfieldname>
                        <customfieldvalues>
                            <customfieldvalue>411335</customfieldvalue>
                        </customfieldvalues>
                    </customfield>
                                                                                                                                                                                                                                        <customfield id="customfield_12310222" key="com.atlassian.jira.ext.charting:timeinstatus">
                        <customfieldname>Time in Status</customfieldname>
                        <customfieldvalues>
                            
                        </customfieldvalues>
                    </customfield>
                                                                                                                        </customfields>
    </item>
</channel>
</rss>