<!-- 
RSS generated by JIRA (6.3.4#6332-sha1:51bc225ef474afe3128b2f66878477f322397b16) at Fri Dec 02 17:56:18 UTC 2016

It is possible to restrict the fields that are returned in this document by specifying the 'field' parameter in your request.
For example, to request only the issue key and summary add field=key&field=summary to the URL of your request.
For example:
https://issues.apache.org/jira/si/jira.issueviews:issue-xml/MATH-252/MATH-252.xml?field=key&amp;field=summary
-->
<rss version="0.92" >
<channel>
    <title>ASF JIRA</title>
    <link>https://issues.apache.org/jira</link>
    <description>This file is an XML representation of an issue</description>
    <language>en-uk</language>    <build-info>
        <version>6.3.4</version>
        <build-number>6332</build-number>
        <build-date>15-08-2014</build-date>
    </build-info>

<item>
            <title>[MATH-252] Fraction.comparTo returns 0 for some differente fractions</title>
                <link>https://issues.apache.org/jira/browse/MATH-252</link>
                <project id="12310485" key="MATH">Commons Math</project>
                    <description>&lt;p&gt;If two different fractions evaluate to the same double due to limited precision,&lt;br/&gt;
the compareTo methode returns 0 as if they were identical.&lt;/p&gt;

&lt;div class=&quot;code panel&quot; style=&quot;border-width: 1px;&quot;&gt;&lt;div class=&quot;codeContent panelContent&quot;&gt;
&lt;pre class=&quot;code-java&quot;&gt;
&lt;span class=&quot;code-comment&quot;&gt;// value is roughly PI - 3.07e-18
&lt;/span&gt;Fraction pi1 = &lt;span class=&quot;code-keyword&quot;&gt;new&lt;/span&gt; Fraction(1068966896, 340262731);

&lt;span class=&quot;code-comment&quot;&gt;// value is roughly PI + 1.936e-17
&lt;/span&gt;Fraction pi2 = &lt;span class=&quot;code-keyword&quot;&gt;new&lt;/span&gt; Fraction( 411557987, 131002976);

&lt;span class=&quot;code-object&quot;&gt;System&lt;/span&gt;.out.println(pi1.doubleValue() - pi2.doubleValue()); &lt;span class=&quot;code-comment&quot;&gt;// exactly 0.0 due to limited IEEE754 precision
&lt;/span&gt;&lt;span class=&quot;code-object&quot;&gt;System&lt;/span&gt;.out.println(pi1.compareTo(pi2)); &lt;span class=&quot;code-comment&quot;&gt;// display 0 instead of a negative value&lt;/span&gt;
&lt;/pre&gt;
&lt;/div&gt;&lt;/div&gt;</description>
                <environment></environment>
        <key id="12421502">MATH-252</key>
            <summary>Fraction.comparTo returns 0 for some differente fractions</summary>
                <type id="1" iconUrl="https://issues.apache.org/jira/images/icons/issuetypes/bug.png">Bug</type>
                                            <priority id="3" iconUrl="https://issues.apache.org/jira/images/icons/priorities/major.png">Major</priority>
                        <status id="6" iconUrl="https://issues.apache.org/jira/images/icons/statuses/closed.png" description="The issue is considered finished, the resolution is correct. Issues which are closed can be reopened.">Closed</status>
                    <statusCategory id="3" key="done" colorName="green"/>
                                    <resolution id="1">Fixed</resolution>
                                        <assignee username="luc">Luc Maisonobe</assignee>
                                    <reporter username="luc">Luc Maisonobe</reporter>
                        <labels>
                    </labels>
                <created>Sun, 29 Mar 2009 16:50:35 +0000</created>
                <updated>Thu, 23 Apr 2009 02:26:20 +0000</updated>
                            <resolved>Sun, 29 Mar 2009 16:52:34 +0000</resolved>
                                    <version>1.2</version>
                                    <fixVersion>2.0</fixVersion>
                                        <due></due>
                            <votes>0</votes>
                                    <watches>0</watches>
                                                                <comments>
                            <comment id="12693586" author="luc" created="Sun, 29 Mar 2009 16:52:34 +0000"  >&lt;p&gt;fixed in subversion as of r759725&lt;/p&gt;</comment>
                    </comments>
                    <attachments>
                    </attachments>
                <subtasks>
                    </subtasks>
                <customfields>
                                                <customfield id="customfield_12310310" key="com.atlassian.jira.toolkit:attachments">
                        <customfieldname>Attachment count</customfieldname>
                        <customfieldvalues>
                            <customfieldvalue>0.0</customfieldvalue>
                        </customfieldvalues>
                    </customfield>
                                                                                                                                                                                                                                                                                                                                                                                                                                                                                                                                                                                                                                                                                                                                                                                                                                                                                                                                        <customfield id="customfield_12310420" key="com.pyxis.greenhopper.jira:gh-global-rank">
                        <customfieldname>Global Rank</customfieldname>
                        <customfieldvalues>
                            <customfieldvalue>34164</customfieldvalue>
                        </customfieldvalues>
                    </customfield>
                                                                                                                        <customfield id="customfield_12312521" key="com.atlassian.jira.toolkit:LastCommentDate">
                        <customfieldname>Last public comment date</customfieldname>
                        <customfieldvalues>
                            7 years, 36 weeks, 5 days ago
                        </customfieldvalues>
                    </customfield>
                                                                                            <customfield id="customfield_12311820" key="com.pyxis.greenhopper.jira:gh-lexo-rank">
                        <customfieldname>Rank</customfieldname>
                        <customfieldvalues>
                            <customfieldvalue>0|i0rvlj:</customfieldvalue>

                        </customfieldvalues>
                    </customfield>
                                                                <customfield id="customfield_12310920" key="com.pyxis.greenhopper.jira:gh-global-rank">
                        <customfieldname>Rank (Obsolete)</customfieldname>
                        <customfieldvalues>
                            <customfieldvalue>160763</customfieldvalue>
                        </customfieldvalues>
                    </customfield>
                                                                                                                                                                                                                                        <customfield id="customfield_12310222" key="com.atlassian.jira.ext.charting:timeinstatus">
                        <customfieldname>Time in Status</customfieldname>
                        <customfieldvalues>
                            
                        </customfieldvalues>
                    </customfield>
                                                                                                                        </customfields>
    </item>
</channel>
</rss>