<!-- 
RSS generated by JIRA (6.3.4#6332-sha1:51bc225ef474afe3128b2f66878477f322397b16) at Fri Nov 18 23:40:10 UTC 2016

It is possible to restrict the fields that are returned in this document by specifying the 'field' parameter in your request.
For example, to request only the issue key and summary add field=key&field=summary to the URL of your request.
For example:
https://issues.apache.org/jira/si/jira.issueviews:issue-xml/MATH-744/MATH-744.xml?field=key&amp;field=summary
-->
<rss version="0.92" >
<channel>
    <title>ASF JIRA</title>
    <link>https://issues.apache.org/jira</link>
    <description>This file is an XML representation of an issue</description>
    <language>en-uk</language>    <build-info>
        <version>6.3.4</version>
        <build-number>6332</build-number>
        <build-date>15-08-2014</build-date>
    </build-info>

<item>
            <title>[MATH-744] BigFraction.doubleValue() returns Double.NaN for large numerators or denominators</title>
                <link>https://issues.apache.org/jira/browse/MATH-744</link>
                <project id="12310485" key="MATH">Commons Math</project>
                    <description>&lt;p&gt;The current implementation of doubleValue() divides numerator.doubleValue() / denominator.doubleValue().  BigInteger.doubleValue() fails for any number greater than Double.MAX_VALUE.  So if the user has 308-digit numerator or denominator, the resulting quotient fails, even in cases where the result would be well inside Double&apos;s range.&lt;/p&gt;

&lt;p&gt;I have a patch to fix it, if I can figure out how to attach it here I will.&lt;/p&gt;</description>
                <environment></environment>
        <key id="12542291">MATH-744</key>
            <summary>BigFraction.doubleValue() returns Double.NaN for large numerators or denominators</summary>
                <type id="1" iconUrl="https://issues.apache.org/jira/images/icons/issuetypes/bug.png">Bug</type>
                                            <priority id="3" iconUrl="https://issues.apache.org/jira/images/icons/priorities/major.png">Major</priority>
                        <status id="6" iconUrl="https://issues.apache.org/jira/images/icons/statuses/closed.png" description="The issue is considered finished, the resolution is correct. Issues which are closed can be reopened.">Closed</status>
                    <statusCategory id="3" key="done" colorName="green"/>
                                    <resolution id="1">Fixed</resolution>
                                        <assignee username="-1">Unassigned</assignee>
                                    <reporter username="thundre">Thundre</reporter>
                        <labels>
                    </labels>
                <created>Sun, 12 Feb 2012 16:11:17 +0000</created>
                <updated>Sat, 24 Mar 2012 16:16:52 +0000</updated>
                            <resolved>Tue, 14 Feb 2012 13:31:25 +0000</resolved>
                                    <version>2.2</version>
                                    <fixVersion>3.0</fixVersion>
                                        <due></due>
                            <votes>0</votes>
                                    <watches>0</watches>
                                                                <comments>
                            <comment id="13206440" author="thundre" created="Sun, 12 Feb 2012 16:12:43 +0000"  >&lt;p&gt;Patch file for the fraction package.&lt;/p&gt;</comment>
                            <comment id="13206491" author="erans" created="Sun, 12 Feb 2012 19:34:31 +0000"  >&lt;p&gt;Thanks for fixing this.&lt;br/&gt;
Would you mind adding a unit test that demonstrates the fix?&lt;/p&gt;</comment>
                            <comment id="13206519" author="thundre" created="Sun, 12 Feb 2012 21:12:45 +0000"  >&lt;p&gt;I figured out my problem with junit.  Here&apos;s a test case.&lt;/p&gt;</comment>
                            <comment id="13206520" author="thundre" created="Sun, 12 Feb 2012 21:16:35 +0000"  >&lt;p&gt;I noticed that floatValue() has the same bug.  Stand by for more patches.&lt;/p&gt;</comment>
                            <comment id="13206524" author="thundre" created="Sun, 12 Feb 2012 21:24:40 +0000"  >&lt;p&gt;Patch for fixes to BigFraction.doubleValue() and floatValue(), and junit tests.&lt;/p&gt;</comment>
                            <comment id="13206532" author="erans" created="Sun, 12 Feb 2012 22:12:08 +0000"  >&lt;p&gt;Sorry to be picky, but it is better to avoid clumping many tests in the same test function, especially if they check different things.&lt;br/&gt;
In this case, you could create a new test method, e.g. &quot;testDoubleValueForLargeNumeratorAndDenominator&quot;.&lt;br/&gt;
Also, in addition to checking that the result is not NaN, you should check that the result is the expected value.&lt;br/&gt;
Thanks for your contribution.&lt;/p&gt;</comment>
                            <comment id="13207698" author="erans" created="Tue, 14 Feb 2012 13:31:25 +0000"  >&lt;p&gt;Fix committed in revision 1243912.&lt;br/&gt;
Added unit tests.&lt;/p&gt;</comment>
                    </comments>
                    <attachments>
                            <attachment id="12514286" name="src.patch" size="3086" author="thundre" created="Sun, 12 Feb 2012 21:24:40 +0000"/>
                    </attachments>
                <subtasks>
                    </subtasks>
                <customfields>
                                                <customfield id="customfield_12310310" key="com.atlassian.jira.toolkit:attachments">
                        <customfieldname>Attachment count</customfieldname>
                        <customfieldvalues>
                            <customfieldvalue>1.0</customfieldvalue>
                        </customfieldvalues>
                    </customfield>
                                                                                                                                                                                                                                                                                                                                                                                                                                                                                                                                <customfield id="customfield_12310220" key="com.atlassian.jira.ext.charting:firstresponsedate">
                        <customfieldname>Date of First Response</customfieldname>
                        <customfieldvalues>
                            <customfieldvalue>Sun, 12 Feb 2012 19:34:31 +0000</customfieldvalue>

                        </customfieldvalues>
                    </customfield>
                                                                                                                                                                                                                                                                                                                                                                                                                                            <customfield id="customfield_12310420" key="com.pyxis.greenhopper.jira:gh-global-rank">
                        <customfieldname>Global Rank</customfieldname>
                        <customfieldvalues>
                            <customfieldvalue>227578</customfieldvalue>
                        </customfieldvalues>
                    </customfield>
                                                                                                                        <customfield id="customfield_12312521" key="com.atlassian.jira.toolkit:LastCommentDate">
                        <customfieldname>Last public comment date</customfieldname>
                        <customfieldvalues>
                            4 years, 40 weeks, 3 days ago
                        </customfieldvalues>
                    </customfield>
                                                                                            <customfield id="customfield_12311820" key="com.pyxis.greenhopper.jira:gh-lexo-rank">
                        <customfieldname>Rank</customfieldname>
                        <customfieldvalues>
                            <customfieldvalue>0|i0aonj:</customfieldvalue>

                        </customfieldvalues>
                    </customfield>
                                                                <customfield id="customfield_12310920" key="com.pyxis.greenhopper.jira:gh-global-rank">
                        <customfieldname>Rank (Obsolete)</customfieldname>
                        <customfieldvalues>
                            <customfieldvalue>60267</customfieldvalue>
                        </customfieldvalues>
                    </customfield>
                                                                                                                                                                                                                                        <customfield id="customfield_12310222" key="com.atlassian.jira.ext.charting:timeinstatus">
                        <customfieldname>Time in Status</customfieldname>
                        <customfieldvalues>
                            
                        </customfieldvalues>
                    </customfield>
                                                                                                                        </customfields>
    </item>
</channel>
</rss>