<!-- 
RSS generated by JIRA (6.3.4#6332-sha1:51bc225ef474afe3128b2f66878477f322397b16) at Fri Nov 18 21:53:27 UTC 2016

It is possible to restrict the fields that are returned in this document by specifying the 'field' parameter in your request.
For example, to request only the issue key and summary add field=key&field=summary to the URL of your request.
For example:
https://issues.apache.org/jira/si/jira.issueviews:issue-xml/MATH-1322/MATH-1322.xml?field=key&amp;field=summary
-->
<rss version="0.92" >
<channel>
    <title>ASF JIRA</title>
    <link>https://issues.apache.org/jira</link>
    <description>This file is an XML representation of an issue</description>
    <language>en-uk</language>    <build-info>
        <version>6.3.4</version>
        <build-number>6332</build-number>
        <build-date>15-08-2014</build-date>
    </build-info>

<item>
            <title>[MATH-1322] Negative integer seed for MersenneTwister is not working.</title>
                <link>https://issues.apache.org/jira/browse/MATH-1322</link>
                <project id="12310485" key="MATH">Commons Math</project>
                    <description>&lt;p&gt;MersenneTwister.setSeed(int seed) has a bug.&lt;/p&gt;

&lt;p&gt;If seed is negative, longMT also becomes negative.&lt;br/&gt;
First 32 bits are filled by 0xFFFFFFFF.&lt;br/&gt;
But it should be positive. First 32 bits should be filled by 0x00000000.&lt;/p&gt;

&lt;p&gt;Ex) Integer -1 is 0xffffffff. &lt;br/&gt;
Long -1 is 0xffffffffffffffff.&lt;br/&gt;
Long 0xffffffff is 4294967295.&lt;/p&gt;

&lt;p&gt;I created simple patch. &lt;/p&gt;


</description>
                <environment></environment>
        <key id="12937857">MATH-1322</key>
            <summary>Negative integer seed for MersenneTwister is not working.</summary>
                <type id="1" iconUrl="https://issues.apache.org/jira/images/icons/issuetypes/bug.png">Bug</type>
                                            <priority id="3" iconUrl="https://issues.apache.org/jira/images/icons/priorities/major.png">Major</priority>
                        <status id="5" iconUrl="https://issues.apache.org/jira/images/icons/statuses/resolved.png" description="A resolution has been taken, and it is awaiting verification by reporter. From here issues are either reopened, or are closed.">Resolved</status>
                    <statusCategory id="3" key="done" colorName="green"/>
                                    <resolution id="1">Fixed</resolution>
                                        <assignee username="-1">Unassigned</assignee>
                                    <reporter username="kawajoe">Morikawa Joe</reporter>
                        <labels>
                            <label>patch</label>
                    </labels>
                <created>Tue, 9 Feb 2016 13:13:01 +0000</created>
                <updated>Sat, 23 Apr 2016 01:01:58 +0000</updated>
                            <resolved>Sat, 23 Apr 2016 01:01:23 +0000</resolved>
                                    <version>3.6</version>
                                                        <due></due>
                            <votes>0</votes>
                                    <watches>2</watches>
                                                                <comments>
                            <comment id="15138918" author="kawajoe" created="Tue, 9 Feb 2016 13:13:48 +0000"  >&lt;p&gt;Patch to fix bug.&lt;/p&gt;</comment>
                            <comment id="15138953" author="erans" created="Tue, 9 Feb 2016 13:45:26 +0000"  >&lt;blockquote&gt;&lt;p&gt;If seed is negative, longMT also becomes negative.&lt;/p&gt;&lt;/blockquote&gt;

&lt;p&gt;I&apos;d rather expect that both types result in the same value.&lt;br/&gt;
Why is it a problem?&lt;/p&gt;

&lt;p&gt;The documentation does not seem to imply any constraint on the argument.&lt;/p&gt;

&lt;p&gt;Do I understand correctly that if your patch were applied, each of the following calls would result in the generator being in a different state:&lt;/p&gt;
&lt;div class=&quot;code panel&quot; style=&quot;border-width: 1px;&quot;&gt;&lt;div class=&quot;codeContent panelContent&quot;&gt;
&lt;pre class=&quot;code-java&quot;&gt;
rng.setSeed(-1);
rng.setSeed((&lt;span class=&quot;code-object&quot;&gt;long&lt;/span&gt;) -1);
&lt;/pre&gt;
&lt;/div&gt;&lt;/div&gt;
&lt;p&gt;?&lt;/p&gt;</comment>
                            <comment id="15139112" author="kawajoe" created="Tue, 9 Feb 2016 16:03:14 +0000"  >&lt;p&gt;My patch is for setSeed(int seed), there is no problem in setSeed(long seed).&lt;br/&gt;
Actually, I compared apache MersenneTwiter with C++ mt19937 which is included in random.&lt;br/&gt;
And apache MersenneTwister generated different random value from C++ mt19937 only if seed is negative.&lt;/p&gt;

&lt;p&gt;The reason for the difference is that longMT is 0xffffffffffffffff.&lt;/p&gt;

&lt;div class=&quot;code panel&quot; style=&quot;border-style: solid;border-width: 1px;&quot;&gt;&lt;div class=&quot;codeHeader panelHeader&quot; style=&quot;border-bottom-width: 1px;border-bottom-style: solid;&quot;&gt;&lt;b&gt;MersenneTwister.java&lt;/b&gt;&lt;/div&gt;&lt;div class=&quot;codeContent panelContent&quot;&gt;
&lt;pre class=&quot;code-java&quot;&gt;
    &lt;span class=&quot;code-keyword&quot;&gt;public&lt;/span&gt; void setSeed(&lt;span class=&quot;code-object&quot;&gt;int&lt;/span&gt; seed) {
        &lt;span class=&quot;code-comment&quot;&gt;// we use a &lt;span class=&quot;code-object&quot;&gt;long&lt;/span&gt; masked by 0xffffffffL as a poor man unsigned &lt;span class=&quot;code-object&quot;&gt;int&lt;/span&gt;
&lt;/span&gt;        &lt;span class=&quot;code-object&quot;&gt;long&lt;/span&gt; longMT = seed;

&lt;span class=&quot;code-comment&quot;&gt;// longMT is 0xffffffffffffffff, but it is 0x00000000ffffffff in C++ or other language implementation.
&lt;/span&gt;
        &lt;span class=&quot;code-comment&quot;&gt;// NB: unlike original C code, we are working with java longs, the &lt;span class=&quot;code-keyword&quot;&gt;cast&lt;/span&gt; below makes masking unnecessary
&lt;/span&gt;        mt[0]= (&lt;span class=&quot;code-object&quot;&gt;int&lt;/span&gt;) longMT;
        &lt;span class=&quot;code-keyword&quot;&gt;for&lt;/span&gt; (mti = 1; mti &amp;lt; N; ++mti) {
            &lt;span class=&quot;code-comment&quot;&gt;// See Knuth TAOCP Vol2. 3rd Ed. P.106 &lt;span class=&quot;code-keyword&quot;&gt;for&lt;/span&gt; multiplier.
&lt;/span&gt;            &lt;span class=&quot;code-comment&quot;&gt;// initializer from the 2002-01-09 C version by Makoto Matsumoto
&lt;/span&gt;            longMT = (1812433253l * (longMT ^ (longMT &amp;gt;&amp;gt; 30)) + mti) &amp;amp; 0xffffffffL;
            mt[mti]= (&lt;span class=&quot;code-object&quot;&gt;int&lt;/span&gt;) longMT;
        }

        clear(); &lt;span class=&quot;code-comment&quot;&gt;// Clear normal deviate cache
&lt;/span&gt;    }
&lt;/pre&gt;
&lt;/div&gt;&lt;/div&gt;




&lt;p&gt;Followings are the samples.&lt;/p&gt;

&lt;div class=&quot;code panel&quot; style=&quot;border-style: solid;border-width: 1px;&quot;&gt;&lt;div class=&quot;codeHeader panelHeader&quot; style=&quot;border-bottom-width: 1px;border-bottom-style: solid;&quot;&gt;&lt;b&gt;Sample.java&lt;/b&gt;&lt;/div&gt;&lt;div class=&quot;codeContent panelContent&quot;&gt;
&lt;pre class=&quot;code-java&quot;&gt;
MersenneTwister rng = &lt;span class=&quot;code-keyword&quot;&gt;new&lt;/span&gt; MersenneTwister();
rng.setSeed((&lt;span class=&quot;code-object&quot;&gt;int&lt;/span&gt;) -1);
&lt;span class=&quot;code-comment&quot;&gt;// Without patch, &lt;span class=&quot;code-quote&quot;&gt;&quot;-931718226&quot;&lt;/span&gt; is output.
&lt;/span&gt;&lt;span class=&quot;code-comment&quot;&gt;// After applying patch, &lt;span class=&quot;code-quote&quot;&gt;&quot;419326371&quot;&lt;/span&gt; is output.
&lt;/span&gt;&lt;span class=&quot;code-object&quot;&gt;System&lt;/span&gt;.out.println(rng.nextInt());
&lt;/pre&gt;
&lt;/div&gt;&lt;/div&gt;


&lt;div class=&quot;code panel&quot; style=&quot;border-style: solid;border-width: 1px;&quot;&gt;&lt;div class=&quot;codeHeader panelHeader&quot; style=&quot;border-bottom-width: 1px;border-bottom-style: solid;&quot;&gt;&lt;b&gt;CppSample.cpp&lt;/b&gt;&lt;/div&gt;&lt;div class=&quot;codeContent panelContent&quot;&gt;
&lt;pre class=&quot;code-java&quot;&gt;
#include &amp;lt;iostream&amp;gt;
#include &amp;lt;random&amp;gt;

&lt;span class=&quot;code-object&quot;&gt;int&lt;/span&gt; main()
{
  std::mt19937 mt(0xFFFFFFFF);
  &lt;span class=&quot;code-comment&quot;&gt;// 419326371 is displayed
&lt;/span&gt;  std::cout &amp;lt;&amp;lt; mt() &amp;lt;&amp;lt; std::endl;

  std::mt19937 mt1(-1);
  &lt;span class=&quot;code-comment&quot;&gt;// 419326371 is displayed
&lt;/span&gt;  std::cout &amp;lt;&amp;lt; mt() &amp;lt;&amp;lt; std::endl;
}
&lt;/pre&gt;
&lt;/div&gt;&lt;/div&gt;</comment>
                            <comment id="15139141" author="erans" created="Tue, 9 Feb 2016 16:21:52 +0000"  >&lt;p&gt;With the code you wrote above:&lt;/p&gt;
&lt;div class=&quot;code panel&quot; style=&quot;border-width: 1px;&quot;&gt;&lt;div class=&quot;codeContent panelContent&quot;&gt;
&lt;pre class=&quot;code-java&quot;&gt;
MersenneTwister rng = &lt;span class=&quot;code-keyword&quot;&gt;new&lt;/span&gt; MersenneTwister();
rng.setSeed((&lt;span class=&quot;code-object&quot;&gt;int&lt;/span&gt;) -1);
&lt;span class=&quot;code-comment&quot;&gt;// Without patch, &lt;span class=&quot;code-quote&quot;&gt;&quot;-931718226&quot;&lt;/span&gt; is output.
&lt;/span&gt;&lt;span class=&quot;code-comment&quot;&gt;// After applying patch, &lt;span class=&quot;code-quote&quot;&gt;&quot;419326371&quot;&lt;/span&gt; is output.
&lt;/span&gt;&lt;span class=&quot;code-object&quot;&gt;System&lt;/span&gt;.out.println(rng.nextInt());
&lt;/pre&gt;
&lt;/div&gt;&lt;/div&gt;
&lt;p&gt;what is the output of&lt;/p&gt;
&lt;div class=&quot;code panel&quot; style=&quot;border-width: 1px;&quot;&gt;&lt;div class=&quot;codeContent panelContent&quot;&gt;
&lt;pre class=&quot;code-java&quot;&gt;
rng.setSeed((&lt;span class=&quot;code-object&quot;&gt;long&lt;/span&gt;) -1);
&lt;/pre&gt;
&lt;/div&gt;&lt;/div&gt;
&lt;ol&gt;
	&lt;li&gt;in the current  code and&lt;/li&gt;
	&lt;li&gt;with the patch applied&lt;/li&gt;
&lt;/ol&gt;


&lt;p&gt;?&lt;/p&gt;</comment>
                            <comment id="15139164" author="kawajoe" created="Tue, 9 Feb 2016 16:33:10 +0000"  >&lt;p&gt;There is no impact to setSeed(long seed).&lt;/p&gt;

&lt;div class=&quot;code panel&quot; style=&quot;border-style: solid;border-width: 1px;&quot;&gt;&lt;div class=&quot;codeContent panelContent&quot;&gt;
&lt;pre class=&quot;code-java&quot;&gt;
MersenneTwister rng = &lt;span class=&quot;code-keyword&quot;&gt;new&lt;/span&gt; MersenneTwister();
rng.setSeed((&lt;span class=&quot;code-object&quot;&gt;long&lt;/span&gt;) -1);
&lt;span class=&quot;code-comment&quot;&gt;// 1. Without patch, &lt;span class=&quot;code-quote&quot;&gt;&quot;93740670&quot;&lt;/span&gt; is displayed.
&lt;/span&gt;&lt;span class=&quot;code-comment&quot;&gt;// 2. After applying patch, &lt;span class=&quot;code-quote&quot;&gt;&quot;93740670&quot;&lt;/span&gt; is displayed. Same value.
&lt;/span&gt;&lt;span class=&quot;code-object&quot;&gt;System&lt;/span&gt;.out.println(rng.nextInt());
&lt;/pre&gt;
&lt;/div&gt;&lt;/div&gt;
</comment>
                            <comment id="15139272" author="erans" created="Tue, 9 Feb 2016 17:36:19 +0000"  >&lt;blockquote&gt;&lt;p&gt;After applying patch, &quot;93740670&quot; is displayed. Same value.&lt;/p&gt;&lt;/blockquote&gt;

&lt;p&gt;What worries me (even as your patch is applied) is that the same seed (namely -1) results in different states, whether it happens to be cast to an &quot;int&quot;:&lt;/p&gt;
&lt;div class=&quot;code panel&quot; style=&quot;border-width: 1px;&quot;&gt;&lt;div class=&quot;codeContent panelContent&quot;&gt;
&lt;pre class=&quot;code-java&quot;&gt;
rng.setSeed((&lt;span class=&quot;code-object&quot;&gt;int&lt;/span&gt;) -1);
&lt;span class=&quot;code-object&quot;&gt;int&lt;/span&gt; n = rng.nextInt(); &lt;span class=&quot;code-comment&quot;&gt;// n == 419326371&lt;/span&gt;
&lt;/pre&gt;
&lt;/div&gt;&lt;/div&gt;
&lt;p&gt;or cast to a &quot;long&quot;:&lt;/p&gt;
&lt;div class=&quot;code panel&quot; style=&quot;border-width: 1px;&quot;&gt;&lt;div class=&quot;codeContent panelContent&quot;&gt;
&lt;pre class=&quot;code-java&quot;&gt;
rng.setSeed((&lt;span class=&quot;code-object&quot;&gt;long&lt;/span&gt;) -1);
&lt;span class=&quot;code-object&quot;&gt;int&lt;/span&gt; n = rng.nextInt(); &lt;span class=&quot;code-comment&quot;&gt;// n == 93740670&lt;/span&gt;
&lt;/pre&gt;
&lt;/div&gt;&lt;/div&gt;

&lt;p&gt;Do you see what I mean?&lt;br/&gt;
This is one of the (IMO) deficiencies which issue &lt;a href=&quot;https://issues.apache.org/jira/browse/MATH-1319&quot; title=&quot;Refactor the package &amp;quot;o.a.c.m.random&amp;quot;&quot; class=&quot;issue-link&quot; data-issue-key=&quot;MATH-1319&quot;&gt;&lt;del&gt;MATH-1319&lt;/del&gt;&lt;/a&gt; aims at making disappear (by defining a &lt;em&gt;unique&lt;/em&gt; way to set the seed).&lt;br/&gt;
In this case, IIUC, the problem is having overloaded &lt;tt&gt;setSeed&lt;/tt&gt; to take an &lt;tt&gt;int&lt;/tt&gt; argument although to be faithful to the original code, it must be interpreted as the low-order bits of a &lt;tt&gt;long&lt;/tt&gt;.&lt;/p&gt;

&lt;p&gt;Since the principle of specifying a seed is intended for reproducing a sequence, bluntly changing the code is not an option.&lt;/p&gt;

&lt;p&gt;I&apos;d rather imagine that &lt;tt&gt;setSeed(int)&lt;/tt&gt; must be deprecated, and a conversion method must be provided so that &lt;tt&gt;setSeed(convertToLong((int) seed))&lt;/tt&gt; results in the same state as the current &lt;tt&gt;setSeed((int) seed)&lt;/tt&gt;.&lt;/p&gt;</comment>
                            <comment id="15139829" author="tn" created="Tue, 9 Feb 2016 21:41:46 +0000"  >&lt;p&gt;&lt;ins&gt;1 for the patch. It does the same as the stdc&lt;/ins&gt;+11 impl, boost and the original c version of Mersenne Twister.&lt;/p&gt;</comment>
                            <comment id="15254990" author="erans" created="Sat, 23 Apr 2016 01:01:23 +0000"  >&lt;p&gt;This class is superseded by the new API provided in package &lt;tt&gt;o.a.c.m.rng&lt;/tt&gt; which you are welcome to test.  See &lt;a href=&quot;https://issues.apache.org/jira/browse/MATH-1335&quot; title=&quot;Factor out RNG implementations&quot; class=&quot;issue-link&quot; data-issue-key=&quot;MATH-1335&quot;&gt;&lt;del&gt;MATH-1335&lt;/del&gt;&lt;/a&gt;.&lt;/p&gt;</comment>
                    </comments>
                    <attachments>
                            <attachment id="12787064" name="MersenneTwister.patch" size="621" author="kawajoe" created="Tue, 9 Feb 2016 13:13:48 +0000"/>
                    </attachments>
                <subtasks>
                    </subtasks>
                <customfields>
                                                <customfield id="customfield_12310310" key="com.atlassian.jira.toolkit:attachments">
                        <customfieldname>Attachment count</customfieldname>
                        <customfieldvalues>
                            <customfieldvalue>1.0</customfieldvalue>
                        </customfieldvalues>
                    </customfield>
                                                                                                                                                                                                                                                                                                                                                                                                                                                                                                                                <customfield id="customfield_12310220" key="com.atlassian.jira.ext.charting:firstresponsedate">
                        <customfieldname>Date of First Response</customfieldname>
                        <customfieldvalues>
                            <customfieldvalue>Tue, 9 Feb 2016 13:45:26 +0000</customfieldvalue>

                        </customfieldvalues>
                    </customfield>
                                                                                                                                                                                                            <customfield id="customfield_12310250" key="com.atlassian.jira.plugin.system.customfieldtypes:multicheckboxes">
                        <customfieldname>Flags</customfieldname>
                        <customfieldvalues>
                                <customfieldvalue key="10430"><![CDATA[Patch]]></customfieldvalue>
    
                        </customfieldvalues>
                    </customfield>
                                                                                                                                                                                                                                                                    <customfield id="customfield_12310420" key="com.pyxis.greenhopper.jira:gh-global-rank">
                        <customfieldname>Global Rank</customfieldname>
                        <customfieldvalues>
                            <customfieldvalue>9223372036854775807</customfieldvalue>
                        </customfieldvalues>
                    </customfield>
                                                                                                                        <customfield id="customfield_12312521" key="com.atlassian.jira.toolkit:LastCommentDate">
                        <customfieldname>Last public comment date</customfieldname>
                        <customfieldvalues>
                            29 weeks, 6 days ago
                        </customfieldvalues>
                    </customfield>
                                                                                            <customfield id="customfield_12311820" key="com.pyxis.greenhopper.jira:gh-lexo-rank">
                        <customfieldname>Rank</customfieldname>
                        <customfieldvalues>
                            <customfieldvalue>0|i2slzj:</customfieldvalue>

                        </customfieldvalues>
                    </customfield>
                                                                <customfield id="customfield_12310920" key="com.pyxis.greenhopper.jira:gh-global-rank">
                        <customfieldname>Rank (Obsolete)</customfieldname>
                        <customfieldvalues>
                            <customfieldvalue>9223372036854775807</customfieldvalue>
                        </customfieldvalues>
                    </customfield>
                                                                                                                                                                                                                                        <customfield id="customfield_12310222" key="com.atlassian.jira.ext.charting:timeinstatus">
                        <customfieldname>Time in Status</customfieldname>
                        <customfieldvalues>
                            
                        </customfieldvalues>
                    </customfield>
                                                                                                                        </customfields>
    </item>
</channel>
</rss>