<!-- 
RSS generated by JIRA (6.3.4#6332-sha1:51bc225ef474afe3128b2f66878477f322397b16) at Fri Dec 02 17:55:27 UTC 2016

It is possible to restrict the fields that are returned in this document by specifying the 'field' parameter in your request.
For example, to request only the issue key and summary add field=key&field=summary to the URL of your request.
For example:
https://issues.apache.org/jira/si/jira.issueviews:issue-xml/MATH-54/MATH-54.xml?field=key&amp;field=summary
-->
<rss version="0.92" >
<channel>
    <title>ASF JIRA</title>
    <link>https://issues.apache.org/jira</link>
    <description>This file is an XML representation of an issue</description>
    <language>en-uk</language>    <build-info>
        <version>6.3.4</version>
        <build-number>6332</build-number>
        <build-date>15-08-2014</build-date>
    </build-info>

<item>
            <title>[MATH-54] FDistribution -- java stack overflow</title>
                <link>https://issues.apache.org/jira/browse/MATH-54</link>
                <project id="12310485" key="MATH">Commons Math</project>
                    <description>&lt;p&gt;This bug goes back to at least the beginning of March, tested on June 5 build.&lt;br/&gt;
The following block creates a java stack overflow:&lt;/p&gt;

&lt;p&gt;try {&lt;br/&gt;
    org.apache.commons.math.distribution.FDistributionImpl fd =&lt;br/&gt;
    new org.apache.commons.math.distribution.FDistributionImpl(100000., &lt;br/&gt;
100000.);&lt;br/&gt;
    double est;&lt;br/&gt;
    est = fd.cumulativeProbability(1.);&lt;br/&gt;
    _logger.info(&quot;1.=&quot; + est);&lt;br/&gt;
} catch (Exception jle) {&lt;br/&gt;
    jle.printStackTrace();&lt;br/&gt;
    return;&lt;br/&gt;
}&lt;/p&gt;</description>
                <environment>&lt;p&gt;Operating System: Windows XP&lt;br/&gt;
Platform: PC&lt;/p&gt;</environment>
        <key id="12341490">MATH-54</key>
            <summary>FDistribution -- java stack overflow</summary>
                <type id="1" iconUrl="https://issues.apache.org/jira/images/icons/issuetypes/bug.png">Bug</type>
                                            <priority id="2" iconUrl="https://issues.apache.org/jira/images/icons/priorities/critical.png">Critical</priority>
                        <status id="6" iconUrl="https://issues.apache.org/jira/images/icons/statuses/closed.png" description="The issue is considered finished, the resolution is correct. Issues which are closed can be reopened.">Closed</status>
                    <statusCategory id="3" key="done" colorName="green"/>
                                    <resolution id="1">Fixed</resolution>
                                        <assignee username="-1">Unassigned</assignee>
                                    <reporter username="scott@duchin.com">Scott Duchin</reporter>
                        <labels>
                    </labels>
                <created>Mon, 7 Jun 2004 00:24:50 +0000</created>
                <updated>Mon, 23 Jul 2012 23:24:42 +0000</updated>
                            <resolved>Thu, 23 Apr 2009 02:26:06 +0000</resolved>
                                                                        <due></due>
                            <votes>0</votes>
                                    <watches>0</watches>
                                                                <comments>
                            <comment id="12406750" author="brentworden" created="Fri, 11 Jun 2004 01:25:35 +0000"  >&lt;p&gt;I changed the continued fraction used in regularizedBeta resulting in faster &lt;br/&gt;
convergence.  I added the test case provided by scott and ran all units tests &lt;br/&gt;
with all of them passing.&lt;/p&gt;</comment>
                    </comments>
                    <attachments>
                    </attachments>
                <subtasks>
                    </subtasks>
                <customfields>
                                                <customfield id="customfield_12310310" key="com.atlassian.jira.toolkit:attachments">
                        <customfieldname>Attachment count</customfieldname>
                        <customfieldvalues>
                            <customfieldvalue>0.0</customfieldvalue>
                        </customfieldvalues>
                    </customfield>
                                                                                                                                                                                                                                                                                                                                                                                                                                                                        <customfield id="customfield_10010" key="com.atlassian.jira.plugin.system.customfieldtypes:importid">
                        <customfieldname>Bugzilla Id</customfieldname>
                        <customfieldvalues>
                            <customfieldvalue>29414</customfieldvalue>
                        </customfieldvalues>
                    </customfield>
                                                                                            <customfield id="customfield_12310220" key="com.atlassian.jira.ext.charting:firstresponsedate">
                        <customfieldname>Date of First Response</customfieldname>
                        <customfieldvalues>
                            <customfieldvalue>Fri, 11 Jun 2004 01:25:35 +0000</customfieldvalue>

                        </customfieldvalues>
                    </customfield>
                                                                                                                                                                                                                                                                                                                                                                                                                                            <customfield id="customfield_12310420" key="com.pyxis.greenhopper.jira:gh-global-rank">
                        <customfieldname>Global Rank</customfieldname>
                        <customfieldvalues>
                            <customfieldvalue>34219</customfieldvalue>
                        </customfieldvalues>
                    </customfield>
                                                                                                                        <customfield id="customfield_12312521" key="com.atlassian.jira.toolkit:LastCommentDate">
                        <customfieldname>Last public comment date</customfieldname>
                        <customfieldvalues>
                            12 years, 27 weeks ago
                        </customfieldvalues>
                    </customfield>
                                                                                            <customfield id="customfield_12311820" key="com.pyxis.greenhopper.jira:gh-lexo-rank">
                        <customfieldname>Rank</customfieldname>
                        <customfieldvalues>
                            <customfieldvalue>0|i0rwt3:</customfieldvalue>

                        </customfieldvalues>
                    </customfield>
                                                                <customfield id="customfield_12310920" key="com.pyxis.greenhopper.jira:gh-global-rank">
                        <customfieldname>Rank (Obsolete)</customfieldname>
                        <customfieldvalues>
                            <customfieldvalue>160959</customfieldvalue>
                        </customfieldvalues>
                    </customfield>
                                                                                                                                                                                                                                                                                                                            </customfields>
    </item>
</channel>
</rss>