<!-- 
RSS generated by JIRA (6.3.4#6332-sha1:51bc225ef474afe3128b2f66878477f322397b16) at Fri Nov 18 22:09:03 UTC 2016

It is possible to restrict the fields that are returned in this document by specifying the 'field' parameter in your request.
For example, to request only the issue key and summary add field=key&field=summary to the URL of your request.
For example:
https://issues.apache.org/jira/si/jira.issueviews:issue-xml/MATH-456/MATH-456.xml?field=key&amp;field=summary
-->
<rss version="0.92" >
<channel>
    <title>ASF JIRA</title>
    <link>https://issues.apache.org/jira</link>
    <description>This file is an XML representation of an issue</description>
    <language>en-uk</language>    <build-info>
        <version>6.3.4</version>
        <build-number>6332</build-number>
        <build-date>15-08-2014</build-date>
    </build-info>

<item>
            <title>[MATH-456] Erf.erf - handle infinities and large values</title>
                <link>https://issues.apache.org/jira/browse/MATH-456</link>
                <project id="12310485" key="MATH">Commons Math</project>
                    <description>&lt;p&gt;&lt;tt&gt;Erf.erf(double)&lt;/tt&gt; crashes when presented with infinities or large values, as follows:&lt;/p&gt;
&lt;div class=&quot;preformatted panel&quot; style=&quot;border-width: 1px;&quot;&gt;&lt;div class=&quot;preformattedContent panelContent&quot;&gt;
&lt;pre&gt;org.apache.commons.math.ConvergenceException: Continued fraction diverged to NaN for value &#8734;
	at org.apache.commons.math.util.ContinuedFraction.evaluate(ContinuedFraction.java:186)
	at org.apache.commons.math.special.Gamma.regularizedGammaQ(Gamma.java:266)
	at org.apache.commons.math.special.Gamma.regularizedGammaP(Gamma.java:173)
	at org.apache.commons.math.special.Erf.erf(Erf.java:56)
	at TestInfErf.main(TestInfErf.java:9)
&lt;/pre&gt;
&lt;/div&gt;&lt;/div&gt;

&lt;p&gt;The following code demonstrates this crash:&lt;/p&gt;
&lt;div class=&quot;code panel&quot; style=&quot;border-width: 1px;&quot;&gt;&lt;div class=&quot;codeContent panelContent&quot;&gt;
&lt;pre class=&quot;code-java&quot;&gt;
&lt;span class=&quot;code-keyword&quot;&gt;import&lt;/span&gt; org.apache.commons.math.MathException;
&lt;span class=&quot;code-keyword&quot;&gt;import&lt;/span&gt; org.apache.commons.math.special.Erf;

&lt;span class=&quot;code-keyword&quot;&gt;public&lt;/span&gt; class TestInfErf {
    &lt;span class=&quot;code-keyword&quot;&gt;public&lt;/span&gt; &lt;span class=&quot;code-keyword&quot;&gt;static&lt;/span&gt; void main(&lt;span class=&quot;code-object&quot;&gt;String&lt;/span&gt;[] args) {
        &lt;span class=&quot;code-keyword&quot;&gt;try&lt;/span&gt; {
            &lt;span class=&quot;code-object&quot;&gt;System&lt;/span&gt;.out.println(&lt;span class=&quot;code-quote&quot;&gt;&quot;erf(Inf) = &quot;&lt;/span&gt; + Erf.erf(&lt;span class=&quot;code-object&quot;&gt;Double&lt;/span&gt;.POSITIVE_INFINITY));
            &lt;span class=&quot;code-object&quot;&gt;System&lt;/span&gt;.out.println(&lt;span class=&quot;code-quote&quot;&gt;&quot;erf(-Inf) = &quot;&lt;/span&gt; + Erf.erf(&lt;span class=&quot;code-object&quot;&gt;Double&lt;/span&gt;.NEGATIVE_INFINITY));
            &lt;span class=&quot;code-object&quot;&gt;System&lt;/span&gt;.out.println(&lt;span class=&quot;code-quote&quot;&gt;&quot;erf(Huge) = &quot;&lt;/span&gt; + Erf.erf(1e300));
        } &lt;span class=&quot;code-keyword&quot;&gt;catch&lt;/span&gt; (MathException e) { 
            e.printStackTrace(); 
        }
    }
}
&lt;/pre&gt;
&lt;/div&gt;&lt;/div&gt;

&lt;p&gt;At double precision, erf&amp;#40;x&amp;#41; = 1.0 for x &amp;gt; 6.0 and erf&amp;#40;x&amp;#41; = -1.0 for x &amp;lt; -6.0.  Therefore Erf.java could be patched as follows:&lt;/p&gt;
&lt;div class=&quot;preformatted panel&quot; style=&quot;border-width: 1px;&quot;&gt;&lt;div class=&quot;preformattedContent panelContent&quot;&gt;
&lt;pre&gt;Index: src/main/java/org/apache/commons/math/special/Erf.java
===================================================================
--- src/main/java/org/apache/commons/math/special/Erf.java	(revision 1043888)
+++ src/main/java/org/apache/commons/math/special/Erf.java	(working copy)
@@ -48,6 +48,12 @@
      * @throws MathException if the algorithm fails to converge.
      */
     public static double erf(double x) throws MathException {
+        // at double precision, erf(x) = (+/-)1.0 for |x| &amp;gt; 6.0
+        if (x &amp;gt; 6.0) {
+            return 1.0;
+        } else if (x &amp;lt;-6.0) {
+            return -1.0;
+        }
         double ret = Gamma.regularizedGammaP(0.5, x * x, 1.0e-15, 10000);
         if (x &amp;lt; 0) {
             ret = -ret;
&lt;/pre&gt;
&lt;/div&gt;&lt;/div&gt;</description>
                <environment></environment>
        <key id="12492820">MATH-456</key>
            <summary>Erf.erf - handle infinities and large values</summary>
                <type id="1" iconUrl="https://issues.apache.org/jira/images/icons/issuetypes/bug.png">Bug</type>
                                            <priority id="4" iconUrl="https://issues.apache.org/jira/images/icons/priorities/minor.png">Minor</priority>
                        <status id="6" iconUrl="https://issues.apache.org/jira/images/icons/statuses/closed.png" description="The issue is considered finished, the resolution is correct. Issues which are closed can be reopened.">Closed</status>
                    <statusCategory id="3" key="done" colorName="green"/>
                                    <resolution id="1">Fixed</resolution>
                                        <assignee username="-1">Unassigned</assignee>
                                    <reporter username="josh.milthorpe">Josh Milthorpe</reporter>
                        <labels>
                    </labels>
                <created>Thu, 9 Dec 2010 11:46:43 +0000</created>
                <updated>Wed, 23 Mar 2011 20:29:36 +0000</updated>
                            <resolved>Sat, 1 Jan 2011 01:24:04 +0000</resolved>
                                    <version>2.2</version>
                                    <fixVersion>2.2</fixVersion>
                                        <due></due>
                            <votes>0</votes>
                                    <watches>0</watches>
                                                                <comments>
                            <comment id="12976373" author="psteitz" created="Sat, 1 Jan 2011 01:24:04 +0000"  >&lt;p&gt;Fixed in r1054184&lt;/p&gt;</comment>
                            <comment id="13010391" author="luc" created="Wed, 23 Mar 2011 20:29:36 +0000"  >&lt;p&gt;Closing issue as it was included in version 2.2, which has been released&lt;/p&gt;</comment>
                    </comments>
                <issuelinks>
                            <issuelinktype id="10032">
                    <name>Blocker</name>
                                                                <inwardlinks description="is blocked by">
                                        <issuelink>
            <issuekey id="12461932">MATH-364</issuekey>
        </issuelink>
                            </inwardlinks>
                                    </issuelinktype>
                            <issuelinktype id="10030">
                    <name>Reference</name>
                                                                <inwardlinks description="is related to">
                                        <issuelink>
            <issuekey id="12437655">MATH-301</issuekey>
        </issuelink>
                            </inwardlinks>
                                    </issuelinktype>
                    </issuelinks>
                <attachments>
                    </attachments>
                <subtasks>
                    </subtasks>
                <customfields>
                                                <customfield id="customfield_12310310" key="com.atlassian.jira.toolkit:attachments">
                        <customfieldname>Attachment count</customfieldname>
                        <customfieldvalues>
                            <customfieldvalue>0.0</customfieldvalue>
                        </customfieldvalues>
                    </customfield>
                                                                                                                                                                                                                                                                                                                                                                                                                                                                                                                                <customfield id="customfield_12310220" key="com.atlassian.jira.ext.charting:firstresponsedate">
                        <customfieldname>Date of First Response</customfieldname>
                        <customfieldvalues>
                            <customfieldvalue>Sat, 1 Jan 2011 01:24:04 +0000</customfieldvalue>

                        </customfieldvalues>
                    </customfield>
                                                                                                                                                                                                                                                                                                                                                                                                                                            <customfield id="customfield_12310420" key="com.pyxis.greenhopper.jira:gh-global-rank">
                        <customfieldname>Global Rank</customfieldname>
                        <customfieldvalues>
                            <customfieldvalue>150592</customfieldvalue>
                        </customfieldvalues>
                    </customfield>
                                                                                                                        <customfield id="customfield_12312521" key="com.atlassian.jira.toolkit:LastCommentDate">
                        <customfieldname>Last public comment date</customfieldname>
                        <customfieldvalues>
                            5 years, 35 weeks, 2 days ago
                        </customfieldvalues>
                    </customfield>
                                                                                            <customfield id="customfield_12311820" key="com.pyxis.greenhopper.jira:gh-lexo-rank">
                        <customfieldname>Rank</customfieldname>
                        <customfieldvalues>
                            <customfieldvalue>0|i0rudj:</customfieldvalue>

                        </customfieldvalues>
                    </customfield>
                                                                <customfield id="customfield_12310920" key="com.pyxis.greenhopper.jira:gh-global-rank">
                        <customfieldname>Rank (Obsolete)</customfieldname>
                        <customfieldvalues>
                            <customfieldvalue>160565</customfieldvalue>
                        </customfieldvalues>
                    </customfield>
                                                                                                                                                                                                                                        <customfield id="customfield_12310222" key="com.atlassian.jira.ext.charting:timeinstatus">
                        <customfieldname>Time in Status</customfieldname>
                        <customfieldvalues>
                            
                        </customfieldvalues>
                    </customfield>
                                                                                                                        </customfields>
    </item>
</channel>
</rss>