<!-- 
RSS generated by JIRA (6.3.4#6332-sha1:51bc225ef474afe3128b2f66878477f322397b16) at Sun Nov 20 00:40:17 UTC 2016

It is possible to restrict the fields that are returned in this document by specifying the 'field' parameter in your request.
For example, to request only the issue key and summary add field=key&field=summary to the URL of your request.
For example:
https://issues.apache.org/jira/si/jira.issueviews:issue-xml/MATH-1387/MATH-1387.xml?field=key&amp;field=summary
-->
<rss version="0.92" >
<channel>
    <title>ASF JIRA</title>
    <link>https://issues.apache.org/jira</link>
    <description>This file is an XML representation of an issue</description>
    <language>en-uk</language>    <build-info>
        <version>6.3.4</version>
        <build-number>6332</build-number>
        <build-date>15-08-2014</build-date>
    </build-info>

<item>
            <title>[MATH-1387] Travis CI does not work in master branch</title>
                <link>https://issues.apache.org/jira/browse/MATH-1387</link>
                <project id="12310485" key="MATH">Commons Math</project>
                    <description>&lt;p&gt;The travis-ci &amp;amp; coveralls build do not work in the master branch&lt;/p&gt;</description>
                <environment>&lt;p&gt;github&lt;/p&gt;</environment>
        <key id="13006260">MATH-1387</key>
            <summary>Travis CI does not work in master branch</summary>
                <type id="1" iconUrl="https://issues.apache.org/jira/images/icons/issuetypes/bug.png">Bug</type>
                                            <priority id="3" iconUrl="https://issues.apache.org/jira/images/icons/priorities/major.png">Major</priority>
                        <status id="5" iconUrl="https://issues.apache.org/jira/images/icons/statuses/resolved.png" description="A resolution has been taken, and it is awaiting verification by reporter. From here issues are either reopened, or are closed.">Resolved</status>
                    <statusCategory id="3" key="done" colorName="green"/>
                                    <resolution id="1">Fixed</resolution>
                                        <assignee username="chtompki">Rob Tompkins</assignee>
                                    <reporter username="chtompki">Rob Tompkins</reporter>
                        <labels>
                    </labels>
                <created>Tue, 20 Sep 2016 18:26:35 +0000</created>
                <updated>Sun, 9 Oct 2016 20:39:02 +0000</updated>
                            <resolved>Sun, 9 Oct 2016 20:38:39 +0000</resolved>
                                                    <fixVersion>4.0</fixVersion>
                                        <due>Tue, 20 Sep 2016 00:00:00 +0000</due>
                            <votes>0</votes>
                                    <watches>2</watches>
                                    <timeoriginalestimate seconds="14400">4h</timeoriginalestimate>
                            <timeestimate seconds="14400">4h</timeestimate>
                                        <comments>
                            <comment id="15507391" author="chtompki" created="Tue, 20 Sep 2016 18:39:46 +0000"  >&lt;p&gt;For Java 1.7 the following is the exception trace:&lt;/p&gt;
&lt;div class=&quot;code panel&quot; style=&quot;border-width: 1px;&quot;&gt;&lt;div class=&quot;codeContent panelContent&quot;&gt;
&lt;pre class=&quot;code-java&quot;&gt;
[ERROR] Failed to execute goal org.apache.maven.plugins:maven-surefire-plugin:2.19.1:test (&lt;span class=&quot;code-keyword&quot;&gt;default&lt;/span&gt;-test) on project commons-math4: Execution &lt;span class=&quot;code-keyword&quot;&gt;default&lt;/span&gt;-test of goal org.apache.maven.plugins:maven-surefire-plugin:2.19.1:test failed: The forked VM terminated without properly saying goodbye. VM crash or &lt;span class=&quot;code-object&quot;&gt;System&lt;/span&gt;.exit called?
[ERROR] Command was /bin/sh -c cd /home/travis/build/chtompki/commons-math &amp;amp;&amp;amp; /usr/lib/jvm/java-7-openjdk-amd64/jre/bin/java -javaagent:/home/travis/.m2/repository/org/jacoco/org.jacoco.agent/0.7.5.201505241946/org.jacoco.agent-0.7.5.201505241946-runtime.jar=destfile=/home/travis/build/chtompki/commons-math/target/jacoco.exec -jar /home/travis/build/chtompki/commons-math/target/surefire/surefirebooter9184690604659772326.jar /home/travis/build/chtompki/commons-math/target/surefire/surefire4166513052699975176tmp /home/travis/build/chtompki/commons-math/target/surefire/surefire_06594136187034826821tmp
&lt;/pre&gt;
&lt;/div&gt;&lt;/div&gt;</comment>
                            <comment id="15507393" author="chtompki" created="Tue, 20 Sep 2016 18:40:23 +0000"  >&lt;p&gt;For Java 1.8 the following is the exception trace:&lt;/p&gt;
&lt;div class=&quot;code panel&quot; style=&quot;border-width: 1px;&quot;&gt;&lt;div class=&quot;codeContent panelContent&quot;&gt;
&lt;pre class=&quot;code-java&quot;&gt;
Results :
Failed tests: 
  RandomUtilsDataGeneratorJDKSecureRandomTest&amp;gt;RandomUtilsDataGeneratorAbstractTest.testNextLongPositiveRange:104-&amp;gt;RandomUtilsDataGeneratorAbstractTest.checkNextLongUniform:127 Chisquare test failed p-value = 0.001668143358028784 chisquare statistic = 28.214000000000006. 
value	expected	observed
1	0.09		110
2	0.09		63
3	0.09		94
4	0.09		86
5	0.09		97
6	0.09		86
7	0.09		87
8	0.09		78
9	0.09		123
10	0.09		81
11	0.09		95
This test can fail randomly due to sampling error with probability 0.01.
  RandomUtilsDataGeneratorJDKSecureRandomTest&amp;gt;RandomUtilsDataGeneratorAbstractTest.testNextUniformUniformNegativeToPositiveBounds:251-&amp;gt;RandomUtilsDataGeneratorAbstractTest.checkNextUniformUniform:300 Chisquare test failed p-value = 0.009193629173217643 chisquare statistic = 13.469999999999999. 
value	expected	observed
1	0.2		214
2	0.2		224
3	0.2		208
4	0.2		197
5	0.2		157
This test can fail randomly due to sampling error with probability 0.01.
Tests run: 2693, Failures: 2, Errors: 0, Skipped: 30
&lt;/pre&gt;
&lt;/div&gt;&lt;/div&gt;</comment>
                            <comment id="15510225" author="erans" created="Wed, 21 Sep 2016 15:07:16 +0000"  >&lt;p&gt;The latter is not related to either Travis or the JVM version.&lt;br/&gt;
It is due to the feature of &quot;SecureRandom&quot; of producing a different sequence every time the test is run.&lt;br/&gt;
Sometimes the sequence is not uniform enough according to the statistics criterion.  Just run the build again.&lt;/p&gt;</comment>
                            <comment id="15518986" author="chtompki" created="Sat, 24 Sep 2016 12:38:22 +0000"  >&lt;p&gt;Him...that makes me feel a little uneasy. I would think we would want the build to be deterministic.&lt;/p&gt;</comment>
                            <comment id="15519006" author="chtompki" created="Sat, 24 Sep 2016 12:53:58 +0000"  >&lt;p&gt;It&apos;s beginning to feel like we&apos;re running up against either thread count or memory utilization and the JVM is somehow crashing...I&apos;m currently playing around with thread count in my fork of master:&lt;/p&gt;

&lt;p&gt;&lt;a href=&quot;https://travis-ci.org/chtompki/commons-math/builds&quot; class=&quot;external-link&quot; rel=&quot;nofollow&quot;&gt;https://travis-ci.org/chtompki/commons-math/builds&lt;/a&gt;&lt;/p&gt;</comment>
                            <comment id="15519101" author="erans" created="Sat, 24 Sep 2016 14:12:32 +0000"  >&lt;blockquote&gt;&lt;p&gt;I would think we would want the build to be deterministic.&lt;/p&gt;&lt;/blockquote&gt;

&lt;p&gt;From &lt;a href=&quot;https://docs.oracle.com/javase/7/docs/api/java/security/SecureRandom.html&quot; class=&quot;external-link&quot; rel=&quot;nofollow&quot;&gt;Javadoc for &lt;tt&gt;SecureRandom&lt;/tt&gt; &lt;/a&gt;: &quot;SecureRandom must produce non-deterministic output.&quot;&lt;/p&gt;

&lt;p&gt;A way to avoid some of the build failures is to use the custom &quot;RetryRunner&quot;.&lt;br/&gt;
See e.g. &lt;tt&gt;src/test/java/org/apache/commons/math4/ml/neuralnet/sofm/KohonenTrainingTaskTest.java&lt;/tt&gt;&lt;/p&gt;</comment>
                            <comment id="15519939" author="chtompki" created="Sun, 25 Sep 2016 01:31:44 +0000"  >&lt;p&gt;Hm...curious. That opens an interesting unit testing problem to solve generally: how to write a deterministic unit test for something that necessarily is non-deterministic in nature. That&apos;s a really good one that&apos;ll probably have me thinking all this week.&lt;/p&gt;

&lt;p&gt;Regardless, on the other build failure it seems that it could be failing because of some jacoco/surefire incompatibility, but I haven&apos;t pin pointed anything there...planning on continuing to chip away at it.&lt;/p&gt;</comment>
                            <comment id="15557856" author="chtompki" created="Sat, 8 Oct 2016 12:06:36 +0000"  >&lt;p&gt;The debug trace looks like&lt;/p&gt;
&lt;div class=&quot;code panel&quot; style=&quot;border-width: 1px;&quot;&gt;&lt;div class=&quot;codeContent panelContent&quot;&gt;
&lt;pre class=&quot;code-java&quot;&gt;
[ERROR] Failed to execute goal org.apache.maven.plugins:maven-surefire-plugin:2.18.1:test (&lt;span class=&quot;code-keyword&quot;&gt;default&lt;/span&gt;-test) on project commons-math4: Execution &lt;span class=&quot;code-keyword&quot;&gt;default&lt;/span&gt;-test of goal org.apache.maven.plugins:maven-surefire-plugin:2.18.1:test failed: The forked VM terminated without properly saying goodbye. VM crash or &lt;span class=&quot;code-object&quot;&gt;System&lt;/span&gt;.exit called?
[ERROR] Command was /bin/sh -c cd /home/travis/build/chtompki/commons-math &amp;amp;&amp;amp; /usr/lib/jvm/java-7-openjdk-amd64/jre/bin/java -javaagent:/home/travis/.m2/repository/org/jacoco/org.jacoco.agent/0.7.5.201505241946/org.jacoco.agent-0.7.5.201505241946-runtime.jar=destfile=/home/travis/build/chtompki/commons-math/target/jacoco.exec -jar /home/travis/build/chtompki/commons-math/target/surefire/surefirebooter2170756884795153381.jar /home/travis/build/chtompki/commons-math/target/surefire/surefire6900190985092741351tmp /home/travis/build/chtompki/commons-math/target/surefire/surefire_01703874856244866896tmp
[ERROR] -&amp;gt; [Help 1]
org.apache.maven.lifecycle.LifecycleExecutionException: Failed to execute goal org.apache.maven.plugins:maven-surefire-plugin:2.18.1:test (&lt;span class=&quot;code-keyword&quot;&gt;default&lt;/span&gt;-test) on project commons-math4: Execution &lt;span class=&quot;code-keyword&quot;&gt;default&lt;/span&gt;-test of goal org.apache.maven.plugins:maven-surefire-plugin:2.18.1:test failed: The forked VM terminated without properly saying goodbye. VM crash or &lt;span class=&quot;code-object&quot;&gt;System&lt;/span&gt;.exit called?
Command was /bin/sh -c cd /home/travis/build/chtompki/commons-math &amp;amp;&amp;amp; /usr/lib/jvm/java-7-openjdk-amd64/jre/bin/java -javaagent:/home/travis/.m2/repository/org/jacoco/org.jacoco.agent/0.7.5.201505241946/org.jacoco.agent-0.7.5.201505241946-runtime.jar=destfile=/home/travis/build/chtompki/commons-math/target/jacoco.exec -jar /home/travis/build/chtompki/commons-math/target/surefire/surefirebooter2170756884795153381.jar /home/travis/build/chtompki/commons-math/target/surefire/surefire6900190985092741351tmp /home/travis/build/chtompki/commons-math/target/surefire/surefire_01703874856244866896tmp
	at org.apache.maven.lifecycle.internal.MojoExecutor.execute(MojoExecutor.java:224)
	at org.apache.maven.lifecycle.internal.MojoExecutor.execute(MojoExecutor.java:153)
	at org.apache.maven.lifecycle.internal.MojoExecutor.execute(MojoExecutor.java:145)
	at org.apache.maven.lifecycle.internal.LifecycleModuleBuilder.buildProject(LifecycleModuleBuilder.java:116)
	at org.apache.maven.lifecycle.internal.LifecycleModuleBuilder.buildProject(LifecycleModuleBuilder.java:80)
	at org.apache.maven.lifecycle.internal.builder.singlethreaded.SingleThreadedBuilder.build(SingleThreadedBuilder.java:51)
	at org.apache.maven.lifecycle.internal.LifecycleStarter.execute(LifecycleStarter.java:120)
	at org.apache.maven.DefaultMaven.doExecute(DefaultMaven.java:355)
	at org.apache.maven.DefaultMaven.execute(DefaultMaven.java:155)
	at org.apache.maven.cli.MavenCli.execute(MavenCli.java:584)
	at org.apache.maven.cli.MavenCli.doMain(MavenCli.java:216)
	at org.apache.maven.cli.MavenCli.main(MavenCli.java:160)
	at sun.reflect.NativeMethodAccessorImpl.invoke0(Native Method)
	at sun.reflect.NativeMethodAccessorImpl.invoke(NativeMethodAccessorImpl.java:57)
	at sun.reflect.DelegatingMethodAccessorImpl.invoke(DelegatingMethodAccessorImpl.java:43)
	at java.lang.reflect.Method.invoke(Method.java:606)
	at org.codehaus.plexus.classworlds.launcher.Launcher.launchEnhanced(Launcher.java:289)
	at org.codehaus.plexus.classworlds.launcher.Launcher.launch(Launcher.java:229)
	at org.codehaus.plexus.classworlds.launcher.Launcher.mainWithExitCode(Launcher.java:415)
	at org.codehaus.plexus.classworlds.launcher.Launcher.main(Launcher.java:356)
Caused by: org.apache.maven.plugin.PluginExecutionException: Execution &lt;span class=&quot;code-keyword&quot;&gt;default&lt;/span&gt;-test of goal org.apache.maven.plugins:maven-surefire-plugin:2.18.1:test failed: The forked VM terminated without properly saying goodbye. VM crash or &lt;span class=&quot;code-object&quot;&gt;System&lt;/span&gt;.exit called?
Command was /bin/sh -c cd /home/travis/build/chtompki/commons-math &amp;amp;&amp;amp; /usr/lib/jvm/java-7-openjdk-amd64/jre/bin/java -javaagent:/home/travis/.m2/repository/org/jacoco/org.jacoco.agent/0.7.5.201505241946/org.jacoco.agent-0.7.5.201505241946-runtime.jar=destfile=/home/travis/build/chtompki/commons-math/target/jacoco.exec -jar /home/travis/build/chtompki/commons-math/target/surefire/surefirebooter2170756884795153381.jar /home/travis/build/chtompki/commons-math/target/surefire/surefire6900190985092741351tmp /home/travis/build/chtompki/commons-math/target/surefire/surefire_01703874856244866896tmp
	at org.apache.maven.plugin.DefaultBuildPluginManager.executeMojo(DefaultBuildPluginManager.java:143)
	at org.apache.maven.lifecycle.internal.MojoExecutor.execute(MojoExecutor.java:208)
	... 19 more
Caused by: java.lang.RuntimeException: The forked VM terminated without properly saying goodbye. VM crash or &lt;span class=&quot;code-object&quot;&gt;System&lt;/span&gt;.exit called?
Command was /bin/sh -c cd /home/travis/build/chtompki/commons-math &amp;amp;&amp;amp; /usr/lib/jvm/java-7-openjdk-amd64/jre/bin/java -javaagent:/home/travis/.m2/repository/org/jacoco/org.jacoco.agent/0.7.5.201505241946/org.jacoco.agent-0.7.5.201505241946-runtime.jar=destfile=/home/travis/build/chtompki/commons-math/target/jacoco.exec -jar /home/travis/build/chtompki/commons-math/target/surefire/surefirebooter2170756884795153381.jar /home/travis/build/chtompki/commons-math/target/surefire/surefire6900190985092741351tmp /home/travis/build/chtompki/commons-math/target/surefire/surefire_01703874856244866896tmp
	at org.apache.maven.plugin.surefire.booterclient.ForkStarter.fork(ForkStarter.java:515)
	at org.apache.maven.plugin.surefire.booterclient.ForkStarter.fork(ForkStarter.java:380)
	at org.apache.maven.plugin.surefire.booterclient.ForkStarter.run(ForkStarter.java:167)
	at org.apache.maven.plugin.surefire.AbstractSurefireMojo.executeProvider(AbstractSurefireMojo.java:990)
	at org.apache.maven.plugin.surefire.AbstractSurefireMojo.executeAfterPreconditionsChecked(AbstractSurefireMojo.java:824)
	at org.apache.maven.plugin.surefire.AbstractSurefireMojo.execute(AbstractSurefireMojo.java:722)
	at org.apache.maven.plugin.DefaultBuildPluginManager.executeMojo(DefaultBuildPluginManager.java:132)
	... 20 more
[ERROR] 
[ERROR] 
[ERROR] For more information about the errors and possible solutions, please read the following articles:
[ERROR] [Help 1] http:&lt;span class=&quot;code-comment&quot;&gt;//cwiki.apache.org/confluence/display/MAVEN/PluginExecutionException&lt;/span&gt;
&lt;/pre&gt;
&lt;/div&gt;&lt;/div&gt;</comment>
                            <comment id="15557858" author="chtompki" created="Sat, 8 Oct 2016 12:07:25 +0000"  >&lt;p&gt;This also looks a lot like: &lt;a href=&quot;https://issues.apache.org/jira/browse/SUREFIRE-1193&quot; class=&quot;external-link&quot; rel=&quot;nofollow&quot;&gt;https://issues.apache.org/jira/browse/SUREFIRE-1193&lt;/a&gt;&lt;/p&gt;</comment>
                            <comment id="15558023" author="erans" created="Sat, 8 Oct 2016 14:01:48 +0000"  >&lt;p&gt;Then perhaps you could ask there how to get around the problem...&lt;br/&gt;
Thanks.&lt;/p&gt;</comment>
                            <comment id="15558128" author="chtompki" created="Sat, 8 Oct 2016 15:07:36 +0000"  >&lt;p&gt;That&apos;s my plan. I just wanted to write it down. &lt;/p&gt;</comment>
                            <comment id="15560582" author="chtompki" created="Sun, 9 Oct 2016 20:39:02 +0000"  >&lt;p&gt;Resolved with: &lt;a href=&quot;https://github.com/apache/commons-math/pull/44&quot; class=&quot;external-link&quot; rel=&quot;nofollow&quot;&gt;https://github.com/apache/commons-math/pull/44&lt;/a&gt;&lt;/p&gt;</comment>
                    </comments>
                    <attachments>
                    </attachments>
                <subtasks>
                    </subtasks>
                <customfields>
                                                <customfield id="customfield_12310310" key="com.atlassian.jira.toolkit:attachments">
                        <customfieldname>Attachment count</customfieldname>
                        <customfieldvalues>
                            <customfieldvalue>0.0</customfieldvalue>
                        </customfieldvalues>
                    </customfield>
                                                                                                                                                                                                                                                                                                                                                                                                                                                                                                                                <customfield id="customfield_12310220" key="com.atlassian.jira.ext.charting:firstresponsedate">
                        <customfieldname>Date of First Response</customfieldname>
                        <customfieldvalues>
                            <customfieldvalue>Wed, 21 Sep 2016 15:07:16 +0000</customfieldvalue>

                        </customfieldvalues>
                    </customfield>
                                                                                                                                                                                                                                                                                                                                                                                                                                            <customfield id="customfield_12310420" key="com.pyxis.greenhopper.jira:gh-global-rank">
                        <customfieldname>Global Rank</customfieldname>
                        <customfieldvalues>
                            <customfieldvalue>9223372036854775807</customfieldvalue>
                        </customfieldvalues>
                    </customfield>
                                                                                                                        <customfield id="customfield_12312521" key="com.atlassian.jira.toolkit:LastCommentDate">
                        <customfieldname>Last public comment date</customfieldname>
                        <customfieldvalues>
                            5 weeks, 6 days ago
                        </customfieldvalues>
                    </customfield>
                                                                                            <customfield id="customfield_12311820" key="com.pyxis.greenhopper.jira:gh-lexo-rank">
                        <customfieldname>Rank</customfieldname>
                        <customfieldvalues>
                            <customfieldvalue>0|i33urz:</customfieldvalue>

                        </customfieldvalues>
                    </customfield>
                                                                <customfield id="customfield_12310920" key="com.pyxis.greenhopper.jira:gh-global-rank">
                        <customfieldname>Rank (Obsolete)</customfieldname>
                        <customfieldvalues>
                            <customfieldvalue>9223372036854775807</customfieldvalue>
                        </customfieldvalues>
                    </customfield>
                                                                                                                                                                                                                                        <customfield id="customfield_12310222" key="com.atlassian.jira.ext.charting:timeinstatus">
                        <customfieldname>Time in Status</customfieldname>
                        <customfieldvalues>
                            
                        </customfieldvalues>
                    </customfield>
                                                                                                                        </customfields>
    </item>
</channel>
</rss>