<!-- 
RSS generated by JIRA (6.3.4#6332-sha1:51bc225ef474afe3128b2f66878477f322397b16) at Fri Nov 18 23:07:33 UTC 2016

It is possible to restrict the fields that are returned in this document by specifying the 'field' parameter in your request.
For example, to request only the issue key and summary add field=key&field=summary to the URL of your request.
For example:
https://issues.apache.org/jira/si/jira.issueviews:issue-xml/MATH-608/MATH-608.xml?field=key&amp;field=summary
-->
<rss version="0.92" >
<channel>
    <title>ASF JIRA</title>
    <link>https://issues.apache.org/jira</link>
    <description>This file is an XML representation of an issue</description>
    <language>en-uk</language>    <build-info>
        <version>6.3.4</version>
        <build-number>6332</build-number>
        <build-date>15-08-2014</build-date>
    </build-info>

<item>
            <title>[MATH-608] Remove methods from RealMatrix Interface</title>
                <link>https://issues.apache.org/jira/browse/MATH-608</link>
                <project id="12310485" key="MATH">Commons Math</project>
                    <description>&lt;p&gt;The RealMatrix interface describes several methods which take a RealMatrix and yield a RealMatrix return. They are:&lt;/p&gt;

&lt;p&gt;    RealMatrix multiply(RealMatrix m);&lt;br/&gt;
    RealMatrix preMultiply(RealMatrix m);&lt;br/&gt;
    RealMatrix power(final int p);&lt;br/&gt;
    RealMatrix add(RealMatrix m)&lt;br/&gt;
    RealMatrix subtract(RealMatrix m)&lt;/p&gt;

&lt;p&gt;There is nothing inherently wrong in making all subclasses of RealMatrix implement these methods. However, as the number of subclasses of RealMatrix increases, the complexity of these methods will also increase. I think these methods should be part of a separate class of &apos;operators&apos; which handle matrix multiplication, addition, subtraction and exponentiation.&lt;/p&gt;

&lt;p&gt;Say for example, I implement SymmetricRealMatrix. I would like to store the data of a real symmetric in compressed form, so that I only consume (nrow + 1)*nrow /2 space in memory. When it comes time to implement multiply (for example), I must test to see if the RealMatrix given in the argument is also of Type SymmetricRealMatrix, since that will affect the algorithm I use to do the multiplication. I could access each element of the argument matrix via its getter, but efficiency will suffer. One can think of cases where we might have a DiagonalRealMatrix times a DiagonRealMatrix. One would not want to store the resultant diagonal in a general matrix storage. Keeping track of all of the permutations of Symmetrics, Diagonals,..., and their resultants inside of the body of a function makes for very brittle code. Furthermore, anytime a new type of matrix is defined all matrix multiplication routines would have to be updated.  &lt;/p&gt;

&lt;p&gt;There are special types of operations which result in particular matrix patterns. A matrix times its transpose is itself a symmetric. A general matrix sandwiched between another general matrix and its transpose is a symmetric. Cholesky decompositions form upper and lower triangular matrices. These are common enough occurrences in statistical techniques that it makes sense to put them in their own class (perhaps as static methods). It would keep the contract of the RealMatrix classes very simple. The ReaMatrix would be nothing more than:&lt;/p&gt;

&lt;p&gt;1. Marker (is the matrix General, Symmetric, Banded, Diagonal, UpperTriangular..)&lt;br/&gt;
2. Opaque data store (except for the operator classes, no one would need to know how the data is actually stored).&lt;br/&gt;
3. Indexing scheme. &lt;/p&gt;

&lt;p&gt;The reason I bring this up, is that I am attempting to write a SymmetricRealMatrix class to support variance-covariance matrices. I noticed that there are relatively few subclasses of RealMatrix. While it would be easy to hack it up for the handful of implementations that exist, that would probably create more problems as the number of types of matrices increases.&lt;/p&gt;

&lt;p&gt;Thank you,&lt;/p&gt;

&lt;p&gt;-Greg &lt;/p&gt;</description>
                <environment>&lt;p&gt;Java&lt;/p&gt;</environment>
        <key id="12512339">MATH-608</key>
            <summary>Remove methods from RealMatrix Interface</summary>
                <type id="4" iconUrl="https://issues.apache.org/jira/images/icons/issuetypes/improvement.png">Improvement</type>
                                            <priority id="4" iconUrl="https://issues.apache.org/jira/images/icons/priorities/minor.png">Minor</priority>
                        <status id="5" iconUrl="https://issues.apache.org/jira/images/icons/statuses/resolved.png" description="A resolution has been taken, and it is awaiting verification by reporter. From here issues are either reopened, or are closed.">Resolved</status>
                    <statusCategory id="3" key="done" colorName="green"/>
                                    <resolution id="3">Duplicate</resolution>
                                        <assignee username="-1">Unassigned</assignee>
                                    <reporter username="gsteri1">greg sterijevski</reporter>
                        <labels>
                            <label>Matrices</label>
                    </labels>
                <created>Thu, 30 Jun 2011 15:46:10 +0000</created>
                <updated>Thu, 3 Dec 2015 22:44:08 +0000</updated>
                            <resolved>Thu, 3 Dec 2015 22:44:08 +0000</resolved>
                                    <version>1.0</version>
                    <version>1.1</version>
                    <version>1.2</version>
                    <version>2.0</version>
                    <version>2.1</version>
                    <version>2.2</version>
                                                        <due></due>
                            <votes>0</votes>
                                    <watches>0</watches>
                                    <timeoriginalestimate seconds="7200">2h</timeoriginalestimate>
                            <timeestimate seconds="7200">2h</timeestimate>
                                        <comments>
                            <comment id="13058536" author="luc" created="Fri, 1 Jul 2011 12:51:13 +0000"  >&lt;p&gt;I don&apos;t understand how you intend to separate the API.&lt;br/&gt;
Would that mean users would always have to know beforehand the shape of the matrix they use and manage both the matrix, the data store and the operators in sync ?&lt;/p&gt;

&lt;p&gt;As this feature request will probably involve a long discussion, I think it would be better to discuss about it on the dev list rather than here, could you move the discussion there ?&lt;/p&gt;</comment>
                            <comment id="13082182" author="psteitz" created="Wed, 10 Aug 2011 06:40:03 +0000"  >&lt;p&gt;Fortunately or unfortunately, we need to resolve this for 3.0.&lt;/p&gt;</comment>
                            <comment id="13082332" author="gsteri1" created="Wed, 10 Aug 2011 13:39:27 +0000"  >&lt;p&gt;This was not a popular suggestion and would be a major slash and burn&lt;br/&gt;
operation. Postpone it, or kill it.&lt;/p&gt;

&lt;p&gt;-Greg&lt;/p&gt;

</comment>
                            <comment id="13202283" author="erans" created="Tue, 7 Feb 2012 12:25:56 +0000"  >&lt;p&gt;Postponed.&lt;/p&gt;</comment>
                            <comment id="15038758" author="tn" created="Thu, 3 Dec 2015 22:44:08 +0000"  >&lt;p&gt;Should be discussed as part of &lt;a href=&quot;https://issues.apache.org/jira/browse/MATH-765&quot; title=&quot;Refactoring the vector and matrix classes&quot; class=&quot;issue-link&quot; data-issue-key=&quot;MATH-765&quot;&gt;MATH-765&lt;/a&gt;.&lt;/p&gt;</comment>
                    </comments>
                <issuelinks>
                            <issuelinktype id="12310051">
                    <name>Supercedes</name>
                                                                <inwardlinks description="is superceded by">
                                        <issuelink>
            <issuekey id="12545537">MATH-765</issuekey>
        </issuelink>
                            </inwardlinks>
                                    </issuelinktype>
                    </issuelinks>
                <attachments>
                    </attachments>
                <subtasks>
                    </subtasks>
                <customfields>
                                                <customfield id="customfield_12310310" key="com.atlassian.jira.toolkit:attachments">
                        <customfieldname>Attachment count</customfieldname>
                        <customfieldvalues>
                            <customfieldvalue>0.0</customfieldvalue>
                        </customfieldvalues>
                    </customfield>
                                                                                                                                                                                                                                                                                                                                                                                                                                                                                                                                <customfield id="customfield_12310220" key="com.atlassian.jira.ext.charting:firstresponsedate">
                        <customfieldname>Date of First Response</customfieldname>
                        <customfieldvalues>
                            <customfieldvalue>Fri, 1 Jul 2011 12:51:13 +0000</customfieldvalue>

                        </customfieldvalues>
                    </customfield>
                                                                                                                                                                                                                                                                                                                                                                                                                                            <customfield id="customfield_12310420" key="com.pyxis.greenhopper.jira:gh-global-rank">
                        <customfieldname>Global Rank</customfieldname>
                        <customfieldvalues>
                            <customfieldvalue>2211</customfieldvalue>
                        </customfieldvalues>
                    </customfield>
                                                                                                                        <customfield id="customfield_12312521" key="com.atlassian.jira.toolkit:LastCommentDate">
                        <customfieldname>Last public comment date</customfieldname>
                        <customfieldvalues>
                            50 weeks, 1 day ago
                        </customfieldvalues>
                    </customfield>
                                                                                            <customfield id="customfield_12311820" key="com.pyxis.greenhopper.jira:gh-lexo-rank">
                        <customfieldname>Rank</customfieldname>
                        <customfieldvalues>
                            <customfieldvalue>0|i02933:</customfieldvalue>

                        </customfieldvalues>
                    </customfield>
                                                                <customfield id="customfield_12310920" key="com.pyxis.greenhopper.jira:gh-global-rank">
                        <customfieldname>Rank (Obsolete)</customfieldname>
                        <customfieldvalues>
                            <customfieldvalue>11073</customfieldvalue>
                        </customfieldvalues>
                    </customfield>
                                                                                                                                                                                                                                        <customfield id="customfield_12310222" key="com.atlassian.jira.ext.charting:timeinstatus">
                        <customfieldname>Time in Status</customfieldname>
                        <customfieldvalues>
                            
                        </customfieldvalues>
                    </customfield>
                                                                                                                        </customfields>
    </item>
</channel>
</rss>