<!-- 
RSS generated by JIRA (6.3.4#6332-sha1:51bc225ef474afe3128b2f66878477f322397b16) at Fri Nov 18 21:27:08 UTC 2016

It is possible to restrict the fields that are returned in this document by specifying the 'field' parameter in your request.
For example, to request only the issue key and summary add field=key&field=summary to the URL of your request.
For example:
https://issues.apache.org/jira/si/jira.issueviews:issue-xml/MATH-1256/MATH-1256.xml?field=key&amp;field=summary
-->
<rss version="0.92" >
<channel>
    <title>ASF JIRA</title>
    <link>https://issues.apache.org/jira</link>
    <description>This file is an XML representation of an issue</description>
    <language>en-uk</language>    <build-info>
        <version>6.3.4</version>
        <build-number>6332</build-number>
        <build-date>15-08-2014</build-date>
    </build-info>

<item>
            <title>[MATH-1256] Interval class upper and lower check</title>
                <link>https://issues.apache.org/jira/browse/MATH-1256</link>
                <project id="12310485" key="MATH">Commons Math</project>
                    <description>&lt;p&gt;In class Interval, which is in the package org.apache.commons.math4.geometry.euclidean.oned it is possible to pass the value for variable upper  less than the value of variable lower, which is logically incorrect and  also causes the method getSize() to return negative value.&lt;/p&gt;

&lt;p&gt;For example:&lt;/p&gt;

&lt;p&gt; @Test&lt;br/&gt;
  public void test1()  throws Throwable  &lt;/p&gt;
{
      Interval interval0 = new Interval(0.0, (-1.0));
      double double0 = interval0.getSize();
      assertEquals((-1.0), double0, 0.01D);
  }
</description>
                <environment></environment>
        <key id="12856561">MATH-1256</key>
            <summary>Interval class upper and lower check</summary>
                <type id="1" iconUrl="https://issues.apache.org/jira/images/icons/issuetypes/bug.png">Bug</type>
                                            <priority id="4" iconUrl="https://issues.apache.org/jira/images/icons/priorities/minor.png">Minor</priority>
                        <status id="6" iconUrl="https://issues.apache.org/jira/images/icons/statuses/closed.png" description="The issue is considered finished, the resolution is correct. Issues which are closed can be reopened.">Closed</status>
                    <statusCategory id="3" key="done" colorName="green"/>
                                    <resolution id="1">Fixed</resolution>
                                        <assignee username="-1">Unassigned</assignee>
                                    <reporter username="gjahanagirova">Gunel Jahangirova</reporter>
                        <labels>
                    </labels>
                <created>Mon, 17 Aug 2015 09:25:42 +0000</created>
                <updated>Mon, 25 Jan 2016 20:28:00 +0000</updated>
                            <resolved>Mon, 17 Aug 2015 11:32:29 +0000</resolved>
                                                    <fixVersion>4.0</fixVersion>
                    <fixVersion>3.6</fixVersion>
                                        <due></due>
                            <votes>0</votes>
                                    <watches>3</watches>
                                                                <comments>
                            <comment id="14699388" author="erans" created="Mon, 17 Aug 2015 11:32:29 +0000"  >&lt;p&gt;Thanks for the report.&lt;/p&gt;

&lt;p&gt;Boundary check added in the following commits:&lt;br/&gt;
41f297809965523fcd021bef20b304b3584d9b4f (4.0)&lt;br/&gt;
eb8727f9c64f286d44bbcc1d19f96408ea5a385c (3.6)&lt;/p&gt;</comment>
                            <comment id="14699463" author="gjahanagirova" created="Mon, 17 Aug 2015 12:33:20 +0000"  >&lt;p&gt;Hi! Thanks for your reply!&lt;/p&gt;

&lt;p&gt;Can you, please, share the code of your boundary check? Do you throw an exception when the upper is less than lower?&lt;/p&gt;

&lt;p&gt;Best regards,&lt;br/&gt;
Gunel.&lt;/p&gt;</comment>
                            <comment id="14699497" author="erans" created="Mon, 17 Aug 2015 13:03:51 +0000"  >&lt;p&gt;Hi.&lt;/p&gt;

&lt;blockquote&gt;&lt;p&gt;Do you throw an exception [...]&lt;/p&gt;&lt;/blockquote&gt;

&lt;p&gt;Yes.&lt;/p&gt;

&lt;p&gt;I had started a thread on the project&apos;s ML (in case the issue had non-obvious implications):&lt;br/&gt;
  &lt;a href=&quot;http://markmail.org/thread/62bpxwifl2lftvg5&quot; class=&quot;external-link&quot; rel=&quot;nofollow&quot;&gt;http://markmail.org/thread/62bpxwifl2lftvg5&lt;/a&gt;&lt;/p&gt;

&lt;p&gt;You can browse through the modifications here:&lt;br/&gt;
  &lt;a href=&quot;https://git1-us-west.apache.org/repos/asf?p=commons-math.git&quot; class=&quot;external-link&quot; rel=&quot;nofollow&quot;&gt;https://git1-us-west.apache.org/repos/asf?p=commons-math.git&lt;/a&gt;&lt;/p&gt;</comment>
                            <comment id="15115959" author="luc" created="Mon, 25 Jan 2016 20:28:00 +0000"  >&lt;p&gt;Closing all resolved issues that were included in 3.6 release.&lt;/p&gt;</comment>
                    </comments>
                    <attachments>
                    </attachments>
                <subtasks>
                    </subtasks>
                <customfields>
                                                <customfield id="customfield_12310310" key="com.atlassian.jira.toolkit:attachments">
                        <customfieldname>Attachment count</customfieldname>
                        <customfieldvalues>
                            <customfieldvalue>0.0</customfieldvalue>
                        </customfieldvalues>
                    </customfield>
                                                                                                                                                                                                                                                                                                                                                                                                                                                                                                                                <customfield id="customfield_12310220" key="com.atlassian.jira.ext.charting:firstresponsedate">
                        <customfieldname>Date of First Response</customfieldname>
                        <customfieldvalues>
                            <customfieldvalue>Mon, 17 Aug 2015 11:32:29 +0000</customfieldvalue>

                        </customfieldvalues>
                    </customfield>
                                                                                                                                                                                                                                                                                                                                                                                                                                            <customfield id="customfield_12310420" key="com.pyxis.greenhopper.jira:gh-global-rank">
                        <customfieldname>Global Rank</customfieldname>
                        <customfieldvalues>
                            <customfieldvalue>9223372036854775807</customfieldvalue>
                        </customfieldvalues>
                    </customfield>
                                                                                                                        <customfield id="customfield_12312521" key="com.atlassian.jira.toolkit:LastCommentDate">
                        <customfieldname>Last public comment date</customfieldname>
                        <customfieldvalues>
                            42 weeks, 4 days ago
                        </customfieldvalues>
                    </customfield>
                                                                                            <customfield id="customfield_12311820" key="com.pyxis.greenhopper.jira:gh-lexo-rank">
                        <customfieldname>Rank</customfieldname>
                        <customfieldvalues>
                            <customfieldvalue>0|i2izvj:</customfieldvalue>

                        </customfieldvalues>
                    </customfield>
                                                                <customfield id="customfield_12310920" key="com.pyxis.greenhopper.jira:gh-global-rank">
                        <customfieldname>Rank (Obsolete)</customfieldname>
                        <customfieldvalues>
                            <customfieldvalue>9223372036854775807</customfieldvalue>
                        </customfieldvalues>
                    </customfield>
                                                                                                                                                                                                                                        <customfield id="customfield_12310222" key="com.atlassian.jira.ext.charting:timeinstatus">
                        <customfieldname>Time in Status</customfieldname>
                        <customfieldvalues>
                            
                        </customfieldvalues>
                    </customfield>
                                                                                                                        </customfields>
    </item>
</channel>
</rss>