<!-- 
RSS generated by JIRA (6.3.4#6332-sha1:51bc225ef474afe3128b2f66878477f322397b16) at Fri Nov 18 21:01:14 UTC 2016

It is possible to restrict the fields that are returned in this document by specifying the 'field' parameter in your request.
For example, to request only the issue key and summary add field=key&field=summary to the URL of your request.
For example:
https://issues.apache.org/jira/si/jira.issueviews:issue-xml/MATH-1152/MATH-1152.xml?field=key&amp;field=summary
-->
<rss version="0.92" >
<channel>
    <title>ASF JIRA</title>
    <link>https://issues.apache.org/jira</link>
    <description>This file is an XML representation of an issue</description>
    <language>en-uk</language>    <build-info>
        <version>6.3.4</version>
        <build-number>6332</build-number>
        <build-date>15-08-2014</build-date>
    </build-info>

<item>
            <title>[MATH-1152] Suboptimal implementation of EnumeratedDistribution.sample()</title>
                <link>https://issues.apache.org/jira/browse/MATH-1152</link>
                <project id="12310485" key="MATH">Commons Math</project>
                    <description>&lt;p&gt;org.apache.commons.math3.distribution.EnumeratedDistribution.sample() performs a &lt;b&gt;linear&lt;/b&gt; search to find the appropriate element in the probability space (called singletons here) given a random double value. For large probability spaces, this is not effective. Instead, we should cache the cumulative probabilities and do a &lt;b&gt;binary&lt;/b&gt; search.&lt;/p&gt;

&lt;p&gt;Rough implementation:&lt;/p&gt;
&lt;div class=&quot;code panel&quot; style=&quot;border-style: solid;border-width: 1px;&quot;&gt;&lt;div class=&quot;codeHeader panelHeader&quot; style=&quot;border-bottom-width: 1px;border-bottom-style: solid;&quot;&gt;&lt;b&gt;EnumeratedDistribution.java&lt;/b&gt;&lt;/div&gt;&lt;div class=&quot;codeContent panelContent&quot;&gt;
&lt;pre class=&quot;code-java&quot;&gt;
void computeCumulative() {
  cumulative = &lt;span class=&quot;code-keyword&quot;&gt;new&lt;/span&gt; &lt;span class=&quot;code-object&quot;&gt;double&lt;/span&gt;[size]; 
  &lt;span class=&quot;code-object&quot;&gt;double&lt;/span&gt; sum = 0;
  &lt;span class=&quot;code-keyword&quot;&gt;for&lt;/span&gt; (&lt;span class=&quot;code-object&quot;&gt;int&lt;/span&gt; i = 1; i &amp;lt; weights.length - 1; i++) {
      cumulative[i] = cumulative[i-1] + weights[i-1];
   }
  cumulative[size - 1] = 1;
}
&lt;/pre&gt;
&lt;/div&gt;&lt;/div&gt;

&lt;p&gt;and then &lt;/p&gt;
&lt;div class=&quot;code panel&quot; style=&quot;border-style: solid;border-width: 1px;&quot;&gt;&lt;div class=&quot;codeHeader panelHeader&quot; style=&quot;border-bottom-width: 1px;border-bottom-style: solid;&quot;&gt;&lt;b&gt;EnumeratedDistribution.java&lt;/b&gt;&lt;/div&gt;&lt;div class=&quot;codeContent panelContent&quot;&gt;
&lt;pre class=&quot;code-java&quot;&gt;
&lt;span class=&quot;code-object&quot;&gt;int&lt;/span&gt; sampleIndex() {
 &lt;span class=&quot;code-object&quot;&gt;double&lt;/span&gt; randomValue = random.nextDouble();
 &lt;span class=&quot;code-object&quot;&gt;int&lt;/span&gt; result = Arrays.binarySearch(cumulative, randomValue);
 &lt;span class=&quot;code-keyword&quot;&gt;if&lt;/span&gt; (result &amp;gt;= 0) &lt;span class=&quot;code-keyword&quot;&gt;return&lt;/span&gt; result;
 &lt;span class=&quot;code-object&quot;&gt;int&lt;/span&gt; insertionPoint = -result-1;
 &lt;span class=&quot;code-keyword&quot;&gt;return&lt;/span&gt; insertionPoint;
}

&lt;/pre&gt;
&lt;/div&gt;&lt;/div&gt;</description>
                <environment></environment>
        <key id="12740986">MATH-1152</key>
            <summary>Suboptimal implementation of EnumeratedDistribution.sample()</summary>
                <type id="1" iconUrl="https://issues.apache.org/jira/images/icons/issuetypes/bug.png">Bug</type>
                                            <priority id="3" iconUrl="https://issues.apache.org/jira/images/icons/priorities/major.png">Major</priority>
                        <status id="6" iconUrl="https://issues.apache.org/jira/images/icons/statuses/closed.png" description="The issue is considered finished, the resolution is correct. Issues which are closed can be reopened.">Closed</status>
                    <statusCategory id="3" key="done" colorName="green"/>
                                    <resolution id="1">Fixed</resolution>
                                        <assignee username="-1">Unassigned</assignee>
                                    <reporter username="sandris">Andras Sereny</reporter>
                        <labels>
                    </labels>
                <created>Fri, 12 Sep 2014 07:46:38 +0000</created>
                <updated>Fri, 26 Dec 2014 19:50:19 +0000</updated>
                            <resolved>Tue, 30 Sep 2014 19:17:20 +0000</resolved>
                                    <version>3.3</version>
                                    <fixVersion>3.4</fixVersion>
                                        <due></due>
                            <votes>0</votes>
                                    <watches>1</watches>
                                                                <comments>
                            <comment id="14153594" author="tn" created="Tue, 30 Sep 2014 19:17:20 +0000"  >&lt;p&gt;Fixed in commit 97accb47de63ee5063eda23641c6017e29ab81d7.&lt;/p&gt;

&lt;p&gt;Thanks for the report and patch!&lt;/p&gt;</comment>
                    </comments>
                    <attachments>
                    </attachments>
                <subtasks>
                    </subtasks>
                <customfields>
                                                <customfield id="customfield_12310310" key="com.atlassian.jira.toolkit:attachments">
                        <customfieldname>Attachment count</customfieldname>
                        <customfieldvalues>
                            <customfieldvalue>0.0</customfieldvalue>
                        </customfieldvalues>
                    </customfield>
                                                                                                                                                                                                                                                                                                                                                                                                                                                                                                                                <customfield id="customfield_12310220" key="com.atlassian.jira.ext.charting:firstresponsedate">
                        <customfieldname>Date of First Response</customfieldname>
                        <customfieldvalues>
                            <customfieldvalue>Tue, 30 Sep 2014 19:17:20 +0000</customfieldvalue>

                        </customfieldvalues>
                    </customfield>
                                                                                                                                                                                                                                                                                                                                                                                                                                            <customfield id="customfield_12310420" key="com.pyxis.greenhopper.jira:gh-global-rank">
                        <customfieldname>Global Rank</customfieldname>
                        <customfieldvalues>
                            <customfieldvalue>9223372036854775807</customfieldvalue>
                        </customfieldvalues>
                    </customfield>
                                                                                                                        <customfield id="customfield_12312521" key="com.atlassian.jira.toolkit:LastCommentDate">
                        <customfieldname>Last public comment date</customfieldname>
                        <customfieldvalues>
                            2 years, 7 weeks, 3 days ago
                        </customfieldvalues>
                    </customfield>
                                                                                            <customfield id="customfield_12311820" key="com.pyxis.greenhopper.jira:gh-lexo-rank">
                        <customfieldname>Rank</customfieldname>
                        <customfieldvalues>
                            <customfieldvalue>0|i1zynj:</customfieldvalue>

                        </customfieldvalues>
                    </customfield>
                                                                <customfield id="customfield_12310920" key="com.pyxis.greenhopper.jira:gh-global-rank">
                        <customfieldname>Rank (Obsolete)</customfieldname>
                        <customfieldvalues>
                            <customfieldvalue>9223372036854775807</customfieldvalue>
                        </customfieldvalues>
                    </customfield>
                                                                                                                                                                                                                                        <customfield id="customfield_12310222" key="com.atlassian.jira.ext.charting:timeinstatus">
                        <customfieldname>Time in Status</customfieldname>
                        <customfieldvalues>
                            
                        </customfieldvalues>
                    </customfield>
                                                                                                                        </customfields>
    </item>
</channel>
</rss>