<!-- 
RSS generated by JIRA (6.3.4#6332-sha1:51bc225ef474afe3128b2f66878477f322397b16) at Sat Nov 19 20:51:26 UTC 2016

It is possible to restrict the fields that are returned in this document by specifying the 'field' parameter in your request.
For example, to request only the issue key and summary add field=key&field=summary to the URL of your request.
For example:
https://issues.apache.org/jira/si/jira.issueviews:issue-xml/MATH-584/MATH-584.xml?field=key&amp;field=summary
-->
<rss version="0.92" >
<channel>
    <title>ASF JIRA</title>
    <link>https://issues.apache.org/jira</link>
    <description>This file is an XML representation of an issue</description>
    <language>en-uk</language>    <build-info>
        <version>6.3.4</version>
        <build-number>6332</build-number>
        <build-date>15-08-2014</build-date>
    </build-info>

<item>
            <title>[MATH-584] KMeansPlusPlusClusterer incorrectly selects initial cluster centers and is unnecessarily slow</title>
                <link>https://issues.apache.org/jira/browse/MATH-584</link>
                <project id="12310485" key="MATH">Commons Math</project>
                    <description>&lt;p&gt;The chooseInitialClusters() method declares sum as an int, when it should be double.  It also is quite slow because it contains a lot of unnecessary computation.  I&apos;ll attached a patch which corrects the problems.&lt;/p&gt;

&lt;p&gt;I found the problems while comparing an optimized implementation of KMeans++ I&apos;ve been working on with the one in commons math. &lt;/p&gt;
</description>
                <environment>&lt;p&gt;All environments&lt;/p&gt;</environment>
        <key id="12508995">MATH-584</key>
            <summary>KMeansPlusPlusClusterer incorrectly selects initial cluster centers and is unnecessarily slow</summary>
                <type id="1" iconUrl="https://issues.apache.org/jira/images/icons/issuetypes/bug.png">Bug</type>
                                            <priority id="3" iconUrl="https://issues.apache.org/jira/images/icons/priorities/major.png">Major</priority>
                        <status id="6" iconUrl="https://issues.apache.org/jira/images/icons/statuses/closed.png" description="The issue is considered finished, the resolution is correct. Issues which are closed can be reopened.">Closed</status>
                    <statusCategory id="3" key="done" colorName="green"/>
                                    <resolution id="1">Fixed</resolution>
                                        <assignee username="-1">Unassigned</assignee>
                                    <reporter username="drrandys">Randall Scarberry</reporter>
                        <labels>
                            <label>cluster</label>
                            <label>clustering</label>
                    </labels>
                <created>Wed, 1 Jun 2011 16:50:27 +0000</created>
                <updated>Sat, 24 Mar 2012 16:16:53 +0000</updated>
                            <resolved>Sun, 5 Jun 2011 16:28:48 +0000</resolved>
                                    <version>2.2</version>
                                    <fixVersion>3.0</fixVersion>
                                        <due></due>
                            <votes>0</votes>
                                    <watches>0</watches>
                                                                <comments>
                            <comment id="13042283" author="drrandys" created="Wed, 1 Jun 2011 16:53:15 +0000"  >&lt;p&gt;Patch file for correcting KMeansPlusPlusClusterer&lt;/p&gt;</comment>
                            <comment id="13042333" author="drrandys" created="Wed, 1 Jun 2011 18:09:49 +0000"  >&lt;p&gt;Noticed that one of the KMeanPlusPlusClusterer tests got caught in an infinite loop with my patched version, because of extremely small distances.  &lt;/p&gt;

&lt;p&gt;Apply this patch instead &amp;#8211; it ensures an exit from the while loop.&lt;/p&gt;</comment>
                            <comment id="13044570" author="luc" created="Sun, 5 Jun 2011 16:28:48 +0000"  >&lt;p&gt;Fixed in subversion repository as of r1132448.&lt;/p&gt;

&lt;p&gt;Thanks for the report and for the patch.&lt;/p&gt;</comment>
                    </comments>
                    <attachments>
                            <attachment id="12481120" name="kmeans_plus_plus.patch" size="6475" author="drrandys" created="Wed, 1 Jun 2011 18:09:49 +0000"/>
                            <attachment id="12481109" name="kmeans_plus_plus.patch" size="5646" author="drrandys" created="Wed, 1 Jun 2011 16:53:15 +0000"/>
                    </attachments>
                <subtasks>
                    </subtasks>
                <customfields>
                                                <customfield id="customfield_12310310" key="com.atlassian.jira.toolkit:attachments">
                        <customfieldname>Attachment count</customfieldname>
                        <customfieldvalues>
                            <customfieldvalue>2.0</customfieldvalue>
                        </customfieldvalues>
                    </customfield>
                                                                                                                                                                                                                                                                                                                                                                                                                                                                                                                                <customfield id="customfield_12310220" key="com.atlassian.jira.ext.charting:firstresponsedate">
                        <customfieldname>Date of First Response</customfieldname>
                        <customfieldvalues>
                            <customfieldvalue>Sun, 5 Jun 2011 16:28:48 +0000</customfieldvalue>

                        </customfieldvalues>
                    </customfield>
                                                                                                                                                                                                                                                                                                                                                                                                                                            <customfield id="customfield_12310420" key="com.pyxis.greenhopper.jira:gh-global-rank">
                        <customfieldname>Global Rank</customfieldname>
                        <customfieldvalues>
                            <customfieldvalue>71902</customfieldvalue>
                        </customfieldvalues>
                    </customfield>
                                                                                                                        <customfield id="customfield_12312521" key="com.atlassian.jira.toolkit:LastCommentDate">
                        <customfieldname>Last public comment date</customfieldname>
                        <customfieldvalues>
                            5 years, 24 weeks, 6 days ago
                        </customfieldvalues>
                    </customfield>
                                                                                            <customfield id="customfield_12311820" key="com.pyxis.greenhopper.jira:gh-lexo-rank">
                        <customfieldname>Rank</customfieldname>
                        <customfieldvalues>
                            <customfieldvalue>0|i0rtmf:</customfieldvalue>

                        </customfieldvalues>
                    </customfield>
                                                                <customfield id="customfield_12310920" key="com.pyxis.greenhopper.jira:gh-global-rank">
                        <customfieldname>Rank (Obsolete)</customfieldname>
                        <customfieldvalues>
                            <customfieldvalue>160443</customfieldvalue>
                        </customfieldvalues>
                    </customfield>
                                                                                                                                                                                                                                        <customfield id="customfield_12310222" key="com.atlassian.jira.ext.charting:timeinstatus">
                        <customfieldname>Time in Status</customfieldname>
                        <customfieldvalues>
                            
                        </customfieldvalues>
                    </customfield>
                                                                                                                        </customfields>
    </item>
</channel>
</rss>