<!-- 
RSS generated by JIRA (6.3.4#6332-sha1:51bc225ef474afe3128b2f66878477f322397b16) at Fri Dec 02 17:52:02 UTC 2016

It is possible to restrict the fields that are returned in this document by specifying the 'field' parameter in your request.
For example, to request only the issue key and summary add field=key&field=summary to the URL of your request.
For example:
https://issues.apache.org/jira/si/jira.issueviews:issue-xml/MATH-36/MATH-36.xml?field=key&amp;field=summary
-->
<rss version="0.92" >
<channel>
    <title>ASF JIRA</title>
    <link>https://issues.apache.org/jira</link>
    <description>This file is an XML representation of an issue</description>
    <language>en-uk</language>    <build-info>
        <version>6.3.4</version>
        <build-number>6332</build-number>
        <build-date>15-08-2014</build-date>
    </build-info>

<item>
            <title>[MATH-36] [math] t-test statistic proposal</title>
                <link>https://issues.apache.org/jira/browse/MATH-36</link>
                <project id="12310485" key="MATH">Commons Math</project>
                    <description>&lt;p&gt;Adds the one sample, t-test statistic to TestStatistic and implementations.&lt;br/&gt;
Also add unit tests.&lt;/p&gt;</description>
                <environment>&lt;p&gt;Operating System: other&lt;br/&gt;
Platform: All&lt;/p&gt;</environment>
        <key id="12340730">MATH-36</key>
            <summary>[math] t-test statistic proposal</summary>
                <type id="1" iconUrl="https://issues.apache.org/jira/images/icons/issuetypes/bug.png">Bug</type>
                                            <priority id="3" iconUrl="https://issues.apache.org/jira/images/icons/priorities/major.png">Major</priority>
                        <status id="6" iconUrl="https://issues.apache.org/jira/images/icons/statuses/closed.png" description="The issue is considered finished, the resolution is correct. Issues which are closed can be reopened.">Closed</status>
                    <statusCategory id="3" key="done" colorName="green"/>
                                    <resolution id="1">Fixed</resolution>
                                        <assignee username="-1">Unassigned</assignee>
                                    <reporter username="brentworden">Brent Worden</reporter>
                        <labels>
                    </labels>
                <created>Mon, 26 May 2003 13:48:19 +0000</created>
                <updated>Mon, 23 Jul 2012 23:24:44 +0000</updated>
                            <resolved>Thu, 23 Apr 2009 02:26:06 +0000</resolved>
                                                                        <due></due>
                            <votes>0</votes>
                                    <watches>0</watches>
                                                                <comments>
                            <comment id="12404286" author="brentworden" created="Mon, 26 May 2003 13:58:05 +0000"  >&lt;p&gt;Created an attachment (id=6493)&lt;br/&gt;
t-test patch file.&lt;/p&gt;</comment>
                            <comment id="12404287" author="brentworden" created="Mon, 26 May 2003 14:00:38 +0000"  >&lt;p&gt;Created an attachment (id=6494)&lt;br/&gt;
t-test unit test patch file.&lt;/p&gt;</comment>
                            <comment id="12404288" author="tobrien@discursive.com" created="Tue, 27 May 2003 00:36:47 +0000"  >&lt;p&gt;Brent, thanks for the patch.  It has been applied.&lt;/p&gt;</comment>
                    </comments>
                    <attachments>
                            <attachment id="12332287" name="ASF.LICENSE.NOT.GRANTED--t-test-unit.diff" size="1831" author="brentworden" created="Mon, 26 May 2003 14:00:38 +0000"/>
                            <attachment id="12332286" name="ASF.LICENSE.NOT.GRANTED--t-test.diff" size="3441" author="brentworden" created="Mon, 26 May 2003 13:58:05 +0000"/>
                    </attachments>
                <subtasks>
                    </subtasks>
                <customfields>
                                                <customfield id="customfield_12310310" key="com.atlassian.jira.toolkit:attachments">
                        <customfieldname>Attachment count</customfieldname>
                        <customfieldvalues>
                            <customfieldvalue>2.0</customfieldvalue>
                        </customfieldvalues>
                    </customfield>
                                                                                                                                                                                                                                                                                                                                                                                                                                                                        <customfield id="customfield_10010" key="com.atlassian.jira.plugin.system.customfieldtypes:importid">
                        <customfieldname>Bugzilla Id</customfieldname>
                        <customfieldvalues>
                            <customfieldvalue>20231</customfieldvalue>
                        </customfieldvalues>
                    </customfield>
                                                                                            <customfield id="customfield_12310220" key="com.atlassian.jira.ext.charting:firstresponsedate">
                        <customfieldname>Date of First Response</customfieldname>
                        <customfieldvalues>
                            <customfieldvalue>Tue, 27 May 2003 00:36:47 +0000</customfieldvalue>

                        </customfieldvalues>
                    </customfield>
                                                                                                                                                                                                                                                                                                                                                                                                                                            <customfield id="customfield_12310420" key="com.pyxis.greenhopper.jira:gh-global-rank">
                        <customfieldname>Global Rank</customfieldname>
                        <customfieldvalues>
                            <customfieldvalue>150278</customfieldvalue>
                        </customfieldvalues>
                    </customfield>
                                                                                                                        <customfield id="customfield_12312521" key="com.atlassian.jira.toolkit:LastCommentDate">
                        <customfieldname>Last public comment date</customfieldname>
                        <customfieldvalues>
                            13 years, 29 weeks, 3 days ago
                        </customfieldvalues>
                    </customfield>
                                                                                            <customfield id="customfield_12311820" key="com.pyxis.greenhopper.jira:gh-lexo-rank">
                        <customfieldname>Rank</customfieldname>
                        <customfieldvalues>
                            <customfieldvalue>0|i0rwx3:</customfieldvalue>

                        </customfieldvalues>
                    </customfield>
                                                                <customfield id="customfield_12310920" key="com.pyxis.greenhopper.jira:gh-global-rank">
                        <customfieldname>Rank (Obsolete)</customfieldname>
                        <customfieldvalues>
                            <customfieldvalue>160977</customfieldvalue>
                        </customfieldvalues>
                    </customfield>
                                                                                                                                                                                                                                                                                                                            </customfields>
    </item>
</channel>
</rss>