<!-- 
RSS generated by JIRA (6.3.4#6332-sha1:51bc225ef474afe3128b2f66878477f322397b16) at Fri Dec 02 18:00:07 UTC 2016

It is possible to restrict the fields that are returned in this document by specifying the 'field' parameter in your request.
For example, to request only the issue key and summary add field=key&field=summary to the URL of your request.
For example:
https://issues.apache.org/jira/si/jira.issueviews:issue-xml/MATH-292/MATH-292.xml?field=key&amp;field=summary
-->
<rss version="0.92" >
<channel>
    <title>ASF JIRA</title>
    <link>https://issues.apache.org/jira</link>
    <description>This file is an XML representation of an issue</description>
    <language>en-uk</language>    <build-info>
        <version>6.3.4</version>
        <build-number>6332</build-number>
        <build-date>15-08-2014</build-date>
    </build-info>

<item>
            <title>[MATH-292] TestUtils.assertRelativelyEquals() generates misleading error on failure</title>
                <link>https://issues.apache.org/jira/browse/MATH-292</link>
                <project id="12310485" key="MATH">Commons Math</project>
                    <description>&lt;p&gt;TestUtils.assertRelativelyEquals() generates misleading error on failure.&lt;/p&gt;

&lt;p&gt;For example:&lt;/p&gt;

&lt;p&gt;TestUtils.assertRelativelyEquals(1.0, 0.10427661385154971, 1.0e-9)&lt;/p&gt;

&lt;p&gt;generates the error message:&lt;/p&gt;

&lt;p&gt;junit.framework.AssertionFailedError: expected:&amp;lt;0.0&amp;gt; but was:&amp;lt;0.8957233861484503&amp;gt;&lt;/p&gt;

&lt;p&gt;which is not very helpful.&lt;/p&gt;</description>
                <environment></environment>
        <key id="12434957">MATH-292</key>
            <summary>TestUtils.assertRelativelyEquals() generates misleading error on failure</summary>
                <type id="1" iconUrl="https://issues.apache.org/jira/images/icons/issuetypes/bug.png">Bug</type>
                                            <priority id="3" iconUrl="https://issues.apache.org/jira/images/icons/priorities/major.png">Major</priority>
                        <status id="6" iconUrl="https://issues.apache.org/jira/images/icons/statuses/closed.png" description="The issue is considered finished, the resolution is correct. Issues which are closed can be reopened.">Closed</status>
                    <statusCategory id="3" key="done" colorName="green"/>
                                    <resolution id="1">Fixed</resolution>
                                        <assignee username="-1">Unassigned</assignee>
                                    <reporter username="sebb@apache.org">Sebb</reporter>
                        <labels>
                    </labels>
                <created>Sun, 6 Sep 2009 22:04:34 +0000</created>
                <updated>Wed, 14 Apr 2010 00:25:38 +0000</updated>
                            <resolved>Wed, 9 Sep 2009 10:12:01 +0000</resolved>
                                    <version>2.0</version>
                                    <fixVersion>2.1</fixVersion>
                                        <due></due>
                            <votes>0</votes>
                                    <watches>0</watches>
                                                                <comments>
                            <comment id="12752132" author="sebb@apache.org" created="Mon, 7 Sep 2009 13:20:02 +0000"  >&lt;p&gt;Possible fix which converts the relative error to an absolute error.&lt;/p&gt;</comment>
                            <comment id="12752229" author="luc" created="Mon, 7 Sep 2009 18:03:07 +0000"  >&lt;p&gt;The patch seems good to me.&lt;br/&gt;
+1 to commit it&lt;/p&gt;</comment>
                            <comment id="12753012" author="sebb@apache.org" created="Wed, 9 Sep 2009 10:12:01 +0000"  >&lt;p&gt;URL: &lt;a href=&quot;http://svn.apache.org/viewvc?rev=812871&amp;amp;view=rev&quot; class=&quot;external-link&quot; rel=&quot;nofollow&quot;&gt;http://svn.apache.org/viewvc?rev=812871&amp;amp;view=rev&lt;/a&gt;&lt;br/&gt;
Log:&lt;br/&gt;
&lt;a href=&quot;https://issues.apache.org/jira/browse/MATH-292&quot; title=&quot;TestUtils.assertRelativelyEquals() generates misleading error on failure&quot; class=&quot;issue-link&quot; data-issue-key=&quot;MATH-292&quot;&gt;&lt;del&gt;MATH-292&lt;/del&gt;&lt;/a&gt; TestUtils.assertRelativelyEquals() generates misleading error on failure&lt;/p&gt;</comment>
                    </comments>
                    <attachments>
                            <attachment id="12418802" name="MATH-292.patch" size="713" author="sebb@apache.org" created="Mon, 7 Sep 2009 13:20:02 +0000"/>
                    </attachments>
                <subtasks>
                    </subtasks>
                <customfields>
                                                <customfield id="customfield_12310310" key="com.atlassian.jira.toolkit:attachments">
                        <customfieldname>Attachment count</customfieldname>
                        <customfieldvalues>
                            <customfieldvalue>1.0</customfieldvalue>
                        </customfieldvalues>
                    </customfield>
                                                                                                                                                                                                                                                                                                                                                                                                                                                                                                                                <customfield id="customfield_12310220" key="com.atlassian.jira.ext.charting:firstresponsedate">
                        <customfieldname>Date of First Response</customfieldname>
                        <customfieldvalues>
                            <customfieldvalue>Mon, 7 Sep 2009 18:03:07 +0000</customfieldvalue>

                        </customfieldvalues>
                    </customfield>
                                                                                                                                                                                                                                                                                                                                                                                                                                            <customfield id="customfield_12310420" key="com.pyxis.greenhopper.jira:gh-global-rank">
                        <customfieldname>Global Rank</customfieldname>
                        <customfieldvalues>
                            <customfieldvalue>150483</customfieldvalue>
                        </customfieldvalues>
                    </customfield>
                                                                                                                        <customfield id="customfield_12312521" key="com.atlassian.jira.toolkit:LastCommentDate">
                        <customfieldname>Last public comment date</customfieldname>
                        <customfieldvalues>
                            7 years, 13 weeks, 2 days ago
                        </customfieldvalues>
                    </customfield>
                                                                                            <customfield id="customfield_12311820" key="com.pyxis.greenhopper.jira:gh-lexo-rank">
                        <customfieldname>Rank</customfieldname>
                        <customfieldvalues>
                            <customfieldvalue>0|i0rvcv:</customfieldvalue>

                        </customfieldvalues>
                    </customfield>
                                                                <customfield id="customfield_12310920" key="com.pyxis.greenhopper.jira:gh-global-rank">
                        <customfieldname>Rank (Obsolete)</customfieldname>
                        <customfieldvalues>
                            <customfieldvalue>160724</customfieldvalue>
                        </customfieldvalues>
                    </customfield>
                                                                                                                                                                                                                                        <customfield id="customfield_12310222" key="com.atlassian.jira.ext.charting:timeinstatus">
                        <customfieldname>Time in Status</customfieldname>
                        <customfieldvalues>
                            
                        </customfieldvalues>
                    </customfield>
                                                                                                                        </customfields>
    </item>
</channel>
</rss>