<!-- 
RSS generated by JIRA (6.3.4#6332-sha1:51bc225ef474afe3128b2f66878477f322397b16) at Fri Nov 18 21:41:34 UTC 2016

It is possible to restrict the fields that are returned in this document by specifying the 'field' parameter in your request.
For example, to request only the issue key and summary add field=key&field=summary to the URL of your request.
For example:
https://issues.apache.org/jira/si/jira.issueviews:issue-xml/MATH-1020/MATH-1020.xml?field=key&amp;field=summary
-->
<rss version="0.92" >
<channel>
    <title>ASF JIRA</title>
    <link>https://issues.apache.org/jira</link>
    <description>This file is an XML representation of an issue</description>
    <language>en-uk</language>    <build-info>
        <version>6.3.4</version>
        <build-number>6332</build-number>
        <build-date>15-08-2014</build-date>
    </build-info>

<item>
            <title>[MATH-1020] &quot;nextPermutation&quot; method broken (in class &quot;o.a.c.m.random.RandomDataGenerator&quot;)</title>
                <link>https://issues.apache.org/jira/browse/MATH-1020</link>
                <project id="12310485" key="MATH">Commons Math</project>
                    <description>&lt;p&gt;Correct behaviour of this method relied on the &lt;a href=&quot;https://issues.apache.org/jira/browse/MATH-1019&quot; title=&quot;&amp;quot;shuffle&amp;quot; method broken (in class &amp;quot;o.a.c.m.random.RandomDataGenerator&amp;quot;)&quot; class=&quot;issue-link&quot; data-issue-key=&quot;MATH-1019&quot;&gt;&lt;del&gt;broken behaviour of &quot;shuffle&quot;&lt;/del&gt;&lt;/a&gt;.&lt;br/&gt;
With a fixed &quot;shuffle&quot;, the &quot;nextSample()&quot; unit test caught the bug in this method.&lt;/p&gt;</description>
                <environment></environment>
        <key id="12662855">MATH-1020</key>
            <summary>&quot;nextPermutation&quot; method broken (in class &quot;o.a.c.m.random.RandomDataGenerator&quot;)</summary>
                <type id="1" iconUrl="https://issues.apache.org/jira/images/icons/issuetypes/bug.png">Bug</type>
                                            <priority id="3" iconUrl="https://issues.apache.org/jira/images/icons/priorities/major.png">Major</priority>
                        <status id="6" iconUrl="https://issues.apache.org/jira/images/icons/statuses/closed.png" description="The issue is considered finished, the resolution is correct. Issues which are closed can be reopened.">Closed</status>
                    <statusCategory id="3" key="done" colorName="green"/>
                                    <resolution id="1">Fixed</resolution>
                                        <assignee username="-1">Unassigned</assignee>
                                    <reporter username="erans">Gilles</reporter>
                        <labels>
                    </labels>
                <created>Fri, 9 Aug 2013 13:25:59 +0000</created>
                <updated>Mon, 19 May 2014 15:13:28 +0000</updated>
                            <resolved>Sat, 10 Aug 2013 00:27:34 +0000</resolved>
                                                    <fixVersion>3.3</fixVersion>
                                        <due></due>
                            <votes>0</votes>
                                    <watches>2</watches>
                                                                <comments>
                            <comment id="13734773" author="erans" created="Fri, 9 Aug 2013 13:35:42 +0000"  >&lt;p&gt;IIUC, the whole array must be randomized (which is what the broken &quot;shuffle&quot; was doing), then from the &quot;n&quot; entries, &quot;k&quot; are picked (see attached patch).&lt;/p&gt;</comment>
                            <comment id="13734797" author="erans" created="Fri, 9 Aug 2013 13:56:26 +0000"  >&lt;p&gt;Proposed fix committed in revision 1512306.&lt;/p&gt;</comment>
                            <comment id="13735378" author="erans" created="Fri, 9 Aug 2013 21:59:42 +0000"  >&lt;p&gt;&quot;Affects Version&quot; entry set to empty to indicate that the bug does not affect applications.&lt;/p&gt;</comment>
                            <comment id="14001824" author="luc" created="Mon, 19 May 2014 15:13:28 +0000"  >&lt;p&gt;Closing all resolved issue now available in released 3.3 version.&lt;/p&gt;</comment>
                    </comments>
                <issuelinks>
                            <issuelinktype id="10030">
                    <name>Reference</name>
                                                                <inwardlinks description="is related to">
                                        <issuelink>
            <issuekey id="12662726">MATH-1019</issuekey>
        </issuelink>
                            </inwardlinks>
                                    </issuelinktype>
                    </issuelinks>
                <attachments>
                            <attachment id="12597080" name="MATH-1020.patch" size="2029" author="erans" created="Fri, 9 Aug 2013 13:35:42 +0000"/>
                    </attachments>
                <subtasks>
                    </subtasks>
                <customfields>
                                                <customfield id="customfield_12310310" key="com.atlassian.jira.toolkit:attachments">
                        <customfieldname>Attachment count</customfieldname>
                        <customfieldvalues>
                            <customfieldvalue>1.0</customfieldvalue>
                        </customfieldvalues>
                    </customfield>
                                                                                                                                                                                                                                                                                                                                                                                                                                                                                                                                <customfield id="customfield_12310220" key="com.atlassian.jira.ext.charting:firstresponsedate">
                        <customfieldname>Date of First Response</customfieldname>
                        <customfieldvalues>
                            <customfieldvalue>Mon, 19 May 2014 15:13:28 +0000</customfieldvalue>

                        </customfieldvalues>
                    </customfield>
                                                                                                                                                                                                                                                                                                                                                                                                                                            <customfield id="customfield_12310420" key="com.pyxis.greenhopper.jira:gh-global-rank">
                        <customfieldname>Global Rank</customfieldname>
                        <customfieldvalues>
                            <customfieldvalue>342857</customfieldvalue>
                        </customfieldvalues>
                    </customfield>
                                                                                                                        <customfield id="customfield_12312521" key="com.atlassian.jira.toolkit:LastCommentDate">
                        <customfieldname>Last public comment date</customfieldname>
                        <customfieldvalues>
                            2 years, 26 weeks, 4 days ago
                        </customfieldvalues>
                    </customfield>
                                                                                            <customfield id="customfield_12311820" key="com.pyxis.greenhopper.jira:gh-lexo-rank">
                        <customfieldname>Rank</customfieldname>
                        <customfieldvalues>
                            <customfieldvalue>0|i1n4m7:</customfieldvalue>

                        </customfieldvalues>
                    </customfield>
                                                                <customfield id="customfield_12310920" key="com.pyxis.greenhopper.jira:gh-global-rank">
                        <customfieldname>Rank (Obsolete)</customfieldname>
                        <customfieldvalues>
                            <customfieldvalue>343161</customfieldvalue>
                        </customfieldvalues>
                    </customfield>
                                                                                                                                                                                                                                        <customfield id="customfield_12310222" key="com.atlassian.jira.ext.charting:timeinstatus">
                        <customfieldname>Time in Status</customfieldname>
                        <customfieldvalues>
                            
                        </customfieldvalues>
                    </customfield>
                                                                                                                        </customfields>
    </item>
</channel>
</rss>