<!-- 
RSS generated by JIRA (6.3.4#6332-sha1:51bc225ef474afe3128b2f66878477f322397b16) at Fri Dec 02 17:55:19 UTC 2016

It is possible to restrict the fields that are returned in this document by specifying the 'field' parameter in your request.
For example, to request only the issue key and summary add field=key&field=summary to the URL of your request.
For example:
https://issues.apache.org/jira/si/jira.issueviews:issue-xml/MATH-55/MATH-55.xml?field=key&amp;field=summary
-->
<rss version="0.92" >
<channel>
    <title>ASF JIRA</title>
    <link>https://issues.apache.org/jira</link>
    <description>This file is an XML representation of an issue</description>
    <language>en-uk</language>    <build-info>
        <version>6.3.4</version>
        <build-number>6332</build-number>
        <build-date>15-08-2014</build-date>
    </build-info>

<item>
            <title>[MATH-55] [math][patch] Solver Source Files</title>
                <link>https://issues.apache.org/jira/browse/MATH-55</link>
                <project id="12310485" key="MATH">Commons Math</project>
                    <description>&lt;p&gt;Add RiddersSolver.java&lt;br/&gt;
Add RiddersSolverTest.java&lt;/p&gt;</description>
                <environment>&lt;p&gt;Operating System: All&lt;br/&gt;
Platform: All&lt;/p&gt;</environment>
        <key id="12342487">MATH-55</key>
            <summary>[math][patch] Solver Source Files</summary>
                <type id="1" iconUrl="https://issues.apache.org/jira/images/icons/issuetypes/bug.png">Bug</type>
                                            <priority id="3" iconUrl="https://issues.apache.org/jira/images/icons/priorities/major.png">Major</priority>
                        <status id="6" iconUrl="https://issues.apache.org/jira/images/icons/statuses/closed.png" description="The issue is considered finished, the resolution is correct. Issues which are closed can be reopened.">Closed</status>
                    <statusCategory id="3" key="done" colorName="green"/>
                                    <resolution id="1">Fixed</resolution>
                                        <assignee username="-1">Unassigned</assignee>
                                    <reporter username="zxg_32@yahoo.com">Xiaogang Zhang</reporter>
                        <labels>
                    </labels>
                <created>Thu, 18 Aug 2005 03:00:21 +0000</created>
                <updated>Thu, 23 Apr 2009 02:26:07 +0000</updated>
                            <resolved>Thu, 23 Apr 2009 02:26:07 +0000</resolved>
                                                                        <due></due>
                            <votes>0</votes>
                                    <watches>0</watches>
                                                                <comments>
                            <comment id="12410170" author="zxg_32@yahoo.com" created="Thu, 18 Aug 2005 03:00:53 +0000"  >&lt;p&gt;Created an attachment (id=16084)&lt;br/&gt;
RiddersSolver.java&lt;/p&gt;</comment>
                            <comment id="12410171" author="zxg_32@yahoo.com" created="Thu, 18 Aug 2005 03:01:34 +0000"  >&lt;p&gt;Created an attachment (id=16085)&lt;br/&gt;
RiddersSolverTest.java&lt;/p&gt;</comment>
                            <comment id="12410172" author="zxg_32@yahoo.com" created="Fri, 19 Aug 2005 11:37:52 +0000"  >&lt;p&gt;Add MullerSolver.java&lt;br/&gt;
Add MullerSolverTest.java&lt;/p&gt;</comment>
                            <comment id="12410173" author="zxg_32@yahoo.com" created="Fri, 19 Aug 2005 11:38:29 +0000"  >&lt;p&gt;Created an attachment (id=16108)&lt;br/&gt;
MullerSolver.java&lt;/p&gt;</comment>
                            <comment id="12410174" author="zxg_32@yahoo.com" created="Fri, 19 Aug 2005 11:43:00 +0000"  >&lt;p&gt;Created an attachment (id=16109)&lt;br/&gt;
MullerSolverTest.java&lt;/p&gt;</comment>
                            <comment id="12410175" author="zxg_32@yahoo.com" created="Sat, 20 Aug 2005 02:10:33 +0000"  >&lt;p&gt;Created an attachment (id=16116)&lt;br/&gt;
MullerSolver.java&lt;/p&gt;

&lt;p&gt;update MullerSolver.java&lt;br/&gt;
remove two lines:&lt;/p&gt;

&lt;p&gt;import org.apache.commons.math.complex.Complex;&lt;br/&gt;
import org.apache.commons.math.complex.ComplexUtils;&lt;/p&gt;

&lt;p&gt;Maybe complex arithmetics will be added in future, but for now&lt;br/&gt;
it&apos;s not needed.&lt;/p&gt;</comment>
                            <comment id="12410176" author="zxg_32@yahoo.com" created="Sat, 20 Aug 2005 11:06:45 +0000"  >&lt;p&gt;Created an attachment (id=16125)&lt;br/&gt;
MullerSolver.java&lt;/p&gt;

&lt;p&gt;Update MullerSolver.java&lt;/p&gt;

&lt;p&gt;simplifies some branching condition statements,&lt;br/&gt;
the algorithm logic remains the same.&lt;/p&gt;</comment>
                            <comment id="12410177" author="zxg_32@yahoo.com" created="Mon, 22 Aug 2005 01:37:40 +0000"  >&lt;p&gt;Created an attachment (id=16134)&lt;br/&gt;
MullerSolver.java&lt;/p&gt;

&lt;p&gt;update MullerSolver.java&lt;/p&gt;

&lt;p&gt;minor change, add one line&lt;br/&gt;
		oldx = Double.POSITIVE_INFINITY;&lt;/p&gt;</comment>
                            <comment id="12410178" author="zxg_32@yahoo.com" created="Mon, 22 Aug 2005 01:38:26 +0000"  >&lt;p&gt;Add LaguerreSolver.java&lt;br/&gt;
Add LaguerreSolverTest.java&lt;/p&gt;</comment>
                            <comment id="12410179" author="zxg_32@yahoo.com" created="Mon, 22 Aug 2005 01:38:49 +0000"  >&lt;p&gt;Created an attachment (id=16135)&lt;br/&gt;
LaguerreSolver.java&lt;/p&gt;</comment>
                            <comment id="12410180" author="zxg_32@yahoo.com" created="Mon, 22 Aug 2005 01:39:12 +0000"  >&lt;p&gt;Created an attachment (id=16136)&lt;br/&gt;
LaguerreSolverTest.java&lt;/p&gt;</comment>
                            <comment id="12410181" author="j3322ptm@yahoo.de" created="Thu, 25 Aug 2005 06:48:06 +0000"  >&lt;p&gt;Files added (without change, revision pending)&lt;/p&gt;</comment>
                    </comments>
                    <attachments>
                            <attachment id="12333733" name="ASF.LICENSE.NOT.GRANTED--LaguerreSolver.java" size="12803" author="zxg_32@yahoo.com" created="Mon, 22 Aug 2005 01:38:49 +0000"/>
                            <attachment id="12333734" name="ASF.LICENSE.NOT.GRANTED--LaguerreSolverTest.java" size="7353" author="zxg_32@yahoo.com" created="Mon, 22 Aug 2005 01:39:12 +0000"/>
                            <attachment id="12333732" name="ASF.LICENSE.NOT.GRANTED--MullerSolver.java" size="11624" author="zxg_32@yahoo.com" created="Mon, 22 Aug 2005 01:37:40 +0000"/>
                            <attachment id="12333731" name="ASF.LICENSE.NOT.GRANTED--MullerSolver.java" size="11574" author="zxg_32@yahoo.com" created="Sat, 20 Aug 2005 11:06:45 +0000"/>
                            <attachment id="12333730" name="ASF.LICENSE.NOT.GRANTED--MullerSolver.java" size="12170" author="zxg_32@yahoo.com" created="Sat, 20 Aug 2005 02:10:33 +0000"/>
                            <attachment id="12333728" name="ASF.LICENSE.NOT.GRANTED--MullerSolver.java" size="12273" author="zxg_32@yahoo.com" created="Fri, 19 Aug 2005 11:38:29 +0000"/>
                            <attachment id="12333729" name="ASF.LICENSE.NOT.GRANTED--MullerSolverTest.java" size="8653" author="zxg_32@yahoo.com" created="Fri, 19 Aug 2005 11:43:00 +0000"/>
                            <attachment id="12333726" name="ASF.LICENSE.NOT.GRANTED--RiddersSolver.java" size="6113" author="zxg_32@yahoo.com" created="Thu, 18 Aug 2005 03:00:53 +0000"/>
                            <attachment id="12333727" name="ASF.LICENSE.NOT.GRANTED--RiddersSolverTest.java" size="5078" author="zxg_32@yahoo.com" created="Thu, 18 Aug 2005 03:01:34 +0000"/>
                    </attachments>
                <subtasks>
                    </subtasks>
                <customfields>
                                                <customfield id="customfield_12310310" key="com.atlassian.jira.toolkit:attachments">
                        <customfieldname>Attachment count</customfieldname>
                        <customfieldvalues>
                            <customfieldvalue>9.0</customfieldvalue>
                        </customfieldvalues>
                    </customfield>
                                                                                                                                                                                                                                                                                                                                                                                                                                                                        <customfield id="customfield_10010" key="com.atlassian.jira.plugin.system.customfieldtypes:importid">
                        <customfieldname>Bugzilla Id</customfieldname>
                        <customfieldvalues>
                            <customfieldvalue>36233</customfieldvalue>
                        </customfieldvalues>
                    </customfield>
                                                                                            <customfield id="customfield_12310220" key="com.atlassian.jira.ext.charting:firstresponsedate">
                        <customfieldname>Date of First Response</customfieldname>
                        <customfieldvalues>
                            <customfieldvalue>Thu, 25 Aug 2005 06:48:06 +0000</customfieldvalue>

                        </customfieldvalues>
                    </customfield>
                                                                                                                                                                                                                                                                                                                                                                                                                                            <customfield id="customfield_12310420" key="com.pyxis.greenhopper.jira:gh-global-rank">
                        <customfieldname>Global Rank</customfieldname>
                        <customfieldvalues>
                            <customfieldvalue>150295</customfieldvalue>
                        </customfieldvalues>
                    </customfield>
                                                                                                                        <customfield id="customfield_12312521" key="com.atlassian.jira.toolkit:LastCommentDate">
                        <customfieldname>Last public comment date</customfieldname>
                        <customfieldvalues>
                            11 years, 16 weeks, 1 day ago
                        </customfieldvalues>
                    </customfield>
                                                                                            <customfield id="customfield_12311820" key="com.pyxis.greenhopper.jira:gh-lexo-rank">
                        <customfieldname>Rank</customfieldname>
                        <customfieldvalues>
                            <customfieldvalue>0|i0rwsv:</customfieldvalue>

                        </customfieldvalues>
                    </customfield>
                                                                <customfield id="customfield_12310920" key="com.pyxis.greenhopper.jira:gh-global-rank">
                        <customfieldname>Rank (Obsolete)</customfieldname>
                        <customfieldvalues>
                            <customfieldvalue>160958</customfieldvalue>
                        </customfieldvalues>
                    </customfield>
                                                                                                                                                                                                                                                                                                                            </customfields>
    </item>
</channel>
</rss>