<!-- 
RSS generated by JIRA (6.3.4#6332-sha1:51bc225ef474afe3128b2f66878477f322397b16) at Fri Nov 18 21:49:10 UTC 2016

It is possible to restrict the fields that are returned in this document by specifying the 'field' parameter in your request.
For example, to request only the issue key and summary add field=key&field=summary to the URL of your request.
For example:
https://issues.apache.org/jira/si/jira.issueviews:issue-xml/MATH-1123/MATH-1123.xml?field=key&amp;field=summary
-->
<rss version="0.92" >
<channel>
    <title>ASF JIRA</title>
    <link>https://issues.apache.org/jira</link>
    <description>This file is an XML representation of an issue</description>
    <language>en-uk</language>    <build-info>
        <version>6.3.4</version>
        <build-number>6332</build-number>
        <build-date>15-08-2014</build-date>
    </build-info>

<item>
            <title>[MATH-1123] NPE in BSPTree#fitToCell()</title>
                <link>https://issues.apache.org/jira/browse/MATH-1123</link>
                <project id="12310485" key="MATH">Commons Math</project>
                    <description>&lt;p&gt;Hello, &lt;br/&gt;
I faced a NPE using  BSPTree#fitToCell() from the SVN trunk. I fixed the problem using a small patch I will attach to the ticket.&lt;/p&gt;</description>
                <environment>&lt;p&gt;Win32_64&lt;/p&gt;</environment>
        <key id="12714765">MATH-1123</key>
            <summary>NPE in BSPTree#fitToCell()</summary>
                <type id="1" iconUrl="https://issues.apache.org/jira/images/icons/issuetypes/bug.png">Bug</type>
                                            <priority id="3" iconUrl="https://issues.apache.org/jira/images/icons/priorities/major.png">Major</priority>
                        <status id="6" iconUrl="https://issues.apache.org/jira/images/icons/statuses/closed.png" description="The issue is considered finished, the resolution is correct. Issues which are closed can be reopened.">Closed</status>
                    <statusCategory id="3" key="done" colorName="green"/>
                                    <resolution id="1">Fixed</resolution>
                                        <assignee username="-1">Unassigned</assignee>
                                    <reporter username="arcadien">Labrosse Aur&#233;lien</reporter>
                        <labels>
                    </labels>
                <created>Fri, 16 May 2014 13:33:48 +0000</created>
                <updated>Fri, 26 Dec 2014 19:50:25 +0000</updated>
                            <resolved>Mon, 19 May 2014 15:06:19 +0000</resolved>
                                    <version>3.3</version>
                                    <fixVersion>3.4</fixVersion>
                                        <due></due>
                            <votes>0</votes>
                                    <watches>2</watches>
                                                                <comments>
                            <comment id="13999795" author="arcadien" created="Fri, 16 May 2014 13:37:11 +0000"  >&lt;p&gt;Patch :&lt;/p&gt;
&lt;ol&gt;
	&lt;li&gt;
	&lt;ol&gt;
		&lt;li&gt;
		&lt;ol&gt;
			&lt;li&gt;Eclipse Workspace Patch 1.0&lt;br/&gt;
#P com.pollentech.maths.stats&lt;br/&gt;
Index: apacheMaths/src/main/java/org/apache/commons/math3/geometry/partitioning/BSPTree.java&lt;br/&gt;
===================================================================&lt;/li&gt;
		&lt;/ol&gt;
		&lt;ul class=&quot;alternate&quot; type=&quot;square&quot;&gt;
			&lt;li&gt;apacheMaths/src/main/java/org/apache/commons/math3/geometry/partitioning/BSPTree.java	(revision 1595194)&lt;br/&gt;
+++ apacheMaths/src/main/java/org/apache/commons/math3/geometry/partitioning/BSPTree.java	(working copy)&lt;br/&gt;
@@ -300,6 +300,9 @@&lt;br/&gt;
             } else 
{
                 s = s.split(tree.parent.cut.getHyperplane()).getMinus();
             }
&lt;p&gt;+            if (s == null)&lt;/p&gt;
{
+                return s;
+            }
&lt;p&gt;         }&lt;br/&gt;
         return s;&lt;br/&gt;
     }&lt;/p&gt;&lt;/li&gt;
		&lt;/ul&gt;
		&lt;/li&gt;
	&lt;/ol&gt;
	&lt;/li&gt;
&lt;/ol&gt;
</comment>
                            <comment id="14001550" author="arcadien" created="Mon, 19 May 2014 09:57:54 +0000"  >&lt;p&gt;Eclipse Workspace Patch 1.0&lt;br/&gt;
#P com.pollentech.maths.stats&lt;br/&gt;
Index: apacheMaths/src/main/java/org/apache/commons/math3/geometry/partitioning/BSPTree.java&lt;br/&gt;
===================================================================&lt;br/&gt;
apacheMaths/src/main/java/org/apache/commons/math3/geometry/partitioning/BSPTree.java (revision 1595194)&lt;br/&gt;
+++ apacheMaths/src/main/java/org/apache/commons/math3/geometry/partitioning/BSPTree.java (working copy)&lt;br/&gt;
@@ -300,6 +300,9 @@&lt;br/&gt;
} else &lt;/p&gt;
{ s = s.split(tree.parent.cut.getHyperplane()).getMinus(); }
&lt;p&gt;+ if (s == null)&lt;/p&gt;
{ + return s; + }
&lt;p&gt;}&lt;br/&gt;
return s;&lt;br/&gt;
}&lt;/p&gt;</comment>
                            <comment id="14001575" author="luc" created="Mon, 19 May 2014 10:36:37 +0000"  >&lt;p&gt;Could you explain in which situation you encounter the exception?&lt;/p&gt;

&lt;p&gt;The fitToCell method is a private one and should be called only in controlled case where the error should not occur. So rather if you encounter this, it is an indication something wrong already occurs before the call, and I guess it should be fixed too.&lt;/p&gt;

&lt;p&gt;The best way would be to have a small reproducible test case that we could add as a non-regression unit test once the problem is fixed.&lt;/p&gt;</comment>
                            <comment id="14001669" author="arcadien" created="Mon, 19 May 2014 13:18:42 +0000"  >&lt;p&gt;Test case for ConvexHull2D which triggers a NPE in BSPTree#fitToCell().&lt;/p&gt;</comment>
                            <comment id="14001671" author="arcadien" created="Mon, 19 May 2014 13:20:14 +0000"  >&lt;p&gt;Hello Luc,&lt;br/&gt;
Thanks for your reply. I just added a test case with the original data i used to trigger the NPE.&lt;/p&gt;

&lt;p&gt;regards,&lt;/p&gt;

&lt;p&gt;Aurelien Labrosse&lt;/p&gt;</comment>
                            <comment id="14001751" author="luc" created="Mon, 19 May 2014 15:06:19 +0000"  >&lt;p&gt;Fixed in subversion repository as of r1595924.&lt;/p&gt;

&lt;p&gt;The problem was triggered as several points from the convex hull were aligned when the convec region was built. As such convex regions can also be built directly by users from regular public API, the place you fixed it was appropriate. So I simply moved the test as a stop condition in the loop, but it was quite good as is.&lt;/p&gt;

&lt;p&gt;Thanks for the report and for the patch.&lt;/p&gt;</comment>
                            <comment id="14001880" author="tn" created="Mon, 19 May 2014 15:21:01 +0000"  >&lt;p&gt;Is the convex hull in this example correctly constructed, or is this something we have to further investigate?&lt;/p&gt;

&lt;p&gt;From the code I see that collinear points on the hull shall be included.&lt;/p&gt;</comment>
                            <comment id="14001904" author="tn" created="Mon, 19 May 2014 15:41:15 +0000"  >&lt;p&gt;Ok, I quickly analyzed it using the example application, and the resulting convex hull looks correct.&lt;/p&gt;

&lt;p&gt;The red line is the convex hull, while the blue line is the enclosing ball (see the attached screenshot convex.png)&lt;/p&gt;</comment>
                            <comment id="14001965" author="luc" created="Mon, 19 May 2014 16:43:25 +0000"  >&lt;p&gt;Yes, the hull is correct and I agree colinear point can be included. It was the BSPTree built from these points that triggered a problem.&lt;br/&gt;
As users could have chosen to build a convex region directly from these points, it was really at BSP level that such points should be handled properly.&lt;/p&gt;

&lt;p&gt;We had already encountered this problem previously, but I failed to fix it. The previous cases were due to numerical noise, as the original point were not exactly aligned. However, exactly aligned point do occur and should be accepted. This new use case is really interesting since it does trigger the problem with exact integer coordinates. I have added it as a junit test in the general abstract test for all convex hull algorithms as it seemed interesting even for hull themselves, even if they were not really involved this time.&lt;/p&gt;</comment>
                            <comment id="14002411" author="tn" created="Mon, 19 May 2014 21:18:31 +0000"  >&lt;p&gt;Ok thanks for the update. I slightly changed the unit test to use the proper generator.&lt;/p&gt;

&lt;p&gt;Regarding the collinear points: they are correctly added as specified by the flag in the constructor. If only a minimal hull shall be constructed, the collinear points are not included. I thought this might be a useful distinction.&lt;/p&gt;

&lt;p&gt;Unfortunately, these collinear points were quite tricky to handle for the other algorithms that I implemented and could not get it to work reliably. Otoh, other libraries also seem to have chosen MonotoneChain as primary algorithm for convex hulls as it seems to be the most robust in this regard.&lt;/p&gt;</comment>
                            <comment id="14002904" author="arcadien" created="Tue, 20 May 2014 07:24:58 +0000"  >&lt;p&gt;Thomas, Luc,&lt;/p&gt;

&lt;p&gt;Thanks for your quick replies and actions. I&apos;ll continue using your excellent library, and try to help as much as i can.&lt;/p&gt;

&lt;p&gt;regards,&lt;/p&gt;

&lt;p&gt;Aurelien Labrosse&lt;/p&gt;</comment>
                    </comments>
                    <attachments>
                            <attachment id="12645550" name="ConvexHullTest.java" size="4830" author="arcadien" created="Mon, 19 May 2014 13:18:42 +0000"/>
                            <attachment id="12645569" name="convex.png" size="23838" author="tn" created="Mon, 19 May 2014 15:41:15 +0000"/>
                    </attachments>
                <subtasks>
                    </subtasks>
                <customfields>
                                                <customfield id="customfield_12310310" key="com.atlassian.jira.toolkit:attachments">
                        <customfieldname>Attachment count</customfieldname>
                        <customfieldvalues>
                            <customfieldvalue>2.0</customfieldvalue>
                        </customfieldvalues>
                    </customfield>
                                                                                                                                                                                                                                                                                                                                                                                                                                                                                                                                <customfield id="customfield_12310220" key="com.atlassian.jira.ext.charting:firstresponsedate">
                        <customfieldname>Date of First Response</customfieldname>
                        <customfieldvalues>
                            <customfieldvalue>Mon, 19 May 2014 10:36:37 +0000</customfieldvalue>

                        </customfieldvalues>
                    </customfield>
                                                                                                                                                                                                                                                                                                                                                                                                                                            <customfield id="customfield_12310420" key="com.pyxis.greenhopper.jira:gh-global-rank">
                        <customfieldname>Global Rank</customfieldname>
                        <customfieldvalues>
                            <customfieldvalue>393078</customfieldvalue>
                        </customfieldvalues>
                    </customfield>
                                                                                                                        <customfield id="customfield_12312521" key="com.atlassian.jira.toolkit:LastCommentDate">
                        <customfieldname>Last public comment date</customfieldname>
                        <customfieldvalues>
                            2 years, 26 weeks, 3 days ago
                        </customfieldvalues>
                    </customfield>
                                                                                            <customfield id="customfield_12311820" key="com.pyxis.greenhopper.jira:gh-lexo-rank">
                        <customfieldname>Rank</customfieldname>
                        <customfieldvalues>
                            <customfieldvalue>0|i1vosn:</customfieldvalue>

                        </customfieldvalues>
                    </customfield>
                                                                <customfield id="customfield_12310920" key="com.pyxis.greenhopper.jira:gh-global-rank">
                        <customfieldname>Rank (Obsolete)</customfieldname>
                        <customfieldvalues>
                            <customfieldvalue>393245</customfieldvalue>
                        </customfieldvalues>
                    </customfield>
                                                                                                                                                                                                                                        <customfield id="customfield_12310222" key="com.atlassian.jira.ext.charting:timeinstatus">
                        <customfieldname>Time in Status</customfieldname>
                        <customfieldvalues>
                            
                        </customfieldvalues>
                    </customfield>
                                                                                                                        </customfields>
    </item>
</channel>
</rss>