<!-- 
RSS generated by JIRA (6.3.4#6332-sha1:51bc225ef474afe3128b2f66878477f322397b16) at Fri Dec 02 17:47:57 UTC 2016

It is possible to restrict the fields that are returned in this document by specifying the 'field' parameter in your request.
For example, to request only the issue key and summary add field=key&field=summary to the URL of your request.
For example:
https://issues.apache.org/jira/si/jira.issueviews:issue-xml/MATH-183/MATH-183.xml?field=key&amp;field=summary
-->
<rss version="0.92" >
<channel>
    <title>ASF JIRA</title>
    <link>https://issues.apache.org/jira</link>
    <description>This file is an XML representation of an issue</description>
    <language>en-uk</language>    <build-info>
        <version>6.3.4</version>
        <build-number>6332</build-number>
        <build-date>15-08-2014</build-date>
    </build-info>

<item>
            <title>[MATH-183] Findbugs Report</title>
                <link>https://issues.apache.org/jira/browse/MATH-183</link>
                <project id="12310485" key="MATH">Commons Math</project>
                    <description>&lt;p&gt;The attachment (to follow) is a summary of a Findbugs run.&lt;/p&gt;

&lt;p&gt;It&apos;s possible that the use of == for comparing floats is intended; if so perhaps it should be commented.&lt;/p&gt;

&lt;p&gt;I think all the other bug reports are valid, though of course the ones relating to the exposure of internal implementation may be ignored&lt;/p&gt;</description>
                <environment></environment>
        <key id="12387636">MATH-183</key>
            <summary>Findbugs Report</summary>
                <type id="1" iconUrl="https://issues.apache.org/jira/images/icons/issuetypes/bug.png">Bug</type>
                                            <priority id="3" iconUrl="https://issues.apache.org/jira/images/icons/priorities/major.png">Major</priority>
                        <status id="6" iconUrl="https://issues.apache.org/jira/images/icons/statuses/closed.png" description="The issue is considered finished, the resolution is correct. Issues which are closed can be reopened.">Closed</status>
                    <statusCategory id="3" key="done" colorName="green"/>
                                    <resolution id="1">Fixed</resolution>
                                        <assignee username="-1">Unassigned</assignee>
                                    <reporter username="sebb@apache.org">Sebb</reporter>
                        <labels>
                    </labels>
                <created>Fri, 1 Feb 2008 14:25:43 +0000</created>
                <updated>Thu, 23 Apr 2009 02:26:16 +0000</updated>
                            <resolved>Sun, 3 Feb 2008 21:41:36 +0000</resolved>
                                                    <fixVersion>1.2</fixVersion>
                                        <due></due>
                            <votes>0</votes>
                                    <watches>0</watches>
                                                                <comments>
                            <comment id="12564777" author="sebb@apache.org" created="Fri, 1 Feb 2008 14:27:15 +0000"  >&lt;p&gt;CSV file summarising Findbugs report&lt;/p&gt;</comment>
                            <comment id="12564978" author="luc" created="Fri, 1 Feb 2008 23:43:01 +0000"  >&lt;p&gt;The first two warnings about the non final TOO_SMALL fields have been discussed on the list (see &lt;a href=&quot;http://markmail.org/message/tnxlul6qfjzs3mr3&quot; class=&quot;external-link&quot; rel=&quot;nofollow&quot;&gt;http://markmail.org/message/tnxlul6qfjzs3mr3&lt;/a&gt;). Phil proposed to comment this in the release notes.&lt;/p&gt;

&lt;p&gt;The next four floating point equality warnings and the last four internal representation exposed are intentional. They are identified in a commented findbugs exclusion filter in the subversion tree (file findbugs-exclude-filter.xml added about three weeks ago). This filter is active when findbugs report is created from maven2 (see plugin configuration in pom.xml).&lt;/p&gt;

&lt;p&gt;The null pointer possible dereference was also discussed here (see &lt;a href=&quot;http://markmail.org/message/33jpeig4qjmvtvy7&quot; class=&quot;external-link&quot; rel=&quot;nofollow&quot;&gt;http://markmail.org/message/33jpeig4qjmvtvy7&lt;/a&gt;). I forgot to check after Phil answered. I&apos;ll do it.&lt;/p&gt;

&lt;p&gt;I&apos;ll fix the static inner class in Frequency if possible without breaking compatibility.&lt;/p&gt;

&lt;p&gt;I understand the concerns about synchronisation, but would prefer someone else check them also.&lt;/p&gt;

&lt;p&gt;As a summary, only the first two warnings should remain at the end.&lt;br/&gt;
Thanks for the report.&lt;/p&gt;</comment>
                            <comment id="12564982" author="sebb@apache.org" created="Fri, 1 Feb 2008 23:56:48 +0000"  >&lt;p&gt;OK.&lt;/p&gt;

&lt;p&gt;However, I suggest that the floating point equality tests should be commented in the actual code, as it&apos;s an unusual idiom.&lt;/p&gt;

&lt;p&gt;As to synchronisation, it depends partly on whether the Math classes are intended to be thread-safe or not.&lt;/p&gt;</comment>
                            <comment id="12565203" author="luc" created="Sun, 3 Feb 2008 19:15:15 +0000"  >&lt;p&gt;I have looked again at the synchronisation issues.&lt;br/&gt;
The one in ResizableDoubleArray was straightforward and fixed.&lt;br/&gt;
The ones in SummaryStatistics are more difficult. They are due to the various setters and getters for implementations (set*Impl and get*Impl) which are synchronized, whereas other methods using these implementations are not synchronized.  In fact, there are more issues than the two appearing in the report: if we fix these two, a bunch of other problems appear, which should also be fixed. At the end, almost all methods end up being synchronized. This seems not to be the objective of this class but rather the objective of the SynchronizedSummaryStatistics.&lt;br/&gt;
So I would suggest moving the synchronization on the setters/getters from the SummaryStatistics class to the SynchronizedSummaryStatistics. derived class.&lt;br/&gt;
What do you think ?&lt;/p&gt;</comment>
                            <comment id="12565206" author="sebb@apache.org" created="Sun, 3 Feb 2008 19:44:14 +0000"  >&lt;p&gt;Yes, making SynchronizedSummaryStatistics fully sync, and removing synch from SummaryStatistics seems like a good idea, as the latter class is neither one thing nor the other.&lt;/p&gt;</comment>
                            <comment id="12565208" author="psteitz" created="Sun, 3 Feb 2008 19:55:12 +0000"  >&lt;p&gt;I agree that moving synch to the synch classes is better.&lt;/p&gt;</comment>
                            <comment id="12565229" author="luc" created="Sun, 3 Feb 2008 21:41:36 +0000"  >&lt;p&gt;synchronized setters/getters have been moved to SynchronizedSummaryStatistics class as of r618097&lt;/p&gt;</comment>
                    </comments>
                    <attachments>
                            <attachment id="12374555" name="MathFindbugs.csv" size="3290" author="sebb@apache.org" created="Fri, 1 Feb 2008 14:27:10 +0000"/>
                    </attachments>
                <subtasks>
                    </subtasks>
                <customfields>
                                                <customfield id="customfield_12310310" key="com.atlassian.jira.toolkit:attachments">
                        <customfieldname>Attachment count</customfieldname>
                        <customfieldvalues>
                            <customfieldvalue>1.0</customfieldvalue>
                        </customfieldvalues>
                    </customfield>
                                                                                                                                                                                                                                                                                                                                                                                                                                                                                                                                <customfield id="customfield_12310220" key="com.atlassian.jira.ext.charting:firstresponsedate">
                        <customfieldname>Date of First Response</customfieldname>
                        <customfieldvalues>
                            <customfieldvalue>Fri, 1 Feb 2008 23:43:01 +0000</customfieldvalue>

                        </customfieldvalues>
                    </customfield>
                                                                                                                                                                                                                                                                                                                                                                                                                                            <customfield id="customfield_12310420" key="com.pyxis.greenhopper.jira:gh-global-rank">
                        <customfieldname>Global Rank</customfieldname>
                        <customfieldvalues>
                            <customfieldvalue>150407</customfieldvalue>
                        </customfieldvalues>
                    </customfield>
                                                                                                                        <customfield id="customfield_12312521" key="com.atlassian.jira.toolkit:LastCommentDate">
                        <customfieldname>Last public comment date</customfieldname>
                        <customfieldvalues>
                            8 years, 44 weeks, 4 days ago
                        </customfieldvalues>
                    </customfield>
                                                                                            <customfield id="customfield_12311820" key="com.pyxis.greenhopper.jira:gh-lexo-rank">
                        <customfieldname>Rank</customfieldname>
                        <customfieldvalues>
                            <customfieldvalue>0|i0rw0n:</customfieldvalue>

                        </customfieldvalues>
                    </customfield>
                                                                <customfield id="customfield_12310920" key="com.pyxis.greenhopper.jira:gh-global-rank">
                        <customfieldname>Rank (Obsolete)</customfieldname>
                        <customfieldvalues>
                            <customfieldvalue>160831</customfieldvalue>
                        </customfieldvalues>
                    </customfield>
                                                                                                                                                                                                                                        <customfield id="customfield_12310222" key="com.atlassian.jira.ext.charting:timeinstatus">
                        <customfieldname>Time in Status</customfieldname>
                        <customfieldvalues>
                            
                        </customfieldvalues>
                    </customfield>
                                                                                                                        </customfields>
    </item>
</channel>
</rss>