<!-- 
RSS generated by JIRA (6.3.4#6332-sha1:51bc225ef474afe3128b2f66878477f322397b16) at Sat Nov 19 21:57:47 UTC 2016

It is possible to restrict the fields that are returned in this document by specifying the 'field' parameter in your request.
For example, to request only the issue key and summary add field=key&field=summary to the URL of your request.
For example:
https://issues.apache.org/jira/si/jira.issueviews:issue-xml/MATH-483/MATH-483.xml?field=key&amp;field=summary
-->
<rss version="0.92" >
<channel>
    <title>ASF JIRA</title>
    <link>https://issues.apache.org/jira</link>
    <description>This file is an XML representation of an issue</description>
    <language>en-uk</language>    <build-info>
        <version>6.3.4</version>
        <build-number>6332</build-number>
        <build-date>15-08-2014</build-date>
    </build-info>

<item>
            <title>[MATH-483] FastMath does not handle all special cases correctly</title>
                <link>https://issues.apache.org/jira/browse/MATH-483</link>
                <project id="12310485" key="MATH">Commons Math</project>
                    <description>&lt;p&gt;FastMath has some issues with special cases such as +0.0 and -0.0.&lt;/p&gt;

&lt;p&gt;Here are the double cases so far found:&lt;/p&gt;

&lt;p&gt;abs(-0.0) expected:&amp;lt;0.0&amp;gt; but was:&amp;lt;-0.0&amp;gt;&lt;br/&gt;
signum(-0.0) expected:&amp;lt;-0.0&amp;gt; but was:&amp;lt;0.0&amp;gt;&lt;br/&gt;
asin(-0.0) expected:&amp;lt;-0.0&amp;gt; but was:&amp;lt;0.0&amp;gt;&lt;br/&gt;
atan(-0.0) expected:&amp;lt;-0.0&amp;gt; but was:&amp;lt;0.0&amp;gt;&lt;br/&gt;
log10(-0.0) expected:&amp;lt;-Infinity&amp;gt; but was:&amp;lt;NaN&amp;gt;&lt;br/&gt;
toDegrees(-0.0) expected:&amp;lt;-0.0&amp;gt; but was:&amp;lt;0.0&amp;gt;&lt;br/&gt;
toRadians(-0.0) expected:&amp;lt;-0.0&amp;gt; but was:&amp;lt;0.0&amp;gt;&lt;br/&gt;
ulp(-Infinity) expected:&amp;lt;Infinity&amp;gt; but was:&amp;lt;NaN&amp;gt;&lt;/p&gt;

&lt;p&gt;And float cases:&lt;br/&gt;
abs(-0.0) expected:&amp;lt;0.0&amp;gt; but was:&amp;lt;-0.0&amp;gt;&lt;/p&gt;</description>
                <environment></environment>
        <key id="12495841">MATH-483</key>
            <summary>FastMath does not handle all special cases correctly</summary>
                <type id="1" iconUrl="https://issues.apache.org/jira/images/icons/issuetypes/bug.png">Bug</type>
                                            <priority id="3" iconUrl="https://issues.apache.org/jira/images/icons/priorities/major.png">Major</priority>
                        <status id="6" iconUrl="https://issues.apache.org/jira/images/icons/statuses/closed.png" description="The issue is considered finished, the resolution is correct. Issues which are closed can be reopened.">Closed</status>
                    <statusCategory id="3" key="done" colorName="green"/>
                                    <resolution id="1">Fixed</resolution>
                                        <assignee username="-1">Unassigned</assignee>
                                    <reporter username="sebb@apache.org">Sebb</reporter>
                        <labels>
                    </labels>
                <created>Tue, 18 Jan 2011 00:24:51 +0000</created>
                <updated>Wed, 23 Mar 2011 20:34:46 +0000</updated>
                            <resolved>Wed, 19 Jan 2011 19:51:07 +0000</resolved>
                                    <version>2.2</version>
                    <version>3.0</version>
                                    <fixVersion>2.2</fixVersion>
                    <fixVersion>3.0</fixVersion>
                                        <due></due>
                            <votes>0</votes>
                                    <watches>0</watches>
                                                                <comments>
                            <comment id="12982935" author="sebb@apache.org" created="Tue, 18 Jan 2011 00:25:40 +0000"  >&lt;p&gt;Fix + test cases&lt;/p&gt;</comment>
                            <comment id="12982978" author="sebb@apache.org" created="Tue, 18 Jan 2011 01:27:52 +0000"  >&lt;p&gt;Generic test methods using reflection to compare Math methods with FastMath methods for float and double special cases.&lt;/p&gt;

&lt;p&gt;Replaces testHyperbolicSpecialCases() and testTrigSpecialCases() in the previous patch&lt;/p&gt;</comment>
                            <comment id="12983677" author="sebb@apache.org" created="Wed, 19 Jan 2011 12:36:00 +0000"  >&lt;p&gt;Fixed bug - duplicate MAX_VALUE should have MIN_VALUE&lt;/p&gt;</comment>
                            <comment id="12983859" author="sebb@apache.org" created="Wed, 19 Jan 2011 19:51:07 +0000"  >&lt;p&gt;There are still some issues with toDegrees() and toRadians() but these are covered by &lt;a href=&quot;https://issues.apache.org/jira/browse/MATH-486&quot; title=&quot;FastMath toRadian and toDegree don&amp;#39;t handle large double numbers well&quot; class=&quot;issue-link&quot; data-issue-key=&quot;MATH-486&quot;&gt;&lt;del&gt;MATH-486&lt;/del&gt;&lt;/a&gt;&lt;/p&gt;</comment>
                            <comment id="13010403" author="luc" created="Wed, 23 Mar 2011 20:34:46 +0000"  >&lt;p&gt;Closing issue as it was included in version 2.2, which has been released&lt;/p&gt;</comment>
                    </comments>
                    <attachments>
                            <attachment id="12468750" name="MATH-483-generic.patch" size="4404" author="sebb@apache.org" created="Wed, 19 Jan 2011 12:36:00 +0000"/>
                            <attachment id="12468612" name="MATH-483.patch" size="2929" author="sebb@apache.org" created="Tue, 18 Jan 2011 00:25:40 +0000"/>
                    </attachments>
                <subtasks>
                    </subtasks>
                <customfields>
                                                <customfield id="customfield_12310310" key="com.atlassian.jira.toolkit:attachments">
                        <customfieldname>Attachment count</customfieldname>
                        <customfieldvalues>
                            <customfieldvalue>2.0</customfieldvalue>
                        </customfieldvalues>
                    </customfield>
                                                                                                                                                                                                                                                                                                                                                                                                                                                                                                                                <customfield id="customfield_12310220" key="com.atlassian.jira.ext.charting:firstresponsedate">
                        <customfieldname>Date of First Response</customfieldname>
                        <customfieldvalues>
                            <customfieldvalue>Wed, 23 Mar 2011 20:34:46 +0000</customfieldvalue>

                        </customfieldvalues>
                    </customfield>
                                                                                                                                                                                                                                                                                                                                                                                                                                            <customfield id="customfield_12310420" key="com.pyxis.greenhopper.jira:gh-global-rank">
                        <customfieldname>Global Rank</customfieldname>
                        <customfieldvalues>
                            <customfieldvalue>150608</customfieldvalue>
                        </customfieldvalues>
                    </customfield>
                                                                                                                        <customfield id="customfield_12312521" key="com.atlassian.jira.toolkit:LastCommentDate">
                        <customfieldname>Last public comment date</customfieldname>
                        <customfieldvalues>
                            5 years, 35 weeks, 3 days ago
                        </customfieldvalues>
                    </customfield>
                                                                                            <customfield id="customfield_12311820" key="com.pyxis.greenhopper.jira:gh-lexo-rank">
                        <customfieldname>Rank</customfieldname>
                        <customfieldvalues>
                            <customfieldvalue>0|i0ru8f:</customfieldvalue>

                        </customfieldvalues>
                    </customfield>
                                                                <customfield id="customfield_12310920" key="com.pyxis.greenhopper.jira:gh-global-rank">
                        <customfieldname>Rank (Obsolete)</customfieldname>
                        <customfieldvalues>
                            <customfieldvalue>160542</customfieldvalue>
                        </customfieldvalues>
                    </customfield>
                                                                                                                                                                                                                                        <customfield id="customfield_12310222" key="com.atlassian.jira.ext.charting:timeinstatus">
                        <customfieldname>Time in Status</customfieldname>
                        <customfieldvalues>
                            
                        </customfieldvalues>
                    </customfield>
                                                                                                                        </customfields>
    </item>
</channel>
</rss>