<!-- 
RSS generated by JIRA (6.3.4#6332-sha1:51bc225ef474afe3128b2f66878477f322397b16) at Fri Nov 18 23:21:29 UTC 2016

It is possible to restrict the fields that are returned in this document by specifying the 'field' parameter in your request.
For example, to request only the issue key and summary add field=key&field=summary to the URL of your request.
For example:
https://issues.apache.org/jira/si/jira.issueviews:issue-xml/MATH-962/MATH-962.xml?field=key&amp;field=summary
-->
<rss version="0.92" >
<channel>
    <title>ASF JIRA</title>
    <link>https://issues.apache.org/jira</link>
    <description>This file is an XML representation of an issue</description>
    <language>en-uk</language>    <build-info>
        <version>6.3.4</version>
        <build-number>6332</build-number>
        <build-date>15-08-2014</build-date>
    </build-info>

<item>
            <title>[MATH-962] Vector3DFormat.parse does not ignore whitespace</title>
                <link>https://issues.apache.org/jira/browse/MATH-962</link>
                <project id="12310485" key="MATH">Commons Math</project>
                    <description>&lt;p&gt;Vector3DFormat notes it ingores whitespace in the javadoc but in the below example it does not:&lt;br/&gt;
	Vector3DFormat vf = new Vector3DFormat(&quot;(&quot;, &quot;)&quot;, &quot;,&quot;);&lt;br/&gt;
	System.out.println(vf.parse(&quot;(1, 2, 3)&quot;)); //prints &lt;/p&gt;
{1; 2; 3}
&lt;p&gt;	System.out.println(vf.parse(&quot;(1,2,3)&quot;));   //prints null&lt;/p&gt;</description>
                <environment>&lt;p&gt;Macosxm, Java 1.6.0&lt;/p&gt;</environment>
        <key id="12640536">MATH-962</key>
            <summary>Vector3DFormat.parse does not ignore whitespace</summary>
                <type id="1" iconUrl="https://issues.apache.org/jira/images/icons/issuetypes/bug.png">Bug</type>
                                            <priority id="4" iconUrl="https://issues.apache.org/jira/images/icons/priorities/minor.png">Minor</priority>
                        <status id="6" iconUrl="https://issues.apache.org/jira/images/icons/statuses/closed.png" description="The issue is considered finished, the resolution is correct. Issues which are closed can be reopened.">Closed</status>
                    <statusCategory id="3" key="done" colorName="green"/>
                                    <resolution id="1">Fixed</resolution>
                                        <assignee username="-1">Unassigned</assignee>
                                    <reporter username="leonfrench">Leon French</reporter>
                        <labels>
                    </labels>
                <created>Wed, 3 Apr 2013 15:44:15 +0000</created>
                <updated>Mon, 19 May 2014 15:13:25 +0000</updated>
                            <resolved>Sun, 14 Apr 2013 16:19:56 +0000</resolved>
                                    <version>3.1.1</version>
                                    <fixVersion>3.3</fixVersion>
                                        <due></due>
                            <votes>0</votes>
                                    <watches>2</watches>
                                    <timeoriginalestimate seconds="86400">24h</timeoriginalestimate>
                            <timeestimate seconds="86400">24h</timeestimate>
                                        <comments>
                            <comment id="13625010" author="tn" created="Sun, 7 Apr 2013 20:33:06 +0000"  >&lt;p&gt;This is because internally the number format for the default locale is used in your test-case (without specifying another number format). As in this case grouping is activated (with &apos;,&apos; being the grouping character, e.g. for US locale), the string &quot;1, 2, 3&quot; is interpreted as 123. As there are no other values but 3 are expected, the return value is null.&lt;/p&gt;

&lt;p&gt;To use the Vector3DFormat with &apos;,&apos; as separator, you should explicitly disable grouping like this:&lt;/p&gt;

&lt;div class=&quot;preformatted panel&quot; style=&quot;border-width: 1px;&quot;&gt;&lt;div class=&quot;preformattedContent panelContent&quot;&gt;
&lt;pre&gt;        NumberFormat nf = NumberFormat.getInstance(Locale.getDefault());
        nf.setGroupingUsed(false);
        Vector3DFormat vf = new Vector3DFormat(&quot;(&quot;, &quot;)&quot;, &quot;,&quot;, nf);
        System.out.println(vf.parse(&quot;(1, 2, 3)&quot;)); // prints {1; 2; 3}
        System.out.println(vf.parse(&quot;(1,2,3)&quot;)); // prints null
&lt;/pre&gt;
&lt;/div&gt;&lt;/div&gt;

&lt;p&gt;Afaik, this is one of the reasons why we use &apos;;&apos; as default separator for these vector formats, as this one does not interfere with the usual grouping characters for various locale settings.&lt;/p&gt;

&lt;p&gt;I am not sure this is really a bug, but the error handling could be improved.&lt;/p&gt;</comment>
                            <comment id="13625333" author="leonfrench" created="Mon, 8 Apr 2013 12:44:26 +0000"  >&lt;p&gt;Oh, I see. Thanks for clearing that up.&lt;/p&gt;

&lt;p&gt;I&apos;m not sure how to make that easier for the next person. A note to the API documentation may help. &lt;/p&gt;</comment>
                            <comment id="13631344" author="tn" created="Sun, 14 Apr 2013 16:19:56 +0000"  >&lt;p&gt;Added clarification to the javadoc in r1467801.&lt;/p&gt;

&lt;p&gt;Thanks for the report.&lt;/p&gt;</comment>
                            <comment id="14001804" author="luc" created="Mon, 19 May 2014 15:13:25 +0000"  >&lt;p&gt;Closing all resolved issue now available in released 3.3 version.&lt;/p&gt;</comment>
                    </comments>
                    <attachments>
                    </attachments>
                <subtasks>
                    </subtasks>
                <customfields>
                                                <customfield id="customfield_12310310" key="com.atlassian.jira.toolkit:attachments">
                        <customfieldname>Attachment count</customfieldname>
                        <customfieldvalues>
                            <customfieldvalue>0.0</customfieldvalue>
                        </customfieldvalues>
                    </customfield>
                                                                                                                                                                                                                                                                                                                                                                                                                                                                                                                                <customfield id="customfield_12310220" key="com.atlassian.jira.ext.charting:firstresponsedate">
                        <customfieldname>Date of First Response</customfieldname>
                        <customfieldvalues>
                            <customfieldvalue>Sun, 7 Apr 2013 20:33:06 +0000</customfieldvalue>

                        </customfieldvalues>
                    </customfield>
                                                                                                                                                                                                                                                                                                                                                                                                                                            <customfield id="customfield_12310420" key="com.pyxis.greenhopper.jira:gh-global-rank">
                        <customfieldname>Global Rank</customfieldname>
                        <customfieldvalues>
                            <customfieldvalue>320996</customfieldvalue>
                        </customfieldvalues>
                    </customfield>
                                                                                                                        <customfield id="customfield_12312521" key="com.atlassian.jira.toolkit:LastCommentDate">
                        <customfieldname>Last public comment date</customfieldname>
                        <customfieldvalues>
                            2 years, 26 weeks, 4 days ago
                        </customfieldvalues>
                    </customfield>
                                                                                            <customfield id="customfield_12311820" key="com.pyxis.greenhopper.jira:gh-lexo-rank">
                        <customfieldname>Rank</customfieldname>
                        <customfieldvalues>
                            <customfieldvalue>0|i1jdun:</customfieldvalue>

                        </customfieldvalues>
                    </customfield>
                                                                <customfield id="customfield_12310920" key="com.pyxis.greenhopper.jira:gh-global-rank">
                        <customfieldname>Rank (Obsolete)</customfieldname>
                        <customfieldvalues>
                            <customfieldvalue>321337</customfieldvalue>
                        </customfieldvalues>
                    </customfield>
                                                                                                                                                                                                                                        <customfield id="customfield_12310222" key="com.atlassian.jira.ext.charting:timeinstatus">
                        <customfieldname>Time in Status</customfieldname>
                        <customfieldvalues>
                            
                        </customfieldvalues>
                    </customfield>
                                                                                                                        </customfields>
    </item>
</channel>
</rss>