<!-- 
RSS generated by JIRA (6.3.4#6332-sha1:51bc225ef474afe3128b2f66878477f322397b16) at Fri Dec 02 18:05:59 UTC 2016

It is possible to restrict the fields that are returned in this document by specifying the 'field' parameter in your request.
For example, to request only the issue key and summary add field=key&field=summary to the URL of your request.
For example:
https://issues.apache.org/jira/si/jira.issueviews:issue-xml/MATH-68/MATH-68.xml?field=key&amp;field=summary
-->
<rss version="0.92" >
<channel>
    <title>ASF JIRA</title>
    <link>https://issues.apache.org/jira</link>
    <description>This file is an XML representation of an issue</description>
    <language>en-uk</language>    <build-info>
        <version>6.3.4</version>
        <build-number>6332</build-number>
        <build-date>15-08-2014</build-date>
    </build-info>

<item>
            <title>[MATH-68] [math] Failure to fail when testing for exceptions in MathUtils</title>
                <link>https://issues.apache.org/jira/browse/MATH-68</link>
                <project id="12310485" key="MATH">Commons Math</project>
                    <description>&lt;p&gt;In MathUtilsTest I found the following code:&lt;/p&gt;

&lt;p&gt;    public void testAddAndCheck() {&lt;br/&gt;
        int big = Integer.MAX_VALUE;&lt;br/&gt;
        int bigNeg = Integer.MIN_VALUE;&lt;br/&gt;
        assertEquals(big, MathUtils.addAndCheck(big, 0));&lt;br/&gt;
        try &lt;/p&gt;
{
            int res = MathUtils.addAndCheck(big, 1);
        }
&lt;p&gt; catch (ArithmeticException ex) {}&lt;br/&gt;
        try &lt;/p&gt;
{
            int res = MathUtils.addAndCheck(bigNeg, -1);
        }
&lt;p&gt; catch (ArithmeticException ex) {}&lt;br/&gt;
    }&lt;/p&gt;

&lt;p&gt;    public void testMulAndCheck() {&lt;br/&gt;
        int big = Integer.MAX_VALUE;&lt;br/&gt;
        int bigNeg = Integer.MIN_VALUE;&lt;br/&gt;
        assertEquals(big, MathUtils.mulAndCheck(big, 1));&lt;br/&gt;
        try &lt;/p&gt;
{
            int res = MathUtils.mulAndCheck(big, 2);
        }
&lt;p&gt; catch (ArithmeticException ex) {}&lt;br/&gt;
        try &lt;/p&gt;
{
            int res = MathUtils.mulAndCheck(bigNeg, 2);
        }
&lt;p&gt; catch (ArithmeticException ex) {}&lt;br/&gt;
    }&lt;/p&gt;

&lt;p&gt;    public void testSubAndCheck() {&lt;br/&gt;
        int big = Integer.MAX_VALUE;&lt;br/&gt;
        int bigNeg = Integer.MIN_VALUE;&lt;br/&gt;
        assertEquals(big, MathUtils.subAndCheck(big, 0));&lt;br/&gt;
        try &lt;/p&gt;
{
            int res = MathUtils.subAndCheck(big, -1);
        }
&lt;p&gt; catch (ArithmeticException ex) {}&lt;br/&gt;
        try &lt;/p&gt;
{
            int res = MathUtils.subAndCheck(bigNeg, 1);
        }
&lt;p&gt; catch (ArithmeticException ex) {}&lt;br/&gt;
    }&lt;/p&gt;

&lt;p&gt;These tests pass even if the expected excepiton is thrown. All three should be&lt;br/&gt;
reworked with fail() statements at the end of the try block like so:&lt;/p&gt;

&lt;p&gt;        try &lt;/p&gt;
{
            int res = MathUtils.subAndCheck(big, -1);
            fail(&quot;Didn&apos;t throw exceptions when subtracting one over the maximum&quot;);
        }
&lt;p&gt; catch (ArithmeticException ex) {}&lt;br/&gt;
        try &lt;/p&gt;
{
            int res = MathUtils.subAndCheck(bigNeg, 1);
            fail(&quot;Didn&apos;t throw exceptions when subtracting one over the maximum&quot;);
        }
&lt;p&gt; catch (ArithmeticException ex) {}&lt;/p&gt;


&lt;p&gt;I doubt there&apos;s a real bug here, but if there is, these tests won&apos;t find it.&lt;/p&gt;</description>
                <environment>&lt;p&gt;Operating System: other&lt;br/&gt;
Platform: Other&lt;/p&gt;</environment>
        <key id="12342633">MATH-68</key>
            <summary>[math] Failure to fail when testing for exceptions in MathUtils</summary>
                <type id="1" iconUrl="https://issues.apache.org/jira/images/icons/issuetypes/bug.png">Bug</type>
                                            <priority id="3" iconUrl="https://issues.apache.org/jira/images/icons/priorities/major.png">Major</priority>
                        <status id="6" iconUrl="https://issues.apache.org/jira/images/icons/statuses/closed.png" description="The issue is considered finished, the resolution is correct. Issues which are closed can be reopened.">Closed</status>
                    <statusCategory id="3" key="done" colorName="green"/>
                                    <resolution id="1">Fixed</resolution>
                                        <assignee username="-1">Unassigned</assignee>
                                    <reporter username="elharo@metalab.unc.edu">elharo</reporter>
                        <labels>
                    </labels>
                <created>Sat, 15 Oct 2005 00:45:44 +0000</created>
                <updated>Thu, 23 Apr 2009 02:26:07 +0000</updated>
                            <resolved>Thu, 23 Apr 2009 02:26:07 +0000</resolved>
                                    <version>1.1</version>
                                                        <due></due>
                            <votes>0</votes>
                                    <watches>0</watches>
                                                                <comments>
                            <comment id="12410621" author="phil@steitz.com" created="Sun, 16 Oct 2005 09:20:33 +0000"  >&lt;p&gt;Thanks for reporting this.&lt;/p&gt;</comment>
                    </comments>
                    <attachments>
                    </attachments>
                <subtasks>
                    </subtasks>
                <customfields>
                                                <customfield id="customfield_12310310" key="com.atlassian.jira.toolkit:attachments">
                        <customfieldname>Attachment count</customfieldname>
                        <customfieldvalues>
                            <customfieldvalue>0.0</customfieldvalue>
                        </customfieldvalues>
                    </customfield>
                                                                                                                                                                                                                                                                                                                                                                                                                                                                        <customfield id="customfield_10010" key="com.atlassian.jira.plugin.system.customfieldtypes:importid">
                        <customfieldname>Bugzilla Id</customfieldname>
                        <customfieldvalues>
                            <customfieldvalue>37095</customfieldvalue>
                        </customfieldvalues>
                    </customfield>
                                                                                            <customfield id="customfield_12310220" key="com.atlassian.jira.ext.charting:firstresponsedate">
                        <customfieldname>Date of First Response</customfieldname>
                        <customfieldvalues>
                            <customfieldvalue>Sun, 16 Oct 2005 09:20:33 +0000</customfieldvalue>

                        </customfieldvalues>
                    </customfield>
                                                                                                                                                                                                                                                                                                                                                                                                                                            <customfield id="customfield_12310420" key="com.pyxis.greenhopper.jira:gh-global-rank">
                        <customfieldname>Global Rank</customfieldname>
                        <customfieldvalues>
                            <customfieldvalue>150307</customfieldvalue>
                        </customfieldvalues>
                    </customfield>
                                                                                                                        <customfield id="customfield_12312521" key="com.atlassian.jira.toolkit:LastCommentDate">
                        <customfieldname>Last public comment date</customfieldname>
                        <customfieldvalues>
                            11 years, 8 weeks, 5 days ago
                        </customfieldvalues>
                    </customfield>
                                                                                            <customfield id="customfield_12311820" key="com.pyxis.greenhopper.jira:gh-lexo-rank">
                        <customfieldname>Rank</customfieldname>
                        <customfieldvalues>
                            <customfieldvalue>0|i0rwpz:</customfieldvalue>

                        </customfieldvalues>
                    </customfield>
                                                                <customfield id="customfield_12310920" key="com.pyxis.greenhopper.jira:gh-global-rank">
                        <customfieldname>Rank (Obsolete)</customfieldname>
                        <customfieldvalues>
                            <customfieldvalue>160945</customfieldvalue>
                        </customfieldvalues>
                    </customfield>
                                                                                                                                                                                                                                                                                                                            </customfields>
    </item>
</channel>
</rss>