<!-- 
RSS generated by JIRA (6.3.4#6332-sha1:51bc225ef474afe3128b2f66878477f322397b16) at Fri Dec 02 18:00:00 UTC 2016

It is possible to restrict the fields that are returned in this document by specifying the 'field' parameter in your request.
For example, to request only the issue key and summary add field=key&field=summary to the URL of your request.
For example:
https://issues.apache.org/jira/si/jira.issueviews:issue-xml/MATH-290/MATH-290.xml?field=key&amp;field=summary
-->
<rss version="0.92" >
<channel>
    <title>ASF JIRA</title>
    <link>https://issues.apache.org/jira</link>
    <description>This file is an XML representation of an issue</description>
    <language>en-uk</language>    <build-info>
        <version>6.3.4</version>
        <build-number>6332</build-number>
        <build-date>15-08-2014</build-date>
    </build-info>

<item>
            <title>[MATH-290] NullPointerException in SimplexTableau.initialize</title>
                <link>https://issues.apache.org/jira/browse/MATH-290</link>
                <project id="12310485" key="MATH">Commons Math</project>
                    <description>&lt;p&gt;SimplexTableau throws a NullPointerException when no solution can be found instead of a NoFeasibleSolutionException&lt;/p&gt;

&lt;p&gt;Here is the code that causes the NullPointerException:&lt;/p&gt;

&lt;p&gt;LinearObjectiveFunction f = new LinearObjectiveFunction(new double[] &lt;/p&gt;
{ 1, 5 }
&lt;p&gt;, 0 );&lt;br/&gt;
Collection&amp;lt;LinearConstraint&amp;gt; constraints = new ArrayList&amp;lt;LinearConstraint&amp;gt;();&lt;br/&gt;
constraints.add(new LinearConstraint(new double[] &lt;/p&gt;
{ 2, 0 }
&lt;p&gt;, Relationship.GEQ, -1.0));&lt;/p&gt;

&lt;p&gt;RealPointValuePair solution = new SimplexSolver().optimize(f, constraints, GoalType.MINIMIZE, true);&lt;/p&gt;

&lt;p&gt;Note: Tested both with Apache Commons Math 2.0 release and SVN trunk&lt;/p&gt;</description>
                <environment>&lt;p&gt;Java 1.6.0_13 on Windows XP 32-bit &lt;/p&gt;</environment>
        <key id="12433932">MATH-290</key>
            <summary>NullPointerException in SimplexTableau.initialize</summary>
                <type id="1" iconUrl="https://issues.apache.org/jira/images/icons/issuetypes/bug.png">Bug</type>
                                            <priority id="3" iconUrl="https://issues.apache.org/jira/images/icons/priorities/major.png">Major</priority>
                        <status id="6" iconUrl="https://issues.apache.org/jira/images/icons/statuses/closed.png" description="The issue is considered finished, the resolution is correct. Issues which are closed can be reopened.">Closed</status>
                    <statusCategory id="3" key="done" colorName="green"/>
                                    <resolution id="1">Fixed</resolution>
                                        <assignee username="-1">Unassigned</assignee>
                                    <reporter username="ciaccia">Andrea</reporter>
                        <labels>
                    </labels>
                <created>Tue, 25 Aug 2009 10:53:33 +0000</created>
                <updated>Wed, 14 Apr 2010 00:27:17 +0000</updated>
                            <resolved>Thu, 27 Aug 2009 08:08:17 +0000</resolved>
                                    <version>2.0</version>
                                    <fixVersion>2.1</fixVersion>
                                        <due></due>
                            <votes>0</votes>
                                    <watches>0</watches>
                                                                <comments>
                            <comment id="12747629" author="bmccann" created="Tue, 25 Aug 2009 20:43:17 +0000"  >&lt;p&gt;Thanks for the bug report.  I&apos;m glad to be finding these bugs (hopefully the last of them :o)  That was the point in open sourcing this, so looks like that was a good decision!&lt;br/&gt;
Problem here was that when the constraint&apos;s right hand side is negative, we need to flip the constraint around so that it is positive.  We were doing that too late during the initialization and it should have been done at the very beginning, so that we only deal with the normalized version instead of both versions.&lt;/p&gt;</comment>
                            <comment id="12747692" author="bmccann" created="Tue, 25 Aug 2009 22:28:29 +0000"  >&lt;p&gt;The original patch is sufficient, but I&apos;m attaching a new one that also cleans up some code formatting (weird spacing in SimplexTableau) and also provides a little bit better test.&lt;br/&gt;
Andrea, the correct solution for the example you provided is 0.  You restricted the variables to be non-negative and are trying to minimize the objective function, so the best you can do is make both variables 0 for an objective function value of 0.&lt;/p&gt;</comment>
                            <comment id="12747797" author="ciaccia" created="Wed, 26 Aug 2009 06:35:11 +0000"  >&lt;p&gt;Hi Ben, what you say in your last comment is not true. There is no feasible solution to my problem...&lt;br/&gt;
Maybe I should have expressed it in &quot;human&quot; readable format:&lt;/p&gt;

&lt;p&gt;min: 1 x + 5 y;&lt;br/&gt;
r1: 2 x + 0 y &amp;lt;= -1;&lt;br/&gt;
x &amp;gt;= 0;&lt;br/&gt;
y &amp;gt;= 0;&lt;/p&gt;

&lt;p&gt;x = 0 and y = 0 is not a valid solution since 2 * 0 + 0 * 0 (=0) is not &amp;lt;= -1...&lt;/p&gt;

&lt;p&gt;The &quot;trick&quot; is that there will be never non-negative variables (in this case &lt;span class=&quot;error&quot;&gt;&amp;#91;x, y&amp;#93;&lt;/span&gt;) that multiplied with non-negative coefficients (here &lt;span class=&quot;error&quot;&gt;&amp;#91;2, 0&amp;#93;&lt;/span&gt;) will produce a negative result.&lt;/p&gt;

&lt;p&gt;Do you agree?&lt;/p&gt;</comment>
                            <comment id="12747993" author="bmccann" created="Wed, 26 Aug 2009 15:49:31 +0000"  >&lt;p&gt;You originally wrote &amp;gt;= in the constraint and now you&apos;re writing &amp;lt;=.  Perhaps that&apos;s where the confusion is?  The answer is 0 when you use &amp;lt;=.&lt;/p&gt;</comment>
                            <comment id="12747996" author="ciaccia" created="Wed, 26 Aug 2009 15:56:42 +0000"  >&lt;p&gt;Ops... I found the bug with the &amp;lt;= but then I transcribed it wrongly... Sorry.&lt;/p&gt;

&lt;p&gt;Another thing I found that is not related to this bug, are the comments in the SimplexTableau. JavaDoc for divideRow was copied from substractRow without being changed &lt;img class=&quot;emoticon&quot; src=&quot;https://issues.apache.org/jira/images/icons/emoticons/wink.gif&quot; height=&quot;16&quot; width=&quot;16&quot; align=&quot;absmiddle&quot; alt=&quot;&quot; border=&quot;0&quot;/&gt;&lt;/p&gt;</comment>
                            <comment id="12748296" author="luc" created="Thu, 27 Aug 2009 08:08:17 +0000"  >&lt;p&gt;fixed in subversion repository as of r808313&lt;br/&gt;
latest version of patch applied and two tests used (one with &amp;lt;= as the constraint and one with &amp;gt;= as the constraint)&lt;br/&gt;
thanks to Andrea for the report&lt;br/&gt;
thanks to Ben for the patch&lt;/p&gt;</comment>
                    </comments>
                    <attachments>
                            <attachment id="12417671" name="SimplexSolverTest.patch" size="4049" author="bmccann" created="Tue, 25 Aug 2009 22:28:29 +0000"/>
                            <attachment id="12417670" name="SimplexTableau.patch" size="8240" author="bmccann" created="Tue, 25 Aug 2009 22:28:29 +0000"/>
                    </attachments>
                <subtasks>
                    </subtasks>
                <customfields>
                                                <customfield id="customfield_12310310" key="com.atlassian.jira.toolkit:attachments">
                        <customfieldname>Attachment count</customfieldname>
                        <customfieldvalues>
                            <customfieldvalue>2.0</customfieldvalue>
                        </customfieldvalues>
                    </customfield>
                                                                                                                                                                                                                                                                                                                                                                                                                                                                                                                                <customfield id="customfield_12310220" key="com.atlassian.jira.ext.charting:firstresponsedate">
                        <customfieldname>Date of First Response</customfieldname>
                        <customfieldvalues>
                            <customfieldvalue>Tue, 25 Aug 2009 20:43:17 +0000</customfieldvalue>

                        </customfieldvalues>
                    </customfield>
                                                                                                                                                                                                                                                                                                                                                                                                                                            <customfield id="customfield_12310420" key="com.pyxis.greenhopper.jira:gh-global-rank">
                        <customfieldname>Global Rank</customfieldname>
                        <customfieldvalues>
                            <customfieldvalue>34153</customfieldvalue>
                        </customfieldvalues>
                    </customfield>
                                                                                                                        <customfield id="customfield_12312521" key="com.atlassian.jira.toolkit:LastCommentDate">
                        <customfieldname>Last public comment date</customfieldname>
                        <customfieldvalues>
                            7 years, 15 weeks, 1 day ago
                        </customfieldvalues>
                    </customfield>
                                                                                            <customfield id="customfield_12311820" key="com.pyxis.greenhopper.jira:gh-lexo-rank">
                        <customfieldname>Rank</customfieldname>
                        <customfieldvalues>
                            <customfieldvalue>0|i0rvdb:</customfieldvalue>

                        </customfieldvalues>
                    </customfield>
                                                                <customfield id="customfield_12310920" key="com.pyxis.greenhopper.jira:gh-global-rank">
                        <customfieldname>Rank (Obsolete)</customfieldname>
                        <customfieldvalues>
                            <customfieldvalue>160726</customfieldvalue>
                        </customfieldvalues>
                    </customfield>
                                                                                                                                                                                                                                        <customfield id="customfield_12310222" key="com.atlassian.jira.ext.charting:timeinstatus">
                        <customfieldname>Time in Status</customfieldname>
                        <customfieldvalues>
                            
                        </customfieldvalues>
                    </customfield>
                                                                                                                        </customfields>
    </item>
</channel>
</rss>