<!-- 
RSS generated by JIRA (6.3.4#6332-sha1:51bc225ef474afe3128b2f66878477f322397b16) at Sun Nov 20 00:50:29 UTC 2016

It is possible to restrict the fields that are returned in this document by specifying the 'field' parameter in your request.
For example, to request only the issue key and summary add field=key&field=summary to the URL of your request.
For example:
https://issues.apache.org/jira/si/jira.issueviews:issue-xml/MATH-643/MATH-643.xml?field=key&amp;field=summary
-->
<rss version="0.92" >
<channel>
    <title>ASF JIRA</title>
    <link>https://issues.apache.org/jira</link>
    <description>This file is an XML representation of an issue</description>
    <language>en-uk</language>    <build-info>
        <version>6.3.4</version>
        <build-number>6332</build-number>
        <build-date>15-08-2014</build-date>
    </build-info>

<item>
            <title>[MATH-643] Rename RealVector.map* to RealVector.ebe* (mapAdd(...) to ebeAdd(...) and mapAddToSelf(...) to ebeAddToSelf(...) for instance</title>
                <link>https://issues.apache.org/jira/browse/MATH-643</link>
                <project id="12310485" key="MATH">Commons Math</project>
                    <description>&lt;p&gt;I think the map* methods have historical names. Today I would prefer ebe as prefix like ebeMultiply(...).&lt;br/&gt;
This would describe the methods better from a users view.&lt;/p&gt;

&lt;p&gt;If this is a valid issue, I could provide a patch.&lt;/p&gt;</description>
                <environment></environment>
        <key id="12518137">MATH-643</key>
            <summary>Rename RealVector.map* to RealVector.ebe* (mapAdd(...) to ebeAdd(...) and mapAddToSelf(...) to ebeAddToSelf(...) for instance</summary>
                <type id="4" iconUrl="https://issues.apache.org/jira/images/icons/issuetypes/improvement.png">Improvement</type>
                                            <priority id="4" iconUrl="https://issues.apache.org/jira/images/icons/priorities/minor.png">Minor</priority>
                        <status id="5" iconUrl="https://issues.apache.org/jira/images/icons/statuses/resolved.png" description="A resolution has been taken, and it is awaiting verification by reporter. From here issues are either reopened, or are closed.">Resolved</status>
                    <statusCategory id="3" key="done" colorName="green"/>
                                    <resolution id="3">Duplicate</resolution>
                                        <assignee username="-1">Unassigned</assignee>
                                    <reporter username="aploese">Arne Pl&#246;se</reporter>
                        <labels>
                    </labels>
                <created>Sun, 7 Aug 2011 15:32:55 +0000</created>
                <updated>Thu, 3 Dec 2015 22:43:26 +0000</updated>
                            <resolved>Thu, 3 Dec 2015 22:43:26 +0000</resolved>
                                                    <fixVersion>4.0</fixVersion>
                                        <due></due>
                            <votes>0</votes>
                                    <watches>0</watches>
                                                                <comments>
                            <comment id="13080602" author="erans" created="Sun, 7 Aug 2011 17:01:37 +0000"  >&lt;p&gt;If &quot;ebe&quot; is for &quot;element-by-element&quot;, what would be the second element in&lt;/p&gt;
&lt;div class=&quot;code panel&quot; style=&quot;border-width: 1px;&quot;&gt;&lt;div class=&quot;codeContent panelContent&quot;&gt;
&lt;pre class=&quot;code-java&quot;&gt;
RealVector mapAdd(&lt;span class=&quot;code-object&quot;&gt;double&lt;/span&gt; d);
&lt;/pre&gt;
&lt;/div&gt;&lt;/div&gt;
&lt;p&gt;?&lt;/p&gt;</comment>
                            <comment id="13080612" author="aploese" created="Sun, 7 Aug 2011 17:53:25 +0000"  >&lt;p&gt;OK, I misunderstood element-by-element.&lt;br/&gt;
I thougth ad d to all elemnets of this (aka. add d element-by-element).&lt;br/&gt;
Nontheless I think map is misleading - use ebe or drop the prefix entirely.&lt;/p&gt;</comment>
                            <comment id="13080660" author="erans" created="Sun, 7 Aug 2011 20:40:07 +0000"  >&lt;p&gt;&amp;gt; ad d to all elemnets of this&lt;/p&gt;

&lt;p&gt;This is correct.&lt;/p&gt;

&lt;p&gt;&amp;gt; aka. add d element-by-element&lt;/p&gt;

&lt;p&gt;Sorry, I think that this does not mean anything.&lt;/p&gt;

&lt;p&gt;&amp;gt; map is misleading&lt;/p&gt;

&lt;p&gt;This name is used in many languages. It means &quot;apply &amp;lt;the operation&amp;gt; to each element&quot;.&lt;/p&gt;

&lt;p&gt;&amp;gt; use ebe&lt;/p&gt;

&lt;p&gt;As noted already, this is not the same: It means &quot;apply &amp;lt;the operation&amp;gt; to each pair of elements&quot;.&lt;/p&gt;

&lt;p&gt;&amp;gt; drop the prefix entirely.&lt;/p&gt;

&lt;p&gt;This is incorrect in some cases. What would mean adding a number to an array?&lt;/p&gt;</comment>
                            <comment id="13080793" author="aploese" created="Mon, 8 Aug 2011 07:25:06 +0000"  >&lt;p&gt;If you have a look at the octave doc:&lt;/p&gt;
{url}&lt;a href=&quot;http://www.gnu.org/software/octave/doc/interpreter/Arithmetic-Ops.html#Arithmetic-Ops&quot; class=&quot;external-link&quot; rel=&quot;nofollow&quot;&gt;http://www.gnu.org/software/octave/doc/interpreter/Arithmetic-Ops.html#Arithmetic-Ops&lt;/a&gt;{url}
&lt;p&gt;you can do &lt;/p&gt;
&lt;div class=&quot;code panel&quot; style=&quot;border-width: 1px;&quot;&gt;&lt;div class=&quot;codeContent panelContent&quot;&gt;
&lt;pre class=&quot;code-java&quot;&gt;a = [1 2 3]&lt;/pre&gt;
&lt;/div&gt;&lt;/div&gt;
&lt;div class=&quot;code panel&quot; style=&quot;border-width: 1px;&quot;&gt;&lt;div class=&quot;codeContent panelContent&quot;&gt;
&lt;pre class=&quot;code-java&quot;&gt;a + 6&lt;/pre&gt;
&lt;/div&gt;&lt;/div&gt;
&lt;div class=&quot;code panel&quot; style=&quot;border-width: 1px;&quot;&gt;&lt;div class=&quot;codeContent panelContent&quot;&gt;
&lt;pre class=&quot;code-java&quot;&gt;a .+ 6&lt;/pre&gt;
&lt;/div&gt;&lt;/div&gt;
&lt;p&gt;or&lt;/p&gt;
&lt;div class=&quot;code panel&quot; style=&quot;border-width: 1px;&quot;&gt;&lt;div class=&quot;codeContent panelContent&quot;&gt;
&lt;pre class=&quot;code-java&quot;&gt;a + a&lt;/pre&gt;
&lt;/div&gt;&lt;/div&gt;
&lt;div class=&quot;code panel&quot; style=&quot;border-width: 1px;&quot;&gt;&lt;div class=&quot;codeContent panelContent&quot;&gt;
&lt;pre class=&quot;code-java&quot;&gt;a .+ a&lt;/pre&gt;
&lt;/div&gt;&lt;/div&gt;

&lt;p&gt;they name this element by element...&lt;/p&gt;
</comment>
                            <comment id="13080797" author="erans" created="Mon, 8 Aug 2011 07:52:36 +0000"  >&lt;p&gt;In Perl, the output of&lt;/p&gt;
&lt;div class=&quot;code panel&quot; style=&quot;border-width: 1px;&quot;&gt;&lt;div class=&quot;codeContent panelContent&quot;&gt;
&lt;pre class=&quot;code-java&quot;&gt;
@a = (1, 2, 3);
print @a + 6;
&lt;/pre&gt;
&lt;/div&gt;&lt;/div&gt;
&lt;p&gt;is&lt;/p&gt;
&lt;div class=&quot;preformatted panel&quot; style=&quot;border-width: 1px;&quot;&gt;&lt;div class=&quot;preformattedContent panelContent&quot;&gt;
&lt;pre&gt;9
&lt;/pre&gt;
&lt;/div&gt;&lt;/div&gt;
&lt;p&gt;while&lt;/p&gt;
&lt;div class=&quot;code panel&quot; style=&quot;border-width: 1px;&quot;&gt;&lt;div class=&quot;codeContent panelContent&quot;&gt;
&lt;pre class=&quot;code-java&quot;&gt;
@a = (1, 2, 3);
@a = map {$_ + 6} @a;
print join(&lt;span class=&quot;code-quote&quot;&gt;&quot;,&quot;&lt;/span&gt;, @a);
&lt;/pre&gt;
&lt;/div&gt;&lt;/div&gt;
&lt;p&gt;will print&lt;/p&gt;
&lt;div class=&quot;preformatted panel&quot; style=&quot;border-width: 1px;&quot;&gt;&lt;div class=&quot;preformattedContent panelContent&quot;&gt;
&lt;pre&gt;7,8,9
&lt;/pre&gt;
&lt;/div&gt;&lt;/div&gt;

&lt;p&gt;So? &lt;img class=&quot;emoticon&quot; src=&quot;https://issues.apache.org/jira/images/icons/emoticons/wink.gif&quot; height=&quot;16&quot; width=&quot;16&quot; align=&quot;absmiddle&quot; alt=&quot;&quot; border=&quot;0&quot;/&gt;&lt;/p&gt;</comment>
                            <comment id="13081167" author="aploese" created="Mon, 8 Aug 2011 20:21:39 +0000"  >&lt;p&gt;@perl&lt;br/&gt;
&lt;a href=&quot;http://perldoc.perl.org/functions/map.html&quot; class=&quot;external-link&quot; rel=&quot;nofollow&quot;&gt;http://perldoc.perl.org/functions/map.html&lt;/a&gt;&lt;br/&gt;
says that map evaluates a BLOCK or EXPR given to map. This is what RealVector.map(...) does - nothing wrong with this.&lt;br/&gt;
But mapAdd(double d) is a simple addition of d to each element of the vector - I would say name this mapping is wrong in this case.&lt;/p&gt;
&lt;div class=&quot;code panel&quot; style=&quot;border-width: 1px;&quot;&gt;&lt;div class=&quot;codeContent panelContent&quot;&gt;
&lt;pre class=&quot;code-java&quot;&gt;AbstractRealvector.mappAddToSelf(&lt;span class=&quot;code-object&quot;&gt;double&lt;/span&gt; d)&lt;/pre&gt;
&lt;/div&gt;&lt;/div&gt;
&lt;p&gt; uses internally mapping so this may be OK - but I cant see any benefit from this.&lt;/p&gt;

&lt;p&gt;I think the reason for ebe and map is only dotProduct|outherProduct|ebeMultiply to make clear what the methods are doing.&lt;br/&gt;
By the way add(double[] v] should be renamend to ebeAdd(double[] v) to be consistent with the naming scheme.&lt;/p&gt;</comment>
                            <comment id="13081273" author="erans" created="Mon, 8 Aug 2011 22:54:30 +0000"  >&lt;blockquote&gt;
&lt;p&gt;&lt;span class=&quot;error&quot;&gt;&amp;#91;...&amp;#93;&lt;/span&gt; mapAdd(double d) is a simple addition of d to each element of the vector - I would say name this mapping is wrong in this case.&lt;/p&gt;&lt;/blockquote&gt;

&lt;p&gt;It is exactly the Perl definition which you quoted earlier:&lt;/p&gt;
&lt;blockquote&gt;
&lt;p&gt;&lt;span class=&quot;error&quot;&gt;&amp;#91;...&amp;#93;&lt;/span&gt; says that map evaluates a BLOCK or EXPR given to map&lt;/p&gt;&lt;/blockquote&gt;

&lt;div class=&quot;preformatted panel&quot; style=&quot;border-width: 1px;&quot;&gt;&lt;div class=&quot;preformattedContent panelContent&quot;&gt;
&lt;pre&gt;     Perl                Java
 map {$_ + d } @v     v.mapAdd(d)
&lt;/pre&gt;
&lt;/div&gt;&lt;/div&gt;

&lt;p&gt;Sorry, but I don&apos;t understand what is your problem with this.&lt;/p&gt;</comment>
                            <comment id="13081493" author="aploese" created="Tue, 9 Aug 2011 07:34:38 +0000"  >&lt;p&gt;OK I am comming from matlab|octave I want the operator &quot;.+&quot; implemented in commons.math.&lt;br/&gt;
After the naming convention in octave this is a element by element addition.&lt;/p&gt;

&lt;p&gt;Speaking: &quot;Add d to each entry of v&quot;, this should be visible in the name of the method like ebeAdd(double d)|ebeAdd(double[] d).&lt;/p&gt;

&lt;p&gt;You, viewing it from perl, say: &quot;Map the operator + with operand d to each entry of v&quot;.&lt;br/&gt;
So, why do I map this, if I want a simple addition? - map is confusing here for newcomers or people comming from matlab.&lt;/p&gt;

&lt;p&gt;Seeing no other comments, this looks like a problem only to me.&lt;br/&gt;
So lets do not waste more time on this ether let it open or close it with &quot;Wont Fix&quot;.&lt;/p&gt;

&lt;p&gt;Nevertheless I think usability suffers from this non consistent naming.&lt;/p&gt;</comment>
                            <comment id="13081521" author="erans" created="Tue, 9 Aug 2011 08:41:08 +0000"  >&lt;blockquote&gt;
&lt;p&gt;Nevertheless I think usability suffers from this non consistent naming.&lt;/p&gt;&lt;/blockquote&gt;

&lt;p&gt;Then, please open a discussion on the &quot;dev&quot; ML. You should probably include the various inconsistent namings and make a summary list of all the methods in each set. This will hopefully make the point clear to everyone, in order to decide what to change and how. Thanks.&lt;/p&gt;</comment>
                            <comment id="13082188" author="psteitz" created="Wed, 10 Aug 2011 06:49:53 +0000"  >&lt;p&gt;Whatever we decide to do in terms of renaming things needs to go in 3.0, so this needs to be resolved one way or another for 3.0.  &lt;/p&gt;</comment>
                            <comment id="13202281" author="erans" created="Tue, 7 Feb 2012 12:23:30 +0000"  >&lt;p&gt;I don&apos;t think that a complete list of inconsistencies ever made it to the ML; please correct me if I&apos;m mistaken.&lt;/p&gt;

&lt;p&gt;Should this really be resolved before 3.0? If it is non-blocking, I&apos;d propose to postpone it to 4.0.&lt;/p&gt;</comment>
                            <comment id="13202289" author="celestin" created="Tue, 7 Feb 2012 12:30:54 +0000"  >&lt;p&gt;I agree.&lt;/p&gt;</comment>
                            <comment id="13202517" author="luc" created="Tue, 7 Feb 2012 16:39:06 +0000"  >&lt;p&gt;Fine with me.&lt;/p&gt;</comment>
                            <comment id="14343760" author="tn" created="Mon, 2 Mar 2015 21:06:37 +0000"  >&lt;p&gt;element-by-element is simply the wrong term for this kind of operation.&lt;/p&gt;

&lt;p&gt;The referenced page of octave also makes the distinction between element-by-element operations and overloaded operations with different operands.&lt;/p&gt;

&lt;p&gt;The prefix map comes from the functional world and is well understood imho.&lt;/p&gt;

&lt;p&gt;As we have not deprecated anything in 3.x and the proposal is not very convincing for me, I propose to close it finally as won&apos;t fix.&lt;/p&gt;</comment>
                            <comment id="15038757" author="tn" created="Thu, 3 Dec 2015 22:43:26 +0000"  >&lt;p&gt;Should be discussed/fixed as part of &lt;a href=&quot;https://issues.apache.org/jira/browse/MATH-765&quot; title=&quot;Refactoring the vector and matrix classes&quot; class=&quot;issue-link&quot; data-issue-key=&quot;MATH-765&quot;&gt;MATH-765&lt;/a&gt;&lt;/p&gt;</comment>
                    </comments>
                <issuelinks>
                            <issuelinktype id="12310010">
                    <name>Incorporates</name>
                                                                <inwardlinks description="is part of">
                                        <issuelink>
            <issuekey id="12545537">MATH-765</issuekey>
        </issuelink>
                            </inwardlinks>
                                    </issuelinktype>
                            <issuelinktype id="12310051">
                    <name>Supercedes</name>
                                                                <inwardlinks description="is superceded by">
                                        <issuelink>
            <issuekey id="12545537">MATH-765</issuekey>
        </issuelink>
                            </inwardlinks>
                                    </issuelinktype>
                    </issuelinks>
                <attachments>
                    </attachments>
                <subtasks>
                    </subtasks>
                <customfields>
                                                <customfield id="customfield_12310310" key="com.atlassian.jira.toolkit:attachments">
                        <customfieldname>Attachment count</customfieldname>
                        <customfieldvalues>
                            <customfieldvalue>0.0</customfieldvalue>
                        </customfieldvalues>
                    </customfield>
                                                                                                                                                                                                                                                                                                                                                                                                                                                                                                                                <customfield id="customfield_12310220" key="com.atlassian.jira.ext.charting:firstresponsedate">
                        <customfieldname>Date of First Response</customfieldname>
                        <customfieldvalues>
                            <customfieldvalue>Sun, 7 Aug 2011 17:01:37 +0000</customfieldvalue>

                        </customfieldvalues>
                    </customfield>
                                                                                                                                                                                                                                                                                                                                                                                                                                            <customfield id="customfield_12310420" key="com.pyxis.greenhopper.jira:gh-global-rank">
                        <customfieldname>Global Rank</customfieldname>
                        <customfieldvalues>
                            <customfieldvalue>2197</customfieldvalue>
                        </customfieldvalues>
                    </customfield>
                                                                                                                        <customfield id="customfield_12312521" key="com.atlassian.jira.toolkit:LastCommentDate">
                        <customfieldname>Last public comment date</customfieldname>
                        <customfieldvalues>
                            50 weeks, 2 days ago
                        </customfieldvalues>
                    </customfield>
                                                                                            <customfield id="customfield_12311820" key="com.pyxis.greenhopper.jira:gh-lexo-rank">
                        <customfieldname>Rank</customfieldname>
                        <customfieldvalues>
                            <customfieldvalue>0|i0291r:</customfieldvalue>

                        </customfieldvalues>
                    </customfield>
                                                                <customfield id="customfield_12310920" key="com.pyxis.greenhopper.jira:gh-global-rank">
                        <customfieldname>Rank (Obsolete)</customfieldname>
                        <customfieldvalues>
                            <customfieldvalue>11067</customfieldvalue>
                        </customfieldvalues>
                    </customfield>
                                                                                                                                                                                                                                        <customfield id="customfield_12310222" key="com.atlassian.jira.ext.charting:timeinstatus">
                        <customfieldname>Time in Status</customfieldname>
                        <customfieldvalues>
                            
                        </customfieldvalues>
                    </customfield>
                                                                                                                        </customfields>
    </item>
</channel>
</rss>