<!-- 
RSS generated by JIRA (6.3.4#6332-sha1:51bc225ef474afe3128b2f66878477f322397b16) at Fri Dec 02 17:58:41 UTC 2016

It is possible to restrict the fields that are returned in this document by specifying the 'field' parameter in your request.
For example, to request only the issue key and summary add field=key&field=summary to the URL of your request.
For example:
https://issues.apache.org/jira/si/jira.issueviews:issue-xml/MATH-94/MATH-94.xml?field=key&amp;field=summary
-->
<rss version="0.92" >
<channel>
    <title>ASF JIRA</title>
    <link>https://issues.apache.org/jira</link>
    <description>This file is an XML representation of an issue</description>
    <language>en-uk</language>    <build-info>
        <version>6.3.4</version>
        <build-number>6332</build-number>
        <build-date>15-08-2014</build-date>
    </build-info>

<item>
            <title>[MATH-94] [math] Update task list</title>
                <link>https://issues.apache.org/jira/browse/MATH-94</link>
                <project id="12310485" key="MATH">Commons Math</project>
                    <description>&lt;p&gt;Attaching a patch updating tasks.xml&lt;/p&gt;</description>
                <environment>&lt;p&gt;Operating System: other&lt;br/&gt;
Platform: Other&lt;/p&gt;</environment>
        <key id="12340811">MATH-94</key>
            <summary>[math] Update task list</summary>
                <type id="1" iconUrl="https://issues.apache.org/jira/images/icons/issuetypes/bug.png">Bug</type>
                                            <priority id="3" iconUrl="https://issues.apache.org/jira/images/icons/priorities/major.png">Major</priority>
                        <status id="6" iconUrl="https://issues.apache.org/jira/images/icons/statuses/closed.png" description="The issue is considered finished, the resolution is correct. Issues which are closed can be reopened.">Closed</status>
                    <statusCategory id="3" key="done" colorName="green"/>
                                    <resolution id="1">Fixed</resolution>
                                        <assignee username="-1">Unassigned</assignee>
                                    <reporter username="phil@steitz.com">Phil Steitz</reporter>
                        <labels>
                    </labels>
                <created>Mon, 23 Jun 2003 22:37:40 +0000</created>
                <updated>Mon, 23 Jul 2012 23:24:40 +0000</updated>
                            <resolved>Thu, 23 Apr 2009 02:26:11 +0000</resolved>
                                                                        <due></due>
                            <votes>0</votes>
                                    <watches>0</watches>
                                                                <comments>
                            <comment id="12404574" author="phil@steitz.com" created="Mon, 23 Jun 2003 22:38:26 +0000"  >&lt;p&gt;Created an attachment (id=6937)&lt;br/&gt;
Patch to tasks.xml&lt;/p&gt;</comment>
                            <comment id="12404575" author="mdiggory@gmail.com" created="Wed, 25 Jun 2003 08:51:55 +0000"  >&lt;p&gt;Phil, This patch contains two patches to 2 different versions of the same file,&lt;br/&gt;
one for version 1.4 one for version 1.5. Do you know how it needs to be applied&lt;br/&gt;
or can you provide a single patch that covers the entire changes to this file. &lt;/p&gt;</comment>
                            <comment id="12404576" author="phil@steitz.com" created="Wed, 25 Jun 2003 20:28:37 +0000"  >&lt;p&gt;Created an attachment (id=6970)&lt;br/&gt;
corrected patch file&lt;/p&gt;</comment>
                            <comment id="12404577" author="phil@steitz.com" created="Wed, 25 Jun 2003 20:30:43 +0000"  >&lt;p&gt;Oops! I appended the new patch to an old patch file by mistake.  The new patch&lt;br/&gt;
that I just added includes only the new stuff. Sorry.  -P&lt;/p&gt;</comment>
                            <comment id="12404578" author="mdiggory@gmail.com" created="Wed, 25 Jun 2003 20:34:36 +0000"  >&lt;p&gt;Commited it with one minor change, I already added the array methods to StatUtils.&lt;/p&gt;</comment>
                    </comments>
                    <attachments>
                            <attachment id="12332380" name="ASF.LICENSE.NOT.GRANTED--taskListPatch.txt" size="7133" author="phil@steitz.com" created="Mon, 23 Jun 2003 22:38:26 +0000"/>
                            <attachment id="12332381" name="ASF.LICENSE.NOT.GRANTED--tasksPatch.txt" size="5127" author="phil@steitz.com" created="Wed, 25 Jun 2003 20:28:37 +0000"/>
                    </attachments>
                <subtasks>
                    </subtasks>
                <customfields>
                                                <customfield id="customfield_12310310" key="com.atlassian.jira.toolkit:attachments">
                        <customfieldname>Attachment count</customfieldname>
                        <customfieldvalues>
                            <customfieldvalue>2.0</customfieldvalue>
                        </customfieldvalues>
                    </customfield>
                                                                                                                                                                                                                                                                                                                                                                                                                                                                        <customfield id="customfield_10010" key="com.atlassian.jira.plugin.system.customfieldtypes:importid">
                        <customfieldname>Bugzilla Id</customfieldname>
                        <customfieldvalues>
                            <customfieldvalue>21015</customfieldvalue>
                        </customfieldvalues>
                    </customfield>
                                                                                            <customfield id="customfield_12310220" key="com.atlassian.jira.ext.charting:firstresponsedate">
                        <customfieldname>Date of First Response</customfieldname>
                        <customfieldvalues>
                            <customfieldvalue>Wed, 25 Jun 2003 08:51:55 +0000</customfieldvalue>

                        </customfieldvalues>
                    </customfield>
                                                                                                                                                                                                                                                                                                                                                                                                                                            <customfield id="customfield_12310420" key="com.pyxis.greenhopper.jira:gh-global-rank">
                        <customfieldname>Global Rank</customfieldname>
                        <customfieldvalues>
                            <customfieldvalue>150330</customfieldvalue>
                        </customfieldvalues>
                    </customfield>
                                                                                                                        <customfield id="customfield_12312521" key="com.atlassian.jira.toolkit:LastCommentDate">
                        <customfieldname>Last public comment date</customfieldname>
                        <customfieldvalues>
                            13 years, 25 weeks, 1 day ago
                        </customfieldvalues>
                    </customfield>
                                                                                            <customfield id="customfield_12311820" key="com.pyxis.greenhopper.jira:gh-lexo-rank">
                        <customfieldname>Rank</customfieldname>
                        <customfieldvalues>
                            <customfieldvalue>0|i0rwk7:</customfieldvalue>

                        </customfieldvalues>
                    </customfield>
                                                                <customfield id="customfield_12310920" key="com.pyxis.greenhopper.jira:gh-global-rank">
                        <customfieldname>Rank (Obsolete)</customfieldname>
                        <customfieldvalues>
                            <customfieldvalue>160919</customfieldvalue>
                        </customfieldvalues>
                    </customfield>
                                                                                                                                                                                                                                                                                                                            </customfields>
    </item>
</channel>
</rss>