<!-- 
RSS generated by JIRA (6.3.4#6332-sha1:51bc225ef474afe3128b2f66878477f322397b16) at Fri Dec 02 17:55:12 UTC 2016

It is possible to restrict the fields that are returned in this document by specifying the 'field' parameter in your request.
For example, to request only the issue key and summary add field=key&field=summary to the URL of your request.
For example:
https://issues.apache.org/jira/si/jira.issueviews:issue-xml/MATH-56/MATH-56.xml?field=key&amp;field=summary
-->
<rss version="0.92" >
<channel>
    <title>ASF JIRA</title>
    <link>https://issues.apache.org/jira</link>
    <description>This file is an XML representation of an issue</description>
    <language>en-uk</language>    <build-info>
        <version>6.3.4</version>
        <build-number>6332</build-number>
        <build-date>15-08-2014</build-date>
    </build-info>

<item>
            <title>[MATH-56] [math][patch] Interpolation Source Files</title>
                <link>https://issues.apache.org/jira/browse/MATH-56</link>
                <project id="12310485" key="MATH">Commons Math</project>
                    <description>&lt;p&gt;rename ExpFunction.java to Expm1Function.java and make changes to it&lt;br/&gt;
fix bug in NevilleInterpolatorTest.java&lt;br/&gt;
minor changes in PolynomialFunctionLagrangeForm.java&lt;/p&gt;

&lt;p&gt;replace these 3 files in &lt;a href=&quot;https://issues.apache.org/jira/browse/MATH-77&quot; title=&quot;[math][patch] Interpolation Source Files&quot; class=&quot;issue-link&quot; data-issue-key=&quot;MATH-77&quot;&gt;&lt;del&gt;COM-2311&lt;/del&gt;&lt;/a&gt;, others remain the same.&lt;/p&gt;</description>
                <environment>&lt;p&gt;Operating System: All&lt;br/&gt;
Platform: All&lt;/p&gt;</environment>
        <key id="12342464">MATH-56</key>
            <summary>[math][patch] Interpolation Source Files</summary>
                <type id="1" iconUrl="https://issues.apache.org/jira/images/icons/issuetypes/bug.png">Bug</type>
                                            <priority id="3" iconUrl="https://issues.apache.org/jira/images/icons/priorities/major.png">Major</priority>
                        <status id="6" iconUrl="https://issues.apache.org/jira/images/icons/statuses/closed.png" description="The issue is considered finished, the resolution is correct. Issues which are closed can be reopened.">Closed</status>
                    <statusCategory id="3" key="done" colorName="green"/>
                                    <resolution id="1">Fixed</resolution>
                                        <assignee username="-1">Unassigned</assignee>
                                    <reporter username="zxg_32@yahoo.com">Xiaogang Zhang</reporter>
                        <labels>
                    </labels>
                <created>Sat, 13 Aug 2005 10:54:06 +0000</created>
                <updated>Thu, 23 Apr 2009 02:26:07 +0000</updated>
                            <resolved>Thu, 23 Apr 2009 02:26:07 +0000</resolved>
                                                                        <due></due>
                            <votes>0</votes>
                                    <watches>0</watches>
                                                                <comments>
                            <comment id="12410089" author="zxg_32@yahoo.com" created="Sat, 13 Aug 2005 10:54:56 +0000"  >&lt;p&gt;Created an attachment (id=16028)&lt;br/&gt;
Interpolation Source Files&lt;/p&gt;</comment>
                            <comment id="12410090" author="j3322ptm@yahoo.de" created="Thu, 25 Aug 2005 06:46:19 +0000"  >&lt;p&gt;Files added (without change, revision pending)&lt;/p&gt;</comment>
                    </comments>
                    <attachments>
                            <attachment id="12333709" name="ASF.LICENSE.NOT.GRANTED--Interpolator.zip" size="5525" author="zxg_32@yahoo.com" created="Sat, 13 Aug 2005 10:54:56 +0000"/>
                    </attachments>
                <subtasks>
                    </subtasks>
                <customfields>
                                                <customfield id="customfield_12310310" key="com.atlassian.jira.toolkit:attachments">
                        <customfieldname>Attachment count</customfieldname>
                        <customfieldvalues>
                            <customfieldvalue>1.0</customfieldvalue>
                        </customfieldvalues>
                    </customfield>
                                                                                                                                                                                                                                                                                                                                                                                                                                                                        <customfield id="customfield_10010" key="com.atlassian.jira.plugin.system.customfieldtypes:importid">
                        <customfieldname>Bugzilla Id</customfieldname>
                        <customfieldvalues>
                            <customfieldvalue>36175</customfieldvalue>
                        </customfieldvalues>
                    </customfield>
                                                                                            <customfield id="customfield_12310220" key="com.atlassian.jira.ext.charting:firstresponsedate">
                        <customfieldname>Date of First Response</customfieldname>
                        <customfieldvalues>
                            <customfieldvalue>Thu, 25 Aug 2005 06:46:19 +0000</customfieldvalue>

                        </customfieldvalues>
                    </customfield>
                                                                                                                                                                                                                                                                                                                                                                                                                                            <customfield id="customfield_12310420" key="com.pyxis.greenhopper.jira:gh-global-rank">
                        <customfieldname>Global Rank</customfieldname>
                        <customfieldvalues>
                            <customfieldvalue>150296</customfieldvalue>
                        </customfieldvalues>
                    </customfield>
                                                                                                                        <customfield id="customfield_12312521" key="com.atlassian.jira.toolkit:LastCommentDate">
                        <customfieldname>Last public comment date</customfieldname>
                        <customfieldvalues>
                            11 years, 16 weeks, 1 day ago
                        </customfieldvalues>
                    </customfield>
                                                                                            <customfield id="customfield_12311820" key="com.pyxis.greenhopper.jira:gh-lexo-rank">
                        <customfieldname>Rank</customfieldname>
                        <customfieldvalues>
                            <customfieldvalue>0|i0rwsn:</customfieldvalue>

                        </customfieldvalues>
                    </customfield>
                                                                <customfield id="customfield_12310920" key="com.pyxis.greenhopper.jira:gh-global-rank">
                        <customfieldname>Rank (Obsolete)</customfieldname>
                        <customfieldvalues>
                            <customfieldvalue>160957</customfieldvalue>
                        </customfieldvalues>
                    </customfield>
                                                                                                                                                                                                                                                                                                                            </customfields>
    </item>
</channel>
</rss>