<!-- 
RSS generated by JIRA (6.3.4#6332-sha1:51bc225ef474afe3128b2f66878477f322397b16) at Fri Nov 18 21:11:23 UTC 2016

It is possible to restrict the fields that are returned in this document by specifying the 'field' parameter in your request.
For example, to request only the issue key and summary add field=key&field=summary to the URL of your request.
For example:
https://issues.apache.org/jira/si/jira.issueviews:issue-xml/MATH-782/MATH-782.xml?field=key&amp;field=summary
-->
<rss version="0.92" >
<channel>
    <title>ASF JIRA</title>
    <link>https://issues.apache.org/jira</link>
    <description>This file is an XML representation of an issue</description>
    <language>en-uk</language>    <build-info>
        <version>6.3.4</version>
        <build-number>6332</build-number>
        <build-date>15-08-2014</build-date>
    </build-info>

<item>
            <title>[MATH-782] BrentOptimizer: User-defined check block is badly placed</title>
                <link>https://issues.apache.org/jira/browse/MATH-782</link>
                <project id="12310485" key="MATH">Commons Math</project>
                    <description>&lt;p&gt;The CM implementation of Brent&apos;s original algorithm was supposed to allow for a user-defined stopping criterion (in addition to Brent&apos;s default one).&lt;br/&gt;
However, it turns out that this additional block of code is not at the right location, implying an unwanted early exit.&lt;/p&gt;</description>
                <environment></environment>
        <key id="12552120">MATH-782</key>
            <summary>BrentOptimizer: User-defined check block is badly placed</summary>
                <type id="1" iconUrl="https://issues.apache.org/jira/images/icons/issuetypes/bug.png">Bug</type>
                                            <priority id="3" iconUrl="https://issues.apache.org/jira/images/icons/priorities/major.png">Major</priority>
                        <status id="6" iconUrl="https://issues.apache.org/jira/images/icons/statuses/closed.png" description="The issue is considered finished, the resolution is correct. Issues which are closed can be reopened.">Closed</status>
                    <statusCategory id="3" key="done" colorName="green"/>
                                    <resolution id="1">Fixed</resolution>
                                        <assignee username="erans">Gilles</assignee>
                                    <reporter username="erans">Gilles</reporter>
                        <labels>
                    </labels>
                <created>Mon, 23 Apr 2012 12:36:24 +0000</created>
                <updated>Mon, 4 Mar 2013 18:53:30 +0000</updated>
                            <resolved>Fri, 27 Apr 2012 23:31:21 +0000</resolved>
                                    <version>3.0</version>
                                    <fixVersion>3.1</fixVersion>
                                        <due></due>
                            <votes>0</votes>
                                    <watches>0</watches>
                                                                <comments>
                            <comment id="13259571" author="erans" created="Mon, 23 Apr 2012 12:38:20 +0000"  >&lt;p&gt;Please have a look at the proposed patch.&lt;/p&gt;</comment>
                            <comment id="13259642" author="luc" created="Mon, 23 Apr 2012 14:59:36 +0000"  >&lt;p&gt;I have no specific comment about this fix, just a question.&lt;/p&gt;

&lt;p&gt;The previous implementation, check user case after an if/else structure, so it was checked each time. Now it is checked only in one branch. Are we sure we would not always end up in the other branch and never user user check ?&lt;/p&gt;</comment>
                            <comment id="13259803" author="erans" created="Mon, 23 Apr 2012 18:20:19 +0000"  >&lt;p&gt;I saw that too. And I&apos;m not sure.&lt;br/&gt;
Clearly, what was there before was wrong: If there is no update of &quot;x&quot; and &quot;fx&quot; before the user-defined check is performed, the &quot;previous&quot; and &quot;current&quot; will hold the same values, leading to an early exit. The test which I&apos;ve added fails miserably with the check statement located at its original place.&lt;br/&gt;
I don&apos;t know the details of the algorithm, but there is only one block where &quot;x&quot; and &quot;fx&quot; are updated; thus it would seem safe that the user&apos;s check is placed there.&lt;/p&gt;</comment>
                            <comment id="13261685" author="erans" created="Wed, 25 Apr 2012 14:50:36 +0000"  >&lt;p&gt;Change applied in revision 1330321.&lt;/p&gt;</comment>
                            <comment id="13264089" author="erans" created="Fri, 27 Apr 2012 23:19:50 +0000"  >&lt;p&gt;Luc,&lt;/p&gt;

&lt;p&gt;You were right, the check is still not at the right place.&lt;br/&gt;
I&apos;ll try to fix it shortly.&lt;/p&gt;</comment>
                            <comment id="13264109" author="erans" created="Fri, 27 Apr 2012 23:31:21 +0000"  >&lt;p&gt;Hopefully fixed this time (revision 1331635).&lt;/p&gt;</comment>
                    </comments>
                    <attachments>
                            <attachment id="12523785" name="MATH-782.patch" size="3119" author="erans" created="Mon, 23 Apr 2012 12:38:20 +0000"/>
                    </attachments>
                <subtasks>
                    </subtasks>
                <customfields>
                                                <customfield id="customfield_12310310" key="com.atlassian.jira.toolkit:attachments">
                        <customfieldname>Attachment count</customfieldname>
                        <customfieldvalues>
                            <customfieldvalue>1.0</customfieldvalue>
                        </customfieldvalues>
                    </customfield>
                                                                                                                                                                                                                                                                                                                                                                                                                                                                                                                                <customfield id="customfield_12310220" key="com.atlassian.jira.ext.charting:firstresponsedate">
                        <customfieldname>Date of First Response</customfieldname>
                        <customfieldvalues>
                            <customfieldvalue>Mon, 23 Apr 2012 14:59:36 +0000</customfieldvalue>

                        </customfieldvalues>
                    </customfield>
                                                                                                                                                                                                                                                                                                                                                                                                                                            <customfield id="customfield_12310420" key="com.pyxis.greenhopper.jira:gh-global-rank">
                        <customfieldname>Global Rank</customfieldname>
                        <customfieldvalues>
                            <customfieldvalue>237299</customfieldvalue>
                        </customfieldvalues>
                    </customfield>
                                                                                                                        <customfield id="customfield_12312521" key="com.atlassian.jira.toolkit:LastCommentDate">
                        <customfieldname>Last public comment date</customfieldname>
                        <customfieldvalues>
                            4 years, 29 weeks, 6 days ago
                        </customfieldvalues>
                    </customfield>
                                                                                            <customfield id="customfield_12311820" key="com.pyxis.greenhopper.jira:gh-lexo-rank">
                        <customfieldname>Rank</customfieldname>
                        <customfieldvalues>
                            <customfieldvalue>0|i0rt8n:</customfieldvalue>

                        </customfieldvalues>
                    </customfield>
                                                                <customfield id="customfield_12310920" key="com.pyxis.greenhopper.jira:gh-global-rank">
                        <customfieldname>Rank (Obsolete)</customfieldname>
                        <customfieldvalues>
                            <customfieldvalue>160381</customfieldvalue>
                        </customfieldvalues>
                    </customfield>
                                                                                                                                                                                                                                        <customfield id="customfield_12310222" key="com.atlassian.jira.ext.charting:timeinstatus">
                        <customfieldname>Time in Status</customfieldname>
                        <customfieldvalues>
                            
                        </customfieldvalues>
                    </customfield>
                                                                                                                        </customfields>
    </item>
</channel>
</rss>