<!-- 
RSS generated by JIRA (6.3.4#6332-sha1:51bc225ef474afe3128b2f66878477f322397b16) at Fri Dec 02 18:02:48 UTC 2016

It is possible to restrict the fields that are returned in this document by specifying the 'field' parameter in your request.
For example, to request only the issue key and summary add field=key&field=summary to the URL of your request.
For example:
https://issues.apache.org/jira/si/jira.issueviews:issue-xml/MATH-27/MATH-27.xml?field=key&amp;field=summary
-->
<rss version="0.92" >
<channel>
    <title>ASF JIRA</title>
    <link>https://issues.apache.org/jira</link>
    <description>This file is an XML representation of an issue</description>
    <language>en-uk</language>    <build-info>
        <version>6.3.4</version>
        <build-number>6332</build-number>
        <build-date>15-08-2014</build-date>
    </build-info>

<item>
            <title>[MATH-27] [math][patch] Integration Source Files</title>
                <link>https://issues.apache.org/jira/browse/MATH-27</link>
                <project id="12310485" key="MATH">Commons Math</project>
                    <description>&lt;p&gt;Update TrapezoidIntegratorTest.java&lt;br/&gt;
Update SimpsonIntegratorTest.java&lt;br/&gt;
Update RombergIntegratorTest.java&lt;/p&gt;

&lt;p&gt;Some comments changes&lt;/p&gt;</description>
                <environment>&lt;p&gt;Operating System: All&lt;br/&gt;
Platform: All&lt;/p&gt;</environment>
        <key id="12342457">MATH-27</key>
            <summary>[math][patch] Integration Source Files</summary>
                <type id="1" iconUrl="https://issues.apache.org/jira/images/icons/issuetypes/bug.png">Bug</type>
                                            <priority id="3" iconUrl="https://issues.apache.org/jira/images/icons/priorities/major.png">Major</priority>
                        <status id="6" iconUrl="https://issues.apache.org/jira/images/icons/statuses/closed.png" description="The issue is considered finished, the resolution is correct. Issues which are closed can be reopened.">Closed</status>
                    <statusCategory id="3" key="done" colorName="green"/>
                                    <resolution id="1">Fixed</resolution>
                                        <assignee username="-1">Unassigned</assignee>
                                    <reporter username="zxg_32@yahoo.com">Xiaogang Zhang</reporter>
                        <labels>
                    </labels>
                <created>Fri, 12 Aug 2005 02:38:23 +0000</created>
                <updated>Thu, 23 Apr 2009 02:26:02 +0000</updated>
                            <resolved>Thu, 23 Apr 2009 02:26:02 +0000</resolved>
                                                                        <due></due>
                            <votes>0</votes>
                                    <watches>0</watches>
                                                                <comments>
                            <comment id="12410064" author="zxg_32@yahoo.com" created="Fri, 12 Aug 2005 02:38:55 +0000"  >&lt;p&gt;Created an attachment (id=16012)&lt;br/&gt;
Integration Source Files&lt;/p&gt;</comment>
                            <comment id="12410065" author="zxg_32@yahoo.com" created="Sat, 13 Aug 2005 09:04:18 +0000"  >&lt;p&gt;Created an attachment (id=16027)&lt;br/&gt;
Integration Source Files&lt;/p&gt;</comment>
                            <comment id="12410066" author="phil@steitz.com" created="Sun, 14 Aug 2005 15:53:48 +0000"  >&lt;ul&gt;
	&lt;li&gt;
	&lt;ul&gt;
		&lt;li&gt;
		&lt;ul&gt;
			&lt;li&gt;&lt;a href=&quot;https://issues.apache.org/jira/browse/MATH-52&quot; title=&quot;[math][patch] Integration Source Files&quot; class=&quot;issue-link&quot; data-issue-key=&quot;MATH-52&quot;&gt;&lt;del&gt;COM-2289&lt;/del&gt;&lt;/a&gt; has been marked as a duplicate of this bug. ***&lt;/li&gt;
		&lt;/ul&gt;
		&lt;/li&gt;
	&lt;/ul&gt;
	&lt;/li&gt;
&lt;/ul&gt;
</comment>
                            <comment id="12410067" author="phil@steitz.com" created="Sun, 14 Aug 2005 15:54:20 +0000"  >&lt;ul&gt;
	&lt;li&gt;
	&lt;ul&gt;
		&lt;li&gt;
		&lt;ul&gt;
			&lt;li&gt;&lt;a href=&quot;https://issues.apache.org/jira/browse/MATH-111&quot; title=&quot;[math][patch] Add UnivariateRealIntegratorImpl.java&quot; class=&quot;issue-link&quot; data-issue-key=&quot;MATH-111&quot;&gt;&lt;del&gt;COM-2269&lt;/del&gt;&lt;/a&gt; has been marked as a duplicate of this bug. ***&lt;/li&gt;
		&lt;/ul&gt;
		&lt;/li&gt;
	&lt;/ul&gt;
	&lt;/li&gt;
&lt;/ul&gt;
</comment>
                            <comment id="12410068" author="phil@steitz.com" created="Sun, 14 Aug 2005 15:54:48 +0000"  >&lt;ul&gt;
	&lt;li&gt;
	&lt;ul&gt;
		&lt;li&gt;
		&lt;ul&gt;
			&lt;li&gt;&lt;a href=&quot;https://issues.apache.org/jira/browse/MATH-105&quot; title=&quot;[math][patch] Add UnivariateRealIntegrator.java&quot; class=&quot;issue-link&quot; data-issue-key=&quot;MATH-105&quot;&gt;&lt;del&gt;COM-2268&lt;/del&gt;&lt;/a&gt; has been marked as a duplicate of this bug. ***&lt;/li&gt;
		&lt;/ul&gt;
		&lt;/li&gt;
	&lt;/ul&gt;
	&lt;/li&gt;
&lt;/ul&gt;
</comment>
                            <comment id="12410069" author="phil@steitz.com" created="Sun, 14 Aug 2005 15:55:18 +0000"  >&lt;ul&gt;
	&lt;li&gt;
	&lt;ul&gt;
		&lt;li&gt;
		&lt;ul&gt;
			&lt;li&gt;&lt;a href=&quot;https://issues.apache.org/jira/browse/MATH-98&quot; title=&quot;[math][patch] Integration Source Files&quot; class=&quot;issue-link&quot; data-issue-key=&quot;MATH-98&quot;&gt;&lt;del&gt;COM-2292&lt;/del&gt;&lt;/a&gt; has been marked as a duplicate of this bug. ***&lt;/li&gt;
		&lt;/ul&gt;
		&lt;/li&gt;
	&lt;/ul&gt;
	&lt;/li&gt;
&lt;/ul&gt;
</comment>
                            <comment id="12410070" author="phil@steitz.com" created="Sun, 14 Aug 2005 15:55:45 +0000"  >&lt;ul&gt;
	&lt;li&gt;
	&lt;ul&gt;
		&lt;li&gt;
		&lt;ul&gt;
			&lt;li&gt;&lt;a href=&quot;https://issues.apache.org/jira/browse/MATH-37&quot; title=&quot;[math][patch] Integration Source Files&quot; class=&quot;issue-link&quot; data-issue-key=&quot;MATH-37&quot;&gt;&lt;del&gt;COM-2304&lt;/del&gt;&lt;/a&gt; has been marked as a duplicate of this bug. ***&lt;/li&gt;
		&lt;/ul&gt;
		&lt;/li&gt;
	&lt;/ul&gt;
	&lt;/li&gt;
&lt;/ul&gt;
</comment>
                            <comment id="12410071" author="phil@steitz.com" created="Sun, 14 Aug 2005 15:56:43 +0000"  >&lt;p&gt;Patches applied with one small change - copyright dates all fixed to be 2005.&lt;br/&gt;
Thanks!&lt;/p&gt;</comment>
                    </comments>
                    <attachments>
                            <attachment id="12333702" name="ASF.LICENSE.NOT.GRANTED--Integration.zip" size="5467" author="zxg_32@yahoo.com" created="Sat, 13 Aug 2005 09:04:18 +0000"/>
                            <attachment id="12333701" name="ASF.LICENSE.NOT.GRANTED--Integration.zip" size="3651" author="zxg_32@yahoo.com" created="Fri, 12 Aug 2005 02:38:55 +0000"/>
                    </attachments>
                <subtasks>
                    </subtasks>
                <customfields>
                                                <customfield id="customfield_12310310" key="com.atlassian.jira.toolkit:attachments">
                        <customfieldname>Attachment count</customfieldname>
                        <customfieldvalues>
                            <customfieldvalue>2.0</customfieldvalue>
                        </customfieldvalues>
                    </customfield>
                                                                                                                                                                                                                                                                                                                                                                                                                                                                        <customfield id="customfield_10010" key="com.atlassian.jira.plugin.system.customfieldtypes:importid">
                        <customfieldname>Bugzilla Id</customfieldname>
                        <customfieldvalues>
                            <customfieldvalue>36148</customfieldvalue>
                        </customfieldvalues>
                    </customfield>
                                                                                            <customfield id="customfield_12310220" key="com.atlassian.jira.ext.charting:firstresponsedate">
                        <customfieldname>Date of First Response</customfieldname>
                        <customfieldvalues>
                            <customfieldvalue>Sun, 14 Aug 2005 15:53:48 +0000</customfieldvalue>

                        </customfieldvalues>
                    </customfield>
                                                                                                                                                                                                                                                                                                                                                                                                                                            <customfield id="customfield_12310420" key="com.pyxis.greenhopper.jira:gh-global-rank">
                        <customfieldname>Global Rank</customfieldname>
                        <customfieldvalues>
                            <customfieldvalue>150272</customfieldvalue>
                        </customfieldvalues>
                    </customfield>
                                                                                                                        <customfield id="customfield_12312521" key="com.atlassian.jira.toolkit:LastCommentDate">
                        <customfieldname>Last public comment date</customfieldname>
                        <customfieldvalues>
                            11 years, 17 weeks, 5 days ago
                        </customfieldvalues>
                    </customfield>
                                                                                            <customfield id="customfield_12311820" key="com.pyxis.greenhopper.jira:gh-lexo-rank">
                        <customfieldname>Rank</customfieldname>
                        <customfieldvalues>
                            <customfieldvalue>0|i0rwz3:</customfieldvalue>

                        </customfieldvalues>
                    </customfield>
                                                                <customfield id="customfield_12310920" key="com.pyxis.greenhopper.jira:gh-global-rank">
                        <customfieldname>Rank (Obsolete)</customfieldname>
                        <customfieldvalues>
                            <customfieldvalue>160986</customfieldvalue>
                        </customfieldvalues>
                    </customfield>
                                                                                                                                                                                                                                                                                                                            </customfields>
    </item>
</channel>
</rss>