<!-- 
RSS generated by JIRA (6.3.4#6332-sha1:51bc225ef474afe3128b2f66878477f322397b16) at Fri Nov 18 23:20:08 UTC 2016

It is possible to restrict the fields that are returned in this document by specifying the 'field' parameter in your request.
For example, to request only the issue key and summary add field=key&field=summary to the URL of your request.
For example:
https://issues.apache.org/jira/si/jira.issueviews:issue-xml/MATH-1141/MATH-1141.xml?field=key&amp;field=summary
-->
<rss version="0.92" >
<channel>
    <title>ASF JIRA</title>
    <link>https://issues.apache.org/jira</link>
    <description>This file is an XML representation of an issue</description>
    <language>en-uk</language>    <build-info>
        <version>6.3.4</version>
        <build-number>6332</build-number>
        <build-date>15-08-2014</build-date>
    </build-info>

<item>
            <title>[MATH-1141] UniformIntegerDistribution should make constructer a exclusive bound or made parameter check more relax</title>
                <link>https://issues.apache.org/jira/browse/MATH-1141</link>
                <project id="12310485" key="MATH">Commons Math</project>
                    <description>&lt;p&gt;UniformIntegerDistribution constructer  public UniformIntegerDistribution(RandomGenerator rng,&lt;br/&gt;
                                      int lower,&lt;br/&gt;
                                      int upper) &lt;br/&gt;
the lower and the upper all inclusive. but the parameter check made a   if (lower &amp;gt;= upper) {&lt;br/&gt;
            throw new NumberIsTooLargeException(&lt;br/&gt;
                            LocalizedFormats.LOWER_BOUND_NOT_BELOW_UPPER_BOUND,&lt;br/&gt;
                            lower, upper, false);&lt;br/&gt;
check, i think it is too strict&lt;br/&gt;
to construct UniformIntegerDistribution (0,0) &lt;br/&gt;
this should make it possible&lt;/p&gt;</description>
                <environment></environment>
        <key id="12730981">MATH-1141</key>
            <summary>UniformIntegerDistribution should make constructer a exclusive bound or made parameter check more relax</summary>
                <type id="1" iconUrl="https://issues.apache.org/jira/images/icons/issuetypes/bug.png">Bug</type>
                                            <priority id="4" iconUrl="https://issues.apache.org/jira/images/icons/priorities/minor.png">Minor</priority>
                        <status id="6" iconUrl="https://issues.apache.org/jira/images/icons/statuses/closed.png" description="The issue is considered finished, the resolution is correct. Issues which are closed can be reopened.">Closed</status>
                    <statusCategory id="3" key="done" colorName="green"/>
                                    <resolution id="1">Fixed</resolution>
                                        <assignee username="-1">Unassigned</assignee>
                                    <reporter username="milesandnick">milesandnick</reporter>
                        <labels>
                    </labels>
                <created>Thu, 31 Jul 2014 02:25:49 +0000</created>
                <updated>Fri, 26 Dec 2014 19:50:31 +0000</updated>
                            <resolved>Mon, 4 Aug 2014 21:02:26 +0000</resolved>
                                                    <fixVersion>3.4</fixVersion>
                                        <due></due>
                            <votes>0</votes>
                                    <watches>3</watches>
                                                                <comments>
                            <comment id="14084544" author="erans" created="Mon, 4 Aug 2014 11:21:31 +0000"  >&lt;blockquote&gt;&lt;p&gt;construct UniformIntegerDistribution (0,0)&lt;/p&gt;&lt;/blockquote&gt;

&lt;p&gt;Why should this be allowed?&lt;/p&gt;</comment>
                            <comment id="14084784" author="psteitz" created="Mon, 4 Aug 2014 15:40:44 +0000"  >&lt;p&gt;I agree with the OP that this should be fixed.  Setting upper = lower here amounts to an integer-valued constant distribution, which is a legitimate degenerate case.  I guess in theory you could say the same thing about the real (continuous) case, but it makes more sense to me in the discrete case.&lt;/p&gt;</comment>
                            <comment id="14085281" author="erans" created="Mon, 4 Aug 2014 21:02:26 +0000"  >&lt;p&gt;Fixed in revision 1615790.&lt;/p&gt;</comment>
                    </comments>
                    <attachments>
                    </attachments>
                <subtasks>
                    </subtasks>
                <customfields>
                                                <customfield id="customfield_12310310" key="com.atlassian.jira.toolkit:attachments">
                        <customfieldname>Attachment count</customfieldname>
                        <customfieldvalues>
                            <customfieldvalue>0.0</customfieldvalue>
                        </customfieldvalues>
                    </customfield>
                                                                                                                                                                                                                                                                                                                                                                                                                                                                                                                                <customfield id="customfield_12310220" key="com.atlassian.jira.ext.charting:firstresponsedate">
                        <customfieldname>Date of First Response</customfieldname>
                        <customfieldvalues>
                            <customfieldvalue>Mon, 4 Aug 2014 11:21:31 +0000</customfieldvalue>

                        </customfieldvalues>
                    </customfield>
                                                                                                                                                                                                                                                                                                                                                                                                                                            <customfield id="customfield_12310420" key="com.pyxis.greenhopper.jira:gh-global-rank">
                        <customfieldname>Global Rank</customfieldname>
                        <customfieldvalues>
                            <customfieldvalue>409053</customfieldvalue>
                        </customfieldvalues>
                    </customfield>
                                                                                                                        <customfield id="customfield_12312521" key="com.atlassian.jira.toolkit:LastCommentDate">
                        <customfieldname>Last public comment date</customfieldname>
                        <customfieldvalues>
                            2 years, 15 weeks, 4 days ago
                        </customfieldvalues>
                    </customfield>
                                                                                            <customfield id="customfield_12311820" key="com.pyxis.greenhopper.jira:gh-lexo-rank">
                        <customfieldname>Rank</customfieldname>
                        <customfieldvalues>
                            <customfieldvalue>0|i1ydr3:</customfieldvalue>

                        </customfieldvalues>
                    </customfield>
                                                                <customfield id="customfield_12310920" key="com.pyxis.greenhopper.jira:gh-global-rank">
                        <customfieldname>Rank (Obsolete)</customfieldname>
                        <customfieldvalues>
                            <customfieldvalue>409049</customfieldvalue>
                        </customfieldvalues>
                    </customfield>
                                                                                                                                                                                                                                        <customfield id="customfield_12310222" key="com.atlassian.jira.ext.charting:timeinstatus">
                        <customfieldname>Time in Status</customfieldname>
                        <customfieldvalues>
                            
                        </customfieldvalues>
                    </customfield>
                                                                                                                        </customfields>
    </item>
</channel>
</rss>