<!-- 
RSS generated by JIRA (6.3.4#6332-sha1:51bc225ef474afe3128b2f66878477f322397b16) at Sat Nov 19 23:23:25 UTC 2016

It is possible to restrict the fields that are returned in this document by specifying the 'field' parameter in your request.
For example, to request only the issue key and summary add field=key&field=summary to the URL of your request.
For example:
https://issues.apache.org/jira/si/jira.issueviews:issue-xml/MATH-383/MATH-383.xml?field=key&amp;field=summary
-->
<rss version="0.92" >
<channel>
    <title>ASF JIRA</title>
    <link>https://issues.apache.org/jira</link>
    <description>This file is an XML representation of an issue</description>
    <language>en-uk</language>    <build-info>
        <version>6.3.4</version>
        <build-number>6332</build-number>
        <build-date>15-08-2014</build-date>
    </build-info>

<item>
            <title>[MATH-383] MaxIterationsExceededException in SVD (EigenDecompositionImpl.findEigenVectors ) caused by NaN</title>
                <link>https://issues.apache.org/jira/browse/MATH-383</link>
                <project id="12310485" key="MATH">Commons Math</project>
                    <description>&lt;p&gt;In the following code fragment from EigenDecompositionImpl.findEigenVectors &lt;/p&gt;

&lt;p&gt;....................................................................&lt;br/&gt;
    for (int j = 0; j &amp;lt; n; j++) {&lt;br/&gt;
            int its = 0;&lt;br/&gt;
            int m;&lt;br/&gt;
            do {&lt;br/&gt;
                for (m = j; m &amp;lt; n - 1; m++) {&lt;br/&gt;
                    double delta = Math.abs(realEigenvalues&lt;span class=&quot;error&quot;&gt;&amp;#91;m&amp;#93;&lt;/span&gt;) + Math.abs(realEigenvalues&lt;span class=&quot;error&quot;&gt;&amp;#91;m + 1&amp;#93;&lt;/span&gt;);&lt;br/&gt;
                    if (Math.abs(e&lt;span class=&quot;error&quot;&gt;&amp;#91;m&amp;#93;&lt;/span&gt;) + delta == delta) &lt;/p&gt;
{
                        break;
                    }&lt;br/&gt;
                }&lt;br/&gt;
          &lt;br/&gt;
&lt;br/&gt;
                if (m != j) {&lt;br/&gt;
                    .........................................&lt;br/&gt;
&lt;br/&gt;
the test for &quot;(Math.abs(e&lt;span class=&quot;error&quot;&gt;&amp;#91;m&amp;#93;&lt;/span&gt;) + delta == delta)&quot; is not executed  when m is equal to n -1.&lt;br/&gt;
As a result  e&lt;span class=&quot;error&quot;&gt;&amp;#91;m&amp;#93;&lt;/span&gt;  == 0 (does happen!) causes variables q and realEigenvalues&lt;span class=&quot;error&quot;&gt;&amp;#91;m&amp;#93;&lt;/span&gt; to become NaN that in turn causes   &quot;Math.abs(e&lt;span class=&quot;error&quot;&gt;&amp;#91;m&amp;#93;&lt;/span&gt;) + delta == delta)&quot; to become always false.&lt;br/&gt;
&lt;br/&gt;
My guess (seems to work) is that another test for e&lt;span class=&quot;error&quot;&gt;&amp;#91;m&amp;#93;&lt;/span&gt; == 0 is needed, so that the code becomes&lt;br/&gt;
&lt;br/&gt;
   for (int j = 0; j &amp;lt; n; j++) {&lt;br/&gt;
            int its = 0;&lt;br/&gt;
            int m;&lt;br/&gt;
            do {&lt;br/&gt;
                for (m = j; m &amp;lt; n - 1; m++) {&lt;br/&gt;
                    double delta = Math.abs(realEigenvalues&lt;span class=&quot;error&quot;&gt;&amp;#91;m&amp;#93;&lt;/span&gt;) + Math.abs(realEigenvalues&lt;span class=&quot;error&quot;&gt;&amp;#91;m + 1&amp;#93;&lt;/span&gt;);&lt;br/&gt;
                    if (Math.abs(e&lt;span class=&quot;error&quot;&gt;&amp;#91;m&amp;#93;&lt;/span&gt;) + delta == delta) {
                        break;
                    }
&lt;p&gt;                }&lt;/p&gt;

&lt;p&gt;               // begin patch &lt;br/&gt;
               if ( m == n - 1 &amp;amp;&amp;amp; e&lt;span class=&quot;error&quot;&gt;&amp;#91;m-1&amp;#93;&lt;/span&gt; == 0 )&lt;br/&gt;
                       break;&lt;br/&gt;
               // end patch&lt;/p&gt;



&lt;p&gt;               if (m != j) {&lt;br/&gt;
                    ......................................... &lt;/p&gt;

&lt;p&gt;or something like that&lt;/p&gt;
</description>
                <environment>&lt;p&gt;Java 6&lt;/p&gt;</environment>
        <key id="12468767">MATH-383</key>
            <summary>MaxIterationsExceededException in SVD (EigenDecompositionImpl.findEigenVectors ) caused by NaN</summary>
                <type id="1" iconUrl="https://issues.apache.org/jira/images/icons/issuetypes/bug.png">Bug</type>
                                            <priority id="3" iconUrl="https://issues.apache.org/jira/images/icons/priorities/major.png">Major</priority>
                        <status id="6" iconUrl="https://issues.apache.org/jira/images/icons/statuses/closed.png" description="The issue is considered finished, the resolution is correct. Issues which are closed can be reopened.">Closed</status>
                    <statusCategory id="3" key="done" colorName="green"/>
                                    <resolution id="1">Fixed</resolution>
                                        <assignee username="dimpbx">Dimitri Pourbaix</assignee>
                                    <reporter username="kushkuley">Alexander Kushkuley</reporter>
                        <labels>
                    </labels>
                <created>Wed, 7 Jul 2010 22:18:26 +0000</created>
                <updated>Sat, 24 Mar 2012 16:16:40 +0000</updated>
                            <resolved>Wed, 20 Jul 2011 12:19:35 +0000</resolved>
                                    <version>3.0</version>
                                    <fixVersion>3.0</fixVersion>
                                        <due></due>
                            <votes>0</votes>
                                    <watches>0</watches>
                                    <timeoriginalestimate seconds="86400">24h</timeoriginalestimate>
                            <timeestimate seconds="86400">24h</timeestimate>
                                        <comments>
                            <comment id="12892250" author="psteitz" created="Mon, 26 Jul 2010 10:12:23 +0000"  >&lt;p&gt;Thanks for reporting this.&lt;/p&gt;</comment>
                            <comment id="12892326" author="dimpbx" created="Mon, 26 Jul 2010 14:52:23 +0000"  >&lt;p&gt;Could you supply with a matrix which causes the problem?  The present unit tests are not helpful enough.&lt;/p&gt;</comment>
                            <comment id="12975155" author="psteitz" created="Sun, 26 Dec 2010 20:03:55 +0000"  >&lt;p&gt;Leaving open, but pushing out to 3.0.  Needs more info and possibly retest when 3.0 changes to SVD are implemented.&lt;/p&gt;</comment>
                            <comment id="13068316" author="luc" created="Wed, 20 Jul 2011 12:19:35 +0000"  >&lt;p&gt;Fixed in subversion repository as of r1148714.&lt;/p&gt;

&lt;p&gt;This issue was fixed by changing SVD implementation according to issue &lt;a href=&quot;https://issues.apache.org/jira/browse/MATH-611&quot; title=&quot;A fast and stable SVD implementation from JAMA&quot; class=&quot;issue-link&quot; data-issue-key=&quot;MATH-611&quot;&gt;&lt;del&gt;MATH-611&lt;/del&gt;&lt;/a&gt;.&lt;/p&gt;</comment>
                    </comments>
                <issuelinks>
                            <issuelinktype id="12310010">
                    <name>Incorporates</name>
                                                                <inwardlinks description="is part of">
                                        <issuelink>
            <issuekey id="12512945">MATH-611</issuekey>
        </issuelink>
                            </inwardlinks>
                                    </issuelinktype>
                    </issuelinks>
                <attachments>
                    </attachments>
                <subtasks>
                    </subtasks>
                <customfields>
                                                <customfield id="customfield_12310310" key="com.atlassian.jira.toolkit:attachments">
                        <customfieldname>Attachment count</customfieldname>
                        <customfieldvalues>
                            <customfieldvalue>0.0</customfieldvalue>
                        </customfieldvalues>
                    </customfield>
                                                                                                                                                                                                                                                                                                                                                                                                                                                                                                                                <customfield id="customfield_12310220" key="com.atlassian.jira.ext.charting:firstresponsedate">
                        <customfieldname>Date of First Response</customfieldname>
                        <customfieldvalues>
                            <customfieldvalue>Mon, 26 Jul 2010 10:12:23 +0000</customfieldvalue>

                        </customfieldvalues>
                    </customfield>
                                                                                                                                                                                                                                                                                                                                                                                                                                            <customfield id="customfield_12310420" key="com.pyxis.greenhopper.jira:gh-global-rank">
                        <customfieldname>Global Rank</customfieldname>
                        <customfieldvalues>
                            <customfieldvalue>67398</customfieldvalue>
                        </customfieldvalues>
                    </customfield>
                                                                                                                        <customfield id="customfield_12312521" key="com.atlassian.jira.toolkit:LastCommentDate">
                        <customfieldname>Last public comment date</customfieldname>
                        <customfieldvalues>
                            5 years, 18 weeks, 3 days ago
                        </customfieldvalues>
                    </customfield>
                                                                                            <customfield id="customfield_12311820" key="com.pyxis.greenhopper.jira:gh-lexo-rank">
                        <customfieldname>Rank</customfieldname>
                        <customfieldvalues>
                            <customfieldvalue>0|i0rut3:</customfieldvalue>

                        </customfieldvalues>
                    </customfield>
                                                                <customfield id="customfield_12310920" key="com.pyxis.greenhopper.jira:gh-global-rank">
                        <customfieldname>Rank (Obsolete)</customfieldname>
                        <customfieldvalues>
                            <customfieldvalue>160635</customfieldvalue>
                        </customfieldvalues>
                    </customfield>
                                                                                                                                                                                                                                        <customfield id="customfield_12310222" key="com.atlassian.jira.ext.charting:timeinstatus">
                        <customfieldname>Time in Status</customfieldname>
                        <customfieldvalues>
                            
                        </customfieldvalues>
                    </customfield>
                                                                                                                        </customfields>
    </item>
</channel>
</rss>