<!-- 
RSS generated by JIRA (6.3.4#6332-sha1:51bc225ef474afe3128b2f66878477f322397b16) at Fri Nov 18 21:32:36 UTC 2016

It is possible to restrict the fields that are returned in this document by specifying the 'field' parameter in your request.
For example, to request only the issue key and summary add field=key&field=summary to the URL of your request.
For example:
https://issues.apache.org/jira/si/jira.issueviews:issue-xml/MATH-813/MATH-813.xml?field=key&amp;field=summary
-->
<rss version="0.92" >
<channel>
    <title>ASF JIRA</title>
    <link>https://issues.apache.org/jira</link>
    <description>This file is an XML representation of an issue</description>
    <language>en-uk</language>    <build-info>
        <version>6.3.4</version>
        <build-number>6332</build-number>
        <build-date>15-08-2014</build-date>
    </build-info>

<item>
            <title>[MATH-813] SimplexSolver bug?</title>
                <link>https://issues.apache.org/jira/browse/MATH-813</link>
                <project id="12310485" key="MATH">Commons Math</project>
                    <description>&lt;p&gt;I am trying to use the SimplexSolver in commons-math3-3.0 and am getting unpredictable results. I am pasting the problem code below. Basically swapping the sequence of the last two constraints results in two different results (of which one is pure sub-optimal). Am I not using the solver correctly?&lt;/p&gt;

&lt;p&gt;------------------------------&lt;br/&gt;
import java.util.ArrayList;&lt;br/&gt;
import java.util.Collection;&lt;/p&gt;

&lt;p&gt;import org.apache.commons.math3.optimization.*;&lt;br/&gt;
import org.apache.commons.math3.optimization.linear.*;&lt;/p&gt;

&lt;p&gt;public class Commons_Solver {&lt;br/&gt;
  public static void main(String[] args) {&lt;/p&gt;

&lt;p&gt; // describe the optimization problem&lt;/p&gt;

&lt;p&gt;    LinearObjectiveFunction f = new LinearObjectiveFunction(new double[] &lt;/p&gt;
{ 1, 1, 1, 1, 1, 1, 0, 0 }
&lt;p&gt;, 0);&lt;br/&gt;
    Collection &amp;lt;LinearConstraint&amp;gt;constraints = new ArrayList&amp;lt;LinearConstraint&amp;gt;();&lt;/p&gt;

&lt;p&gt;    //variables upper bounds&lt;br/&gt;
    constraints.add(new LinearConstraint(new double[] &lt;/p&gt;
{ 1, 0, 0, 0, 0, 0, 0, 0 }, Relationship.LEQ, 38));&lt;br/&gt;
    constraints.add(new LinearConstraint(new double[] { 0, 1, 0, 0, 0, 0, 0, 0 }, Relationship.LEQ, 34));&lt;br/&gt;
    constraints.add(new LinearConstraint(new double[] { 0, 0, 1, 0, 0, 0, 0, 0 }, Relationship.LEQ, 1));&lt;br/&gt;
    constraints.add(new LinearConstraint(new double[] { 0, 0, 0, 1, 0, 0, 0, 0 }, Relationship.LEQ, 6));&lt;br/&gt;
    constraints.add(new LinearConstraint(new double[] { 0, 0, 0, 0, 1, 0, 0, 0 }, Relationship.LEQ, 17));&lt;br/&gt;
    constraints.add(new LinearConstraint(new double[] { 0, 0, 0, 0, 0, 1, 0, 0 }, Relationship.LEQ, 11));&lt;br/&gt;
    constraints.add(new LinearConstraint(new double[] { 0, 0, 0, 0, 0, 0, 1, 0 }, Relationship.LEQ, 101));&lt;br/&gt;
    constraints.add(new LinearConstraint(new double[] { 0, 0, 0, 0, 0, 0, 0, 1 }, Relationship.LEQ, 1e10));&lt;br/&gt;
&lt;br/&gt;
    //variables lower bounds&lt;br/&gt;
    constraints.add(new LinearConstraint(new double[] { 1, 0, 0, 0, 0, 0, 0, 0 }
&lt;p&gt;, Relationship.GEQ, 0));&lt;br/&gt;
    constraints.add(new LinearConstraint(new double[] &lt;/p&gt;
{ 0, 1, 0, 0, 0, 0, 0, 0 }
&lt;p&gt;, Relationship.GEQ, 0));&lt;br/&gt;
    constraints.add(new LinearConstraint(new double[] &lt;/p&gt;
{ 0, 0, 1, 0, 0, 0, 0, 0 }
&lt;p&gt;, Relationship.GEQ, 0));&lt;br/&gt;
    constraints.add(new LinearConstraint(new double[] &lt;/p&gt;
{ 0, 0, 0, 1, 0, 0, 0, 0 }
&lt;p&gt;, Relationship.GEQ, 0));&lt;br/&gt;
    constraints.add(new LinearConstraint(new double[] &lt;/p&gt;
{ 0, 0, 0, 0, 1, 0, 0, 0 }
&lt;p&gt;, Relationship.GEQ, 0));&lt;br/&gt;
    constraints.add(new LinearConstraint(new double[] &lt;/p&gt;
{ 0, 0, 0, 0, 0, 1, 0, 0 }
&lt;p&gt;, Relationship.GEQ, 0));&lt;br/&gt;
    constraints.add(new LinearConstraint(new double[] &lt;/p&gt;
{ 0, 0, 0, 0, 0, 0, 1, 0 }
&lt;p&gt;, Relationship.GEQ, 0));&lt;br/&gt;
    constraints.add(new LinearConstraint(new double[] &lt;/p&gt;
{ 0, 0, 0, 0, 0, 0, 0, 1 }
&lt;p&gt;, Relationship.GEQ, 0));&lt;/p&gt;


&lt;p&gt;    constraints.add(new LinearConstraint(new double[] &lt;/p&gt;
{ -1,-1, -1, -1, -1, -1, 1, 0 }
&lt;p&gt;, Relationship.EQ, 0));&lt;/p&gt;

&lt;p&gt;    constraints.add(new LinearConstraint(new double[] &lt;/p&gt;
{ -1, -1, -1, -1, -1, -1,0 , 1 }
&lt;p&gt;, Relationship.EQ, 0));&lt;/p&gt;

&lt;p&gt;    constraints.add(new LinearConstraint(new double[] &lt;/p&gt;
{ 1, 0, 0, 0, 0, 0, 0, -0.2841121495327103  }
&lt;p&gt;, Relationship.GEQ, 0));&lt;br/&gt;
    constraints.add(new LinearConstraint(new double[] &lt;/p&gt;
{ 0, 1, 0, 0, 0, 0, 0, -0.25420560747663556  }
&lt;p&gt;, Relationship.GEQ, 0));&lt;br/&gt;
    constraints.add(new LinearConstraint(new double[] &lt;/p&gt;
{ 0, 0, 0, 1, 0, 0, 0, -0.04485981308411215 }
&lt;p&gt;, Relationship.GEQ, 0));&lt;/p&gt;

&lt;p&gt;    /*---------------&lt;br/&gt;
    Swapping the sequence of the below two constraints produces two different results &lt;br/&gt;
    ------------------*/&lt;br/&gt;
    constraints.add(new LinearConstraint(new double[] &lt;/p&gt;
{ 0, 0, 0, 0, 1, 0, 0, -0.12710280373831778  }
&lt;p&gt;, Relationship.GEQ, 0));&lt;br/&gt;
    constraints.add(new LinearConstraint(new double[] &lt;/p&gt;
{ 0, 0, 0, 0, 0, 1, 0, -0.08224299065420561  }
&lt;p&gt;, Relationship.GEQ, 0));&lt;br/&gt;
    /&lt;b&gt;------------------&lt;/b&gt;/&lt;/p&gt;

&lt;p&gt;    PointValuePair solution = new SimplexSolver().optimize(f, constraints, GoalType.MAXIMIZE, false);&lt;/p&gt;

&lt;p&gt;    // get the solution&lt;br/&gt;
    for (int i = 0 ; i &amp;lt; solution.getPoint().length; i++)      &lt;br/&gt;
      System.out.println(&quot;x&lt;span class=&quot;error&quot;&gt;&amp;#91;&amp;quot; + i + &amp;quot;&amp;#93;&lt;/span&gt; = &quot; +  solution.getPoint()&lt;span class=&quot;error&quot;&gt;&amp;#91;i&amp;#93;&lt;/span&gt;);&lt;/p&gt;

&lt;p&gt;    System.out.println(&quot;value = &quot; + solution.getValue());&lt;br/&gt;
  }&lt;br/&gt;
}&lt;br/&gt;
----------------------------------&lt;/p&gt;</description>
                <environment>&lt;p&gt;Windows 7, JDK 1.7.0_03&lt;/p&gt;</environment>
        <key id="12598195">MATH-813</key>
            <summary>SimplexSolver bug?</summary>
                <type id="1" iconUrl="https://issues.apache.org/jira/images/icons/issuetypes/bug.png">Bug</type>
                                            <priority id="3" iconUrl="https://issues.apache.org/jira/images/icons/priorities/major.png">Major</priority>
                        <status id="6" iconUrl="https://issues.apache.org/jira/images/icons/statuses/closed.png" description="The issue is considered finished, the resolution is correct. Issues which are closed can be reopened.">Closed</status>
                    <statusCategory id="3" key="done" colorName="green"/>
                                    <resolution id="3">Duplicate</resolution>
                                        <assignee username="-1">Unassigned</assignee>
                                    <reporter username="vidyaraghu">Raghu Rangarajan</reporter>
                        <labels>
                    </labels>
                <created>Tue, 10 Jul 2012 14:58:21 +0000</created>
                <updated>Mon, 4 Mar 2013 18:53:39 +0000</updated>
                            <resolved>Tue, 10 Jul 2012 20:05:31 +0000</resolved>
                                    <version>3.0</version>
                                    <fixVersion>3.1</fixVersion>
                                        <due></due>
                            <votes>0</votes>
                                    <watches>2</watches>
                                                                <comments>
                            <comment id="13410637" author="tn" created="Tue, 10 Jul 2012 17:59:38 +0000"  >&lt;p&gt;Hi,&lt;/p&gt;

&lt;p&gt;I quickly checked your test case with the latest trunk and I get exactly the same result. Most likely your observed problem has been fixed already as part of &lt;a href=&quot;https://issues.apache.org/jira/browse/MATH-781&quot; title=&quot;SimplexSolver gives bad results&quot; class=&quot;issue-link&quot; data-issue-key=&quot;MATH-781&quot;&gt;&lt;del&gt;MATH-781&lt;/del&gt;&lt;/a&gt;. Could you please check yourself with the latest trunk and confirm that the problem is not existent anymore?&lt;/p&gt;

&lt;p&gt;Thanks,&lt;/p&gt;

&lt;p&gt;Thomas&lt;/p&gt;</comment>
                            <comment id="13410751" author="vidyaraghu" created="Tue, 10 Jul 2012 19:58:37 +0000"  >&lt;p&gt;Hi Thomas,&lt;/p&gt;

&lt;p&gt;I too am able to get the right results with the latest trunk code. Thanks for looking into this. &lt;/p&gt;

&lt;p&gt;Raghu&lt;/p&gt;</comment>
                            <comment id="13410763" author="tn" created="Tue, 10 Jul 2012 20:05:31 +0000"  >&lt;p&gt;Duplicate of &lt;a href=&quot;https://issues.apache.org/jira/browse/MATH-781&quot; title=&quot;SimplexSolver gives bad results&quot; class=&quot;issue-link&quot; data-issue-key=&quot;MATH-781&quot;&gt;&lt;del&gt;MATH-781&lt;/del&gt;&lt;/a&gt;&lt;/p&gt;</comment>
                            <comment id="13410764" author="tn" created="Tue, 10 Jul 2012 20:06:48 +0000"  >&lt;p&gt;Thanks for the report anyway!&lt;/p&gt;

&lt;p&gt;I marked the issue as a duplicate of &lt;a href=&quot;https://issues.apache.org/jira/browse/MATH-781&quot; title=&quot;SimplexSolver gives bad results&quot; class=&quot;issue-link&quot; data-issue-key=&quot;MATH-781&quot;&gt;&lt;del&gt;MATH-781&lt;/del&gt;&lt;/a&gt; and changed the fix version to 3.1&lt;/p&gt;</comment>
                    </comments>
                <issuelinks>
                            <issuelinktype id="12310000">
                    <name>Duplicate</name>
                                            <outwardlinks description="duplicates">
                                        <issuelink>
            <issuekey id="12551973">MATH-781</issuekey>
        </issuelink>
                            </outwardlinks>
                                                        </issuelinktype>
                    </issuelinks>
                <attachments>
                            <attachment id="12535845" name="Commons_Solver.java" size="3626" author="vidyaraghu" created="Tue, 10 Jul 2012 14:59:29 +0000"/>
                    </attachments>
                <subtasks>
                    </subtasks>
                <customfields>
                                                <customfield id="customfield_12310310" key="com.atlassian.jira.toolkit:attachments">
                        <customfieldname>Attachment count</customfieldname>
                        <customfieldvalues>
                            <customfieldvalue>1.0</customfieldvalue>
                        </customfieldvalues>
                    </customfield>
                                                                                                                                                                                                                                                                                                                                                                                                                                                                                                                                <customfield id="customfield_12310220" key="com.atlassian.jira.ext.charting:firstresponsedate">
                        <customfieldname>Date of First Response</customfieldname>
                        <customfieldvalues>
                            <customfieldvalue>Tue, 10 Jul 2012 17:59:38 +0000</customfieldvalue>

                        </customfieldvalues>
                    </customfield>
                                                                                                                                                                                                                                                                                                                                                                                                                                            <customfield id="customfield_12310420" key="com.pyxis.greenhopper.jira:gh-global-rank">
                        <customfieldname>Global Rank</customfieldname>
                        <customfieldvalues>
                            <customfieldvalue>292294</customfieldvalue>
                        </customfieldvalues>
                    </customfield>
                                                                                                                        <customfield id="customfield_12312521" key="com.atlassian.jira.toolkit:LastCommentDate">
                        <customfieldname>Last public comment date</customfieldname>
                        <customfieldvalues>
                            4 years, 19 weeks, 3 days ago
                        </customfieldvalues>
                    </customfield>
                                                                                            <customfield id="customfield_12311820" key="com.pyxis.greenhopper.jira:gh-lexo-rank">
                        <customfieldname>Rank</customfieldname>
                        <customfieldvalues>
                            <customfieldvalue>0|i0rt3j:</customfieldvalue>

                        </customfieldvalues>
                    </customfield>
                                                                <customfield id="customfield_12310920" key="com.pyxis.greenhopper.jira:gh-global-rank">
                        <customfieldname>Rank (Obsolete)</customfieldname>
                        <customfieldvalues>
                            <customfieldvalue>160358</customfieldvalue>
                        </customfieldvalues>
                    </customfield>
                                                                                                                                                                                                                                        <customfield id="customfield_12310222" key="com.atlassian.jira.ext.charting:timeinstatus">
                        <customfieldname>Time in Status</customfieldname>
                        <customfieldvalues>
                            
                        </customfieldvalues>
                    </customfield>
                                                                                                                        </customfields>
    </item>
</channel>
</rss>