<!-- 
RSS generated by JIRA (6.3.4#6332-sha1:51bc225ef474afe3128b2f66878477f322397b16) at Sat Nov 19 21:18:45 UTC 2016

It is possible to restrict the fields that are returned in this document by specifying the 'field' parameter in your request.
For example, to request only the issue key and summary add field=key&field=summary to the URL of your request.
For example:
https://issues.apache.org/jira/si/jira.issueviews:issue-xml/MATH-1178/MATH-1178.xml?field=key&amp;field=summary
-->
<rss version="0.92" >
<channel>
    <title>ASF JIRA</title>
    <link>https://issues.apache.org/jira</link>
    <description>This file is an XML representation of an issue</description>
    <language>en-uk</language>    <build-info>
        <version>6.3.4</version>
        <build-number>6332</build-number>
        <build-date>15-08-2014</build-date>
    </build-info>

<item>
            <title>[MATH-1178] Incorrect sample of usage of StatUtils at homepage</title>
                <link>https://issues.apache.org/jira/browse/MATH-1178</link>
                <project id="12310485" key="MATH">Commons Math</project>
                    <description>&lt;p&gt;At &lt;a href=&quot;http://commons.apache.org/proper/commons-math/userguide/stat.html&quot; class=&quot;external-link&quot; rel=&quot;nofollow&quot;&gt;http://commons.apache.org/proper/commons-math/userguide/stat.html&lt;/a&gt; you are providing three ways to compute mean, std, median with DescriptiveStatistics, SummaryStatistics, StatUtils.&lt;br/&gt;
But when you execute double std = StatUtils.variance(values), you are not actually get std in std, you get std*std, because DescriptiveStatistics actually returns FastMath.sqrt(getVariance()), but StatUtils returns variance directly.&lt;/p&gt;

&lt;p&gt;The solution is to substitute &quot;double std = StatUtils.variance(values);&quot; with &quot;double std = FastMath.sqrt(StatUtils.variance(values));&quot;&lt;/p&gt;</description>
                <environment>&lt;p&gt;Documentation at &lt;a href=&quot;http://commons.apache.org/proper/commons-math/userguide/stat.html&quot; class=&quot;external-link&quot; rel=&quot;nofollow&quot;&gt;http://commons.apache.org/proper/commons-math/userguide/stat.html&lt;/a&gt;&lt;/p&gt;</environment>
        <key id="12760293">MATH-1178</key>
            <summary>Incorrect sample of usage of StatUtils at homepage</summary>
                <type id="1" iconUrl="https://issues.apache.org/jira/images/icons/issuetypes/bug.png">Bug</type>
                                            <priority id="5" iconUrl="https://issues.apache.org/jira/images/icons/priorities/trivial.png">Trivial</priority>
                        <status id="6" iconUrl="https://issues.apache.org/jira/images/icons/statuses/closed.png" description="The issue is considered finished, the resolution is correct. Issues which are closed can be reopened.">Closed</status>
                    <statusCategory id="3" key="done" colorName="green"/>
                                    <resolution id="1">Fixed</resolution>
                                        <assignee username="-1">Unassigned</assignee>
                                    <reporter username="zimy">Dmitriy</reporter>
                        <labels>
                    </labels>
                <created>Mon, 8 Dec 2014 22:58:45 +0000</created>
                <updated>Fri, 26 Dec 2014 19:50:29 +0000</updated>
                            <resolved>Mon, 8 Dec 2014 23:17:07 +0000</resolved>
                                                    <fixVersion>3.4</fixVersion>
                                        <due></due>
                            <votes>0</votes>
                                    <watches>2</watches>
                                    <timeoriginalestimate seconds="600">10m</timeoriginalestimate>
                            <timeestimate seconds="600">10m</timeestimate>
                                        <comments>
                            <comment id="14238641" author="erans" created="Mon, 8 Dec 2014 23:17:07 +0000"  >&lt;p&gt;Thanks for the report.&lt;br/&gt;
Fixed in commit 5d6e445484d75dad938cece6fd690427ea648203&lt;/p&gt;</comment>
                    </comments>
                    <attachments>
                    </attachments>
                <subtasks>
                    </subtasks>
                <customfields>
                                                <customfield id="customfield_12310310" key="com.atlassian.jira.toolkit:attachments">
                        <customfieldname>Attachment count</customfieldname>
                        <customfieldvalues>
                            <customfieldvalue>0.0</customfieldvalue>
                        </customfieldvalues>
                    </customfield>
                                                                                                                                                                                                                                                                                                                                                                                                                                                                                                                                <customfield id="customfield_12310220" key="com.atlassian.jira.ext.charting:firstresponsedate">
                        <customfieldname>Date of First Response</customfieldname>
                        <customfieldvalues>
                            <customfieldvalue>Mon, 8 Dec 2014 23:17:07 +0000</customfieldvalue>

                        </customfieldvalues>
                    </customfield>
                                                                                                                                                                                                                                                                                                                                                                                                                                            <customfield id="customfield_12310420" key="com.pyxis.greenhopper.jira:gh-global-rank">
                        <customfieldname>Global Rank</customfieldname>
                        <customfieldvalues>
                            <customfieldvalue>9223372036854775807</customfieldvalue>
                        </customfieldvalues>
                    </customfield>
                                                                                                                        <customfield id="customfield_12312521" key="com.atlassian.jira.toolkit:LastCommentDate">
                        <customfieldname>Last public comment date</customfieldname>
                        <customfieldvalues>
                            1 year, 49 weeks, 4 days ago
                        </customfieldvalues>
                    </customfield>
                                                                                            <customfield id="customfield_12311820" key="com.pyxis.greenhopper.jira:gh-lexo-rank">
                        <customfieldname>Rank</customfieldname>
                        <customfieldvalues>
                            <customfieldvalue>0|i237af:</customfieldvalue>

                        </customfieldvalues>
                    </customfield>
                                                                <customfield id="customfield_12310920" key="com.pyxis.greenhopper.jira:gh-global-rank">
                        <customfieldname>Rank (Obsolete)</customfieldname>
                        <customfieldvalues>
                            <customfieldvalue>9223372036854775807</customfieldvalue>
                        </customfieldvalues>
                    </customfield>
                                                                                                                                                                                                                                        <customfield id="customfield_12310222" key="com.atlassian.jira.ext.charting:timeinstatus">
                        <customfieldname>Time in Status</customfieldname>
                        <customfieldvalues>
                            
                        </customfieldvalues>
                    </customfield>
                                                                                                                        </customfields>
    </item>
</channel>
</rss>