<!-- 
RSS generated by JIRA (6.3.4#6332-sha1:51bc225ef474afe3128b2f66878477f322397b16) at Sat Nov 19 23:46:22 UTC 2016

It is possible to restrict the fields that are returned in this document by specifying the 'field' parameter in your request.
For example, to request only the issue key and summary add field=key&field=summary to the URL of your request.
For example:
https://issues.apache.org/jira/si/jira.issueviews:issue-xml/MATH-1226/MATH-1226.xml?field=key&amp;field=summary
-->
<rss version="0.92" >
<channel>
    <title>ASF JIRA</title>
    <link>https://issues.apache.org/jira</link>
    <description>This file is an XML representation of an issue</description>
    <language>en-uk</language>    <build-info>
        <version>6.3.4</version>
        <build-number>6332</build-number>
        <build-date>15-08-2014</build-date>
    </build-info>

<item>
            <title>[MATH-1226] Exception thrown in ode for a pair of close events</title>
                <link>https://issues.apache.org/jira/browse/MATH-1226</link>
                <project id="12310485" key="MATH">Commons Math</project>
                    <description>&lt;p&gt;When two discrete events occur closer to each other than the convergence threshold used for locating them, this sometimes triggers a NumberIsTooLargeException.&lt;/p&gt;

&lt;p&gt;The exception happens because the EventState class think the second event is simply a numerical artifact (a repetition of the already triggerred first event) and tries to skip past it. If there are no other event in the same step later on, one interval boundary finally reach step end and the interval bounds are reversed.&lt;/p&gt;</description>
                <environment></environment>
        <key id="12830980">MATH-1226</key>
            <summary>Exception thrown in ode for a pair of close events</summary>
                <type id="1" iconUrl="https://issues.apache.org/jira/images/icons/issuetypes/bug.png">Bug</type>
                                            <priority id="4" iconUrl="https://issues.apache.org/jira/images/icons/priorities/minor.png">Minor</priority>
                        <status id="6" iconUrl="https://issues.apache.org/jira/images/icons/statuses/closed.png" description="The issue is considered finished, the resolution is correct. Issues which are closed can be reopened.">Closed</status>
                    <statusCategory id="3" key="done" colorName="green"/>
                                    <resolution id="1">Fixed</resolution>
                                        <assignee username="-1">Unassigned</assignee>
                                    <reporter username="luc">Luc Maisonobe</reporter>
                        <labels>
                    </labels>
                <created>Tue, 19 May 2015 11:11:51 +0000</created>
                <updated>Mon, 25 Jan 2016 20:27:46 +0000</updated>
                            <resolved>Tue, 19 May 2015 11:29:11 +0000</resolved>
                                    <version>3.5</version>
                                    <fixVersion>4.0</fixVersion>
                    <fixVersion>3.6</fixVersion>
                                        <due></due>
                            <votes>0</votes>
                                    <watches>1</watches>
                                                                <comments>
                            <comment id="14550253" author="luc" created="Tue, 19 May 2015 11:29:11 +0000"  >&lt;p&gt;Fixed in git repository, as of commit c44bfe0 for master branch and commit 777273e for 3.X branch.&lt;/p&gt;</comment>
                            <comment id="15115910" author="luc" created="Mon, 25 Jan 2016 20:27:46 +0000"  >&lt;p&gt;Closing all resolved issues that were included in 3.6 release.&lt;/p&gt;</comment>
                    </comments>
                    <attachments>
                    </attachments>
                <subtasks>
                    </subtasks>
                <customfields>
                                                <customfield id="customfield_12310310" key="com.atlassian.jira.toolkit:attachments">
                        <customfieldname>Attachment count</customfieldname>
                        <customfieldvalues>
                            <customfieldvalue>0.0</customfieldvalue>
                        </customfieldvalues>
                    </customfield>
                                                                                                                                                                                                                                                                                                                                                                                                                                                                                                                                                                                                                                                                                                                                                                                                                                                                                                                                        <customfield id="customfield_12310420" key="com.pyxis.greenhopper.jira:gh-global-rank">
                        <customfieldname>Global Rank</customfieldname>
                        <customfieldvalues>
                            <customfieldvalue>9223372036854775807</customfieldvalue>
                        </customfieldvalues>
                    </customfield>
                                                                                                                        <customfield id="customfield_12312521" key="com.atlassian.jira.toolkit:LastCommentDate">
                        <customfieldname>Last public comment date</customfieldname>
                        <customfieldvalues>
                            42 weeks, 5 days ago
                        </customfieldvalues>
                    </customfield>
                                                                                            <customfield id="customfield_12311820" key="com.pyxis.greenhopper.jira:gh-lexo-rank">
                        <customfieldname>Rank</customfieldname>
                        <customfieldvalues>
                            <customfieldvalue>0|i2ex6f:</customfieldvalue>

                        </customfieldvalues>
                    </customfield>
                                                                <customfield id="customfield_12310920" key="com.pyxis.greenhopper.jira:gh-global-rank">
                        <customfieldname>Rank (Obsolete)</customfieldname>
                        <customfieldvalues>
                            <customfieldvalue>9223372036854775807</customfieldvalue>
                        </customfieldvalues>
                    </customfield>
                                                                                                                                                                                                                                        <customfield id="customfield_12310222" key="com.atlassian.jira.ext.charting:timeinstatus">
                        <customfieldname>Time in Status</customfieldname>
                        <customfieldvalues>
                            
                        </customfieldvalues>
                    </customfield>
                                                                                                                        </customfields>
    </item>
</channel>
</rss>