<!-- 
RSS generated by JIRA (6.3.4#6332-sha1:51bc225ef474afe3128b2f66878477f322397b16) at Sat Nov 19 22:35:11 UTC 2016

It is possible to restrict the fields that are returned in this document by specifying the 'field' parameter in your request.
For example, to request only the issue key and summary add field=key&field=summary to the URL of your request.
For example:
https://issues.apache.org/jira/si/jira.issueviews:issue-xml/MATH-619/MATH-619.xml?field=key&amp;field=summary
-->
<rss version="0.92" >
<channel>
    <title>ASF JIRA</title>
    <link>https://issues.apache.org/jira</link>
    <description>This file is an XML representation of an issue</description>
    <language>en-uk</language>    <build-info>
        <version>6.3.4</version>
        <build-number>6332</build-number>
        <build-date>15-08-2014</build-date>
    </build-info>

<item>
            <title>[MATH-619] ADJUSTED R SQUARED INCORRECT IN REGRESSION RESULTS</title>
                <link>https://issues.apache.org/jira/browse/MATH-619</link>
                <project id="12310485" key="MATH">Commons Math</project>
                    <description>&lt;p&gt;I forgot to cast to double when dividing two integers:&lt;/p&gt;

&lt;p&gt;            this.globalFitInfo&lt;span class=&quot;error&quot;&gt;&amp;#91;ADJRSQ_IDX&amp;#93;&lt;/span&gt; = 1.0 - &lt;br/&gt;
                    (1.0 - this.globalFitInfo&lt;span class=&quot;error&quot;&gt;&amp;#91;RSQ_IDX&amp;#93;&lt;/span&gt;) *&lt;br/&gt;
                    (  nobs / ( (nobs - rank)));&lt;br/&gt;
Should be&lt;br/&gt;
            this.globalFitInfo&lt;span class=&quot;error&quot;&gt;&amp;#91;ADJRSQ_IDX&amp;#93;&lt;/span&gt; = 1.0 - &lt;br/&gt;
                    (1.0 - this.globalFitInfo&lt;span class=&quot;error&quot;&gt;&amp;#91;RSQ_IDX&amp;#93;&lt;/span&gt;) *&lt;br/&gt;
                    ( (double) nobs / ( (double) (nobs - rank)));&lt;/p&gt;

&lt;p&gt;Patch attached.&lt;/p&gt;</description>
                <environment>&lt;p&gt;Java&lt;/p&gt;</environment>
        <key id="12514014">MATH-619</key>
            <summary>ADJUSTED R SQUARED INCORRECT IN REGRESSION RESULTS</summary>
                <type id="1" iconUrl="https://issues.apache.org/jira/images/icons/issuetypes/bug.png">Bug</type>
                                            <priority id="3" iconUrl="https://issues.apache.org/jira/images/icons/priorities/major.png">Major</priority>
                        <status id="6" iconUrl="https://issues.apache.org/jira/images/icons/statuses/closed.png" description="The issue is considered finished, the resolution is correct. Issues which are closed can be reopened.">Closed</status>
                    <statusCategory id="3" key="done" colorName="green"/>
                                    <resolution id="1">Fixed</resolution>
                                        <assignee username="-1">Unassigned</assignee>
                                    <reporter username="gsteri1">greg sterijevski</reporter>
                        <labels>
                    </labels>
                <created>Thu, 14 Jul 2011 05:33:27 +0000</created>
                <updated>Sat, 24 Mar 2012 16:16:43 +0000</updated>
                            <resolved>Thu, 14 Jul 2011 06:15:50 +0000</resolved>
                                    <version>3.0</version>
                                    <fixVersion>3.0</fixVersion>
                                        <due></due>
                            <votes>0</votes>
                                    <watches>0</watches>
                                                                <comments>
                            <comment id="13065077" author="psteitz" created="Thu, 14 Jul 2011 06:15:50 +0000"  >&lt;p&gt;Fixed in r1146575.  Lets keep the updates (including test cases &lt;img class=&quot;emoticon&quot; src=&quot;https://issues.apache.org/jira/images/icons/emoticons/smile.gif&quot; height=&quot;16&quot; width=&quot;16&quot; align=&quot;absmiddle&quot; alt=&quot;&quot; border=&quot;0&quot;/&gt; for RegressionResults on (still open) &lt;a href=&quot;https://issues.apache.org/jira/browse/MATH-607&quot; title=&quot;Current Multiple Regression Object does calculations with all data incore. There are non incore techniques which would be useful with large datasets.&quot; class=&quot;issue-link&quot; data-issue-key=&quot;MATH-607&quot;&gt;&lt;del&gt;MATH-607&lt;/del&gt;&lt;/a&gt;.  We can use separate issues for implementations; but we should keep the updates to RegressionResults attached to that issue.&lt;/p&gt;</comment>
                    </comments>
                    <attachments>
                            <attachment id="12486407" name="regres" size="1239" author="gsteri1" created="Thu, 14 Jul 2011 05:33:57 +0000"/>
                    </attachments>
                <subtasks>
                    </subtasks>
                <customfields>
                                                <customfield id="customfield_12310310" key="com.atlassian.jira.toolkit:attachments">
                        <customfieldname>Attachment count</customfieldname>
                        <customfieldvalues>
                            <customfieldvalue>1.0</customfieldvalue>
                        </customfieldvalues>
                    </customfield>
                                                                                                                                                                                                                                                                                                                                                                                                                                                                                                                                <customfield id="customfield_12310220" key="com.atlassian.jira.ext.charting:firstresponsedate">
                        <customfieldname>Date of First Response</customfieldname>
                        <customfieldvalues>
                            <customfieldvalue>Thu, 14 Jul 2011 06:15:50 +0000</customfieldvalue>

                        </customfieldvalues>
                    </customfield>
                                                                                                                                                                                                                                                                                                                                                                                                                                            <customfield id="customfield_12310420" key="com.pyxis.greenhopper.jira:gh-global-rank">
                        <customfieldname>Global Rank</customfieldname>
                        <customfieldvalues>
                            <customfieldvalue>68104</customfieldvalue>
                        </customfieldvalues>
                    </customfield>
                                                                                                                        <customfield id="customfield_12312521" key="com.atlassian.jira.toolkit:LastCommentDate">
                        <customfieldname>Last public comment date</customfieldname>
                        <customfieldvalues>
                            5 years, 19 weeks, 2 days ago
                        </customfieldvalues>
                    </customfield>
                                                                                            <customfield id="customfield_12311820" key="com.pyxis.greenhopper.jira:gh-lexo-rank">
                        <customfieldname>Rank</customfieldname>
                        <customfieldvalues>
                            <customfieldvalue>0|i0ap4v:</customfieldvalue>

                        </customfieldvalues>
                    </customfield>
                                                                <customfield id="customfield_12310920" key="com.pyxis.greenhopper.jira:gh-global-rank">
                        <customfieldname>Rank (Obsolete)</customfieldname>
                        <customfieldvalues>
                            <customfieldvalue>60345</customfieldvalue>
                        </customfieldvalues>
                    </customfield>
                                                                                                                                                                                                                                        <customfield id="customfield_12310222" key="com.atlassian.jira.ext.charting:timeinstatus">
                        <customfieldname>Time in Status</customfieldname>
                        <customfieldvalues>
                            
                        </customfieldvalues>
                    </customfield>
                                                                                                                        </customfields>
    </item>
</channel>
</rss>