<!-- 
RSS generated by JIRA (6.3.4#6332-sha1:51bc225ef474afe3128b2f66878477f322397b16) at Fri Nov 18 22:58:02 UTC 2016

It is possible to restrict the fields that are returned in this document by specifying the 'field' parameter in your request.
For example, to request only the issue key and summary add field=key&field=summary to the URL of your request.
For example:
https://issues.apache.org/jira/si/jira.issueviews:issue-xml/MATH-790/MATH-790.xml?field=key&amp;field=summary
-->
<rss version="0.92" >
<channel>
    <title>ASF JIRA</title>
    <link>https://issues.apache.org/jira</link>
    <description>This file is an XML representation of an issue</description>
    <language>en-uk</language>    <build-info>
        <version>6.3.4</version>
        <build-number>6332</build-number>
        <build-date>15-08-2014</build-date>
    </build-info>

<item>
            <title>[MATH-790] Mann-Whitney U Test Suffers From Integer Overflow With Large Data Sets</title>
                <link>https://issues.apache.org/jira/browse/MATH-790</link>
                <project id="12310485" key="MATH">Commons Math</project>
                    <description>&lt;p&gt;When performing a Mann-Whitney U Test on large data sets (the attached test uses two 1500 element sets), intermediate integer values used in calculateAsymptoticPValue can overflow, leading to invalid results, such as p-values of NaN, or incorrect calculations.&lt;/p&gt;

&lt;p&gt;Attached is a patch, including a test, and a fix, which modifies the affected code to use doubles&lt;/p&gt;</description>
                <environment>&lt;p&gt;Ubuntu Linux x64, Sun Java 6&lt;/p&gt;</environment>
        <key id="12556531">MATH-790</key>
            <summary>Mann-Whitney U Test Suffers From Integer Overflow With Large Data Sets</summary>
                <type id="1" iconUrl="https://issues.apache.org/jira/images/icons/issuetypes/bug.png">Bug</type>
                                            <priority id="4" iconUrl="https://issues.apache.org/jira/images/icons/priorities/minor.png">Minor</priority>
                        <status id="6" iconUrl="https://issues.apache.org/jira/images/icons/statuses/closed.png" description="The issue is considered finished, the resolution is correct. Issues which are closed can be reopened.">Closed</status>
                    <statusCategory id="3" key="done" colorName="green"/>
                                    <resolution id="1">Fixed</resolution>
                                        <assignee username="mikl">Mikkel Meyer Andersen</assignee>
                                    <reporter username="james_pic">James Pickering</reporter>
                        <labels>
                            <label>newbie</label>
                            <label>patch</label>
                    </labels>
                <created>Sat, 19 May 2012 17:01:30 +0000</created>
                <updated>Mon, 4 Mar 2013 18:53:33 +0000</updated>
                            <resolved>Tue, 12 Jun 2012 14:28:08 +0000</resolved>
                                    <version>3.0</version>
                                    <fixVersion>3.1</fixVersion>
                                        <due></due>
                            <votes>1</votes>
                                    <watches>4</watches>
                                    <timeoriginalestimate seconds="3600">1h</timeoriginalestimate>
                            <timeestimate seconds="3600">1h</timeestimate>
                                        <comments>
                            <comment id="13279586" author="james_pic" created="Sat, 19 May 2012 17:02:15 +0000"  >&lt;p&gt;A patch, which adds a unit test for the issue, and a fix in the affected code&lt;/p&gt;</comment>
                            <comment id="13279608" author="mikl" created="Sat, 19 May 2012 19:49:05 +0000"  >&lt;p&gt;Thank you very much for reporting this. I will have a look at this ASAP.&lt;/p&gt;</comment>
                            <comment id="13291691" author="mikl" created="Fri, 8 Jun 2012 11:04:23 +0000"  >&lt;p&gt;This is fixed in SVN revision 1348024. Thanks again for reporting this issue.&lt;/p&gt;</comment>
                            <comment id="13293466" author="mikl" created="Tue, 12 Jun 2012 09:18:29 +0000"  >&lt;p&gt;Thomas Neidhart suspect an overflow issues is still present.&lt;/p&gt;</comment>
                            <comment id="13293552" author="tn" created="Tue, 12 Jun 2012 11:50:58 +0000"  >&lt;p&gt;As discussed on the ML, there may be still a problem with integer overflow in the code fragment below:&lt;/p&gt;

&lt;div class=&quot;preformatted panel&quot; style=&quot;border-width: 1px;&quot;&gt;&lt;div class=&quot;preformattedContent panelContent&quot;&gt;
&lt;pre&gt;final double n1n2prod = n1 * n2;

// http://en.wikipedia.org/wiki/Mann%E2%80%93Whitney_U#Normal_approximation
final double EU = n1n2prod / 2.0;
final double VarU = n1n2prod * (n1 + n2 + 1) / 12.0;

final double z = (Umin - EU) / FastMath.sqrt(VarU);
&lt;/pre&gt;
&lt;/div&gt;&lt;/div&gt;

&lt;p&gt;The calculation of n1n2prod may still overflow if n1 and n2 are too big as it still does an int multiplication, so I would suggest to do it like that:&lt;/p&gt;

&lt;div class=&quot;preformatted panel&quot; style=&quot;border-width: 1px;&quot;&gt;&lt;div class=&quot;preformattedContent panelContent&quot;&gt;
&lt;pre&gt;final long n1n2prod = (long) n1 * n2;

// http://en.wikipedia.org/wiki/Mann%E2%80%93Whitney_U#Normal_approximation
final double EU = n1n2prod / 2.0;
final double VarU = n1n2prod * (n1 + n2 + 1) / 12.0;

final double z = (Umin - EU) / FastMath.sqrt(VarU);
&lt;/pre&gt;
&lt;/div&gt;&lt;/div&gt;</comment>
                            <comment id="13293633" author="mikl" created="Tue, 12 Jun 2012 13:58:28 +0000"  >&lt;p&gt;Thanks for the details. Why not use a double immediately as below? Is it to avoid precision loss?&lt;/p&gt;
&lt;div class=&quot;preformatted panel&quot; style=&quot;border-width: 1px;&quot;&gt;&lt;div class=&quot;preformattedContent panelContent&quot;&gt;
&lt;pre&gt;final double n1n2prod = (double) n1 * n2;

// http://en.wikipedia.org/wiki/Mann%E2%80%93Whitney_U#Normal_approximation
final double EU = n1n2prod / 2.0;
final double VarU = n1n2prod * (n1 + n2 + 1) / 12.0;

final double z = (Umin - EU) / FastMath.sqrt(VarU);
&lt;/pre&gt;
&lt;/div&gt;&lt;/div&gt;</comment>
                            <comment id="13293640" author="tn" created="Tue, 12 Jun 2012 14:04:15 +0000"  >&lt;p&gt;Actually yes, this was my intention (and long multiplication should be faster too &lt;img class=&quot;emoticon&quot; src=&quot;https://issues.apache.org/jira/images/icons/emoticons/wink.gif&quot; height=&quot;16&quot; width=&quot;16&quot; align=&quot;absmiddle&quot; alt=&quot;&quot; border=&quot;0&quot;/&gt;, but in this case it may be negligible.&lt;/p&gt;</comment>
                            <comment id="13293644" author="mikl" created="Tue, 12 Jun 2012 14:07:14 +0000"  >&lt;p&gt;I agree - I just wanted to have it in writing &lt;img class=&quot;emoticon&quot; src=&quot;https://issues.apache.org/jira/images/icons/emoticons/smile.gif&quot; height=&quot;16&quot; width=&quot;16&quot; align=&quot;absmiddle&quot; alt=&quot;&quot; border=&quot;0&quot;/&gt;. Thanks for this.&lt;/p&gt;</comment>
                            <comment id="13293659" author="mikl" created="Tue, 12 Jun 2012 14:28:08 +0000"  >&lt;p&gt;This second issue is fixed in SVN revision 1349372. Thanks again for reporting this issue, too.&lt;/p&gt;</comment>
                    </comments>
                    <attachments>
                            <attachment id="12528263" name="MannWhitnetUOVerflowPatch.diff" size="1733" author="james_pic" created="Sat, 19 May 2012 17:02:15 +0000"/>
                    </attachments>
                <subtasks>
                    </subtasks>
                <customfields>
                                                <customfield id="customfield_12310310" key="com.atlassian.jira.toolkit:attachments">
                        <customfieldname>Attachment count</customfieldname>
                        <customfieldvalues>
                            <customfieldvalue>1.0</customfieldvalue>
                        </customfieldvalues>
                    </customfield>
                                                                                                                                                                                                                                                                                                                                                                                                                                                                                                                                <customfield id="customfield_12310220" key="com.atlassian.jira.ext.charting:firstresponsedate">
                        <customfieldname>Date of First Response</customfieldname>
                        <customfieldvalues>
                            <customfieldvalue>Sat, 19 May 2012 19:49:05 +0000</customfieldvalue>

                        </customfieldvalues>
                    </customfield>
                                                                                                                                                                                                                                                                                                                                                                                                                                            <customfield id="customfield_12310420" key="com.pyxis.greenhopper.jira:gh-global-rank">
                        <customfieldname>Global Rank</customfieldname>
                        <customfieldvalues>
                            <customfieldvalue>292311</customfieldvalue>
                        </customfieldvalues>
                    </customfield>
                                                                                                                        <customfield id="customfield_12312521" key="com.atlassian.jira.toolkit:LastCommentDate">
                        <customfieldname>Last public comment date</customfieldname>
                        <customfieldvalues>
                            4 years, 23 weeks, 3 days ago
                        </customfieldvalues>
                    </customfield>
                                                                                            <customfield id="customfield_12311820" key="com.pyxis.greenhopper.jira:gh-lexo-rank">
                        <customfieldname>Rank</customfieldname>
                        <customfieldvalues>
                            <customfieldvalue>0|i0rt7b:</customfieldvalue>

                        </customfieldvalues>
                    </customfield>
                                                                <customfield id="customfield_12310920" key="com.pyxis.greenhopper.jira:gh-global-rank">
                        <customfieldname>Rank (Obsolete)</customfieldname>
                        <customfieldvalues>
                            <customfieldvalue>160375</customfieldvalue>
                        </customfieldvalues>
                    </customfield>
                                                                                                                                                                                                                                        <customfield id="customfield_12310222" key="com.atlassian.jira.ext.charting:timeinstatus">
                        <customfieldname>Time in Status</customfieldname>
                        <customfieldvalues>
                            
                        </customfieldvalues>
                    </customfield>
                                                                                                                        </customfields>
    </item>
</channel>
</rss>