<!-- 
RSS generated by JIRA (6.3.4#6332-sha1:51bc225ef474afe3128b2f66878477f322397b16) at Fri Nov 18 22:40:36 UTC 2016

It is possible to restrict the fields that are returned in this document by specifying the 'field' parameter in your request.
For example, to request only the issue key and summary add field=key&field=summary to the URL of your request.
For example:
https://issues.apache.org/jira/si/jira.issueviews:issue-xml/MATH-330/MATH-330.xml?field=key&amp;field=summary
-->
<rss version="0.92" >
<channel>
    <title>ASF JIRA</title>
    <link>https://issues.apache.org/jira</link>
    <description>This file is an XML representation of an issue</description>
    <language>en-uk</language>    <build-info>
        <version>6.3.4</version>
        <build-number>6332</build-number>
        <build-date>15-08-2014</build-date>
    </build-info>

<item>
            <title>[MATH-330] F-distribution: add density-function (through HasDensity&lt;Double&gt;-interface)</title>
                <link>https://issues.apache.org/jira/browse/MATH-330</link>
                <project id="12310485" key="MATH">Commons Math</project>
                    <description>&lt;p&gt;I&apos;ve added the density function for the F-distribution.&lt;/p&gt;

&lt;p&gt;Tested from R with:&lt;br/&gt;
&amp;gt; df(1, 1, 1)&lt;br/&gt;
&lt;span class=&quot;error&quot;&gt;&amp;#91;1&amp;#93;&lt;/span&gt; 0.1591549&lt;br/&gt;
&amp;gt; df(1, 5, 2)&lt;br/&gt;
&lt;span class=&quot;error&quot;&gt;&amp;#91;1&amp;#93;&lt;/span&gt; 0.3080008&lt;br/&gt;
&amp;gt; df(1, 100, 1)&lt;br/&gt;
&lt;span class=&quot;error&quot;&gt;&amp;#91;1&amp;#93;&lt;/span&gt; 0.2407659&lt;br/&gt;
&amp;gt; df(1, 50, 200)&lt;br/&gt;
&lt;span class=&quot;error&quot;&gt;&amp;#91;1&amp;#93;&lt;/span&gt; 1.777891&lt;/p&gt;

&lt;p&gt;The result with this new density-function:&lt;br/&gt;
FDistributionImpl F1 = new FDistributionImpl(1, 1);&lt;br/&gt;
FDistributionImpl F2 = new FDistributionImpl(5, 2);&lt;br/&gt;
FDistributionImpl F3 = new FDistributionImpl(100, 1);&lt;br/&gt;
FDistributionImpl F4 = new FDistributionImpl(50, 200);&lt;/p&gt;

&lt;p&gt;F1.density(1.0); // gives 0.1591549430918953&lt;br/&gt;
F2.density(1.0); // gives 0.308000821694066&lt;br/&gt;
F3.density(1.0); // gives 0.2407658969285279&lt;br/&gt;
F4.density(1.0); // gives 1.7778909151036544&lt;/p&gt;

&lt;p&gt;Some numeric instability may occur because it&apos;s the log density that&apos;s calculated, and then the result is the exponential function applied to this result.&lt;/p&gt;</description>
                <environment></environment>
        <key id="12446320">MATH-330</key>
            <summary>F-distribution: add density-function (through HasDensity&lt;Double&gt;-interface)</summary>
                <type id="4" iconUrl="https://issues.apache.org/jira/images/icons/issuetypes/improvement.png">Improvement</type>
                                            <priority id="4" iconUrl="https://issues.apache.org/jira/images/icons/priorities/minor.png">Minor</priority>
                        <status id="6" iconUrl="https://issues.apache.org/jira/images/icons/statuses/closed.png" description="The issue is considered finished, the resolution is correct. Issues which are closed can be reopened.">Closed</status>
                    <statusCategory id="3" key="done" colorName="green"/>
                                    <resolution id="3">Duplicate</resolution>
                                        <assignee username="-1">Unassigned</assignee>
                                    <reporter username="mikl">Mikkel Meyer Andersen</reporter>
                        <labels>
                    </labels>
                <created>Fri, 22 Jan 2010 13:55:16 +0000</created>
                <updated>Sat, 13 Mar 2010 20:31:03 +0000</updated>
                            <resolved>Sat, 13 Mar 2010 20:31:03 +0000</resolved>
                                                                        <due></due>
                            <votes>0</votes>
                                    <watches>0</watches>
                                    <timeoriginalestimate seconds="3600">1h</timeoriginalestimate>
                            <timeestimate seconds="3600">1h</timeestimate>
                                        <comments>
                            <comment id="12803700" author="mikl" created="Fri, 22 Jan 2010 13:55:45 +0000"  >&lt;p&gt;Implementation&lt;/p&gt;</comment>
                            <comment id="12844958" author="psteitz" created="Sat, 13 Mar 2010 20:31:03 +0000"  >&lt;p&gt;Superceded by &lt;a href=&quot;https://issues.apache.org/jira/browse/MATH-332&quot; title=&quot;Replacement of the HasDensity&amp;lt;P&amp;gt;-interface with a &amp;quot;double density(double x)&amp;quot;-method on the AbstractContinuousDistribution&quot; class=&quot;issue-link&quot; data-issue-key=&quot;MATH-332&quot;&gt;&lt;del&gt;MATH-332&lt;/del&gt;&lt;/a&gt;&lt;/p&gt;</comment>
                    </comments>
                    <attachments>
                            <attachment id="12431109" name="patchfile" size="2570" author="mikl" created="Fri, 22 Jan 2010 13:55:45 +0000"/>
                    </attachments>
                <subtasks>
                    </subtasks>
                <customfields>
                                                <customfield id="customfield_12310310" key="com.atlassian.jira.toolkit:attachments">
                        <customfieldname>Attachment count</customfieldname>
                        <customfieldvalues>
                            <customfieldvalue>1.0</customfieldvalue>
                        </customfieldvalues>
                    </customfield>
                                                                                                                                                                                                                                                                                                                                                                                                                                                                                                                                <customfield id="customfield_12310220" key="com.atlassian.jira.ext.charting:firstresponsedate">
                        <customfieldname>Date of First Response</customfieldname>
                        <customfieldvalues>
                            <customfieldvalue>Sat, 13 Mar 2010 20:31:03 +0000</customfieldvalue>

                        </customfieldvalues>
                    </customfield>
                                                                                                                                                                                                                                                                                                                                                                                                                                            <customfield id="customfield_12310420" key="com.pyxis.greenhopper.jira:gh-global-rank">
                        <customfieldname>Global Rank</customfieldname>
                        <customfieldvalues>
                            <customfieldvalue>150503</customfieldvalue>
                        </customfieldvalues>
                    </customfield>
                                                                                                                        <customfield id="customfield_12312521" key="com.atlassian.jira.toolkit:LastCommentDate">
                        <customfieldname>Last public comment date</customfieldname>
                        <customfieldvalues>
                            6 years, 36 weeks, 6 days ago
                        </customfieldvalues>
                    </customfield>
                                                                                            <customfield id="customfield_12311820" key="com.pyxis.greenhopper.jira:gh-lexo-rank">
                        <customfieldname>Rank</customfieldname>
                        <customfieldvalues>
                            <customfieldvalue>0|i0rv4n:</customfieldvalue>

                        </customfieldvalues>
                    </customfield>
                                                                <customfield id="customfield_12310920" key="com.pyxis.greenhopper.jira:gh-global-rank">
                        <customfieldname>Rank (Obsolete)</customfieldname>
                        <customfieldvalues>
                            <customfieldvalue>160687</customfieldvalue>
                        </customfieldvalues>
                    </customfield>
                                                                                                                                                                                                                                        <customfield id="customfield_12310222" key="com.atlassian.jira.ext.charting:timeinstatus">
                        <customfieldname>Time in Status</customfieldname>
                        <customfieldvalues>
                            
                        </customfieldvalues>
                    </customfield>
                                                                                                                        </customfields>
    </item>
</channel>
</rss>