<!-- 
RSS generated by JIRA (6.3.4#6332-sha1:51bc225ef474afe3128b2f66878477f322397b16) at Fri Nov 18 22:38:11 UTC 2016

It is possible to restrict the fields that are returned in this document by specifying the 'field' parameter in your request.
For example, to request only the issue key and summary add field=key&field=summary to the URL of your request.
For example:
https://issues.apache.org/jira/si/jira.issueviews:issue-xml/MATH-669/MATH-669.xml?field=key&amp;field=summary
-->
<rss version="0.92" >
<channel>
    <title>ASF JIRA</title>
    <link>https://issues.apache.org/jira</link>
    <description>This file is an XML representation of an issue</description>
    <language>en-uk</language>    <build-info>
        <version>6.3.4</version>
        <build-number>6332</build-number>
        <build-date>15-08-2014</build-date>
    </build-info>

<item>
            <title>[MATH-669] UnivariateRealIntegrator throws ConvergenceException</title>
                <link>https://issues.apache.org/jira/browse/MATH-669</link>
                <project id="12310485" key="MATH">Commons Math</project>
                    <description>&lt;p&gt;&lt;tt&gt;ConvergenceException&lt;/tt&gt; is a checked exception, which goes against the developer&apos;s guide. It occurs in the &lt;tt&gt;throws&lt;/tt&gt; clause of some methods in package o.a.c.m.analysis.integration. It seems that these occurences are remnants from previous versions, where exceptions were probably checked. This exception is actually never thrown : it is safe to remove it from the &lt;tt&gt;throws&lt;/tt&gt; clause.&lt;/p&gt;</description>
                <environment></environment>
        <key id="12523194">MATH-669</key>
            <summary>UnivariateRealIntegrator throws ConvergenceException</summary>
                <type id="1" iconUrl="https://issues.apache.org/jira/images/icons/issuetypes/bug.png">Bug</type>
                                            <priority id="4" iconUrl="https://issues.apache.org/jira/images/icons/priorities/minor.png">Minor</priority>
                        <status id="6" iconUrl="https://issues.apache.org/jira/images/icons/statuses/closed.png" description="The issue is considered finished, the resolution is correct. Issues which are closed can be reopened.">Closed</status>
                    <statusCategory id="3" key="done" colorName="green"/>
                                    <resolution id="1">Fixed</resolution>
                                        <assignee username="-1">Unassigned</assignee>
                                    <reporter username="celestin">S&#233;bastien Brisard</reporter>
                        <labels>
                    </labels>
                <created>Thu, 15 Sep 2011 14:14:04 +0000</created>
                <updated>Sun, 18 Mar 2012 09:32:51 +0000</updated>
                            <resolved>Thu, 15 Sep 2011 14:28:55 +0000</resolved>
                                    <version>3.0</version>
                                    <fixVersion>3.0</fixVersion>
                                        <due></due>
                            <votes>0</votes>
                                    <watches>1</watches>
                                                                <comments>
                            <comment id="13105390" author="celestin" created="Thu, 15 Sep 2011 14:28:32 +0000"  >&lt;p&gt;Done in rev1171111.&lt;/p&gt;</comment>
                            <comment id="13232237" author="celestin" created="Sun, 18 Mar 2012 09:32:51 +0000"  >&lt;p&gt;Fixed in 3.0.&lt;/p&gt;</comment>
                    </comments>
                    <attachments>
                    </attachments>
                <subtasks>
                    </subtasks>
                <customfields>
                                                <customfield id="customfield_12310310" key="com.atlassian.jira.toolkit:attachments">
                        <customfieldname>Attachment count</customfieldname>
                        <customfieldvalues>
                            <customfieldvalue>0.0</customfieldvalue>
                        </customfieldvalues>
                    </customfield>
                                                                                                                                                                                                                                                                                                                                                                                                                                                                                                                                                                                                                                                                                                                                                                                                                                                                                                                                        <customfield id="customfield_12310420" key="com.pyxis.greenhopper.jira:gh-global-rank">
                        <customfieldname>Global Rank</customfieldname>
                        <customfieldvalues>
                            <customfieldvalue>60559</customfieldvalue>
                        </customfieldvalues>
                    </customfield>
                                                                                                                        <customfield id="customfield_12312521" key="com.atlassian.jira.toolkit:LastCommentDate">
                        <customfieldname>Last public comment date</customfieldname>
                        <customfieldvalues>
                            4 years, 35 weeks, 5 days ago
                        </customfieldvalues>
                    </customfield>
                                                                                            <customfield id="customfield_12311820" key="com.pyxis.greenhopper.jira:gh-lexo-rank">
                        <customfieldname>Rank</customfieldname>
                        <customfieldvalues>
                            <customfieldvalue>0|i0aoyv:</customfieldvalue>

                        </customfieldvalues>
                    </customfield>
                                                                <customfield id="customfield_12310920" key="com.pyxis.greenhopper.jira:gh-global-rank">
                        <customfieldname>Rank (Obsolete)</customfieldname>
                        <customfieldvalues>
                            <customfieldvalue>60318</customfieldvalue>
                        </customfieldvalues>
                    </customfield>
                                                                                                                                                                                                                                        <customfield id="customfield_12310222" key="com.atlassian.jira.ext.charting:timeinstatus">
                        <customfieldname>Time in Status</customfieldname>
                        <customfieldvalues>
                            
                        </customfieldvalues>
                    </customfield>
                                                                                                                        </customfields>
    </item>
</channel>
</rss>