<!-- 
RSS generated by JIRA (6.3.4#6332-sha1:51bc225ef474afe3128b2f66878477f322397b16) at Fri Nov 18 22:46:28 UTC 2016

It is possible to restrict the fields that are returned in this document by specifying the 'field' parameter in your request.
For example, to request only the issue key and summary add field=key&field=summary to the URL of your request.
For example:
https://issues.apache.org/jira/si/jira.issueviews:issue-xml/MATH-333/MATH-333.xml?field=key&amp;field=summary
-->
<rss version="0.92" >
<channel>
    <title>ASF JIRA</title>
    <link>https://issues.apache.org/jira</link>
    <description>This file is an XML representation of an issue</description>
    <language>en-uk</language>    <build-info>
        <version>6.3.4</version>
        <build-number>6332</build-number>
        <build-date>15-08-2014</build-date>
    </build-info>

<item>
            <title>[MATH-333] eigenvectors computation is wrong when several vectors share the same eigenvalue</title>
                <link>https://issues.apache.org/jira/browse/MATH-333</link>
                <project id="12310485" key="MATH">Commons Math</project>
                    <description>&lt;p&gt;A typical example is to decompose identity matrix. There is only one eigenvalue: 1.0. Instead of returning n different eigenvectors forming a complete vector base, the same vector is returned n times.&lt;/p&gt;</description>
                <environment></environment>
        <key id="12446568">MATH-333</key>
            <summary>eigenvectors computation is wrong when several vectors share the same eigenvalue</summary>
                <type id="1" iconUrl="https://issues.apache.org/jira/images/icons/issuetypes/bug.png">Bug</type>
                                            <priority id="3" iconUrl="https://issues.apache.org/jira/images/icons/priorities/major.png">Major</priority>
                        <status id="6" iconUrl="https://issues.apache.org/jira/images/icons/statuses/closed.png" description="The issue is considered finished, the resolution is correct. Issues which are closed can be reopened.">Closed</status>
                    <statusCategory id="3" key="done" colorName="green"/>
                                    <resolution id="1">Fixed</resolution>
                                        <assignee username="dimpbx">Dimitri Pourbaix</assignee>
                                    <reporter username="luc">Luc Maisonobe</reporter>
                        <labels>
                    </labels>
                <created>Mon, 25 Jan 2010 17:56:01 +0000</created>
                <updated>Sat, 3 Apr 2010 20:34:39 +0000</updated>
                            <resolved>Tue, 16 Feb 2010 17:43:21 +0000</resolved>
                                                    <fixVersion>2.1</fixVersion>
                                        <due></due>
                            <votes>0</votes>
                                    <watches>0</watches>
                                                                <comments>
                            <comment id="12828792" author="luc" created="Tue, 2 Feb 2010 22:12:56 +0000"  >&lt;p&gt;This issue should really be fixed for 2.1&lt;/p&gt;</comment>
                            <comment id="12832268" author="dimpbx" created="Wed, 10 Feb 2010 22:52:28 +0000"  >&lt;p&gt;EigenDecomposition is the Java (strict) translation of some parts of the&lt;br/&gt;
LAPACK library, as obscure as the original.  It is likely efficient when&lt;br/&gt;
it works properly but it is a debugging nightmare when it does not.  Far&lt;br/&gt;
away from most OOP paradigms, every useful quantity is stored in a huge&lt;br/&gt;
array which is used as a working area.&lt;/p&gt;

&lt;p&gt;Part of the LAPACK complexity as far as EigenDecomposition is concerned&lt;br/&gt;
is caused by its wish to handle almost any kind of matrix.  So, lots of&lt;br/&gt;
routines are introduced to handle these different cases.  If one tries to&lt;br/&gt;
follow the path of a real symmetric matrix in that jungle, one still ends&lt;br/&gt;
up with a lot of routines and thus with a lot of Java methods.  However,&lt;br/&gt;
if one decides from the beginning that we will deal with real symmetric&lt;br/&gt;
matrices only, there are way simpler alternatives to the LAPACK collection.&lt;/p&gt;

&lt;p&gt;Even without changing the current methods, a bit of mathematical consistency&lt;br/&gt;
might be welcome: the class EigenDecomposition is clearly described as sol-&lt;br/&gt;
ving an eigen problem for a real symmetic matrix.  Fine.  But if it is so,&lt;br/&gt;
there is no point in keeping imaginaryEigenvalues: the eigen values of a&lt;br/&gt;
real symmetric matrix are real (LAPACK legacy)!!!  The only reason I see for&lt;br/&gt;
keeping the imaginary part is because solver() needs it.&lt;br/&gt;
At the cost of a second eigen decomposition, SVD now returns the correct&lt;br/&gt;
number of singular values (and left and right singular vectors) even when&lt;br/&gt;
the matrix is singular.&lt;/p&gt;

&lt;p&gt;A few signs in the eigen vectors of testMath308 must be changed to&lt;br/&gt;
successfully pass to the tests.&lt;/p&gt;

&lt;p&gt;testTruncated and testMath320A (in SingularValueSolverTest) have been&lt;br/&gt;
removed since SVD always return the maximum number of singular values.&lt;br/&gt;
testMatricesValues2 (from SingularValueDecompositionImplTest) is&lt;br/&gt;
removed because the SVD decomposition is not unique.&lt;/p&gt;</comment>
                            <comment id="12832411" author="dimpbx" created="Thu, 11 Feb 2010 07:30:47 +0000"  >&lt;p&gt;The attached file is the result &apos;svn diff&apos; from trunk.&lt;/p&gt;</comment>
                    </comments>
                    <attachments>
                            <attachment id="12435510" name="EigenDecompositionImpl.java" size="21368" author="dimpbx" created="Wed, 10 Feb 2010 22:52:28 +0000"/>
                            <attachment id="12435555" name="MATH-333_320.patch" size="106113" author="dimpbx" created="Thu, 11 Feb 2010 07:30:46 +0000"/>
                            <attachment id="12435511" name="SingularValueDecompositionImpl.java" size="13823" author="dimpbx" created="Wed, 10 Feb 2010 22:52:28 +0000"/>
                    </attachments>
                <subtasks>
                    </subtasks>
                <customfields>
                                                <customfield id="customfield_12310310" key="com.atlassian.jira.toolkit:attachments">
                        <customfieldname>Attachment count</customfieldname>
                        <customfieldvalues>
                            <customfieldvalue>3.0</customfieldvalue>
                        </customfieldvalues>
                    </customfield>
                                                                                                                                                                                                                                                                                                                                                                                                                                                                                                                                <customfield id="customfield_12310220" key="com.atlassian.jira.ext.charting:firstresponsedate">
                        <customfieldname>Date of First Response</customfieldname>
                        <customfieldvalues>
                            <customfieldvalue>Wed, 10 Feb 2010 22:52:28 +0000</customfieldvalue>

                        </customfieldvalues>
                    </customfield>
                                                                                                                                                                                                                                                                                                                                                                                                                                            <customfield id="customfield_12310420" key="com.pyxis.greenhopper.jira:gh-global-rank">
                        <customfieldname>Global Rank</customfieldname>
                        <customfieldvalues>
                            <customfieldvalue>150506</customfieldvalue>
                        </customfieldvalues>
                    </customfield>
                                                                                                                        <customfield id="customfield_12312521" key="com.atlassian.jira.toolkit:LastCommentDate">
                        <customfieldname>Last public comment date</customfieldname>
                        <customfieldvalues>
                            6 years, 41 weeks, 1 day ago
                        </customfieldvalues>
                    </customfield>
                                                                                            <customfield id="customfield_12311820" key="com.pyxis.greenhopper.jira:gh-lexo-rank">
                        <customfieldname>Rank</customfieldname>
                        <customfieldvalues>
                            <customfieldvalue>0|i0rv3z:</customfieldvalue>

                        </customfieldvalues>
                    </customfield>
                                                                <customfield id="customfield_12310920" key="com.pyxis.greenhopper.jira:gh-global-rank">
                        <customfieldname>Rank (Obsolete)</customfieldname>
                        <customfieldvalues>
                            <customfieldvalue>160684</customfieldvalue>
                        </customfieldvalues>
                    </customfield>
                                                                                                                                                                                                                                        <customfield id="customfield_12310222" key="com.atlassian.jira.ext.charting:timeinstatus">
                        <customfieldname>Time in Status</customfieldname>
                        <customfieldvalues>
                            
                        </customfieldvalues>
                    </customfield>
                                                                                                                        </customfields>
    </item>
</channel>
</rss>