<!-- 
RSS generated by JIRA (6.3.4#6332-sha1:51bc225ef474afe3128b2f66878477f322397b16) at Fri Nov 18 20:46:36 UTC 2016

It is possible to restrict the fields that are returned in this document by specifying the 'field' parameter in your request.
For example, to request only the issue key and summary add field=key&field=summary to the URL of your request.
For example:
https://issues.apache.org/jira/si/jira.issueviews:issue-xml/MATH-1295/MATH-1295.xml?field=key&amp;field=summary
-->
<rss version="0.92" >
<channel>
    <title>ASF JIRA</title>
    <link>https://issues.apache.org/jira</link>
    <description>This file is an XML representation of an issue</description>
    <language>en-uk</language>    <build-info>
        <version>6.3.4</version>
        <build-number>6332</build-number>
        <build-date>15-08-2014</build-date>
    </build-info>

<item>
            <title>[MATH-1295] NonLinearConjugateGradientOptimizer and BracketFinder TooManyEvaluationsException</title>
                <link>https://issues.apache.org/jira/browse/MATH-1295</link>
                <project id="12310485" key="MATH">Commons Math</project>
                    <description>&lt;p&gt;I am getting the exception below when using NonLinearConjugateGradientOptimizer.  &lt;/p&gt;

&lt;p&gt; org.apache.commons.math3.exception.TooManyEvaluationsException: illegal state: maximal count (50) exceeded: evaluations&lt;br/&gt;
	at org.apache.commons.math3.optim.univariate.BracketFinder.eval(BracketFinder.java:287)&lt;br/&gt;
	at org.apache.commons.math3.optim.univariate.BracketFinder.search(BracketFinder.java:181)&lt;br/&gt;
	at org.apache.commons.math3.optim.nonlinear.scalar.LineSearch.search(LineSearch.java:127)&lt;br/&gt;
	at org.apache.commons.math3.optim.nonlinear.scalar.gradient.NonLinearConjugateGradientOptimizer.doOptimize(NonLinearConjugateGradientOptimizer.java:283)&lt;br/&gt;
	at org.apache.commons.math3.optim.nonlinear.scalar.gradient.NonLinearConjugateGradientOptimizer.doOptimize(NonLinearConjugateGradientOptimizer.java:47)&lt;br/&gt;
	at org.apache.commons.math3.optim.BaseOptimizer.optimize(BaseOptimizer.java:154)&lt;br/&gt;
	at org.apache.commons.math3.optim.BaseMultivariateOptimizer.optimize(BaseMultivariateOptimizer.java:66)&lt;br/&gt;
	at org.apache.commons.math3.optim.nonlinear.scalar.MultivariateOptimizer.optimize(MultivariateOptimizer.java:64)&lt;br/&gt;
	at org.apache.commons.math3.optim.nonlinear.scalar.GradientMultivariateOptimizer.optimize(GradientMultivariateOptimizer.java:74)&lt;br/&gt;
	at org.apache.commons.math3.optim.nonlinear.scalar.gradient.NonLinearConjugateGradientOptimizer.optimize(NonLinearConjugateGradientOptimizer.java:245)&lt;/p&gt;


&lt;p&gt;NonLinearConjugateGradientOptimizer calls the no argument constructor of BracketFinder which defaults its max evaluations to 50.  I tried changing the source code of BracketFinder so that the default max evaluations is 200 and since making the change have not encountered the problem.  I was wondering if BracketFinder could have its default max evaluations increased or if NonLinearConjugateGradientOptimizer could set a higher max evaluations when it constructs a BracketFinder.&lt;/p&gt;</description>
                <environment></environment>
        <key id="12917293">MATH-1295</key>
            <summary>NonLinearConjugateGradientOptimizer and BracketFinder TooManyEvaluationsException</summary>
                <type id="1" iconUrl="https://issues.apache.org/jira/images/icons/issuetypes/bug.png">Bug</type>
                                            <priority id="4" iconUrl="https://issues.apache.org/jira/images/icons/priorities/minor.png">Minor</priority>
                        <status id="6" iconUrl="https://issues.apache.org/jira/images/icons/statuses/closed.png" description="The issue is considered finished, the resolution is correct. Issues which are closed can be reopened.">Closed</status>
                    <statusCategory id="3" key="done" colorName="green"/>
                                    <resolution id="1">Fixed</resolution>
                                        <assignee username="-1">Unassigned</assignee>
                                    <reporter username="luke.lindsay">Luke Lindsay</reporter>
                        <labels>
                    </labels>
                <created>Tue, 1 Dec 2015 15:56:26 +0000</created>
                <updated>Mon, 25 Jan 2016 20:27:47 +0000</updated>
                            <resolved>Wed, 2 Dec 2015 14:58:12 +0000</resolved>
                                    <version>3.5</version>
                                    <fixVersion>4.0</fixVersion>
                    <fixVersion>3.6</fixVersion>
                                        <due></due>
                            <votes>0</votes>
                                    <watches>3</watches>
                                                                <comments>
                            <comment id="15035913" author="erans" created="Wed, 2 Dec 2015 14:58:12 +0000"  >&lt;p&gt;Default increased to 500.&lt;/p&gt;

&lt;p&gt;Commits:&lt;br/&gt;
26ad6ac83721fd90e35fe4db4613685b5857fed9 (MATH_3_X)&lt;br/&gt;
34646ec9b52192a71e52ffc09cf7fefdd506c48c (master)&lt;/p&gt;</comment>
                            <comment id="15115911" author="luc" created="Mon, 25 Jan 2016 20:27:47 +0000"  >&lt;p&gt;Closing all resolved issues that were included in 3.6 release.&lt;/p&gt;</comment>
                    </comments>
                    <attachments>
                    </attachments>
                <subtasks>
                    </subtasks>
                <customfields>
                                                <customfield id="customfield_12310310" key="com.atlassian.jira.toolkit:attachments">
                        <customfieldname>Attachment count</customfieldname>
                        <customfieldvalues>
                            <customfieldvalue>0.0</customfieldvalue>
                        </customfieldvalues>
                    </customfield>
                                                                                                                                                                                                                                                                                                                                                                                                                                                                                                                                <customfield id="customfield_12310220" key="com.atlassian.jira.ext.charting:firstresponsedate">
                        <customfieldname>Date of First Response</customfieldname>
                        <customfieldvalues>
                            <customfieldvalue>Wed, 2 Dec 2015 14:58:12 +0000</customfieldvalue>

                        </customfieldvalues>
                    </customfield>
                                                                                                                                                                                                                                                                                                                                                                                                                                            <customfield id="customfield_12310420" key="com.pyxis.greenhopper.jira:gh-global-rank">
                        <customfieldname>Global Rank</customfieldname>
                        <customfieldvalues>
                            <customfieldvalue>9223372036854775807</customfieldvalue>
                        </customfieldvalues>
                    </customfield>
                                                                                                                        <customfield id="customfield_12312521" key="com.atlassian.jira.toolkit:LastCommentDate">
                        <customfieldname>Last public comment date</customfieldname>
                        <customfieldvalues>
                            42 weeks, 4 days ago
                        </customfieldvalues>
                    </customfield>
                                                                                            <customfield id="customfield_12311820" key="com.pyxis.greenhopper.jira:gh-lexo-rank">
                        <customfieldname>Rank</customfieldname>
                        <customfieldvalues>
                            <customfieldvalue>0|i2p4gf:</customfieldvalue>

                        </customfieldvalues>
                    </customfield>
                                                                <customfield id="customfield_12310920" key="com.pyxis.greenhopper.jira:gh-global-rank">
                        <customfieldname>Rank (Obsolete)</customfieldname>
                        <customfieldvalues>
                            <customfieldvalue>9223372036854775807</customfieldvalue>
                        </customfieldvalues>
                    </customfield>
                                                                                                                                                                                                                                        <customfield id="customfield_12310222" key="com.atlassian.jira.ext.charting:timeinstatus">
                        <customfieldname>Time in Status</customfieldname>
                        <customfieldvalues>
                            
                        </customfieldvalues>
                    </customfield>
                                                                                                                        </customfields>
    </item>
</channel>
</rss>