<!-- 
RSS generated by JIRA (6.3.4#6332-sha1:51bc225ef474afe3128b2f66878477f322397b16) at Fri Nov 18 23:24:55 UTC 2016

It is possible to restrict the fields that are returned in this document by specifying the 'field' parameter in your request.
For example, to request only the issue key and summary add field=key&field=summary to the URL of your request.
For example:
https://issues.apache.org/jira/si/jira.issueviews:issue-xml/MATH-801/MATH-801.xml?field=key&amp;field=summary
-->
<rss version="0.92" >
<channel>
    <title>ASF JIRA</title>
    <link>https://issues.apache.org/jira</link>
    <description>This file is an XML representation of an issue</description>
    <language>en-uk</language>    <build-info>
        <version>6.3.4</version>
        <build-number>6332</build-number>
        <build-date>15-08-2014</build-date>
    </build-info>

<item>
            <title>[MATH-801] Quaternion not normalized after construction</title>
                <link>https://issues.apache.org/jira/browse/MATH-801</link>
                <project id="12310485" key="MATH">Commons Math</project>
                    <description>&lt;p&gt;The use of the Rotation(Vector3D u1,Vector3D u2,Vector3D v1,Vector3D v2) constructor with normalized angle can apparently lead to un-normalized quaternion.&lt;br/&gt;
This case appeared to me with the following data :&lt;br/&gt;
u1 = (0.9999988431610581, -0.0015210774290851095, 0.0)&lt;br/&gt;
u2 = (0.0, 0.0, 1.0)&lt;br/&gt;
and &lt;br/&gt;
v1 = (0.9999999999999999, 0.0, 0.0)&lt;br/&gt;
v2 = (0.0, 0.0, -1.0)&lt;/p&gt;

&lt;p&gt;This lead to the following quaternion :&lt;br/&gt;
q0 = 225783.35177064248&lt;br/&gt;
q1 = 0.0&lt;br/&gt;
q2 = 0.0&lt;br/&gt;
q3 = -3.3684446110762543E-9&lt;/p&gt;

&lt;p&gt;I was expecting to have a normalized quaternion, as input vector&apos;s are normalized. Does the quaternion shouldn&apos;t be normalized ?&lt;br/&gt;
I&apos;ve joined the corresponding piece of code as JUnit Test case&lt;/p&gt;</description>
                <environment></environment>
        <key id="12559346">MATH-801</key>
            <summary>Quaternion not normalized after construction</summary>
                <type id="1" iconUrl="https://issues.apache.org/jira/images/icons/issuetypes/bug.png">Bug</type>
                                            <priority id="3" iconUrl="https://issues.apache.org/jira/images/icons/priorities/major.png">Major</priority>
                        <status id="6" iconUrl="https://issues.apache.org/jira/images/icons/statuses/closed.png" description="The issue is considered finished, the resolution is correct. Issues which are closed can be reopened.">Closed</status>
                    <statusCategory id="3" key="done" colorName="green"/>
                                    <resolution id="1">Fixed</resolution>
                                        <assignee username="-1">Unassigned</assignee>
                                    <reporter username="romdicos">DI COSTANZO</reporter>
                        <labels>
                    </labels>
                <created>Tue, 5 Jun 2012 09:31:03 +0000</created>
                <updated>Mon, 4 Mar 2013 18:53:34 +0000</updated>
                            <resolved>Tue, 5 Jun 2012 18:29:16 +0000</resolved>
                                    <version>3.0</version>
                                    <fixVersion>3.1</fixVersion>
                                        <due></due>
                            <votes>0</votes>
                                    <watches>2</watches>
                                                                <comments>
                            <comment id="13289628" author="luc" created="Tue, 5 Jun 2012 18:29:16 +0000"  >&lt;p&gt;Fixed in subversion repository as of r1346513.&lt;/p&gt;

&lt;p&gt;Thanks for the report.&lt;/p&gt;</comment>
                    </comments>
                    <attachments>
                            <attachment id="12530927" name="RotationNotNormalised.txt" size="816" author="romdicos" created="Tue, 5 Jun 2012 09:33:22 +0000"/>
                    </attachments>
                <subtasks>
                    </subtasks>
                <customfields>
                                                <customfield id="customfield_12310310" key="com.atlassian.jira.toolkit:attachments">
                        <customfieldname>Attachment count</customfieldname>
                        <customfieldvalues>
                            <customfieldvalue>1.0</customfieldvalue>
                        </customfieldvalues>
                    </customfield>
                                                                                                                                                                                                                                                                                                                                                                                                                                                                                                                                <customfield id="customfield_12310220" key="com.atlassian.jira.ext.charting:firstresponsedate">
                        <customfieldname>Date of First Response</customfieldname>
                        <customfieldvalues>
                            <customfieldvalue>Tue, 5 Jun 2012 18:29:16 +0000</customfieldvalue>

                        </customfieldvalues>
                    </customfield>
                                                                                                                                                                                                                                                                                                                                                                                                                                            <customfield id="customfield_12310420" key="com.pyxis.greenhopper.jira:gh-global-rank">
                        <customfieldname>Global Rank</customfieldname>
                        <customfieldvalues>
                            <customfieldvalue>292301</customfieldvalue>
                        </customfieldvalues>
                    </customfield>
                                                                                                                        <customfield id="customfield_12312521" key="com.atlassian.jira.toolkit:LastCommentDate">
                        <customfieldname>Last public comment date</customfieldname>
                        <customfieldvalues>
                            4 years, 24 weeks, 3 days ago
                        </customfieldvalues>
                    </customfield>
                                                                                            <customfield id="customfield_12311820" key="com.pyxis.greenhopper.jira:gh-lexo-rank">
                        <customfieldname>Rank</customfieldname>
                        <customfieldvalues>
                            <customfieldvalue>0|i0rt53:</customfieldvalue>

                        </customfieldvalues>
                    </customfield>
                                                                <customfield id="customfield_12310920" key="com.pyxis.greenhopper.jira:gh-global-rank">
                        <customfieldname>Rank (Obsolete)</customfieldname>
                        <customfieldvalues>
                            <customfieldvalue>160365</customfieldvalue>
                        </customfieldvalues>
                    </customfield>
                                                                                                                                                                                                                                        <customfield id="customfield_12310222" key="com.atlassian.jira.ext.charting:timeinstatus">
                        <customfieldname>Time in Status</customfieldname>
                        <customfieldvalues>
                            
                        </customfieldvalues>
                    </customfield>
                                                                                                                        </customfields>
    </item>
</channel>
</rss>