<!-- 
RSS generated by JIRA (6.3.4#6332-sha1:51bc225ef474afe3128b2f66878477f322397b16) at Sat Nov 19 23:43:28 UTC 2016

It is possible to restrict the fields that are returned in this document by specifying the 'field' parameter in your request.
For example, to request only the issue key and summary add field=key&field=summary to the URL of your request.
For example:
https://issues.apache.org/jira/si/jira.issueviews:issue-xml/MATH-1224/MATH-1224.xml?field=key&amp;field=summary
-->
<rss version="0.92" >
<channel>
    <title>ASF JIRA</title>
    <link>https://issues.apache.org/jira</link>
    <description>This file is an XML representation of an issue</description>
    <language>en-uk</language>    <build-info>
        <version>6.3.4</version>
        <build-number>6332</build-number>
        <build-date>15-08-2014</build-date>
    </build-info>

<item>
            <title>[MATH-1224] NullPointerExceptions not documented in some classes</title>
                <link>https://issues.apache.org/jira/browse/MATH-1224</link>
                <project id="12310485" key="MATH">Commons Math</project>
                    <description>&lt;p&gt;In general, the need to initialize newly constructed objects with more data is now documented, but we have found two cases where a NullPointerException is thrown because of missing data.&lt;/p&gt;

&lt;p&gt;The documentation should be updated to reflect this. This is similar to issues report in &lt;a href=&quot;https://issues.apache.org/jira/browse/MATH-1116&quot; title=&quot;NullPointerException not advertized in Javadoc&quot; class=&quot;issue-link&quot; data-issue-key=&quot;MATH-1116&quot;&gt;&lt;del&gt;MATH-1116&lt;/del&gt;&lt;/a&gt; but concerns classes that are not going to be deprecated (as far as we can tell).&lt;/p&gt;

&lt;p&gt;I have previously posted this as a new comment on issue 1116, but that comment has not elicited any response. As the original issue is one year old, I post this bug as a new issue.&lt;/p&gt;

&lt;p&gt;Below is the code that produces the two cases:&lt;/p&gt;

&lt;p&gt;org.apache.commons.math3.ode.nonstiff.HighamHall54Integrator var1 = new org.apache.commons.math3.ode.nonstiff.HighamHall54Integrator(0.0d, 0.0d, 0.0d, 0.0d);&lt;br/&gt;
double[] var2 = new double[] &lt;/p&gt;
{ 0.0d }
&lt;p&gt;;&lt;br/&gt;
var1.computeDerivatives(0.0d, var2, var2); // NPE&lt;/p&gt;

&lt;p&gt;new org.apache.commons.math3.stat.correlation.SpearmansCorrelation().getCorrelationMatrix(); // NPE&lt;/p&gt;
</description>
                <environment>&lt;p&gt;Mac OS X, Java 6-8&lt;/p&gt;</environment>
        <key id="12828708">MATH-1224</key>
            <summary>NullPointerExceptions not documented in some classes</summary>
                <type id="1" iconUrl="https://issues.apache.org/jira/images/icons/issuetypes/bug.png">Bug</type>
                                            <priority id="4" iconUrl="https://issues.apache.org/jira/images/icons/priorities/minor.png">Minor</priority>
                        <status id="6" iconUrl="https://issues.apache.org/jira/images/icons/statuses/closed.png" description="The issue is considered finished, the resolution is correct. Issues which are closed can be reopened.">Closed</status>
                    <statusCategory id="3" key="done" colorName="green"/>
                                    <resolution id="1">Fixed</resolution>
                                        <assignee username="-1">Unassigned</assignee>
                                    <reporter username="Telcontar">Cyrille Artho</reporter>
                        <labels>
                            <label>documentation</label>
                            <label>easyfix</label>
                            <label>easytest</label>
                            <label>newbie</label>
                    </labels>
                <created>Mon, 11 May 2015 00:43:24 +0000</created>
                <updated>Mon, 25 Jan 2016 20:27:55 +0000</updated>
                            <resolved>Tue, 19 May 2015 11:47:52 +0000</resolved>
                                    <version>3.3</version>
                    <version>3.5</version>
                                    <fixVersion>4.0</fixVersion>
                    <fixVersion>3.6</fixVersion>
                                        <due></due>
                            <votes>0</votes>
                                    <watches>3</watches>
                                    <timeoriginalestimate seconds="2400">40m</timeoriginalestimate>
                            <timeestimate seconds="2400">40m</timeestimate>
                                        <comments>
                            <comment id="14537466" author="telcontar" created="Mon, 11 May 2015 00:44:08 +0000"  >&lt;p&gt;Self-contained unit test to reproduce NullPointerException on HighamHall54Integrator (the need to initialize it further is not documented yet).&lt;/p&gt;</comment>
                            <comment id="14537467" author="telcontar" created="Mon, 11 May 2015 00:44:21 +0000"  >&lt;p&gt;Self-contained unit test to reproduce NullPointerException on SpearmansCorrelation (the need to initialize it further is not documented yet).&lt;/p&gt;</comment>
                            <comment id="14542517" author="psteitz" created="Wed, 13 May 2015 19:27:59 +0000"  >&lt;p&gt;Fixed for Spearman&apos;s &lt;br/&gt;
3.x branch: fbf6259e0fd4fc85ff55ff7a496b40f98cca43f0&lt;br/&gt;
master: 83c61da2c90548f2ddf48e164e8ab14b388e1d0c&lt;/p&gt;</comment>
                            <comment id="14550287" author="luc" created="Tue, 19 May 2015 11:47:52 +0000"  >&lt;p&gt;Fixed in git repository for the remaining part (ODE package).&lt;/p&gt;</comment>
                            <comment id="15115940" author="luc" created="Mon, 25 Jan 2016 20:27:55 +0000"  >&lt;p&gt;Closing all resolved issues that were included in 3.6 release.&lt;/p&gt;</comment>
                    </comments>
                    <attachments>
                            <attachment id="12731837" name="Report6.java" size="370" author="Telcontar" created="Mon, 11 May 2015 00:44:08 +0000"/>
                            <attachment id="12731838" name="Report7.java" size="212" author="Telcontar" created="Mon, 11 May 2015 00:44:21 +0000"/>
                    </attachments>
                <subtasks>
                    </subtasks>
                <customfields>
                                                <customfield id="customfield_12310310" key="com.atlassian.jira.toolkit:attachments">
                        <customfieldname>Attachment count</customfieldname>
                        <customfieldvalues>
                            <customfieldvalue>2.0</customfieldvalue>
                        </customfieldvalues>
                    </customfield>
                                                                                                                                                                                                                                                                                                                                                                                                                                                                                                                                <customfield id="customfield_12310220" key="com.atlassian.jira.ext.charting:firstresponsedate">
                        <customfieldname>Date of First Response</customfieldname>
                        <customfieldvalues>
                            <customfieldvalue>Wed, 13 May 2015 19:27:59 +0000</customfieldvalue>

                        </customfieldvalues>
                    </customfield>
                                                                                                                                                                                                                                                                                                                                                                                                                                            <customfield id="customfield_12310420" key="com.pyxis.greenhopper.jira:gh-global-rank">
                        <customfieldname>Global Rank</customfieldname>
                        <customfieldvalues>
                            <customfieldvalue>9223372036854775807</customfieldvalue>
                        </customfieldvalues>
                    </customfield>
                                                                                                                        <customfield id="customfield_12312521" key="com.atlassian.jira.toolkit:LastCommentDate">
                        <customfieldname>Last public comment date</customfieldname>
                        <customfieldvalues>
                            42 weeks, 5 days ago
                        </customfieldvalues>
                    </customfield>
                                                                                            <customfield id="customfield_12311820" key="com.pyxis.greenhopper.jira:gh-lexo-rank">
                        <customfieldname>Rank</customfieldname>
                        <customfieldvalues>
                            <customfieldvalue>0|i2ejf3:</customfieldvalue>

                        </customfieldvalues>
                    </customfield>
                                                                <customfield id="customfield_12310920" key="com.pyxis.greenhopper.jira:gh-global-rank">
                        <customfieldname>Rank (Obsolete)</customfieldname>
                        <customfieldvalues>
                            <customfieldvalue>9223372036854775807</customfieldvalue>
                        </customfieldvalues>
                    </customfield>
                                                                                                                                                                                                                                        <customfield id="customfield_12310222" key="com.atlassian.jira.ext.charting:timeinstatus">
                        <customfieldname>Time in Status</customfieldname>
                        <customfieldvalues>
                            
                        </customfieldvalues>
                    </customfield>
                                                                                                                        </customfields>
    </item>
</channel>
</rss>