<!-- 
RSS generated by JIRA (6.3.4#6332-sha1:51bc225ef474afe3128b2f66878477f322397b16) at Fri Dec 02 17:52:41 UTC 2016

It is possible to restrict the fields that are returned in this document by specifying the 'field' parameter in your request.
For example, to request only the issue key and summary add field=key&field=summary to the URL of your request.
For example:
https://issues.apache.org/jira/si/jira.issueviews:issue-xml/MATH-286/MATH-286.xml?field=key&amp;field=summary
-->
<rss version="0.92" >
<channel>
    <title>ASF JIRA</title>
    <link>https://issues.apache.org/jira</link>
    <description>This file is an XML representation of an issue</description>
    <language>en-uk</language>    <build-info>
        <version>6.3.4</version>
        <build-number>6332</build-number>
        <build-date>15-08-2014</build-date>
    </build-info>

<item>
            <title>[MATH-286] SimplexSolver not working as expected?</title>
                <link>https://issues.apache.org/jira/browse/MATH-286</link>
                <project id="12310485" key="MATH">Commons Math</project>
                    <description>&lt;p&gt;I guess (but I could be wrong) that SimplexSolver does not always return the optimal solution, nor satisfies all the constraints...&lt;/p&gt;

&lt;p&gt;Consider this LP:&lt;/p&gt;

&lt;p&gt;max: 0.8 x0 + 0.2 x1 + 0.7 x2 + 0.3 x3 + 0.6 x4 + 0.4 x5;&lt;br/&gt;
r1: x0 + x2 + x4 = 23.0;&lt;br/&gt;
r2: x1 + x3 + x5 = 23.0;&lt;br/&gt;
r3: x0 &amp;gt;= 10.0;&lt;br/&gt;
r4: x2 &amp;gt;= 8.0;&lt;br/&gt;
r5: x4 &amp;gt;= 5.0;&lt;/p&gt;

&lt;p&gt;LPSolve returns 25.8, with x0 = 10.0, x1 = 0.0, x2 = 8.0, x3 = 0.0, x4 = 5.0, x5 = 23.0;&lt;/p&gt;

&lt;p&gt;The same LP expressed in Apache commons math is:&lt;/p&gt;

&lt;p&gt;LinearObjectiveFunction f = new LinearObjectiveFunction(new double[] &lt;/p&gt;
{ 0.8, 0.2, 0.7, 0.3, 0.6, 0.4 }
&lt;p&gt;, 0 );&lt;br/&gt;
Collection&amp;lt;LinearConstraint&amp;gt; constraints = new ArrayList&amp;lt;LinearConstraint&amp;gt;();&lt;br/&gt;
constraints.add(new LinearConstraint(new double[] &lt;/p&gt;
{ 1, 0, 1, 0, 1, 0 }
&lt;p&gt;, Relationship.EQ, 23.0));&lt;br/&gt;
constraints.add(new LinearConstraint(new double[] &lt;/p&gt;
{ 0, 1, 0, 1, 0, 1 }
&lt;p&gt;, Relationship.EQ, 23.0));&lt;br/&gt;
constraints.add(new LinearConstraint(new double[] &lt;/p&gt;
{ 1, 0, 0, 0, 0, 0 }
&lt;p&gt;, Relationship.GEQ, 10.0));&lt;br/&gt;
constraints.add(new LinearConstraint(new double[] &lt;/p&gt;
{ 0, 0, 1, 0, 0, 0 }
&lt;p&gt;, Relationship.GEQ, 8.0));&lt;br/&gt;
constraints.add(new LinearConstraint(new double[] &lt;/p&gt;
{ 0, 0, 0, 0, 1, 0 }
&lt;p&gt;, Relationship.GEQ, 5.0));&lt;/p&gt;

&lt;p&gt;RealPointValuePair solution = new SimplexSolver().optimize(f, constraints, GoalType.MAXIMIZE, true);&lt;/p&gt;

&lt;p&gt;that returns 22.20, with x0 = 15.0, x1 = 23.0, x2 = 8.0, x3 = 0.0, x4 = 0.0, x5 = 0.0;&lt;/p&gt;

&lt;p&gt;Is it possible SimplexSolver is buggy that way? The returned value is 22.20 instead of 25.8, and the last constraint (x4 &amp;gt;= 5.0) is not satisfied...&lt;/p&gt;

&lt;p&gt;Am I using the interface wrongly?&lt;/p&gt;</description>
                <environment>&lt;p&gt;Java 1.6.0_13 on  Windows XP 32-bit&lt;/p&gt;</environment>
        <key id="12433578">MATH-286</key>
            <summary>SimplexSolver not working as expected?</summary>
                <type id="1" iconUrl="https://issues.apache.org/jira/images/icons/issuetypes/bug.png">Bug</type>
                                            <priority id="3" iconUrl="https://issues.apache.org/jira/images/icons/priorities/major.png">Major</priority>
                        <status id="6" iconUrl="https://issues.apache.org/jira/images/icons/statuses/closed.png" description="The issue is considered finished, the resolution is correct. Issues which are closed can be reopened.">Closed</status>
                    <statusCategory id="3" key="done" colorName="green"/>
                                    <resolution id="1">Fixed</resolution>
                                        <assignee username="-1">Unassigned</assignee>
                                    <reporter username="ciaccia">Andrea</reporter>
                        <labels>
                    </labels>
                <created>Thu, 20 Aug 2009 15:04:09 +0000</created>
                <updated>Wed, 14 Apr 2010 00:30:57 +0000</updated>
                            <resolved>Thu, 10 Sep 2009 08:22:11 +0000</resolved>
                                    <version>2.0</version>
                                    <fixVersion>2.1</fixVersion>
                                        <due></due>
                            <votes>0</votes>
                                    <watches>0</watches>
                                                                <comments>
                            <comment id="12746199" author="bmccann" created="Fri, 21 Aug 2009 20:25:41 +0000"  >&lt;p&gt;I have confirmed this is an issue.&lt;/p&gt;</comment>
                            <comment id="12746207" author="bmccann" created="Fri, 21 Aug 2009 20:38:24 +0000"  >&lt;p&gt;Here&apos;s a smaller version of the problem that also fails:&lt;/p&gt;

&lt;p&gt;max 0.8 x0 + 0.2 x1 + 0.7 x2 + 0.3 x3&lt;br/&gt;
s.t. &lt;br/&gt;
x0 + x2 = 23.0&lt;br/&gt;
x1 + x3 = 23.0&lt;/p&gt;

&lt;p&gt;    @Test&lt;br/&gt;
    public void testMath268() throws OptimizationException {&lt;br/&gt;
      LinearObjectiveFunction f = new LinearObjectiveFunction(new double[] &lt;/p&gt;
{ 0.8, 0.2, 0.7, 0.3 }
&lt;p&gt;, 0 );&lt;br/&gt;
      Collection&amp;lt;LinearConstraint&amp;gt; constraints = new ArrayList&amp;lt;LinearConstraint&amp;gt;();&lt;br/&gt;
      constraints.add(new LinearConstraint(new double[] &lt;/p&gt;
{ 1, 0, 1, 0 }
&lt;p&gt;, Relationship.EQ, 23.0));&lt;br/&gt;
      constraints.add(new LinearConstraint(new double[] &lt;/p&gt;
{ 0, 1, 0, 1 }
&lt;p&gt;, Relationship.EQ, 23.0));&lt;/p&gt;

&lt;p&gt;      SimplexSolver solver = new SimplexSolver();&lt;br/&gt;
      RealPointValuePair solution = solver.optimize(f, constraints, GoalType.MINIMIZE, true);&lt;br/&gt;
      assertEquals(25.3, solution.getValue(), .0000001);&lt;br/&gt;
    }&lt;/p&gt;
</comment>
                            <comment id="12746219" author="bmccann" created="Fri, 21 Aug 2009 20:50:06 +0000"  >&lt;p&gt;And a yet smaller version that is failing:&lt;/p&gt;

&lt;p&gt;max 0.2 x1 + 0.3 x3&lt;br/&gt;
s.t. &lt;br/&gt;
x1 + x3 = 23.0&lt;/p&gt;

&lt;p&gt;    @Test&lt;br/&gt;
    public void testMath268() throws OptimizationException {&lt;br/&gt;
      LinearObjectiveFunction f = new LinearObjectiveFunction(new double[] &lt;/p&gt;
{ 0.2, 0.3 }
&lt;p&gt;, 0 );&lt;br/&gt;
      Collection&amp;lt;LinearConstraint&amp;gt; constraints = new ArrayList&amp;lt;LinearConstraint&amp;gt;();&lt;br/&gt;
      constraints.add(new LinearConstraint(new double[] &lt;/p&gt;
{ 1, 1 }
&lt;p&gt;, Relationship.EQ, 23.0));&lt;/p&gt;

&lt;p&gt;      SimplexSolver solver = new SimplexSolver();&lt;br/&gt;
      RealPointValuePair solution = solver.optimize(f, constraints, GoalType.MINIMIZE, true);&lt;br/&gt;
      assertEquals(6.9, solution.getValue(), .0000001);&lt;br/&gt;
    }&lt;/p&gt;</comment>
                            <comment id="12746223" author="ciaccia" created="Fri, 21 Aug 2009 21:06:31 +0000"  >&lt;p&gt;Hi Ben,&lt;br/&gt;
Your test here above is wrong, the GoalType should be MAXIMIZE and not MINIMIZE...&lt;br/&gt;
The MINIMIZE returns 4.6 which is the expected value.&lt;/p&gt;</comment>
                            <comment id="12746242" author="bmccann" created="Fri, 21 Aug 2009 21:32:00 +0000"  >&lt;p&gt;Whoops, right you are.  Thanks for catching that.&lt;br/&gt;
This should be a better example for debugging:&lt;/p&gt;

&lt;p&gt;max 0.2 x1 + 0.3 x3&lt;br/&gt;
s.t.&lt;br/&gt;
x1 + x3 = 23.0&lt;/p&gt;

&lt;p&gt;    @Test&lt;br/&gt;
    public void testMath268() throws OptimizationException {&lt;br/&gt;
      LinearObjectiveFunction f = new LinearObjectiveFunction(new double[] &lt;/p&gt;
{ 0.2, 0.3 }
&lt;p&gt;, 0 );&lt;br/&gt;
      Collection&amp;lt;LinearConstraint&amp;gt; constraints = new ArrayList&amp;lt;LinearConstraint&amp;gt;();&lt;br/&gt;
      constraints.add(new LinearConstraint(new double[] &lt;/p&gt;
{ 1, 1 }
&lt;p&gt;, Relationship.EQ, 23.0));&lt;/p&gt;

&lt;p&gt;      RealPointValuePair solution = new SimplexSolver().optimize(f, constraints, GoalType.MAXIMIZE, true);&lt;br/&gt;
      assertEquals(6.9, solution.getValue(), .0000001);&lt;br/&gt;
    }&lt;/p&gt;
</comment>
                            <comment id="12746245" author="bmccann" created="Fri, 21 Aug 2009 21:38:32 +0000"  >&lt;p&gt;The solution is being calculated correctly, but the wrong thing is being returned.  The bug is in SimplexTableau.getSolution()&lt;/p&gt;</comment>
                            <comment id="12746285" author="bmccann" created="Fri, 21 Aug 2009 22:11:56 +0000"  >&lt;p&gt;Here&apos;s the fix.&lt;br/&gt;
Note that the test case I posted in the comment was named dyslexically.  It should be math286 not math268.&lt;/p&gt;</comment>
                            <comment id="12746350" author="luc" created="Fri, 21 Aug 2009 23:09:57 +0000"  >&lt;p&gt;Fixed in subversion repository as of r806753.&lt;br/&gt;
Patch applied.&lt;br/&gt;
Thanks to Andrea for the report and thanks to Ben for the fix&lt;/p&gt;</comment>
                            <comment id="12748826" author="ciaccia" created="Fri, 28 Aug 2009 14:12:43 +0000"  >&lt;p&gt;Hi all,&lt;br/&gt;
Maybe I&apos;m doing something wrong extracting the latest version from the SVN repository, but the original issue is still not working on my apache commons math working copy &lt;img class=&quot;emoticon&quot; src=&quot;https://issues.apache.org/jira/images/icons/emoticons/sad.gif&quot; height=&quot;16&quot; width=&quot;16&quot; align=&quot;absmiddle&quot; alt=&quot;&quot; border=&quot;0&quot;/&gt;&lt;/p&gt;

&lt;p&gt;Here is what I did:&lt;br/&gt;
-I extracted the latest version from the SVN repository&lt;br/&gt;
-I executed the original problematic LP for this bug and it still fails. Anyway, the simplified version (but maybe incompatible) succeeds...&lt;/p&gt;

&lt;p&gt;Could please anyone look at that?&lt;br/&gt;
Thanks&lt;br/&gt;
Andrea&lt;/p&gt;</comment>
                            <comment id="12749538" author="bmccann" created="Mon, 31 Aug 2009 16:41:43 +0000"  >&lt;p&gt;Yes, there is still an error with this example. The bug for the smaller example was fixed, but there&apos;s something still affecting the larger one. I haven&apos;t been able to figure it out yet, but here&apos;s another smaller example that is also failing:&lt;/p&gt;

&lt;p&gt;    @Test&lt;br/&gt;
    public void testMath286Reopened() throws OptimizationException {&lt;br/&gt;
        LinearObjectiveFunction f = new LinearObjectiveFunction(new double[] &lt;/p&gt;
{ 0.8, 0.7 }
&lt;p&gt;, 0 );&lt;br/&gt;
        Collection&amp;lt;LinearConstraint&amp;gt; constraints = new ArrayList&amp;lt;LinearConstraint&amp;gt;();&lt;br/&gt;
        constraints.add(new LinearConstraint(new double[] &lt;/p&gt;
{ 1, 1 }
&lt;p&gt;, Relationship.LEQ, 18.0));&lt;br/&gt;
        constraints.add(new LinearConstraint(new double[] &lt;/p&gt;
{ 1, 0 }
&lt;p&gt;, Relationship.GEQ, 10.0));&lt;br/&gt;
        constraints.add(new LinearConstraint(new double[] &lt;/p&gt;
{ 0, 1 }
&lt;p&gt;, Relationship.GEQ, 8.0));&lt;/p&gt;

&lt;p&gt;        SimplexSolver solver = new SimplexSolver();&lt;br/&gt;
        RealPointValuePair solution = solver.optimize(f, constraints, GoalType.MAXIMIZE, true);&lt;br/&gt;
        assertEquals(13.6, solution.getValue(), .0000001);&lt;br/&gt;
    } &lt;/p&gt;</comment>
                            <comment id="12749548" author="bmccann" created="Mon, 31 Aug 2009 17:24:04 +0000"  >&lt;p&gt;Here are the corresponding Simplex tableaus.  Let me know if you spot the error.&lt;/p&gt;</comment>
                            <comment id="12749580" author="ciaccia" created="Mon, 31 Aug 2009 19:11:24 +0000"  >&lt;p&gt;Hi all,&lt;br/&gt;
What I wrote before doesn&apos;t really make sense... &lt;/p&gt;

&lt;p&gt;Look at this LP simplex solver:&lt;/p&gt;

&lt;p&gt;&lt;a href=&quot;http://www.phpsimplex.com/simplex/page2.php?objetivo=max&amp;amp;x1=0.8&amp;amp;x2=0.7&amp;amp;restricciones=3&amp;amp;variables=2&amp;amp;l=en&amp;amp;x11=1&amp;amp;x12=1&amp;amp;desigualdad1=-1&amp;amp;y1=18&amp;amp;x21=1&amp;amp;x22=0&amp;amp;desigualdad2=1&amp;amp;y2=10&amp;amp;x31=0&amp;amp;x32=1&amp;amp;desigualdad3=1&amp;amp;y3=8&amp;amp;Submit=Continue&quot; class=&quot;external-link&quot; rel=&quot;nofollow&quot;&gt;http://www.phpsimplex.com/simplex/page2.php?objetivo=max&amp;amp;x1=0.8&amp;amp;x2=0.7&amp;amp;restricciones=3&amp;amp;variables=2&amp;amp;l=en&amp;amp;x11=1&amp;amp;x12=1&amp;amp;desigualdad1=-1&amp;amp;y1=18&amp;amp;x21=1&amp;amp;x22=0&amp;amp;desigualdad2=1&amp;amp;y2=10&amp;amp;x31=0&amp;amp;x32=1&amp;amp;desigualdad3=1&amp;amp;y3=8&amp;amp;Submit=Continue&lt;/a&gt;&lt;/p&gt;

&lt;p&gt;why after the first phase is over the coefficients for x1 and x2 are set to 0.8 and 0.7 while here they are 0? Couldn&apos;t be the SimplexTableau&apos;s discardArtificialVariables doesn&apos;t do everything correct?&lt;/p&gt;

&lt;p&gt;Just guessing...&lt;/p&gt;</comment>
                            <comment id="12749762" author="bmccann" created="Tue, 1 Sep 2009 05:09:24 +0000"  >&lt;p&gt;If I remember correctly phpsimplex formed the tableau a bit differently.  Instead of creating the tableau from the beginning with two objective functions, they only use one at the beginning, and then insert the phase 2 objective function later.  As a result, the tableaus aren&apos;t directly comparable.&lt;br/&gt;
I emailed Professor Chinneck at Carleton University for some help because I retaught myself a lot of this using a draft of a book he&apos;s working on.  He suggested looking into ways to deal with degenerate solutions, so I&apos;ll see if I can read up on that a bit:&lt;br/&gt;
&quot;You&apos;ve hit a degeneracy (which means that there are multiple solutions with the same value of objective function). The problem came when, in your second tableau, you pivoted on the third row (corresponding to s1) instead of the last row (corresponding to a2). Understandable since the minimum ratio test came out tied.&quot;&lt;/p&gt;</comment>
                            <comment id="12750120" author="bmccann" created="Tue, 1 Sep 2009 21:39:58 +0000"  >&lt;p&gt;phpsimplex said that when there&apos;s a tie, they make the artificial variable leave the basis, which we&apos;re not doing and would solve the problem in this case:&lt;br/&gt;
&lt;a href=&quot;http://www.phpsimplex.com/en/simplex_method_theory.htm#anomalous&quot; class=&quot;external-link&quot; rel=&quot;nofollow&quot;&gt;http://www.phpsimplex.com/en/simplex_method_theory.htm#anomalous&lt;/a&gt;&lt;br/&gt;
i&apos;ll try putting together a patch, likely this weekend, to do that&lt;/p&gt;</comment>
                            <comment id="12752288" author="bmccann" created="Tue, 8 Sep 2009 00:16:06 +0000"  >&lt;p&gt;Happy Labor Day!  To celebrate, here&apos;s a new set of patches that adds the ability to deal with degeneracy in the SimplexTableau.&lt;br/&gt;
The test includes four tests: the two bugs in &lt;a href=&quot;https://issues.apache.org/jira/browse/MATH-286&quot; title=&quot;SimplexSolver not working as expected?&quot; class=&quot;issue-link&quot; data-issue-key=&quot;MATH-286&quot;&gt;&lt;del&gt;MATH-286&lt;/del&gt;&lt;/a&gt;, the bug from &lt;a href=&quot;https://issues.apache.org/jira/browse/MATH-288&quot; title=&quot;SimplexSolver not working as expected 2&quot; class=&quot;issue-link&quot; data-issue-key=&quot;MATH-288&quot;&gt;&lt;del&gt;MATH-288&lt;/del&gt;&lt;/a&gt;, and the bug from &lt;a href=&quot;https://issues.apache.org/jira/browse/MATH-290&quot; title=&quot;NullPointerException in SimplexTableau.initialize&quot; class=&quot;issue-link&quot; data-issue-key=&quot;MATH-290&quot;&gt;&lt;del&gt;MATH-290&lt;/del&gt;&lt;/a&gt;.  I think they should all go in to prevent a regression in the future.  They all run very quickly and there are a lot of edge cases in the Simplex algorithm, so I&apos;d prefer to be safe.&lt;/p&gt;</comment>
                            <comment id="12752387" author="luc" created="Tue, 8 Sep 2009 08:42:51 +0000"  >&lt;p&gt;resolved in subversion repository as of r812390&lt;br/&gt;
Benjamin&apos;s patches from 2009-09-07 have been committed with very slight changes&lt;br/&gt;
(an == test between Integer instances replaced by a call to equals)&lt;br/&gt;
thanks for the patches&lt;/p&gt;</comment>
                            <comment id="12752393" author="ciaccia" created="Tue, 8 Sep 2009 08:51:14 +0000"  >&lt;p&gt;Hi all,&lt;br/&gt;
I&apos;m still not convinced the original problem is correct... Could you please try?&lt;/p&gt;

&lt;p&gt;I would add the original LP with 6 variables and 5 restrictions to the test cases, since I&apos;m not completely sure the &quot;smaller examples&quot; address exactly the same problem I posted weeks ago.&lt;/p&gt;</comment>
                            <comment id="12752662" author="bmccann" created="Tue, 8 Sep 2009 18:24:28 +0000"  >&lt;p&gt;Wow, sorry, I&apos;ll take another look and make sure to test against the original problem this time as well.&lt;/p&gt;</comment>
                            <comment id="12752797" author="bmccann" created="Tue, 8 Sep 2009 22:35:56 +0000"  >&lt;p&gt;The problem still exists when we are dropping columns moving between phase 1 and phase 2.  I was pointed towards this book for possible solutions (p80-82):&lt;br/&gt;
&lt;a href=&quot;http://www.amazon.com/Linear-Programming-Introduction-Operations-Engineering/dp/0387948333#reader&quot; class=&quot;external-link&quot; rel=&quot;nofollow&quot;&gt;http://www.amazon.com/Linear-Programming-Introduction-Operations-Engineering/dp/0387948333#reader&lt;/a&gt;&lt;/p&gt;</comment>
                            <comment id="12752862" author="bmccann" created="Wed, 9 Sep 2009 01:54:40 +0000"  >&lt;p&gt;Here&apos;s a patch that correctly solves the problem Andrea posted (sorry for not completely fixing the problem with my earlier patches.)  It&apos;s mostly refactoring to make the solution easier, which was to drop positive cost non-artificial variables and nonbasic artificial variables at the end of phase 1 instead of all artificial variables.&lt;br/&gt;
There are some practical problems with degeneracy and redundant constraints that were not obvious to me from the theory when I first started working on this.  We should really test this a bit more with constraints outnumbering variables and redundant constraints to really be comfortable that all the issues are addressed, but we&apos;re certainly pretty close now if not there yet.&lt;br/&gt;
Andrea, thanks for the reports and validating fixes (or lack there of).  Luc, thanks for quickly getting these into SVN and letting me know about the problems.&lt;/p&gt;</comment>
                            <comment id="12752986" author="luc" created="Wed, 9 Sep 2009 08:55:25 +0000"  >&lt;p&gt;The patch from 2009-09-08 has been applied in subversion repository as of r812831.&lt;/p&gt;

&lt;p&gt;After the patch, an existing test (SimplexTableauTest.testdiscardArtificialVariables) failed, so I had to update the expected matrix to prevent this failure. &lt;b&gt;This should be validated&lt;/b&gt; as I really don&apos;t know if the failure were expected after the change or if something wrong occurred. Ben, could you have a look at this ?&lt;/p&gt;

&lt;p&gt;This time, I&apos;m not marking the issue as resolved, Andrea I&apos;ll wait until you consider it solved by yourself.&lt;/p&gt;

&lt;p&gt;Thanks to everybody for their time on this issue, I&apos;m sure we are gradually improving things.&lt;/p&gt;</comment>
                            <comment id="12753053" author="ciaccia" created="Wed, 9 Sep 2009 12:08:22 +0000"  >&lt;p&gt;Hi Luc, hi Ben,&lt;br/&gt;
This time I can confirm Ben&apos;s patch fixes the original problem. &lt;img class=&quot;emoticon&quot; src=&quot;https://issues.apache.org/jira/images/icons/emoticons/smile.gif&quot; height=&quot;16&quot; width=&quot;16&quot; align=&quot;absmiddle&quot; alt=&quot;&quot; border=&quot;0&quot;/&gt;&lt;/p&gt;

&lt;p&gt;If I find something else related to this bug (or not) I will let you know, but I&apos;m pretty sure this time the SimplexSolver is much more robust it was a couple of weeks ago!&lt;/p&gt;

&lt;p&gt;I &quot;improved&quot; the JUnit test case for this bug, I attach the patch to this message. There are 5 new assertions that check all the constraints are really satisfied.&lt;/p&gt;

&lt;p&gt;Thanks again for all the commitment&lt;br/&gt;
Andrea&lt;/p&gt;

&lt;p&gt;PS: I don&apos;t know if this is somehow related, but I found another bug &lt;a href=&quot;https://issues.apache.org/jira/browse/MATH-293&quot; title=&quot;Matrix&amp;#39;s &amp;quot;OutOfBoundException&amp;quot; in SimplexSolver&quot; class=&quot;issue-link&quot; data-issue-key=&quot;MATH-293&quot;&gt;&lt;del&gt;MATH-293&lt;/del&gt;&lt;/a&gt;... Ben, please look at that as well.&lt;/p&gt;</comment>
                            <comment id="12753057" author="luc" created="Wed, 9 Sep 2009 12:25:07 +0000"  >&lt;p&gt;I applied Andrea&apos;s patch in subversion as of r812921, thanks for providing it.&lt;br/&gt;
I&apos;ll wait for Ben&apos;s acknowledgement about the changes I&apos;ve made in SimplexTableauTest.testdiscardArtificialVariables before marking the issue as resolved.&lt;/p&gt;</comment>
                            <comment id="12753153" author="bmccann" created="Wed, 9 Sep 2009 16:38:28 +0000"  >&lt;p&gt;Thanks Luc.  You can close this issue.  A note, we might want to rename testdiscardArtificialVariables to testDropPhase1Objective to match the updated method name.  I overlooked this earlier.  I look at &lt;a href=&quot;https://issues.apache.org/jira/browse/MATH-293&quot; title=&quot;Matrix&amp;#39;s &amp;quot;OutOfBoundException&amp;quot; in SimplexSolver&quot; class=&quot;issue-link&quot; data-issue-key=&quot;MATH-293&quot;&gt;&lt;del&gt;MATH-293&lt;/del&gt;&lt;/a&gt;.&lt;/p&gt;</comment>
                            <comment id="12753498" author="luc" created="Thu, 10 Sep 2009 08:22:11 +0000"  >&lt;p&gt;fixed now (we hope)&lt;/p&gt;</comment>
                    </comments>
                    <attachments>
                            <attachment id="12418860" name="SimplexSolver.patch" size="5698" author="bmccann" created="Tue, 8 Sep 2009 00:16:06 +0000"/>
                            <attachment id="12419049" name="SimplexSolverTest-Andrea.patch" size="914" author="ciaccia" created="Wed, 9 Sep 2009 12:08:22 +0000"/>
                            <attachment id="12418861" name="SimplexSolverTest.patch" size="4713" author="bmccann" created="Tue, 8 Sep 2009 00:16:06 +0000"/>
                            <attachment id="12417328" name="SimplexSolverTest.patch" size="1121" author="bmccann" created="Fri, 21 Aug 2009 22:11:56 +0000"/>
                            <attachment id="12418862" name="SimplexTableau.patch" size="4286" author="bmccann" created="Tue, 8 Sep 2009 00:16:06 +0000"/>
                            <attachment id="12417327" name="SimplexTableau.patch" size="4060" author="bmccann" created="Fri, 21 Aug 2009 22:11:56 +0000"/>
                            <attachment id="12419011" name="patch.zip" size="4378" author="bmccann" created="Wed, 9 Sep 2009 01:54:40 +0000"/>
                            <attachment id="12418165" name="simplex.txt" size="2859" author="bmccann" created="Mon, 31 Aug 2009 17:24:04 +0000"/>
                    </attachments>
                <subtasks>
                    </subtasks>
                <customfields>
                                                <customfield id="customfield_12310310" key="com.atlassian.jira.toolkit:attachments">
                        <customfieldname>Attachment count</customfieldname>
                        <customfieldvalues>
                            <customfieldvalue>8.0</customfieldvalue>
                        </customfieldvalues>
                    </customfield>
                                                                                                                                                                                                                                                                                                                                                                                                                                                                                                                                <customfield id="customfield_12310220" key="com.atlassian.jira.ext.charting:firstresponsedate">
                        <customfieldname>Date of First Response</customfieldname>
                        <customfieldvalues>
                            <customfieldvalue>Fri, 21 Aug 2009 20:25:41 +0000</customfieldvalue>

                        </customfieldvalues>
                    </customfield>
                                                                                                                                                                                                                                                                                                                                                                                                                                            <customfield id="customfield_12310420" key="com.pyxis.greenhopper.jira:gh-global-rank">
                        <customfieldname>Global Rank</customfieldname>
                        <customfieldvalues>
                            <customfieldvalue>34144</customfieldvalue>
                        </customfieldvalues>
                    </customfield>
                                                                                                                        <customfield id="customfield_12312521" key="com.atlassian.jira.toolkit:LastCommentDate">
                        <customfieldname>Last public comment date</customfieldname>
                        <customfieldvalues>
                            7 years, 13 weeks, 1 day ago
                        </customfieldvalues>
                    </customfield>
                                                                                            <customfield id="customfield_12311820" key="com.pyxis.greenhopper.jira:gh-lexo-rank">
                        <customfieldname>Rank</customfieldname>
                        <customfieldvalues>
                            <customfieldvalue>0|i0rvdz:</customfieldvalue>

                        </customfieldvalues>
                    </customfield>
                                                                <customfield id="customfield_12310920" key="com.pyxis.greenhopper.jira:gh-global-rank">
                        <customfieldname>Rank (Obsolete)</customfieldname>
                        <customfieldvalues>
                            <customfieldvalue>160729</customfieldvalue>
                        </customfieldvalues>
                    </customfield>
                                                                                                                                                                                                                                        <customfield id="customfield_12310222" key="com.atlassian.jira.ext.charting:timeinstatus">
                        <customfieldname>Time in Status</customfieldname>
                        <customfieldvalues>
                            
                        </customfieldvalues>
                    </customfield>
                                                                                                                        </customfields>
    </item>
</channel>
</rss>