<!-- 
RSS generated by JIRA (6.3.4#6332-sha1:51bc225ef474afe3128b2f66878477f322397b16) at Fri Nov 18 20:40:49 UTC 2016

It is possible to restrict the fields that are returned in this document by specifying the 'field' parameter in your request.
For example, to request only the issue key and summary add field=key&field=summary to the URL of your request.
For example:
https://issues.apache.org/jira/si/jira.issueviews:issue-xml/MATH-1057/MATH-1057.xml?field=key&amp;field=summary
-->
<rss version="0.92" >
<channel>
    <title>ASF JIRA</title>
    <link>https://issues.apache.org/jira</link>
    <description>This file is an XML representation of an issue</description>
    <language>en-uk</language>    <build-info>
        <version>6.3.4</version>
        <build-number>6332</build-number>
        <build-date>15-08-2014</build-date>
    </build-info>

<item>
            <title>[MATH-1057] BOBYQAOptimizerTest has two failing tests</title>
                <link>https://issues.apache.org/jira/browse/MATH-1057</link>
                <project id="12310485" key="MATH">Commons Math</project>
                    <description>&lt;p&gt;I see two test failures, in both the copies of BOBYQAOptimizerTest:&lt;/p&gt;

&lt;div class=&quot;code panel&quot; style=&quot;border-width: 1px;&quot;&gt;&lt;div class=&quot;codeContent panelContent&quot;&gt;
&lt;pre class=&quot;code-java&quot;&gt;
Failed tests: 
  BOBYQAOptimizerTest.testAckley:209-&amp;gt;doTest:282-&amp;gt;doTest:338 expected:&amp;lt;0.0&amp;gt; but was:&amp;lt;1.047765607609108E-8&amp;gt;
  BOBYQAOptimizerTest.testAckley:208-&amp;gt;doTest:281-&amp;gt;doTest:336 expected:&amp;lt;0.0&amp;gt; but was:&amp;lt;1.047765607609108E-8&amp;gt;

Tests in error: 
  BOBYQAOptimizerTest.testDiffPow:187-&amp;gt;doTest:282-&amp;gt;doTest:322 &#187; TooManyEvaluations
  BOBYQAOptimizerTest.testDiffPow:186-&amp;gt;doTest:281-&amp;gt;doTest:326 &#187; TooManyEvaluations
&lt;/pre&gt;
&lt;/div&gt;&lt;/div&gt;

&lt;p&gt;(This predated the patches I&apos;ve worked on so I don&apos;t think it&apos;s me!)&lt;/p&gt;

&lt;p&gt;I tried on Mac OS X and Linux and see the same, so don&apos;t think it is an environment issue. I&apos;ll see if a little digging can uncover the issue from a recent commit.&lt;/p&gt;</description>
                <environment>&lt;p&gt;Mac OS X 10.9 and also Linux 3.4 kernel; Java 7; Maven 3.1.1&lt;/p&gt;</environment>
        <key id="12677282">MATH-1057</key>
            <summary>BOBYQAOptimizerTest has two failing tests</summary>
                <type id="1" iconUrl="https://issues.apache.org/jira/images/icons/issuetypes/bug.png">Bug</type>
                                            <priority id="4" iconUrl="https://issues.apache.org/jira/images/icons/priorities/minor.png">Minor</priority>
                        <status id="6" iconUrl="https://issues.apache.org/jira/images/icons/statuses/closed.png" description="The issue is considered finished, the resolution is correct. Issues which are closed can be reopened.">Closed</status>
                    <statusCategory id="3" key="done" colorName="green"/>
                                    <resolution id="1">Fixed</resolution>
                                        <assignee username="-1">Unassigned</assignee>
                                    <reporter username="srowen">Sean Owen</reporter>
                        <labels>
                    </labels>
                <created>Sun, 3 Nov 2013 18:33:13 +0000</created>
                <updated>Mon, 19 May 2014 15:13:35 +0000</updated>
                            <resolved>Fri, 8 Nov 2013 15:20:46 +0000</resolved>
                                    <version>3.2</version>
                                    <fixVersion>3.3</fixVersion>
                                        <due></due>
                            <votes>0</votes>
                                    <watches>5</watches>
                                                                <comments>
                            <comment id="13812453" author="srowen" created="Sun, 3 Nov 2013 19:07:23 +0000"  >&lt;p&gt;Hmm, I show that this fails even from the first time the test was added in r1420684. Anyone else seeing the same? if not, what platform I wonder?&lt;/p&gt;</comment>
                            <comment id="13812461" author="tn" created="Sun, 3 Nov 2013 19:41:40 +0000"  >&lt;p&gt;Tests fail when run with jdk 1.5 in my environment.&lt;/p&gt;

&lt;p&gt;Running them with java 1.6 or 1.7 is successful.&lt;/p&gt;</comment>
                            <comment id="13812474" author="tn" created="Sun, 3 Nov 2013 20:22:21 +0000"  >&lt;p&gt;For the testDiffPow testcase, I further debugged with the two different jdks, and after iteration 2219 the objective function output changes.&lt;/p&gt;

&lt;p&gt;The difference/error then accumulates and results that the algorithm converges much slower. I could track down the problem to the Math implementation, most likely the sqrt or exp. Changing all the Math calls to our own FastMath solves the problem and the test executes correctly for all jdks.&lt;/p&gt;

&lt;p&gt;I wonder why we use Math in the first place, as normally we eat our own dog-food and use FastMath.&lt;/p&gt;

&lt;p&gt;btw. the problem also is existent in the 3.2 release so not at all related to your previous patch.&lt;/p&gt;</comment>
                            <comment id="13812481" author="srowen" created="Sun, 3 Nov 2013 20:45:16 +0000"  >&lt;p&gt;Here&apos;s a patch implementing your change. Yes it fixes the failure for testDiffPow for me too and sounds like a good change. Not sure about the other. Maybe the tolerance needs to be loosened?&lt;/p&gt;</comment>
                            <comment id="13812485" author="tn" created="Sun, 3 Nov 2013 20:57:00 +0000"  >&lt;p&gt;With all my different jdks I used to test the problems, I only had failures with the testDiffPow and testsDiffPow methods, never with the testAckley.&lt;/p&gt;

&lt;p&gt;What is your environment?&lt;/p&gt;</comment>
                            <comment id="13812492" author="srowen" created="Sun, 3 Nov 2013 21:13:39 +0000"  >&lt;p&gt;Oh I see &amp;#8211; see above, Java 7 on OS X 10.9 and on Linux.&lt;/p&gt;</comment>
                            <comment id="13812494" author="tn" created="Sun, 3 Nov 2013 21:21:55 +0000"  >&lt;p&gt;Yes, but what exact jvm?&lt;/p&gt;

&lt;p&gt;I use the following:&lt;/p&gt;

&lt;p&gt;java version &quot;1.7.0_25&quot;&lt;br/&gt;
OpenJDK Runtime Environment (IcedTea 2.3.10) (7u25-2.3.10-1ubuntu0.12.04.2)&lt;br/&gt;
OpenJDK Server VM (build 23.7-b01, mixed mode)&lt;/p&gt;</comment>
                            <comment id="13812498" author="tn" created="Sun, 3 Nov 2013 21:29:06 +0000"  >&lt;p&gt;Ah ok, now I get the same error, strange that I did not see it before.&lt;br/&gt;
In this case I think it would be fine to change the epsilon to 1e-7 but I would like to understand why we get different results for jdk 1.5 and 1.7 here.&lt;/p&gt;</comment>
                            <comment id="13812500" author="tn" created="Sun, 3 Nov 2013 21:37:30 +0000"  >&lt;p&gt;Ok I understand now.&lt;br/&gt;
The difference was happening before, when we used Math.xxx calls, which returned different results for different jdk versions.&lt;/p&gt;

&lt;p&gt;Now, when using FastMath, the result is of course consistent with all jdks, as FastMath is a pure java implementation. The result for this test has change slightly and a epsilon of 1e-7 should be used to compensate the for change imho.&lt;/p&gt;

&lt;p&gt;@Gilles: in case you read here, as you have done most of the work on this optimizer, do you think that the switch from Math to FastMath is ok, or was there a specific reason why Math was used in this case?&lt;/p&gt;</comment>
                            <comment id="13812502" author="srowen" created="Sun, 3 Nov 2013 21:42:36 +0000"  >&lt;p&gt;For the record, my java versions:&lt;/p&gt;

&lt;p&gt;OS X:&lt;/p&gt;
&lt;div class=&quot;code panel&quot; style=&quot;border-width: 1px;&quot;&gt;&lt;div class=&quot;codeContent panelContent&quot;&gt;
&lt;pre class=&quot;code-java&quot;&gt;
java version &lt;span class=&quot;code-quote&quot;&gt;&quot;1.7.0_45&quot;&lt;/span&gt;
Java(TM) SE &lt;span class=&quot;code-object&quot;&gt;Runtime&lt;/span&gt; Environment (build 1.7.0_45-b18)
Java HotSpot(TM) 64-Bit Server VM (build 24.45-b08, mixed mode)
&lt;/pre&gt;
&lt;/div&gt;&lt;/div&gt;

&lt;p&gt;Linux:&lt;/p&gt;
&lt;div class=&quot;code panel&quot; style=&quot;border-width: 1px;&quot;&gt;&lt;div class=&quot;codeContent panelContent&quot;&gt;
&lt;pre class=&quot;code-java&quot;&gt;
java version &lt;span class=&quot;code-quote&quot;&gt;&quot;1.7.0_45&quot;&lt;/span&gt;
OpenJDK &lt;span class=&quot;code-object&quot;&gt;Runtime&lt;/span&gt; Environment (amzn-2.4.3.2.32.amzn1-x86_64 u45-b15)
OpenJDK 64-Bit Server VM (build 24.45-b08, mixed mode)
&lt;/pre&gt;
&lt;/div&gt;&lt;/div&gt;</comment>
                            <comment id="13812507" author="erans" created="Sun, 3 Nov 2013 22:32:20 +0000"  >&lt;p&gt;The extreme sensitivity of some tests was noticed quite some time ago. The main problem is that we introduced this algorithm into CM although the code was nowhere near to something a Java programmer can understand. And this was already after I performed extensive work to modify the code that had been auto-generated from the original FORTRAN implementation.&lt;br/&gt;
Further code readability improvements were stalled due to &lt;br/&gt;
tests failing after seemingly innocuous changes; hence the need for expert advice in order to know what is actually to be expected from the tests and by how much the tolerance can be lowered (while still retaining the ability to catch erroneous changes during the code rewrite).&lt;/p&gt;</comment>
                            <comment id="13817343" author="tn" created="Fri, 8 Nov 2013 15:20:46 +0000"  >&lt;p&gt;Fixed in r1540075.&lt;/p&gt;

&lt;p&gt;Thanks for your patch!&lt;br/&gt;
For now I did only update the test classes as this seems to be sufficient.&lt;br/&gt;
I created another issue to replace calls to Math.xxx with calls to FastMath.xxx throughout CM.&lt;/p&gt;</comment>
                            <comment id="13876248" author="gwendal" created="Mon, 20 Jan 2014 08:26:17 +0000"  >&lt;p&gt;Hello,&lt;/p&gt;

&lt;p&gt;Sorry to post a message on this Resolved bug, but I appear to have the exact same problem with commons-math3-3.2. Here are the interesting parts of my Maven output:&lt;br/&gt;
------------------------------------------------------------------------------------------&lt;br/&gt;
testDiffPow(org.apache.commons.math3.optim.nonlinear.scalar.noderiv.BOBYQAOptimizerTest)  Time elapsed: 2.662 sec  &amp;lt;&amp;lt;&amp;lt; ERROR!&lt;br/&gt;
org.apache.commons.math3.exception.TooManyEvaluationsException: illegal state: maximal count (12,000) exceeded: evaluations&lt;br/&gt;
	at org.apache.commons.math3.optim.BaseOptimizer$MaxEvalCallback.trigger(BaseOptimizer.java:213)&lt;br/&gt;
	at org.apache.commons.math3.util.Incrementor.incrementCount(Incrementor.java:156)&lt;br/&gt;
	at org.apache.commons.math3.optim.BaseOptimizer.incrementEvaluationCount(BaseOptimizer.java:162)&lt;br/&gt;
	at org.apache.commons.math3.optim.nonlinear.scalar.MultivariateOptimizer.computeObjectiveValue(MultivariateOptimizer.java:115)&lt;br/&gt;
	at org.apache.commons.math3.optim.nonlinear.scalar.noderiv.BOBYQAOptimizer.bobyqb(BOBYQAOptimizer.java:823)&lt;br/&gt;
	at org.apache.commons.math3.optim.nonlinear.scalar.noderiv.BOBYQAOptimizer.bobyqa(BOBYQAOptimizer.java:329)&lt;br/&gt;
	at org.apache.commons.math3.optim.nonlinear.scalar.noderiv.BOBYQAOptimizer.doOptimize(BOBYQAOptimizer.java:241)&lt;br/&gt;
	at org.apache.commons.math3.optim.nonlinear.scalar.noderiv.BOBYQAOptimizer.doOptimize(BOBYQAOptimizer.java:49)&lt;br/&gt;
	at org.apache.commons.math3.optim.BaseOptimizer.optimize(BaseOptimizer.java:143)&lt;br/&gt;
	at org.apache.commons.math3.optim.BaseMultivariateOptimizer.optimize(BaseMultivariateOptimizer.java:66)&lt;br/&gt;
	at org.apache.commons.math3.optim.nonlinear.scalar.MultivariateOptimizer.optimize(MultivariateOptimizer.java:64)&lt;br/&gt;
	at org.apache.commons.math3.optim.nonlinear.scalar.noderiv.BOBYQAOptimizerTest.doTest(BOBYQAOptimizerTest.java:322)&lt;br/&gt;
	at org.apache.commons.math3.optim.nonlinear.scalar.noderiv.BOBYQAOptimizerTest.doTest(BOBYQAOptimizerTest.java:282)&lt;br/&gt;
	at org.apache.commons.math3.optim.nonlinear.scalar.noderiv.BOBYQAOptimizerTest.testDiffPow(BOBYQAOptimizerTest.java:187)&lt;/p&gt;

&lt;p&gt;testDiffPow(org.apache.commons.math3.optimization.direct.BOBYQAOptimizerTest)  Time elapsed: 2.907 sec  &amp;lt;&amp;lt;&amp;lt; ERROR!&lt;br/&gt;
org.apache.commons.math3.exception.TooManyEvaluationsException: illegal state: maximal count (12,000) exceeded: evaluations&lt;br/&gt;
	at org.apache.commons.math3.optimization.direct.BaseAbstractMultivariateOptimizer.computeObjectiveValue(BaseAbstractMultivariateOptimizer.java:108)&lt;br/&gt;
	at org.apache.commons.math3.optimization.direct.BOBYQAOptimizer.bobyqb(BOBYQAOptimizer.java:828)&lt;br/&gt;
	at org.apache.commons.math3.optimization.direct.BOBYQAOptimizer.bobyqa(BOBYQAOptimizer.java:334)&lt;br/&gt;
	at org.apache.commons.math3.optimization.direct.BOBYQAOptimizer.doOptimize(BOBYQAOptimizer.java:246)&lt;br/&gt;
	at org.apache.commons.math3.optimization.direct.BaseAbstractMultivariateOptimizer.optimizeInternal(BaseAbstractMultivariateOptimizer.java:206)&lt;br/&gt;
	at org.apache.commons.math3.optimization.direct.BaseAbstractMultivariateOptimizer.optimize(BaseAbstractMultivariateOptimizer.java:145)&lt;br/&gt;
	at org.apache.commons.math3.optimization.direct.BOBYQAOptimizerTest.doTest(BOBYQAOptimizerTest.java:326)&lt;br/&gt;
	at org.apache.commons.math3.optimization.direct.BOBYQAOptimizerTest.doTest(BOBYQAOptimizerTest.java:281)&lt;br/&gt;
	at org.apache.commons.math3.optimization.direct.BOBYQAOptimizerTest.testDiffPow(BOBYQAOptimizerTest.java:186)&lt;/p&gt;

&lt;p&gt;testAckley(org.apache.commons.math3.optimization.direct.BOBYQAOptimizerTest)  Time elapsed: 0.025 sec  &amp;lt;&amp;lt;&amp;lt; FAILURE!&lt;br/&gt;
java.lang.AssertionError: expected:&amp;lt;0.0&amp;gt; but was:&amp;lt;1.047765607609108E-8&amp;gt;&lt;br/&gt;
	at org.junit.Assert.fail(Assert.java:93)&lt;br/&gt;
	at org.junit.Assert.failNotEquals(Assert.java:647)&lt;br/&gt;
	at org.junit.Assert.assertEquals(Assert.java:443)&lt;br/&gt;
	at org.apache.commons.math3.optimization.direct.BOBYQAOptimizerTest.doTest(BOBYQAOptimizerTest.java:336)&lt;br/&gt;
	at org.apache.commons.math3.optimization.direct.BOBYQAOptimizerTest.doTest(BOBYQAOptimizerTest.java:281)&lt;br/&gt;
	at org.apache.commons.math3.optimization.direct.BOBYQAOptimizerTest.testAckley(BOBYQAOptimizerTest.java:208)&lt;/p&gt;



&lt;p&gt;testAckley(org.apache.commons.math3.optim.nonlinear.scalar.noderiv.BOBYQAOptimizerTest)  Time elapsed: 0.025 sec  &amp;lt;&amp;lt;&amp;lt; FAILURE!&lt;br/&gt;
java.lang.AssertionError: expected:&amp;lt;0.0&amp;gt; but was:&amp;lt;1.047765607609108E-8&amp;gt;&lt;br/&gt;
	at org.junit.Assert.fail(Assert.java:93)&lt;br/&gt;
	at org.junit.Assert.failNotEquals(Assert.java:647)&lt;br/&gt;
	at org.junit.Assert.assertEquals(Assert.java:443)&lt;br/&gt;
	at org.apache.commons.math3.optim.nonlinear.scalar.noderiv.BOBYQAOptimizerTest.doTest(BOBYQAOptimizerTest.java:338)&lt;br/&gt;
	at org.apache.commons.math3.optim.nonlinear.scalar.noderiv.BOBYQAOptimizerTest.doTest(BOBYQAOptimizerTest.java:282)&lt;br/&gt;
	at org.apache.commons.math3.optim.nonlinear.scalar.noderiv.BOBYQAOptimizerTest.testAckley(BOBYQAOptimizerTest.java:209)&lt;/p&gt;


&lt;p&gt;Failed tests: &lt;br/&gt;
  BOBYQAOptimizerTest.testAckley:208-&amp;gt;doTest:281-&amp;gt;doTest:336 expected:&amp;lt;0.0&amp;gt; but was:&amp;lt;1.047765607609108E-8&amp;gt;&lt;br/&gt;
  BOBYQAOptimizerTest.testAckley:209-&amp;gt;doTest:282-&amp;gt;doTest:338 expected:&amp;lt;0.0&amp;gt; but was:&amp;lt;1.047765607609108E-8&amp;gt;&lt;/p&gt;

&lt;p&gt;Tests in error: &lt;br/&gt;
  BOBYQAOptimizerTest.testDiffPow:186-&amp;gt;doTest:281-&amp;gt;doTest:326 &#187; TooManyEvaluations&lt;br/&gt;
  BOBYQAOptimizerTest.testDiffPow:187-&amp;gt;doTest:282-&amp;gt;doTest:322 &#187; TooManyEvaluations&lt;br/&gt;
------------------------------------------------------------------------------------------&lt;/p&gt;

&lt;p&gt;I am using Fedora 20 x86_64 with kernel 3.12.7 and with java-1.7.0-openjdk-1.7.0.60-2.4.4.1.fc20.x86_64.&lt;/p&gt;</comment>
                            <comment id="13876261" author="srowen" created="Mon, 20 Jan 2014 08:54:28 +0000"  >&lt;p&gt;The error is indeed reported against 3.2 and fixed for 3.3. Are you saying you see this in HEAD?&lt;/p&gt;</comment>
                            <comment id="13876265" author="gwendal" created="Mon, 20 Jan 2014 09:03:48 +0000"  >&lt;p&gt;I&apos;ve simply downloaded this source archive : &lt;a href=&quot;http://apache.mirrors.multidist.eu//commons/math/binaries/commons-math3-3.2-bin.tar.gz&quot; class=&quot;external-link&quot; rel=&quot;nofollow&quot;&gt;http://apache.mirrors.multidist.eu//commons/math/binaries/commons-math3-3.2-bin.tar.gz&lt;/a&gt;&lt;/p&gt;

&lt;p&gt;Then I tried to compile it with Maven, and I obtained these errors.&lt;/p&gt;

&lt;p&gt;I thought the problem was (theoretically) fixed in 3.3. Maybe I misunderstood?&lt;/p&gt;</comment>
                            <comment id="13876268" author="srowen" created="Mon, 20 Jan 2014 09:11:18 +0000"  >&lt;p&gt;Yes, but you show you are working with 3.2. Look at what you downloaded. &lt;/p&gt;</comment>
                            <comment id="13876276" author="gwendal" created="Mon, 20 Jan 2014 09:20:10 +0000"  >&lt;p&gt;Oh, right! I misread 3.3 instead of 3-3... My apologies! I will try to be more careful in the future.&lt;/p&gt;

&lt;p&gt;Thanks a lot for answering this, and sorry again!&lt;/p&gt;</comment>
                            <comment id="13876346" author="ebourg" created="Mon, 20 Jan 2014 11:13:35 +0000"  >&lt;p&gt;It might be a good idea to rename the source archive for the next releases to commons-math-3.x-bin.tar.gz, that&apos;s indeed confusing.&lt;/p&gt;</comment>
                            <comment id="13876442" author="srowen" created="Mon, 20 Jan 2014 13:20:18 +0000"  >&lt;p&gt;Yeah I see the point but the artifact is now called &apos;math3&apos; as it was not backwards compatible with 2.x and was sometimes necessary to deploy together. So it really is math3 3.2.&lt;/p&gt;</comment>
                            <comment id="14001868" author="luc" created="Mon, 19 May 2014 15:13:35 +0000"  >&lt;p&gt;Closing all resolved issue now available in released 3.3 version.&lt;/p&gt;</comment>
                    </comments>
                <issuelinks>
                            <issuelinktype id="10030">
                    <name>Reference</name>
                                                                <inwardlinks description="is related to">
                                        <issuelink>
            <issuekey id="12514195">MATH-621</issuekey>
        </issuelink>
                            </inwardlinks>
                                    </issuelinktype>
                    </issuelinks>
                <attachments>
                            <attachment id="12611836" name="MATH-1057.patch" size="60496" author="srowen" created="Sun, 3 Nov 2013 20:45:16 +0000"/>
                    </attachments>
                <subtasks>
                    </subtasks>
                <customfields>
                                                <customfield id="customfield_12310310" key="com.atlassian.jira.toolkit:attachments">
                        <customfieldname>Attachment count</customfieldname>
                        <customfieldvalues>
                            <customfieldvalue>1.0</customfieldvalue>
                        </customfieldvalues>
                    </customfield>
                                                                                                                                                                                                                                                                                                                                                                                                                                                                                                                                <customfield id="customfield_12310220" key="com.atlassian.jira.ext.charting:firstresponsedate">
                        <customfieldname>Date of First Response</customfieldname>
                        <customfieldvalues>
                            <customfieldvalue>Sun, 3 Nov 2013 19:41:40 +0000</customfieldvalue>

                        </customfieldvalues>
                    </customfield>
                                                                                                                                                                                                                                                                                                                                                                                                                                            <customfield id="customfield_12310420" key="com.pyxis.greenhopper.jira:gh-global-rank">
                        <customfieldname>Global Rank</customfieldname>
                        <customfieldvalues>
                            <customfieldvalue>356657</customfieldvalue>
                        </customfieldvalues>
                    </customfield>
                                                                                                                        <customfield id="customfield_12312521" key="com.atlassian.jira.toolkit:LastCommentDate">
                        <customfieldname>Last public comment date</customfieldname>
                        <customfieldvalues>
                            2 years, 26 weeks, 4 days ago
                        </customfieldvalues>
                    </customfield>
                                                                                            <customfield id="customfield_12311820" key="com.pyxis.greenhopper.jira:gh-lexo-rank">
                        <customfieldname>Rank</customfieldname>
                        <customfieldvalues>
                            <customfieldvalue>0|i1phhj:</customfieldvalue>

                        </customfieldvalues>
                    </customfield>
                                                                <customfield id="customfield_12310920" key="com.pyxis.greenhopper.jira:gh-global-rank">
                        <customfieldname>Rank (Obsolete)</customfieldname>
                        <customfieldvalues>
                            <customfieldvalue>356947</customfieldvalue>
                        </customfieldvalues>
                    </customfield>
                                                                                                                                                                                                                                        <customfield id="customfield_12310222" key="com.atlassian.jira.ext.charting:timeinstatus">
                        <customfieldname>Time in Status</customfieldname>
                        <customfieldvalues>
                            
                        </customfieldvalues>
                    </customfield>
                                                                                                                        </customfields>
    </item>
</channel>
</rss>