<!-- 
RSS generated by JIRA (6.3.4#6332-sha1:51bc225ef474afe3128b2f66878477f322397b16) at Fri Nov 18 19:40:08 UTC 2016

It is possible to restrict the fields that are returned in this document by specifying the 'field' parameter in your request.
For example, to request only the issue key and summary add field=key&field=summary to the URL of your request.
For example:
https://issues.apache.org/jira/si/jira.issueviews:issue-xml/MATH-354/MATH-354.xml?field=key&amp;field=summary
-->
<rss version="0.92" >
<channel>
    <title>ASF JIRA</title>
    <link>https://issues.apache.org/jira</link>
    <description>This file is an XML representation of an issue</description>
    <language>en-uk</language>    <build-info>
        <version>6.3.4</version>
        <build-number>6332</build-number>
        <build-date>15-08-2014</build-date>
    </build-info>

<item>
            <title>[MATH-354] compiler dependency in RandomDataImpl.getPoisson(double mean)</title>
                <link>https://issues.apache.org/jira/browse/MATH-354</link>
                <project id="12310485" key="MATH">Commons Math</project>
                    <description>&lt;p&gt;Hi,&lt;/p&gt;

&lt;p&gt;in RandomDataImpl.getPoisson(double mean) I got the following problem in the case mean&amp;gt;= 6.0:&lt;/p&gt;

&lt;p&gt;in the branch if (u &amp;lt;= c1):&lt;/p&gt;

&lt;p&gt;if (x &amp;lt; -mu)&lt;br/&gt;
    w = Double.POSITIVE_INFINITY;&lt;/p&gt;

&lt;p&gt;implicits that (int) (mu+ x) &amp;lt; 0&lt;/p&gt;

&lt;p&gt;I found that for some compiler/run-time environments the subsequent update of the &quot;accept&quot; value then fails, as by the right hand side of the comparison leads to an Exception in MathUtils.factorialLog((int) (mu + x)). Some compiler/jre combinations, however, skip evaluating the right side as by isInfinity(w).&lt;/p&gt;

&lt;p&gt;To ensure stability, I currently worked around by an explicit if(Double.isInfinity(w)) branch, however, I would like to ask whether there is a more elegant way to ensure general functionality of that method.&lt;/p&gt;

&lt;p&gt;Thank you, micha. &lt;/p&gt;</description>
                <environment>&lt;p&gt;jre1.5/jre1.6&lt;/p&gt;</environment>
        <key id="12459572">MATH-354</key>
            <summary>compiler dependency in RandomDataImpl.getPoisson(double mean)</summary>
                <type id="1" iconUrl="https://issues.apache.org/jira/images/icons/issuetypes/bug.png">Bug</type>
                                            <priority id="3" iconUrl="https://issues.apache.org/jira/images/icons/priorities/major.png">Major</priority>
                        <status id="6" iconUrl="https://issues.apache.org/jira/images/icons/statuses/closed.png" description="The issue is considered finished, the resolution is correct. Issues which are closed can be reopened.">Closed</status>
                    <statusCategory id="3" key="done" colorName="green"/>
                                    <resolution id="1">Fixed</resolution>
                                        <assignee username="-1">Unassigned</assignee>
                                    <reporter username="gmicha">Michael Sammeth</reporter>
                        <labels>
                    </labels>
                <created>Thu, 18 Mar 2010 21:08:07 +0000</created>
                <updated>Sat, 3 Apr 2010 03:05:12 +0000</updated>
                            <resolved>Thu, 18 Mar 2010 22:34:20 +0000</resolved>
                                    <version>2.0</version>
                                    <fixVersion>2.1</fixVersion>
                                        <due></due>
                            <votes>0</votes>
                                    <watches>0</watches>
                                                                <comments>
                            <comment id="12847141" author="psteitz" created="Thu, 18 Mar 2010 22:34:20 +0000"  >&lt;p&gt;The method has been rewritten in version 2.1.  The current version no longer includes the compiler-dependent code referenced in this issue.&lt;/p&gt;</comment>
                    </comments>
                    <attachments>
                    </attachments>
                <subtasks>
                    </subtasks>
                <customfields>
                                                <customfield id="customfield_12310310" key="com.atlassian.jira.toolkit:attachments">
                        <customfieldname>Attachment count</customfieldname>
                        <customfieldvalues>
                            <customfieldvalue>0.0</customfieldvalue>
                        </customfieldvalues>
                    </customfield>
                                                                                                                                                                                                                                                                                                                                                                                                                                                                                                                                <customfield id="customfield_12310220" key="com.atlassian.jira.ext.charting:firstresponsedate">
                        <customfieldname>Date of First Response</customfieldname>
                        <customfieldvalues>
                            <customfieldvalue>Thu, 18 Mar 2010 22:34:20 +0000</customfieldvalue>

                        </customfieldvalues>
                    </customfield>
                                                                                                                                                                                                                                                                                                                                                                                                                                            <customfield id="customfield_12310420" key="com.pyxis.greenhopper.jira:gh-global-rank">
                        <customfieldname>Global Rank</customfieldname>
                        <customfieldvalues>
                            <customfieldvalue>34157</customfieldvalue>
                        </customfieldvalues>
                    </customfield>
                                                                                                                        <customfield id="customfield_12312521" key="com.atlassian.jira.toolkit:LastCommentDate">
                        <customfieldname>Last public comment date</customfieldname>
                        <customfieldvalues>
                            6 years, 36 weeks ago
                        </customfieldvalues>
                    </customfield>
                                                                                            <customfield id="customfield_12311820" key="com.pyxis.greenhopper.jira:gh-lexo-rank">
                        <customfieldname>Rank</customfieldname>
                        <customfieldvalues>
                            <customfieldvalue>0|i0ruzb:</customfieldvalue>

                        </customfieldvalues>
                    </customfield>
                                                                <customfield id="customfield_12310920" key="com.pyxis.greenhopper.jira:gh-global-rank">
                        <customfieldname>Rank (Obsolete)</customfieldname>
                        <customfieldvalues>
                            <customfieldvalue>160663</customfieldvalue>
                        </customfieldvalues>
                    </customfield>
                                                                                                                                                                                                                                        <customfield id="customfield_12310222" key="com.atlassian.jira.ext.charting:timeinstatus">
                        <customfieldname>Time in Status</customfieldname>
                        <customfieldvalues>
                            
                        </customfieldvalues>
                    </customfield>
                                                                                                                        </customfields>
    </item>
</channel>
</rss>