<!-- 
RSS generated by JIRA (6.3.4#6332-sha1:51bc225ef474afe3128b2f66878477f322397b16) at Fri Nov 18 21:32:16 UTC 2016

It is possible to restrict the fields that are returned in this document by specifying the 'field' parameter in your request.
For example, to request only the issue key and summary add field=key&field=summary to the URL of your request.
For example:
https://issues.apache.org/jira/si/jira.issueviews:issue-xml/MATH-812/MATH-812.xml?field=key&amp;field=summary
-->
<rss version="0.92" >
<channel>
    <title>ASF JIRA</title>
    <link>https://issues.apache.org/jira</link>
    <description>This file is an XML representation of an issue</description>
    <language>en-uk</language>    <build-info>
        <version>6.3.4</version>
        <build-number>6332</build-number>
        <build-date>15-08-2014</build-date>
    </build-info>

<item>
            <title>[MATH-812] In RealVector, dotProduct and outerProduct return wrong results due to misuse of sparse iterators</title>
                <link>https://issues.apache.org/jira/browse/MATH-812</link>
                <project id="12310485" key="MATH">Commons Math</project>
                    <description>&lt;p&gt;In class &lt;tt&gt;RealVector&lt;/tt&gt;, the default implementation of &lt;tt&gt;RealMatrix outerProduct(RealVector)&lt;/tt&gt; uses sparse iterators on the entries of the two vectors. The rationale behind this is that &lt;tt&gt;0d * x == 0d&lt;/tt&gt; is &lt;tt&gt;true&lt;/tt&gt; for all &lt;tt&gt;double x&lt;/tt&gt;. This assumption is in fact false, since &lt;tt&gt;0d * NaN == NaN&lt;/tt&gt;.&lt;/p&gt;

&lt;p&gt;Proposed fix is to loop through &lt;b&gt;all&lt;/b&gt; entries of both vectors. This can have a significant impact on the CPU cost, but robustness should probably be preferred over speed in default implementations.&lt;/p&gt;

&lt;p&gt;Same issue occurs with &lt;tt&gt;double dotProduct(RealVector)&lt;/tt&gt;, which uses sparse iterators for &lt;tt&gt;this&lt;/tt&gt; only.&lt;/p&gt;

&lt;p&gt;Another option would be to through an exception if &lt;tt&gt;isNaN()&lt;/tt&gt; is &lt;tt&gt;true&lt;/tt&gt;, in which case caching could be used for both &lt;tt&gt;isNaN()&lt;/tt&gt; and &lt;tt&gt;isInfinite()&lt;/tt&gt;.&lt;/p&gt;</description>
                <environment></environment>
        <key id="12597900">MATH-812</key>
            <summary>In RealVector, dotProduct and outerProduct return wrong results due to misuse of sparse iterators</summary>
                <type id="1" iconUrl="https://issues.apache.org/jira/images/icons/issuetypes/bug.png">Bug</type>
                                            <priority id="3" iconUrl="https://issues.apache.org/jira/images/icons/priorities/major.png">Major</priority>
                        <status id="6" iconUrl="https://issues.apache.org/jira/images/icons/statuses/closed.png" description="The issue is considered finished, the resolution is correct. Issues which are closed can be reopened.">Closed</status>
                    <statusCategory id="3" key="done" colorName="green"/>
                                    <resolution id="1">Fixed</resolution>
                                        <assignee username="celestin">S&#233;bastien Brisard</assignee>
                                    <reporter username="celestin">S&#233;bastien Brisard</reporter>
                        <labels>
                            <label>linear</label>
                            <label>sparse</label>
                    </labels>
                <created>Sat, 7 Jul 2012 12:01:37 +0000</created>
                <updated>Mon, 4 Mar 2013 18:53:28 +0000</updated>
                            <resolved>Thu, 12 Jul 2012 13:38:05 +0000</resolved>
                                    <version>3.0</version>
                                    <fixVersion>3.1</fixVersion>
                                        <due></due>
                            <votes>0</votes>
                                    <watches>2</watches>
                                                                <comments>
                            <comment id="13408651" author="erans" created="Sat, 7 Jul 2012 12:30:01 +0000"  >&lt;blockquote&gt;&lt;p&gt;&lt;span class=&quot;error&quot;&gt;&amp;#91;...&amp;#93;&lt;/span&gt; robustness should probably be preferred over speed in default implementations.&lt;/p&gt;&lt;/blockquote&gt;

&lt;p&gt;+1&lt;/p&gt;</comment>
                            <comment id="13412767" author="celestin" created="Thu, 12 Jul 2012 13:19:02 +0000"  >&lt;p&gt;In &lt;tt&gt;r1360662&lt;/tt&gt;, &lt;tt&gt;RealVector.dotProduct(RealVector)&lt;/tt&gt; now loops through all entries of the vectors.&lt;/p&gt;</comment>
                            <comment id="13412777" author="celestin" created="Thu, 12 Jul 2012 13:33:19 +0000"  >&lt;p&gt;In &lt;tt&gt;r1360668&lt;/tt&gt;, &lt;tt&gt;RealVector.outerProduct(RealVector)&lt;/tt&gt; now loops through all entries of the vectors.&lt;/p&gt;</comment>
                            <comment id="13412785" author="celestin" created="Thu, 12 Jul 2012 13:38:05 +0000"  >&lt;p&gt;Unit tests now pass, at the price of a performance loss.&lt;/p&gt;</comment>
                    </comments>
                    <attachments>
                    </attachments>
                <subtasks>
                    </subtasks>
                <customfields>
                                                <customfield id="customfield_12310310" key="com.atlassian.jira.toolkit:attachments">
                        <customfieldname>Attachment count</customfieldname>
                        <customfieldvalues>
                            <customfieldvalue>0.0</customfieldvalue>
                        </customfieldvalues>
                    </customfield>
                                                                                                                                                                                                                                                                                                                                                                                                                                                                                                                                <customfield id="customfield_12310220" key="com.atlassian.jira.ext.charting:firstresponsedate">
                        <customfieldname>Date of First Response</customfieldname>
                        <customfieldvalues>
                            <customfieldvalue>Sat, 7 Jul 2012 12:30:01 +0000</customfieldvalue>

                        </customfieldvalues>
                    </customfield>
                                                                                                                                                                                                                                                                                                                                                                                                                                            <customfield id="customfield_12310420" key="com.pyxis.greenhopper.jira:gh-global-rank">
                        <customfieldname>Global Rank</customfieldname>
                        <customfieldvalues>
                            <customfieldvalue>292295</customfieldvalue>
                        </customfieldvalues>
                    </customfield>
                                                                                                                        <customfield id="customfield_12312521" key="com.atlassian.jira.toolkit:LastCommentDate">
                        <customfieldname>Last public comment date</customfieldname>
                        <customfieldvalues>
                            4 years, 19 weeks, 1 day ago
                        </customfieldvalues>
                    </customfield>
                                                                                            <customfield id="customfield_12311820" key="com.pyxis.greenhopper.jira:gh-lexo-rank">
                        <customfieldname>Rank</customfieldname>
                        <customfieldvalues>
                            <customfieldvalue>0|i0rt3r:</customfieldvalue>

                        </customfieldvalues>
                    </customfield>
                                                                <customfield id="customfield_12310920" key="com.pyxis.greenhopper.jira:gh-global-rank">
                        <customfieldname>Rank (Obsolete)</customfieldname>
                        <customfieldvalues>
                            <customfieldvalue>160359</customfieldvalue>
                        </customfieldvalues>
                    </customfield>
                                                                                                                                                                                                                                        <customfield id="customfield_12310222" key="com.atlassian.jira.ext.charting:timeinstatus">
                        <customfieldname>Time in Status</customfieldname>
                        <customfieldvalues>
                            
                        </customfieldvalues>
                    </customfield>
                                                                                                                        </customfields>
    </item>
</channel>
</rss>