<!-- 
RSS generated by JIRA (6.3.4#6332-sha1:51bc225ef474afe3128b2f66878477f322397b16) at Fri Dec 02 18:04:01 UTC 2016

It is possible to restrict the fields that are returned in this document by specifying the 'field' parameter in your request.
For example, to request only the issue key and summary add field=key&field=summary to the URL of your request.
For example:
https://issues.apache.org/jira/si/jira.issueviews:issue-xml/MATH-227/MATH-227.xml?field=key&amp;field=summary
-->
<rss version="0.92" >
<channel>
    <title>ASF JIRA</title>
    <link>https://issues.apache.org/jira</link>
    <description>This file is an XML representation of an issue</description>
    <language>en-uk</language>    <build-info>
        <version>6.3.4</version>
        <build-number>6332</build-number>
        <build-date>15-08-2014</build-date>
    </build-info>

<item>
            <title>[MATH-227] denominatorDegreeOfFreedom in FDistribution leads to IllegalArgumentsException in UnivariateRealSolverUtils.bracket</title>
                <link>https://issues.apache.org/jira/browse/MATH-227</link>
                <project id="12310485" key="MATH">Commons Math</project>
                    <description>&lt;p&gt;We are using the FDistributionImpl from the commons.math project to do&lt;br/&gt;
some statistical calculations, namely receiving the upper and lower&lt;br/&gt;
boundaries of a confidence interval. Everything is working fine and the&lt;br/&gt;
results are matching our reference calculations.&lt;/p&gt;

&lt;p&gt;However, the FDistribution behaves strange if a&lt;br/&gt;
denominatorDegreeOfFreedom of 2 is used, with an alpha-value of 0.95.&lt;br/&gt;
This results in an IllegalArgumentsException, stating:&lt;/p&gt;

&lt;p&gt;Invalid endpoint parameters:  lowerBound=0.0 initial=Infinity&lt;br/&gt;
upperBound=1.7976931348623157E308&lt;/p&gt;

&lt;p&gt;coming from&lt;br/&gt;
org.apache.commons.math.analysis.UnivariateRealSolverUtils.bracket&lt;/p&gt;

&lt;p&gt;The problem is the &apos;initial&apos; parameter to that function, wich is&lt;br/&gt;
POSITIVE_INFINITY and therefore not within the boundaries. I already&lt;br/&gt;
pinned down the problem to the FDistributions getInitialDomain()-method,&lt;br/&gt;
wich goes like:&lt;/p&gt;

&lt;p&gt;        return getDenominatorDegreesOfFreedom() /&lt;br/&gt;
                    (getDenominatorDegreesOfFreedom() - 2.0);&lt;/p&gt;

&lt;p&gt;Obviously, in case of denominatorDegreesOfFreedom == 2, this must lead&lt;br/&gt;
to a division-by-zero, resulting in POSTIVE_INFINITY. The result of this&lt;br/&gt;
operation is then directly passed into the&lt;br/&gt;
UnivariateRealSolverUtils.bracket() - method as second argument.&lt;/p&gt;</description>
                <environment>&lt;p&gt;Java 1.5.0_15, Linux&lt;/p&gt;</environment>
        <key id="12405126">MATH-227</key>
            <summary>denominatorDegreeOfFreedom in FDistribution leads to IllegalArgumentsException in UnivariateRealSolverUtils.bracket</summary>
                <type id="1" iconUrl="https://issues.apache.org/jira/images/icons/issuetypes/bug.png">Bug</type>
                                            <priority id="4" iconUrl="https://issues.apache.org/jira/images/icons/priorities/minor.png">Minor</priority>
                        <status id="6" iconUrl="https://issues.apache.org/jira/images/icons/statuses/closed.png" description="The issue is considered finished, the resolution is correct. Issues which are closed can be reopened.">Closed</status>
                    <statusCategory id="3" key="done" colorName="green"/>
                                    <resolution id="1">Fixed</resolution>
                                        <assignee username="brentworden">Brent Worden</assignee>
                                    <reporter username="joerx">Joerg Henning</reporter>
                        <labels>
                    </labels>
                <created>Thu, 25 Sep 2008 08:23:07 +0000</created>
                <updated>Mon, 23 Jul 2012 23:24:43 +0000</updated>
                            <resolved>Fri, 26 Sep 2008 03:11:58 +0000</resolved>
                                    <version>1.2</version>
                                                        <due></due>
                            <votes>0</votes>
                                    <watches>0</watches>
                                                                <comments>
                            <comment id="12634738" author="brentworden" created="Fri, 26 Sep 2008 03:11:58 +0000"  >&lt;p&gt;SVN 699157.  fixed in trunk.&lt;/p&gt;</comment>
                    </comments>
                    <attachments>
                    </attachments>
                <subtasks>
                    </subtasks>
                <customfields>
                                                <customfield id="customfield_12310310" key="com.atlassian.jira.toolkit:attachments">
                        <customfieldname>Attachment count</customfieldname>
                        <customfieldvalues>
                            <customfieldvalue>0.0</customfieldvalue>
                        </customfieldvalues>
                    </customfield>
                                                                                                                                                                                                                                                                                                                                                                                                                                                                                                                                <customfield id="customfield_12310220" key="com.atlassian.jira.ext.charting:firstresponsedate">
                        <customfieldname>Date of First Response</customfieldname>
                        <customfieldvalues>
                            <customfieldvalue>Fri, 26 Sep 2008 03:11:58 +0000</customfieldvalue>

                        </customfieldvalues>
                    </customfield>
                                                                                                                                                                                                                                                                                                                                                                                                                                            <customfield id="customfield_12310420" key="com.pyxis.greenhopper.jira:gh-global-rank">
                        <customfieldname>Global Rank</customfieldname>
                        <customfieldvalues>
                            <customfieldvalue>34147</customfieldvalue>
                        </customfieldvalues>
                    </customfield>
                                                                                                                        <customfield id="customfield_12312521" key="com.atlassian.jira.toolkit:LastCommentDate">
                        <customfieldname>Last public comment date</customfieldname>
                        <customfieldvalues>
                            8 years, 11 weeks ago
                        </customfieldvalues>
                    </customfield>
                                                                                            <customfield id="customfield_12311820" key="com.pyxis.greenhopper.jira:gh-lexo-rank">
                        <customfieldname>Rank</customfieldname>
                        <customfieldvalues>
                            <customfieldvalue>0|i0rvqv:</customfieldvalue>

                        </customfieldvalues>
                    </customfield>
                                                                <customfield id="customfield_12310920" key="com.pyxis.greenhopper.jira:gh-global-rank">
                        <customfieldname>Rank (Obsolete)</customfieldname>
                        <customfieldvalues>
                            <customfieldvalue>160787</customfieldvalue>
                        </customfieldvalues>
                    </customfield>
                                                                                                                                                                                                                                        <customfield id="customfield_12310222" key="com.atlassian.jira.ext.charting:timeinstatus">
                        <customfieldname>Time in Status</customfieldname>
                        <customfieldvalues>
                            
                        </customfieldvalues>
                    </customfield>
                                                                                                                        </customfields>
    </item>
</channel>
</rss>