<!-- 
RSS generated by JIRA (6.3.4#6332-sha1:51bc225ef474afe3128b2f66878477f322397b16) at Fri Nov 18 21:06:02 UTC 2016

It is possible to restrict the fields that are returned in this document by specifying the 'field' parameter in your request.
For example, to request only the issue key and summary add field=key&field=summary to the URL of your request.
For example:
https://issues.apache.org/jira/si/jira.issueviews:issue-xml/MATH-469/MATH-469.xml?field=key&amp;field=summary
-->
<rss version="0.92" >
<channel>
    <title>ASF JIRA</title>
    <link>https://issues.apache.org/jira</link>
    <description>This file is an XML representation of an issue</description>
    <language>en-uk</language>    <build-info>
        <version>6.3.4</version>
        <build-number>6332</build-number>
        <build-date>15-08-2014</build-date>
    </build-info>

<item>
            <title>[MATH-469] LoessInterpolator constructors should throw RuntimeException instead of CheckedException</title>
                <link>https://issues.apache.org/jira/browse/MATH-469</link>
                <project id="12310485" key="MATH">Commons Math</project>
                    <description>&lt;p&gt;The LoessInterpolator constructors throw MathException which is a checked exception, but it would be preferable for this to be a RuntimeException instead:&lt;br/&gt;
&lt;a href=&quot;http://commons.apache.org/math/api-2.1/org/apache/commons/math/analysis/interpolation/LoessInterpolator.html#LoessInterpolator%28double,%20int%29&quot; class=&quot;external-link&quot; rel=&quot;nofollow&quot;&gt;http://commons.apache.org/math/api-2.1/org/apache/commons/math/analysis/interpolation/LoessInterpolator.html#LoessInterpolator%28double,%20int%29&lt;/a&gt;&lt;/p&gt;</description>
                <environment></environment>
        <key id="12495335">MATH-469</key>
            <summary>LoessInterpolator constructors should throw RuntimeException instead of CheckedException</summary>
                <type id="4" iconUrl="https://issues.apache.org/jira/images/icons/issuetypes/improvement.png">Improvement</type>
                                            <priority id="4" iconUrl="https://issues.apache.org/jira/images/icons/priorities/minor.png">Minor</priority>
                        <status id="6" iconUrl="https://issues.apache.org/jira/images/icons/statuses/closed.png" description="The issue is considered finished, the resolution is correct. Issues which are closed can be reopened.">Closed</status>
                    <statusCategory id="3" key="done" colorName="green"/>
                                    <resolution id="3">Duplicate</resolution>
                                        <assignee username="-1">Unassigned</assignee>
                                    <reporter username="bmccann">Benjamin McCann</reporter>
                        <labels>
                    </labels>
                <created>Wed, 12 Jan 2011 05:27:14 +0000</created>
                <updated>Sat, 24 Mar 2012 16:16:39 +0000</updated>
                            <resolved>Wed, 12 Jan 2011 10:56:41 +0000</resolved>
                                    <version>2.1</version>
                                    <fixVersion>3.0</fixVersion>
                                        <due></due>
                            <votes>0</votes>
                                    <watches>0</watches>
                                    <timeoriginalestimate seconds="900">0.25h</timeoriginalestimate>
                            <timeestimate seconds="900">0.25h</timeestimate>
                                        <comments>
                            <comment id="12980658" author="erans" created="Wed, 12 Jan 2011 10:56:41 +0000"  >&lt;p&gt;This is already solved (as part of &lt;a href=&quot;https://issues.apache.org/jira/browse/MATH-458&quot; title=&quot;Interpolators: Remove &amp;quot;MathException&amp;quot; from the signature of the &amp;quot;interpolate&amp;quot; method&quot; class=&quot;issue-link&quot; data-issue-key=&quot;MATH-458&quot;&gt;&lt;del&gt;MATH-458&lt;/del&gt;&lt;/a&gt;) in trunk.&lt;/p&gt;</comment>
                    </comments>
                    <attachments>
                    </attachments>
                <subtasks>
                    </subtasks>
                <customfields>
                                                <customfield id="customfield_12310310" key="com.atlassian.jira.toolkit:attachments">
                        <customfieldname>Attachment count</customfieldname>
                        <customfieldvalues>
                            <customfieldvalue>0.0</customfieldvalue>
                        </customfieldvalues>
                    </customfield>
                                                                                                                                                                                                                                                                                                                                                                                                                                                                                                                                <customfield id="customfield_12310220" key="com.atlassian.jira.ext.charting:firstresponsedate">
                        <customfieldname>Date of First Response</customfieldname>
                        <customfieldvalues>
                            <customfieldvalue>Wed, 12 Jan 2011 10:56:41 +0000</customfieldvalue>

                        </customfieldvalues>
                    </customfield>
                                                                                                                                                                                                                                                                                                                                                                                                                                            <customfield id="customfield_12310420" key="com.pyxis.greenhopper.jira:gh-global-rank">
                        <customfieldname>Global Rank</customfieldname>
                        <customfieldvalues>
                            <customfieldvalue>150598</customfieldvalue>
                        </customfieldvalues>
                    </customfield>
                                                                                                                        <customfield id="customfield_12312521" key="com.atlassian.jira.toolkit:LastCommentDate">
                        <customfieldname>Last public comment date</customfieldname>
                        <customfieldvalues>
                            5 years, 45 weeks, 2 days ago
                        </customfieldvalues>
                    </customfield>
                                                                                            <customfield id="customfield_12311820" key="com.pyxis.greenhopper.jira:gh-lexo-rank">
                        <customfieldname>Rank</customfieldname>
                        <customfieldvalues>
                            <customfieldvalue>0|i0ruav:</customfieldvalue>

                        </customfieldvalues>
                    </customfield>
                                                                <customfield id="customfield_12310920" key="com.pyxis.greenhopper.jira:gh-global-rank">
                        <customfieldname>Rank (Obsolete)</customfieldname>
                        <customfieldvalues>
                            <customfieldvalue>160553</customfieldvalue>
                        </customfieldvalues>
                    </customfield>
                                                                                                                                                                                                                                        <customfield id="customfield_12310222" key="com.atlassian.jira.ext.charting:timeinstatus">
                        <customfieldname>Time in Status</customfieldname>
                        <customfieldvalues>
                            
                        </customfieldvalues>
                    </customfield>
                                                                                                                        </customfields>
    </item>
</channel>
</rss>