<!-- 
RSS generated by JIRA (6.3.4#6332-sha1:51bc225ef474afe3128b2f66878477f322397b16) at Fri Dec 02 18:04:40 UTC 2016

It is possible to restrict the fields that are returned in this document by specifying the 'field' parameter in your request.
For example, to request only the issue key and summary add field=key&field=summary to the URL of your request.
For example:
https://issues.apache.org/jira/si/jira.issueviews:issue-xml/MATH-43/MATH-43.xml?field=key&amp;field=summary
-->
<rss version="0.92" >
<channel>
    <title>ASF JIRA</title>
    <link>https://issues.apache.org/jira</link>
    <description>This file is an XML representation of an issue</description>
    <language>en-uk</language>    <build-info>
        <version>6.3.4</version>
        <build-number>6332</build-number>
        <build-date>15-08-2014</build-date>
    </build-info>

<item>
            <title>[MATH-43] [math] Adding percentiles to StoredUnivariate, AbstractStoreUnivariate</title>
                <link>https://issues.apache.org/jira/browse/MATH-43</link>
                <project id="12310485" key="MATH">Commons Math</project>
                    <description>&lt;p&gt;Attached patches add getPercentile, getSortedValues to StoredUnivariate&lt;br/&gt;
interface and provide implementation in AbstractStoreUnivariate.&lt;/p&gt;

&lt;p&gt;Sort uses simple shell sort performed directly on a double[] array copy returned&lt;br/&gt;
by getValues. &lt;/p&gt;

&lt;p&gt;Percentile definition used does linear interpolation after computing target&lt;br/&gt;
position.&lt;/p&gt;</description>
                <environment>&lt;p&gt;Operating System: other&lt;br/&gt;
Platform: Other&lt;/p&gt;</environment>
        <key id="12340744">MATH-43</key>
            <summary>[math] Adding percentiles to StoredUnivariate, AbstractStoreUnivariate</summary>
                <type id="1" iconUrl="https://issues.apache.org/jira/images/icons/issuetypes/bug.png">Bug</type>
                                            <priority id="3" iconUrl="https://issues.apache.org/jira/images/icons/priorities/major.png">Major</priority>
                        <status id="6" iconUrl="https://issues.apache.org/jira/images/icons/statuses/closed.png" description="The issue is considered finished, the resolution is correct. Issues which are closed can be reopened.">Closed</status>
                    <statusCategory id="3" key="done" colorName="green"/>
                                    <resolution id="1">Fixed</resolution>
                                        <assignee username="-1">Unassigned</assignee>
                                    <reporter username="phil@steitz.com">Phil Steitz</reporter>
                        <labels>
                    </labels>
                <created>Sat, 31 May 2003 07:13:50 +0000</created>
                <updated>Mon, 23 Jul 2012 23:24:38 +0000</updated>
                            <resolved>Thu, 23 Apr 2009 02:26:06 +0000</resolved>
                                                                        <due></due>
                            <votes>0</votes>
                                    <watches>0</watches>
                                                                <comments>
                            <comment id="12404320" author="phil@steitz.com" created="Sat, 31 May 2003 07:15:38 +0000"  >&lt;p&gt;Created an attachment (id=6577)&lt;br/&gt;
patches to StoreUnivariate, AbstractStoreUnivariate&lt;/p&gt;</comment>
                            <comment id="12404321" author="phil@steitz.com" created="Sat, 31 May 2003 07:18:12 +0000"  >&lt;p&gt;Created an attachment (id=6578)&lt;br/&gt;
patch to StoreUnivariateImplTest&lt;/p&gt;</comment>
                            <comment id="12404322" author="mdiggory@gmail.com" created="Wed, 4 Jun 2003 09:28:13 +0000"  >&lt;p&gt;I&apos;ve applied both patches to the StoreUnivariate** and verified that the Unit&lt;br/&gt;
Tests work with the Ant build.&lt;/p&gt;</comment>
                    </comments>
                    <attachments>
                            <attachment id="12332299" name="ASF.LICENSE.NOT.GRANTED--StoreUnivariatePatches.txt" size="5191" author="phil@steitz.com" created="Sat, 31 May 2003 07:15:38 +0000"/>
                            <attachment id="12332300" name="ASF.LICENSE.NOT.GRANTED--StoreUnivariateTestPatch.txt" size="7921" author="phil@steitz.com" created="Sat, 31 May 2003 07:18:12 +0000"/>
                    </attachments>
                <subtasks>
                    </subtasks>
                <customfields>
                                                <customfield id="customfield_12310310" key="com.atlassian.jira.toolkit:attachments">
                        <customfieldname>Attachment count</customfieldname>
                        <customfieldvalues>
                            <customfieldvalue>2.0</customfieldvalue>
                        </customfieldvalues>
                    </customfield>
                                                                                                                                                                                                                                                                                                                                                                                                                                                                        <customfield id="customfield_10010" key="com.atlassian.jira.plugin.system.customfieldtypes:importid">
                        <customfieldname>Bugzilla Id</customfieldname>
                        <customfieldvalues>
                            <customfieldvalue>20377</customfieldvalue>
                        </customfieldvalues>
                    </customfield>
                                                                                            <customfield id="customfield_12310220" key="com.atlassian.jira.ext.charting:firstresponsedate">
                        <customfieldname>Date of First Response</customfieldname>
                        <customfieldvalues>
                            <customfieldvalue>Wed, 4 Jun 2003 09:28:13 +0000</customfieldvalue>

                        </customfieldvalues>
                    </customfield>
                                                                                                                                                                                                                                                                                                                                                                                                                                            <customfield id="customfield_12310420" key="com.pyxis.greenhopper.jira:gh-global-rank">
                        <customfieldname>Global Rank</customfieldname>
                        <customfieldvalues>
                            <customfieldvalue>150284</customfieldvalue>
                        </customfieldvalues>
                    </customfield>
                                                                                                                        <customfield id="customfield_12312521" key="com.atlassian.jira.toolkit:LastCommentDate">
                        <customfieldname>Last public comment date</customfieldname>
                        <customfieldvalues>
                            13 years, 28 weeks, 2 days ago
                        </customfieldvalues>
                    </customfield>
                                                                                            <customfield id="customfield_12311820" key="com.pyxis.greenhopper.jira:gh-lexo-rank">
                        <customfieldname>Rank</customfieldname>
                        <customfieldvalues>
                            <customfieldvalue>0|i0rwvj:</customfieldvalue>

                        </customfieldvalues>
                    </customfield>
                                                                <customfield id="customfield_12310920" key="com.pyxis.greenhopper.jira:gh-global-rank">
                        <customfieldname>Rank (Obsolete)</customfieldname>
                        <customfieldvalues>
                            <customfieldvalue>160970</customfieldvalue>
                        </customfieldvalues>
                    </customfield>
                                                                                                                                                                                                                                                                                                                            </customfields>
    </item>
</channel>
</rss>