<?xml version = "1.0" encoding = "UTF-8" ?>
<bugrepository name="IO">
	<bug id="5" master="132" duplicate="79" opendate="2006-01-02 20:04:55" fixdate="2008-05-30 15:55:20" resolution="Fixed">
		<buginformation>
			<summary>File Listener/Monitor [IO][PATCH] - file and directory pollers</summary>
			<description>Commons JCI has a "fam" (file alteration monitor) module[1] which provides a listener for file and directory create/change/delete events. I have done some work refactoring the JCI implementation and propose adding to to Commons IO. There is already an existing request/propsal to add similar functionality in IO-79 from Jim Harrington (which includes code).
There are IMO two main differences (IMO improvements) in this implementation over exsiting JCI fam module:
1) It uses a matching array technique to compare previous and current directory contents which minimizes object creation
2) FileFilters can be specified to monitor only portions of the file system, ignoring files/directories of no interest. This is more efficient and reduces the amount of noise from un-wanted file/directory events
From a quick look at IO-79, the above also applies to that proposal. Additionally IMO the solution in IO-79 would benefit from been broken out from the two DirectoryPoller and FilePoller artifacts.
There are also some changes to the API specified in JCI&amp;amp;apos;s fam:
1) FileObserver (FilesystemAlterationObserver in fam) has additional init() and destroy() methods
2) FileMonitor (FilesystemAlterationMonitor in fam) has addObserver/removeObserver methods rather than addListener/removeListener methods. The issue (IMO) with fam is that the monitor is fixed to the FilesystemAlterationObserverImpl implementation, rather than any FilesystemAlterationObserver implementation. Also the ability to specify file filters means that there is a need to be able to add more than one observer for the same root directory.
[1] http://svn.apache.org/repos/asf/commons/proper/jci/trunk/fam/ Add classes that will monitor a file/directory and notify registered observers 
creation, deletion and content change events occur.  Source is in the 
attachement file_directory_poller.jar as they are all new files.</description>
			<version>1.1</version>
			<fixedVersion>2.0</fixedVersion>
			<type>New Feature</type>
		</buginformation>
		<fixedFiles>
			<file type="D">org.apache.commons.io.monitor.FilesystemObserverTestCase.java</file>
			<file type="D">org.apache.commons.io.monitor.CollectionFilesystemListener.java</file>
			<file type="D">org.apache.commons.io.monitor.FilesystemListenerAdaptor.java</file>
			<file type="D">org.apache.commons.io.monitor.FilesystemEntry.java</file>
			<file type="D">org.apache.commons.io.monitor.FilesystemMonitor.java</file>
			<file type="D">org.apache.commons.io.monitor.FilesystemObserver.java</file>
			<file type="M">org.apache.commons.io.monitor.AbstractMonitorTestCase.java</file>
			<file type="D">org.apache.commons.io.monitor.FilesystemListener.java</file>
			<file type="D">org.apache.commons.io.monitor.FileSystemMonitorTestCase.java</file>
		</fixedFiles>
		<links>
			<link type="Duplicate" description="is duplicated by">79</link>
			<link type="Reference" description="relates to">55</link>
			<link type="Reference" description="relates to">79</link>
			<link type="Duplicate" description="duplicates">132</link>
			<link type="Reference" description="is related to">132</link>
		</links>
	</bug>
</bugrepository>