<!-- 
RSS generated by JIRA (6.3.4#6332-sha1:51bc225ef474afe3128b2f66878477f322397b16) at Fri Dec 02 05:02:08 UTC 2016

It is possible to restrict the fields that are returned in this document by specifying the 'field' parameter in your request.
For example, to request only the issue key and summary add field=key&field=summary to the URL of your request.
For example:
https://issues.apache.org/jira/si/jira.issueviews:issue-xml/HIVE-14831/HIVE-14831.xml?field=key&amp;field=summary
-->
<rss version="0.92" >
<channel>
    <title>ASF JIRA</title>
    <link>https://issues.apache.org/jira</link>
    <description>This file is an XML representation of an issue</description>
    <language>en-uk</language>    <build-info>
        <version>6.3.4</version>
        <build-number>6332</build-number>
        <build-date>15-08-2014</build-date>
    </build-info>

<item>
            <title>[HIVE-14831] Missing Druid dependencies at runtime</title>
                <link>https://issues.apache.org/jira/browse/HIVE-14831</link>
                <project id="12310843" key="HIVE">Hive</project>
                    <description>&lt;p&gt;Excluded some packages when shading in the initial patch that should have been included.&lt;/p&gt;</description>
                <environment></environment>
        <key id="13007222">HIVE-14831</key>
            <summary>Missing Druid dependencies at runtime</summary>
                <type id="1" iconUrl="https://issues.apache.org/jira/images/icons/issuetypes/bug.png">Bug</type>
                                            <priority id="3" iconUrl="https://issues.apache.org/jira/images/icons/priorities/major.png">Major</priority>
                        <status id="5" iconUrl="https://issues.apache.org/jira/images/icons/statuses/resolved.png" description="A resolution has been taken, and it is awaiting verification by reporter. From here issues are either reopened, or are closed.">Resolved</status>
                    <statusCategory id="3" key="done" colorName="green"/>
                                    <resolution id="1">Fixed</resolution>
                                        <assignee username="jcamachorodriguez">Jesus Camacho Rodriguez</assignee>
                                    <reporter username="jcamachorodriguez">Jesus Camacho Rodriguez</reporter>
                        <labels>
                    </labels>
                <created>Fri, 23 Sep 2016 18:44:25 +0000</created>
                <updated>Sat, 24 Sep 2016 06:52:21 +0000</updated>
                            <resolved>Sat, 24 Sep 2016 06:52:20 +0000</resolved>
                                    <version>2.2.0</version>
                                    <fixVersion>2.2.0</fixVersion>
                                    <component>Druid integration</component>
                        <due></due>
                            <votes>0</votes>
                                    <watches>1</watches>
                                                                <comments>
                            <comment id="15517241" author="jcamachorodriguez" created="Fri, 23 Sep 2016 18:48:37 +0000"  >&lt;p&gt;&lt;a href=&quot;https://issues.apache.org/jira/secure/ViewProfile.jspa?name=ashutoshc&quot; class=&quot;user-hover&quot; rel=&quot;ashutoshc&quot;&gt;Ashutosh Chauhan&lt;/a&gt;, could you take a look? Thanks&lt;/p&gt;</comment>
                            <comment id="15517511" author="ashutoshc" created="Fri, 23 Sep 2016 20:39:10 +0000"  >&lt;p&gt;+1&lt;/p&gt;</comment>
                            <comment id="15518090" author="hiveqa" created="Sat, 24 Sep 2016 01:30:29 +0000"  >

&lt;p&gt;Here are the results of testing the latest attachment:&lt;br/&gt;
&lt;a href=&quot;https://issues.apache.org/jira/secure/attachment/12830094/HIVE-14831.patch&quot; class=&quot;external-link&quot; rel=&quot;nofollow&quot;&gt;https://issues.apache.org/jira/secure/attachment/12830094/HIVE-14831.patch&lt;/a&gt;&lt;/p&gt;

&lt;p&gt;&lt;font color=&quot;red&quot;&gt;ERROR:&lt;/font&gt; -1 due to no test(s) being added or modified.&lt;/p&gt;

&lt;p&gt;&lt;font color=&quot;red&quot;&gt;ERROR:&lt;/font&gt; -1 due to 7 failed/errored test(s), 10629 tests executed&lt;br/&gt;
&lt;b&gt;Failed tests:&lt;/b&gt;&lt;/p&gt;
&lt;div class=&quot;preformatted panel&quot; style=&quot;border-width: 1px;&quot;&gt;&lt;div class=&quot;preformattedContent panelContent&quot;&gt;
&lt;pre&gt;org.apache.hadoop.hive.cli.TestCliDriver.testCliDriver[acid_mapjoin]
org.apache.hadoop.hive.cli.TestCliDriver.testCliDriver[ctas]
org.apache.hadoop.hive.cli.TestCliDriver.testCliDriver[vector_join_part_col_char]
org.apache.hadoop.hive.cli.TestMiniTezCliDriver.testCliDriver[explainuser_3]
org.apache.hadoop.hive.metastore.TestMetaStoreMetrics.testMetaDataCounts
org.apache.hive.hcatalog.mapreduce.TestHCatMultiOutputFormat.testOutputFormat
org.apache.hive.jdbc.TestJdbcWithMiniHS2.testAddJarConstructorUnCaching
&lt;/pre&gt;
&lt;/div&gt;&lt;/div&gt;

&lt;p&gt;Test results: &lt;a href=&quot;https://builds.apache.org/job/PreCommit-HIVE-Build/1295/testReport&quot; class=&quot;external-link&quot; rel=&quot;nofollow&quot;&gt;https://builds.apache.org/job/PreCommit-HIVE-Build/1295/testReport&lt;/a&gt;&lt;br/&gt;
Console output: &lt;a href=&quot;https://builds.apache.org/job/PreCommit-HIVE-Build/1295/console&quot; class=&quot;external-link&quot; rel=&quot;nofollow&quot;&gt;https://builds.apache.org/job/PreCommit-HIVE-Build/1295/console&lt;/a&gt;&lt;br/&gt;
Test logs: &lt;a href=&quot;http://ec2-204-236-174-241.us-west-1.compute.amazonaws.com/logs/PreCommit-HIVE-Build-1295/&quot; class=&quot;external-link&quot; rel=&quot;nofollow&quot;&gt;http://ec2-204-236-174-241.us-west-1.compute.amazonaws.com/logs/PreCommit-HIVE-Build-1295/&lt;/a&gt;&lt;/p&gt;

&lt;p&gt;Messages:&lt;/p&gt;
&lt;div class=&quot;preformatted panel&quot; style=&quot;border-width: 1px;&quot;&gt;&lt;div class=&quot;preformattedContent panelContent&quot;&gt;
&lt;pre&gt;Executing org.apache.hive.ptest.execution.TestCheckPhase
Executing org.apache.hive.ptest.execution.PrepPhase
Executing org.apache.hive.ptest.execution.ExecutionPhase
Executing org.apache.hive.ptest.execution.ReportingPhase
Tests exited with: TestsFailedException: 7 tests failed
&lt;/pre&gt;
&lt;/div&gt;&lt;/div&gt;

&lt;p&gt;This message is automatically generated.&lt;/p&gt;

&lt;p&gt;ATTACHMENT ID: 12830094 - PreCommit-HIVE-Build&lt;/p&gt;</comment>
                            <comment id="15518558" author="jcamachorodriguez" created="Sat, 24 Sep 2016 06:52:21 +0000"  >&lt;p&gt;Pushed to master, thanks &lt;a href=&quot;https://issues.apache.org/jira/secure/ViewProfile.jspa?name=ashutoshc&quot; class=&quot;user-hover&quot; rel=&quot;ashutoshc&quot;&gt;Ashutosh Chauhan&lt;/a&gt;!&lt;/p&gt;</comment>
                    </comments>
                    <attachments>
                            <attachment id="12830094" name="HIVE-14831.patch" size="1391" author="jcamachorodriguez" created="Fri, 23 Sep 2016 18:48:18 +0000"/>
                    </attachments>
                <subtasks>
                    </subtasks>
                <customfields>
                                                <customfield id="customfield_12310310" key="com.atlassian.jira.toolkit:attachments">
                        <customfieldname>Attachment count</customfieldname>
                        <customfieldvalues>
                            <customfieldvalue>1.0</customfieldvalue>
                        </customfieldvalues>
                    </customfield>
                                                                                                                                                                                                                                                                                                                                                                                                                                                                                                                                <customfield id="customfield_12310220" key="com.atlassian.jira.ext.charting:firstresponsedate">
                        <customfieldname>Date of First Response</customfieldname>
                        <customfieldvalues>
                            <customfieldvalue>Fri, 23 Sep 2016 20:39:10 +0000</customfieldvalue>

                        </customfieldvalues>
                    </customfield>
                                                                                                                                                                                                                                                                                                                                                                                                                                            <customfield id="customfield_12310420" key="com.pyxis.greenhopper.jira:gh-global-rank">
                        <customfieldname>Global Rank</customfieldname>
                        <customfieldvalues>
                            <customfieldvalue>9223372036854775807</customfieldvalue>
                        </customfieldvalues>
                    </customfield>
                                                                                                                                                    <customfield id="customfield_12312521" key="com.atlassian.jira.toolkit:LastCommentDate">
                        <customfieldname>Last public comment date</customfieldname>
                        <customfieldvalues>
                            9 weeks, 5 days ago
                        </customfieldvalues>
                    </customfield>
                                                                                            <customfield id="customfield_12311820" key="com.pyxis.greenhopper.jira:gh-lexo-rank">
                        <customfieldname>Rank</customfieldname>
                        <customfieldvalues>
                            <customfieldvalue>0|i340of:</customfieldvalue>

                        </customfieldvalues>
                    </customfield>
                                                                <customfield id="customfield_12310920" key="com.pyxis.greenhopper.jira:gh-global-rank">
                        <customfieldname>Rank (Obsolete)</customfieldname>
                        <customfieldvalues>
                            <customfieldvalue>9223372036854775807</customfieldvalue>
                        </customfieldvalues>
                    </customfield>
                                                                                                                                                                                                                                                                                                                            <customfield id="customfield_12310222" key="com.atlassian.jira.ext.charting:timeinstatus">
                        <customfieldname>Time in Status</customfieldname>
                        <customfieldvalues>
                            
                        </customfieldvalues>
                    </customfield>
                                                                                                                        </customfields>
    </item>
</channel>
</rss>