<!-- 
RSS generated by JIRA (6.3.4#6332-sha1:51bc225ef474afe3128b2f66878477f322397b16) at Sun Dec 04 00:16:12 UTC 2016

It is possible to restrict the fields that are returned in this document by specifying the 'field' parameter in your request.
For example, to request only the issue key and summary add field=key&field=summary to the URL of your request.
For example:
https://issues.apache.org/jira/si/jira.issueviews:issue-xml/HIVE-6741/HIVE-6741.xml?field=key&amp;field=summary
-->
<rss version="0.92" >
<channel>
    <title>ASF JIRA</title>
    <link>https://issues.apache.org/jira</link>
    <description>This file is an XML representation of an issue</description>
    <language>en-uk</language>    <build-info>
        <version>6.3.4</version>
        <build-number>6332</build-number>
        <build-date>15-08-2014</build-date>
    </build-info>

<item>
            <title>[HIVE-6741] HiveServer2 startup fails in secure (kerberos) mode due to backward incompatible hadoop change</title>
                <link>https://issues.apache.org/jira/browse/HIVE-6741</link>
                <project id="12310843" key="HIVE">Hive</project>
                    <description>&lt;p&gt; &lt;a href=&quot;https://issues.apache.org/jira/browse/HADOOP-10211&quot; class=&quot;external-link&quot; rel=&quot;nofollow&quot;&gt;HADOOP-10211&lt;/a&gt; made a backward incompatible change due to which the following hive call returns a null map (&lt;a href=&quot;https://github.com/apache/hive/blob/fc3fdb19668369c56994d11df3207e14f2c5dba8/service/src/java/org/apache/hive/service/auth/HiveAuthFactory.java#L115&quot; class=&quot;external-link&quot; rel=&quot;nofollow&quot;&gt;HiveAuthFactory-old&lt;/a&gt;):&lt;/p&gt;
&lt;div class=&quot;code panel&quot; style=&quot;border-width: 1px;&quot;&gt;&lt;div class=&quot;codeContent panelContent&quot;&gt;
&lt;pre class=&quot;code-java&quot;&gt;
Map&amp;lt;&lt;span class=&quot;code-object&quot;&gt;String&lt;/span&gt;, &lt;span class=&quot;code-object&quot;&gt;String&lt;/span&gt;&amp;gt; hadoopSaslProps =  ShimLoader.getHadoopThriftAuthBridge().
        getHadoopSaslProperties(conf); 
SaslQOP hadoopSaslQOP = SaslQOP.fromString(hadoopSaslProps.get(Sasl.QOP));
&lt;span class=&quot;code-keyword&quot;&gt;if&lt;/span&gt;(hadoopSaslQOP.ordinal() &amp;gt; saslQOP.ordinal()) {
LOG.warn(MessageFormat.format(&lt;span class=&quot;code-quote&quot;&gt;&quot;\&quot;&lt;/span&gt;hadoop.rpc.protection\&lt;span class=&quot;code-quote&quot;&gt;&quot; is set to higher security level &quot;&lt;/span&gt; +
          &lt;span class=&quot;code-quote&quot;&gt;&quot;{0} then {1} which is set to {2}&quot;&lt;/span&gt;, hadoopSaslQOP.toString(),
          ConfVars.HIVE_SERVER2_THRIFT_SASL_QOP.varname, saslQOP.toString()));
}
&lt;/pre&gt;
&lt;/div&gt;&lt;/div&gt;

&lt;p&gt;Since this code path is only used for logging hadoop sasl qop values in case hadoop&apos;s qop &amp;gt; hive&apos;s qop, we can do away with this and add a general log message.&lt;/p&gt;</description>
                <environment></environment>
        <key id="12703391">HIVE-6741</key>
            <summary>HiveServer2 startup fails in secure (kerberos) mode due to backward incompatible hadoop change</summary>
                <type id="1" iconUrl="https://issues.apache.org/jira/images/icons/issuetypes/bug.png">Bug</type>
                                            <priority id="1" iconUrl="https://issues.apache.org/jira/images/icons/priorities/blocker.png">Blocker</priority>
                        <status id="6" iconUrl="https://issues.apache.org/jira/images/icons/statuses/closed.png" description="The issue is considered finished, the resolution is correct. Issues which are closed can be reopened.">Closed</status>
                    <statusCategory id="3" key="done" colorName="green"/>
                                    <resolution id="1">Fixed</resolution>
                                        <assignee username="vgumashta">Vaibhav Gumashta</assignee>
                                    <reporter username="vgumashta">Vaibhav Gumashta</reporter>
                        <labels>
                    </labels>
                <created>Tue, 25 Mar 2014 04:56:15 +0000</created>
                <updated>Wed, 10 Feb 2016 03:25:02 +0000</updated>
                            <resolved>Thu, 1 May 2014 01:20:11 +0000</resolved>
                                    <version>0.14.0</version>
                                    <fixVersion>0.14.0</fixVersion>
                                    <component>HiveServer2</component>
                        <due></due>
                            <votes>0</votes>
                                    <watches>8</watches>
                                                                <comments>
                            <comment id="13946167" author="vgumashta" created="Tue, 25 Mar 2014 04:57:07 +0000"  >&lt;p&gt;Marking this as blocker for 13. Will submit a patch in few mins.&lt;/p&gt;</comment>
                            <comment id="13946178" author="vgumashta" created="Tue, 25 Mar 2014 05:05:34 +0000"  >&lt;p&gt;cc &lt;a href=&quot;https://issues.apache.org/jira/secure/ViewProfile.jspa?name=rhbutani&quot; class=&quot;user-hover&quot; rel=&quot;rhbutani&quot;&gt;Harish Butani&lt;/a&gt;: This should be a blocker for 13. Trivial patch to fix it.&lt;br/&gt;
&lt;a href=&quot;https://issues.apache.org/jira/secure/ViewProfile.jspa?name=thejas&quot; class=&quot;user-hover&quot; rel=&quot;thejas&quot;&gt;Thejas M Nair&lt;/a&gt; &lt;a href=&quot;https://issues.apache.org/jira/secure/ViewProfile.jspa?name=prasadm&quot; class=&quot;user-hover&quot; rel=&quot;prasadm&quot;&gt;Prasad Mujumdar&lt;/a&gt;: Patch is up for review.&lt;/p&gt;</comment>
                            <comment id="13946192" author="rhbutani" created="Tue, 25 Mar 2014 05:25:29 +0000"  >&lt;p&gt;+1 for 0.13&lt;/p&gt;</comment>
                            <comment id="13946756" author="prasadm" created="Tue, 25 Mar 2014 16:32:16 +0000"  >&lt;p&gt;&lt;span class=&quot;error&quot;&gt;&amp;#91;~vaibhavgumashta&amp;#93;&lt;/span&gt; Thanks for looking into the problem. &lt;br/&gt;
&lt;a href=&quot;https://issues.apache.org/jira/browse/HADOOP-10211&quot; class=&quot;external-link&quot; rel=&quot;nofollow&quot;&gt;HADOOP-10211&lt;/a&gt; seems to be fixed in Hadoop 2.4 and trunk (3.0), which are both unreleased hadoop versions. &lt;br/&gt;
Hive is still using last hadoop release 2.3.0. Shouldn&apos;t this wait till we upgrade hadoop dependencies ?&lt;/p&gt;</comment>
                            <comment id="13947093" author="vgumashta" created="Tue, 25 Mar 2014 20:25:54 +0000"  >&lt;p&gt;&lt;a href=&quot;https://issues.apache.org/jira/secure/ViewProfile.jspa?name=prasadm&quot; class=&quot;user-hover&quot; rel=&quot;prasadm&quot;&gt;Prasad Mujumdar&lt;/a&gt; Sure, we can wait. However, the problem will manifest whenever we upgrade so I thought fixing it sooner is no harm. But since 13 won&apos;t be using hadoop 2.4, let me tag this for 14.&lt;/p&gt;

&lt;p&gt;&lt;a href=&quot;https://issues.apache.org/jira/secure/ViewProfile.jspa?name=thejas&quot; class=&quot;user-hover&quot; rel=&quot;thejas&quot;&gt;Thejas M Nair&lt;/a&gt; Had chat with hadoop folks, and it seems they won&apos;t revert the change. Check the logic for the change in this comment: &lt;a href=&quot;https://issues.apache.org/jira/browse/HADOOP-10221?focusedCommentId=13923205&amp;amp;page=com.atlassian.jira.plugin.system.issuetabpanels:comment-tabpanel#comment-13923205&quot; class=&quot;external-link&quot; rel=&quot;nofollow&quot;&gt;https://issues.apache.org/jira/browse/HADOOP-10221?focusedCommentId=13923205&amp;amp;page=com.atlassian.jira.plugin.system.issuetabpanels:comment-tabpanel#comment-13923205&lt;/a&gt;.&lt;/p&gt;</comment>
                            <comment id="13947145" author="prasadm" created="Tue, 25 Mar 2014 20:58:55 +0000"  >&lt;p&gt;&lt;span class=&quot;error&quot;&gt;&amp;#91;~vaibhavgumashta&amp;#93;&lt;/span&gt; This is an incompatible change and hence would be better to do this along with the hadoop upgrade. The code being removed is applicable to Hadoop 2.3. We might not switch to Hadoop 2.4 at all for Hive 0.14 as well, or may be Hadoop 2.4 will change the logic later during it&apos;s release cycle etc. In such cases the patch won&apos;t be adding any value.&lt;br/&gt;
Also &lt;a href=&quot;https://issues.apache.org/jira/browse/HIVE-6657&quot; title=&quot;Add test coverage for Kerberos authentication implementation using Hadoop&amp;#39;s miniKdc&quot; class=&quot;issue-link&quot; data-issue-key=&quot;HIVE-6657&quot;&gt;&lt;del&gt;https://issues.apache.org/jira/browse/HIVE-6657&lt;/del&gt;&lt;/a&gt; is proposing to add miniKdc based test in Hive. I guess that would catch this problem once we upgrade, so won&apos;t miss out this patch.&lt;/p&gt;

&lt;p&gt;Regarding the actual patch, is the new unconditional log message needed at all ? It&apos;s getting printed be printed regardless the hadoop.rpc.protection and hive.server2.thrift.sasl.qop config. Would it make sense to just add it to docs and remove the message ?&lt;/p&gt;</comment>
                            <comment id="13947157" author="vgumashta" created="Tue, 25 Mar 2014 21:08:48 +0000"  >&lt;p&gt;&lt;a href=&quot;https://issues.apache.org/jira/secure/ViewProfile.jspa?name=prasadm&quot; class=&quot;user-hover&quot; rel=&quot;prasadm&quot;&gt;Prasad Mujumdar&lt;/a&gt; Makes sense.&lt;/p&gt;

&lt;p&gt;I also think we can get away with the log message and document it instead. Let me post a new patch. &lt;/p&gt;</comment>
                            <comment id="13984586" author="vgumashta" created="Tue, 29 Apr 2014 17:57:37 +0000"  >&lt;p&gt;Incorporated &lt;a href=&quot;https://issues.apache.org/jira/secure/ViewProfile.jspa?name=prasadm&quot; class=&quot;user-hover&quot; rel=&quot;prasadm&quot;&gt;Prasad Mujumdar&lt;/a&gt;&apos;s feedback.&lt;/p&gt;

&lt;p&gt;cc &lt;a href=&quot;https://issues.apache.org/jira/secure/ViewProfile.jspa?name=jdere&quot; class=&quot;user-hover&quot; rel=&quot;jdere&quot;&gt;Jason Dere&lt;/a&gt;&lt;/p&gt;</comment>
                            <comment id="13984633" author="jdere" created="Tue, 29 Apr 2014 18:36:39 +0000"  >&lt;p&gt;I think it looks good - can you also add a comment to HadoopThriftAuthBridge20S.getHadoopSaslProperties() saying that method no longer works with Hadoop 2.4.0?&lt;/p&gt;</comment>
                            <comment id="13984698" author="vgumashta" created="Tue, 29 Apr 2014 19:43:45 +0000"  >&lt;p&gt;&lt;a href=&quot;https://issues.apache.org/jira/secure/ViewProfile.jspa?name=jdere&quot; class=&quot;user-hover&quot; rel=&quot;jdere&quot;&gt;Jason Dere&lt;/a&gt; Done. Also added a note in hive-default. Since this call is used in metastore client/server, I&apos;ll create a new jira for that. Thanks!&lt;/p&gt;</comment>
                            <comment id="13984916" author="jdere" created="Tue, 29 Apr 2014 22:39:05 +0000"  >&lt;p&gt;+1&lt;/p&gt;</comment>
                            <comment id="13984991" author="hiveqa" created="Wed, 30 Apr 2014 00:08:45 +0000"  >

&lt;p&gt;&lt;font color=&quot;red&quot;&gt;Overall&lt;/font&gt;: -1 at least one tests failed&lt;/p&gt;

&lt;p&gt;Here are the results of testing the latest attachment:&lt;br/&gt;
&lt;a href=&quot;https://issues.apache.org/jira/secure/attachment/12642517/HIVE-6741.3.patch&quot; class=&quot;external-link&quot; rel=&quot;nofollow&quot;&gt;https://issues.apache.org/jira/secure/attachment/12642517/HIVE-6741.3.patch&lt;/a&gt;&lt;/p&gt;

&lt;p&gt;&lt;font color=&quot;red&quot;&gt;ERROR:&lt;/font&gt; -1 due to 19 failed/errored test(s), 5490 tests executed&lt;br/&gt;
&lt;b&gt;Failed tests:&lt;/b&gt;&lt;/p&gt;
&lt;div class=&quot;preformatted panel&quot; style=&quot;border-width: 1px;&quot;&gt;&lt;div class=&quot;preformattedContent panelContent&quot;&gt;
&lt;pre&gt;org.apache.hadoop.hive.cli.TestCliDriver.testCliDriver_groupby2_map_skew
org.apache.hadoop.hive.cli.TestCliDriver.testCliDriver_index_compact_binary_search
org.apache.hadoop.hive.cli.TestCliDriver.testCliDriver_stats_list_bucket
org.apache.hadoop.hive.cli.TestCliDriver.testCliDriver_stats_partscan_1_23
org.apache.hadoop.hive.cli.TestMiniTezCliDriver.testCliDriver_bucket_map_join_tez1
org.apache.hadoop.hive.cli.TestMiniTezCliDriver.testCliDriver_bucket_map_join_tez2
org.apache.hadoop.hive.cli.TestMiniTezCliDriver.testCliDriver_count
org.apache.hadoop.hive.cli.TestMiniTezCliDriver.testCliDriver_limit_pushdown
org.apache.hadoop.hive.cli.TestMiniTezCliDriver.testCliDriver_load_dyn_part1
org.apache.hadoop.hive.cli.TestMiniTezCliDriver.testCliDriver_mrr
org.apache.hadoop.hive.cli.TestMiniTezCliDriver.testCliDriver_tez_dml
org.apache.hadoop.hive.cli.TestMiniTezCliDriver.testCliDriver_tez_union
org.apache.hadoop.hive.cli.TestMiniTezCliDriver.testCliDriver_union2
org.apache.hadoop.hive.cli.TestMiniTezCliDriver.testCliDriver_union3
org.apache.hadoop.hive.cli.TestMiniTezCliDriver.testCliDriver_union5
org.apache.hadoop.hive.cli.TestMiniTezCliDriver.testCliDriver_union7
org.apache.hadoop.hive.cli.TestMiniTezCliDriver.testCliDriver_union9
org.apache.hadoop.hive.cli.TestMinimrCliDriver.testCliDriver_root_dir_external_table
org.apache.hadoop.hive.cli.TestNegativeCliDriver.testNegativeCliDriver_dynamic_partitions_with_whitelist
&lt;/pre&gt;
&lt;/div&gt;&lt;/div&gt;

&lt;p&gt;Test results: &lt;a href=&quot;http://ec2-174-129-184-35.compute-1.amazonaws.com/jenkins/job/PreCommit-HIVE-Build/79/testReport&quot; class=&quot;external-link&quot; rel=&quot;nofollow&quot;&gt;http://ec2-174-129-184-35.compute-1.amazonaws.com/jenkins/job/PreCommit-HIVE-Build/79/testReport&lt;/a&gt;&lt;br/&gt;
Console output: &lt;a href=&quot;http://ec2-174-129-184-35.compute-1.amazonaws.com/jenkins/job/PreCommit-HIVE-Build/79/console&quot; class=&quot;external-link&quot; rel=&quot;nofollow&quot;&gt;http://ec2-174-129-184-35.compute-1.amazonaws.com/jenkins/job/PreCommit-HIVE-Build/79/console&lt;/a&gt;&lt;/p&gt;

&lt;p&gt;Messages:&lt;/p&gt;
&lt;div class=&quot;preformatted panel&quot; style=&quot;border-width: 1px;&quot;&gt;&lt;div class=&quot;preformattedContent panelContent&quot;&gt;
&lt;pre&gt;Executing org.apache.hive.ptest.execution.PrepPhase
Executing org.apache.hive.ptest.execution.ExecutionPhase
Executing org.apache.hive.ptest.execution.ReportingPhase
Tests exited with: TestsFailedException: 19 tests failed
&lt;/pre&gt;
&lt;/div&gt;&lt;/div&gt;

&lt;p&gt;This message is automatically generated.&lt;/p&gt;

&lt;p&gt;ATTACHMENT ID: 12642517&lt;/p&gt;</comment>
                            <comment id="13986279" author="jdere" created="Thu, 1 May 2014 01:12:50 +0000"  >&lt;p&gt;These test failures do not look related to this patch.&lt;/p&gt;</comment>
                            <comment id="13986282" author="jdere" created="Thu, 1 May 2014 01:20:11 +0000"  >&lt;p&gt;Committed to trunk. Thanks for fixing Vaibhav.&lt;/p&gt;</comment>
                            <comment id="13986297" author="vgumashta" created="Thu, 1 May 2014 02:13:55 +0000"  >&lt;p&gt;Thanks for review &lt;a href=&quot;https://issues.apache.org/jira/secure/ViewProfile.jspa?name=jdere&quot; class=&quot;user-hover&quot; rel=&quot;jdere&quot;&gt;Jason Dere&lt;/a&gt;.&lt;/p&gt;</comment>
                            <comment id="13987192" author="lefty@hortonworks.com" created="Thu, 1 May 2014 23:57:42 +0000"  >&lt;p&gt;For the record:  This adds information to the description of &lt;b&gt;hive.server2.thrift.sasl.qop&lt;/b&gt; which was introduced in Hive 0.12.0, so I&apos;ve put a comment in &lt;a href=&quot;https://issues.apache.org/jira/browse/HIVE-6586&quot; title=&quot;Update parameters in HiveConf.java after commit HIVE-6037&quot; class=&quot;issue-link&quot; data-issue-key=&quot;HIVE-6586&quot;&gt;&lt;del&gt;HIVE-6586&lt;/del&gt;&lt;/a&gt; (for &lt;a href=&quot;https://issues.apache.org/jira/browse/HIVE-6037&quot; title=&quot;Synchronize HiveConf with hive-default.xml.template and support show conf&quot; class=&quot;issue-link&quot; data-issue-key=&quot;HIVE-6037&quot;&gt;&lt;del&gt;HIVE-6037&lt;/del&gt;&lt;/a&gt;) and updated the wiki here:&lt;/p&gt;

&lt;ul&gt;
	&lt;li&gt;&lt;a href=&quot;https://cwiki.apache.org/confluence/display/Hive/Configuration+Properties#ConfigurationProperties-hive.server2.thrift.sasl.qop&quot; class=&quot;external-link&quot; rel=&quot;nofollow&quot;&gt;Configuration Properties &amp;#8211; hive.server2.thrift.sasl.qop  &lt;/a&gt;&lt;/li&gt;
	&lt;li&gt;&lt;a href=&quot;https://issues.apache.org/jira/browse/HIVE-6586?page=com.atlassian.jira.plugin.system.issuetabpanels:comment-tabpanel&amp;amp;focusedCommentId=13987186#comment-13987186&quot; class=&quot;external-link&quot; rel=&quot;nofollow&quot;&gt;HIVE-6586 comment  &lt;/a&gt;&lt;/li&gt;
&lt;/ul&gt;
</comment>
                            <comment id="14210624" author="thejas" created="Thu, 13 Nov 2014 19:41:45 +0000"  >&lt;p&gt;This has been fixed in 0.14 release. Please open new jira if you see any issues.&lt;/p&gt;</comment>
                    </comments>
                <issuelinks>
                            <issuelinktype id="10032">
                    <name>Blocker</name>
                                            <outwardlinks description="blocks">
                                        <issuelink>
            <issuekey id="12709908">HIVE-6960</issuekey>
        </issuelink>
                            </outwardlinks>
                                                        </issuelinktype>
                            <issuelinktype id="12310000">
                    <name>Duplicate</name>
                                                                <inwardlinks description="is duplicated by">
                                        <issuelink>
            <issuekey id="12742016">HIVE-8154</issuekey>
        </issuelink>
                            </inwardlinks>
                                    </issuelinktype>
                            <issuelinktype id="10030">
                    <name>Reference</name>
                                            <outwardlinks description="relates to">
                                        <issuelink>
            <issuekey id="12711296">HIVE-6987</issuekey>
        </issuelink>
                            </outwardlinks>
                                                                <inwardlinks description="is related to">
                                        <issuelink>
            <issuekey id="12732117">HIVE-7620</issuekey>
        </issuelink>
            <issuelink>
            <issuekey id="12705693">HADOOP-10451</issuekey>
        </issuelink>
                            </inwardlinks>
                                    </issuelinktype>
                    </issuelinks>
                <attachments>
                            <attachment id="12636522" name="HIVE-6741.1.patch" size="1753" author="vgumashta" created="Tue, 25 Mar 2014 05:05:34 +0000"/>
                            <attachment id="12642502" name="HIVE-6741.2.patch" size="2538" author="vgumashta" created="Tue, 29 Apr 2014 17:56:52 +0000"/>
                            <attachment id="12642517" name="HIVE-6741.3.patch" size="4233" author="vgumashta" created="Tue, 29 Apr 2014 19:43:45 +0000"/>
                    </attachments>
                <subtasks>
                    </subtasks>
                <customfields>
                                                <customfield id="customfield_12310310" key="com.atlassian.jira.toolkit:attachments">
                        <customfieldname>Attachment count</customfieldname>
                        <customfieldvalues>
                            <customfieldvalue>3.0</customfieldvalue>
                        </customfieldvalues>
                    </customfield>
                                                                                                                                                                                                                                                                                                                                                                                                                                                                                                                                <customfield id="customfield_12310220" key="com.atlassian.jira.ext.charting:firstresponsedate">
                        <customfieldname>Date of First Response</customfieldname>
                        <customfieldvalues>
                            <customfieldvalue>Tue, 25 Mar 2014 05:25:29 +0000</customfieldvalue>

                        </customfieldvalues>
                    </customfield>
                                                                                                                                                                                                                                                                                                                                                                                                                                            <customfield id="customfield_12310420" key="com.pyxis.greenhopper.jira:gh-global-rank">
                        <customfieldname>Global Rank</customfieldname>
                        <customfieldvalues>
                            <customfieldvalue>381729</customfieldvalue>
                        </customfieldvalues>
                    </customfield>
                                                                                                                                                    <customfield id="customfield_12312521" key="com.atlassian.jira.toolkit:LastCommentDate">
                        <customfieldname>Last public comment date</customfieldname>
                        <customfieldvalues>
                            2 years, 3 weeks, 2 days ago
                        </customfieldvalues>
                    </customfield>
                                                                                            <customfield id="customfield_12311820" key="com.pyxis.greenhopper.jira:gh-lexo-rank">
                        <customfieldname>Rank</customfieldname>
                        <customfieldvalues>
                            <customfieldvalue>0|i1trnb:</customfieldvalue>

                        </customfieldvalues>
                    </customfield>
                                                                <customfield id="customfield_12310920" key="com.pyxis.greenhopper.jira:gh-global-rank">
                        <customfieldname>Rank (Obsolete)</customfieldname>
                        <customfieldvalues>
                            <customfieldvalue>382004</customfieldvalue>
                        </customfieldvalues>
                    </customfield>
                                                                                                                                                                                                                                                                                                                            <customfield id="customfield_12310222" key="com.atlassian.jira.ext.charting:timeinstatus">
                        <customfieldname>Time in Status</customfieldname>
                        <customfieldvalues>
                            
                        </customfieldvalues>
                    </customfield>
                                                                                                                        </customfields>
    </item>
</channel>
</rss>