<!-- 
RSS generated by JIRA (6.3.4#6332-sha1:51bc225ef474afe3128b2f66878477f322397b16) at Fri Dec 02 05:03:36 UTC 2016

It is possible to restrict the fields that are returned in this document by specifying the 'field' parameter in your request.
For example, to request only the issue key and summary add field=key&field=summary to the URL of your request.
For example:
https://issues.apache.org/jira/si/jira.issueviews:issue-xml/HIVE-14012/HIVE-14012.xml?field=key&amp;field=summary
-->
<rss version="0.92" >
<channel>
    <title>ASF JIRA</title>
    <link>https://issues.apache.org/jira</link>
    <description>This file is an XML representation of an issue</description>
    <language>en-uk</language>    <build-info>
        <version>6.3.4</version>
        <build-number>6332</build-number>
        <build-date>15-08-2014</build-date>
    </build-info>

<item>
            <title>[HIVE-14012] some ColumnVector-s are missing ensureSize</title>
                <link>https://issues.apache.org/jira/browse/HIVE-14012</link>
                <project id="12310843" key="HIVE">Hive</project>
                    <description></description>
                <environment></environment>
        <key id="12979072">HIVE-14012</key>
            <summary>some ColumnVector-s are missing ensureSize</summary>
                <type id="1" iconUrl="https://issues.apache.org/jira/images/icons/issuetypes/bug.png">Bug</type>
                                            <priority id="3" iconUrl="https://issues.apache.org/jira/images/icons/priorities/major.png">Major</priority>
                        <status id="5" iconUrl="https://issues.apache.org/jira/images/icons/statuses/resolved.png" description="A resolution has been taken, and it is awaiting verification by reporter. From here issues are either reopened, or are closed.">Resolved</status>
                    <statusCategory id="3" key="done" colorName="green"/>
                                    <resolution id="1">Fixed</resolution>
                                        <assignee username="sershe">Sergey Shelukhin</assignee>
                                    <reporter username="taksaito">Takahiko Saito</reporter>
                        <labels>
                    </labels>
                <created>Tue, 14 Jun 2016 18:52:42 +0000</created>
                <updated>Mon, 20 Jun 2016 21:41:05 +0000</updated>
                            <resolved>Mon, 20 Jun 2016 21:41:04 +0000</resolved>
                                                    <fixVersion>1.3.0</fixVersion>
                    <fixVersion>2.2.0</fixVersion>
                    <fixVersion>2.1.1</fixVersion>
                    <fixVersion>2.0.2</fixVersion>
                                        <due></due>
                            <votes>0</votes>
                                    <watches>2</watches>
                                                                <comments>
                            <comment id="15330158" author="sershe" created="Tue, 14 Jun 2016 18:55:31 +0000"  >&lt;p&gt;&lt;a href=&quot;https://issues.apache.org/jira/secure/ViewProfile.jspa?name=prasanth_j&quot; class=&quot;user-hover&quot; rel=&quot;prasanth_j&quot;&gt;Prasanth Jayachandran&lt;/a&gt; &lt;a href=&quot;https://issues.apache.org/jira/secure/ViewProfile.jspa?name=mmccline&quot; class=&quot;user-hover&quot; rel=&quot;mmccline&quot;&gt;Matt McCline&lt;/a&gt; can you take a look?&lt;/p&gt;

&lt;p&gt;Also, do List and Map vectors need ensureSize? It doesn&apos;t look like it, but I wonder if something needs to be done with child vectors.&lt;/p&gt;</comment>
                            <comment id="15330176" author="sershe" created="Tue, 14 Jun 2016 19:03:09 +0000"  >&lt;p&gt;&lt;a href=&quot;https://issues.apache.org/jira/secure/ViewProfile.jspa?name=owen.omalley&quot; class=&quot;user-hover&quot; rel=&quot;owen.omalley&quot;&gt;Owen O&apos;Malley&lt;/a&gt; can you comment on the above? I understand you added the complex type vectors.&lt;/p&gt;</comment>
                            <comment id="15335160" author="sershe" created="Fri, 17 Jun 2016 01:29:17 +0000"  >&lt;p&gt;Same patch for HiveQA. I checked, it looks like we do not need to ensureSize on child vectors, it&apos;s done elsewhere.&lt;/p&gt;</comment>
                            <comment id="15336780" author="sershe" created="Fri, 17 Jun 2016 19:35:56 +0000"  >&lt;p&gt;&lt;a href=&quot;https://issues.apache.org/jira/secure/ViewProfile.jspa?name=mmccline&quot; class=&quot;user-hover&quot; rel=&quot;mmccline&quot;&gt;Matt McCline&lt;/a&gt; &lt;a href=&quot;https://issues.apache.org/jira/secure/ViewProfile.jspa?name=owen.omalley&quot; class=&quot;user-hover&quot; rel=&quot;owen.omalley&quot;&gt;Owen O&apos;Malley&lt;/a&gt; &lt;a href=&quot;https://issues.apache.org/jira/secure/ViewProfile.jspa?name=prasanth_j&quot; class=&quot;user-hover&quot; rel=&quot;prasanth_j&quot;&gt;Prasanth Jayachandran&lt;/a&gt; ping?&lt;/p&gt;</comment>
                            <comment id="15336842" author="prasanth_j" created="Fri, 17 Jun 2016 20:13:58 +0000"  >&lt;p&gt;isRepeating missing inside preserveData condition?&lt;/p&gt;</comment>
                            <comment id="15336929" author="sershe" created="Fri, 17 Jun 2016 20:53:03 +0000"  >&lt;p&gt;Updated.&lt;/p&gt;</comment>
                            <comment id="15336944" author="prasanth_j" created="Fri, 17 Jun 2016 20:59:46 +0000"  >&lt;p&gt;lgtm, +1. Pending tests&lt;/p&gt;</comment>
                            <comment id="15337753" author="hiveqa" created="Sat, 18 Jun 2016 10:51:30 +0000"  >

&lt;p&gt;Here are the results of testing the latest attachment:&lt;br/&gt;
&lt;a href=&quot;https://issues.apache.org/jira/secure/attachment/12811457/HIVE-14012.01.patch&quot; class=&quot;external-link&quot; rel=&quot;nofollow&quot;&gt;https://issues.apache.org/jira/secure/attachment/12811457/HIVE-14012.01.patch&lt;/a&gt;&lt;/p&gt;

&lt;p&gt;&lt;font color=&quot;red&quot;&gt;ERROR:&lt;/font&gt; -1 due to no test(s) being added or modified.&lt;/p&gt;

&lt;p&gt;&lt;font color=&quot;red&quot;&gt;ERROR:&lt;/font&gt; -1 due to 9 failed/errored test(s), 10235 tests executed&lt;br/&gt;
&lt;b&gt;Failed tests:&lt;/b&gt;&lt;/p&gt;
&lt;div class=&quot;preformatted panel&quot; style=&quot;border-width: 1px;&quot;&gt;&lt;div class=&quot;preformattedContent panelContent&quot;&gt;
&lt;pre&gt;org.apache.hadoop.hive.cli.TestCliDriver.testCliDriver_acid_globallimit
org.apache.hadoop.hive.cli.TestCliDriver.testCliDriver_constantPropagateForSubQuery
org.apache.hadoop.hive.cli.TestCliDriver.testCliDriver_repair
org.apache.hadoop.hive.cli.TestCliDriver.testCliDriver_stats_list_bucket
org.apache.hadoop.hive.cli.TestCliDriver.testCliDriver_subquery_multiinsert
org.apache.hadoop.hive.cli.TestMiniSparkOnYarnCliDriver.testCliDriver_index_bitmap3
org.apache.hadoop.hive.cli.TestMinimrCliDriver.testCliDriver_table_nonprintable
org.apache.hadoop.hive.ql.metadata.TestHiveMetaStoreChecker.testPartitionsCheck
org.apache.hadoop.hive.ql.metadata.TestHiveMetaStoreChecker.testTableCheck
&lt;/pre&gt;
&lt;/div&gt;&lt;/div&gt;

&lt;p&gt;Test results: &lt;a href=&quot;https://builds.apache.org/job/PreCommit-HIVE-MASTER-Build/162/testReport&quot; class=&quot;external-link&quot; rel=&quot;nofollow&quot;&gt;https://builds.apache.org/job/PreCommit-HIVE-MASTER-Build/162/testReport&lt;/a&gt;&lt;br/&gt;
Console output: &lt;a href=&quot;https://builds.apache.org/job/PreCommit-HIVE-MASTER-Build/162/console&quot; class=&quot;external-link&quot; rel=&quot;nofollow&quot;&gt;https://builds.apache.org/job/PreCommit-HIVE-MASTER-Build/162/console&lt;/a&gt;&lt;br/&gt;
Test logs: &lt;a href=&quot;http://ec2-50-18-27-0.us-west-1.compute.amazonaws.com/logs/PreCommit-HIVE-MASTER-Build-162/&quot; class=&quot;external-link&quot; rel=&quot;nofollow&quot;&gt;http://ec2-50-18-27-0.us-west-1.compute.amazonaws.com/logs/PreCommit-HIVE-MASTER-Build-162/&lt;/a&gt;&lt;/p&gt;

&lt;p&gt;Messages:&lt;/p&gt;
&lt;div class=&quot;preformatted panel&quot; style=&quot;border-width: 1px;&quot;&gt;&lt;div class=&quot;preformattedContent panelContent&quot;&gt;
&lt;pre&gt;Executing org.apache.hive.ptest.execution.TestCheckPhase
Executing org.apache.hive.ptest.execution.PrepPhase
Executing org.apache.hive.ptest.execution.ExecutionPhase
Executing org.apache.hive.ptest.execution.ReportingPhase
Tests exited with: TestsFailedException: 9 tests failed
&lt;/pre&gt;
&lt;/div&gt;&lt;/div&gt;

&lt;p&gt;This message is automatically generated.&lt;/p&gt;

&lt;p&gt;ATTACHMENT ID: 12811457 - PreCommit-HIVE-MASTER-Build&lt;/p&gt;</comment>
                            <comment id="15340426" author="sershe" created="Mon, 20 Jun 2016 21:23:03 +0000"  >&lt;p&gt;All the failures are known&lt;/p&gt;</comment>
                            <comment id="15340458" author="sershe" created="Mon, 20 Jun 2016 21:41:05 +0000"  >&lt;p&gt;Committed to all the affected branches...&lt;/p&gt;</comment>
                    </comments>
                    <attachments>
                            <attachment id="12811457" name="HIVE-14012.01.patch" size="2234" author="sershe" created="Fri, 17 Jun 2016 20:53:03 +0000"/>
                            <attachment id="12811262" name="HIVE-14012.01.patch" size="1988" author="sershe" created="Fri, 17 Jun 2016 01:29:17 +0000"/>
                            <attachment id="12810591" name="HIVE-14012.patch" size="1988" author="sershe" created="Tue, 14 Jun 2016 18:55:31 +0000"/>
                    </attachments>
                <subtasks>
                    </subtasks>
                <customfields>
                                                <customfield id="customfield_12310310" key="com.atlassian.jira.toolkit:attachments">
                        <customfieldname>Attachment count</customfieldname>
                        <customfieldvalues>
                            <customfieldvalue>3.0</customfieldvalue>
                        </customfieldvalues>
                    </customfield>
                                                                                                                                                                                                                                                                                                                                                                                                                                                                                                                                <customfield id="customfield_12310220" key="com.atlassian.jira.ext.charting:firstresponsedate">
                        <customfieldname>Date of First Response</customfieldname>
                        <customfieldvalues>
                            <customfieldvalue>Tue, 14 Jun 2016 18:55:31 +0000</customfieldvalue>

                        </customfieldvalues>
                    </customfield>
                                                                                                                                                                                                                                                                                                                                                                                                                                            <customfield id="customfield_12310420" key="com.pyxis.greenhopper.jira:gh-global-rank">
                        <customfieldname>Global Rank</customfieldname>
                        <customfieldvalues>
                            <customfieldvalue>9223372036854775807</customfieldvalue>
                        </customfieldvalues>
                    </customfield>
                                                                                                                                                    <customfield id="customfield_12312521" key="com.atlassian.jira.toolkit:LastCommentDate">
                        <customfieldname>Last public comment date</customfieldname>
                        <customfieldvalues>
                            23 weeks, 3 days ago
                        </customfieldvalues>
                    </customfield>
                                                                                            <customfield id="customfield_12311820" key="com.pyxis.greenhopper.jira:gh-lexo-rank">
                        <customfieldname>Rank</customfieldname>
                        <customfieldvalues>
                            <customfieldvalue>0|i2zg93:</customfieldvalue>

                        </customfieldvalues>
                    </customfield>
                                                                <customfield id="customfield_12310920" key="com.pyxis.greenhopper.jira:gh-global-rank">
                        <customfieldname>Rank (Obsolete)</customfieldname>
                        <customfieldvalues>
                            <customfieldvalue>9223372036854775807</customfieldvalue>
                        </customfieldvalues>
                    </customfield>
                                                                                                                                                                                                                                                                                                                            <customfield id="customfield_12310222" key="com.atlassian.jira.ext.charting:timeinstatus">
                        <customfieldname>Time in Status</customfieldname>
                        <customfieldvalues>
                            
                        </customfieldvalues>
                    </customfield>
                                                                                                                        </customfields>
    </item>
</channel>
</rss>