<!-- 
RSS generated by JIRA (6.3.4#6332-sha1:51bc225ef474afe3128b2f66878477f322397b16) at Fri Dec 02 05:43:05 UTC 2016

It is possible to restrict the fields that are returned in this document by specifying the 'field' parameter in your request.
For example, to request only the issue key and summary add field=key&field=summary to the URL of your request.
For example:
https://issues.apache.org/jira/si/jira.issueviews:issue-xml/HIVE-13609/HIVE-13609.xml?field=key&amp;field=summary
-->
<rss version="0.92" >
<channel>
    <title>ASF JIRA</title>
    <link>https://issues.apache.org/jira</link>
    <description>This file is an XML representation of an issue</description>
    <language>en-uk</language>    <build-info>
        <version>6.3.4</version>
        <build-number>6332</build-number>
        <build-date>15-08-2014</build-date>
    </build-info>

<item>
            <title>[HIVE-13609] Fix UDTFs to allow local fetch task to fetch rows forwarded by GenericUDTF.close()</title>
                <link>https://issues.apache.org/jira/browse/HIVE-13609</link>
                <project id="12310843" key="HIVE">Hive</project>
                    <description>&lt;p&gt;From &lt;a href=&quot;https://issues.apache.org/jira/secure/ViewProfile.jspa?name=ashutoshc&quot; class=&quot;user-hover&quot; rel=&quot;ashutoshc&quot;&gt;Ashutosh Chauhan&lt;/a&gt;&apos;s comments in &lt;a href=&quot;https://issues.apache.org/jira/browse/HIVE-13586&quot; title=&quot;Allow UDFs/UDTFs to indicate whether they can run with fetch task conversion&quot; class=&quot;issue-link&quot; data-issue-key=&quot;HIVE-13586&quot;&gt;HIVE-13586&lt;/a&gt;, attempt to fix whatever is causing the local fetch task to not get the rows forwarded by UDTF close().&lt;/p&gt;</description>
                <environment></environment>
        <key id="12962454">HIVE-13609</key>
            <summary>Fix UDTFs to allow local fetch task to fetch rows forwarded by GenericUDTF.close()</summary>
                <type id="1" iconUrl="https://issues.apache.org/jira/images/icons/issuetypes/bug.png">Bug</type>
                                            <priority id="3" iconUrl="https://issues.apache.org/jira/images/icons/priorities/major.png">Major</priority>
                        <status id="6" iconUrl="https://issues.apache.org/jira/images/icons/statuses/closed.png" description="The issue is considered finished, the resolution is correct. Issues which are closed can be reopened.">Closed</status>
                    <statusCategory id="3" key="done" colorName="green"/>
                                    <resolution id="1">Fixed</resolution>
                                        <assignee username="jdere">Jason Dere</assignee>
                                    <reporter username="jdere">Jason Dere</reporter>
                        <labels>
                    </labels>
                <created>Tue, 26 Apr 2016 02:07:10 +0000</created>
                <updated>Tue, 21 Jun 2016 15:10:52 +0000</updated>
                            <resolved>Thu, 28 Apr 2016 17:19:26 +0000</resolved>
                                                    <fixVersion>2.1.0</fixVersion>
                                        <due></due>
                            <votes>0</votes>
                                    <watches>1</watches>
                                                                <comments>
                            <comment id="15257431" author="jdere" created="Tue, 26 Apr 2016 02:10:38 +0000"  >&lt;p&gt;Not totally sure if this is the right way to do it, but we basically need to close the fetch task&apos;s operator before the fetch task is totally done retrieving rows.&lt;br/&gt;
&lt;a href=&quot;https://issues.apache.org/jira/secure/ViewProfile.jspa?name=ashutoshc&quot; class=&quot;user-hover&quot; rel=&quot;ashutoshc&quot;&gt;Ashutosh Chauhan&lt;/a&gt; can you take a look?&lt;/p&gt;</comment>
                            <comment id="15258755" author="ashutoshc" created="Tue, 26 Apr 2016 19:27:44 +0000"  >&lt;p&gt;&lt;a href=&quot;https://issues.apache.org/jira/secure/ViewProfile.jspa?name=jdere&quot; class=&quot;user-hover&quot; rel=&quot;jdere&quot;&gt;Jason Dere&lt;/a&gt; Can you create a RB for this?&lt;/p&gt;</comment>
                            <comment id="15258833" author="jdere" created="Tue, 26 Apr 2016 20:11:30 +0000"  >&lt;p&gt;RB at &lt;a href=&quot;https://reviews.apache.org/r/46712/&quot; class=&quot;external-link&quot; rel=&quot;nofollow&quot;&gt;https://reviews.apache.org/r/46712/&lt;/a&gt;&lt;/p&gt;</comment>
                            <comment id="15258842" author="ashutoshc" created="Tue, 26 Apr 2016 20:18:44 +0000"  >&lt;p&gt;+1 LGTM pending tests&lt;/p&gt;</comment>
                            <comment id="15261534" author="hiveqa" created="Thu, 28 Apr 2016 04:47:34 +0000"  >

&lt;p&gt;Here are the results of testing the latest attachment:&lt;br/&gt;
&lt;a href=&quot;https://issues.apache.org/jira/secure/attachment/12800693/HIVE-13609.1.patch&quot; class=&quot;external-link&quot; rel=&quot;nofollow&quot;&gt;https://issues.apache.org/jira/secure/attachment/12800693/HIVE-13609.1.patch&lt;/a&gt;&lt;/p&gt;

&lt;p&gt;&lt;font color=&quot;red&quot;&gt;ERROR:&lt;/font&gt; -1 due to no test(s) being added or modified.&lt;/p&gt;

&lt;p&gt;&lt;font color=&quot;red&quot;&gt;ERROR:&lt;/font&gt; -1 due to 63 failed/errored test(s), 9964 tests executed&lt;br/&gt;
&lt;b&gt;Failed tests:&lt;/b&gt;&lt;/p&gt;
&lt;div class=&quot;preformatted panel&quot; style=&quot;border-width: 1px;&quot;&gt;&lt;div class=&quot;preformattedContent panelContent&quot;&gt;
&lt;pre&gt;TestHWISessionManager - did not produce a TEST-*.xml file
org.apache.hadoop.hive.cli.TestCliDriver.testCliDriver_nomore_ambiguous_table_col
org.apache.hadoop.hive.cli.TestCliDriver.testCliDriver_regexp_extract
org.apache.hadoop.hive.cli.TestMiniSparkOnYarnCliDriver.testCliDriver_bucket4
org.apache.hadoop.hive.cli.TestMiniSparkOnYarnCliDriver.testCliDriver_bucket5
org.apache.hadoop.hive.cli.TestMiniSparkOnYarnCliDriver.testCliDriver_bucket6
org.apache.hadoop.hive.cli.TestMiniSparkOnYarnCliDriver.testCliDriver_disable_merge_for_bucketing
org.apache.hadoop.hive.cli.TestMiniSparkOnYarnCliDriver.testCliDriver_index_bitmap3
org.apache.hadoop.hive.cli.TestMiniSparkOnYarnCliDriver.testCliDriver_infer_bucket_sort_map_operators
org.apache.hadoop.hive.cli.TestMiniSparkOnYarnCliDriver.testCliDriver_infer_bucket_sort_num_buckets
org.apache.hadoop.hive.cli.TestMiniSparkOnYarnCliDriver.testCliDriver_infer_bucket_sort_reducers_power_two
org.apache.hadoop.hive.cli.TestMiniSparkOnYarnCliDriver.testCliDriver_list_bucket_dml_10
org.apache.hadoop.hive.cli.TestMiniSparkOnYarnCliDriver.testCliDriver_orc_merge1
org.apache.hadoop.hive.cli.TestMiniSparkOnYarnCliDriver.testCliDriver_orc_merge2
org.apache.hadoop.hive.cli.TestMiniSparkOnYarnCliDriver.testCliDriver_orc_merge9
org.apache.hadoop.hive.cli.TestMiniSparkOnYarnCliDriver.testCliDriver_orc_merge_diff_fs
org.apache.hadoop.hive.cli.TestMiniSparkOnYarnCliDriver.testCliDriver_reduce_deduplicate
org.apache.hadoop.hive.cli.TestMiniSparkOnYarnCliDriver.testCliDriver_vector_outer_join1
org.apache.hadoop.hive.cli.TestMiniSparkOnYarnCliDriver.testCliDriver_vector_outer_join2
org.apache.hadoop.hive.cli.TestMiniSparkOnYarnCliDriver.testCliDriver_vector_outer_join3
org.apache.hadoop.hive.cli.TestMiniSparkOnYarnCliDriver.testCliDriver_vector_outer_join4
org.apache.hadoop.hive.cli.TestMiniSparkOnYarnCliDriver.testCliDriver_vector_outer_join5
org.apache.hadoop.hive.cli.TestNegativeCliDriver.testNegativeCliDriver_clustern3
org.apache.hadoop.hive.cli.TestNegativeCliDriver.testNegativeCliDriver_clustern4
org.apache.hadoop.hive.cli.TestNegativeCliDriver.testNegativeCliDriver_nonkey_groupby
org.apache.hadoop.hive.cli.TestNegativeCliDriver.testNegativeCliDriver_selectDistinctStarNeg_2
org.apache.hadoop.hive.cli.TestNegativeCliDriver.testNegativeCliDriver_subquery_shared_alias
org.apache.hadoop.hive.cli.TestNegativeCliDriver.testNegativeCliDriver_udtf_not_supported1
org.apache.hadoop.hive.llap.tezplugins.TestLlapTaskCommunicator.testFinishableStateUpdateFailure
org.apache.hadoop.hive.metastore.TestAuthzApiEmbedAuthorizerInRemote.org.apache.hadoop.hive.metastore.TestAuthzApiEmbedAuthorizerInRemote
org.apache.hadoop.hive.metastore.TestFilterHooks.org.apache.hadoop.hive.metastore.TestFilterHooks
org.apache.hadoop.hive.metastore.TestHiveMetaStorePartitionSpecs.testAddPartitions
org.apache.hadoop.hive.metastore.TestHiveMetaStorePartitionSpecs.testFetchingPartitionsWithDifferentSchemas
org.apache.hadoop.hive.metastore.TestHiveMetaStorePartitionSpecs.testGetPartitionSpecs_WithAndWithoutPartitionGrouping
org.apache.hadoop.hive.metastore.TestMetaStoreEndFunctionListener.testEndFunctionListener
org.apache.hadoop.hive.metastore.TestMetaStoreEventListenerOnlyOnCommit.testEventStatus
org.apache.hadoop.hive.metastore.TestMetaStoreInitListener.testMetaStoreInitListener
org.apache.hadoop.hive.metastore.TestMetaStoreMetrics.org.apache.hadoop.hive.metastore.TestMetaStoreMetrics
org.apache.hadoop.hive.metastore.TestPartitionNameWhitelistValidation.testAppendPartitionWithCommas
org.apache.hadoop.hive.metastore.TestPartitionNameWhitelistValidation.testAppendPartitionWithUnicode
org.apache.hadoop.hive.metastore.TestPartitionNameWhitelistValidation.testAppendPartitionWithValidCharacters
org.apache.hadoop.hive.metastore.TestRetryingHMSHandler.testRetryingHMSHandler
org.apache.hadoop.hive.metastore.hbase.TestHBaseImport.org.apache.hadoop.hive.metastore.hbase.TestHBaseImport
org.apache.hadoop.hive.ql.security.TestClientSideAuthorizationProvider.testSimplePrivileges
org.apache.hadoop.hive.ql.security.TestExtendedAcls.org.apache.hadoop.hive.ql.security.TestExtendedAcls
org.apache.hadoop.hive.ql.security.TestFolderPermissions.org.apache.hadoop.hive.ql.security.TestFolderPermissions
org.apache.hadoop.hive.ql.security.TestMetastoreAuthorizationProvider.testSimplePrivileges
org.apache.hadoop.hive.ql.security.TestMultiAuthorizationPreEventListener.org.apache.hadoop.hive.ql.security.TestMultiAuthorizationPreEventListener
org.apache.hadoop.hive.ql.security.TestStorageBasedClientSideAuthorizationProvider.testSimplePrivileges
org.apache.hadoop.hive.ql.security.TestStorageBasedMetastoreAuthorizationDrops.testDropPartition
org.apache.hadoop.hive.ql.security.TestStorageBasedMetastoreAuthorizationProvider.testSimplePrivileges
org.apache.hadoop.hive.ql.security.TestStorageBasedMetastoreAuthorizationProviderWithACL.testSimplePrivileges
org.apache.hadoop.hive.ql.security.TestStorageBasedMetastoreAuthorizationReads.testReadDbSuccess
org.apache.hadoop.hive.ql.security.TestStorageBasedMetastoreAuthorizationReads.testReadTableFailure
org.apache.hadoop.hive.thrift.TestHadoopAuthBridge23.testDelegationTokenSharedStore
org.apache.hadoop.hive.thrift.TestHadoopAuthBridge23.testMetastoreProxyUser
org.apache.hadoop.hive.thrift.TestHadoopAuthBridge23.testSaslWithHiveMetaStore
org.apache.hive.hcatalog.listener.TestDbNotificationListener.cleanupNotifs
org.apache.hive.hcatalog.listener.TestDbNotificationListener.dropTable
org.apache.hive.minikdc.TestJdbcWithDBTokenStore.org.apache.hive.minikdc.TestJdbcWithDBTokenStore
org.apache.hive.service.TestHS2ImpersonationWithRemoteMS.org.apache.hive.service.TestHS2ImpersonationWithRemoteMS
org.apache.hive.spark.client.TestSparkClient.testJobSubmission
org.apache.hive.spark.client.TestSparkClient.testSyncRpc
&lt;/pre&gt;
&lt;/div&gt;&lt;/div&gt;

&lt;p&gt;Test results: &lt;a href=&quot;http://ec2-54-177-240-2.us-west-1.compute.amazonaws.com/job/PreCommit-HIVE-MASTER-Build/102/testReport&quot; class=&quot;external-link&quot; rel=&quot;nofollow&quot;&gt;http://ec2-54-177-240-2.us-west-1.compute.amazonaws.com/job/PreCommit-HIVE-MASTER-Build/102/testReport&lt;/a&gt;&lt;br/&gt;
Console output: &lt;a href=&quot;http://ec2-54-177-240-2.us-west-1.compute.amazonaws.com/job/PreCommit-HIVE-MASTER-Build/102/console&quot; class=&quot;external-link&quot; rel=&quot;nofollow&quot;&gt;http://ec2-54-177-240-2.us-west-1.compute.amazonaws.com/job/PreCommit-HIVE-MASTER-Build/102/console&lt;/a&gt;&lt;br/&gt;
Test logs: &lt;a href=&quot;http://ec2-50-18-27-0.us-west-1.compute.amazonaws.com/logs/PreCommit-HIVE-MASTER-Build-102/&quot; class=&quot;external-link&quot; rel=&quot;nofollow&quot;&gt;http://ec2-50-18-27-0.us-west-1.compute.amazonaws.com/logs/PreCommit-HIVE-MASTER-Build-102/&lt;/a&gt;&lt;/p&gt;

&lt;p&gt;Messages:&lt;/p&gt;
&lt;div class=&quot;preformatted panel&quot; style=&quot;border-width: 1px;&quot;&gt;&lt;div class=&quot;preformattedContent panelContent&quot;&gt;
&lt;pre&gt;Executing org.apache.hive.ptest.execution.TestCheckPhase
Executing org.apache.hive.ptest.execution.PrepPhase
Executing org.apache.hive.ptest.execution.ExecutionPhase
Executing org.apache.hive.ptest.execution.ReportingPhase
Tests exited with: TestsFailedException: 63 tests failed
&lt;/pre&gt;
&lt;/div&gt;&lt;/div&gt;

&lt;p&gt;This message is automatically generated.&lt;/p&gt;

&lt;p&gt;ATTACHMENT ID: 12800693 - PreCommit-HIVE-MASTER-Build&lt;/p&gt;</comment>
                            <comment id="15261846" author="jdere" created="Thu, 28 Apr 2016 09:27:23 +0000"  >&lt;p&gt;Took a look at the new unit test failures. TestDbNotificationListener, TestJdbcWithDBTokenStore, TestLlapTaskCommunicator, TestSparkClient all pass locally on my Mac. Had trouble running TestMiniSparkOnYarnCliDriver, but those tests passed on my Linux VM, plus those same TestMiniSparkOnYarnCliDriver tests are showing up as failed on the next precommit run, so it looks like these failures are not related to the patch.&lt;/p&gt;

&lt;p&gt;I will commit this patch in the morning.&lt;/p&gt;</comment>
                            <comment id="15262558" author="jdere" created="Thu, 28 Apr 2016 17:19:26 +0000"  >&lt;p&gt;Committed to master&lt;/p&gt;</comment>
                    </comments>
                <issuelinks>
                            <issuelinktype id="10030">
                    <name>Reference</name>
                                                                <inwardlinks description="is related to">
                                        <issuelink>
            <issuekey id="12888707">HIVE-11892</issuekey>
        </issuelink>
            <issuelink>
            <issuekey id="12961470">HIVE-13586</issuekey>
        </issuelink>
                            </inwardlinks>
                                    </issuelinktype>
                    </issuelinks>
                <attachments>
                            <attachment id="12800693" name="HIVE-13609.1.patch" size="47871" author="jdere" created="Tue, 26 Apr 2016 02:10:38 +0000"/>
                    </attachments>
                <subtasks>
                    </subtasks>
                <customfields>
                                                <customfield id="customfield_12310310" key="com.atlassian.jira.toolkit:attachments">
                        <customfieldname>Attachment count</customfieldname>
                        <customfieldvalues>
                            <customfieldvalue>1.0</customfieldvalue>
                        </customfieldvalues>
                    </customfield>
                                                                                                                                                                                                                                                                                                                                                                                                                                                                                                                                <customfield id="customfield_12310220" key="com.atlassian.jira.ext.charting:firstresponsedate">
                        <customfieldname>Date of First Response</customfieldname>
                        <customfieldvalues>
                            <customfieldvalue>Tue, 26 Apr 2016 19:27:44 +0000</customfieldvalue>

                        </customfieldvalues>
                    </customfield>
                                                                                                                                                                                                                                                                                                                                                                                                                                            <customfield id="customfield_12310420" key="com.pyxis.greenhopper.jira:gh-global-rank">
                        <customfieldname>Global Rank</customfieldname>
                        <customfieldvalues>
                            <customfieldvalue>9223372036854775807</customfieldvalue>
                        </customfieldvalues>
                    </customfield>
                                                                                                                                                    <customfield id="customfield_12312521" key="com.atlassian.jira.toolkit:LastCommentDate">
                        <customfieldname>Last public comment date</customfieldname>
                        <customfieldvalues>
                            31 weeks ago
                        </customfieldvalues>
                    </customfield>
                                                                                            <customfield id="customfield_12311820" key="com.pyxis.greenhopper.jira:gh-lexo-rank">
                        <customfieldname>Rank</customfieldname>
                        <customfieldvalues>
                            <customfieldvalue>0|i2wq5z:</customfieldvalue>

                        </customfieldvalues>
                    </customfield>
                                                                <customfield id="customfield_12310920" key="com.pyxis.greenhopper.jira:gh-global-rank">
                        <customfieldname>Rank (Obsolete)</customfieldname>
                        <customfieldvalues>
                            <customfieldvalue>9223372036854775807</customfieldvalue>
                        </customfieldvalues>
                    </customfield>
                                                                                                                                                                                                                                                                                                                            <customfield id="customfield_12310222" key="com.atlassian.jira.ext.charting:timeinstatus">
                        <customfieldname>Time in Status</customfieldname>
                        <customfieldvalues>
                            
                        </customfieldvalues>
                    </customfield>
                                                                                                                        </customfields>
    </item>
</channel>
</rss>