<!-- 
RSS generated by JIRA (6.3.4#6332-sha1:51bc225ef474afe3128b2f66878477f322397b16) at Sat Dec 03 00:05:07 UTC 2016

It is possible to restrict the fields that are returned in this document by specifying the 'field' parameter in your request.
For example, to request only the issue key and summary add field=key&field=summary to the URL of your request.
For example:
https://issues.apache.org/jira/si/jira.issueviews:issue-xml/HIVE-844/HIVE-844.xml?field=key&amp;field=summary
-->
<rss version="0.92" >
<channel>
    <title>ASF JIRA</title>
    <link>https://issues.apache.org/jira</link>
    <description>This file is an XML representation of an issue</description>
    <language>en-uk</language>    <build-info>
        <version>6.3.4</version>
        <build-number>6332</build-number>
        <build-date>15-08-2014</build-date>
    </build-info>

<item>
            <title>[HIVE-844] remove ASTPartitionPruner from genmapredTasks</title>
                <link>https://issues.apache.org/jira/browse/HIVE-844</link>
                <project id="12310843" key="HIVE">Hive</project>
                    <description>&lt;p&gt;Currently, ASTPartitionPruner is used in genmapredtasks() it figure out whether a map-reduce job is needed for a select star query. &lt;br/&gt;
Use the new partition pruner for that&lt;/p&gt;</description>
                <environment></environment>
        <key id="12436102">HIVE-844</key>
            <summary>remove ASTPartitionPruner from genmapredTasks</summary>
                <type id="1" iconUrl="https://issues.apache.org/jira/images/icons/issuetypes/bug.png">Bug</type>
                                            <priority id="3" iconUrl="https://issues.apache.org/jira/images/icons/priorities/major.png">Major</priority>
                        <status id="6" iconUrl="https://issues.apache.org/jira/images/icons/statuses/closed.png" description="The issue is considered finished, the resolution is correct. Issues which are closed can be reopened.">Closed</status>
                    <statusCategory id="3" key="done" colorName="green"/>
                                    <resolution id="1">Fixed</resolution>
                                        <assignee username="namit">Namit Jain</assignee>
                                    <reporter username="namit">Namit Jain</reporter>
                        <labels>
                    </labels>
                <created>Fri, 18 Sep 2009 21:15:57 +0000</created>
                <updated>Thu, 2 May 2013 02:29:24 +0000</updated>
                            <resolved>Sun, 20 Sep 2009 01:49:57 +0000</resolved>
                                                    <fixVersion>0.5.0</fixVersion>
                                    <component>Query Processor</component>
                        <due></due>
                            <votes>0</votes>
                                    <watches>0</watches>
                                                                <comments>
                            <comment id="12757574" author="namit" created="Sat, 19 Sep 2009 00:56:44 +0000"  >&lt;p&gt;some test fixes&lt;/p&gt;</comment>
                            <comment id="12757591" author="zshao" created="Sat, 19 Sep 2009 01:21:42 +0000"  >&lt;p&gt;@hive.844.1.patch:&lt;/p&gt;

&lt;p&gt;Reviewed with Namit offline:&lt;br/&gt;
1.ppr.PartitionPruner.onlyContainsPartnCols should look for nondeterministic functions as well. (Please add a test for that);&lt;br/&gt;
2. We can do the FetchTask logic before splitting the plans instead of while splitting.&lt;/p&gt;</comment>
                            <comment id="12757708" author="zshao" created="Sun, 20 Sep 2009 01:49:57 +0000"  >&lt;p&gt;Committed. Thanks Namit!&lt;/p&gt;</comment>
                    </comments>
                <issuelinks>
                            <issuelinktype id="10001">
                    <name>dependent</name>
                                                                <inwardlinks description="is depended upon by">
                                        <issuelink>
            <issuekey id="12435656">HIVE-831</issuekey>
        </issuelink>
                            </inwardlinks>
                                    </issuelinktype>
                    </issuelinks>
                <attachments>
                            <attachment id="12420081" name="hive.844.1.patch" size="164090" author="namit" created="Fri, 18 Sep 2009 21:18:08 +0000"/>
                            <attachment id="12420118" name="hive.844.2.patch" size="165889" author="namit" created="Sat, 19 Sep 2009 00:56:44 +0000"/>
                    </attachments>
                <subtasks>
                    </subtasks>
                <customfields>
                                                <customfield id="customfield_12310310" key="com.atlassian.jira.toolkit:attachments">
                        <customfieldname>Attachment count</customfieldname>
                        <customfieldvalues>
                            <customfieldvalue>2.0</customfieldvalue>
                        </customfieldvalues>
                    </customfield>
                                                                                                                                                                                                                                                                                                                                                                                                                                                                                                                                <customfield id="customfield_12310220" key="com.atlassian.jira.ext.charting:firstresponsedate">
                        <customfieldname>Date of First Response</customfieldname>
                        <customfieldvalues>
                            <customfieldvalue>Sat, 19 Sep 2009 01:21:42 +0000</customfieldvalue>

                        </customfieldvalues>
                    </customfield>
                                                                                                                                                                                                                                                                                                                                                                                                                                            <customfield id="customfield_12310420" key="com.pyxis.greenhopper.jira:gh-global-rank">
                        <customfieldname>Global Rank</customfieldname>
                        <customfieldvalues>
                            <customfieldvalue>73268</customfieldvalue>
                        </customfieldvalues>
                    </customfield>
                                                                <customfield id="customfield_12310191" key="com.atlassian.jira.plugin.system.customfieldtypes:multicheckboxes">
                        <customfieldname>Hadoop Flags</customfieldname>
                        <customfieldvalues>
                                <customfieldvalue key="10343"><![CDATA[Reviewed]]></customfieldvalue>
    
                        </customfieldvalues>
                    </customfield>
                                                                                                                        <customfield id="customfield_12312521" key="com.atlassian.jira.toolkit:LastCommentDate">
                        <customfieldname>Last public comment date</customfieldname>
                        <customfieldvalues>
                            7 years, 11 weeks, 5 days ago
                        </customfieldvalues>
                    </customfield>
                                                                                            <customfield id="customfield_12311820" key="com.pyxis.greenhopper.jira:gh-lexo-rank">
                        <customfieldname>Rank</customfieldname>
                        <customfieldvalues>
                            <customfieldvalue>0|i0lc13:</customfieldvalue>

                        </customfieldvalues>
                    </customfield>
                                                                <customfield id="customfield_12310920" key="com.pyxis.greenhopper.jira:gh-global-rank">
                        <customfieldname>Rank (Obsolete)</customfieldname>
                        <customfieldvalues>
                            <customfieldvalue>122599</customfieldvalue>
                        </customfieldvalues>
                    </customfield>
                                                                <customfield id="customfield_12310192" key="com.atlassian.jira.plugin.system.customfieldtypes:textarea">
                        <customfieldname>Release Note</customfieldname>
                        <customfieldvalues>
                            <customfieldvalue>&lt;a href=&quot;https://issues.apache.org/jira/browse/HIVE-844&quot; title=&quot;remove ASTPartitionPruner from genmapredTasks&quot; class=&quot;issue-link&quot; data-issue-key=&quot;HIVE-844&quot;&gt;&lt;strike&gt;HIVE-844&lt;/strike&gt;&lt;/a&gt;. Remove ASTPartitionPruner from genmapredTasks. (Namit Jain via zshao)</customfieldvalue>

                        </customfieldvalues>
                    </customfield>
                                                                                                                                                                                                                                                                                                <customfield id="customfield_12310222" key="com.atlassian.jira.ext.charting:timeinstatus">
                        <customfieldname>Time in Status</customfieldname>
                        <customfieldvalues>
                            
                        </customfieldvalues>
                    </customfield>
                                                                                                                        </customfields>
    </item>
</channel>
</rss>