<!-- 
RSS generated by JIRA (6.3.4#6332-sha1:51bc225ef474afe3128b2f66878477f322397b16) at Sat Dec 03 00:09:17 UTC 2016

It is possible to restrict the fields that are returned in this document by specifying the 'field' parameter in your request.
For example, to request only the issue key and summary add field=key&field=summary to the URL of your request.
For example:
https://issues.apache.org/jira/si/jira.issueviews:issue-xml/HIVE-2069/HIVE-2069.xml?field=key&amp;field=summary
-->
<rss version="0.92" >
<channel>
    <title>ASF JIRA</title>
    <link>https://issues.apache.org/jira</link>
    <description>This file is an XML representation of an issue</description>
    <language>en-uk</language>    <build-info>
        <version>6.3.4</version>
        <build-number>6332</build-number>
        <build-date>15-08-2014</build-date>
    </build-info>

<item>
            <title>[HIVE-2069] NullPointerException on getSchemas</title>
                <link>https://issues.apache.org/jira/browse/HIVE-2069</link>
                <project id="12310843" key="HIVE">Hive</project>
                    <description>&lt;p&gt;Calling getSchemas will cause a nullpointerexception&lt;/p&gt;</description>
                <environment></environment>
        <key id="12502100">HIVE-2069</key>
            <summary>NullPointerException on getSchemas</summary>
                <type id="1" iconUrl="https://issues.apache.org/jira/images/icons/issuetypes/bug.png">Bug</type>
                                            <priority id="3" iconUrl="https://issues.apache.org/jira/images/icons/priorities/major.png">Major</priority>
                        <status id="6" iconUrl="https://issues.apache.org/jira/images/icons/statuses/closed.png" description="The issue is considered finished, the resolution is correct. Issues which are closed can be reopened.">Closed</status>
                    <statusCategory id="3" key="done" colorName="green"/>
                                    <resolution id="1">Fixed</resolution>
                                        <assignee username="bennies">Bennie Schut</assignee>
                                    <reporter username="bennies">Bennie Schut</reporter>
                        <labels>
                    </labels>
                <created>Tue, 22 Mar 2011 20:32:43 +0000</created>
                <updated>Tue, 16 Sep 2014 08:52:26 +0000</updated>
                            <resolved>Wed, 23 Mar 2011 17:57:02 +0000</resolved>
                                    <version>0.8.0</version>
                                    <fixVersion>0.8.0</fixVersion>
                                    <component>JDBC</component>
                        <due></due>
                            <votes>0</votes>
                                    <watches>0</watches>
                                                                <comments>
                            <comment id="13009825" author="bennies" created="Tue, 22 Mar 2011 20:34:22 +0000"  >&lt;p&gt;java.lang.NullPointerException&lt;br/&gt;
at java.util.ArrayList.&amp;lt;init&amp;gt;(ArrayList.java:131)&lt;br/&gt;
at org.apache.hadoop.hive.jdbc.HiveMetaDataResultSet.&amp;lt;init&amp;gt;(HiveMetaDataResultSet.java:32)&lt;br/&gt;
at org.apache.hadoop.hive.jdbc.HiveDatabaseMetaData$3.&amp;lt;init&amp;gt;(HiveDatabaseMetaData.java:481)&lt;br/&gt;
at org.apache.hadoop.hive.jdbc.HiveDatabaseMetaData.getSchemas(HiveDatabaseMetaData.java:480)&lt;br/&gt;
at org.apache.hadoop.hive.jdbc.HiveDatabaseMetaData.getSchemas(HiveDatabaseMetaData.java:475)&lt;br/&gt;
at org.apache.hadoop.hive.jdbc.TestJdbcDriver.testMetaDataGetSchemas(TestJdbcDriver.java:488)&lt;/p&gt;

&lt;p&gt;Probably introduced on &lt;a href=&quot;https://issues.apache.org/jira/browse/HIVE-1126&quot; title=&quot;Missing some Jdbc functionality like getTables getColumns and HiveResultSet.get* methods based on column name.&quot; class=&quot;issue-link&quot; data-issue-key=&quot;HIVE-1126&quot;&gt;&lt;del&gt;HIVE-1126&lt;/del&gt;&lt;/a&gt;. getCatalogs works correctly but this wasn&apos;t tested.&lt;/p&gt;</comment>
                            <comment id="13009827" author="bennies" created="Tue, 22 Mar 2011 20:39:29 +0000"  >&lt;p&gt;This patch includes a fix and a test which can be used to reproduce the nullpointer.&lt;/p&gt;</comment>
                            <comment id="13009841" author="nzhang" created="Tue, 22 Mar 2011 21:05:26 +0000"  >&lt;p&gt;+1. will commit if tests pass. &lt;/p&gt;</comment>
                            <comment id="13010257" author="nzhang" created="Wed, 23 Mar 2011 17:57:02 +0000"  >&lt;p&gt;Committed. Thanks Bennie!&lt;/p&gt;</comment>
                    </comments>
                <issuelinks>
                            <issuelinktype id="12310000">
                    <name>Duplicate</name>
                                                                <inwardlinks description="is duplicated by">
                                        <issuelink>
            <issuekey id="12740120">HIVE-8030</issuekey>
        </issuelink>
                            </inwardlinks>
                                    </issuelinktype>
                    </issuelinks>
                <attachments>
                            <attachment id="12474335" name="HIVE-2069.1.patch.txt" size="2061" author="bennies" created="Tue, 22 Mar 2011 20:39:29 +0000"/>
                    </attachments>
                <subtasks>
                    </subtasks>
                <customfields>
                                                <customfield id="customfield_12310310" key="com.atlassian.jira.toolkit:attachments">
                        <customfieldname>Attachment count</customfieldname>
                        <customfieldvalues>
                            <customfieldvalue>1.0</customfieldvalue>
                        </customfieldvalues>
                    </customfield>
                                                                                                                                                                                                                                                                                                                                                                                                                                                                                                                                <customfield id="customfield_12310220" key="com.atlassian.jira.ext.charting:firstresponsedate">
                        <customfieldname>Date of First Response</customfieldname>
                        <customfieldvalues>
                            <customfieldvalue>Tue, 22 Mar 2011 21:05:26 +0000</customfieldvalue>

                        </customfieldvalues>
                    </customfield>
                                                                                                                                                                                                                                                                                                                                                                                                                                            <customfield id="customfield_12310420" key="com.pyxis.greenhopper.jira:gh-global-rank">
                        <customfieldname>Global Rank</customfieldname>
                        <customfieldvalues>
                            <customfieldvalue>37488</customfieldvalue>
                        </customfieldvalues>
                    </customfield>
                                                                <customfield id="customfield_12310191" key="com.atlassian.jira.plugin.system.customfieldtypes:multicheckboxes">
                        <customfieldname>Hadoop Flags</customfieldname>
                        <customfieldvalues>
                                <customfieldvalue key="10343"><![CDATA[Reviewed]]></customfieldvalue>
    
                        </customfieldvalues>
                    </customfield>
                                                                                                                        <customfield id="customfield_12312521" key="com.atlassian.jira.toolkit:LastCommentDate">
                        <customfieldname>Last public comment date</customfieldname>
                        <customfieldvalues>
                            5 years, 37 weeks, 2 days ago
                        </customfieldvalues>
                    </customfield>
                                                                                            <customfield id="customfield_12311820" key="com.pyxis.greenhopper.jira:gh-lexo-rank">
                        <customfieldname>Rank</customfieldname>
                        <customfieldvalues>
                            <customfieldvalue>0|i05io7:</customfieldvalue>

                        </customfieldvalues>
                    </customfield>
                                                                <customfield id="customfield_12310920" key="com.pyxis.greenhopper.jira:gh-global-rank">
                        <customfieldname>Rank (Obsolete)</customfieldname>
                        <customfieldvalues>
                            <customfieldvalue>30122</customfieldvalue>
                        </customfieldvalues>
                    </customfield>
                                                                <customfield id="customfield_12310192" key="com.atlassian.jira.plugin.system.customfieldtypes:textarea">
                        <customfieldname>Release Note</customfieldname>
                        <customfieldvalues>
                            <customfieldvalue>Fix for NullPointerException on the jdbc driver on getSchemas</customfieldvalue>

                        </customfieldvalues>
                    </customfield>
                                                                                                                                                                                                                                                                                                <customfield id="customfield_12310222" key="com.atlassian.jira.ext.charting:timeinstatus">
                        <customfieldname>Time in Status</customfieldname>
                        <customfieldvalues>
                            
                        </customfieldvalues>
                    </customfield>
                                                                                                                        </customfields>
    </item>
</channel>
</rss>