<!-- 
RSS generated by JIRA (6.3.4#6332-sha1:51bc225ef474afe3128b2f66878477f322397b16) at Sun Dec 04 00:13:17 UTC 2016

It is possible to restrict the fields that are returned in this document by specifying the 'field' parameter in your request.
For example, to request only the issue key and summary add field=key&field=summary to the URL of your request.
For example:
https://issues.apache.org/jira/si/jira.issueviews:issue-xml/HIVE-3407/HIVE-3407.xml?field=key&amp;field=summary
-->
<rss version="0.92" >
<channel>
    <title>ASF JIRA</title>
    <link>https://issues.apache.org/jira</link>
    <description>This file is an XML representation of an issue</description>
    <language>en-uk</language>    <build-info>
        <version>6.3.4</version>
        <build-number>6332</build-number>
        <build-date>15-08-2014</build-date>
    </build-info>

<item>
            <title>[HIVE-3407] Update Hive CLI xdoc (sync with CLI wikidoc)</title>
                <link>https://issues.apache.org/jira/browse/HIVE-3407</link>
                <project id="12310843" key="HIVE">Hive</project>
                    <description>&lt;p&gt;CLI documentation for Hive exists in two places (wikidocs and xdocs) and both of the versions are out of date, but the xdocs version was worse: &lt;/p&gt;

&lt;ul&gt;
	&lt;li&gt;&lt;a href=&quot;http://hive.apache.org/docs/r0.9.0/language_manual/cli.html&quot; class=&quot;external-link&quot; rel=&quot;nofollow&quot;&gt;http://hive.apache.org/docs/r0.9.0/language_manual/cli.html&lt;/a&gt;&lt;/li&gt;
	&lt;li&gt;&lt;a href=&quot;https://cwiki.apache.org/confluence/display/Hive/LanguageManual+Cli&quot; class=&quot;external-link&quot; rel=&quot;nofollow&quot;&gt;https://cwiki.apache.org/confluence/display/Hive/LanguageManual+Cli&lt;/a&gt;&lt;/li&gt;
&lt;/ul&gt;


&lt;p&gt;A revised CLI wikidoc is available and will soon be exchanged for the old wikidoc. Although there&apos;s some resistance to moving more of the wikidocs into xdocs, for now let&apos;s have current information in both places instead of removing the xdocs version.&lt;/p&gt;</description>
                <environment></environment>
        <key id="12604988">HIVE-3407</key>
            <summary>Update Hive CLI xdoc (sync with CLI wikidoc)</summary>
                <type id="1" iconUrl="https://issues.apache.org/jira/images/icons/issuetypes/bug.png">Bug</type>
                                            <priority id="3" iconUrl="https://issues.apache.org/jira/images/icons/priorities/major.png">Major</priority>
                        <status id="5" iconUrl="https://issues.apache.org/jira/images/icons/statuses/resolved.png" description="A resolution has been taken, and it is awaiting verification by reporter. From here issues are either reopened, or are closed.">Resolved</status>
                    <statusCategory id="3" key="done" colorName="green"/>
                                    <resolution id="1">Fixed</resolution>
                                        <assignee username="leftylev">Lefty Leverenz</assignee>
                                    <reporter username="leftylev">Lefty Leverenz</reporter>
                        <labels>
                            <label>documentation</label>
                    </labels>
                <created>Sun, 26 Aug 2012 02:30:29 +0000</created>
                <updated>Wed, 8 May 2013 16:31:11 +0000</updated>
                            <resolved>Wed, 8 May 2013 16:31:11 +0000</resolved>
                                    <version>0.9.0</version>
                                                    <component>Documentation</component>
                        <due></due>
                            <votes>0</votes>
                                    <watches>3</watches>
                                                                <comments>
                            <comment id="13442011" author="lefty@hortonworks.com" created="Sun, 26 Aug 2012 03:00:21 +0000"  >&lt;p&gt;Patch 1 revises &apos;cli.xml&apos; with current information from the wiki and from Thejas Nair and Sushanth Sowmyan, plus some editorial changes.  Patch 1 also adds a division break in &apos;site.vsl&apos; to stop indenting the docset&apos;s menu.&lt;/p&gt;</comment>
                            <comment id="13555272" author="brocknoland" created="Wed, 16 Jan 2013 18:00:26 +0000"  >&lt;p&gt;Great to see there is already a patch for this and sorry for duplicating it! &lt;/p&gt;

&lt;p&gt;Does the patch still apply? Is their a Review Board item for it?&lt;/p&gt;</comment>
                            <comment id="13555751" author="brocknoland" created="Thu, 17 Jan 2013 02:02:44 +0000"  >&lt;p&gt;I checked and this patch still applies against trunk. I think we&apos;d get some committer attention with a review board item, marking the issue &quot;patch available&quot;, and then poking the dev list.&lt;/p&gt;</comment>
                            <comment id="13557877" author="lefty@hortonworks.com" created="Sat, 19 Jan 2013 02:19:47 +0000"  >&lt;p&gt;Patch 1 revises two files: &lt;/p&gt;

&lt;ul&gt;
	&lt;li&gt;cli.xml is synced with the wiki doc.&lt;/li&gt;
	&lt;li&gt;site.vsl adds a division break that prevents menu indentation.&lt;/li&gt;
&lt;/ul&gt;
</comment>
                            <comment id="13611513" author="lefty@hortonworks.com" created="Sat, 23 Mar 2013 01:29:47 +0000"  >&lt;p&gt;The &lt;a href=&quot;https://cwiki.apache.org/confluence/display/Hive/LanguageManual+Cli&quot; class=&quot;external-link&quot; rel=&quot;nofollow&quot;&gt;Hive CLI wiki&lt;/a&gt; contains the same information as this patch for the CLI xdoc.  And since Hive xdocs aren&apos;t in use anymore, there&apos;s no need to commit the patch.&lt;/p&gt;</comment>
                            <comment id="13652037" author="owen.omalley" created="Wed, 8 May 2013 16:31:11 +0000"  >&lt;p&gt;This was put into the wiki.&lt;/p&gt;</comment>
                    </comments>
                <issuelinks>
                            <issuelinktype id="12310000">
                    <name>Duplicate</name>
                                                                <inwardlinks description="is duplicated by">
                                        <issuelink>
            <issuekey id="12627545">HIVE-3895</issuekey>
        </issuelink>
                            </inwardlinks>
                                    </issuelinktype>
                            <issuelinktype id="10030">
                    <name>Reference</name>
                                            <outwardlinks description="relates to">
                                        <issuelink>
            <issuekey id="12468317">HIVE-1446</issuekey>
        </issuelink>
            <issuelink>
            <issuekey id="12556471">HIVE-3039</issuekey>
        </issuelink>
                            </outwardlinks>
                                                        </issuelinktype>
                    </issuelinks>
                <attachments>
                            <attachment id="12542435" name="HIVE-3407.1.patch" size="15791" author="leftylev" created="Sun, 26 Aug 2012 03:00:21 +0000"/>
                    </attachments>
                <subtasks>
                    </subtasks>
                <customfields>
                                                <customfield id="customfield_12310310" key="com.atlassian.jira.toolkit:attachments">
                        <customfieldname>Attachment count</customfieldname>
                        <customfieldvalues>
                            <customfieldvalue>1.0</customfieldvalue>
                        </customfieldvalues>
                    </customfield>
                                                                                                                                                                                                                                                                                                                                                                                                                                                                                                                                <customfield id="customfield_12310220" key="com.atlassian.jira.ext.charting:firstresponsedate">
                        <customfieldname>Date of First Response</customfieldname>
                        <customfieldvalues>
                            <customfieldvalue>Wed, 16 Jan 2013 18:00:26 +0000</customfieldvalue>

                        </customfieldvalues>
                    </customfield>
                                                                                                                                                                                                                                                                                                                                                                                                                                            <customfield id="customfield_12310420" key="com.pyxis.greenhopper.jira:gh-global-rank">
                        <customfieldname>Global Rank</customfieldname>
                        <customfieldvalues>
                            <customfieldvalue>259233</customfieldvalue>
                        </customfieldvalues>
                    </customfield>
                                                                                                                                                    <customfield id="customfield_12312521" key="com.atlassian.jira.toolkit:LastCommentDate">
                        <customfieldname>Last public comment date</customfieldname>
                        <customfieldvalues>
                            3 years, 30 weeks, 3 days ago
                        </customfieldvalues>
                    </customfield>
                                                                                            <customfield id="customfield_12311820" key="com.pyxis.greenhopper.jira:gh-lexo-rank">
                        <customfieldname>Rank</customfieldname>
                        <customfieldvalues>
                            <customfieldvalue>0|i0lnnz:</customfieldvalue>

                        </customfieldvalues>
                    </customfield>
                                                                <customfield id="customfield_12310920" key="com.pyxis.greenhopper.jira:gh-global-rank">
                        <customfieldname>Rank (Obsolete)</customfieldname>
                        <customfieldvalues>
                            <customfieldvalue>124484</customfieldvalue>
                        </customfieldvalues>
                    </customfield>
                                                                <customfield id="customfield_12310192" key="com.atlassian.jira.plugin.system.customfieldtypes:textarea">
                        <customfieldname>Release Note</customfieldname>
                        <customfieldvalues>
                            <customfieldvalue>Update CLI doc to match wiki.</customfieldvalue>

                        </customfieldvalues>
                    </customfield>
                                                                                                                                                                                                                                                                                                <customfield id="customfield_12310222" key="com.atlassian.jira.ext.charting:timeinstatus">
                        <customfieldname>Time in Status</customfieldname>
                        <customfieldvalues>
                            
                        </customfieldvalues>
                    </customfield>
                                                                                                                        </customfields>
    </item>
</channel>
</rss>