<!-- 
RSS generated by JIRA (6.3.4#6332-sha1:51bc225ef474afe3128b2f66878477f322397b16) at Fri Dec 02 04:47:18 UTC 2016

It is possible to restrict the fields that are returned in this document by specifying the 'field' parameter in your request.
For example, to request only the issue key and summary add field=key&field=summary to the URL of your request.
For example:
https://issues.apache.org/jira/si/jira.issueviews:issue-xml/HIVE-13999/HIVE-13999.xml?field=key&amp;field=summary
-->
<rss version="0.92" >
<channel>
    <title>ASF JIRA</title>
    <link>https://issues.apache.org/jira</link>
    <description>This file is an XML representation of an issue</description>
    <language>en-uk</language>    <build-info>
        <version>6.3.4</version>
        <build-number>6332</build-number>
        <build-date>15-08-2014</build-date>
    </build-info>

<item>
            <title>[HIVE-13999] Cannot modify mapreduce.job.name at runtime when hive security authorization is enabled </title>
                <link>https://issues.apache.org/jira/browse/HIVE-13999</link>
                <project id="12310843" key="HIVE">Hive</project>
                    <description>&lt;p&gt;Cannot set mapreduce.job.name at runtime when hive security authorization is enabled !&lt;br/&gt;
I use ranger and enabled hiveserver2 and hivecli security authorization.&lt;br/&gt;
I use hivecli and I can set mapreduce.job.name property by &apos;set mapreduce.job.name=job1 &apos; .&lt;br/&gt;
I use beeline and connect the security hiveserver2 , then I run &apos;set mapreduce.job.name=job1 &apos; but it is wrong , I get the exception like this :&lt;br/&gt;
Error: Error while processing statement: Cannot modify mapreduce.job.name at runtime. It is not in list of params that are allowed to be modified at runtime (state=42000,code=1).&lt;/p&gt;

&lt;p&gt;so what`s wrong with it?&lt;/p&gt;</description>
                <environment>&lt;p&gt;centos 6.5&lt;br/&gt;
ranger 0.4.0&lt;br/&gt;
hive 0.14.0&lt;/p&gt;</environment>
        <key id="12977925">HIVE-13999</key>
            <summary>Cannot modify mapreduce.job.name at runtime when hive security authorization is enabled </summary>
                <type id="1" iconUrl="https://issues.apache.org/jira/images/icons/issuetypes/bug.png">Bug</type>
                                            <priority id="3" iconUrl="https://issues.apache.org/jira/images/icons/priorities/major.png">Major</priority>
                        <status id="5" iconUrl="https://issues.apache.org/jira/images/icons/statuses/resolved.png" description="A resolution has been taken, and it is awaiting verification by reporter. From here issues are either reopened, or are closed.">Resolved</status>
                    <statusCategory id="3" key="done" colorName="green"/>
                                    <resolution id="1">Fixed</resolution>
                                        <assignee username="bendan.0927@163.com">gaojun</assignee>
                                    <reporter username="bendan.0927@163.com">gaojun</reporter>
                        <labels>
                            <label>security</label>
                    </labels>
                <created>Sun, 12 Jun 2016 06:55:32 +0000</created>
                <updated>Fri, 17 Jun 2016 02:21:07 +0000</updated>
                            <resolved>Fri, 17 Jun 2016 02:18:51 +0000</resolved>
                                    <version>0.14.0</version>
                                                    <component>Authorization</component>
                    <component>Beeline</component>
                        <due></due>
                            <votes>0</votes>
                                    <watches>2</watches>
                                                                <comments>
                            <comment id="15333931" author="spena" created="Thu, 16 Jun 2016 14:49:19 +0000"  >&lt;p&gt;I don&apos;t know how to bypass such issue, but I know that setting &lt;tt&gt;mapreduce.job.name&lt;/tt&gt; manually can put Hive jobs in restricted Yarn pools.  So, if authorization is enabled, I assume that a check was added to avoid users specify a Yarn pool that they&apos;re not allowed to use. Instead, Hive might assign a pool that you&apos;re allowed to use based on the HS2 user name.&lt;/p&gt;</comment>
                            <comment id="15335229" author="bendan.0927@163.com" created="Fri, 17 Jun 2016 02:16:00 +0000"  >&lt;p&gt;@Sergio Pe&#241;a&lt;br/&gt;
Many Thanks ! I solved the issue by set hive.security.authorization.sqlstd.confwhitelist.append=|mapreduce.job.&lt;b&gt;|mapreduce.map.&lt;/b&gt;|mapreduce.reduce.* .&lt;br/&gt;
From the document I know hs2 limits set parameters when security is enabled . By default mapreduce.job.name is not in param hive.security.authorization.sqlstd.confwhitelist .&lt;/p&gt;

&lt;p&gt;&lt;a href=&quot;https://cwiki.apache.org/confluence/display/Hive/SQL+Standard+Based+Hive+Authorization&quot; class=&quot;external-link&quot; rel=&quot;nofollow&quot;&gt;https://cwiki.apache.org/confluence/display/Hive/SQL+Standard+Based+Hive+Authorization&lt;/a&gt;&lt;/p&gt;</comment>
                    </comments>
                    <attachments>
                    </attachments>
                <subtasks>
                    </subtasks>
                <customfields>
                                                <customfield id="customfield_12310310" key="com.atlassian.jira.toolkit:attachments">
                        <customfieldname>Attachment count</customfieldname>
                        <customfieldvalues>
                            <customfieldvalue>0.0</customfieldvalue>
                        </customfieldvalues>
                    </customfield>
                                                                                                                                                                                                                                                                                                                                                                                                                                                                                                                                <customfield id="customfield_12310220" key="com.atlassian.jira.ext.charting:firstresponsedate">
                        <customfieldname>Date of First Response</customfieldname>
                        <customfieldvalues>
                            <customfieldvalue>Thu, 16 Jun 2016 14:49:19 +0000</customfieldvalue>

                        </customfieldvalues>
                    </customfield>
                                                                                                                                                                                                                                                                                                                                                                                                                                            <customfield id="customfield_12310420" key="com.pyxis.greenhopper.jira:gh-global-rank">
                        <customfieldname>Global Rank</customfieldname>
                        <customfieldvalues>
                            <customfieldvalue>9223372036854775807</customfieldvalue>
                        </customfieldvalues>
                    </customfield>
                                                                                                                                                    <customfield id="customfield_12312521" key="com.atlassian.jira.toolkit:LastCommentDate">
                        <customfieldname>Last public comment date</customfieldname>
                        <customfieldvalues>
                            24 weeks ago
                        </customfieldvalues>
                    </customfield>
                                                                                            <customfield id="customfield_12311820" key="com.pyxis.greenhopper.jira:gh-lexo-rank">
                        <customfieldname>Rank</customfieldname>
                        <customfieldvalues>
                            <customfieldvalue>0|i2zcbz:</customfieldvalue>

                        </customfieldvalues>
                    </customfield>
                                                                <customfield id="customfield_12310920" key="com.pyxis.greenhopper.jira:gh-global-rank">
                        <customfieldname>Rank (Obsolete)</customfieldname>
                        <customfieldvalues>
                            <customfieldvalue>9223372036854775807</customfieldvalue>
                        </customfieldvalues>
                    </customfield>
                                                                                                                                                                                                                                                                                                                            <customfield id="customfield_12310222" key="com.atlassian.jira.ext.charting:timeinstatus">
                        <customfieldname>Time in Status</customfieldname>
                        <customfieldvalues>
                            
                        </customfieldvalues>
                    </customfield>
                                                                                                                        </customfields>
    </item>
</channel>
</rss>