<!-- 
RSS generated by JIRA (6.3.4#6332-sha1:51bc225ef474afe3128b2f66878477f322397b16) at Sat Dec 03 00:52:31 UTC 2016

It is possible to restrict the fields that are returned in this document by specifying the 'field' parameter in your request.
For example, to request only the issue key and summary add field=key&field=summary to the URL of your request.
For example:
https://issues.apache.org/jira/si/jira.issueviews:issue-xml/HIVE-2735/HIVE-2735.xml?field=key&amp;field=summary
-->
<rss version="0.92" >
<channel>
    <title>ASF JIRA</title>
    <link>https://issues.apache.org/jira</link>
    <description>This file is an XML representation of an issue</description>
    <language>en-uk</language>    <build-info>
        <version>6.3.4</version>
        <build-number>6332</build-number>
        <build-date>15-08-2014</build-date>
    </build-info>

<item>
            <title>[HIVE-2735] PlanUtils.configureTableJobPropertiesForStorageHandler() is not called for partitioned table</title>
                <link>https://issues.apache.org/jira/browse/HIVE-2735</link>
                <project id="12310843" key="HIVE">Hive</project>
                    <description>&lt;p&gt;As a result, if there is a query which results in a MR job which needs to be configured via storage handler, it returns in failure.&lt;/p&gt;</description>
                <environment></environment>
        <key id="12539356">HIVE-2735</key>
            <summary>PlanUtils.configureTableJobPropertiesForStorageHandler() is not called for partitioned table</summary>
                <type id="1" iconUrl="https://issues.apache.org/jira/images/icons/issuetypes/bug.png">Bug</type>
                                            <priority id="3" iconUrl="https://issues.apache.org/jira/images/icons/priorities/major.png">Major</priority>
                        <status id="6" iconUrl="https://issues.apache.org/jira/images/icons/statuses/closed.png" description="The issue is considered finished, the resolution is correct. Issues which are closed can be reopened.">Closed</status>
                    <statusCategory id="3" key="done" colorName="green"/>
                                    <resolution id="1">Fixed</resolution>
                                        <assignee username="sushanth">Sushanth Sowmyan</assignee>
                                    <reporter username="ashutoshc">Ashutosh Chauhan</reporter>
                        <labels>
                    </labels>
                <created>Sun, 22 Jan 2012 22:10:33 +0000</created>
                <updated>Wed, 9 Jan 2013 10:25:21 +0000</updated>
                            <resolved>Sun, 29 Jan 2012 16:35:15 +0000</resolved>
                                    <version>0.7.0</version>
                    <version>0.7.1</version>
                    <version>0.8.0</version>
                    <version>0.8.1</version>
                    <version>0.9.0</version>
                                    <fixVersion>0.9.0</fixVersion>
                                        <due></due>
                            <votes>0</votes>
                                    <watches>1</watches>
                                                                <comments>
                            <comment id="13190819" author="sushanth" created="Sun, 22 Jan 2012 23:34:10 +0000"  >&lt;p&gt;Hit this issue while working on a HCat StorageHandler - this results in the jobProperties not being copied out to the JobConf.&lt;/p&gt;</comment>
                            <comment id="13190823" author="sushanth" created="Sun, 22 Jan 2012 23:51:58 +0000"  >&lt;p&gt;(having some difficulty with my arcanist setup - uploading patch here for view anyway, will update if that&apos;s fixed)&lt;/p&gt;</comment>
                            <comment id="13195652" author="ashutoshc" created="Sun, 29 Jan 2012 01:05:57 +0000"  >&lt;p&gt;+1. Running tests.&lt;/p&gt;</comment>
                            <comment id="13195785" author="ashutoshc" created="Sun, 29 Jan 2012 16:35:15 +0000"  >&lt;p&gt;Committed to trunk. Thanks, Sushanth!&lt;/p&gt;</comment>
                            <comment id="13195844" author="hudson" created="Sun, 29 Jan 2012 21:08:29 +0000"  >&lt;p&gt;Integrated in Hive-trunk-h0.21 #1229 (See &lt;a href=&quot;https://builds.apache.org/job/Hive-trunk-h0.21/1229/&quot; class=&quot;external-link&quot; rel=&quot;nofollow&quot;&gt;https://builds.apache.org/job/Hive-trunk-h0.21/1229/&lt;/a&gt;)&lt;br/&gt;
    &lt;a href=&quot;https://issues.apache.org/jira/browse/HIVE-2735&quot; title=&quot;PlanUtils.configureTableJobPropertiesForStorageHandler() is not called for partitioned table&quot; class=&quot;issue-link&quot; data-issue-key=&quot;HIVE-2735&quot;&gt;&lt;del&gt;HIVE-2735&lt;/del&gt;&lt;/a&gt;: PlanUtils.configureTableJobPropertiesForStorageHandler() is not called for partitioned table (sushanth via ashutosh)&lt;/p&gt;

&lt;p&gt;hashutosh : &lt;a href=&quot;http://svn.apache.org/viewcvs.cgi/?root=Apache-SVN&amp;amp;view=rev&amp;amp;rev=1237329&quot; class=&quot;external-link&quot; rel=&quot;nofollow&quot;&gt;http://svn.apache.org/viewcvs.cgi/?root=Apache-SVN&amp;amp;view=rev&amp;amp;rev=1237329&lt;/a&gt;&lt;br/&gt;
Files : &lt;/p&gt;
&lt;ul&gt;
	&lt;li&gt;/hive/trunk/ql/src/java/org/apache/hadoop/hive/ql/parse/SemanticAnalyzer.java&lt;/li&gt;
&lt;/ul&gt;
</comment>
                            <comment id="13265338" author="ashutoshc" created="Mon, 30 Apr 2012 21:11:50 +0000"  >&lt;p&gt;This issue is closed now. It was released with the fix in 0.9.0. If there is a problem, please open a new jira and link this one with that.&lt;/p&gt;</comment>
                            <comment id="13548341" author="hudson" created="Wed, 9 Jan 2013 10:25:21 +0000"  >&lt;p&gt;Integrated in Hive-trunk-hadoop2 #54 (See &lt;a href=&quot;https://builds.apache.org/job/Hive-trunk-hadoop2/54/&quot; class=&quot;external-link&quot; rel=&quot;nofollow&quot;&gt;https://builds.apache.org/job/Hive-trunk-hadoop2/54/&lt;/a&gt;)&lt;br/&gt;
    &lt;a href=&quot;https://issues.apache.org/jira/browse/HIVE-2735&quot; title=&quot;PlanUtils.configureTableJobPropertiesForStorageHandler() is not called for partitioned table&quot; class=&quot;issue-link&quot; data-issue-key=&quot;HIVE-2735&quot;&gt;&lt;del&gt;HIVE-2735&lt;/del&gt;&lt;/a&gt;: PlanUtils.configureTableJobPropertiesForStorageHandler() is not called for partitioned table (sushanth via ashutosh) (Revision 1237329)&lt;/p&gt;

&lt;p&gt;     Result = ABORTED&lt;br/&gt;
hashutosh : &lt;a href=&quot;http://svn.apache.org/viewcvs.cgi/?root=Apache-SVN&amp;amp;view=rev&amp;amp;rev=1237329&quot; class=&quot;external-link&quot; rel=&quot;nofollow&quot;&gt;http://svn.apache.org/viewcvs.cgi/?root=Apache-SVN&amp;amp;view=rev&amp;amp;rev=1237329&lt;/a&gt;&lt;br/&gt;
Files : &lt;/p&gt;
&lt;ul&gt;
	&lt;li&gt;/hive/trunk/ql/src/java/org/apache/hadoop/hive/ql/parse/SemanticAnalyzer.java&lt;/li&gt;
&lt;/ul&gt;
</comment>
                    </comments>
                    <attachments>
                            <attachment id="12511457" name="sem_patch.patch" size="1081" author="sushanth" created="Sun, 22 Jan 2012 23:51:58 +0000"/>
                    </attachments>
                <subtasks>
                    </subtasks>
                <customfields>
                                                <customfield id="customfield_12310310" key="com.atlassian.jira.toolkit:attachments">
                        <customfieldname>Attachment count</customfieldname>
                        <customfieldvalues>
                            <customfieldvalue>1.0</customfieldvalue>
                        </customfieldvalues>
                    </customfield>
                                                                                                                                                                                                                                                                                                                                                                                                                                                                                                                                <customfield id="customfield_12310220" key="com.atlassian.jira.ext.charting:firstresponsedate">
                        <customfieldname>Date of First Response</customfieldname>
                        <customfieldvalues>
                            <customfieldvalue>Sun, 22 Jan 2012 23:34:10 +0000</customfieldvalue>

                        </customfieldvalues>
                    </customfield>
                                                                                                                                                                                                                                                                                                                                                                                                                                            <customfield id="customfield_12310420" key="com.pyxis.greenhopper.jira:gh-global-rank">
                        <customfieldname>Global Rank</customfieldname>
                        <customfieldvalues>
                            <customfieldvalue>224858</customfieldvalue>
                        </customfieldvalues>
                    </customfield>
                                                                                                                                                    <customfield id="customfield_12312521" key="com.atlassian.jira.toolkit:LastCommentDate">
                        <customfieldname>Last public comment date</customfieldname>
                        <customfieldvalues>
                            3 years, 47 weeks, 2 days ago
                        </customfieldvalues>
                    </customfield>
                                                                                            <customfield id="customfield_12311820" key="com.pyxis.greenhopper.jira:gh-lexo-rank">
                        <customfieldname>Rank</customfieldname>
                        <customfieldvalues>
                            <customfieldvalue>0|i09z27:</customfieldvalue>

                        </customfieldvalues>
                    </customfield>
                                                                <customfield id="customfield_12310920" key="com.pyxis.greenhopper.jira:gh-global-rank">
                        <customfieldname>Rank (Obsolete)</customfieldname>
                        <customfieldvalues>
                            <customfieldvalue>56121</customfieldvalue>
                        </customfieldvalues>
                    </customfield>
                                                                                                                                                                                                                                                                                                                            <customfield id="customfield_12310222" key="com.atlassian.jira.ext.charting:timeinstatus">
                        <customfieldname>Time in Status</customfieldname>
                        <customfieldvalues>
                            
                        </customfieldvalues>
                    </customfield>
                                                                                                                        </customfields>
    </item>
</channel>
</rss>