<!-- 
RSS generated by JIRA (6.3.4#6332-sha1:51bc225ef474afe3128b2f66878477f322397b16) at Sat Dec 03 22:40:44 UTC 2016

It is possible to restrict the fields that are returned in this document by specifying the 'field' parameter in your request.
For example, to request only the issue key and summary add field=key&field=summary to the URL of your request.
For example:
https://issues.apache.org/jira/si/jira.issueviews:issue-xml/HIVE-2876/HIVE-2876.xml?field=key&amp;field=summary
-->
<rss version="0.92" >
<channel>
    <title>ASF JIRA</title>
    <link>https://issues.apache.org/jira</link>
    <description>This file is an XML representation of an issue</description>
    <language>en-uk</language>    <build-info>
        <version>6.3.4</version>
        <build-number>6332</build-number>
        <build-date>15-08-2014</build-date>
    </build-info>

<item>
            <title>[HIVE-2876] Need more server side authorization for Hive Metastore operations</title>
                <link>https://issues.apache.org/jira/browse/HIVE-2876</link>
                <project id="12310843" key="HIVE">Hive</project>
                    <description>&lt;p&gt;Currently the metastore client performs the authorization by checking hdfs acls before talking to metastore server which is controlled by hive.security.authorization.enabled setting. Server only does authorization checks for drop operations (&lt;a href=&quot;https://issues.apache.org/jira/browse/HIVE-1943&quot; title=&quot;Metastore operations (like drop_partition) could be improved in terms of maintaining consistency of metadata and data&quot; class=&quot;issue-link&quot; data-issue-key=&quot;HIVE-1943&quot;&gt;&lt;del&gt;HIVE-1943&lt;/del&gt;&lt;/a&gt;). Need authorization checks for add and alter operations on the server side for better security.&lt;/p&gt;</description>
                <environment></environment>
        <key id="12546823">HIVE-2876</key>
            <summary>Need more server side authorization for Hive Metastore operations</summary>
                <type id="1" iconUrl="https://issues.apache.org/jira/images/icons/issuetypes/bug.png">Bug</type>
                                            <priority id="3" iconUrl="https://issues.apache.org/jira/images/icons/priorities/major.png">Major</priority>
                        <status id="5" iconUrl="https://issues.apache.org/jira/images/icons/statuses/resolved.png" description="A resolution has been taken, and it is awaiting verification by reporter. From here issues are either reopened, or are closed.">Resolved</status>
                    <statusCategory id="3" key="done" colorName="green"/>
                                    <resolution id="3">Duplicate</resolution>
                                        <assignee username="-1">Unassigned</assignee>
                                    <reporter username="rohini">Rohini Palaniswamy</reporter>
                        <labels>
                            <label>metastore</label>
                            <label>security</label>
                    </labels>
                <created>Fri, 16 Mar 2012 16:57:45 +0000</created>
                <updated>Wed, 26 Sep 2012 02:11:01 +0000</updated>
                            <resolved>Wed, 26 Sep 2012 02:11:01 +0000</resolved>
                                                                    <component>Metastore</component>
                        <due></due>
                            <votes>0</votes>
                                    <watches>1</watches>
                                                                <comments>
                            <comment id="13463468" author="cwsteinbach" created="Wed, 26 Sep 2012 02:11:01 +0000"  >&lt;p&gt;Resolving this as a duplicate of &lt;a href=&quot;https://issues.apache.org/jira/browse/HIVE-2241&quot; title=&quot;Thrift MetaStore interface bypasses authorization checks&quot; class=&quot;issue-link&quot; data-issue-key=&quot;HIVE-2241&quot;&gt;HIVE-2241&lt;/a&gt;.&lt;/p&gt;</comment>
                    </comments>
                <issuelinks>
                            <issuelinktype id="12310000">
                    <name>Duplicate</name>
                                            <outwardlinks description="duplicates">
                                        <issuelink>
            <issuekey id="12511664">HIVE-2241</issuekey>
        </issuelink>
                            </outwardlinks>
                                                        </issuelinktype>
                    </issuelinks>
                <attachments>
                    </attachments>
                <subtasks>
                    </subtasks>
                <customfields>
                                                <customfield id="customfield_12310310" key="com.atlassian.jira.toolkit:attachments">
                        <customfieldname>Attachment count</customfieldname>
                        <customfieldvalues>
                            <customfieldvalue>0.0</customfieldvalue>
                        </customfieldvalues>
                    </customfield>
                                                                                                                                                                                                                                                                                                                                                                                                                                                                                                                                <customfield id="customfield_12310220" key="com.atlassian.jira.ext.charting:firstresponsedate">
                        <customfieldname>Date of First Response</customfieldname>
                        <customfieldvalues>
                            <customfieldvalue>Wed, 26 Sep 2012 02:11:01 +0000</customfieldvalue>

                        </customfieldvalues>
                    </customfield>
                                                                                                                                                                                                                                                                                                                                                                                                                                            <customfield id="customfield_12310420" key="com.pyxis.greenhopper.jira:gh-global-rank">
                        <customfieldname>Global Rank</customfieldname>
                        <customfieldvalues>
                            <customfieldvalue>231981</customfieldvalue>
                        </customfieldvalues>
                    </customfield>
                                                                                                                                                    <customfield id="customfield_12312521" key="com.atlassian.jira.toolkit:LastCommentDate">
                        <customfieldname>Last public comment date</customfieldname>
                        <customfieldvalues>
                            4 years, 10 weeks, 3 days ago
                        </customfieldvalues>
                    </customfield>
                                                                                            <customfield id="customfield_12311820" key="com.pyxis.greenhopper.jira:gh-lexo-rank">
                        <customfieldname>Rank</customfieldname>
                        <customfieldvalues>
                            <customfieldvalue>0|i0d2tj:</customfieldvalue>

                        </customfieldvalues>
                    </customfield>
                                                                <customfield id="customfield_12310920" key="com.pyxis.greenhopper.jira:gh-global-rank">
                        <customfieldname>Rank (Obsolete)</customfieldname>
                        <customfieldvalues>
                            <customfieldvalue>74233</customfieldvalue>
                        </customfieldvalues>
                    </customfield>
                                                                                                                                                                                                                                                                                                                            <customfield id="customfield_12310222" key="com.atlassian.jira.ext.charting:timeinstatus">
                        <customfieldname>Time in Status</customfieldname>
                        <customfieldvalues>
                            
                        </customfieldvalues>
                    </customfield>
                                                                                                                        </customfields>
    </item>
</channel>
</rss>