<!-- 
RSS generated by JIRA (6.3.4#6332-sha1:51bc225ef474afe3128b2f66878477f322397b16) at Sat Dec 03 22:37:07 UTC 2016

It is possible to restrict the fields that are returned in this document by specifying the 'field' parameter in your request.
For example, to request only the issue key and summary add field=key&field=summary to the URL of your request.
For example:
https://issues.apache.org/jira/si/jira.issueviews:issue-xml/HIVE-11801/HIVE-11801.xml?field=key&amp;field=summary
-->
<rss version="0.92" >
<channel>
    <title>ASF JIRA</title>
    <link>https://issues.apache.org/jira</link>
    <description>This file is an XML representation of an issue</description>
    <language>en-uk</language>    <build-info>
        <version>6.3.4</version>
        <build-number>6332</build-number>
        <build-date>15-08-2014</build-date>
    </build-info>

<item>
            <title>[HIVE-11801] In HMS HA env, &quot;show databases&quot; fails when&quot;current&quot; HMS is stopped.</title>
                <link>https://issues.apache.org/jira/browse/HIVE-11801</link>
                <project id="12310843" key="HIVE">Hive</project>
                    <description>&lt;p&gt;Reproduce steps:&lt;/p&gt;
&lt;ol&gt;
	&lt;li&gt;Enable HMS HA on a cluster&lt;/li&gt;
	&lt;li&gt;Use beeline to connect to HS2 and execute command &lt;tt&gt;show databases&lt;/tt&gt;. Don&apos;t quit beeline after command has finished&lt;/li&gt;
	&lt;li&gt;Stop the first HMS in configuration &lt;tt&gt;hive.metastore.uri&lt;/tt&gt;&lt;/li&gt;
	&lt;li&gt;Execute &lt;tt&gt;show databases&lt;/tt&gt; in beeline again. Will get below error:
&lt;div class=&quot;preformatted panel&quot; style=&quot;border-width: 1px;&quot;&gt;&lt;div class=&quot;preformattedContent panelContent&quot;&gt;
&lt;pre&gt;MetaException(message:Got exception: org.apache.thrift.transport.TTransportException java.net.SocketException: Broken pipe)
&lt;/pre&gt;
&lt;/div&gt;&lt;/div&gt;&lt;/li&gt;
&lt;/ol&gt;


&lt;p&gt;The error message in HS2 is as below:&lt;/p&gt;
&lt;div class=&quot;preformatted panel&quot; style=&quot;border-width: 1px;&quot;&gt;&lt;div class=&quot;preformattedContent panelContent&quot;&gt;
&lt;pre&gt;2015-09-08 12:06:53,236 ERROR hive.log: Got exception: org.apache.thrift.transport.TTransportException java.net.SocketException: Broken pipe
org.apache.thrift.transport.TTransportException: java.net.SocketException: Broken pipe
	at org.apache.thrift.transport.TIOStreamTransport.flush(TIOStreamTransport.java:161)
	at org.apache.thrift.transport.TSaslTransport.flush(TSaslTransport.java:501)
	at org.apache.thrift.transport.TSaslClientTransport.flush(TSaslClientTransport.java:37)
	at org.apache.hadoop.hive.thrift.TFilterTransport.flush(TFilterTransport.java:77)
	at org.apache.thrift.TServiceClient.sendBase(TServiceClient.java:65)
	at org.apache.hadoop.hive.metastore.api.ThriftHiveMetastore$Client.send_get_databases(ThriftHiveMetastore.java:692)
	at org.apache.hadoop.hive.metastore.api.ThriftHiveMetastore$Client.get_databases(ThriftHiveMetastore.java:684)
	at org.apache.hadoop.hive.metastore.HiveMetaStoreClient.getDatabases(HiveMetaStoreClient.java:964)
	at sun.reflect.GeneratedMethodAccessor4.invoke(Unknown Source)
	at sun.reflect.DelegatingMethodAccessorImpl.invoke(DelegatingMethodAccessorImpl.java:43)
	at java.lang.reflect.Method.invoke(Method.java:497)
	at org.apache.hadoop.hive.metastore.RetryingMetaStoreClient.invoke(RetryingMetaStoreClient.java:91)
	at com.sun.proxy.$Proxy6.getDatabases(Unknown Source)
	at sun.reflect.GeneratedMethodAccessor4.invoke(Unknown Source)
	at sun.reflect.DelegatingMethodAccessorImpl.invoke(DelegatingMethodAccessorImpl.java:43)
	at java.lang.reflect.Method.invoke(Method.java:497)
	at org.apache.hadoop.hive.metastore.HiveMetaStoreClient$SynchronizedHandler.invoke(HiveMetaStoreClient.java:1909)
	at com.sun.proxy.$Proxy6.getDatabases(Unknown Source)
	at org.apache.hive.service.cli.operation.GetSchemasOperation.runInternal(GetSchemasOperation.java:59)
	at org.apache.hive.service.cli.operation.Operation.run(Operation.java:257)
	at org.apache.hive.service.cli.session.HiveSessionImpl.getSchemas(HiveSessionImpl.java:462)
	at org.apache.hive.service.cli.CLIService.getSchemas(CLIService.java:296)
	at org.apache.hive.service.cli.thrift.ThriftCLIService.GetSchemas(ThriftCLIService.java:534)
	at org.apache.hive.service.cli.thrift.TCLIService$Processor$GetSchemas.getResult(TCLIService.java:1373)
	at org.apache.hive.service.cli.thrift.TCLIService$Processor$GetSchemas.getResult(TCLIService.java:1358)
	at org.apache.thrift.ProcessFunction.process(ProcessFunction.java:39)
	at org.apache.thrift.TBaseProcessor.process(TBaseProcessor.java:39)
	at org.apache.hadoop.hive.thrift.HadoopThriftAuthBridge$Server$TUGIAssumingProcessor.process(HadoopThriftAuthBridge.java:692)
	at org.apache.thrift.server.TThreadPoolServer$WorkerProcess.run(TThreadPoolServer.java:285)
	at java.util.concurrent.ThreadPoolExecutor.runWorker(ThreadPoolExecutor.java:1142)
	at java.util.concurrent.ThreadPoolExecutor$Worker.run(ThreadPoolExecutor.java:617)
	at java.lang.Thread.run(Thread.java:745)
Caused by: java.net.SocketException: Broken pipe
	at java.net.SocketOutputStream.socketWrite0(Native Method)
	at java.net.SocketOutputStream.socketWrite(SocketOutputStream.java:109)
	at java.net.SocketOutputStream.write(SocketOutputStream.java:153)
	at java.io.BufferedOutputStream.flushBuffer(BufferedOutputStream.java:82)
	at java.io.BufferedOutputStream.flush(BufferedOutputStream.java:140)
	at org.apache.thrift.transport.TIOStreamTransport.flush(TIOStreamTransport.java:159)
	... 31 more
2015-09-08 12:06:53,238 ERROR hive.log: Converting exception to MetaException
2015-09-08 12:06:53,238 WARN org.apache.hive.service.cli.thrift.ThriftCLIService: Error getting schemas:
org.apache.hive.service.cli.HiveSQLException: MetaException(message:Got exception: org.apache.thrift.transport.TTransportException java.net.SocketException: Broken pipe)
	at org.apache.hive.service.cli.operation.GetSchemasOperation.runInternal(GetSchemasOperation.java:65)
	at org.apache.hive.service.cli.operation.Operation.run(Operation.java:257)
	at org.apache.hive.service.cli.session.HiveSessionImpl.getSchemas(HiveSessionImpl.java:462)
	at org.apache.hive.service.cli.CLIService.getSchemas(CLIService.java:296)
	at org.apache.hive.service.cli.thrift.ThriftCLIService.GetSchemas(ThriftCLIService.java:534)
	at org.apache.hive.service.cli.thrift.TCLIService$Processor$GetSchemas.getResult(TCLIService.java:1373)
	at org.apache.hive.service.cli.thrift.TCLIService$Processor$GetSchemas.getResult(TCLIService.java:1358)
	at org.apache.thrift.ProcessFunction.process(ProcessFunction.java:39)
	at org.apache.thrift.TBaseProcessor.process(TBaseProcessor.java:39)
	at org.apache.hadoop.hive.thrift.HadoopThriftAuthBridge$Server$TUGIAssumingProcessor.process(HadoopThriftAuthBridge.java:692)
	at org.apache.thrift.server.TThreadPoolServer$WorkerProcess.run(TThreadPoolServer.java:285)
	at java.util.concurrent.ThreadPoolExecutor.runWorker(ThreadPoolExecutor.java:1142)
	at java.util.concurrent.ThreadPoolExecutor$Worker.run(ThreadPoolExecutor.java:617)
	at java.lang.Thread.run(Thread.java:745)
Caused by: MetaException(message:Got exception: org.apache.thrift.transport.TTransportException java.net.SocketException: Broken pipe)
	at org.apache.hadoop.hive.metastore.MetaStoreUtils.logAndThrowMetaException(MetaStoreUtils.java:1178)
	at org.apache.hadoop.hive.metastore.HiveMetaStoreClient.getDatabases(HiveMetaStoreClient.java:966)
	at sun.reflect.GeneratedMethodAccessor4.invoke(Unknown Source)
	at sun.reflect.DelegatingMethodAccessorImpl.invoke(DelegatingMethodAccessorImpl.java:43)
	at java.lang.reflect.Method.invoke(Method.java:497)
	at org.apache.hadoop.hive.metastore.RetryingMetaStoreClient.invoke(RetryingMetaStoreClient.java:91)
	at com.sun.proxy.$Proxy6.getDatabases(Unknown Source)
	at sun.reflect.GeneratedMethodAccessor4.invoke(Unknown Source)
	at sun.reflect.DelegatingMethodAccessorImpl.invoke(DelegatingMethodAccessorImpl.java:43)
	at java.lang.reflect.Method.invoke(Method.java:497)
	at org.apache.hadoop.hive.metastore.HiveMetaStoreClient$SynchronizedHandler.invoke(HiveMetaStoreClient.java:1909)
	at com.sun.proxy.$Proxy6.getDatabases(Unknown Source)
	at org.apache.hive.service.cli.operation.GetSchemasOperation.runInternal(GetSchemasOperation.java:59)
	... 13 more
&lt;/pre&gt;
&lt;/div&gt;&lt;/div&gt;</description>
                <environment></environment>
        <key id="12863486">HIVE-11801</key>
            <summary>In HMS HA env, &quot;show databases&quot; fails when&quot;current&quot; HMS is stopped.</summary>
                <type id="1" iconUrl="https://issues.apache.org/jira/images/icons/issuetypes/bug.png">Bug</type>
                                            <priority id="3" iconUrl="https://issues.apache.org/jira/images/icons/priorities/major.png">Major</priority>
                        <status id="6" iconUrl="https://issues.apache.org/jira/images/icons/statuses/closed.png" description="The issue is considered finished, the resolution is correct. Issues which are closed can be reopened.">Closed</status>
                    <statusCategory id="3" key="done" colorName="green"/>
                                    <resolution id="3">Duplicate</resolution>
                                        <assignee username="ychena">Yongzhi Chen</assignee>
                                    <reporter username="ychena">Yongzhi Chen</reporter>
                        <labels>
                    </labels>
                <created>Fri, 11 Sep 2015 18:21:16 +0000</created>
                <updated>Tue, 16 Feb 2016 23:53:14 +0000</updated>
                            <resolved>Fri, 11 Sep 2015 19:21:11 +0000</resolved>
                                    <version>0.14.0</version>
                    <version>1.2.0</version>
                    <version>1.1.0</version>
                    <version>2.0.0</version>
                                    <fixVersion>2.0.0</fixVersion>
                                    <component>Metastore</component>
                        <due></due>
                            <votes>0</votes>
                                    <watches>1</watches>
                                                                <comments>
                            <comment id="14741412" author="ychena" created="Fri, 11 Sep 2015 19:20:05 +0000"  >&lt;p&gt;When I am working on the patch, find &lt;a href=&quot;https://issues.apache.org/jira/browse/HIVE-11657&quot; title=&quot;HIVE-2573 introduces some issues during metastore init (and CLI init)&quot; class=&quot;issue-link&quot; data-issue-key=&quot;HIVE-11657&quot;&gt;&lt;del&gt;HIVE-11657&lt;/del&gt;&lt;/a&gt; may solve the issue. &lt;/p&gt;</comment>
                    </comments>
                <issuelinks>
                            <issuelinktype id="12310000">
                    <name>Duplicate</name>
                                            <outwardlinks description="duplicates">
                                        <issuelink>
            <issuekey id="12859455">HIVE-11657</issuekey>
        </issuelink>
                            </outwardlinks>
                                                        </issuelinktype>
                    </issuelinks>
                <attachments>
                    </attachments>
                <subtasks>
                    </subtasks>
                <customfields>
                                                <customfield id="customfield_12310310" key="com.atlassian.jira.toolkit:attachments">
                        <customfieldname>Attachment count</customfieldname>
                        <customfieldvalues>
                            <customfieldvalue>0.0</customfieldvalue>
                        </customfieldvalues>
                    </customfield>
                                                                                                                                                                                                                                                                                                                                                                                                                                                                                                                                                                                                                                                                                                                                                                                                                                                                                                                                        <customfield id="customfield_12310420" key="com.pyxis.greenhopper.jira:gh-global-rank">
                        <customfieldname>Global Rank</customfieldname>
                        <customfieldvalues>
                            <customfieldvalue>9223372036854775807</customfieldvalue>
                        </customfieldvalues>
                    </customfield>
                                                                                                                                                    <customfield id="customfield_12312521" key="com.atlassian.jira.toolkit:LastCommentDate">
                        <customfieldname>Last public comment date</customfieldname>
                        <customfieldvalues>
                            1 year, 12 weeks, 1 day ago
                        </customfieldvalues>
                    </customfield>
                                                                                            <customfield id="customfield_12311820" key="com.pyxis.greenhopper.jira:gh-lexo-rank">
                        <customfieldname>Rank</customfieldname>
                        <customfieldvalues>
                            <customfieldvalue>0|i2k2iv:</customfieldvalue>

                        </customfieldvalues>
                    </customfield>
                                                                <customfield id="customfield_12310920" key="com.pyxis.greenhopper.jira:gh-global-rank">
                        <customfieldname>Rank (Obsolete)</customfieldname>
                        <customfieldvalues>
                            <customfieldvalue>9223372036854775807</customfieldvalue>
                        </customfieldvalues>
                    </customfield>
                                                                                                                                                                                                                                                                                                                            <customfield id="customfield_12310222" key="com.atlassian.jira.ext.charting:timeinstatus">
                        <customfieldname>Time in Status</customfieldname>
                        <customfieldvalues>
                            
                        </customfieldvalues>
                    </customfield>
                                                                                                                        </customfields>
    </item>
</channel>
</rss>