<!-- 
RSS generated by JIRA (6.3.4#6332-sha1:51bc225ef474afe3128b2f66878477f322397b16) at Sat Dec 03 01:01:49 UTC 2016

It is possible to restrict the fields that are returned in this document by specifying the 'field' parameter in your request.
For example, to request only the issue key and summary add field=key&field=summary to the URL of your request.
For example:
https://issues.apache.org/jira/si/jira.issueviews:issue-xml/HIVE-66/HIVE-66.xml?field=key&amp;field=summary
-->
<rss version="0.92" >
<channel>
    <title>ASF JIRA</title>
    <link>https://issues.apache.org/jira</link>
    <description>This file is an XML representation of an issue</description>
    <language>en-uk</language>    <build-info>
        <version>6.3.4</version>
        <build-number>6332</build-number>
        <build-date>15-08-2014</build-date>
    </build-info>

<item>
            <title>[HIVE-66] Insert into a dynamic serde table from a MetadataTypedColumnSetSerDe</title>
                <link>https://issues.apache.org/jira/browse/HIVE-66</link>
                <project id="12310843" key="HIVE">Hive</project>
                    <description>&lt;p&gt;Fails with column mismatch error.&lt;/p&gt;</description>
                <environment></environment>
        <key id="12408666">HIVE-66</key>
            <summary>Insert into a dynamic serde table from a MetadataTypedColumnSetSerDe</summary>
                <type id="1" iconUrl="https://issues.apache.org/jira/images/icons/issuetypes/bug.png">Bug</type>
                                            <priority id="2" iconUrl="https://issues.apache.org/jira/images/icons/priorities/critical.png">Critical</priority>
                        <status id="6" iconUrl="https://issues.apache.org/jira/images/icons/statuses/closed.png" description="The issue is considered finished, the resolution is correct. Issues which are closed can be reopened.">Closed</status>
                    <statusCategory id="3" key="done" colorName="green"/>
                                    <resolution id="1">Fixed</resolution>
                                        <assignee username="athusoo">Ashish Thusoo</assignee>
                                    <reporter username="athusoo">Ashish Thusoo</reporter>
                        <labels>
                    </labels>
                <created>Mon, 17 Nov 2008 18:32:14 +0000</created>
                <updated>Sat, 17 Dec 2011 00:08:43 +0000</updated>
                            <resolved>Wed, 22 Jul 2009 23:58:02 +0000</resolved>
                                                    <fixVersion>0.3.0</fixVersion>
                                    <component>Query Processor</component>
                        <due></due>
                            <votes>0</votes>
                                    <watches>0</watches>
                                                                <comments>
                            <comment id="12648232" author="athusoo" created="Mon, 17 Nov 2008 18:33:06 +0000"  >&lt;p&gt;Test case is as follows:&lt;/p&gt;

&lt;p&gt;CREATE TABLE implicit_test1(a BIGINT, b STRING) ROW FORMAT SERDE &apos;org.apache.hadoop.hive.serde2.dynamic_type.DynamicSerDe&apos; WITH SERDEPROPERTIES(&apos;serialization.format&apos;= &apos;org.apache.hadoop.hive.serde2.thrift.TCTLSeparatedProtocol&apos;) STORED AS TEXTFILE;&lt;/p&gt;

&lt;p&gt;DESCRIBE src;&lt;/p&gt;

&lt;p&gt;INSERT OVERWRITE TABLE implicit_test1&lt;br/&gt;
SELECT src.key, src.value&lt;br/&gt;
FROM src;&lt;/p&gt;


&lt;p&gt;where src is the MetadataTypedColumnSetSerDe table created in QTestUtil.java&lt;/p&gt;</comment>
                            <comment id="12648233" author="athusoo" created="Mon, 17 Nov 2008 18:34:11 +0000"  >&lt;p&gt;Also the following fails.&lt;/p&gt;

&lt;p&gt;INSERT OVERWRITE TABLE implicit_test1&lt;br/&gt;
SELECT src.*&lt;br/&gt;
FROM src;&lt;/p&gt;</comment>
                            <comment id="12734393" author="zshao" created="Wed, 22 Jul 2009 23:58:02 +0000"  >&lt;p&gt;I believe this issue is fixed long time ago.&lt;/p&gt;</comment>
                    </comments>
                    <attachments>
                    </attachments>
                <subtasks>
                    </subtasks>
                <customfields>
                                                <customfield id="customfield_12310310" key="com.atlassian.jira.toolkit:attachments">
                        <customfieldname>Attachment count</customfieldname>
                        <customfieldvalues>
                            <customfieldvalue>0.0</customfieldvalue>
                        </customfieldvalues>
                    </customfield>
                                                                                                                                                                                                                                                                                                                                                                                                                                                                                                                                <customfield id="customfield_12310220" key="com.atlassian.jira.ext.charting:firstresponsedate">
                        <customfieldname>Date of First Response</customfieldname>
                        <customfieldvalues>
                            <customfieldvalue>Wed, 22 Jul 2009 23:58:02 +0000</customfieldvalue>

                        </customfieldvalues>
                    </customfield>
                                                                                                                                                                                                                                                                                                                                                                                                                                            <customfield id="customfield_12310420" key="com.pyxis.greenhopper.jira:gh-global-rank">
                        <customfieldname>Global Rank</customfieldname>
                        <customfieldvalues>
                            <customfieldvalue>66882</customfieldvalue>
                        </customfieldvalues>
                    </customfield>
                                                                                                                                                    <customfield id="customfield_12312521" key="com.atlassian.jira.toolkit:LastCommentDate">
                        <customfieldname>Last public comment date</customfieldname>
                        <customfieldvalues>
                            7 years, 20 weeks, 2 days ago
                        </customfieldvalues>
                    </customfield>
                                                                                            <customfield id="customfield_12311820" key="com.pyxis.greenhopper.jira:gh-lexo-rank">
                        <customfieldname>Rank</customfieldname>
                        <customfieldvalues>
                            <customfieldvalue>0|i0l7n3:</customfieldvalue>

                        </customfieldvalues>
                    </customfield>
                                                                <customfield id="customfield_12310920" key="com.pyxis.greenhopper.jira:gh-global-rank">
                        <customfieldname>Rank (Obsolete)</customfieldname>
                        <customfieldvalues>
                            <customfieldvalue>121888</customfieldvalue>
                        </customfieldvalues>
                    </customfield>
                                                                                                                                                                                                                                                                                                                            <customfield id="customfield_12310222" key="com.atlassian.jira.ext.charting:timeinstatus">
                        <customfieldname>Time in Status</customfieldname>
                        <customfieldvalues>
                            
                        </customfieldvalues>
                    </customfield>
                                                                                                                        </customfields>
    </item>
</channel>
</rss>