<!-- 
RSS generated by JIRA (6.3.4#6332-sha1:51bc225ef474afe3128b2f66878477f322397b16) at Sat Dec 03 22:44:25 UTC 2016

It is possible to restrict the fields that are returned in this document by specifying the 'field' parameter in your request.
For example, to request only the issue key and summary add field=key&field=summary to the URL of your request.
For example:
https://issues.apache.org/jira/si/jira.issueviews:issue-xml/HIVE-8752/HIVE-8752.xml?field=key&amp;field=summary
-->
<rss version="0.92" >
<channel>
    <title>ASF JIRA</title>
    <link>https://issues.apache.org/jira</link>
    <description>This file is an XML representation of an issue</description>
    <language>en-uk</language>    <build-info>
        <version>6.3.4</version>
        <build-number>6332</build-number>
        <build-date>15-08-2014</build-date>
    </build-info>

<item>
            <title>[HIVE-8752] Disjunction cardinality estimation has selectivity of 1</title>
                <link>https://issues.apache.org/jira/browse/HIVE-8752</link>
                <project id="12310843" key="HIVE">Hive</project>
                    <description>&lt;p&gt;TPC-DS Q89 has the wrong join order.&lt;br/&gt;
Store_sales should be joining with item first then date_dim.&lt;/p&gt;

&lt;p&gt;The issue is that the predicate on item shows a selectivity of 1 &lt;/p&gt;
&lt;div class=&quot;code panel&quot; style=&quot;border-width: 1px;&quot;&gt;&lt;div class=&quot;codeContent panelContent&quot;&gt;
&lt;pre class=&quot;code-java&quot;&gt;
((i_category in (&apos;Home&apos;,&apos;Books&apos;,&apos;Electronics&apos;) and
          i_class in (&apos;wallpaper&apos;,&apos;parenting&apos;,&apos;musical&apos;)
         )
      or (i_category in (&apos;Shoes&apos;,&apos;Jewelry&apos;,&apos;Men&apos;) and
          i_class in (&apos;womens&apos;,&apos;birdal&apos;,&apos;pants&apos;) 
        ))
&lt;/pre&gt;
&lt;/div&gt;&lt;/div&gt;

&lt;div class=&quot;code panel&quot; style=&quot;border-width: 1px;&quot;&gt;&lt;div class=&quot;codeContent panelContent&quot;&gt;
&lt;pre class=&quot;code-java&quot;&gt;
                HiveProjectRel(i_item_sk=[$0], i_brand=[$8], i_class=[$10], i_category=[$12]): rowcount = 462000.0, cumulative cost = {0.0 rows, 0.0 cpu, 0.0 io}, id = 4052
                      HiveFilterRel(condition=[OR(AND(in($12, &apos;Home&apos;, &apos;Books&apos;, &apos;Electronics&apos;), in($10, &apos;wallpaper&apos;, &apos;parenting&apos;, &apos;musical&apos;)), AND(in($12, &apos;Shoes&apos;, &apos;Jewelry&apos;, &apos;Men&apos;), in($10, &apos;womens&apos;, &apos;birdal&apos;, &apos;pants&apos;)))]): rowcount = 462000.0, cumulative cost = {0.0 rows, 0.0 cpu, 0.0 io}, id = 4050
                        HiveTableScanRel(table=[[tpcds_bin_partitioned_orc_30000.item]]): rowcount = 462000.0, cumulative cost = {0}, id = 3818
&lt;/pre&gt;
&lt;/div&gt;&lt;/div&gt;

&lt;p&gt;Query&lt;/p&gt;
&lt;div class=&quot;code panel&quot; style=&quot;border-width: 1px;&quot;&gt;&lt;div class=&quot;codeContent panelContent&quot;&gt;
&lt;pre class=&quot;code-java&quot;&gt;

select  *
from(
select i_category, i_class, i_brand,
       s_store_name, s_company_name,
       d_moy,
       sum(ss_sales_price) sum_sales,
       avg(sum(ss_sales_price)) over
         (partition by i_category, i_brand, s_store_name, s_company_name)
         avg_monthly_sales
from item, store_sales, date_dim, store
where store_sales.ss_item_sk = item.i_item_sk and
      store_sales.ss_sold_date_sk = date_dim.d_date_sk and
      store_sales.ss_store_sk = store.s_store_sk and
      d_year in (2000) and
        ((i_category in (&apos;Home&apos;,&apos;Books&apos;,&apos;Electronics&apos;) and
          i_class in (&apos;wallpaper&apos;,&apos;parenting&apos;,&apos;musical&apos;)
         )
      or (i_category in (&apos;Shoes&apos;,&apos;Jewelry&apos;,&apos;Men&apos;) and
          i_class in (&apos;womens&apos;,&apos;birdal&apos;,&apos;pants&apos;) 
        ))
group by i_category, i_class, i_brand,
         s_store_name, s_company_name, d_moy) tmp1
where &lt;span class=&quot;code-keyword&quot;&gt;case&lt;/span&gt; when (avg_monthly_sales &amp;lt;&amp;gt; 0) then (abs(sum_sales - avg_monthly_sales) / avg_monthly_sales) &lt;span class=&quot;code-keyword&quot;&gt;else&lt;/span&gt; &lt;span class=&quot;code-keyword&quot;&gt;null&lt;/span&gt; end &amp;gt; 0.1
order by sum_sales - avg_monthly_sales, s_store_name
limit 100
&lt;/pre&gt;
&lt;/div&gt;&lt;/div&gt;

&lt;p&gt;The result of the wrong join order is that the query runs in 335 seconds compared to 124 seconds with the correct join order.&lt;/p&gt;

&lt;p&gt;Removing the disjunction in the item filter produces the correct plan&lt;/p&gt;
&lt;div class=&quot;code panel&quot; style=&quot;border-width: 1px;&quot;&gt;&lt;div class=&quot;codeContent panelContent&quot;&gt;
&lt;pre class=&quot;code-java&quot;&gt;
 i_category in (&apos;Home&apos;,&apos;Books&apos;,&apos;Electronics&apos;) and
          i_class in (&apos;wallpaper&apos;,&apos;parenting&apos;,&apos;musical&apos;)
&lt;/pre&gt;
&lt;/div&gt;&lt;/div&gt;</description>
                <environment></environment>
        <key id="12753241">HIVE-8752</key>
            <summary>Disjunction cardinality estimation has selectivity of 1</summary>
                <type id="1" iconUrl="https://issues.apache.org/jira/images/icons/issuetypes/bug.png">Bug</type>
                                            <priority id="2" iconUrl="https://issues.apache.org/jira/images/icons/priorities/critical.png">Critical</priority>
                        <status id="6" iconUrl="https://issues.apache.org/jira/images/icons/statuses/closed.png" description="The issue is considered finished, the resolution is correct. Issues which are closed can be reopened.">Closed</status>
                    <statusCategory id="3" key="done" colorName="green"/>
                                    <resolution id="3">Duplicate</resolution>
                                        <assignee username="jpullokkaran">Laljo John Pullokkaran</assignee>
                                    <reporter username="mmokhtar">Mostafa Mokhtar</reporter>
                        <labels>
                    </labels>
                <created>Thu, 6 Nov 2014 00:32:08 +0000</created>
                <updated>Thu, 13 Nov 2014 19:40:53 +0000</updated>
                            <resolved>Sat, 8 Nov 2014 02:29:15 +0000</resolved>
                                    <version>0.14.0</version>
                                    <fixVersion>0.14.0</fixVersion>
                                    <component>CBO</component>
                        <due></due>
                            <votes>0</votes>
                                    <watches>2</watches>
                                                                <comments>
                            <comment id="14210446" author="thejas" created="Thu, 13 Nov 2014 19:40:53 +0000"  >&lt;p&gt;This has been fixed in 0.14 release. Please open new jira if you see any issues.&lt;/p&gt;</comment>
                    </comments>
                <issuelinks>
                            <issuelinktype id="12310000">
                    <name>Duplicate</name>
                                                                <inwardlinks description="is duplicated by">
                                        <issuelink>
            <issuekey id="12753543">HIVE-8768</issuekey>
        </issuelink>
                            </inwardlinks>
                                    </issuelinktype>
                    </issuelinks>
                <attachments>
                    </attachments>
                <subtasks>
                    </subtasks>
                <customfields>
                                                <customfield id="customfield_12310310" key="com.atlassian.jira.toolkit:attachments">
                        <customfieldname>Attachment count</customfieldname>
                        <customfieldvalues>
                            <customfieldvalue>0.0</customfieldvalue>
                        </customfieldvalues>
                    </customfield>
                                                                                                                                                                                                                                                                                                                                                                                                                                                                                                                                <customfield id="customfield_12310220" key="com.atlassian.jira.ext.charting:firstresponsedate">
                        <customfieldname>Date of First Response</customfieldname>
                        <customfieldvalues>
                            <customfieldvalue>Thu, 13 Nov 2014 19:40:53 +0000</customfieldvalue>

                        </customfieldvalues>
                    </customfield>
                                                                                                                                                                                                                                                                                                                                                                                                                                            <customfield id="customfield_12310420" key="com.pyxis.greenhopper.jira:gh-global-rank">
                        <customfieldname>Global Rank</customfieldname>
                        <customfieldvalues>
                            <customfieldvalue>9223372036854775807</customfieldvalue>
                        </customfieldvalues>
                    </customfield>
                                                                                                                                                    <customfield id="customfield_12312521" key="com.atlassian.jira.toolkit:LastCommentDate">
                        <customfieldname>Last public comment date</customfieldname>
                        <customfieldvalues>
                            2 years, 3 weeks, 2 days ago
                        </customfieldvalues>
                    </customfield>
                                                                                            <customfield id="customfield_12311820" key="com.pyxis.greenhopper.jira:gh-lexo-rank">
                        <customfieldname>Rank</customfieldname>
                        <customfieldvalues>
                            <customfieldvalue>0|i22153:</customfieldvalue>

                        </customfieldvalues>
                    </customfield>
                                                                <customfield id="customfield_12310920" key="com.pyxis.greenhopper.jira:gh-global-rank">
                        <customfieldname>Rank (Obsolete)</customfieldname>
                        <customfieldvalues>
                            <customfieldvalue>9223372036854775807</customfieldvalue>
                        </customfieldvalues>
                    </customfield>
                                                                                                                                                                                                                                                                                                                            <customfield id="customfield_12310222" key="com.atlassian.jira.ext.charting:timeinstatus">
                        <customfieldname>Time in Status</customfieldname>
                        <customfieldvalues>
                            
                        </customfieldvalues>
                    </customfield>
                                                                                                                        </customfields>
    </item>
</channel>
</rss>