<!-- 
RSS generated by JIRA (6.3.4#6332-sha1:51bc225ef474afe3128b2f66878477f322397b16) at Fri Dec 02 06:10:12 UTC 2016

It is possible to restrict the fields that are returned in this document by specifying the 'field' parameter in your request.
For example, to request only the issue key and summary add field=key&field=summary to the URL of your request.
For example:
https://issues.apache.org/jira/si/jira.issueviews:issue-xml/HIVE-12306/HIVE-12306.xml?field=key&amp;field=summary
-->
<rss version="0.92" >
<channel>
    <title>ASF JIRA</title>
    <link>https://issues.apache.org/jira</link>
    <description>This file is an XML representation of an issue</description>
    <language>en-uk</language>    <build-info>
        <version>6.3.4</version>
        <build-number>6332</build-number>
        <build-date>15-08-2014</build-date>
    </build-info>

<item>
            <title>[HIVE-12306] fix hbase_queries.q failure</title>
                <link>https://issues.apache.org/jira/browse/HIVE-12306</link>
                <project id="12310843" key="HIVE">Hive</project>
                    <description>&lt;p&gt;hbase_queries.q is failing (only in version 1.3.0)&lt;/p&gt;</description>
                <environment></environment>
        <key id="12909300">HIVE-12306</key>
            <summary>fix hbase_queries.q failure</summary>
                <type id="1" iconUrl="https://issues.apache.org/jira/images/icons/issuetypes/bug.png">Bug</type>
                                            <priority id="5" iconUrl="https://issues.apache.org/jira/images/icons/priorities/trivial.png">Trivial</priority>
                        <status id="6" iconUrl="https://issues.apache.org/jira/images/icons/statuses/closed.png" description="The issue is considered finished, the resolution is correct. Issues which are closed can be reopened.">Closed</status>
                    <statusCategory id="3" key="done" colorName="green"/>
                                    <resolution id="1">Fixed</resolution>
                                        <assignee username="ctang.ma">Chaoyu Tang</assignee>
                                    <reporter username="ctang.ma">Chaoyu Tang</reporter>
                        <labels>
                    </labels>
                <created>Fri, 30 Oct 2015 19:22:10 +0000</created>
                <updated>Tue, 16 Feb 2016 23:51:14 +0000</updated>
                            <resolved>Sat, 7 Nov 2015 16:24:17 +0000</resolved>
                                    <version>1.3.0</version>
                                    <fixVersion>1.3.0</fixVersion>
                    <fixVersion>2.0.0</fixVersion>
                                        <due></due>
                            <votes>0</votes>
                                    <watches>2</watches>
                                                                <comments>
                            <comment id="14983187" author="jxiang" created="Fri, 30 Oct 2015 19:56:00 +0000"  >&lt;p&gt;+1&lt;/p&gt;</comment>
                            <comment id="14984242" author="ctang.ma" created="Sun, 1 Nov 2015 03:03:44 +0000"  >&lt;p&gt;Committed to 1.3.0 and thanks &lt;a href=&quot;https://issues.apache.org/jira/secure/ViewProfile.jspa?name=jxiang&quot; class=&quot;user-hover&quot; rel=&quot;jxiang&quot;&gt;Jimmy Xiang&lt;/a&gt; for review.&lt;/p&gt;</comment>
                            <comment id="14992562" author="ctang.ma" created="Thu, 5 Nov 2015 21:53:58 +0000"  >&lt;p&gt;For 2.0.0&lt;/p&gt;</comment>
                            <comment id="14992960" author="ctang.ma" created="Fri, 6 Nov 2015 02:24:10 +0000"  >&lt;p&gt;The failure also happens in 2.0.0. Attach the patch&lt;/p&gt;</comment>
                            <comment id="14993558" author="hiveqa" created="Fri, 6 Nov 2015 11:59:54 +0000"  >

&lt;p&gt;Here are the results of testing the latest attachment:&lt;br/&gt;
&lt;a href=&quot;https://issues.apache.org/jira/secure/attachment/12770932/HIVE-12306.patch&quot; class=&quot;external-link&quot; rel=&quot;nofollow&quot;&gt;https://issues.apache.org/jira/secure/attachment/12770932/HIVE-12306.patch&lt;/a&gt;&lt;/p&gt;

&lt;p&gt;&lt;font color=&quot;red&quot;&gt;ERROR:&lt;/font&gt; -1 due to no test(s) being added or modified.&lt;/p&gt;

&lt;p&gt;&lt;font color=&quot;red&quot;&gt;ERROR:&lt;/font&gt; -1 due to 3 failed/errored test(s), 9774 tests executed&lt;br/&gt;
&lt;b&gt;Failed tests:&lt;/b&gt;&lt;/p&gt;
&lt;div class=&quot;preformatted panel&quot; style=&quot;border-width: 1px;&quot;&gt;&lt;div class=&quot;preformattedContent panelContent&quot;&gt;
&lt;pre&gt;org.apache.hadoop.hive.cli.TestNegativeCliDriver.testNegativeCliDriver_authorization_uri_import
org.apache.hadoop.hive.hwi.TestHWISessionManager.testHiveDriver
org.apache.hive.jdbc.TestSSL.testSSLVersion
&lt;/pre&gt;
&lt;/div&gt;&lt;/div&gt;

&lt;p&gt;Test results: &lt;a href=&quot;http://ec2-174-129-184-35.compute-1.amazonaws.com/jenkins/job/PreCommit-HIVE-TRUNK-Build/5946/testReport&quot; class=&quot;external-link&quot; rel=&quot;nofollow&quot;&gt;http://ec2-174-129-184-35.compute-1.amazonaws.com/jenkins/job/PreCommit-HIVE-TRUNK-Build/5946/testReport&lt;/a&gt;&lt;br/&gt;
Console output: &lt;a href=&quot;http://ec2-174-129-184-35.compute-1.amazonaws.com/jenkins/job/PreCommit-HIVE-TRUNK-Build/5946/console&quot; class=&quot;external-link&quot; rel=&quot;nofollow&quot;&gt;http://ec2-174-129-184-35.compute-1.amazonaws.com/jenkins/job/PreCommit-HIVE-TRUNK-Build/5946/console&lt;/a&gt;&lt;br/&gt;
Test logs: &lt;a href=&quot;http://ec2-174-129-184-35.compute-1.amazonaws.com/logs/PreCommit-HIVE-TRUNK-Build-5946/&quot; class=&quot;external-link&quot; rel=&quot;nofollow&quot;&gt;http://ec2-174-129-184-35.compute-1.amazonaws.com/logs/PreCommit-HIVE-TRUNK-Build-5946/&lt;/a&gt;&lt;/p&gt;

&lt;p&gt;Messages:&lt;/p&gt;
&lt;div class=&quot;preformatted panel&quot; style=&quot;border-width: 1px;&quot;&gt;&lt;div class=&quot;preformattedContent panelContent&quot;&gt;
&lt;pre&gt;Executing org.apache.hive.ptest.execution.TestCheckPhase
Executing org.apache.hive.ptest.execution.PrepPhase
Executing org.apache.hive.ptest.execution.ExecutionPhase
Executing org.apache.hive.ptest.execution.ReportingPhase
Tests exited with: TestsFailedException: 3 tests failed
&lt;/pre&gt;
&lt;/div&gt;&lt;/div&gt;

&lt;p&gt;This message is automatically generated.&lt;/p&gt;

&lt;p&gt;ATTACHMENT ID: 12770932 - PreCommit-HIVE-TRUNK-Build&lt;/p&gt;</comment>
                            <comment id="14993633" author="ctang.ma" created="Fri, 6 Nov 2015 13:09:11 +0000"  >&lt;p&gt;The failed tests are not related. &lt;a href=&quot;https://issues.apache.org/jira/secure/ViewProfile.jspa?name=jxiang&quot; class=&quot;user-hover&quot; rel=&quot;jxiang&quot;&gt;Jimmy Xiang&lt;/a&gt;, could you take  a look at the patch for 2.0.0? Thanks&lt;/p&gt;</comment>
                            <comment id="14994085" author="jxiang" created="Fri, 6 Nov 2015 17:59:21 +0000"  >&lt;p&gt;+1&lt;/p&gt;</comment>
                            <comment id="14995274" author="ctang.ma" created="Sat, 7 Nov 2015 16:24:17 +0000"  >&lt;p&gt;Committed to 2.0.0 as well. Thanks &lt;a href=&quot;https://issues.apache.org/jira/secure/ViewProfile.jspa?name=jxiang&quot; class=&quot;user-hover&quot; rel=&quot;jxiang&quot;&gt;Jimmy Xiang&lt;/a&gt; for review.&lt;/p&gt;</comment>
                    </comments>
                    <attachments>
                            <attachment id="12769850" name="HIVE-12306-BRANCH_1.patch" size="1459" author="ctang.ma" created="Fri, 30 Oct 2015 19:54:25 +0000"/>
                            <attachment id="12769853" name="HIVE-12306-branch-1.patch" size="1459" author="ctang.ma" created="Fri, 30 Oct 2015 20:10:09 +0000"/>
                            <attachment id="12770932" name="HIVE-12306.patch" size="1459" author="ctang.ma" created="Fri, 6 Nov 2015 02:25:00 +0000"/>
                            <attachment id="12770884" name="HIVE-12306.patch" size="1459" author="ctang.ma" created="Thu, 5 Nov 2015 21:53:58 +0000"/>
                    </attachments>
                <subtasks>
                    </subtasks>
                <customfields>
                                                <customfield id="customfield_12310310" key="com.atlassian.jira.toolkit:attachments">
                        <customfieldname>Attachment count</customfieldname>
                        <customfieldvalues>
                            <customfieldvalue>4.0</customfieldvalue>
                        </customfieldvalues>
                    </customfield>
                                                                                                                                                                                                                                                                                                                                                                                                                                                                                                                                <customfield id="customfield_12310220" key="com.atlassian.jira.ext.charting:firstresponsedate">
                        <customfieldname>Date of First Response</customfieldname>
                        <customfieldvalues>
                            <customfieldvalue>Fri, 30 Oct 2015 19:56:00 +0000</customfieldvalue>

                        </customfieldvalues>
                    </customfield>
                                                                                                                                                                                                                                                                                                                                                                                                                                            <customfield id="customfield_12310420" key="com.pyxis.greenhopper.jira:gh-global-rank">
                        <customfieldname>Global Rank</customfieldname>
                        <customfieldvalues>
                            <customfieldvalue>9223372036854775807</customfieldvalue>
                        </customfieldvalues>
                    </customfield>
                                                                                                                                                    <customfield id="customfield_12312521" key="com.atlassian.jira.toolkit:LastCommentDate">
                        <customfieldname>Last public comment date</customfieldname>
                        <customfieldvalues>
                            1 year, 3 weeks, 5 days ago
                        </customfieldvalues>
                    </customfield>
                                                                                            <customfield id="customfield_12311820" key="com.pyxis.greenhopper.jira:gh-lexo-rank">
                        <customfieldname>Rank</customfieldname>
                        <customfieldvalues>
                            <customfieldvalue>0|i2nrbr:</customfieldvalue>

                        </customfieldvalues>
                    </customfield>
                                                                <customfield id="customfield_12310920" key="com.pyxis.greenhopper.jira:gh-global-rank">
                        <customfieldname>Rank (Obsolete)</customfieldname>
                        <customfieldvalues>
                            <customfieldvalue>9223372036854775807</customfieldvalue>
                        </customfieldvalues>
                    </customfield>
                                                                                                                                                                                                                                                                                                                            <customfield id="customfield_12310222" key="com.atlassian.jira.ext.charting:timeinstatus">
                        <customfieldname>Time in Status</customfieldname>
                        <customfieldvalues>
                            
                        </customfieldvalues>
                    </customfield>
                                                                                                                        </customfields>
    </item>
</channel>
</rss>