<!-- 
RSS generated by JIRA (6.3.4#6332-sha1:51bc225ef474afe3128b2f66878477f322397b16) at Sun Dec 04 00:29:37 UTC 2016

It is possible to restrict the fields that are returned in this document by specifying the 'field' parameter in your request.
For example, to request only the issue key and summary add field=key&field=summary to the URL of your request.
For example:
https://issues.apache.org/jira/si/jira.issueviews:issue-xml/HIVE-13226/HIVE-13226.xml?field=key&amp;field=summary
-->
<rss version="0.92" >
<channel>
    <title>ASF JIRA</title>
    <link>https://issues.apache.org/jira</link>
    <description>This file is an XML representation of an issue</description>
    <language>en-uk</language>    <build-info>
        <version>6.3.4</version>
        <build-number>6332</build-number>
        <build-date>15-08-2014</build-date>
    </build-info>

<item>
            <title>[HIVE-13226] Improve tez print summary to print query execution breakdown</title>
                <link>https://issues.apache.org/jira/browse/HIVE-13226</link>
                <project id="12310843" key="HIVE">Hive</project>
                    <description>&lt;p&gt;When tez print summary is enabled, methods summary is printed which are difficult to correlate with the actual execution time. We can improve that to print  the execution times in the sequence of operations that happens behind the scenes.&lt;/p&gt;

&lt;p&gt;Instead of printing the methods name it will be useful to print something like below&lt;br/&gt;
1) Query Compilation time&lt;br/&gt;
2) Query Submit to DAG Submit time&lt;br/&gt;
3) DAG Submit to DAG Accept time&lt;br/&gt;
4) DAG Accept to DAG Start time&lt;br/&gt;
5) DAG Start to DAG End time&lt;/p&gt;

&lt;p&gt;With this it will be easier to find out where the actual time is spent. &lt;/p&gt;</description>
                <environment></environment>
        <key id="12947934">HIVE-13226</key>
            <summary>Improve tez print summary to print query execution breakdown</summary>
                <type id="4" iconUrl="https://issues.apache.org/jira/images/icons/issuetypes/improvement.png">Improvement</type>
                                            <priority id="3" iconUrl="https://issues.apache.org/jira/images/icons/priorities/major.png">Major</priority>
                        <status id="6" iconUrl="https://issues.apache.org/jira/images/icons/statuses/closed.png" description="The issue is considered finished, the resolution is correct. Issues which are closed can be reopened.">Closed</status>
                    <statusCategory id="3" key="done" colorName="green"/>
                                    <resolution id="1">Fixed</resolution>
                                        <assignee username="prasanth_j">Prasanth Jayachandran</assignee>
                                    <reporter username="prasanth_j">Prasanth Jayachandran</reporter>
                        <labels>
                    </labels>
                <created>Tue, 8 Mar 2016 08:00:11 +0000</created>
                <updated>Tue, 21 Jun 2016 15:43:47 +0000</updated>
                            <resolved>Tue, 15 Mar 2016 18:17:42 +0000</resolved>
                                    <version>2.1.0</version>
                                    <fixVersion>2.1.0</fixVersion>
                                        <due></due>
                            <votes>0</votes>
                                    <watches>3</watches>
                                                                <comments>
                            <comment id="15184638" author="prasanth_j" created="Tue, 8 Mar 2016 08:22:28 +0000"  >&lt;p&gt;This patch needs &lt;a href=&quot;https://issues.apache.org/jira/browse/HIVE-12558&quot; title=&quot;LLAP: output QueryFragmentCounters somewhere&quot; class=&quot;issue-link&quot; data-issue-key=&quot;HIVE-12558&quot;&gt;&lt;del&gt;HIVE-12558&lt;/del&gt;&lt;/a&gt; to avoid conflicts.&lt;/p&gt;</comment>
                            <comment id="15184640" author="prasanth_j" created="Tue, 8 Mar 2016 08:23:13 +0000"  >&lt;p&gt;&lt;a href=&quot;https://issues.apache.org/jira/secure/ViewProfile.jspa?name=gopalv&quot; class=&quot;user-hover&quot; rel=&quot;gopalv&quot;&gt;Gopal V&lt;/a&gt; Could you please take a look?&lt;/p&gt;</comment>
                            <comment id="15184653" author="gopalv" created="Tue, 8 Mar 2016 08:31:15 +0000"  >&lt;p&gt;Agree that printing the methods is sub-optimal, but we&apos;re dealing with computer science&apos;s #1 problem now - naming things.&lt;/p&gt;

&lt;p&gt;Too much use of the word &quot;DAG&quot; &lt;img class=&quot;emoticon&quot; src=&quot;https://issues.apache.org/jira/images/icons/emoticons/smile.gif&quot; height=&quot;16&quot; width=&quot;16&quot; align=&quot;absmiddle&quot; alt=&quot;&quot; border=&quot;0&quot;/&gt;&lt;/p&gt;</comment>
                            <comment id="15184667" author="prasanth_j" created="Tue, 8 Mar 2016 08:43:19 +0000"  >&lt;p&gt;The problem is from user perspective, printing methods is not really helpful. &quot;Analyze&quot; for example have no context. Its also combination of semantic analyze, logical optimization and task compilation. Also it misses some steps in-between which will be useful to find where time is spent. For example, time between TezBuildDag and TezSubmitToRunningDag is not accounted which is the time taken for resource localization, session restart etc. &lt;/p&gt;

&lt;p&gt;&quot;DAG Submit to DAG Accept&quot; -&amp;gt; &quot;DAG Submit to Accept&quot;.. is that any better?&lt;/p&gt;</comment>
                            <comment id="15184674" author="prasanth_j" created="Tue, 8 Mar 2016 08:47:30 +0000"  >&lt;p&gt;Atleast we don&apos;t have space constraints here &lt;img class=&quot;emoticon&quot; src=&quot;https://issues.apache.org/jira/images/icons/emoticons/smile.gif&quot; height=&quot;16&quot; width=&quot;16&quot; align=&quot;absmiddle&quot; alt=&quot;&quot; border=&quot;0&quot;/&gt;&lt;/p&gt;</comment>
                            <comment id="15184675" author="gopalv" created="Tue, 8 Mar 2016 08:48:01 +0000"  >&lt;p&gt;Compile Query&lt;br/&gt;
Prepare Plan&lt;br/&gt;
Submit Plan&lt;br/&gt;
Start &lt;br/&gt;
Finish &lt;/p&gt;

&lt;p&gt;?&lt;/p&gt;</comment>
                            <comment id="15184681" author="prasanth_j" created="Tue, 8 Mar 2016 08:53:29 +0000"  >&lt;p&gt;Sounds good. Updated patch.&lt;/p&gt;</comment>
                            <comment id="15184686" author="prasanth_j" created="Tue, 8 Mar 2016 08:59:26 +0000"  >&lt;p&gt;Uploaded wrong patch before&lt;/p&gt;</comment>
                            <comment id="15191815" author="prasanth_j" created="Sat, 12 Mar 2016 20:33:30 +0000"  >&lt;p&gt;Contains fix for ROWGROUPS counter. Also, in the previous patch Prepare time corresponds to total prepare time of which compilation was part of it. Now the time breakdown looks like below&lt;/p&gt;

&lt;p&gt;Compile -&amp;gt; From start of driver run to compilation end&lt;br/&gt;
Prepare -&amp;gt; From compilation end to start of DAG submit&lt;br/&gt;
Submit -&amp;gt; From start of DAG submit to start of DAG accept&lt;br/&gt;
Start -&amp;gt; From start of DAG accept to start of run&lt;br/&gt;
Finish -&amp;gt; From start of DAG run to finish&lt;/p&gt;

&lt;p&gt;Remaining time will represent the time spent fetching the results.&lt;/p&gt;</comment>
                            <comment id="15192098" author="hiveqa" created="Sun, 13 Mar 2016 03:08:22 +0000"  >

&lt;p&gt;Here are the results of testing the latest attachment:&lt;br/&gt;
&lt;a href=&quot;https://issues.apache.org/jira/secure/attachment/12792967/HIVE-13226.3.patch&quot; class=&quot;external-link&quot; rel=&quot;nofollow&quot;&gt;https://issues.apache.org/jira/secure/attachment/12792967/HIVE-13226.3.patch&lt;/a&gt;&lt;/p&gt;

&lt;p&gt;&lt;font color=&quot;red&quot;&gt;ERROR:&lt;/font&gt; -1 due to no test(s) being added or modified.&lt;/p&gt;

&lt;p&gt;&lt;font color=&quot;red&quot;&gt;ERROR:&lt;/font&gt; -1 due to 7 failed/errored test(s), 9732 tests executed&lt;br/&gt;
&lt;b&gt;Failed tests:&lt;/b&gt;&lt;/p&gt;
&lt;div class=&quot;preformatted panel&quot; style=&quot;border-width: 1px;&quot;&gt;&lt;div class=&quot;preformattedContent panelContent&quot;&gt;
&lt;pre&gt;TestMiniSparkOnYarnCliDriver - did not produce a TEST-*.xml file
TestSparkCliDriver-groupby3_map.q-sample2.q-auto_join14.q-and-12-more - did not produce a TEST-*.xml file
TestSparkCliDriver-groupby_map_ppr_multi_distinct.q-table_access_keys_stats.q-groupby4_noskew.q-and-12-more - did not produce a TEST-*.xml file
TestSparkCliDriver-join_rc.q-insert1.q-vectorized_rcfile_columnar.q-and-12-more - did not produce a TEST-*.xml file
TestSparkCliDriver-ppd_join4.q-join9.q-ppd_join3.q-and-12-more - did not produce a TEST-*.xml file
TestSparkCliDriver-timestamp_lazy.q-bucketsortoptimize_insert_4.q-date_udf.q-and-12-more - did not produce a TEST-*.xml file
org.apache.hive.jdbc.TestJdbcWithMiniHS2.testAddJarDataNucleusUnCaching
&lt;/pre&gt;
&lt;/div&gt;&lt;/div&gt;

&lt;p&gt;Test results: &lt;a href=&quot;http://ec2-174-129-184-35.compute-1.amazonaws.com/jenkins/job/PreCommit-HIVE-TRUNK-Build/7251/testReport&quot; class=&quot;external-link&quot; rel=&quot;nofollow&quot;&gt;http://ec2-174-129-184-35.compute-1.amazonaws.com/jenkins/job/PreCommit-HIVE-TRUNK-Build/7251/testReport&lt;/a&gt;&lt;br/&gt;
Console output: &lt;a href=&quot;http://ec2-174-129-184-35.compute-1.amazonaws.com/jenkins/job/PreCommit-HIVE-TRUNK-Build/7251/console&quot; class=&quot;external-link&quot; rel=&quot;nofollow&quot;&gt;http://ec2-174-129-184-35.compute-1.amazonaws.com/jenkins/job/PreCommit-HIVE-TRUNK-Build/7251/console&lt;/a&gt;&lt;br/&gt;
Test logs: &lt;a href=&quot;http://ec2-174-129-184-35.compute-1.amazonaws.com/logs/PreCommit-HIVE-TRUNK-Build-7251/&quot; class=&quot;external-link&quot; rel=&quot;nofollow&quot;&gt;http://ec2-174-129-184-35.compute-1.amazonaws.com/logs/PreCommit-HIVE-TRUNK-Build-7251/&lt;/a&gt;&lt;/p&gt;

&lt;p&gt;Messages:&lt;/p&gt;
&lt;div class=&quot;preformatted panel&quot; style=&quot;border-width: 1px;&quot;&gt;&lt;div class=&quot;preformattedContent panelContent&quot;&gt;
&lt;pre&gt;Executing org.apache.hive.ptest.execution.TestCheckPhase
Executing org.apache.hive.ptest.execution.PrepPhase
Executing org.apache.hive.ptest.execution.ExecutionPhase
Executing org.apache.hive.ptest.execution.ReportingPhase
Tests exited with: TestsFailedException: 7 tests failed
&lt;/pre&gt;
&lt;/div&gt;&lt;/div&gt;

&lt;p&gt;This message is automatically generated.&lt;/p&gt;

&lt;p&gt;ATTACHMENT ID: 12792967 - PreCommit-HIVE-TRUNK-Build&lt;/p&gt;</comment>
                            <comment id="15194446" author="prasanth_j" created="Tue, 15 Mar 2016 00:21:49 +0000"  >&lt;p&gt;Test failures are unrelated. &lt;a href=&quot;https://issues.apache.org/jira/secure/ViewProfile.jspa?name=gopalv&quot; class=&quot;user-hover&quot; rel=&quot;gopalv&quot;&gt;Gopal V&lt;/a&gt; Can you please review the latest patch? &lt;/p&gt;</comment>
                            <comment id="15195839" author="gopalv" created="Tue, 15 Mar 2016 18:11:46 +0000"  >&lt;p&gt;LGTM - +1.&lt;/p&gt;</comment>
                            <comment id="15195855" author="prasanth_j" created="Tue, 15 Mar 2016 18:17:42 +0000"  >&lt;p&gt;Committed to master. Thanks &lt;a href=&quot;https://issues.apache.org/jira/secure/ViewProfile.jspa?name=gopalv&quot; class=&quot;user-hover&quot; rel=&quot;gopalv&quot;&gt;Gopal V&lt;/a&gt; for the review!&lt;/p&gt;</comment>
                            <comment id="15207016" author="sershe" created="Tue, 22 Mar 2016 18:45:35 +0000"  >&lt;p&gt;Is it possible to rename &quot;Start&quot; and &quot;FInish&quot; to something less confusing? DAG startup, DAG runtime?&lt;/p&gt;</comment>
                    </comments>
                <issuelinks>
                            <issuelinktype id="12310000">
                    <name>Duplicate</name>
                                                                <inwardlinks description="is duplicated by">
                                        <issuelink>
            <issuekey id="12948638">HIVE-13256</issuekey>
        </issuelink>
                            </inwardlinks>
                                    </issuelinktype>
                            <issuelinktype id="10001">
                    <name>dependent</name>
                                            <outwardlinks description="depends upon">
                                        <issuelink>
            <issuekey id="12917385">HIVE-12558</issuekey>
        </issuelink>
                            </outwardlinks>
                                                        </issuelinktype>
                    </issuelinks>
                <attachments>
                            <attachment id="12791958" name="HIVE-13226.1.patch" size="8547" author="prasanth_j" created="Tue, 8 Mar 2016 08:22:28 +0000"/>
                            <attachment id="12791962" name="HIVE-13226.2.patch" size="9361" author="prasanth_j" created="Tue, 8 Mar 2016 08:59:26 +0000"/>
                            <attachment id="12792967" name="HIVE-13226.3.patch" size="10329" author="prasanth_j" created="Sat, 12 Mar 2016 20:33:30 +0000"/>
                            <attachment id="12791959" name="sampleoutput.png" size="56602" author="prasanth_j" created="Tue, 8 Mar 2016 08:24:20 +0000"/>
                    </attachments>
                <subtasks>
                    </subtasks>
                <customfields>
                                                <customfield id="customfield_12310310" key="com.atlassian.jira.toolkit:attachments">
                        <customfieldname>Attachment count</customfieldname>
                        <customfieldvalues>
                            <customfieldvalue>4.0</customfieldvalue>
                        </customfieldvalues>
                    </customfield>
                                                                                                                                                                                                                                                                                                                                                                                                                                                                                                                                <customfield id="customfield_12310220" key="com.atlassian.jira.ext.charting:firstresponsedate">
                        <customfieldname>Date of First Response</customfieldname>
                        <customfieldvalues>
                            <customfieldvalue>Tue, 8 Mar 2016 08:31:15 +0000</customfieldvalue>

                        </customfieldvalues>
                    </customfield>
                                                                                                                                                                                                                                                                                                                                                                                                                                            <customfield id="customfield_12310420" key="com.pyxis.greenhopper.jira:gh-global-rank">
                        <customfieldname>Global Rank</customfieldname>
                        <customfieldvalues>
                            <customfieldvalue>9223372036854775807</customfieldvalue>
                        </customfieldvalues>
                    </customfield>
                                                                                                                                                    <customfield id="customfield_12312521" key="com.atlassian.jira.toolkit:LastCommentDate">
                        <customfieldname>Last public comment date</customfieldname>
                        <customfieldvalues>
                            36 weeks, 4 days ago
                        </customfieldvalues>
                    </customfield>
                                                                                            <customfield id="customfield_12311820" key="com.pyxis.greenhopper.jira:gh-lexo-rank">
                        <customfieldname>Rank</customfieldname>
                        <customfieldvalues>
                            <customfieldvalue>0|i2ubkn:</customfieldvalue>

                        </customfieldvalues>
                    </customfield>
                                                                <customfield id="customfield_12310920" key="com.pyxis.greenhopper.jira:gh-global-rank">
                        <customfieldname>Rank (Obsolete)</customfieldname>
                        <customfieldvalues>
                            <customfieldvalue>9223372036854775807</customfieldvalue>
                        </customfieldvalues>
                    </customfield>
                                                                                                                                                                                                                                                                    <customfield id="customfield_12310320" key="com.atlassian.jira.plugin.system.customfieldtypes:multiversion">
                        <customfieldname>Target Version/s</customfieldname>
                        <customfieldvalues>
                                <customfieldvalue>12334255</customfieldvalue>
    
                        </customfieldvalues>
                    </customfield>
                                                                                            <customfield id="customfield_12310222" key="com.atlassian.jira.ext.charting:timeinstatus">
                        <customfieldname>Time in Status</customfieldname>
                        <customfieldvalues>
                            
                        </customfieldvalues>
                    </customfield>
                                                                                                                        </customfields>
    </item>
</channel>
</rss>