<!-- 
RSS generated by JIRA (6.3.4#6332-sha1:51bc225ef474afe3128b2f66878477f322397b16) at Fri Dec 02 23:48:38 UTC 2016

It is possible to restrict the fields that are returned in this document by specifying the 'field' parameter in your request.
For example, to request only the issue key and summary add field=key&field=summary to the URL of your request.
For example:
https://issues.apache.org/jira/si/jira.issueviews:issue-xml/HIVE-857/HIVE-857.xml?field=key&amp;field=summary
-->
<rss version="0.92" >
<channel>
    <title>ASF JIRA</title>
    <link>https://issues.apache.org/jira</link>
    <description>This file is an XML representation of an issue</description>
    <language>en-uk</language>    <build-info>
        <version>6.3.4</version>
        <build-number>6332</build-number>
        <build-date>15-08-2014</build-date>
    </build-info>

<item>
            <title>[HIVE-857] Transform should produce objects in the same type as specified at runtime</title>
                <link>https://issues.apache.org/jira/browse/HIVE-857</link>
                <project id="12310843" key="HIVE">Hive</project>
                    <description>&lt;p&gt;The following code fails at runtime, because the &quot;clicked&quot; field produced by &quot;transform&quot; is actually of type String at runtime, instead of boolean.&lt;/p&gt;


&lt;div class=&quot;code panel&quot; style=&quot;border-width: 1px;&quot;&gt;&lt;div class=&quot;codeContent panelContent&quot;&gt;
&lt;pre class=&quot;code-java&quot;&gt;
INSERT OVERWRITE TABLE feature_index
SELECT
 temp.feature,
 temp.ad_id,
 sum(&lt;span class=&quot;code-keyword&quot;&gt;if&lt;/span&gt;(temp.clicked, 1, 0)) / &lt;span class=&quot;code-keyword&quot;&gt;cast&lt;/span&gt;(count(temp.clicked) as DOUBLE) as clicked_percent
FROM (
 SELECT concat(&apos;ua:&apos;, trim(lower(ua.feature))) as feature, ua.ad_id, ua.clicked
 FROM (
  MAP raw_logs.user_agent, raw_logs.ad_id, raw_logs.clicked
  USING &apos;my.py&apos; as (feature STRING, ad_id STRING, clicked BOOLEAN)
  FROM raw_logs
 ) ua
) temp
GROUP BY temp.feature, temp.ad_id;
&lt;/pre&gt;
&lt;/div&gt;&lt;/div&gt;</description>
                <environment></environment>
        <key id="12436641">HIVE-857</key>
            <summary>Transform should produce objects in the same type as specified at runtime</summary>
                <type id="1" iconUrl="https://issues.apache.org/jira/images/icons/issuetypes/bug.png">Bug</type>
                                            <priority id="3" iconUrl="https://issues.apache.org/jira/images/icons/priorities/major.png">Major</priority>
                        <status id="6" iconUrl="https://issues.apache.org/jira/images/icons/statuses/closed.png" description="The issue is considered finished, the resolution is correct. Issues which are closed can be reopened.">Closed</status>
                    <statusCategory id="3" key="done" colorName="green"/>
                                    <resolution id="1">Fixed</resolution>
                                        <assignee username="zshao">Zheng Shao</assignee>
                                    <reporter username="zshao">Zheng Shao</reporter>
                        <labels>
                    </labels>
                <created>Fri, 25 Sep 2009 21:03:30 +0000</created>
                <updated>Sat, 17 Dec 2011 00:06:44 +0000</updated>
                            <resolved>Wed, 30 Sep 2009 05:17:28 +0000</resolved>
                                    <version>0.4.0</version>
                                    <fixVersion>0.4.1</fixVersion>
                                    <component>Query Processor</component>
                        <due></due>
                            <votes>0</votes>
                                    <watches>1</watches>
                                                                <comments>
                            <comment id="12759744" author="zshao" created="Fri, 25 Sep 2009 21:04:19 +0000"  >&lt;p&gt;Explain and stack traces. Thanks for Andrew Hitchcock for reporting this:&lt;/p&gt;

&lt;div class=&quot;code panel&quot; style=&quot;border-width: 1px;&quot;&gt;&lt;div class=&quot;codeContent panelContent&quot;&gt;
&lt;pre class=&quot;code-java&quot;&gt;
EXPLAIN INSERT OVERWRITE TABLE feature_index
SELECT
 temp.feature,
 temp.ad_id,
 sum(&lt;span class=&quot;code-keyword&quot;&gt;if&lt;/span&gt;(temp.clicked, 1, 0)) / &lt;span class=&quot;code-keyword&quot;&gt;cast&lt;/span&gt;(count(temp.clicked) as DOUBLE) as clicked_percent
FROM (
 SELECT concat(&apos;ua:&apos;, trim(lower(ua.feature))) as feature, ua.ad_id, ua.clicked
 FROM (
  MAP raw_logs.user_agent, raw_logs.ad_id, raw_logs.clicked
  USING &apos;s3:&lt;span class=&quot;code-comment&quot;&gt;//anhi-test-programs/hive/split_user_agent.py&apos; as (feature STRING, ad_id STRING, clicked BOOLEAN)
&lt;/span&gt;  FROM raw_logs
 ) ua
) temp
GROUP BY temp.feature, temp.ad_id;

OK
ABSTRACT SYNTAX TREE:
  (TOK_QUERY (TOK_FROM (TOK_SUBQUERY (TOK_QUERY (TOK_FROM (TOK_SUBQUERY (TOK_QUERY (TOK_FROM (TOK_TABREF raw_logs)) (TOK_INSERT (TOK_DESTINATION (TOK_DIR TOK_TMP_FILE)) (TOK_SELECT (TOK_SELEXPR (TOK_TRANSFORM (TOK_EXPLIST (. (TOK_TABLE_OR_COL raw_logs) user_agent) (. (TOK_TABLE_OR_COL raw_logs) ad_id) (. (TOK_TABLE_OR_COL raw_logs) clicked)) &apos;s3:&lt;span class=&quot;code-comment&quot;&gt;//anhi-test-programs/hive/split_user_agent.py&apos; (TOK_TABCOLLIST (TOK_TABCOL feature TOK_STRING) (TOK_TABCOL ad_id TOK_STRING) (TOK_TABCOL clicked TOK_BOOLEAN))))))) ua)) (TOK_INSERT (TOK_DESTINATION (TOK_DIR TOK_TMP_FILE)) (TOK_SELECT (TOK_SELEXPR (TOK_FUNCTION concat &apos;ua:&apos; (TOK_FUNCTION trim (TOK_FUNCTION lower (. (TOK_TABLE_OR_COL ua) feature)))) feature) (TOK_SELEXPR (. (TOK_TABLE_OR_COL ua) ad_id)) (TOK_SELEXPR (. (TOK_TABLE_OR_COL ua) clicked))))) temp)) (TOK_INSERT (TOK_DESTINATION (TOK_TAB feature_index)) (TOK_SELECT (TOK_SELEXPR (. (TOK_TABLE_OR_COL temp) feature)) (TOK_SELEXPR (. (TOK_TABLE_OR_COL temp) ad_id)) (TOK_SELEXPR (/ (TOK_FUNCTION sum (TOK_FUNCTION &lt;span class=&quot;code-keyword&quot;&gt;if&lt;/span&gt; (. (TOK_TABLE_OR_COL temp) clicked) 1 0)) (TOK_FUNCTION TOK_DOUBLE (TOK_FUNCTION count (. (TOK_TABLE_OR_COL temp) clicked)))) clicked_percent)) (TOK_GROUPBY (. (TOK_TABLE_OR_COL temp) feature) (. (TOK_TABLE_OR_COL temp) ad_id))))
&lt;/span&gt;
STAGE DEPENDENCIES:
  Stage-1 is a root stage
  Stage-0 depends on stages: Stage-1

STAGE PLANS:
  Stage: Stage-1
    Map Reduce
      Alias -&amp;gt; Map Operator Tree:
        temp:ua:raw_logs 
          TableScan
            alias: raw_logs
            Select Operator
              expressions:
                    expr: user_agent
                    type: string
                    expr: ad_id
                    type: string
                    expr: clicked
                    type: &lt;span class=&quot;code-object&quot;&gt;boolean&lt;/span&gt;
              outputColumnNames: _col0, _col1, _col2
              Transform Operator
                command: s3:&lt;span class=&quot;code-comment&quot;&gt;//anhi-test-programs/hive/split_user_agent.py
&lt;/span&gt;                output info:
                    input format: org.apache.hadoop.mapred.TextInputFormat
                    output format: org.apache.hadoop.hive.ql.io.HiveIgnoreKeyTextOutputFormat
                Select Operator
                  expressions:
                        expr: concat(&apos;ua:&apos;, trim(lower(feature)))
                        type: string
                        expr: ad_id
                        type: string
                        expr: clicked
                        type: &lt;span class=&quot;code-object&quot;&gt;boolean&lt;/span&gt;
                  outputColumnNames: _col0, _col1, _col2
                  Select Operator
                    expressions:
                          expr: _col0
                          type: string
                          expr: _col1
                          type: string
                          expr: _col2
                          type: &lt;span class=&quot;code-object&quot;&gt;boolean&lt;/span&gt;
                    outputColumnNames: _col0, _col1, _col2
                    Group By Operator
                      aggregations:
                            expr: sum(&lt;span class=&quot;code-keyword&quot;&gt;if&lt;/span&gt;(_col2, 1, 0))
                            expr: count(_col2)
                      keys:
                            expr: _col0
                            type: string
                            expr: _col1
                            type: string
                      mode: hash
                      outputColumnNames: _col0, _col1, _col2, _col3
                      Reduce Output Operator
                        key expressions:
                              expr: _col0
                              type: string
                              expr: _col1
                              type: string
                        sort order: ++
                        Map-reduce partition columns:
                              expr: _col0
                              type: string
                              expr: _col1
                              type: string
                        tag: -1
                        value expressions:
                              expr: _col2
                              type: bigint
                              expr: _col3
                              type: bigint
      Reduce Operator Tree:
        Group By Operator
          aggregations:
                expr: sum(VALUE._col0)
                expr: count(VALUE._col1)
          keys:
                expr: KEY._col0
                type: string
                expr: KEY._col1
                type: string
          mode: mergepartial
          outputColumnNames: _col0, _col1, _col2, _col3
          Select Operator
            expressions:
                  expr: _col0
                  type: string
                  expr: _col1
                  type: string
                  expr: (UDFToDouble(_col2) / UDFToDouble(_col3))
                  type: &lt;span class=&quot;code-object&quot;&gt;double&lt;/span&gt;
            outputColumnNames: _col0, _col1, _col2
            File Output Operator
              compressed: &lt;span class=&quot;code-keyword&quot;&gt;false&lt;/span&gt;
              GlobalTableId: 1
              table:
                  input format: org.apache.hadoop.mapred.SequenceFileInputFormat
                  output format: org.apache.hadoop.hive.ql.io.HiveSequenceFileOutputFormat
                  serde: org.apache.hadoop.hive.serde2.lazy.LazySimpleSerDe
                  name: feature_index

  Stage: Stage-0
    Move Operator
      tables:
          replace: &lt;span class=&quot;code-keyword&quot;&gt;true&lt;/span&gt;
          table:
              input format: org.apache.hadoop.mapred.SequenceFileInputFormat
              output format: org.apache.hadoop.hive.ql.io.HiveSequenceFileOutputFormat
              serde: org.apache.hadoop.hive.serde2.lazy.LazySimpleSerDe
              name: feature_index


And the Hadoop stack trace:

java.lang.RuntimeException: Map &lt;span class=&quot;code-keyword&quot;&gt;operator&lt;/span&gt; initialization failed                                                                                                           
        at org.apache.hadoop.hive.ql.exec.ExecMapper.configure(ExecMapper.java:110)                                                                                      
        at org.apache.hadoop.util.ReflectionUtils.setConf(ReflectionUtils.java:58)                                                                                       
        at org.apache.hadoop.util.ReflectionUtils.newInstance(ReflectionUtils.java:82)                                                                                   
        at org.apache.hadoop.mapred.MapRunner.configure(MapRunner.java:33)                                                                                               
        at org.apache.hadoop.util.ReflectionUtils.setConf(ReflectionUtils.java:58)                                                                                       
        at org.apache.hadoop.util.ReflectionUtils.newInstance(ReflectionUtils.java:82)                                                                                   
        at org.apache.hadoop.mapred.MapTask.run(MapTask.java:224)                                                                                                        
        at org.apache.hadoop.mapred.TaskTracker$Child.main(TaskTracker.java:2204)                                                                                        
Caused by: org.apache.hadoop.hive.ql.metadata.HiveException: Cannot initialize ScriptOperator                                                                            
        at org.apache.hadoop.hive.ql.exec.ScriptOperator.initializeOp(ScriptOperator.java:266)                                                                           
        at org.apache.hadoop.hive.ql.exec.Operator.initialize(Operator.java:295)                                                                                         
        at org.apache.hadoop.hive.ql.exec.Operator.initialize(Operator.java:332)                                                                                         
        at org.apache.hadoop.hive.ql.exec.Operator.initializeChildren(Operator.java:317)                                                                                 
        at org.apache.hadoop.hive.ql.exec.SelectOperator.initializeOp(SelectOperator.java:58)                                                                            
        at org.apache.hadoop.hive.ql.exec.Operator.initialize(Operator.java:295)                                                                                         
        at org.apache.hadoop.hive.ql.exec.Operator.initialize(Operator.java:332)                                                                                         
        at org.apache.hadoop.hive.ql.exec.Operator.initializeChildren(Operator.java:317)                                                                                 
        at org.apache.hadoop.hive.ql.exec.Operator.initializeOp(Operator.java:303)                                                                                       
        at org.apache.hadoop.hive.ql.exec.Operator.initialize(Operator.java:295)                                                                                         
        at org.apache.hadoop.hive.ql.exec.MapOperator.initializeOp(MapOperator.java:301)                                                                                 
        at org.apache.hadoop.hive.ql.exec.Operator.initialize(Operator.java:295)                                                                                         
        at org.apache.hadoop.hive.ql.exec.ExecMapper.configure(ExecMapper.java:82)                                                                                       
        ... 7 more                                                                                                                                                       
Caused by: org.apache.hadoop.hive.ql.exec.UDFArgumentTypeException: The first argument of function IF should be &lt;span class=&quot;code-quote&quot;&gt;&quot;&lt;span class=&quot;code-object&quot;&gt;boolean&lt;/span&gt;&quot;&lt;/span&gt;, but &lt;span class=&quot;code-quote&quot;&gt;&quot;string&quot;&lt;/span&gt;                                  
 is found                                                                                                                                                                
        at org.apache.hadoop.hive.ql.udf.&lt;span class=&quot;code-keyword&quot;&gt;generic&lt;/span&gt;.GenericUDFIf.initialize(GenericUDFIf.java:58)                                                                           
        at org.apache.hadoop.hive.ql.exec.ExprNodeGenericFuncEvaluator.initialize(ExprNodeGenericFuncEvaluator.java:77)                                                  
        at org.apache.hadoop.hive.ql.exec.GroupByOperator.initializeOp(GroupByOperator.java:179)                                                                         
        at org.apache.hadoop.hive.ql.exec.Operator.initialize(Operator.java:295)                                                                                         
        at org.apache.hadoop.hive.ql.exec.Operator.initialize(Operator.java:332)                                                                                         
        at org.apache.hadoop.hive.ql.exec.Operator.initializeChildren(Operator.java:317)                                                                                 
        at org.apache.hadoop.hive.ql.exec.SelectOperator.initializeOp(SelectOperator.java:58)                                                                            
        at org.apache.hadoop.hive.ql.exec.Operator.initialize(Operator.java:295)                                                                                         
        at org.apache.hadoop.hive.ql.exec.Operator.initialize(Operator.java:332)                                                                                         
        at org.apache.hadoop.hive.ql.exec.Operator.initializeChildren(Operator.java:317)                                                                                 
        at org.apache.hadoop.hive.ql.exec.SelectOperator.initializeOp(SelectOperator.java:58)                                                                            
        at org.apache.hadoop.hive.ql.exec.Operator.initialize(Operator.java:295)                                                                                         
        at org.apache.hadoop.hive.ql.exec.Operator.initialize(Operator.java:332)                                                                                         
        at org.apache.hadoop.hive.ql.exec.Operator.initializeChildren(Operator.java:317)                                                                                 
        at org.apache.hadoop.hive.ql.exec.ScriptOperator.initializeOp(ScriptOperator.java:262)                                                                           
        ... 19 more   
&lt;/pre&gt;
&lt;/div&gt;&lt;/div&gt;</comment>
                            <comment id="12759774" author="zshao" created="Fri, 25 Sep 2009 22:00:36 +0000"  >&lt;p&gt;This only affects 0.4.&lt;/p&gt;

&lt;p&gt;The transaction that added the new syntax is r803371,  &lt;a href=&quot;https://issues.apache.org/jira/browse/HIVE-743&quot; title=&quot;let user specify serde for custom scripts&quot; class=&quot;issue-link&quot; data-issue-key=&quot;HIVE-743&quot;&gt;&lt;del&gt;HIVE-743&lt;/del&gt;&lt;/a&gt;. Let user specify serde for custom sctipts. (Namit Jain via rmurthy)&lt;br/&gt;
The transaction that fixed the issue is r807330, &lt;a href=&quot;https://issues.apache.org/jira/browse/HIVE-708&quot; title=&quot;Add TypedBytes SerDe for transform&quot; class=&quot;issue-link&quot; data-issue-key=&quot;HIVE-708&quot;&gt;&lt;del&gt;HIVE-708&lt;/del&gt;&lt;/a&gt;. Add TypedBytes SerDe for transform. (Namit Jain via zshao).&lt;/p&gt;

&lt;p&gt;We may either pull in the whole of &lt;a href=&quot;https://issues.apache.org/jira/browse/HIVE-708&quot; title=&quot;Add TypedBytes SerDe for transform&quot; class=&quot;issue-link&quot; data-issue-key=&quot;HIVE-708&quot;&gt;&lt;del&gt;HIVE-708&lt;/del&gt;&lt;/a&gt; to branch 0.4, or split &lt;a href=&quot;https://issues.apache.org/jira/browse/HIVE-708&quot; title=&quot;Add TypedBytes SerDe for transform&quot; class=&quot;issue-link&quot; data-issue-key=&quot;HIVE-708&quot;&gt;&lt;del&gt;HIVE-708&lt;/del&gt;&lt;/a&gt;&apos;s transaction.&lt;/p&gt;
</comment>
                            <comment id="12759834" author="zshao" created="Sat, 26 Sep 2009 00:50:50 +0000"  >&lt;p&gt;This patch is mainly a subset of &lt;a href=&quot;https://issues.apache.org/jira/browse/HIVE-708&quot; title=&quot;Add TypedBytes SerDe for transform&quot; class=&quot;issue-link&quot; data-issue-key=&quot;HIVE-708&quot;&gt;&lt;del&gt;HIVE-708&lt;/del&gt;&lt;/a&gt;, which does NOT include TypedBytes. TypedBytes is a new feature - we do not need to propagate it back to branch-0.4.&lt;/p&gt;</comment>
                            <comment id="12760839" author="namit" created="Wed, 30 Sep 2009 05:17:28 +0000"  >&lt;p&gt;Committed, Thanks Zheng&lt;/p&gt;</comment>
                    </comments>
                    <attachments>
                            <attachment id="12420615" name="HIVE-857.1.patch" size="132012" author="zshao" created="Sat, 26 Sep 2009 00:50:49 +0000"/>
                    </attachments>
                <subtasks>
                    </subtasks>
                <customfields>
                                                <customfield id="customfield_12310310" key="com.atlassian.jira.toolkit:attachments">
                        <customfieldname>Attachment count</customfieldname>
                        <customfieldvalues>
                            <customfieldvalue>1.0</customfieldvalue>
                        </customfieldvalues>
                    </customfield>
                                                                                                                                                                                                                                                                                                                                                                                                                                                                                                                                <customfield id="customfield_12310220" key="com.atlassian.jira.ext.charting:firstresponsedate">
                        <customfieldname>Date of First Response</customfieldname>
                        <customfieldvalues>
                            <customfieldvalue>Wed, 30 Sep 2009 05:17:28 +0000</customfieldvalue>

                        </customfieldvalues>
                    </customfield>
                                                                                                                                                                                                                                                                                                                                                                                                                                            <customfield id="customfield_12310420" key="com.pyxis.greenhopper.jira:gh-global-rank">
                        <customfieldname>Global Rank</customfieldname>
                        <customfieldvalues>
                            <customfieldvalue>73260</customfieldvalue>
                        </customfieldvalues>
                    </customfield>
                                                                <customfield id="customfield_12310191" key="com.atlassian.jira.plugin.system.customfieldtypes:multicheckboxes">
                        <customfieldname>Hadoop Flags</customfieldname>
                        <customfieldvalues>
                                <customfieldvalue key="10343"><![CDATA[Reviewed]]></customfieldvalue>
    
                        </customfieldvalues>
                    </customfield>
                                                                                                                        <customfield id="customfield_12312521" key="com.atlassian.jira.toolkit:LastCommentDate">
                        <customfieldname>Last public comment date</customfieldname>
                        <customfieldvalues>
                            7 years, 10 weeks, 2 days ago
                        </customfieldvalues>
                    </customfield>
                                                                                            <customfield id="customfield_12311820" key="com.pyxis.greenhopper.jira:gh-lexo-rank">
                        <customfieldname>Rank</customfieldname>
                        <customfieldvalues>
                            <customfieldvalue>0|i0lc3r:</customfieldvalue>

                        </customfieldvalues>
                    </customfield>
                                                                <customfield id="customfield_12310920" key="com.pyxis.greenhopper.jira:gh-global-rank">
                        <customfieldname>Rank (Obsolete)</customfieldname>
                        <customfieldvalues>
                            <customfieldvalue>122611</customfieldvalue>
                        </customfieldvalues>
                    </customfield>
                                                                                                                                                                                                                                                                                                                            <customfield id="customfield_12310222" key="com.atlassian.jira.ext.charting:timeinstatus">
                        <customfieldname>Time in Status</customfieldname>
                        <customfieldvalues>
                            
                        </customfieldvalues>
                    </customfield>
                                                                                                                        </customfields>
    </item>
</channel>
</rss>