<!-- 
RSS generated by JIRA (6.3.4#6332-sha1:51bc225ef474afe3128b2f66878477f322397b16) at Fri Dec 02 11:30:33 UTC 2016

It is possible to restrict the fields that are returned in this document by specifying the 'field' parameter in your request.
For example, to request only the issue key and summary add field=key&field=summary to the URL of your request.
For example:
https://issues.apache.org/jira/si/jira.issueviews:issue-xml/HIVE-12886/HIVE-12886.xml?field=key&amp;field=summary
-->
<rss version="0.92" >
<channel>
    <title>ASF JIRA</title>
    <link>https://issues.apache.org/jira</link>
    <description>This file is an XML representation of an issue</description>
    <language>en-uk</language>    <build-info>
        <version>6.3.4</version>
        <build-number>6332</build-number>
        <build-date>15-08-2014</build-date>
    </build-info>

<item>
            <title>[HIVE-12886] invalid column reference error on grouping by constant</title>
                <link>https://issues.apache.org/jira/browse/HIVE-12886</link>
                <project id="12310843" key="HIVE">Hive</project>
                    <description>&lt;div class=&quot;code panel&quot; style=&quot;border-width: 1px;&quot;&gt;&lt;div class=&quot;codeContent panelContent&quot;&gt;
&lt;pre class=&quot;code-sql&quot;&gt;
CREATE TABLE some_table (c INT);
WITH t1 AS (
&lt;span class=&quot;code-keyword&quot;&gt;SELECT&lt;/span&gt;
0 AS a,
0 AS b
&lt;span class=&quot;code-keyword&quot;&gt;FROM&lt;/span&gt;
some_table
)
&lt;span class=&quot;code-keyword&quot;&gt;SELECT&lt;/span&gt;
  a,
  b,
  count(1) AS cnt
&lt;span class=&quot;code-keyword&quot;&gt;FROM&lt;/span&gt;
  t1
&lt;span class=&quot;code-keyword&quot;&gt;GROUP&lt;/span&gt; &lt;span class=&quot;code-keyword&quot;&gt;BY&lt;/span&gt;
  a,
  b
&lt;/pre&gt;
&lt;/div&gt;&lt;/div&gt;

&lt;p&gt;returns&lt;br/&gt;
Error: Error while compiling statement: FAILED: SemanticException [Error 10002]: Line 16:2 Invalid column reference &apos;b&apos; (state=42000,code=10002)&lt;/p&gt;</description>
                <environment></environment>
        <key id="12932199">HIVE-12886</key>
            <summary>invalid column reference error on grouping by constant</summary>
                <type id="1" iconUrl="https://issues.apache.org/jira/images/icons/issuetypes/bug.png">Bug</type>
                                            <priority id="3" iconUrl="https://issues.apache.org/jira/images/icons/priorities/major.png">Major</priority>
                        <status id="6" iconUrl="https://issues.apache.org/jira/images/icons/statuses/closed.png" description="The issue is considered finished, the resolution is correct. Issues which are closed can be reopened.">Closed</status>
                    <statusCategory id="3" key="done" colorName="green"/>
                                    <resolution id="1">Fixed</resolution>
                                        <assignee username="ychena">Yongzhi Chen</assignee>
                                    <reporter username="cvaliente">Clemens Valiente</reporter>
                        <labels>
                    </labels>
                <created>Mon, 18 Jan 2016 17:53:25 +0000</created>
                <updated>Tue, 21 Jun 2016 15:53:00 +0000</updated>
                            <resolved>Wed, 27 Jan 2016 18:53:59 +0000</resolved>
                                    <version>1.1.0</version>
                                    <fixVersion>1.3.0</fixVersion>
                    <fixVersion>2.1.0</fixVersion>
                                        <due></due>
                            <votes>0</votes>
                                    <watches>3</watches>
                                                                <comments>
                            <comment id="15108924" author="ychena" created="Wed, 20 Jan 2016 17:03:50 +0000"  >&lt;p&gt;&lt;a href=&quot;https://issues.apache.org/jira/secure/ViewProfile.jspa?name=cvaliente&quot; class=&quot;user-hover&quot; rel=&quot;cvaliente&quot;&gt;Clemens Valiente&lt;/a&gt;, it should be the same issue as &lt;a href=&quot;https://issues.apache.org/jira/browse/HIVE-12784&quot; title=&quot;Group by SemanticException: Invalid column reference&quot; class=&quot;issue-link&quot; data-issue-key=&quot;HIVE-12784&quot;&gt;&lt;del&gt;HIVE-12784&lt;/del&gt;&lt;/a&gt; , it is fixed in the master branch.&lt;/p&gt;</comment>
                    </comments>
                <issuelinks>
                            <issuelinktype id="10030">
                    <name>Reference</name>
                                            <outwardlinks description="relates to">
                                        <issuelink>
            <issuekey id="12927348">HIVE-12784</issuekey>
        </issuelink>
                            </outwardlinks>
                                                        </issuelinktype>
                    </issuelinks>
                <attachments>
                    </attachments>
                <subtasks>
                    </subtasks>
                <customfields>
                                                <customfield id="customfield_12310310" key="com.atlassian.jira.toolkit:attachments">
                        <customfieldname>Attachment count</customfieldname>
                        <customfieldvalues>
                            <customfieldvalue>0.0</customfieldvalue>
                        </customfieldvalues>
                    </customfield>
                                                                                                                                                                                                                                                                                                                                                                                                                                                                                                                                <customfield id="customfield_12310220" key="com.atlassian.jira.ext.charting:firstresponsedate">
                        <customfieldname>Date of First Response</customfieldname>
                        <customfieldvalues>
                            <customfieldvalue>Wed, 20 Jan 2016 17:03:50 +0000</customfieldvalue>

                        </customfieldvalues>
                    </customfield>
                                                                                                                                                                                                                                                                                                                                                                                                                                            <customfield id="customfield_12310420" key="com.pyxis.greenhopper.jira:gh-global-rank">
                        <customfieldname>Global Rank</customfieldname>
                        <customfieldvalues>
                            <customfieldvalue>9223372036854775807</customfieldvalue>
                        </customfieldvalues>
                    </customfield>
                                                                                                                                                    <customfield id="customfield_12312521" key="com.atlassian.jira.toolkit:LastCommentDate">
                        <customfieldname>Last public comment date</customfieldname>
                        <customfieldvalues>
                            45 weeks, 1 day ago
                        </customfieldvalues>
                    </customfield>
                                                                                            <customfield id="customfield_12311820" key="com.pyxis.greenhopper.jira:gh-lexo-rank">
                        <customfieldname>Rank</customfieldname>
                        <customfieldvalues>
                            <customfieldvalue>0|i2rndj:</customfieldvalue>

                        </customfieldvalues>
                    </customfield>
                                                                <customfield id="customfield_12310920" key="com.pyxis.greenhopper.jira:gh-global-rank">
                        <customfieldname>Rank (Obsolete)</customfieldname>
                        <customfieldvalues>
                            <customfieldvalue>9223372036854775807</customfieldvalue>
                        </customfieldvalues>
                    </customfield>
                                                                                                                                                                                                                                                                                                                            <customfield id="customfield_12310222" key="com.atlassian.jira.ext.charting:timeinstatus">
                        <customfieldname>Time in Status</customfieldname>
                        <customfieldvalues>
                            
                        </customfieldvalues>
                    </customfield>
                                                                                                                        </customfields>
    </item>
</channel>
</rss>