<!-- 
RSS generated by JIRA (6.3.4#6332-sha1:51bc225ef474afe3128b2f66878477f322397b16) at Sat Dec 03 00:52:09 UTC 2016

It is possible to restrict the fields that are returned in this document by specifying the 'field' parameter in your request.
For example, to request only the issue key and summary add field=key&field=summary to the URL of your request.
For example:
https://issues.apache.org/jira/si/jira.issueviews:issue-xml/HIVE-2732/HIVE-2732.xml?field=key&amp;field=summary
-->
<rss version="0.92" >
<channel>
    <title>ASF JIRA</title>
    <link>https://issues.apache.org/jira</link>
    <description>This file is an XML representation of an issue</description>
    <language>en-uk</language>    <build-info>
        <version>6.3.4</version>
        <build-number>6332</build-number>
        <build-date>15-08-2014</build-date>
    </build-info>

<item>
            <title>[HIVE-2732] Reduce Sink deduplication fails if the child reduce sink is followed by a join</title>
                <link>https://issues.apache.org/jira/browse/HIVE-2732</link>
                <project id="12310843" key="HIVE">Hive</project>
                    <description>&lt;p&gt;set hive.optimize.reducededuplication=true;&lt;br/&gt;
set hive.auto.convert.join=true;&lt;br/&gt;
explain select * from (select * from src distribute by key sort by key) a join src b on a.key = b.key;&lt;/p&gt;

&lt;p&gt;fails with the following exception&lt;/p&gt;

&lt;p&gt;java.lang.ClassCastException: org.apache.hadoop.hive.ql.exec.SelectOperator cannot be cast to org.apache.hadoop.hive.ql.exec.ReduceSinkOperator&lt;br/&gt;
	at org.apache.hadoop.hive.ql.optimizer.MapJoinProcessor.convertMapJoin(MapJoinProcessor.java:313)&lt;br/&gt;
	at org.apache.hadoop.hive.ql.optimizer.MapJoinProcessor.genMapJoinOpAndLocalWork(MapJoinProcessor.java:226)&lt;br/&gt;
	at org.apache.hadoop.hive.ql.optimizer.physical.CommonJoinResolver$CommonJoinTaskDispatcher.processCurrentTask(CommonJoinResolver.java:174)&lt;br/&gt;
	at org.apache.hadoop.hive.ql.optimizer.physical.CommonJoinResolver$CommonJoinTaskDispatcher.dispatch(CommonJoinResolver.java:287)&lt;br/&gt;
	at org.apache.hadoop.hive.ql.lib.TaskGraphWalker.dispatch(TaskGraphWalker.java:111)&lt;br/&gt;
	at org.apache.hadoop.hive.ql.lib.TaskGraphWalker.walk(TaskGraphWalker.java:194)&lt;br/&gt;
	at org.apache.hadoop.hive.ql.lib.TaskGraphWalker.startWalking(TaskGraphWalker.java:139)&lt;br/&gt;
	at org.apache.hadoop.hive.ql.optimizer.physical.CommonJoinResolver.resolve(CommonJoinResolver.java:68)&lt;br/&gt;
	at org.apache.hadoop.hive.ql.optimizer.physical.PhysicalOptimizer.optimize(PhysicalOptimizer.java:72)&lt;br/&gt;
	at org.apache.hadoop.hive.ql.parse.SemanticAnalyzer.genMapRedTasks(SemanticAnalyzer.java:7019)&lt;br/&gt;
	at org.apache.hadoop.hive.ql.parse.SemanticAnalyzer.analyzeInternal(SemanticAnalyzer.java:7312)&lt;br/&gt;
	at org.apache.hadoop.hive.ql.parse.BaseSemanticAnalyzer.analyze(BaseSemanticAnalyzer.java:243)&lt;br/&gt;
	at org.apache.hadoop.hive.ql.parse.ExplainSemanticAnalyzer.analyzeInternal(ExplainSemanticAnalyzer.java:48)&lt;br/&gt;
	at org.apache.hadoop.hive.ql.parse.BaseSemanticAnalyzer.analyze(BaseSemanticAnalyzer.java:243)&lt;br/&gt;
	at org.apache.hadoop.hive.ql.Driver.compile(Driver.java:430)&lt;br/&gt;
	at org.apache.hadoop.hive.ql.Driver.compile(Driver.java:337)&lt;br/&gt;
	at org.apache.hadoop.hive.ql.Driver.run(Driver.java:889)&lt;br/&gt;
	at org.apache.hadoop.hive.cli.CliDriver.processLocalCmd(CliDriver.java:255)&lt;br/&gt;
	at org.apache.hadoop.hive.cli.CliDriver.processCmd(CliDriver.java:212)&lt;br/&gt;
	at org.apache.hadoop.hive.cli.CliDriver.processLine(CliDriver.java:403)&lt;br/&gt;
	at org.apache.hadoop.hive.cli.CliDriver.run(CliDriver.java:671)&lt;br/&gt;
	at org.apache.hadoop.hive.cli.CliDriver.main(CliDriver.java:554)&lt;br/&gt;
	at sun.reflect.NativeMethodAccessorImpl.invoke0(Native Method)&lt;br/&gt;
	at sun.reflect.NativeMethodAccessorImpl.invoke(NativeMethodAccessorImpl.java:39)&lt;br/&gt;
	at sun.reflect.DelegatingMethodAccessorImpl.invoke(DelegatingMethodAccessorImpl.java:25)&lt;br/&gt;
	at java.lang.reflect.Method.invoke(Method.java:597)&lt;br/&gt;
	at org.apache.hadoop.util.RunJar.main(RunJar.java:156)&lt;/p&gt;

&lt;p&gt;If hive.auto.convert.join is set to false, it produces an incorrect plan where the two halves of the join are processed in two separate map reduce tasks, and the reducers of these two tasks both contain the join operator resulting in an exception.&lt;/p&gt;</description>
                <environment></environment>
        <key id="12539233">HIVE-2732</key>
            <summary>Reduce Sink deduplication fails if the child reduce sink is followed by a join</summary>
                <type id="1" iconUrl="https://issues.apache.org/jira/images/icons/issuetypes/bug.png">Bug</type>
                                            <priority id="3" iconUrl="https://issues.apache.org/jira/images/icons/priorities/major.png">Major</priority>
                        <status id="6" iconUrl="https://issues.apache.org/jira/images/icons/statuses/closed.png" description="The issue is considered finished, the resolution is correct. Issues which are closed can be reopened.">Closed</status>
                    <statusCategory id="3" key="done" colorName="green"/>
                                    <resolution id="1">Fixed</resolution>
                                        <assignee username="navis">Navis</assignee>
                                    <reporter username="kevinwilfong">Kevin Wilfong</reporter>
                        <labels>
                    </labels>
                <created>Sat, 21 Jan 2012 00:44:07 +0000</created>
                <updated>Thu, 10 Jan 2013 19:53:31 +0000</updated>
                            <resolved>Tue, 15 May 2012 20:06:48 +0000</resolved>
                                    <version>0.10.0</version>
                                    <fixVersion>0.10.0</fixVersion>
                                    <component>Query Processor</component>
                        <due></due>
                            <votes>0</votes>
                                    <watches>3</watches>
                                                                <comments>
                            <comment id="13212284" author="navis" created="Tue, 21 Feb 2012 01:33:40 +0000"  >&lt;p&gt;Join/MapJoins also should not be deduplicated.&lt;/p&gt;</comment>
                            <comment id="13212291" author="phabricator@reviews.facebook.net" created="Tue, 21 Feb 2012 01:49:34 +0000"  >&lt;p&gt;navis requested code review of &quot;&lt;a href=&quot;https://issues.apache.org/jira/browse/HIVE-2732&quot; title=&quot;Reduce Sink deduplication fails if the child reduce sink is followed by a join&quot; class=&quot;issue-link&quot; data-issue-key=&quot;HIVE-2732&quot;&gt;&lt;del&gt;HIVE-2732&lt;/del&gt;&lt;/a&gt; &lt;span class=&quot;error&quot;&gt;&amp;#91;jira&amp;#93;&lt;/span&gt; Reduce Sink deduplication fails if the child reduce sink is followed by a join&quot;.&lt;br/&gt;
Reviewers: JIRA&lt;/p&gt;

&lt;p&gt;  DPAL-854 Reduce Sink deduplication fails if the child reduce sink is followed by a join&lt;/p&gt;

&lt;p&gt;  set hive.optimize.reducededuplication=true;&lt;br/&gt;
  set hive.auto.convert.join=true;&lt;br/&gt;
  explain select * from (select * from src distribute by key sort by key) a join src b on a.key = b.key;&lt;/p&gt;

&lt;p&gt;  fails with the following exception&lt;/p&gt;

&lt;p&gt;  java.lang.ClassCastException: org.apache.hadoop.hive.ql.exec.SelectOperator cannot be cast to org.apache.hadoop.hive.ql.exec.ReduceSinkOperator&lt;br/&gt;
  	at org.apache.hadoop.hive.ql.optimizer.MapJoinProcessor.convertMapJoin(MapJoinProcessor.java:313)&lt;br/&gt;
  	at org.apache.hadoop.hive.ql.optimizer.MapJoinProcessor.genMapJoinOpAndLocalWork(MapJoinProcessor.java:226)&lt;br/&gt;
  	at org.apache.hadoop.hive.ql.optimizer.physical.CommonJoinResolver$CommonJoinTaskDispatcher.processCurrentTask(CommonJoinResolver.java:174)&lt;br/&gt;
  	at org.apache.hadoop.hive.ql.optimizer.physical.CommonJoinResolver$CommonJoinTaskDispatcher.dispatch(CommonJoinResolver.java:287)&lt;br/&gt;
  	at org.apache.hadoop.hive.ql.lib.TaskGraphWalker.dispatch(TaskGraphWalker.java:111)&lt;br/&gt;
  	at org.apache.hadoop.hive.ql.lib.TaskGraphWalker.walk(TaskGraphWalker.java:194)&lt;br/&gt;
  	at org.apache.hadoop.hive.ql.lib.TaskGraphWalker.startWalking(TaskGraphWalker.java:139)&lt;br/&gt;
  	at org.apache.hadoop.hive.ql.optimizer.physical.CommonJoinResolver.resolve(CommonJoinResolver.java:68)&lt;br/&gt;
  	at org.apache.hadoop.hive.ql.optimizer.physical.PhysicalOptimizer.optimize(PhysicalOptimizer.java:72)&lt;br/&gt;
  	at org.apache.hadoop.hive.ql.parse.SemanticAnalyzer.genMapRedTasks(SemanticAnalyzer.java:7019)&lt;br/&gt;
  	at org.apache.hadoop.hive.ql.parse.SemanticAnalyzer.analyzeInternal(SemanticAnalyzer.java:7312)&lt;br/&gt;
  	at org.apache.hadoop.hive.ql.parse.BaseSemanticAnalyzer.analyze(BaseSemanticAnalyzer.java:243)&lt;br/&gt;
  	at org.apache.hadoop.hive.ql.parse.ExplainSemanticAnalyzer.analyzeInternal(ExplainSemanticAnalyzer.java:48)&lt;br/&gt;
  	at org.apache.hadoop.hive.ql.parse.BaseSemanticAnalyzer.analyze(BaseSemanticAnalyzer.java:243)&lt;br/&gt;
  	at org.apache.hadoop.hive.ql.Driver.compile(Driver.java:430)&lt;br/&gt;
  	at org.apache.hadoop.hive.ql.Driver.compile(Driver.java:337)&lt;br/&gt;
  	at org.apache.hadoop.hive.ql.Driver.run(Driver.java:889)&lt;br/&gt;
  	at org.apache.hadoop.hive.cli.CliDriver.processLocalCmd(CliDriver.java:255)&lt;br/&gt;
  	at org.apache.hadoop.hive.cli.CliDriver.processCmd(CliDriver.java:212)&lt;br/&gt;
  	at org.apache.hadoop.hive.cli.CliDriver.processLine(CliDriver.java:403)&lt;br/&gt;
  	at org.apache.hadoop.hive.cli.CliDriver.run(CliDriver.java:671)&lt;br/&gt;
  	at org.apache.hadoop.hive.cli.CliDriver.main(CliDriver.java:554)&lt;br/&gt;
  	at sun.reflect.NativeMethodAccessorImpl.invoke0(Native Method)&lt;br/&gt;
  	at sun.reflect.NativeMethodAccessorImpl.invoke(NativeMethodAccessorImpl.java:39)&lt;br/&gt;
  	at sun.reflect.DelegatingMethodAccessorImpl.invoke(DelegatingMethodAccessorImpl.java:25)&lt;br/&gt;
  	at java.lang.reflect.Method.invoke(Method.java:597)&lt;br/&gt;
  	at org.apache.hadoop.util.RunJar.main(RunJar.java:156)&lt;/p&gt;

&lt;p&gt;  If hive.auto.convert.join is set to false, it produces an incorrect plan where the two halves of the join are processed in two separate map reduce tasks, and the reducers of these two tasks both contain the join operator resulting in an exception.&lt;/p&gt;

&lt;p&gt;TEST PLAN&lt;br/&gt;
  EMPTY&lt;/p&gt;

&lt;p&gt;REVISION DETAIL&lt;br/&gt;
  &lt;a href=&quot;https://reviews.facebook.net/D1809&quot; class=&quot;external-link&quot; rel=&quot;nofollow&quot;&gt;https://reviews.facebook.net/D1809&lt;/a&gt;&lt;/p&gt;

&lt;p&gt;AFFECTED FILES&lt;br/&gt;
  ql/src/java/org/apache/hadoop/hive/ql/optimizer/ReduceSinkDeDuplication.java&lt;br/&gt;
  ql/src/test/queries/clientpositive/reduce_deduplicate_exclude_gby.q&lt;br/&gt;
  ql/src/test/results/clientpositive/reduce_deduplicate_exclude_gby.q.out&lt;/p&gt;

&lt;p&gt;MANAGE HERALD DIFFERENTIAL RULES&lt;br/&gt;
  &lt;a href=&quot;https://reviews.facebook.net/herald/view/differential/&quot; class=&quot;external-link&quot; rel=&quot;nofollow&quot;&gt;https://reviews.facebook.net/herald/view/differential/&lt;/a&gt;&lt;/p&gt;

&lt;p&gt;WHY DID I GET THIS EMAIL?&lt;br/&gt;
  &lt;a href=&quot;https://reviews.facebook.net/herald/transcript/3855/&quot; class=&quot;external-link&quot; rel=&quot;nofollow&quot;&gt;https://reviews.facebook.net/herald/transcript/3855/&lt;/a&gt;&lt;/p&gt;

&lt;p&gt;Tip: use the X-Herald-Rules header to filter Herald messages in your client.&lt;/p&gt;</comment>
                            <comment id="13269323" author="phabricator@reviews.facebook.net" created="Mon, 7 May 2012 01:42:46 +0000"  >&lt;p&gt;navis updated the revision &quot;&lt;a href=&quot;https://issues.apache.org/jira/browse/HIVE-2732&quot; title=&quot;Reduce Sink deduplication fails if the child reduce sink is followed by a join&quot; class=&quot;issue-link&quot; data-issue-key=&quot;HIVE-2732&quot;&gt;&lt;del&gt;HIVE-2732&lt;/del&gt;&lt;/a&gt; &lt;span class=&quot;error&quot;&gt;&amp;#91;jira&amp;#93;&lt;/span&gt; Reduce Sink deduplication fails if the child reduce sink is followed by a join&quot;.&lt;br/&gt;
Reviewers: JIRA&lt;/p&gt;

&lt;p&gt;  1. Rebased &amp;amp; Fixed test case&lt;/p&gt;

&lt;p&gt;REVISION DETAIL&lt;br/&gt;
  &lt;a href=&quot;https://reviews.facebook.net/D1809&quot; class=&quot;external-link&quot; rel=&quot;nofollow&quot;&gt;https://reviews.facebook.net/D1809&lt;/a&gt;&lt;/p&gt;

&lt;p&gt;AFFECTED FILES&lt;br/&gt;
  ql/src/java/org/apache/hadoop/hive/ql/optimizer/ReduceSinkDeDuplication.java&lt;br/&gt;
  ql/src/test/queries/clientpositive/reduce_deduplicate_exclude_join.q&lt;br/&gt;
  ql/src/test/results/clientpositive/reduce_deduplicate_exclude_join.q.out&lt;/p&gt;</comment>
                            <comment id="13274797" author="namit" created="Mon, 14 May 2012 17:45:53 +0000"  >&lt;p&gt;+1&lt;/p&gt;

&lt;p&gt;Running tests&lt;/p&gt;</comment>
                            <comment id="13276173" author="namit" created="Tue, 15 May 2012 20:06:48 +0000"  >&lt;p&gt;Committed. Thanks Navis&lt;/p&gt;</comment>
                            <comment id="13276395" author="hudson" created="Wed, 16 May 2012 02:43:24 +0000"  >&lt;p&gt;Integrated in Hive-trunk-h0.21 #1433 (See &lt;a href=&quot;https://builds.apache.org/job/Hive-trunk-h0.21/1433/&quot; class=&quot;external-link&quot; rel=&quot;nofollow&quot;&gt;https://builds.apache.org/job/Hive-trunk-h0.21/1433/&lt;/a&gt;)&lt;br/&gt;
    &lt;a href=&quot;https://issues.apache.org/jira/browse/HIVE-2732&quot; title=&quot;Reduce Sink deduplication fails if the child reduce sink is followed by a join&quot; class=&quot;issue-link&quot; data-issue-key=&quot;HIVE-2732&quot;&gt;&lt;del&gt;HIVE-2732&lt;/del&gt;&lt;/a&gt; Reduce Sink deduplication fails if the child reduce sink is followed by a join&lt;br/&gt;
(Navis via namit) (Revision 1338871)&lt;/p&gt;

&lt;p&gt;     Result = FAILURE&lt;br/&gt;
namit : &lt;a href=&quot;http://svn.apache.org/viewcvs.cgi/?root=Apache-SVN&amp;amp;view=rev&amp;amp;rev=1338871&quot; class=&quot;external-link&quot; rel=&quot;nofollow&quot;&gt;http://svn.apache.org/viewcvs.cgi/?root=Apache-SVN&amp;amp;view=rev&amp;amp;rev=1338871&lt;/a&gt;&lt;br/&gt;
Files : &lt;/p&gt;
&lt;ul&gt;
	&lt;li&gt;/hive/trunk/ql/src/java/org/apache/hadoop/hive/ql/optimizer/ReduceSinkDeDuplication.java&lt;/li&gt;
	&lt;li&gt;/hive/trunk/ql/src/test/queries/clientpositive/reduce_deduplicate_exclude_join.q&lt;/li&gt;
	&lt;li&gt;/hive/trunk/ql/src/test/results/clientpositive/reduce_deduplicate_exclude_join.q.out&lt;/li&gt;
&lt;/ul&gt;
</comment>
                            <comment id="13548347" author="hudson" created="Wed, 9 Jan 2013 10:25:23 +0000"  >&lt;p&gt;Integrated in Hive-trunk-hadoop2 #54 (See &lt;a href=&quot;https://builds.apache.org/job/Hive-trunk-hadoop2/54/&quot; class=&quot;external-link&quot; rel=&quot;nofollow&quot;&gt;https://builds.apache.org/job/Hive-trunk-hadoop2/54/&lt;/a&gt;)&lt;br/&gt;
    &lt;a href=&quot;https://issues.apache.org/jira/browse/HIVE-2732&quot; title=&quot;Reduce Sink deduplication fails if the child reduce sink is followed by a join&quot; class=&quot;issue-link&quot; data-issue-key=&quot;HIVE-2732&quot;&gt;&lt;del&gt;HIVE-2732&lt;/del&gt;&lt;/a&gt; Reduce Sink deduplication fails if the child reduce sink is followed by a join&lt;br/&gt;
(Navis via namit) (Revision 1338871)&lt;/p&gt;

&lt;p&gt;     Result = ABORTED&lt;br/&gt;
namit : &lt;a href=&quot;http://svn.apache.org/viewcvs.cgi/?root=Apache-SVN&amp;amp;view=rev&amp;amp;rev=1338871&quot; class=&quot;external-link&quot; rel=&quot;nofollow&quot;&gt;http://svn.apache.org/viewcvs.cgi/?root=Apache-SVN&amp;amp;view=rev&amp;amp;rev=1338871&lt;/a&gt;&lt;br/&gt;
Files : &lt;/p&gt;
&lt;ul&gt;
	&lt;li&gt;/hive/trunk/ql/src/java/org/apache/hadoop/hive/ql/optimizer/ReduceSinkDeDuplication.java&lt;/li&gt;
	&lt;li&gt;/hive/trunk/ql/src/test/queries/clientpositive/reduce_deduplicate_exclude_join.q&lt;/li&gt;
	&lt;li&gt;/hive/trunk/ql/src/test/results/clientpositive/reduce_deduplicate_exclude_join.q.out&lt;/li&gt;
&lt;/ul&gt;
</comment>
                            <comment id="13550138" author="ashutoshc" created="Thu, 10 Jan 2013 19:53:31 +0000"  >&lt;p&gt;This issue is fixed and released as part of 0.10.0 release. If you find an issue which seems to be related to this one, please create a new jira and link this one with new jira.&lt;/p&gt;</comment>
                    </comments>
                <issuelinks>
                            <issuelinktype id="10030">
                    <name>Reference</name>
                                                                <inwardlinks description="is related to">
                                        <issuelink>
            <issuekey id="12515895">HIVE-2329</issuekey>
        </issuelink>
                            </inwardlinks>
                                    </issuelinktype>
                    </issuelinks>
                <attachments>
                            <attachment id="12515307" name="ASF.LICENSE.NOT.GRANTED--HIVE-2732.D1809.1.patch" size="4909" author="phabricator@reviews.facebook.net" created="Tue, 21 Feb 2012 01:49:35 +0000"/>
                            <attachment id="12525795" name="ASF.LICENSE.NOT.GRANTED--HIVE-2732.D1809.2.patch" size="10291" author="phabricator@reviews.facebook.net" created="Mon, 7 May 2012 01:42:47 +0000"/>
                    </attachments>
                <subtasks>
                    </subtasks>
                <customfields>
                                                <customfield id="customfield_12310310" key="com.atlassian.jira.toolkit:attachments">
                        <customfieldname>Attachment count</customfieldname>
                        <customfieldvalues>
                            <customfieldvalue>2.0</customfieldvalue>
                        </customfieldvalues>
                    </customfield>
                                                                                                                                                                                                                                                                                                                                                                                                                                                                                                                                <customfield id="customfield_12310220" key="com.atlassian.jira.ext.charting:firstresponsedate">
                        <customfieldname>Date of First Response</customfieldname>
                        <customfieldvalues>
                            <customfieldvalue>Tue, 21 Feb 2012 01:33:40 +0000</customfieldvalue>

                        </customfieldvalues>
                    </customfield>
                                                                                                                                                                                                                                                                                                                                                                                                                                            <customfield id="customfield_12310420" key="com.pyxis.greenhopper.jira:gh-global-rank">
                        <customfieldname>Global Rank</customfieldname>
                        <customfieldvalues>
                            <customfieldvalue>224735</customfieldvalue>
                        </customfieldvalues>
                    </customfield>
                                                                <customfield id="customfield_12310191" key="com.atlassian.jira.plugin.system.customfieldtypes:multicheckboxes">
                        <customfieldname>Hadoop Flags</customfieldname>
                        <customfieldvalues>
                                <customfieldvalue key="10343"><![CDATA[Reviewed]]></customfieldvalue>
    
                        </customfieldvalues>
                    </customfield>
                                                                                                                        <customfield id="customfield_12312521" key="com.atlassian.jira.toolkit:LastCommentDate">
                        <customfieldname>Last public comment date</customfieldname>
                        <customfieldvalues>
                            3 years, 47 weeks, 1 day ago
                        </customfieldvalues>
                    </customfield>
                                                                                            <customfield id="customfield_12311820" key="com.pyxis.greenhopper.jira:gh-lexo-rank">
                        <customfieldname>Rank</customfieldname>
                        <customfieldvalues>
                            <customfieldvalue>0|i02ujb:</customfieldvalue>

                        </customfieldvalues>
                    </customfield>
                                                                <customfield id="customfield_12310920" key="com.pyxis.greenhopper.jira:gh-global-rank">
                        <customfieldname>Rank (Obsolete)</customfieldname>
                        <customfieldvalues>
                            <customfieldvalue>14548</customfieldvalue>
                        </customfieldvalues>
                    </customfield>
                                                                                                                                                                                                                                                                                                                            <customfield id="customfield_12310222" key="com.atlassian.jira.ext.charting:timeinstatus">
                        <customfieldname>Time in Status</customfieldname>
                        <customfieldvalues>
                            
                        </customfieldvalues>
                    </customfield>
                                                                                                                        </customfields>
    </item>
</channel>
</rss>