<!-- 
RSS generated by JIRA (6.3.4#6332-sha1:51bc225ef474afe3128b2f66878477f322397b16) at Fri Dec 02 05:07:28 UTC 2016

It is possible to restrict the fields that are returned in this document by specifying the 'field' parameter in your request.
For example, to request only the issue key and summary add field=key&field=summary to the URL of your request.
For example:
https://issues.apache.org/jira/si/jira.issueviews:issue-xml/HIVE-13437/HIVE-13437.xml?field=key&amp;field=summary
-->
<rss version="0.92" >
<channel>
    <title>ASF JIRA</title>
    <link>https://issues.apache.org/jira</link>
    <description>This file is an XML representation of an issue</description>
    <language>en-uk</language>    <build-info>
        <version>6.3.4</version>
        <build-number>6332</build-number>
        <build-date>15-08-2014</build-date>
    </build-info>

<item>
            <title>[HIVE-13437] httpserver getPort does not return the actual port when attempting to use a dynamic port</title>
                <link>https://issues.apache.org/jira/browse/HIVE-13437</link>
                <project id="12310843" key="HIVE">Hive</project>
                    <description></description>
                <environment></environment>
        <key id="12956573">HIVE-13437</key>
            <summary>httpserver getPort does not return the actual port when attempting to use a dynamic port</summary>
                <type id="1" iconUrl="https://issues.apache.org/jira/images/icons/issuetypes/bug.png">Bug</type>
                                            <priority id="3" iconUrl="https://issues.apache.org/jira/images/icons/priorities/major.png">Major</priority>
                        <status id="6" iconUrl="https://issues.apache.org/jira/images/icons/statuses/closed.png" description="The issue is considered finished, the resolution is correct. Issues which are closed can be reopened.">Closed</status>
                    <statusCategory id="3" key="done" colorName="green"/>
                                    <resolution id="1">Fixed</resolution>
                                        <assignee username="sseth">Siddharth Seth</assignee>
                                    <reporter username="sseth">Siddharth Seth</reporter>
                        <labels>
                            <label>TODOC2.1</label>
                    </labels>
                <created>Wed, 6 Apr 2016 17:48:06 +0000</created>
                <updated>Tue, 21 Jun 2016 15:16:25 +0000</updated>
                            <resolved>Fri, 8 Apr 2016 21:39:28 +0000</resolved>
                                                    <fixVersion>2.1.0</fixVersion>
                                        <due></due>
                            <votes>0</votes>
                                    <watches>4</watches>
                                                                <comments>
                            <comment id="15228804" author="sseth" created="Wed, 6 Apr 2016 18:19:03 +0000"  >&lt;p&gt;Trivial patch. &lt;a href=&quot;https://issues.apache.org/jira/secure/ViewProfile.jspa?name=sershe&quot; class=&quot;user-hover&quot; rel=&quot;sershe&quot;&gt;Sergey Shelukhin&lt;/a&gt;, &lt;a href=&quot;https://issues.apache.org/jira/secure/ViewProfile.jspa?name=prasanth_j&quot; class=&quot;user-hover&quot; rel=&quot;prasanth_j&quot;&gt;Prasanth Jayachandran&lt;/a&gt; - could you please take a look.&lt;/p&gt;</comment>
                            <comment id="15228806" author="prasanth_j" created="Wed, 6 Apr 2016 18:20:43 +0000"  >&lt;p&gt;+1&lt;/p&gt;</comment>
                            <comment id="15228915" author="sershe" created="Wed, 6 Apr 2016 19:10:16 +0000"  >&lt;p&gt;Hmm... then what is the port field for? Will this still be correct for static port?&lt;/p&gt;</comment>
                            <comment id="15228960" author="sseth" created="Wed, 6 Apr 2016 19:43:42 +0000"  >&lt;p&gt;The port field is the initial configuration. I can rename that accordingly if you think this will be confusing.&lt;/p&gt;</comment>
                            <comment id="15228974" author="sershe" created="Wed, 6 Apr 2016 19:54:05 +0000"  >&lt;p&gt;Sure, that makes sense +1&lt;/p&gt;</comment>
                            <comment id="15229292" author="sseth" created="Wed, 6 Apr 2016 22:57:22 +0000"  >&lt;p&gt;Updated patch. Removes the port variable completely. Makes name mandatory, and adds a log line indicating the port on which the service was started.&lt;/p&gt;

&lt;p&gt;&lt;a href=&quot;https://issues.apache.org/jira/secure/ViewProfile.jspa?name=sershe&quot; class=&quot;user-hover&quot; rel=&quot;sershe&quot;&gt;Sergey Shelukhin&lt;/a&gt; - please take a look again.&lt;/p&gt;</comment>
                            <comment id="15232178" author="hiveqa" created="Fri, 8 Apr 2016 13:34:17 +0000"  >

&lt;p&gt;Here are the results of testing the latest attachment:&lt;br/&gt;
&lt;a href=&quot;https://issues.apache.org/jira/secure/attachment/12797402/HIVE-13437.02.patch&quot; class=&quot;external-link&quot; rel=&quot;nofollow&quot;&gt;https://issues.apache.org/jira/secure/attachment/12797402/HIVE-13437.02.patch&lt;/a&gt;&lt;/p&gt;

&lt;p&gt;&lt;font color=&quot;red&quot;&gt;ERROR:&lt;/font&gt; -1 due to no test(s) being added or modified.&lt;/p&gt;

&lt;p&gt;&lt;font color=&quot;red&quot;&gt;ERROR:&lt;/font&gt; -1 due to 51 failed/errored test(s), 9908 tests executed&lt;br/&gt;
&lt;b&gt;Failed tests:&lt;/b&gt;&lt;/p&gt;
&lt;div class=&quot;preformatted panel&quot; style=&quot;border-width: 1px;&quot;&gt;&lt;div class=&quot;preformattedContent panelContent&quot;&gt;
&lt;pre&gt;TestMiniTezCliDriver-dynpart_sort_optimization2.q-cte_mat_1.q-tez_bmj_schema_evolution.q-and-12-more - did not produce a TEST-*.xml file
TestMiniTezCliDriver-schema_evol_orc_acidvec_mapwork_part.q-vector_partitioned_date_time.q-vector_non_string_partition.q-and-12-more - did not produce a TEST-*.xml file
org.apache.hadoop.hive.cli.TestMiniSparkOnYarnCliDriver.testCliDriver_bucket4
org.apache.hadoop.hive.cli.TestMiniSparkOnYarnCliDriver.testCliDriver_bucket5
org.apache.hadoop.hive.cli.TestMiniSparkOnYarnCliDriver.testCliDriver_bucket6
org.apache.hadoop.hive.cli.TestMiniSparkOnYarnCliDriver.testCliDriver_disable_merge_for_bucketing
org.apache.hadoop.hive.cli.TestMiniSparkOnYarnCliDriver.testCliDriver_index_bitmap3
org.apache.hadoop.hive.cli.TestMiniSparkOnYarnCliDriver.testCliDriver_infer_bucket_sort_map_operators
org.apache.hadoop.hive.cli.TestMiniSparkOnYarnCliDriver.testCliDriver_infer_bucket_sort_num_buckets
org.apache.hadoop.hive.cli.TestMiniSparkOnYarnCliDriver.testCliDriver_infer_bucket_sort_reducers_power_two
org.apache.hadoop.hive.cli.TestMiniSparkOnYarnCliDriver.testCliDriver_list_bucket_dml_10
org.apache.hadoop.hive.cli.TestMiniSparkOnYarnCliDriver.testCliDriver_orc_merge1
org.apache.hadoop.hive.cli.TestMiniSparkOnYarnCliDriver.testCliDriver_orc_merge2
org.apache.hadoop.hive.cli.TestMiniSparkOnYarnCliDriver.testCliDriver_orc_merge9
org.apache.hadoop.hive.cli.TestMiniSparkOnYarnCliDriver.testCliDriver_orc_merge_diff_fs
org.apache.hadoop.hive.cli.TestMiniSparkOnYarnCliDriver.testCliDriver_reduce_deduplicate
org.apache.hadoop.hive.cli.TestMiniSparkOnYarnCliDriver.testCliDriver_vector_outer_join1
org.apache.hadoop.hive.cli.TestMiniSparkOnYarnCliDriver.testCliDriver_vector_outer_join2
org.apache.hadoop.hive.cli.TestMiniSparkOnYarnCliDriver.testCliDriver_vector_outer_join3
org.apache.hadoop.hive.cli.TestMiniSparkOnYarnCliDriver.testCliDriver_vector_outer_join4
org.apache.hadoop.hive.cli.TestMiniSparkOnYarnCliDriver.testCliDriver_vector_outer_join5
org.apache.hadoop.hive.llap.daemon.impl.comparator.TestShortestJobFirstComparator.testWaitQueueComparatorParallelism
org.apache.hadoop.hive.llap.daemon.impl.comparator.TestShortestJobFirstComparator.testWaitQueueComparatorWithinDagPriority
org.apache.hadoop.hive.llap.tezplugins.TestLlapTaskCommunicator.testFinishableStateUpdateFailure
org.apache.hadoop.hive.metastore.TestAuthzApiEmbedAuthorizerInRemote.org.apache.hadoop.hive.metastore.TestAuthzApiEmbedAuthorizerInRemote
org.apache.hadoop.hive.metastore.TestHiveMetaStorePartitionSpecs.testAddPartitions
org.apache.hadoop.hive.metastore.TestHiveMetaStorePartitionSpecs.testFetchingPartitionsWithDifferentSchemas
org.apache.hadoop.hive.metastore.TestHiveMetaStorePartitionSpecs.testGetPartitionSpecs_WithAndWithoutPartitionGrouping
org.apache.hadoop.hive.metastore.TestMetaStoreEndFunctionListener.testEndFunctionListener
org.apache.hadoop.hive.metastore.TestMetaStoreMetrics.org.apache.hadoop.hive.metastore.TestMetaStoreMetrics
org.apache.hadoop.hive.ql.TestTxnCommands2.testInitiatorWithMultipleFailedCompactions
org.apache.hadoop.hive.ql.security.TestClientSideAuthorizationProvider.testSimplePrivileges
org.apache.hadoop.hive.ql.security.TestExtendedAcls.org.apache.hadoop.hive.ql.security.TestExtendedAcls
org.apache.hadoop.hive.ql.security.TestFolderPermissions.org.apache.hadoop.hive.ql.security.TestFolderPermissions
org.apache.hadoop.hive.ql.security.TestMetastoreAuthorizationProvider.testSimplePrivileges
org.apache.hadoop.hive.ql.security.TestMultiAuthorizationPreEventListener.org.apache.hadoop.hive.ql.security.TestMultiAuthorizationPreEventListener
org.apache.hadoop.hive.ql.security.TestStorageBasedClientSideAuthorizationProvider.testSimplePrivileges
org.apache.hadoop.hive.ql.security.TestStorageBasedMetastoreAuthorizationDrops.testDropDatabase
org.apache.hadoop.hive.ql.security.TestStorageBasedMetastoreAuthorizationDrops.testDropPartition
org.apache.hadoop.hive.ql.security.TestStorageBasedMetastoreAuthorizationDrops.testDropTable
org.apache.hadoop.hive.ql.security.TestStorageBasedMetastoreAuthorizationProvider.testSimplePrivileges
org.apache.hadoop.hive.ql.security.TestStorageBasedMetastoreAuthorizationProviderWithACL.testSimplePrivileges
org.apache.hadoop.hive.ql.security.TestStorageBasedMetastoreAuthorizationReads.testReadDbFailure
org.apache.hadoop.hive.ql.security.TestStorageBasedMetastoreAuthorizationReads.testReadDbSuccess
org.apache.hadoop.hive.ql.security.TestStorageBasedMetastoreAuthorizationReads.testReadTableFailure
org.apache.hadoop.hive.thrift.TestHadoopAuthBridge23.testDelegationTokenSharedStore
org.apache.hadoop.hive.thrift.TestHadoopAuthBridge23.testMetastoreProxyUser
org.apache.hadoop.hive.thrift.TestHadoopAuthBridge23.testSaslWithHiveMetaStore
org.apache.hive.hcatalog.listener.TestDbNotificationListener.dropDatabase
org.apache.hive.minikdc.TestJdbcWithDBTokenStore.org.apache.hive.minikdc.TestJdbcWithDBTokenStore
org.apache.hive.spark.client.TestSparkClient.testSyncRpc
&lt;/pre&gt;
&lt;/div&gt;&lt;/div&gt;

&lt;p&gt;Test results: &lt;a href=&quot;http://ec2-174-129-184-35.compute-1.amazonaws.com/jenkins/job/PreCommit-HIVE-TRUNK-Build/7510/testReport&quot; class=&quot;external-link&quot; rel=&quot;nofollow&quot;&gt;http://ec2-174-129-184-35.compute-1.amazonaws.com/jenkins/job/PreCommit-HIVE-TRUNK-Build/7510/testReport&lt;/a&gt;&lt;br/&gt;
Console output: &lt;a href=&quot;http://ec2-174-129-184-35.compute-1.amazonaws.com/jenkins/job/PreCommit-HIVE-TRUNK-Build/7510/console&quot; class=&quot;external-link&quot; rel=&quot;nofollow&quot;&gt;http://ec2-174-129-184-35.compute-1.amazonaws.com/jenkins/job/PreCommit-HIVE-TRUNK-Build/7510/console&lt;/a&gt;&lt;br/&gt;
Test logs: &lt;a href=&quot;http://ec2-174-129-184-35.compute-1.amazonaws.com/logs/PreCommit-HIVE-TRUNK-Build-7510/&quot; class=&quot;external-link&quot; rel=&quot;nofollow&quot;&gt;http://ec2-174-129-184-35.compute-1.amazonaws.com/logs/PreCommit-HIVE-TRUNK-Build-7510/&lt;/a&gt;&lt;/p&gt;

&lt;p&gt;Messages:&lt;/p&gt;
&lt;div class=&quot;preformatted panel&quot; style=&quot;border-width: 1px;&quot;&gt;&lt;div class=&quot;preformattedContent panelContent&quot;&gt;
&lt;pre&gt;Executing org.apache.hive.ptest.execution.TestCheckPhase
Executing org.apache.hive.ptest.execution.PrepPhase
Executing org.apache.hive.ptest.execution.ExecutionPhase
Executing org.apache.hive.ptest.execution.ReportingPhase
Tests exited with: TestsFailedException: 51 tests failed
&lt;/pre&gt;
&lt;/div&gt;&lt;/div&gt;

&lt;p&gt;This message is automatically generated.&lt;/p&gt;

&lt;p&gt;ATTACHMENT ID: 12797402 - PreCommit-HIVE-TRUNK-Build&lt;/p&gt;</comment>
                            <comment id="15233005" author="sseth" created="Fri, 8 Apr 2016 21:38:09 +0000"  >&lt;p&gt;Test failures are unrelated. Ran a set of them locally without any issues. Committing.&lt;/p&gt;</comment>
                            <comment id="15233124" author="lefty@hortonworks.com" created="Fri, 8 Apr 2016 23:04:15 +0000"  >&lt;p&gt;Does this need to be documented in the wiki?&lt;/p&gt;</comment>
                            <comment id="15233245" author="sseth" created="Sat, 9 Apr 2016 01:01:21 +0000"  >&lt;p&gt;After the HiveServer web ui configuration is documented, we can add a note there to say that 0 is a valid port, and will bring up the UI on a random port.&lt;/p&gt;</comment>
                            <comment id="15233425" author="lefty@hortonworks.com" created="Sat, 9 Apr 2016 07:35:11 +0000"  >&lt;p&gt;Okay, I&apos;ll add a TODOC2.1 label as a reminder.  Thanks.&lt;/p&gt;</comment>
                    </comments>
                    <attachments>
                            <attachment id="12797353" name="HIVE-13437.01.patch" size="441" author="sseth" created="Wed, 6 Apr 2016 18:19:03 +0000"/>
                            <attachment id="12797402" name="HIVE-13437.02.patch" size="5172" author="sseth" created="Wed, 6 Apr 2016 22:57:22 +0000"/>
                    </attachments>
                <subtasks>
                    </subtasks>
                <customfields>
                                                <customfield id="customfield_12310310" key="com.atlassian.jira.toolkit:attachments">
                        <customfieldname>Attachment count</customfieldname>
                        <customfieldvalues>
                            <customfieldvalue>2.0</customfieldvalue>
                        </customfieldvalues>
                    </customfield>
                                                                                                                                                                                                                                                                                                                                                                                                                                                                                                                                <customfield id="customfield_12310220" key="com.atlassian.jira.ext.charting:firstresponsedate">
                        <customfieldname>Date of First Response</customfieldname>
                        <customfieldvalues>
                            <customfieldvalue>Wed, 6 Apr 2016 18:20:43 +0000</customfieldvalue>

                        </customfieldvalues>
                    </customfield>
                                                                                                                                                                                                                                                                                                                                                                                                                                            <customfield id="customfield_12310420" key="com.pyxis.greenhopper.jira:gh-global-rank">
                        <customfieldname>Global Rank</customfieldname>
                        <customfieldvalues>
                            <customfieldvalue>9223372036854775807</customfieldvalue>
                        </customfieldvalues>
                    </customfield>
                                                                                                                                                    <customfield id="customfield_12312521" key="com.atlassian.jira.toolkit:LastCommentDate">
                        <customfieldname>Last public comment date</customfieldname>
                        <customfieldvalues>
                            33 weeks, 5 days ago
                        </customfieldvalues>
                    </customfield>
                                                                                            <customfield id="customfield_12311820" key="com.pyxis.greenhopper.jira:gh-lexo-rank">
                        <customfieldname>Rank</customfieldname>
                        <customfieldvalues>
                            <customfieldvalue>0|i2vqg7:</customfieldvalue>

                        </customfieldvalues>
                    </customfield>
                                                                <customfield id="customfield_12310920" key="com.pyxis.greenhopper.jira:gh-global-rank">
                        <customfieldname>Rank (Obsolete)</customfieldname>
                        <customfieldvalues>
                            <customfieldvalue>9223372036854775807</customfieldvalue>
                        </customfieldvalues>
                    </customfield>
                                                                                                                                                                                                                                                                    <customfield id="customfield_12310320" key="com.atlassian.jira.plugin.system.customfieldtypes:multiversion">
                        <customfieldname>Target Version/s</customfieldname>
                        <customfieldvalues>
                                <customfieldvalue>12334255</customfieldvalue>
    
                        </customfieldvalues>
                    </customfield>
                                                                                            <customfield id="customfield_12310222" key="com.atlassian.jira.ext.charting:timeinstatus">
                        <customfieldname>Time in Status</customfieldname>
                        <customfieldvalues>
                            
                        </customfieldvalues>
                    </customfield>
                                                                                                                        </customfields>
    </item>
</channel>
</rss>