<!-- 
RSS generated by JIRA (6.3.4#6332-sha1:51bc225ef474afe3128b2f66878477f322397b16) at Sat Dec 03 23:19:58 UTC 2016

It is possible to restrict the fields that are returned in this document by specifying the 'field' parameter in your request.
For example, to request only the issue key and summary add field=key&field=summary to the URL of your request.
For example:
https://issues.apache.org/jira/si/jira.issueviews:issue-xml/HIVE-4988/HIVE-4988.xml?field=key&amp;field=summary
-->
<rss version="0.92" >
<channel>
    <title>ASF JIRA</title>
    <link>https://issues.apache.org/jira</link>
    <description>This file is an XML representation of an issue</description>
    <language>en-uk</language>    <build-info>
        <version>6.3.4</version>
        <build-number>6332</build-number>
        <build-date>15-08-2014</build-date>
    </build-info>

<item>
            <title>[HIVE-4988] HCatalog Pig Adapter test does not compile under hadoop2</title>
                <link>https://issues.apache.org/jira/browse/HIVE-4988</link>
                <project id="12310843" key="HIVE">Hive</project>
                    <description>&lt;div class=&quot;preformatted panel&quot; style=&quot;border-width: 1px;&quot;&gt;&lt;div class=&quot;preformattedContent panelContent&quot;&gt;
&lt;pre&gt;compile-test:
     [echo] hcatalog-pig-adapter
    [mkdir] Created dir: /home/brock/workspaces/hive-apache/hive/hcatalog/hcatalog-pig-adapter/build/test/classes
    [javac] Compiling 14 source files to /home/brock/workspaces/hive-apache/hive/hcatalog/hcatalog-pig-adapter/build/test/classes
    [javac] /home/brock/workspaces/hive-apache/hive/hcatalog/hcatalog-pig-adapter/src/test/java/org/apache/hcatalog/pig/TestE2EScenarios.java:196: org.apache.hadoop.mapreduce.TaskAttemptContext is abstract; cannot be instantiated
    [javac]         TaskAttemptContext rtaskContext = new TaskAttemptContext(conf , taskId );
    [javac]                                           ^
    [javac] Note: Some input files use or override a deprecated API.
    [javac] Note: Recompile with -Xlint:deprecation for details.
    [javac] 1 error
&lt;/pre&gt;
&lt;/div&gt;&lt;/div&gt;</description>
                <environment></environment>
        <key id="12661427">HIVE-4988</key>
            <summary>HCatalog Pig Adapter test does not compile under hadoop2</summary>
                <type id="7" iconUrl="https://issues.apache.org/jira/images/icons/issuetypes/subtask_alternate.png">Sub-task</type>
                            <parent id="12629407">HIVE-3949</parent>
                                    <priority id="3" iconUrl="https://issues.apache.org/jira/images/icons/priorities/major.png">Major</priority>
                        <status id="5" iconUrl="https://issues.apache.org/jira/images/icons/statuses/resolved.png" description="A resolution has been taken, and it is awaiting verification by reporter. From here issues are either reopened, or are closed.">Resolved</status>
                    <statusCategory id="3" key="done" colorName="green"/>
                                    <resolution id="3">Duplicate</resolution>
                                        <assignee username="-1">Unassigned</assignee>
                                    <reporter username="brocknoland">Brock Noland</reporter>
                        <labels>
                    </labels>
                <created>Fri, 2 Aug 2013 16:36:21 +0000</created>
                <updated>Mon, 5 Aug 2013 19:07:12 +0000</updated>
                            <resolved>Mon, 5 Aug 2013 19:07:12 +0000</resolved>
                                                                        <due></due>
                            <votes>0</votes>
                                    <watches>1</watches>
                                                                <comments>
                            <comment id="13729826" author="brocknoland" created="Mon, 5 Aug 2013 19:07:06 +0000"  >&lt;p&gt;&lt;a href=&quot;https://issues.apache.org/jira/browse/HIVE-4388&quot; title=&quot;Upgrade HBase to 0.96&quot; class=&quot;issue-link&quot; data-issue-key=&quot;HIVE-4388&quot;&gt;&lt;del&gt;HIVE-4388&lt;/del&gt;&lt;/a&gt; requires this and since it&apos;s a small change I included it.&lt;/p&gt;</comment>
                    </comments>
                <issuelinks>
                            <issuelinktype id="12310051">
                    <name>Supercedes</name>
                                                                <inwardlinks description="is superceded by">
                                        <issuelink>
            <issuekey id="12643803">HIVE-4388</issuekey>
        </issuelink>
                            </inwardlinks>
                                    </issuelinktype>
                    </issuelinks>
                <attachments>
                    </attachments>
                <subtasks>
                    </subtasks>
                <customfields>
                                                <customfield id="customfield_12310310" key="com.atlassian.jira.toolkit:attachments">
                        <customfieldname>Attachment count</customfieldname>
                        <customfieldvalues>
                            <customfieldvalue>0.0</customfieldvalue>
                        </customfieldvalues>
                    </customfield>
                                                                                                                                                                                                                                                                                                                                                                                                                                                                                                                                                                                                                                                                                                                                                                                                                                                                                                                                        <customfield id="customfield_12310420" key="com.pyxis.greenhopper.jira:gh-global-rank">
                        <customfieldname>Global Rank</customfieldname>
                        <customfieldvalues>
                            <customfieldvalue>341616</customfieldvalue>
                        </customfieldvalues>
                    </customfield>
                                                                                                                                                    <customfield id="customfield_12312521" key="com.atlassian.jira.toolkit:LastCommentDate">
                        <customfieldname>Last public comment date</customfieldname>
                        <customfieldvalues>
                            3 years, 17 weeks, 5 days ago
                        </customfieldvalues>
                    </customfield>
                                                                                            <customfield id="customfield_12311820" key="com.pyxis.greenhopper.jira:gh-lexo-rank">
                        <customfieldname>Rank</customfieldname>
                        <customfieldvalues>
                            <customfieldvalue>0|i1mwzr:</customfieldvalue>

                        </customfieldvalues>
                    </customfield>
                                                                <customfield id="customfield_12310920" key="com.pyxis.greenhopper.jira:gh-global-rank">
                        <customfieldname>Rank (Obsolete)</customfieldname>
                        <customfieldvalues>
                            <customfieldvalue>341923</customfieldvalue>
                        </customfieldvalues>
                    </customfield>
                                                                                                                                                                                                                                                                                                                            <customfield id="customfield_12310222" key="com.atlassian.jira.ext.charting:timeinstatus">
                        <customfieldname>Time in Status</customfieldname>
                        <customfieldvalues>
                            
                        </customfieldvalues>
                    </customfield>
                                                                                                                        </customfields>
    </item>
</channel>
</rss>