<!-- 
RSS generated by JIRA (6.3.4#6332-sha1:51bc225ef474afe3128b2f66878477f322397b16) at Fri Dec 02 23:28:48 UTC 2016

It is possible to restrict the fields that are returned in this document by specifying the 'field' parameter in your request.
For example, to request only the issue key and summary add field=key&field=summary to the URL of your request.
For example:
https://issues.apache.org/jira/si/jira.issueviews:issue-xml/HIVE-261/HIVE-261.xml?field=key&amp;field=summary
-->
<rss version="0.92" >
<channel>
    <title>ASF JIRA</title>
    <link>https://issues.apache.org/jira</link>
    <description>This file is an XML representation of an issue</description>
    <language>en-uk</language>    <build-info>
        <version>6.3.4</version>
        <build-number>6332</build-number>
        <build-date>15-08-2014</build-date>
    </build-info>

<item>
            <title>[HIVE-261] union all query hangs</title>
                <link>https://issues.apache.org/jira/browse/HIVE-261</link>
                <project id="12310843" key="HIVE">Hive</project>
                    <description>&lt;p&gt;we have this query:&lt;/p&gt;

&lt;p&gt;SELECT a.u, b.id FROM (&lt;br/&gt;
 SELECT a1.u, a1.id as id FROM t_1 a1 WHERE a1.date = &apos;2009-01-01&apos; UNION ALL&lt;br/&gt;
 SELECT a2.u, a2.id as id FROM t_2 a2 WHERE a2.date = &apos;2009-01-01&apos; UNION ALL&lt;br/&gt;
 ...&lt;br/&gt;
 SELECT aN.u, aN.id as id FROM t_N an WHERE aN.date = &apos;2009-01-01&apos;&lt;br/&gt;
) a &lt;br/&gt;
JOIN t b ON a.id = b.id WHERE b.date=&apos;2009-01-01&apos; &lt;br/&gt;
GROUP BY a.u, b.id&lt;/p&gt;

&lt;p&gt;When we union more than 20 tables, the query will hang. It looks like something wrong in the compiler.&lt;/p&gt;</description>
                <environment></environment>
        <key id="12413576">HIVE-261</key>
            <summary>union all query hangs</summary>
                <type id="1" iconUrl="https://issues.apache.org/jira/images/icons/issuetypes/bug.png">Bug</type>
                                            <priority id="3" iconUrl="https://issues.apache.org/jira/images/icons/priorities/major.png">Major</priority>
                        <status id="5" iconUrl="https://issues.apache.org/jira/images/icons/statuses/resolved.png" description="A resolution has been taken, and it is awaiting verification by reporter. From here issues are either reopened, or are closed.">Resolved</status>
                    <statusCategory id="3" key="done" colorName="green"/>
                                    <resolution id="3">Duplicate</resolution>
                                        <assignee username="namit">Namit Jain</assignee>
                                    <reporter username="hliu">Hao Liu</reporter>
                        <labels>
                    </labels>
                <created>Thu, 29 Jan 2009 23:58:34 +0000</created>
                <updated>Thu, 26 Mar 2009 00:04:49 +0000</updated>
                            <resolved>Thu, 26 Mar 2009 00:04:49 +0000</resolved>
                                                                    <component>Query Processor</component>
                        <due></due>
                            <votes>1</votes>
                                    <watches>1</watches>
                                                                <comments>
                            <comment id="12669815" author="zshao" created="Tue, 3 Feb 2009 00:43:07 +0000"  >&lt;div class=&quot;code panel&quot; style=&quot;border-width: 1px;&quot;&gt;&lt;div class=&quot;codeContent panelContent&quot;&gt;
&lt;pre class=&quot;code-java&quot;&gt;
sed &apos;s@msgs.push(&lt;span class=&quot;code-quote&quot;&gt;&quot;\(.*\)&quot;&lt;/span&gt;);@&lt;span class=&quot;code-object&quot;&gt;System&lt;/span&gt;.out.println(&lt;span class=&quot;code-quote&quot;&gt;&quot;msgs size=&quot;&lt;/span&gt; + msgs.size() + &lt;span class=&quot;code-quote&quot;&gt;&quot; \1&quot;&lt;/span&gt;); msgs.push(&lt;span class=&quot;code-quote&quot;&gt;&quot;\1&quot;&lt;/span&gt;);@g&apos; ./ql/src/java/org/apache/hadoop/hive/ql/parse/Hive.g
&lt;/pre&gt;
&lt;/div&gt;&lt;/div&gt;

&lt;p&gt;It seems there is a missing pop or something:&lt;/p&gt;

&lt;div class=&quot;code panel&quot; style=&quot;border-width: 1px;&quot;&gt;&lt;div class=&quot;codeContent panelContent&quot;&gt;
&lt;pre class=&quot;code-java&quot;&gt;
    [junit] msgs size=1756954 selection target
    [junit] msgs size=1756955 select expression
    [junit] msgs size=1756956 expression specification
    [junit] msgs size=1756957 function specification
    [junit] msgs size=1756958 function name
    [junit] msgs size=1756959 table column identifier
    [junit] msgs size=1756960 table column identifier
    [junit] msgs size=1756961 function specification
    [junit] msgs size=1756962 function name
    [junit] msgs size=1756963 table column identifier
    [junit] msgs size=1756964 table column identifier
    [junit] msgs size=1756965 function specification
    [junit] msgs size=1756966 function name
    [junit] msgs size=1756967 table column identifier
    [junit] msgs size=1756968 table column identifier
    [junit] msgs size=1756969 expression specification
    [junit] msgs size=1756970 function specification
    [junit] msgs size=1756971 function name
    [junit] msgs size=1756972 table column identifier
    [junit] msgs size=1756973 table column identifier
    [junit] msgs size=1756974 function specification
    [junit] msgs size=1756975 function name
    [junit] msgs size=1756976 table column identifier
    [junit] msgs size=1756977 table column identifier
    [junit] msgs size=1756978 function specification
    [junit] msgs size=1756979 function name
    [junit] msgs size=1756980 table column identifier
    [junit] msgs size=1756981 table column identifier
    [junit] msgs size=1756982 selection target
    [junit] msgs size=1756983 select expression
    [junit] msgs size=1756984 expression specification
    [junit] msgs size=1756985 function specification
    [junit] msgs size=1756986 function name
    [junit] msgs size=1756987 table column identifier
    [junit] msgs size=1756988 table column identifier
    [junit] msgs size=1756989 function specification
    [junit] msgs size=1756990 function name
    [junit] msgs size=1756991 table column identifier
    [junit] msgs size=1756992 table column identifier
    [junit] msgs size=1756993 function specification
    [junit] msgs size=1756994 function name
    [junit] msgs size=1756995 table column identifier
    [junit] msgs size=1756996 table column identifier
    [junit] msgs size=1756997 expression specification
    [junit] msgs size=1756998 function specification
    [junit] msgs size=1756999 function name
    [junit] msgs size=1757000 table column identifier
    [junit] msgs size=1757001 table column identifier
    [junit] msgs size=1757002 function specification
    [junit] msgs size=1757003 function name
    [junit] msgs size=1757004 table column identifier
    [junit] msgs size=1757005 table column identifier
    [junit] msgs size=1757006 function specification
    [junit] msgs size=1757007 function name
    [junit] msgs size=1757008 table column identifier
    [junit] msgs size=1757009 table column identifier
    [junit] msgs size=1757010 select list
    [junit] msgs size=1757011 selection target
    [junit] msgs size=1757012 select expression
&lt;/pre&gt;
&lt;/div&gt;&lt;/div&gt;


&lt;p&gt;My query:&lt;/p&gt;
&lt;div class=&quot;code panel&quot; style=&quot;border-width: 1px;&quot;&gt;&lt;div class=&quot;codeContent panelContent&quot;&gt;
&lt;pre class=&quot;code-java&quot;&gt;
explain
  select count(1) FROM (

select s1.key as key, s1.value as value from src s1 UNION ALL
select s1.key as key, s1.value as value from src s1 UNION ALL
select s1.key as key, s1.value as value from src s1 UNION ALL
select s1.key as key, s1.value as value from src s1 UNION ALL
select s1.key as key, s1.value as value from src s1 UNION ALL

select s1.key as key, s1.value as value from src s1 UNION ALL
select s1.key as key, s1.value as value from src s1 UNION ALL
select s1.key as key, s1.value as value from src s1 UNION ALL
select s1.key as key, s1.value as value from src s1 UNION ALL
select s1.key as key, s1.value as value from src s1 UNION ALL

select s1.key as key, s1.value as value from src s1 UNION ALL
select s1.key as key, s1.value as value from src s1 UNION ALL
select s1.key as key, s1.value as value from src s1 UNION ALL
select s1.key as key, s1.value as value from src s1 UNION ALL
select s1.key as key, s1.value as value from src s1 UNION ALL

select s1.key as key, s1.value as value from src s1 UNION ALL
select s1.key as key, s1.value as value from src s1 UNION ALL
select s1.key as key, s1.value as value from src s1 UNION ALL
select s1.key as key, s1.value as value from src s1 UNION ALL
select s1.key as key, s1.value as value from src s1 UNION ALL

select s1.key as key, s1.value as value from src s1 UNION ALL
select s1.key as key, s1.value as value from src s1 UNION ALL
select s1.key as key, s1.value as value from src s1 UNION ALL
select s1.key as key, s1.value as value from src s1 UNION ALL
select s1.key as key, s1.value as value from src s1 UNION ALL

select s2.key as key, s2.value as value from src s2) unionsrc;

&lt;/pre&gt;
&lt;/div&gt;&lt;/div&gt;</comment>
                            <comment id="12669827" author="zshao" created="Tue, 3 Feb 2009 01:03:17 +0000"  >&lt;p&gt;I am very surprised at the number of levels that antlr needs to go through to parse this query.&lt;br/&gt;
Also it seems msgs.pop() was not executed for some reason.&lt;/p&gt;</comment>
                            <comment id="12669835" author="zshao" created="Tue, 3 Feb 2009 01:28:42 +0000"  >&lt;p&gt;Antlr does not put the code in @after in every return statement.&lt;/p&gt;

&lt;div class=&quot;code panel&quot; style=&quot;border-width: 1px;&quot;&gt;&lt;div class=&quot;codeContent panelContent&quot;&gt;
&lt;pre class=&quot;code-java&quot;&gt;
    ./build/ql/gen-java/org/apache/hadoop/hive/ql/parse/HiveParser.java

    &lt;span class=&quot;code-keyword&quot;&gt;public&lt;/span&gt; &lt;span class=&quot;code-keyword&quot;&gt;final&lt;/span&gt; explainStatement_return explainStatement() &lt;span class=&quot;code-keyword&quot;&gt;throws&lt;/span&gt; RecognitionException {
        explainStatement_return retval = &lt;span class=&quot;code-keyword&quot;&gt;new&lt;/span&gt; explainStatement_return();
        retval.start = input.LT(1);

        CommonTree root_0 = &lt;span class=&quot;code-keyword&quot;&gt;null&lt;/span&gt;;

        Token isExtended=&lt;span class=&quot;code-keyword&quot;&gt;null&lt;/span&gt;;
        Token KW_EXPLAIN5=&lt;span class=&quot;code-keyword&quot;&gt;null&lt;/span&gt;;
        execStatement_return execStatement6 = &lt;span class=&quot;code-keyword&quot;&gt;null&lt;/span&gt;;


        CommonTree isExtended_tree=&lt;span class=&quot;code-keyword&quot;&gt;null&lt;/span&gt;;
        CommonTree KW_EXPLAIN5_tree=&lt;span class=&quot;code-keyword&quot;&gt;null&lt;/span&gt;;
        RewriteRuleTokenStream stream_KW_EXTENDED=&lt;span class=&quot;code-keyword&quot;&gt;new&lt;/span&gt; RewriteRuleTokenStream(adaptor,&lt;span class=&quot;code-quote&quot;&gt;&quot;token KW_EXTENDED&quot;&lt;/span&gt;);
        RewriteRuleTokenStream stream_KW_EXPLAIN=&lt;span class=&quot;code-keyword&quot;&gt;new&lt;/span&gt; RewriteRuleTokenStream(adaptor,&lt;span class=&quot;code-quote&quot;&gt;&quot;token KW_EXPLAIN&quot;&lt;/span&gt;);
        RewriteRuleSubtreeStream stream_execStatement=&lt;span class=&quot;code-keyword&quot;&gt;new&lt;/span&gt; RewriteRuleSubtreeStream(adaptor,&lt;span class=&quot;code-quote&quot;&gt;&quot;rule execStatement&quot;&lt;/span&gt;);
         &lt;span class=&quot;code-object&quot;&gt;System&lt;/span&gt;.out.println(&lt;span class=&quot;code-quote&quot;&gt;&quot;msgs size=&quot;&lt;/span&gt; + msgs.size() + &lt;span class=&quot;code-quote&quot;&gt;&quot; explain statement&quot;&lt;/span&gt;); msgs.push(&lt;span class=&quot;code-quote&quot;&gt;&quot;explain statement&quot;&lt;/span&gt;);
        &lt;span class=&quot;code-keyword&quot;&gt;try&lt;/span&gt; {
            &lt;span class=&quot;code-comment&quot;&gt;// /data/users/zshao/sync/apache-trunk-HIVE-261/ql/src/java/org/apache/hadoop/hive/ql/parse/Hive.g:157:2: ( KW_EXPLAIN (isExtended= KW_EXTENDED )? execStatement -&amp;gt; ^( TOK_EXPLAI\
&lt;/span&gt;N execStatement ( $isExtended)? ) )
            &lt;span class=&quot;code-comment&quot;&gt;// /data/users/zshao/sync/apache-trunk-HIVE-261/ql/src/java/org/apache/hadoop/hive/ql/parse/Hive.g:157:4: KW_EXPLAIN (isExtended= KW_EXTENDED )? execStatement
&lt;/span&gt;            {
            KW_EXPLAIN5=(Token)input.LT(1);
            match(input,KW_EXPLAIN,FOLLOW_KW_EXPLAIN_in_explainStatement448); &lt;span class=&quot;code-keyword&quot;&gt;if&lt;/span&gt; (failed) &lt;span class=&quot;code-keyword&quot;&gt;return&lt;/span&gt; retval;
            &lt;span class=&quot;code-keyword&quot;&gt;if&lt;/span&gt; ( backtracking==0 ) stream_KW_EXPLAIN.add(KW_EXPLAIN5);

            &lt;span class=&quot;code-comment&quot;&gt;// /data/users/zshao/sync/apache-trunk-HIVE-261/ql/src/java/org/apache/hadoop/hive/ql/parse/Hive.g:157:15: (isExtended= KW_EXTENDED )?
&lt;/span&gt;            &lt;span class=&quot;code-object&quot;&gt;int&lt;/span&gt; alt2=2;
            &lt;span class=&quot;code-object&quot;&gt;int&lt;/span&gt; LA2_0 = input.LA(1);

&lt;/pre&gt;
&lt;/div&gt;&lt;/div&gt;</comment>
                            <comment id="12689286" author="namit" created="Thu, 26 Mar 2009 00:04:49 +0000"  >&lt;p&gt;duplicate of jira 318&lt;/p&gt;</comment>
                    </comments>
                    <attachments>
                    </attachments>
                <subtasks>
                    </subtasks>
                <customfields>
                                                <customfield id="customfield_12310310" key="com.atlassian.jira.toolkit:attachments">
                        <customfieldname>Attachment count</customfieldname>
                        <customfieldvalues>
                            <customfieldvalue>0.0</customfieldvalue>
                        </customfieldvalues>
                    </customfield>
                                                                                                                                                                                                                                                                                                                                                                                                                                                                                                                                <customfield id="customfield_12310220" key="com.atlassian.jira.ext.charting:firstresponsedate">
                        <customfieldname>Date of First Response</customfieldname>
                        <customfieldvalues>
                            <customfieldvalue>Tue, 3 Feb 2009 00:43:07 +0000</customfieldvalue>

                        </customfieldvalues>
                    </customfield>
                                                                                                                                                                                                                                                                                                                                                                                                                                            <customfield id="customfield_12310420" key="com.pyxis.greenhopper.jira:gh-global-rank">
                        <customfieldname>Global Rank</customfieldname>
                        <customfieldvalues>
                            <customfieldvalue>73663</customfieldvalue>
                        </customfieldvalues>
                    </customfield>
                                                                                                                                                    <customfield id="customfield_12312521" key="com.atlassian.jira.toolkit:LastCommentDate">
                        <customfieldname>Last public comment date</customfieldname>
                        <customfieldvalues>
                            7 years, 37 weeks, 1 day ago
                        </customfieldvalues>
                    </customfield>
                                                                                            <customfield id="customfield_12311820" key="com.pyxis.greenhopper.jira:gh-lexo-rank">
                        <customfieldname>Rank</customfieldname>
                        <customfieldvalues>
                            <customfieldvalue>0|i0l8tj:</customfieldvalue>

                        </customfieldvalues>
                    </customfield>
                                                                <customfield id="customfield_12310920" key="com.pyxis.greenhopper.jira:gh-global-rank">
                        <customfieldname>Rank (Obsolete)</customfieldname>
                        <customfieldvalues>
                            <customfieldvalue>122079</customfieldvalue>
                        </customfieldvalues>
                    </customfield>
                                                                                                                                                                                                                                                                                                                            <customfield id="customfield_12310222" key="com.atlassian.jira.ext.charting:timeinstatus">
                        <customfieldname>Time in Status</customfieldname>
                        <customfieldvalues>
                            
                        </customfieldvalues>
                    </customfield>
                                                                                                                        </customfields>
    </item>
</channel>
</rss>