<!-- 
RSS generated by JIRA (6.3.4#6332-sha1:51bc225ef474afe3128b2f66878477f322397b16) at Sat Dec 03 22:53:22 UTC 2016

It is possible to restrict the fields that are returned in this document by specifying the 'field' parameter in your request.
For example, to request only the issue key and summary add field=key&field=summary to the URL of your request.
For example:
https://issues.apache.org/jira/si/jira.issueviews:issue-xml/HIVE-10088/HIVE-10088.xml?field=key&amp;field=summary
-->
<rss version="0.92" >
<channel>
    <title>ASF JIRA</title>
    <link>https://issues.apache.org/jira</link>
    <description>This file is an XML representation of an issue</description>
    <language>en-uk</language>    <build-info>
        <version>6.3.4</version>
        <build-number>6332</build-number>
        <build-date>15-08-2014</build-date>
    </build-info>

<item>
            <title>[HIVE-10088] RCFIle: Lateral view with explode throws ConcurrentModificationException</title>
                <link>https://issues.apache.org/jira/browse/HIVE-10088</link>
                <project id="12310843" key="HIVE">Hive</project>
                    <description>&lt;p&gt;CREATE TABLE test_table123 (a INT, b MAP&amp;lt;STRING, STRING&amp;gt;) STORED AS RCFILE;&lt;br/&gt;
INSERT OVERWRITE TABLE test_table123 SELECT 1, MAP(&quot;a1&quot;, &quot;b1&quot;, &quot;c1&quot;, &quot;d1&quot;) FROM src LIMIT 1;&lt;br/&gt;
hive&amp;gt; select * from test_table123;&lt;br/&gt;
1&lt;/p&gt;
{&quot;a1&quot;:&quot;b1&quot;,&quot;c1&quot;:&quot;d1&quot;}
&lt;p&gt;The following query will lead to ConcurrentModificationException&lt;br/&gt;
SELECT * FROM (SELECT b FROM test_table123) t1 LATERAL VIEW explode(b) x AS b,c LIMIT 1;&lt;br/&gt;
Failed with exception java.io.IOException:java.util.ConcurrentModificationException&lt;/p&gt;</description>
                <environment></environment>
        <key id="12785640">HIVE-10088</key>
            <summary>RCFIle: Lateral view with explode throws ConcurrentModificationException</summary>
                <type id="1" iconUrl="https://issues.apache.org/jira/images/icons/issuetypes/bug.png">Bug</type>
                                            <priority id="3" iconUrl="https://issues.apache.org/jira/images/icons/priorities/major.png">Major</priority>
                        <status id="5" iconUrl="https://issues.apache.org/jira/images/icons/statuses/resolved.png" description="A resolution has been taken, and it is awaiting verification by reporter. From here issues are either reopened, or are closed.">Resolved</status>
                    <statusCategory id="3" key="done" colorName="green"/>
                                    <resolution id="3">Duplicate</resolution>
                                        <assignee username="selinazh">Selina Zhang</assignee>
                                    <reporter username="selinazh">Selina Zhang</reporter>
                        <labels>
                    </labels>
                <created>Wed, 25 Mar 2015 18:38:30 +0000</created>
                <updated>Fri, 27 Mar 2015 21:40:24 +0000</updated>
                            <resolved>Fri, 27 Mar 2015 21:40:24 +0000</resolved>
                                    <version>1.2.0</version>
                                                        <due></due>
                            <votes>0</votes>
                                    <watches>1</watches>
                                                                    <issuelinks>
                            <issuelinktype id="12310000">
                    <name>Duplicate</name>
                                                                <inwardlinks description="is duplicated by">
                                        <issuelink>
            <issuekey id="12785642">HIVE-10089</issuekey>
        </issuelink>
                            </inwardlinks>
                                    </issuelinktype>
                    </issuelinks>
                <attachments>
                    </attachments>
                <subtasks>
                    </subtasks>
                <customfields>
                                                <customfield id="customfield_12310310" key="com.atlassian.jira.toolkit:attachments">
                        <customfieldname>Attachment count</customfieldname>
                        <customfieldvalues>
                            <customfieldvalue>0.0</customfieldvalue>
                        </customfieldvalues>
                    </customfield>
                                                                                                                                                                                                                                                                                                                                                                                                                                                                                                                                                                                                                                                                                                                                                                                                                                                                                                                                        <customfield id="customfield_12310420" key="com.pyxis.greenhopper.jira:gh-global-rank">
                        <customfieldname>Global Rank</customfieldname>
                        <customfieldvalues>
                            <customfieldvalue>9223372036854775807</customfieldvalue>
                        </customfieldvalues>
                    </customfield>
                                                                                                                                                    <customfield id="customfield_12312521" key="com.atlassian.jira.toolkit:LastCommentDate">
                        <customfieldname>Last public comment date</customfieldname>
                        <customfieldvalues>
                            1 year, 36 weeks, 3 days ago
                        </customfieldvalues>
                    </customfield>
                                                                                            <customfield id="customfield_12311820" key="com.pyxis.greenhopper.jira:gh-lexo-rank">
                        <customfieldname>Rank</customfieldname>
                        <customfieldvalues>
                            <customfieldvalue>0|i27cuf:</customfieldvalue>

                        </customfieldvalues>
                    </customfield>
                                                                <customfield id="customfield_12310920" key="com.pyxis.greenhopper.jira:gh-global-rank">
                        <customfieldname>Rank (Obsolete)</customfieldname>
                        <customfieldvalues>
                            <customfieldvalue>9223372036854775807</customfieldvalue>
                        </customfieldvalues>
                    </customfield>
                                                                                                                                                                                                                                                                                                                            <customfield id="customfield_12310222" key="com.atlassian.jira.ext.charting:timeinstatus">
                        <customfieldname>Time in Status</customfieldname>
                        <customfieldvalues>
                            
                        </customfieldvalues>
                    </customfield>
                                                                                                                        </customfields>
    </item>
</channel>
</rss>