<!-- 
RSS generated by JIRA (6.3.4#6332-sha1:51bc225ef474afe3128b2f66878477f322397b16) at Sat Dec 03 00:21:15 UTC 2016

It is possible to restrict the fields that are returned in this document by specifying the 'field' parameter in your request.
For example, to request only the issue key and summary add field=key&field=summary to the URL of your request.
For example:
https://issues.apache.org/jira/si/jira.issueviews:issue-xml/HIVE-1986/HIVE-1986.xml?field=key&amp;field=summary
-->
<rss version="0.92" >
<channel>
    <title>ASF JIRA</title>
    <link>https://issues.apache.org/jira</link>
    <description>This file is an XML representation of an issue</description>
    <language>en-uk</language>    <build-info>
        <version>6.3.4</version>
        <build-number>6332</build-number>
        <build-date>15-08-2014</build-date>
    </build-info>

<item>
            <title>[HIVE-1986] partition pruner do not take effect for non-deterministic UDF</title>
                <link>https://issues.apache.org/jira/browse/HIVE-1986</link>
                <project id="12310843" key="HIVE">Hive</project>
                    <description>&lt;p&gt;hive udf can be deterministic or non-deterministic,but for non-deterministic udf such as rand and unix_timestamp,ppr do not take effect.&lt;br/&gt;
and for unix_timestamp with para, for example unix_timestamp(&apos;2010-01-01&apos;),I think it is deterministic.&lt;/p&gt;

&lt;p&gt;case :&lt;/p&gt;

&lt;p&gt;hive -hiveconf hive.root.logger=DEBUG,console&lt;/p&gt;

&lt;p&gt;create kv_part(key int,value string) partitioned by(ds string);&lt;br/&gt;
alter table kv_part add partition (ds=2010) partition (ds=2011) partition (ds=2012);&lt;/p&gt;

&lt;p&gt;create kv2(key int,value string) partitioned by(ds string);&lt;br/&gt;
alter table kv2 add partition (ds=2013) partition (ds=2014) partition (ds=2015);&lt;/p&gt;

&lt;p&gt;explain select * from kv_part join kv2 on(kv_part.key=kv2.key) where kv_part.ds=2011 and rand() &amp;gt; 0.5&lt;/p&gt;


&lt;p&gt;rand() is non-deterministic ,so kv_part.ds=2011 no not filter the partition ds=2010,ds=2012&lt;br/&gt;
.....&lt;br/&gt;
11/02/14 12:22:32 DEBUG lazy.LazySimpleSerDe: org.apache.hadoop.hive.serde2.lazy.LazySimpleSerDe initialized with: columnNames=&lt;span class=&quot;error&quot;&gt;&amp;#91;key, value&amp;#93;&lt;/span&gt; columnTypes=&lt;span class=&quot;error&quot;&gt;&amp;#91;int, string&amp;#93;&lt;/span&gt; separator=[&lt;span class=&quot;error&quot;&gt;&amp;#91;B@1ac9683&amp;#93;&lt;/span&gt; nullstring=\N lastColumnTakesRest=false&lt;br/&gt;
11/02/14 12:22:32 INFO hive.log: DDL: struct kv_part &lt;/p&gt;
{ i32 key, string value}
&lt;p&gt;11/02/14 12:22:32 DEBUG optimizer.GenMapRedUtils: Information added for path hdfs://172.25.38.253:54310/user/hive/warehouse/kv_part/ds=2010&lt;br/&gt;
11/02/14 12:22:32 DEBUG optimizer.GenMapRedUtils: Information added for path hdfs://172.25.38.253:54310/user/hive/warehouse/kv_part/ds=2011&lt;br/&gt;
11/02/14 12:22:32 DEBUG optimizer.GenMapRedUtils: Information added for path hdfs://172.25.38.253:54310/user/hive/warehouse/kv_part/ds=2012&lt;br/&gt;
11/02/14 12:22:32 INFO parse.SemanticAnalyzer: Completed plan generation&lt;br/&gt;
.....&lt;/p&gt;

&lt;p&gt;explain select * from kv_part join kv2 on(kv_part.key=kv2.key) where kv_part.ds=2011 and sin(kv2.key) &amp;lt; 0.5;&lt;/p&gt;

&lt;p&gt;sin() is deterministic,so ppr work ok&lt;br/&gt;
.....&lt;br/&gt;
11/02/14 12:25:22 DEBUG optimizer.GenMapRedUtils: Information added for path hdfs://172.25.38.253:54310/user/hive/warehouse/kv_part/ds=2011&lt;br/&gt;
....&lt;/p&gt;

&lt;p&gt;And user should get the deterministic info for UDF from wiki,or we shoud add this info to describe function&lt;/p&gt;</description>
                <environment>&lt;p&gt;trunk-src,hive default configure&lt;/p&gt;</environment>
        <key id="12498497">HIVE-1986</key>
            <summary>partition pruner do not take effect for non-deterministic UDF</summary>
                <type id="1" iconUrl="https://issues.apache.org/jira/images/icons/issuetypes/bug.png">Bug</type>
                                            <priority id="3" iconUrl="https://issues.apache.org/jira/images/icons/priorities/major.png">Major</priority>
                        <status id="5" iconUrl="https://issues.apache.org/jira/images/icons/statuses/resolved.png" description="A resolution has been taken, and it is awaiting verification by reporter. From here issues are either reopened, or are closed.">Resolved</status>
                    <statusCategory id="3" key="done" colorName="green"/>
                                    <resolution id="3">Duplicate</resolution>
                                        <assignee username="-1">Unassigned</assignee>
                                    <reporter username="zhaowei">zhaowei</reporter>
                        <labels>
                    </labels>
                <created>Mon, 14 Feb 2011 04:44:51 +0000</created>
                <updated>Mon, 28 Jul 2014 08:08:17 +0000</updated>
                            <resolved>Mon, 28 Jul 2014 08:07:00 +0000</resolved>
                                    <version>0.4.1</version>
                    <version>0.5.0</version>
                    <version>0.6.0</version>
                    <version>0.7.0</version>
                                    <fixVersion>0.11.0</fixVersion>
                                    <component>Query Processor</component>
                        <due></due>
                            <votes>0</votes>
                                    <watches>3</watches>
                                                                <comments>
                            <comment id="14076012" author="navis" created="Mon, 28 Jul 2014 08:08:17 +0000"  >&lt;p&gt;use to_unix_timestamp() instead of unix_timestamp()&lt;/p&gt;</comment>
                    </comments>
                <issuelinks>
                            <issuelinktype id="12310000">
                    <name>Duplicate</name>
                                            <outwardlinks description="duplicates">
                                        <issuelink>
            <issuekey id="12625961">HIVE-3853</issuekey>
        </issuelink>
                            </outwardlinks>
                                                        </issuelinktype>
                            <issuelinktype id="10030">
                    <name>Reference</name>
                                            <outwardlinks description="relates to">
                                        <issuelink>
            <issuekey id="12432732">HIVE-746</issuekey>
        </issuelink>
                            </outwardlinks>
                                                                <inwardlinks description="is related to">
                                        <issuelink>
            <issuekey id="12504946">HIVE-2124</issuekey>
        </issuelink>
                            </inwardlinks>
                                    </issuelinktype>
                    </issuelinks>
                <attachments>
                    </attachments>
                <subtasks>
                    </subtasks>
                <customfields>
                                                <customfield id="customfield_12310310" key="com.atlassian.jira.toolkit:attachments">
                        <customfieldname>Attachment count</customfieldname>
                        <customfieldvalues>
                            <customfieldvalue>0.0</customfieldvalue>
                        </customfieldvalues>
                    </customfield>
                                                                                                                                                                                                                                                                                                                                                                                                                                                                                                                                <customfield id="customfield_12310220" key="com.atlassian.jira.ext.charting:firstresponsedate">
                        <customfieldname>Date of First Response</customfieldname>
                        <customfieldvalues>
                            <customfieldvalue>Mon, 28 Jul 2014 08:08:17 +0000</customfieldvalue>

                        </customfieldvalues>
                    </customfield>
                                                                                                                                                                                                                                                                                                                                                                                                                                            <customfield id="customfield_12310420" key="com.pyxis.greenhopper.jira:gh-global-rank">
                        <customfieldname>Global Rank</customfieldname>
                        <customfieldvalues>
                            <customfieldvalue>42314</customfieldvalue>
                        </customfieldvalues>
                    </customfield>
                                                                                                                                                    <customfield id="customfield_12312521" key="com.atlassian.jira.toolkit:LastCommentDate">
                        <customfieldname>Last public comment date</customfieldname>
                        <customfieldvalues>
                            2 years, 18 weeks, 4 days ago
                        </customfieldvalues>
                    </customfield>
                                                                                            <customfield id="customfield_12311820" key="com.pyxis.greenhopper.jira:gh-lexo-rank">
                        <customfieldname>Rank</customfieldname>
                        <customfieldvalues>
                            <customfieldvalue>0|i0lhwn:</customfieldvalue>

                        </customfieldvalues>
                    </customfield>
                                                                <customfield id="customfield_12310920" key="com.pyxis.greenhopper.jira:gh-global-rank">
                        <customfieldname>Rank (Obsolete)</customfieldname>
                        <customfieldvalues>
                            <customfieldvalue>123551</customfieldvalue>
                        </customfieldvalues>
                    </customfield>
                                                                                                                                                                                                                                                                                                                            <customfield id="customfield_12310222" key="com.atlassian.jira.ext.charting:timeinstatus">
                        <customfieldname>Time in Status</customfieldname>
                        <customfieldvalues>
                            
                        </customfieldvalues>
                    </customfield>
                                                                                                                        </customfields>
    </item>
</channel>
</rss>