<!-- 
RSS generated by JIRA (6.3.4#6332-sha1:51bc225ef474afe3128b2f66878477f322397b16) at Fri Dec 02 04:57:25 UTC 2016

It is possible to restrict the fields that are returned in this document by specifying the 'field' parameter in your request.
For example, to request only the issue key and summary add field=key&field=summary to the URL of your request.
For example:
https://issues.apache.org/jira/si/jira.issueviews:issue-xml/HIVE-13753/HIVE-13753.xml?field=key&amp;field=summary
-->
<rss version="0.92" >
<channel>
    <title>ASF JIRA</title>
    <link>https://issues.apache.org/jira</link>
    <description>This file is an XML representation of an issue</description>
    <language>en-uk</language>    <build-info>
        <version>6.3.4</version>
        <build-number>6332</build-number>
        <build-date>15-08-2014</build-date>
    </build-info>

<item>
            <title>[HIVE-13753] Make metastore client thread safe in DbTxnManager</title>
                <link>https://issues.apache.org/jira/browse/HIVE-13753</link>
                <project id="12310843" key="HIVE">Hive</project>
                    <description>&lt;p&gt;The fact that multiple threads sharing the same metastore client which is used for RPC to Thrift is not thread safe.&lt;/p&gt;

&lt;p&gt;Race condition can happen when one sees &quot;out of sequence response&quot; error message from Thrift server. That means the response from the Thrift server is for a different request (by a different thread).&lt;/p&gt;

&lt;p&gt;Solution will be to synchronize methods from the client side.&lt;/p&gt;</description>
                <environment></environment>
        <key id="12969412">HIVE-13753</key>
            <summary>Make metastore client thread safe in DbTxnManager</summary>
                <type id="1" iconUrl="https://issues.apache.org/jira/images/icons/issuetypes/bug.png">Bug</type>
                                            <priority id="3" iconUrl="https://issues.apache.org/jira/images/icons/priorities/major.png">Major</priority>
                        <status id="6" iconUrl="https://issues.apache.org/jira/images/icons/statuses/closed.png" description="The issue is considered finished, the resolution is correct. Issues which are closed can be reopened.">Closed</status>
                    <statusCategory id="3" key="done" colorName="green"/>
                                    <resolution id="1">Fixed</resolution>
                                        <assignee username="wzheng">Wei Zheng</assignee>
                                    <reporter username="wzheng">Wei Zheng</reporter>
                        <labels>
                    </labels>
                <created>Thu, 12 May 2016 22:48:00 +0000</created>
                <updated>Tue, 21 Jun 2016 15:08:20 +0000</updated>
                            <resolved>Mon, 16 May 2016 17:27:19 +0000</resolved>
                                    <version>1.3.0</version>
                    <version>2.1.0</version>
                                    <fixVersion>1.3.0</fixVersion>
                    <fixVersion>2.1.0</fixVersion>
                                    <component>Transactions</component>
                        <due></due>
                            <votes>0</votes>
                                    <watches>3</watches>
                                                                <comments>
                            <comment id="15282237" author="wzheng" created="Thu, 12 May 2016 23:15:48 +0000"  >&lt;p&gt;Upload patch 1. &lt;a href=&quot;https://issues.apache.org/jira/secure/ViewProfile.jspa?name=ekoifman&quot; class=&quot;user-hover&quot; rel=&quot;ekoifman&quot;&gt;Eugene Koifman&lt;/a&gt; Can you review please?&lt;/p&gt;</comment>
                            <comment id="15282255" author="wzheng" created="Thu, 12 May 2016 23:52:21 +0000"  >&lt;p&gt;Previous patch has wrong name. Corrected it.&lt;/p&gt;</comment>
                            <comment id="15282262" author="vgumashta" created="Fri, 13 May 2016 00:06:26 +0000"  >&lt;p&gt;&lt;a href=&quot;https://issues.apache.org/jira/secure/ViewProfile.jspa?name=wzheng&quot; class=&quot;user-hover&quot; rel=&quot;wzheng&quot;&gt;Wei Zheng&lt;/a&gt; Is there a need to expose the underlying IMetaStoreClient object via SynchronizedMetaStoreClient? &lt;/p&gt;</comment>
                            <comment id="15282263" author="wzheng" created="Fri, 13 May 2016 00:08:59 +0000"  >&lt;p&gt;Right, I should have removed that getter. Thanks for catching that.&lt;/p&gt;</comment>
                            <comment id="15282265" author="wzheng" created="Fri, 13 May 2016 00:10:56 +0000"  >&lt;p&gt;Patch 2.&lt;/p&gt;</comment>
                            <comment id="15282277" author="vgumashta" created="Fri, 13 May 2016 00:16:38 +0000"  >&lt;p&gt;+1 pending tests. I would probably make the IMetaStoreClient member within the SynchronizedMetaStoreClient a final too.&lt;/p&gt;</comment>
                            <comment id="15282286" author="wzheng" created="Fri, 13 May 2016 00:33:34 +0000"  >&lt;p&gt;Makes sense. Patch 3 made that field client final. Thanks &lt;a href=&quot;https://issues.apache.org/jira/secure/ViewProfile.jspa?name=vgumashta&quot; class=&quot;user-hover&quot; rel=&quot;vgumashta&quot;&gt;Vaibhav Gumashta&lt;/a&gt; for the review!&lt;/p&gt;</comment>
                            <comment id="15283745" author="hiveqa" created="Sun, 15 May 2016 01:02:43 +0000"  >

&lt;p&gt;Here are the results of testing the latest attachment:&lt;br/&gt;
&lt;a href=&quot;https://issues.apache.org/jira/secure/attachment/12803771/HIVE-13753.3.patch&quot; class=&quot;external-link&quot; rel=&quot;nofollow&quot;&gt;https://issues.apache.org/jira/secure/attachment/12803771/HIVE-13753.3.patch&lt;/a&gt;&lt;/p&gt;

&lt;p&gt;&lt;font color=&quot;red&quot;&gt;ERROR:&lt;/font&gt; -1 due to build exiting with an error&lt;/p&gt;

&lt;p&gt;Test results: &lt;a href=&quot;http://ec2-54-177-240-2.us-west-1.compute.amazonaws.com/job/PreCommit-HIVE-MASTER-Build/277/testReport&quot; class=&quot;external-link&quot; rel=&quot;nofollow&quot;&gt;http://ec2-54-177-240-2.us-west-1.compute.amazonaws.com/job/PreCommit-HIVE-MASTER-Build/277/testReport&lt;/a&gt;&lt;br/&gt;
Console output: &lt;a href=&quot;http://ec2-54-177-240-2.us-west-1.compute.amazonaws.com/job/PreCommit-HIVE-MASTER-Build/277/console&quot; class=&quot;external-link&quot; rel=&quot;nofollow&quot;&gt;http://ec2-54-177-240-2.us-west-1.compute.amazonaws.com/job/PreCommit-HIVE-MASTER-Build/277/console&lt;/a&gt;&lt;br/&gt;
Test logs: &lt;a href=&quot;http://ec2-50-18-27-0.us-west-1.compute.amazonaws.com/logs/PreCommit-HIVE-MASTER-Build-277/&quot; class=&quot;external-link&quot; rel=&quot;nofollow&quot;&gt;http://ec2-50-18-27-0.us-west-1.compute.amazonaws.com/logs/PreCommit-HIVE-MASTER-Build-277/&lt;/a&gt;&lt;/p&gt;

&lt;p&gt;Messages:&lt;/p&gt;
&lt;div class=&quot;preformatted panel&quot; style=&quot;border-width: 1px;&quot;&gt;&lt;div class=&quot;preformattedContent panelContent&quot;&gt;
&lt;pre&gt;**** This message was trimmed, see log for full details ****
[INFO] Excluding org.apache.spark:spark-core_2.10:jar:1.6.0 from the shaded jar.
[INFO] Excluding com.twitter:chill_2.10:jar:0.5.0 from the shaded jar.
[INFO] Excluding com.twitter:chill-java:jar:0.5.0 from the shaded jar.
[INFO] Excluding org.apache.xbean:xbean-asm5-shaded:jar:4.4 from the shaded jar.
[INFO] Excluding org.apache.hadoop:hadoop-client:jar:2.6.0 from the shaded jar.
[INFO] Excluding org.apache.hadoop:hadoop-mapreduce-client-app:jar:2.6.0 from the shaded jar.
[INFO] Excluding org.apache.hadoop:hadoop-mapreduce-client-shuffle:jar:2.6.0 from the shaded jar.
[INFO] Excluding org.apache.hadoop:hadoop-mapreduce-client-jobclient:jar:2.6.0 from the shaded jar.
[INFO] Excluding org.apache.spark:spark-launcher_2.10:jar:1.6.0 from the shaded jar.
[INFO] Excluding org.apache.spark:spark-network-common_2.10:jar:1.6.0 from the shaded jar.
[INFO] Excluding org.apache.spark:spark-network-shuffle_2.10:jar:1.6.0 from the shaded jar.
[INFO] Excluding org.apache.spark:spark-unsafe_2.10:jar:1.6.0 from the shaded jar.
[INFO] Excluding org.slf4j:jul-to-slf4j:jar:1.7.10 from the shaded jar.
[INFO] Excluding org.slf4j:jcl-over-slf4j:jar:1.7.10 from the shaded jar.
[INFO] Excluding com.ning:compress-lzf:jar:1.0.3 from the shaded jar.
[INFO] Excluding net.jpountz.lz4:lz4:jar:1.3.0 from the shaded jar.
[INFO] Excluding com.typesafe.akka:akka-remote_2.10:jar:2.3.11 from the shaded jar.
[INFO] Excluding com.typesafe.akka:akka-actor_2.10:jar:2.3.11 from the shaded jar.
[INFO] Excluding com.typesafe:config:jar:1.2.1 from the shaded jar.
[INFO] Excluding org.uncommons.maths:uncommons-maths:jar:1.2.2a from the shaded jar.
[INFO] Excluding com.typesafe.akka:akka-slf4j_2.10:jar:2.3.11 from the shaded jar.
[INFO] Excluding org.scala-lang:scala-library:jar:2.10.4 from the shaded jar.
[INFO] Excluding org.json4s:json4s-jackson_2.10:jar:3.2.10 from the shaded jar.
[INFO] Excluding org.json4s:json4s-core_2.10:jar:3.2.10 from the shaded jar.
[INFO] Excluding org.json4s:json4s-ast_2.10:jar:3.2.10 from the shaded jar.
[INFO] Excluding org.scala-lang:scalap:jar:2.10.0 from the shaded jar.
[INFO] Excluding org.scala-lang:scala-compiler:jar:2.10.0 from the shaded jar.
[INFO] Excluding org.apache.mesos:mesos:jar:shaded-protobuf:0.21.1 from the shaded jar.
[INFO] Excluding com.clearspring.analytics:stream:jar:2.7.0 from the shaded jar.
[INFO] Excluding io.dropwizard.metrics:metrics-graphite:jar:3.1.2 from the shaded jar.
[INFO] Excluding com.fasterxml.jackson.module:jackson-module-scala_2.10:jar:2.4.4 from the shaded jar.
[INFO] Excluding org.scala-lang:scala-reflect:jar:2.10.4 from the shaded jar.
[INFO] Excluding oro:oro:jar:2.0.8 from the shaded jar.
[INFO] Excluding org.tachyonproject:tachyon-client:jar:0.8.2 from the shaded jar.
[INFO] Excluding org.tachyonproject:tachyon-underfs-hdfs:jar:0.8.2 from the shaded jar.
[INFO] Excluding org.tachyonproject:tachyon-underfs-s3:jar:0.8.2 from the shaded jar.
[INFO] Excluding org.tachyonproject:tachyon-underfs-local:jar:0.8.2 from the shaded jar.
[INFO] Excluding net.razorvine:pyrolite:jar:4.9 from the shaded jar.
[INFO] Excluding net.sf.py4j:py4j:jar:0.9 from the shaded jar.
[INFO] Excluding org.spark-project.spark:unused:jar:1.0.0 from the shaded jar.
[INFO] Excluding org.slf4j:slf4j-api:jar:1.7.10 from the shaded jar.
[INFO] Replacing original artifact with shaded artifact.
[INFO] Replacing /data/hive-ptest/working/apache-github-source-source/ql/target/hive-exec-2.1.0-SNAPSHOT.jar with /data/hive-ptest/working/apache-github-source-source/ql/target/hive-exec-2.1.0-SNAPSHOT-shaded.jar
[INFO] Dependency-reduced POM written at: /data/hive-ptest/working/apache-github-source-source/ql/dependency-reduced-pom.xml
[INFO] Dependency-reduced POM written at: /data/hive-ptest/working/apache-github-source-source/ql/dependency-reduced-pom.xml
[INFO] Dependency-reduced POM written at: /data/hive-ptest/working/apache-github-source-source/ql/dependency-reduced-pom.xml
[INFO] Dependency-reduced POM written at: /data/hive-ptest/working/apache-github-source-source/ql/dependency-reduced-pom.xml
[INFO] Dependency-reduced POM written at: /data/hive-ptest/working/apache-github-source-source/ql/dependency-reduced-pom.xml
[INFO] Dependency-reduced POM written at: /data/hive-ptest/working/apache-github-source-source/ql/dependency-reduced-pom.xml
[INFO] 
[INFO] --- maven-install-plugin:2.4:install (default-install) @ hive-exec ---
[INFO] Installing /data/hive-ptest/working/apache-github-source-source/ql/target/hive-exec-2.1.0-SNAPSHOT.jar to /home/hiveptest/.m2/repository/org/apache/hive/hive-exec/2.1.0-SNAPSHOT/hive-exec-2.1.0-SNAPSHOT.jar
[INFO] Installing /data/hive-ptest/working/apache-github-source-source/ql/dependency-reduced-pom.xml to /home/hiveptest/.m2/repository/org/apache/hive/hive-exec/2.1.0-SNAPSHOT/hive-exec-2.1.0-SNAPSHOT.pom
[INFO] Installing /data/hive-ptest/working/apache-github-source-source/ql/target/hive-exec-2.1.0-SNAPSHOT-tests.jar to /home/hiveptest/.m2/repository/org/apache/hive/hive-exec/2.1.0-SNAPSHOT/hive-exec-2.1.0-SNAPSHOT-tests.jar
[INFO] Installing /data/hive-ptest/working/apache-github-source-source/ql/target/hive-exec-2.1.0-SNAPSHOT-core.jar to /home/hiveptest/.m2/repository/org/apache/hive/hive-exec/2.1.0-SNAPSHOT/hive-exec-2.1.0-SNAPSHOT-core.jar
[INFO]                                                                         
[INFO] ------------------------------------------------------------------------
[INFO] Building Hive Llap Server 2.1.0-SNAPSHOT
[INFO] ------------------------------------------------------------------------
[INFO] 
[INFO] --- maven-clean-plugin:2.5:clean (default-clean) @ hive-llap-server ---
[INFO] Deleting /data/hive-ptest/working/apache-github-source-source/llap-server/target
[INFO] Deleting /data/hive-ptest/working/apache-github-source-source/llap-server (includes = [datanucleus.log, derby.log], excludes = [])
[INFO] 
[INFO] --- maven-enforcer-plugin:1.3.1:enforce (enforce-no-snapshots) @ hive-llap-server ---
[INFO] 
[INFO] --- build-helper-maven-plugin:1.8:add-source (add-source) @ hive-llap-server ---
[INFO] Source directory: /data/hive-ptest/working/apache-github-source-source/llap-server/src/gen/protobuf/gen-java added.
[INFO] Source directory: /data/hive-ptest/working/apache-github-source-source/llap-server/src/gen/thrift/gen-javabean added.
[INFO] 
[INFO] --- maven-remote-resources-plugin:1.5:process (default) @ hive-llap-server ---
[INFO] 
[INFO] --- maven-resources-plugin:2.6:resources (default-resources) @ hive-llap-server ---
[INFO] Using &apos;UTF-8&apos; encoding to copy filtered resources.
[INFO] Copying 19 resources
[INFO] Copying 3 resources
[INFO] 
[INFO] --- maven-antrun-plugin:1.7:run (define-classpath) @ hive-llap-server ---
[INFO] Executing tasks

main:
[INFO] Executed tasks
[INFO] 
[INFO] --- maven-compiler-plugin:3.1:compile (default-compile) @ hive-llap-server ---
[INFO] Compiling 87 source files to /data/hive-ptest/working/apache-github-source-source/llap-server/target/classes
[WARNING] /data/hive-ptest/working/apache-github-source-source/llap-server/src/java/org/apache/hadoop/hive/llap/cache/SimpleAllocator.java:[29,16] sun.misc.Cleaner is internal proprietary API and may be removed in a future release
[WARNING] /data/hive-ptest/working/apache-github-source-source/llap-server/src/java/org/apache/hadoop/hive/llap/cache/SimpleAllocator.java:[29,16] sun.misc.Cleaner is internal proprietary API and may be removed in a future release
[WARNING] /data/hive-ptest/working/apache-github-source-source/llap-server/src/java/org/apache/hadoop/hive/llap/cache/SimpleAllocator.java:[29,16] sun.misc.Cleaner is internal proprietary API and may be removed in a future release
[WARNING] /data/hive-ptest/working/apache-github-source-source/llap-server/src/java/org/apache/hadoop/hive/llap/cache/SimpleAllocator.java:[74,9] sun.misc.Cleaner is internal proprietary API and may be removed in a future release
[WARNING] /data/hive-ptest/working/apache-github-source-source/llap-server/src/java/org/apache/hadoop/hive/llap/io/metadata/OrcFileMetadata.java: Some input files use or override a deprecated API.
[WARNING] /data/hive-ptest/working/apache-github-source-source/llap-server/src/java/org/apache/hadoop/hive/llap/io/metadata/OrcFileMetadata.java: Recompile with -Xlint:deprecation for details.
[WARNING] /data/hive-ptest/working/apache-github-source-source/llap-server/src/java/org/apache/hadoop/hive/llap/shufflehandler/DirWatcher.java: Some input files use unchecked or unsafe operations.
[WARNING] /data/hive-ptest/working/apache-github-source-source/llap-server/src/java/org/apache/hadoop/hive/llap/shufflehandler/DirWatcher.java: Recompile with -Xlint:unchecked for details.
[INFO] 
[INFO] --- maven-resources-plugin:2.6:testResources (default-testResources) @ hive-llap-server ---
[INFO] Using &apos;UTF-8&apos; encoding to copy filtered resources.
[INFO] Copying 4 resources
[INFO] Copying 3 resources
[INFO] 
[INFO] --- maven-antrun-plugin:1.7:run (setup-test-dirs) @ hive-llap-server ---
[INFO] Executing tasks

main:
    [mkdir] Created dir: /data/hive-ptest/working/apache-github-source-source/llap-server/target/tmp
    [mkdir] Created dir: /data/hive-ptest/working/apache-github-source-source/llap-server/target/warehouse
    [mkdir] Created dir: /data/hive-ptest/working/apache-github-source-source/llap-server/target/tmp/conf
     [copy] Copying 15 files to /data/hive-ptest/working/apache-github-source-source/llap-server/target/tmp/conf
[INFO] Executed tasks
[INFO] 
[INFO] --- maven-compiler-plugin:3.1:testCompile (default-testCompile) @ hive-llap-server ---
[INFO] Compiling 13 source files to /data/hive-ptest/working/apache-github-source-source/llap-server/target/test-classes
[WARNING] /data/hive-ptest/working/apache-github-source-source/llap-server/src/test/org/apache/hadoop/hive/llap/daemon/impl/comparator/TestFirstInFirstOutComparator.java: Some input files use unchecked or unsafe operations.
[WARNING] /data/hive-ptest/working/apache-github-source-source/llap-server/src/test/org/apache/hadoop/hive/llap/daemon/impl/comparator/TestFirstInFirstOutComparator.java: Recompile with -Xlint:unchecked for details.
[INFO] 
[INFO] --- maven-surefire-plugin:2.16:test (default-test) @ hive-llap-server ---
[INFO] Tests are skipped.
[INFO] 
[INFO] --- maven-jar-plugin:2.2:jar (default-jar) @ hive-llap-server ---
[INFO] Building jar: /data/hive-ptest/working/apache-github-source-source/llap-server/target/hive-llap-server-2.1.0-SNAPSHOT.jar
[INFO] 
[INFO] --- maven-site-plugin:3.3:attach-descriptor (attach-descriptor) @ hive-llap-server ---
[INFO] 
[INFO] --- maven-jar-plugin:2.2:test-jar (default) @ hive-llap-server ---
[INFO] Building jar: /data/hive-ptest/working/apache-github-source-source/llap-server/target/hive-llap-server-2.1.0-SNAPSHOT-tests.jar
[INFO] 
[INFO] --- maven-install-plugin:2.4:install (default-install) @ hive-llap-server ---
[INFO] Installing /data/hive-ptest/working/apache-github-source-source/llap-server/target/hive-llap-server-2.1.0-SNAPSHOT.jar to /home/hiveptest/.m2/repository/org/apache/hive/hive-llap-server/2.1.0-SNAPSHOT/hive-llap-server-2.1.0-SNAPSHOT.jar
[INFO] Installing /data/hive-ptest/working/apache-github-source-source/llap-server/pom.xml to /home/hiveptest/.m2/repository/org/apache/hive/hive-llap-server/2.1.0-SNAPSHOT/hive-llap-server-2.1.0-SNAPSHOT.pom
[INFO] Installing /data/hive-ptest/working/apache-github-source-source/llap-server/target/hive-llap-server-2.1.0-SNAPSHOT-tests.jar to /home/hiveptest/.m2/repository/org/apache/hive/hive-llap-server/2.1.0-SNAPSHOT/hive-llap-server-2.1.0-SNAPSHOT-tests.jar
[INFO]                                                                         
[INFO] ------------------------------------------------------------------------
[INFO] Building Hive Service 2.1.0-SNAPSHOT
[INFO] ------------------------------------------------------------------------
Downloading: http://repository.apache.org/snapshots/org/apache/directory/client/ldap/ldap-client-api/0.1-SNAPSHOT/maven-metadata.xml

[WARNING] Could not transfer metadata org.apache.directory.client.ldap:ldap-client-api:0.1-SNAPSHOT/maven-metadata.xml from/to apache.snapshots (http://repository.apache.org/snapshots): Failed to transfer file: http://repository.apache.org/snapshots/org/apache/directory/client/ldap/ldap-client-api/0.1-SNAPSHOT/maven-metadata.xml. Return code is: 503 , ReasonPhrase:Service Unavailable.
[WARNING] Failure to transfer org.apache.directory.client.ldap:ldap-client-api:0.1-SNAPSHOT/maven-metadata.xml from http://repository.apache.org/snapshots was cached in the local repository, resolution will not be reattempted until the update interval of apache.snapshots has elapsed or updates are forced. Original error: Could not transfer metadata org.apache.directory.client.ldap:ldap-client-api:0.1-SNAPSHOT/maven-metadata.xml from/to apache.snapshots (http://repository.apache.org/snapshots): Failed to transfer file: http://repository.apache.org/snapshots/org/apache/directory/client/ldap/ldap-client-api/0.1-SNAPSHOT/maven-metadata.xml. Return code is: 503 , ReasonPhrase:Service Unavailable.
Downloading: http://repository.apache.org/snapshots/org/apache/directory/client/ldap/ldap-client-api/0.1-SNAPSHOT/ldap-client-api-0.1-SNAPSHOT.pom

[INFO] ------------------------------------------------------------------------
[INFO] Reactor Summary:
[INFO] 
[INFO] Hive .............................................. SUCCESS [2.777s]
[INFO] Hive Shims Common ................................. SUCCESS [4.572s]
[INFO] Hive Shims 0.23 ................................... SUCCESS [3.340s]
[INFO] Hive Shims Scheduler .............................. SUCCESS [0.889s]
[INFO] Hive Shims ........................................ SUCCESS [0.763s]
[INFO] Hive Storage API .................................. SUCCESS [1.636s]
[INFO] Hive ORC .......................................... SUCCESS [3.030s]
[INFO] Hive Common ....................................... SUCCESS [4.317s]
[INFO] Hive Service RPC .................................. SUCCESS [2.549s]
[INFO] Hive Serde ........................................ SUCCESS [4.076s]
[INFO] Hive Metastore .................................... SUCCESS [17.557s]
[INFO] Hive Ant Utilities ................................ SUCCESS [0.530s]
[INFO] Hive Llap Common .................................. SUCCESS [4.913s]
[INFO] Hive Llap Client .................................. SUCCESS [1.750s]
[INFO] Hive Llap Tez ..................................... SUCCESS [1.879s]
[INFO] Spark Remote Client ............................... SUCCESS [2.644s]
[INFO] Hive Query Language ............................... SUCCESS [51.412s]
[INFO] Hive Llap Server .................................. SUCCESS [3.020s]
[INFO] Hive Service ...................................... FAILURE [1:01.660s]
[INFO] Hive Accumulo Handler ............................. SKIPPED
[INFO] Hive JDBC ......................................... SKIPPED
[INFO] Hive Beeline ...................................... SKIPPED
[INFO] Hive CLI .......................................... SKIPPED
[INFO] Hive Contrib ...................................... SKIPPED
[INFO] Hive HBase Handler ................................ SKIPPED
[INFO] Hive HCatalog ..................................... SKIPPED
[INFO] Hive HCatalog Core ................................ SKIPPED
[INFO] Hive HCatalog Pig Adapter ......................... SKIPPED
[INFO] Hive HCatalog Server Extensions ................... SKIPPED
[INFO] Hive HCatalog Webhcat Java Client ................. SKIPPED
[INFO] Hive HCatalog Webhcat ............................. SKIPPED
[INFO] Hive HCatalog Streaming ........................... SKIPPED
[INFO] Hive HPL/SQL ...................................... SKIPPED
[INFO] Hive HWI .......................................... SKIPPED
[INFO] Hive Llap External Client ......................... SKIPPED
[INFO] Hive Shims Aggregator ............................. SKIPPED
[INFO] Hive TestUtils .................................... SKIPPED
[INFO] Hive Packaging .................................... SKIPPED
[INFO] ------------------------------------------------------------------------
[INFO] BUILD FAILURE
[INFO] ------------------------------------------------------------------------
[INFO] Total time: 2:54.452s
[INFO] Finished at: Sun May 15 01:03:31 GMT 2016
[INFO] Final Memory: 157M/1326M
[INFO] ------------------------------------------------------------------------
[WARNING] The requested profile &quot;hadoop-1&quot; could not be activated because it does not exist.
[ERROR] Failed to execute goal on project hive-service: Could not resolve dependencies for project org.apache.hive:hive-service:jar:2.1.0-SNAPSHOT: Failed to collect dependencies for [org.apache.hive:hive-exec:jar:2.1.0-SNAPSHOT (compile), org.apache.hive:hive-metastore:jar:2.1.0-SNAPSHOT (compile), org.apache.hive:hive-service-rpc:jar:2.1.0-SNAPSHOT (compile), org.apache.hive:hive-llap-server:jar:2.1.0-SNAPSHOT (compile), commons-codec:commons-codec:jar:1.4 (compile), commons-cli:commons-cli:jar:1.2 (compile), net.sf.jpam:jpam:jar:1.1 (compile), commons-lang:commons-lang:jar:2.6 (compile), org.eclipse.jetty.aggregate:jetty-all:jar:7.6.0.v20120127 (compile), tomcat:jasper-compiler:jar:5.5.23 (compile), tomcat:jasper-runtime:jar:5.5.23 (compile), org.apache.thrift:libfb303:jar:0.9.3 (compile), org.apache.thrift:libthrift:jar:0.9.3 (compile), org.apache.curator:curator-framework:jar:2.6.0 (compile), org.apache.curator:curator-recipes:jar:2.6.0 (compile), org.apache.hadoop:hadoop-common:jar:2.6.0 (compile?), org.apache.hadoop:hadoop-mapreduce-client-core:jar:2.6.0 (compile?), org.jamon:jamon-runtime:jar:2.3.1 (compile), org.apache.hive:hive-exec:jar:tests:2.1.0-SNAPSHOT (test), org.apache.hive:hive-common:jar:tests:2.1.0-SNAPSHOT (test), junit:junit:jar:4.11 (test), org.apache.directory.client.ldap:ldap-client-api:jar:0.1 (test), org.apache.directory.server:apacheds-server-integ:jar:1.5.6 (test), org.apache.directory.server:apacheds-test-framework:jar:1.5.6 (test), org.slf4j:slf4j-api:jar:1.7.10 (compile)]: Failed to read artifact descriptor for org.apache.directory.client.ldap:ldap-client-api:jar:0.1-SNAPSHOT: Could not transfer artifact org.apache.directory.client.ldap:ldap-client-api:pom:0.1-SNAPSHOT from/to apache.snapshots (http://repository.apache.org/snapshots): Failed to transfer file: http://repository.apache.org/snapshots/org/apache/directory/client/ldap/ldap-client-api/0.1-SNAPSHOT/ldap-client-api-0.1-SNAPSHOT.pom. Return code is: 503 , ReasonPhrase:Service Unavailable. -&amp;gt; [Help 1]
[ERROR] 
[ERROR] To see the full stack trace of the errors, re-run Maven with the -e switch.
[ERROR] Re-run Maven using the -X switch to enable full debug logging.
[ERROR] 
[ERROR] For more information about the errors and possible solutions, please read the following articles:
[ERROR] [Help 1] http://cwiki.apache.org/confluence/display/MAVEN/DependencyResolutionException
[ERROR] 
[ERROR] After correcting the problems, you can resume the build with the command
[ERROR]   mvn &amp;lt;goals&amp;gt; -rf :hive-service
+ exit 1
&apos;
&lt;/pre&gt;
&lt;/div&gt;&lt;/div&gt;

&lt;p&gt;This message is automatically generated.&lt;/p&gt;

&lt;p&gt;ATTACHMENT ID: 12803771 - PreCommit-HIVE-MASTER-Build&lt;/p&gt;</comment>
                            <comment id="15284862" author="wzheng" created="Mon, 16 May 2016 17:21:31 +0000"  >&lt;p&gt;Test failures are not related.&lt;/p&gt;

&lt;p&gt;Test Name&lt;br/&gt;
Duration&lt;br/&gt;
Age&lt;br/&gt;
 org.apache.hadoop.hive.cli.TestCliDriver.testCliDriver_index_auto_partitioned	26 sec	1&lt;br/&gt;
 org.apache.hive.hcatalog.listener.TestDbNotificationListener.cleanupNotifs	1 min 1 sec	1&lt;br/&gt;
 org.apache.hadoop.hive.llap.tezplugins.TestLlapTaskSchedulerService.testDelayedLocalityNodeCommErrorImmediateAllocation	10 sec	1&lt;br/&gt;
 org.apache.hadoop.hive.llap.daemon.impl.comparator.TestShortestJobFirstComparator.testWaitQueueComparatorWithinDagPriority	5.2 sec	1&lt;br/&gt;
 org.apache.hive.spark.client.TestSparkClient.testSyncRpc	33 sec	1&lt;br/&gt;
 org.apache.hadoop.hive.cli.TestCliDriver.testCliDriver_insert_values_orig_table_use_metadata	46 sec	3&lt;br/&gt;
 org.apache.hadoop.hive.cli.TestCliDriver.testCliDriver_join32	6.1 sec	3&lt;br/&gt;
 org.apache.hadoop.hive.cli.TestEncryptedHDFSCliDriver.testCliDriver_encryption_insert_partition_static	1 min 37 sec	4&lt;br/&gt;
 org.apache.hadoop.hive.cli.TestEncryptedHDFSCliDriver.testCliDriver_encryption_insert_partition_dynamic	1 min 28 sec	4&lt;br/&gt;
 org.apache.hive.minikdc.TestHiveAuthFactory.testStartTokenManagerForMemoryTokenStore	1.6 sec	4&lt;br/&gt;
 org.apache.hive.minikdc.TestHiveAuthFactory.testStartTokenManagerForDBTokenStore	0.41 sec	4&lt;br/&gt;
 org.apache.hive.minikdc.TestMiniHiveKdc.testLogin	1 min 56 sec	4&lt;br/&gt;
 org.apache.hadoop.hive.ql.lockmgr.TestDbTxnManager2.testShowLocksFilterOptions	5.7 sec	6&lt;br/&gt;
 org.apache.hadoop.hive.llap.tez.TestConverters.testFragmentSpecToTaskSpec	44 ms	24&lt;br/&gt;
 org.apache.hive.service.cli.session.TestHiveSessionImpl.testLeakOperationHandle	32 sec	24&lt;br/&gt;
 org.apache.hadoop.hive.llap.tezplugins.TestLlapTaskCommunicator.testFinishableStateUpdateFailure	3.4 sec	37&lt;br/&gt;
 org.apache.hadoop.hive.cli.TestCliDriver.testCliDriver_selectindate	15 sec	56&lt;br/&gt;
 org.apache.hadoop.hive.cli.TestCliDriver.testCliDriver_avrocountemptytbl	11 sec	56&lt;br/&gt;
 org.apache.hadoop.hive.cli.TestCliDriver.testCliDriver_order_null	37 sec	56&lt;br/&gt;
 org.apache.hadoop.hive.cli.TestEncryptedHDFSCliDriver.testCliDriver_encryption_join_with_different_encryption_keys	1 min 34 sec	56&lt;br/&gt;
 org.apache.hadoop.hive.cli.TestMiniSparkOnYarnCliDriver.testCliDriver_index_bitmap3	9.6 sec	56&lt;br/&gt;
 org.apache.hadoop.hive.cli.TestMinimrCliDriver.org.apache.hadoop.hive.cli.TestMinimrCliDriver	57 sec	56&lt;/p&gt;</comment>
                            <comment id="15284872" author="wzheng" created="Mon, 16 May 2016 17:27:19 +0000"  >&lt;p&gt;Committed to master and branch-1. Thanks &lt;a href=&quot;https://issues.apache.org/jira/secure/ViewProfile.jspa?name=vgumashta&quot; class=&quot;user-hover&quot; rel=&quot;vgumashta&quot;&gt;Vaibhav Gumashta&lt;/a&gt; for the review!&lt;/p&gt;</comment>
                            <comment id="15284885" author="vgumashta" created="Mon, 16 May 2016 17:31:52 +0000"  >&lt;p&gt;&lt;a href=&quot;https://issues.apache.org/jira/secure/ViewProfile.jspa?name=wzheng&quot; class=&quot;user-hover&quot; rel=&quot;wzheng&quot;&gt;Wei Zheng&lt;/a&gt; Looks like there was a build failure.&lt;/p&gt;</comment>
                            <comment id="15284890" author="wzheng" created="Mon, 16 May 2016 17:33:57 +0000"  >&lt;p&gt;That failure was caused by the issue with repository.apache.org. That has been resolved during the weekend. It has nothing to do with the patch &lt;img class=&quot;emoticon&quot; src=&quot;https://issues.apache.org/jira/images/icons/emoticons/smile.gif&quot; height=&quot;16&quot; width=&quot;16&quot; align=&quot;absmiddle&quot; alt=&quot;&quot; border=&quot;0&quot;/&gt;&lt;/p&gt;</comment>
                            <comment id="15284895" author="vgumashta" created="Mon, 16 May 2016 17:35:38 +0000"  >&lt;p&gt;Thanks &lt;a href=&quot;https://issues.apache.org/jira/secure/ViewProfile.jspa?name=wzheng&quot; class=&quot;user-hover&quot; rel=&quot;wzheng&quot;&gt;Wei Zheng&lt;/a&gt; &lt;img class=&quot;emoticon&quot; src=&quot;https://issues.apache.org/jira/images/icons/emoticons/smile.gif&quot; height=&quot;16&quot; width=&quot;16&quot; align=&quot;absmiddle&quot; alt=&quot;&quot; border=&quot;0&quot;/&gt;&lt;/p&gt;</comment>
                    </comments>
                    <attachments>
                            <attachment id="12803767" name="HIVE-13753.1.patch" size="3422" author="wzheng" created="Thu, 12 May 2016 23:52:21 +0000"/>
                            <attachment id="12803769" name="HIVE-13753.2.patch" size="3355" author="wzheng" created="Fri, 13 May 2016 00:10:56 +0000"/>
                            <attachment id="12803771" name="HIVE-13753.3.patch" size="3354" author="wzheng" created="Fri, 13 May 2016 00:33:34 +0000"/>
                    </attachments>
                <subtasks>
                    </subtasks>
                <customfields>
                                                <customfield id="customfield_12310310" key="com.atlassian.jira.toolkit:attachments">
                        <customfieldname>Attachment count</customfieldname>
                        <customfieldvalues>
                            <customfieldvalue>3.0</customfieldvalue>
                        </customfieldvalues>
                    </customfield>
                                                                                                                                                                                                                                                                                                                                                                                                                                                                                                                                <customfield id="customfield_12310220" key="com.atlassian.jira.ext.charting:firstresponsedate">
                        <customfieldname>Date of First Response</customfieldname>
                        <customfieldvalues>
                            <customfieldvalue>Fri, 13 May 2016 00:06:26 +0000</customfieldvalue>

                        </customfieldvalues>
                    </customfield>
                                                                                                                                                                                                                                                                                                                                                                                                                                            <customfield id="customfield_12310420" key="com.pyxis.greenhopper.jira:gh-global-rank">
                        <customfieldname>Global Rank</customfieldname>
                        <customfieldvalues>
                            <customfieldvalue>9223372036854775807</customfieldvalue>
                        </customfieldvalues>
                    </customfield>
                                                                                                                                                    <customfield id="customfield_12312521" key="com.atlassian.jira.toolkit:LastCommentDate">
                        <customfieldname>Last public comment date</customfieldname>
                        <customfieldvalues>
                            28 weeks, 3 days ago
                        </customfieldvalues>
                    </customfield>
                                                                                            <customfield id="customfield_12311820" key="com.pyxis.greenhopper.jira:gh-lexo-rank">
                        <customfieldname>Rank</customfieldname>
                        <customfieldvalues>
                            <customfieldvalue>0|i2xwxz:</customfieldvalue>

                        </customfieldvalues>
                    </customfield>
                                                                <customfield id="customfield_12310920" key="com.pyxis.greenhopper.jira:gh-global-rank">
                        <customfieldname>Rank (Obsolete)</customfieldname>
                        <customfieldvalues>
                            <customfieldvalue>9223372036854775807</customfieldvalue>
                        </customfieldvalues>
                    </customfield>
                                                                                                                                                                                                                                                                    <customfield id="customfield_12310320" key="com.atlassian.jira.plugin.system.customfieldtypes:multiversion">
                        <customfieldname>Target Version/s</customfieldname>
                        <customfieldvalues>
                                <customfieldvalue>12332154</customfieldvalue>
    <customfieldvalue>12334255</customfieldvalue>
    
                        </customfieldvalues>
                    </customfield>
                                                                                            <customfield id="customfield_12310222" key="com.atlassian.jira.ext.charting:timeinstatus">
                        <customfieldname>Time in Status</customfieldname>
                        <customfieldvalues>
                            
                        </customfieldvalues>
                    </customfield>
                                                                                                                        </customfields>
    </item>
</channel>
</rss>