<!-- 
RSS generated by JIRA (6.3.4#6332-sha1:51bc225ef474afe3128b2f66878477f322397b16) at Fri Dec 02 05:03:59 UTC 2016

It is possible to restrict the fields that are returned in this document by specifying the 'field' parameter in your request.
For example, to request only the issue key and summary add field=key&field=summary to the URL of your request.
For example:
https://issues.apache.org/jira/si/jira.issueviews:issue-xml/HIVE-13540/HIVE-13540.xml?field=key&amp;field=summary
-->
<rss version="0.92" >
<channel>
    <title>ASF JIRA</title>
    <link>https://issues.apache.org/jira</link>
    <description>This file is an XML representation of an issue</description>
    <language>en-uk</language>    <build-info>
        <version>6.3.4</version>
        <build-number>6332</build-number>
        <build-date>15-08-2014</build-date>
    </build-info>

<item>
            <title>[HIVE-13540] Casts to numeric types don&apos;t seem to work in hplsql</title>
                <link>https://issues.apache.org/jira/browse/HIVE-13540</link>
                <project id="12310843" key="HIVE">Hive</project>
                    <description>&lt;p&gt;Maybe I&apos;m doing this wrong? But it seems to be broken.&lt;/p&gt;

&lt;p&gt;Casts to string types seem to work fine, but not numbers.&lt;/p&gt;

&lt;p&gt;This code:&lt;/p&gt;
&lt;div class=&quot;code panel&quot; style=&quot;border-width: 1px;&quot;&gt;&lt;div class=&quot;codeContent panelContent&quot;&gt;
&lt;pre class=&quot;code-java&quot;&gt;
temp_int     = CAST(&apos;1&apos; AS &lt;span class=&quot;code-object&quot;&gt;int&lt;/span&gt;);
print temp_int
temp_float   = CAST(&apos;1.2&apos; AS &lt;span class=&quot;code-object&quot;&gt;float&lt;/span&gt;);
print temp_float
temp_double  = CAST(&apos;1.2&apos; AS &lt;span class=&quot;code-object&quot;&gt;double&lt;/span&gt;);
print temp_double
temp_decimal = CAST(&apos;1.2&apos; AS decimal(10, 4));
print temp_decimal
temp_string = CAST(&apos;1.2&apos; AS string);
print temp_string
&lt;/pre&gt;
&lt;/div&gt;&lt;/div&gt;

&lt;p&gt;Produces this output:&lt;/p&gt;
&lt;div class=&quot;code panel&quot; style=&quot;border-width: 1px;&quot;&gt;&lt;div class=&quot;codeContent panelContent&quot;&gt;
&lt;pre class=&quot;code-java&quot;&gt;
[vagrant@hdp250 hplsql]$ hplsql -f temp2.hplsql
which: no hbase in (/usr/lib64/qt-3.3/bin:/usr/lib/jvm/java/bin:/usr/local/bin:/bin:/usr/bin:/usr/local/sbin:/usr/sbin:/sbin:/opt/puppetlabs/bin:/usr/local/share/jmeter/bin:/home/vagrant/bin)
WARNING: Use &lt;span class=&quot;code-quote&quot;&gt;&quot;yarn jar&quot;&lt;/span&gt; to launch YARN applications.
&lt;span class=&quot;code-keyword&quot;&gt;null&lt;/span&gt;
&lt;span class=&quot;code-keyword&quot;&gt;null&lt;/span&gt;
&lt;span class=&quot;code-keyword&quot;&gt;null&lt;/span&gt;
&lt;span class=&quot;code-keyword&quot;&gt;null&lt;/span&gt;
1.2
&lt;/pre&gt;
&lt;/div&gt;&lt;/div&gt;

&lt;p&gt;The software I&apos;m using is not anything released but is pretty close to the trunk, 2 weeks old at most.&lt;/p&gt;</description>
                <environment></environment>
        <key id="12959800">HIVE-13540</key>
            <summary>Casts to numeric types don&apos;t seem to work in hplsql</summary>
                <type id="1" iconUrl="https://issues.apache.org/jira/images/icons/issuetypes/bug.png">Bug</type>
                                            <priority id="3" iconUrl="https://issues.apache.org/jira/images/icons/priorities/major.png">Major</priority>
                        <status id="5" iconUrl="https://issues.apache.org/jira/images/icons/statuses/resolved.png" description="A resolution has been taken, and it is awaiting verification by reporter. From here issues are either reopened, or are closed.">Resolved</status>
                    <statusCategory id="3" key="done" colorName="green"/>
                                    <resolution id="1">Fixed</resolution>
                                        <assignee username="dmtolpeko">Dmitry Tolpeko</assignee>
                                    <reporter username="cartershanklin">Carter Shanklin</reporter>
                        <labels>
                    </labels>
                <created>Mon, 18 Apr 2016 21:58:02 +0000</created>
                <updated>Sat, 12 Nov 2016 15:17:08 +0000</updated>
                            <resolved>Wed, 8 Jun 2016 13:55:47 +0000</resolved>
                                    <version>2.2.0</version>
                                    <fixVersion>2.2.0</fixVersion>
                                    <component>hpl/sql</component>
                        <due></due>
                            <votes>0</votes>
                                    <watches>4</watches>
                                                                <comments>
                            <comment id="15247311" author="dmtolpeko" created="Tue, 19 Apr 2016 07:19:58 +0000"  >&lt;p&gt;I am working on this. &lt;/p&gt;</comment>
                            <comment id="15301885" author="dmtolpeko" created="Thu, 26 May 2016 09:45:55 +0000"  >&lt;p&gt;Patch submitted.&lt;/p&gt;</comment>
                            <comment id="15313266" author="alangates" created="Thu, 2 Jun 2016 23:12:02 +0000"  >&lt;p&gt;+1&lt;/p&gt;</comment>
                            <comment id="15314684" author="dmtolpeko" created="Fri, 3 Jun 2016 19:51:16 +0000"  >&lt;p&gt;Patch committed. &lt;/p&gt;</comment>
                            <comment id="15315736" author="lefty@hortonworks.com" created="Sun, 5 Jun 2016 05:10:44 +0000"  >&lt;p&gt;&lt;a href=&quot;https://issues.apache.org/jira/secure/ViewProfile.jspa?name=dmtolpeko&quot; class=&quot;user-hover&quot; rel=&quot;dmtolpeko&quot;&gt;Dmitry Tolpeko&lt;/a&gt;, please update the status and fix version for this jira issue.  Thanks.&lt;/p&gt;</comment>
                            <comment id="15320587" author="dmtolpeko" created="Wed, 8 Jun 2016 13:56:34 +0000"  >&lt;p&gt;Done. Sorry I lost my Jira permissions and needed a few days to restore them. &lt;/p&gt;</comment>
                            <comment id="15321812" author="lefty@hortonworks.com" created="Thu, 9 Jun 2016 02:52:37 +0000"  >&lt;p&gt;&amp;gt; I lost my Jira permissions&lt;/p&gt;

&lt;p&gt;There&apos;s a lot of that going around.  Thanks!&lt;/p&gt;</comment>
                    </comments>
                <issuelinks>
                            <issuelinktype id="10030">
                    <name>Reference</name>
                                                                <inwardlinks description="is related to">
                                        <issuelink>
            <issuekey id="13006504">HIVE-14804</issuekey>
        </issuelink>
                            </inwardlinks>
                                    </issuelinktype>
                    </issuelinks>
                <attachments>
                            <attachment id="12806327" name="HIVE-13540.1.patch" size="35915" author="dmtolpeko" created="Thu, 26 May 2016 09:45:11 +0000"/>
                    </attachments>
                <subtasks>
                    </subtasks>
                <customfields>
                                                <customfield id="customfield_12310310" key="com.atlassian.jira.toolkit:attachments">
                        <customfieldname>Attachment count</customfieldname>
                        <customfieldvalues>
                            <customfieldvalue>1.0</customfieldvalue>
                        </customfieldvalues>
                    </customfield>
                                                                                                                                                                                                                                                                                                                                                                                                                                                                                                                                <customfield id="customfield_12310220" key="com.atlassian.jira.ext.charting:firstresponsedate">
                        <customfieldname>Date of First Response</customfieldname>
                        <customfieldvalues>
                            <customfieldvalue>Tue, 19 Apr 2016 07:19:58 +0000</customfieldvalue>

                        </customfieldvalues>
                    </customfield>
                                                                                                                                                                                                                                                                                                                                                                                                                                            <customfield id="customfield_12310420" key="com.pyxis.greenhopper.jira:gh-global-rank">
                        <customfieldname>Global Rank</customfieldname>
                        <customfieldvalues>
                            <customfieldvalue>9223372036854775807</customfieldvalue>
                        </customfieldvalues>
                    </customfield>
                                                                                                                                                    <customfield id="customfield_12312521" key="com.atlassian.jira.toolkit:LastCommentDate">
                        <customfieldname>Last public comment date</customfieldname>
                        <customfieldvalues>
                            25 weeks, 1 day ago
                        </customfieldvalues>
                    </customfield>
                                                                                            <customfield id="customfield_12311820" key="com.pyxis.greenhopper.jira:gh-lexo-rank">
                        <customfieldname>Rank</customfieldname>
                        <customfieldvalues>
                            <customfieldvalue>0|i2wacf:</customfieldvalue>

                        </customfieldvalues>
                    </customfield>
                                                                <customfield id="customfield_12310920" key="com.pyxis.greenhopper.jira:gh-global-rank">
                        <customfieldname>Rank (Obsolete)</customfieldname>
                        <customfieldvalues>
                            <customfieldvalue>9223372036854775807</customfieldvalue>
                        </customfieldvalues>
                    </customfield>
                                                                                                                                                                                                                                                                                                                            <customfield id="customfield_12310222" key="com.atlassian.jira.ext.charting:timeinstatus">
                        <customfieldname>Time in Status</customfieldname>
                        <customfieldvalues>
                            
                        </customfieldvalues>
                    </customfield>
                                                                                                                        </customfields>
    </item>
</channel>
</rss>