<!-- 
RSS generated by JIRA (6.3.4#6332-sha1:51bc225ef474afe3128b2f66878477f322397b16) at Fri Dec 02 05:43:59 UTC 2016

It is possible to restrict the fields that are returned in this document by specifying the 'field' parameter in your request.
For example, to request only the issue key and summary add field=key&field=summary to the URL of your request.
For example:
https://issues.apache.org/jira/si/jira.issueviews:issue-xml/HIVE-13592/HIVE-13592.xml?field=key&amp;field=summary
-->
<rss version="0.92" >
<channel>
    <title>ASF JIRA</title>
    <link>https://issues.apache.org/jira</link>
    <description>This file is an XML representation of an issue</description>
    <language>en-uk</language>    <build-info>
        <version>6.3.4</version>
        <build-number>6332</build-number>
        <build-date>15-08-2014</build-date>
    </build-info>

<item>
            <title>[HIVE-13592] metastore calls map is not thread safe</title>
                <link>https://issues.apache.org/jira/browse/HIVE-13592</link>
                <project id="12310843" key="HIVE">Hive</project>
                    <description></description>
                <environment></environment>
        <key id="12961800">HIVE-13592</key>
            <summary>metastore calls map is not thread safe</summary>
                <type id="1" iconUrl="https://issues.apache.org/jira/images/icons/issuetypes/bug.png">Bug</type>
                                            <priority id="3" iconUrl="https://issues.apache.org/jira/images/icons/priorities/major.png">Major</priority>
                        <status id="6" iconUrl="https://issues.apache.org/jira/images/icons/statuses/closed.png" description="The issue is considered finished, the resolution is correct. Issues which are closed can be reopened.">Closed</status>
                    <statusCategory id="3" key="done" colorName="green"/>
                                    <resolution id="1">Fixed</resolution>
                                        <assignee username="sershe">Sergey Shelukhin</assignee>
                                    <reporter username="sershe">Sergey Shelukhin</reporter>
                        <labels>
                    </labels>
                <created>Fri, 22 Apr 2016 18:20:21 +0000</created>
                <updated>Tue, 21 Jun 2016 15:10:56 +0000</updated>
                            <resolved>Thu, 5 May 2016 00:14:57 +0000</resolved>
                                                    <fixVersion>2.1.0</fixVersion>
                                        <due></due>
                            <votes>0</votes>
                                    <watches>4</watches>
                                                                <comments>
                            <comment id="15254392" author="sershe" created="Fri, 22 Apr 2016 18:25:01 +0000"  >&lt;p&gt;This is one of the early patches from &lt;a href=&quot;https://issues.apache.org/jira/browse/HIVE-13002&quot; title=&quot;Hive object is not thread safe, is shared via a threadlocal and thus should not be passed around too much - part 1&quot; class=&quot;issue-link&quot; data-issue-key=&quot;HIVE-13002&quot;&gt;&lt;del&gt;HIVE-13002&lt;/del&gt;&lt;/a&gt;. &lt;a href=&quot;https://issues.apache.org/jira/secure/ViewProfile.jspa?name=ashutoshc&quot; class=&quot;user-hover&quot; rel=&quot;ashutoshc&quot;&gt;Ashutosh Chauhan&lt;/a&gt; &lt;a href=&quot;https://issues.apache.org/jira/secure/ViewProfile.jspa?name=aihuaxu&quot; class=&quot;user-hover&quot; rel=&quot;aihuaxu&quot;&gt;Aihua Xu&lt;/a&gt; &lt;a href=&quot;https://issues.apache.org/jira/secure/ViewProfile.jspa?name=thejas&quot; class=&quot;user-hover&quot; rel=&quot;thejas&quot;&gt;Thejas M Nair&lt;/a&gt; fyi.&lt;/p&gt;

&lt;p&gt;We assume now that the rest of the Hive object is thread-safe (see the discussion in &lt;a href=&quot;https://issues.apache.org/jira/browse/HIVE-13194&quot; title=&quot;Hive object is not thread safe, is shared via a threadlocal and thus should not be shared via session - part 2&quot; class=&quot;issue-link&quot; data-issue-key=&quot;HIVE-13194&quot;&gt;&lt;del&gt;HIVE-13194&lt;/del&gt;&lt;/a&gt;)&lt;/p&gt;</comment>
                            <comment id="15254484" author="aihuaxu" created="Fri, 22 Apr 2016 19:06:50 +0000"  >&lt;p&gt;I just wonder why we made such change in  addMethodTime(). Should ConcurrentHashMap takes care of the concurrent update?&lt;/p&gt;</comment>
                            <comment id="15254522" author="sershe" created="Fri, 22 Apr 2016 19:38:57 +0000"  >&lt;p&gt;No. There&apos;s no sync between get and put. replace() acts as CAS, and putIfAbsent() is just a special case of that. Otherwise, nothing prevents T1-get, T2-get, T2-put, T1-put from happening, and losing the values.&lt;/p&gt;</comment>
                            <comment id="15254954" author="aihuaxu" created="Sat, 23 Apr 2016 00:17:14 +0000"  >&lt;p&gt;You are right. That&apos;s a very nice way to handle the synchronization. +1.&lt;/p&gt;</comment>
                            <comment id="15255608" author="hiveqa" created="Sun, 24 Apr 2016 14:57:14 +0000"  >

&lt;p&gt;Here are the results of testing the latest attachment:&lt;br/&gt;
&lt;a href=&quot;https://issues.apache.org/jira/secure/attachment/12800271/HIVE-13592.patch&quot; class=&quot;external-link&quot; rel=&quot;nofollow&quot;&gt;https://issues.apache.org/jira/secure/attachment/12800271/HIVE-13592.patch&lt;/a&gt;&lt;/p&gt;

&lt;p&gt;&lt;font color=&quot;red&quot;&gt;ERROR:&lt;/font&gt; -1 due to build exiting with an error&lt;/p&gt;

&lt;p&gt;Test results: &lt;a href=&quot;http://ec2-54-177-240-2.us-west-1.compute.amazonaws.com/job/PreCommit-HIVE-MASTER-Build/61/testReport&quot; class=&quot;external-link&quot; rel=&quot;nofollow&quot;&gt;http://ec2-54-177-240-2.us-west-1.compute.amazonaws.com/job/PreCommit-HIVE-MASTER-Build/61/testReport&lt;/a&gt;&lt;br/&gt;
Console output: &lt;a href=&quot;http://ec2-54-177-240-2.us-west-1.compute.amazonaws.com/job/PreCommit-HIVE-MASTER-Build/61/console&quot; class=&quot;external-link&quot; rel=&quot;nofollow&quot;&gt;http://ec2-54-177-240-2.us-west-1.compute.amazonaws.com/job/PreCommit-HIVE-MASTER-Build/61/console&lt;/a&gt;&lt;br/&gt;
Test logs: &lt;a href=&quot;http://ec2-50-18-27-0.us-west-1.compute.amazonaws.com/logs/PreCommit-HIVE-MASTER-Build-61/&quot; class=&quot;external-link&quot; rel=&quot;nofollow&quot;&gt;http://ec2-50-18-27-0.us-west-1.compute.amazonaws.com/logs/PreCommit-HIVE-MASTER-Build-61/&lt;/a&gt;&lt;/p&gt;

&lt;p&gt;Messages:&lt;/p&gt;
&lt;div class=&quot;preformatted panel&quot; style=&quot;border-width: 1px;&quot;&gt;&lt;div class=&quot;preformattedContent panelContent&quot;&gt;
&lt;pre&gt;Executing org.apache.hive.ptest.execution.TestCheckPhase
Executing org.apache.hive.ptest.execution.PrepPhase
Tests exited with: NonZeroExitCodeException
Command &apos;bash /data/hive-ptest/working/scratch/source-prep.sh&apos; failed with exit status 1 and output &apos;+ [[ -n /usr/java/jdk1.7.0_45-cloudera ]]
+ export JAVA_HOME=/usr/java/jdk1.7.0_45-cloudera
+ JAVA_HOME=/usr/java/jdk1.7.0_45-cloudera
+ export PATH=/usr/java/jdk1.7.0_45-cloudera/bin/:/usr/lib64/qt-3.3/bin:/usr/local/apache-maven-3.0.5/bin:/usr/java/jdk1.7.0_45-cloudera/bin:/usr/local/apache-ant-1.9.1/bin:/usr/local/bin:/bin:/usr/bin:/usr/local/sbin:/usr/sbin:/sbin:/home/hiveptest/bin
+ PATH=/usr/java/jdk1.7.0_45-cloudera/bin/:/usr/lib64/qt-3.3/bin:/usr/local/apache-maven-3.0.5/bin:/usr/java/jdk1.7.0_45-cloudera/bin:/usr/local/apache-ant-1.9.1/bin:/usr/local/bin:/bin:/usr/bin:/usr/local/sbin:/usr/sbin:/sbin:/home/hiveptest/bin
+ export &apos;ANT_OPTS=-Xmx1g -XX:MaxPermSize=256m &apos;
+ ANT_OPTS=&apos;-Xmx1g -XX:MaxPermSize=256m &apos;
+ export &apos;M2_OPTS=-Xmx1g -XX:MaxPermSize=256m -Dhttp.proxyHost=localhost -Dhttp.proxyPort=3128&apos;
+ M2_OPTS=&apos;-Xmx1g -XX:MaxPermSize=256m -Dhttp.proxyHost=localhost -Dhttp.proxyPort=3128&apos;
+ cd /data/hive-ptest/working/
+ tee /data/hive-ptest/logs/PreCommit-HIVE-MASTER-Build-61/source-prep.txt
+ [[ false == \t\r\u\e ]]
+ mkdir -p maven ivy
+ [[ git = \s\v\n ]]
+ [[ git = \g\i\t ]]
+ [[ -z master ]]
+ [[ -d apache-github-source-source ]]
+ [[ ! -d apache-github-source-source/.git ]]
+ [[ ! -d apache-github-source-source ]]
+ cd apache-github-source-source
+ git fetch origin
+ git reset --hard HEAD
HEAD is now at a42bc67 HIVE-13494: LLAP: Some metrics from daemon are not exposed to hadoop-metrics2 (Prasanth Jayachandran reviewed by Siddharth Seth)
+ git clean -f -d
Removing pom.xml.orig
+ git checkout master
Already on &apos;master&apos;
+ git reset --hard origin/master
HEAD is now at a42bc67 HIVE-13494: LLAP: Some metrics from daemon are not exposed to hadoop-metrics2 (Prasanth Jayachandran reviewed by Siddharth Seth)
+ git merge --ff-only origin/master
Already up-to-date.
+ git gc
+ patchCommandPath=/data/hive-ptest/working/scratch/smart-apply-patch.sh
+ patchFilePath=/data/hive-ptest/working/scratch/build.patch
+ [[ -f /data/hive-ptest/working/scratch/build.patch ]]
+ chmod +x /data/hive-ptest/working/scratch/smart-apply-patch.sh
+ /data/hive-ptest/working/scratch/smart-apply-patch.sh /data/hive-ptest/working/scratch/build.patch
The patch does not appear to apply with p0, p1, or p2
+ exit 1
&apos;
&lt;/pre&gt;
&lt;/div&gt;&lt;/div&gt;

&lt;p&gt;This message is automatically generated.&lt;/p&gt;

&lt;p&gt;ATTACHMENT ID: 12800271 - PreCommit-HIVE-MASTER-Build&lt;/p&gt;</comment>
                            <comment id="15271687" author="sershe" created="Thu, 5 May 2016 00:14:57 +0000"  >&lt;p&gt;Committed to master after rebase. Thanks for the review!&lt;/p&gt;</comment>
                    </comments>
                <issuelinks>
                            <issuelinktype id="10030">
                    <name>Reference</name>
                                                                <inwardlinks description="is related to">
                                        <issuelink>
            <issuekey id="12946007">HIVE-13194</issuekey>
        </issuelink>
            <issuelink>
            <issuekey id="12936851">HIVE-13002</issuekey>
        </issuelink>
                            </inwardlinks>
                                    </issuelinktype>
                    </issuelinks>
                <attachments>
                            <attachment id="12800271" name="HIVE-13592.patch" size="4650" author="sershe" created="Fri, 22 Apr 2016 18:25:01 +0000"/>
                    </attachments>
                <subtasks>
                    </subtasks>
                <customfields>
                                                <customfield id="customfield_12310310" key="com.atlassian.jira.toolkit:attachments">
                        <customfieldname>Attachment count</customfieldname>
                        <customfieldvalues>
                            <customfieldvalue>1.0</customfieldvalue>
                        </customfieldvalues>
                    </customfield>
                                                                                                                                                                                                                                                                                                                                                                                                                                                                                                                                <customfield id="customfield_12310220" key="com.atlassian.jira.ext.charting:firstresponsedate">
                        <customfieldname>Date of First Response</customfieldname>
                        <customfieldvalues>
                            <customfieldvalue>Fri, 22 Apr 2016 19:06:50 +0000</customfieldvalue>

                        </customfieldvalues>
                    </customfield>
                                                                                                                                                                                                                                                                                                                                                                                                                                            <customfield id="customfield_12310420" key="com.pyxis.greenhopper.jira:gh-global-rank">
                        <customfieldname>Global Rank</customfieldname>
                        <customfieldvalues>
                            <customfieldvalue>9223372036854775807</customfieldvalue>
                        </customfieldvalues>
                    </customfield>
                                                                                                                                                    <customfield id="customfield_12312521" key="com.atlassian.jira.toolkit:LastCommentDate">
                        <customfieldname>Last public comment date</customfieldname>
                        <customfieldvalues>
                            30 weeks, 1 day ago
                        </customfieldvalues>
                    </customfield>
                                                                                            <customfield id="customfield_12311820" key="com.pyxis.greenhopper.jira:gh-lexo-rank">
                        <customfieldname>Rank</customfieldname>
                        <customfieldvalues>
                            <customfieldvalue>0|i2wm53:</customfieldvalue>

                        </customfieldvalues>
                    </customfield>
                                                                <customfield id="customfield_12310920" key="com.pyxis.greenhopper.jira:gh-global-rank">
                        <customfieldname>Rank (Obsolete)</customfieldname>
                        <customfieldvalues>
                            <customfieldvalue>9223372036854775807</customfieldvalue>
                        </customfieldvalues>
                    </customfield>
                                                                                                                                                                                                                                                                                                                            <customfield id="customfield_12310222" key="com.atlassian.jira.ext.charting:timeinstatus">
                        <customfieldname>Time in Status</customfieldname>
                        <customfieldvalues>
                            
                        </customfieldvalues>
                    </customfield>
                                                                                                                        </customfields>
    </item>
</channel>
</rss>