<!-- 
RSS generated by JIRA (6.3.4#6332-sha1:51bc225ef474afe3128b2f66878477f322397b16) at Fri Dec 02 11:56:25 UTC 2016

It is possible to restrict the fields that are returned in this document by specifying the 'field' parameter in your request.
For example, to request only the issue key and summary add field=key&field=summary to the URL of your request.
For example:
https://issues.apache.org/jira/si/jira.issueviews:issue-xml/HIVE-14238/HIVE-14238.xml?field=key&amp;field=summary
-->
<rss version="0.92" >
<channel>
    <title>ASF JIRA</title>
    <link>https://issues.apache.org/jira</link>
    <description>This file is an XML representation of an issue</description>
    <language>en-uk</language>    <build-info>
        <version>6.3.4</version>
        <build-number>6332</build-number>
        <build-date>15-08-2014</build-date>
    </build-info>

<item>
            <title>[HIVE-14238] Ownership shouldn&apos;t be checked if external table location doesn&apos;t exist</title>
                <link>https://issues.apache.org/jira/browse/HIVE-14238</link>
                <project id="12310843" key="HIVE">Hive</project>
                    <description>&lt;p&gt;When creating external table with SQL authorization, we require RWX permission + ownership of the table location. If the location doesn&apos;t exist, we check on parent dir (recursively), which means we require the user owns everything under parent dir. I think this is not necessary - we don&apos;t have to check ownership of parent dir, or we just check non-recursively.&lt;/p&gt;</description>
                <environment></environment>
        <key id="12989397">HIVE-14238</key>
            <summary>Ownership shouldn&apos;t be checked if external table location doesn&apos;t exist</summary>
                <type id="1" iconUrl="https://issues.apache.org/jira/images/icons/issuetypes/bug.png">Bug</type>
                                            <priority id="3" iconUrl="https://issues.apache.org/jira/images/icons/priorities/major.png">Major</priority>
                        <status id="5" iconUrl="https://issues.apache.org/jira/images/icons/statuses/resolved.png" description="A resolution has been taken, and it is awaiting verification by reporter. From here issues are either reopened, or are closed.">Resolved</status>
                    <statusCategory id="3" key="done" colorName="green"/>
                                    <resolution id="3">Duplicate</resolution>
                                        <assignee username="lirui">Rui Li</assignee>
                                    <reporter username="lirui">Rui Li</reporter>
                        <labels>
                    </labels>
                <created>Thu, 14 Jul 2016 09:19:36 +0000</created>
                <updated>Fri, 15 Jul 2016 01:54:18 +0000</updated>
                            <resolved>Fri, 15 Jul 2016 01:32:07 +0000</resolved>
                                                                        <due></due>
                            <votes>0</votes>
                                    <watches>3</watches>
                                                                <comments>
                            <comment id="15376649" author="lirui" created="Thu, 14 Jul 2016 09:21:24 +0000"  >&lt;p&gt;&lt;a href=&quot;https://issues.apache.org/jira/secure/ViewProfile.jspa?name=thejas&quot; class=&quot;user-hover&quot; rel=&quot;thejas&quot;&gt;Thejas M Nair&lt;/a&gt;, do you think this makes sense?&lt;/p&gt;</comment>
                            <comment id="15376841" author="lirui" created="Thu, 14 Jul 2016 12:47:44 +0000"  >&lt;p&gt;More generally I think we shouldn&apos;t do any recursive check on parent dir.&lt;/p&gt;</comment>
                            <comment id="15377165" author="spena" created="Thu, 14 Jul 2016 15:58:18 +0000"  >&lt;p&gt;Hi &lt;a href=&quot;https://issues.apache.org/jira/secure/ViewProfile.jspa?name=lirui&quot; class=&quot;user-hover&quot; rel=&quot;lirui&quot;&gt;Rui Li&lt;/a&gt; Checking the parent dir permissions should be enough as CREATE EXTERNAL will create the location directory if it does not exist, and that requires parent dir permissions. Not sure why recursively was added, but I don&apos;t think that is needed.&lt;/p&gt;</comment>
                            <comment id="15378709" author="thejas" created="Fri, 15 Jul 2016 01:29:53 +0000"  >&lt;p&gt;This will be fixed by the changes in &lt;a href=&quot;https://issues.apache.org/jira/browse/HIVE-10022&quot; title=&quot;Authorization checks for non existent file/directory should not be recursive&quot; class=&quot;issue-link&quot; data-issue-key=&quot;HIVE-10022&quot;&gt;&lt;del&gt;HIVE-10022&lt;/del&gt;&lt;/a&gt; that &lt;a href=&quot;https://issues.apache.org/jira/secure/ViewProfile.jspa?name=sushanth&quot; class=&quot;user-hover&quot; rel=&quot;sushanth&quot;&gt;Sushanth Sowmyan&lt;/a&gt; is looking into.&lt;/p&gt;</comment>
                            <comment id="15378715" author="thejas" created="Fri, 15 Jul 2016 01:32:07 +0000"  >&lt;p&gt;&lt;a href=&quot;https://issues.apache.org/jira/secure/ViewProfile.jspa?name=lirui&quot; class=&quot;user-hover&quot; rel=&quot;lirui&quot;&gt;Rui Li&lt;/a&gt; Thanks for raising this issue.&lt;br/&gt;
It should be fixed soon.&lt;/p&gt;</comment>
                            <comment id="15378741" author="lirui" created="Fri, 15 Jul 2016 01:54:18 +0000"  >&lt;p&gt;That&apos;s good to know. Thanks &lt;a href=&quot;https://issues.apache.org/jira/secure/ViewProfile.jspa?name=thejas&quot; class=&quot;user-hover&quot; rel=&quot;thejas&quot;&gt;Thejas M Nair&lt;/a&gt;.&lt;/p&gt;</comment>
                    </comments>
                <issuelinks>
                            <issuelinktype id="12310000">
                    <name>Duplicate</name>
                                            <outwardlinks description="duplicates">
                                        <issuelink>
            <issuekey id="12783366">HIVE-10022</issuekey>
        </issuelink>
                            </outwardlinks>
                                                        </issuelinktype>
                    </issuelinks>
                <attachments>
                    </attachments>
                <subtasks>
                    </subtasks>
                <customfields>
                                                <customfield id="customfield_12310310" key="com.atlassian.jira.toolkit:attachments">
                        <customfieldname>Attachment count</customfieldname>
                        <customfieldvalues>
                            <customfieldvalue>0.0</customfieldvalue>
                        </customfieldvalues>
                    </customfield>
                                                                                                                                                                                                                                                                                                                                                                                                                                                                                                                                <customfield id="customfield_12310220" key="com.atlassian.jira.ext.charting:firstresponsedate">
                        <customfieldname>Date of First Response</customfieldname>
                        <customfieldvalues>
                            <customfieldvalue>Thu, 14 Jul 2016 15:58:18 +0000</customfieldvalue>

                        </customfieldvalues>
                    </customfield>
                                                                                                                                                                                                                                                                                                                                                                                                                                            <customfield id="customfield_12310420" key="com.pyxis.greenhopper.jira:gh-global-rank">
                        <customfieldname>Global Rank</customfieldname>
                        <customfieldvalues>
                            <customfieldvalue>9223372036854775807</customfieldvalue>
                        </customfieldvalues>
                    </customfield>
                                                                                                                                                    <customfield id="customfield_12312521" key="com.atlassian.jira.toolkit:LastCommentDate">
                        <customfieldname>Last public comment date</customfieldname>
                        <customfieldvalues>
                            20 weeks ago
                        </customfieldvalues>
                    </customfield>
                                                                                            <customfield id="customfield_12311820" key="com.pyxis.greenhopper.jira:gh-lexo-rank">
                        <customfieldname>Rank</customfieldname>
                        <customfieldvalues>
                            <customfieldvalue>0|i30ys7:</customfieldvalue>

                        </customfieldvalues>
                    </customfield>
                                                                <customfield id="customfield_12310920" key="com.pyxis.greenhopper.jira:gh-global-rank">
                        <customfieldname>Rank (Obsolete)</customfieldname>
                        <customfieldvalues>
                            <customfieldvalue>9223372036854775807</customfieldvalue>
                        </customfieldvalues>
                    </customfield>
                                                                                                                                                                                                                                                                                                                            <customfield id="customfield_12310222" key="com.atlassian.jira.ext.charting:timeinstatus">
                        <customfieldname>Time in Status</customfieldname>
                        <customfieldvalues>
                            
                        </customfieldvalues>
                    </customfield>
                                                                                                                        </customfields>
    </item>
</channel>
</rss>