<!-- 
RSS generated by JIRA (6.3.4#6332-sha1:51bc225ef474afe3128b2f66878477f322397b16) at Sat Dec 03 00:35:26 UTC 2016

It is possible to restrict the fields that are returned in this document by specifying the 'field' parameter in your request.
For example, to request only the issue key and summary add field=key&field=summary to the URL of your request.
For example:
https://issues.apache.org/jira/si/jira.issueviews:issue-xml/HIVE-2724/HIVE-2724.xml?field=key&amp;field=summary
-->
<rss version="0.92" >
<channel>
    <title>ASF JIRA</title>
    <link>https://issues.apache.org/jira</link>
    <description>This file is an XML representation of an issue</description>
    <language>en-uk</language>    <build-info>
        <version>6.3.4</version>
        <build-number>6332</build-number>
        <build-date>15-08-2014</build-date>
    </build-info>

<item>
            <title>[HIVE-2724] Remove unused lib/log4j-1.2.15.jar</title>
                <link>https://issues.apache.org/jira/browse/HIVE-2724</link>
                <project id="12310843" key="HIVE">Hive</project>
                    <description>&lt;p&gt;There&apos;s still a file, lib/log4j-1.2.15.jar, even though log4j is now pulled in via Ivy. As a result, this older log4j gets pulled into the Hive release tarball, and may end up in classpaths as well. It should be removed.&lt;/p&gt;</description>
                <environment></environment>
        <key id="12538720">HIVE-2724</key>
            <summary>Remove unused lib/log4j-1.2.15.jar</summary>
                <type id="1" iconUrl="https://issues.apache.org/jira/images/icons/issuetypes/bug.png">Bug</type>
                                            <priority id="3" iconUrl="https://issues.apache.org/jira/images/icons/priorities/major.png">Major</priority>
                        <status id="6" iconUrl="https://issues.apache.org/jira/images/icons/statuses/closed.png" description="The issue is considered finished, the resolution is correct. Issues which are closed can be reopened.">Closed</status>
                    <statusCategory id="3" key="done" colorName="green"/>
                                    <resolution id="1">Fixed</resolution>
                                        <assignee username="abayer">Andrew Bayer</assignee>
                                    <reporter username="abayer">Andrew Bayer</reporter>
                        <labels>
                    </labels>
                <created>Wed, 18 Jan 2012 00:51:56 +0000</created>
                <updated>Wed, 9 Jan 2013 10:25:15 +0000</updated>
                            <resolved>Mon, 23 Jan 2012 20:04:39 +0000</resolved>
                                    <version>0.8.0</version>
                                    <fixVersion>0.9.0</fixVersion>
                                    <component>Build Infrastructure</component>
                        <due></due>
                            <votes>0</votes>
                                    <watches>1</watches>
                                                                <comments>
                            <comment id="13188158" author="abayer" created="Wed, 18 Jan 2012 00:54:09 +0000"  >&lt;p&gt;Removes lib/log4j-1.2.15.jar.&lt;/p&gt;</comment>
                            <comment id="13188166" author="cwsteinbach" created="Wed, 18 Jan 2012 01:12:55 +0000"  >&lt;p&gt;+1. Will commit if tests pass.&lt;/p&gt;</comment>
                            <comment id="13191407" author="cwsteinbach" created="Mon, 23 Jan 2012 20:04:39 +0000"  >&lt;p&gt;Committed to trunk. Thanks Andrew!&lt;/p&gt;</comment>
                            <comment id="13191804" author="hudson" created="Tue, 24 Jan 2012 01:42:19 +0000"  >&lt;p&gt;Integrated in Hive-trunk-h0.21 #1216 (See &lt;a href=&quot;https://builds.apache.org/job/Hive-trunk-h0.21/1216/&quot; class=&quot;external-link&quot; rel=&quot;nofollow&quot;&gt;https://builds.apache.org/job/Hive-trunk-h0.21/1216/&lt;/a&gt;)&lt;br/&gt;
    &lt;a href=&quot;https://issues.apache.org/jira/browse/HIVE-2724&quot; title=&quot;Remove unused lib/log4j-1.2.15.jar&quot; class=&quot;issue-link&quot; data-issue-key=&quot;HIVE-2724&quot;&gt;&lt;del&gt;HIVE-2724&lt;/del&gt;&lt;/a&gt;. Remove unused lib/log4j-1.2.15.jar (Andrew Bayer via cws)&lt;/p&gt;

&lt;p&gt;cws : &lt;a href=&quot;http://svn.apache.org/viewcvs.cgi/?root=Apache-SVN&amp;amp;view=rev&amp;amp;rev=1234962&quot; class=&quot;external-link&quot; rel=&quot;nofollow&quot;&gt;http://svn.apache.org/viewcvs.cgi/?root=Apache-SVN&amp;amp;view=rev&amp;amp;rev=1234962&lt;/a&gt;&lt;br/&gt;
Files : &lt;/p&gt;
&lt;ul&gt;
	&lt;li&gt;/hive/trunk/lib/log4j-1.2.15.jar&lt;/li&gt;
&lt;/ul&gt;
</comment>
                            <comment id="13265337" author="ashutoshc" created="Mon, 30 Apr 2012 21:11:50 +0000"  >&lt;p&gt;This issue is closed now. It was released with the fix in 0.9.0. If there is a problem, please open a new jira and link this one with that.&lt;/p&gt;</comment>
                            <comment id="13548315" author="hudson" created="Wed, 9 Jan 2013 10:25:15 +0000"  >&lt;p&gt;Integrated in Hive-trunk-hadoop2 #54 (See &lt;a href=&quot;https://builds.apache.org/job/Hive-trunk-hadoop2/54/&quot; class=&quot;external-link&quot; rel=&quot;nofollow&quot;&gt;https://builds.apache.org/job/Hive-trunk-hadoop2/54/&lt;/a&gt;)&lt;br/&gt;
    &lt;a href=&quot;https://issues.apache.org/jira/browse/HIVE-2724&quot; title=&quot;Remove unused lib/log4j-1.2.15.jar&quot; class=&quot;issue-link&quot; data-issue-key=&quot;HIVE-2724&quot;&gt;&lt;del&gt;HIVE-2724&lt;/del&gt;&lt;/a&gt;. Remove unused lib/log4j-1.2.15.jar (Andrew Bayer via cws) (Revision 1234962)&lt;/p&gt;

&lt;p&gt;     Result = ABORTED&lt;br/&gt;
cws : &lt;a href=&quot;http://svn.apache.org/viewcvs.cgi/?root=Apache-SVN&amp;amp;view=rev&amp;amp;rev=1234962&quot; class=&quot;external-link&quot; rel=&quot;nofollow&quot;&gt;http://svn.apache.org/viewcvs.cgi/?root=Apache-SVN&amp;amp;view=rev&amp;amp;rev=1234962&lt;/a&gt;&lt;br/&gt;
Files : &lt;/p&gt;
&lt;ul&gt;
	&lt;li&gt;/hive/trunk/lib/log4j-1.2.15.jar&lt;/li&gt;
&lt;/ul&gt;
</comment>
                    </comments>
                    <attachments>
                            <attachment id="12510924" name="HIVE-2724.diff.txt" size="156" author="abayer" created="Wed, 18 Jan 2012 00:54:09 +0000"/>
                    </attachments>
                <subtasks>
                    </subtasks>
                <customfields>
                                                <customfield id="customfield_12310310" key="com.atlassian.jira.toolkit:attachments">
                        <customfieldname>Attachment count</customfieldname>
                        <customfieldvalues>
                            <customfieldvalue>1.0</customfieldvalue>
                        </customfieldvalues>
                    </customfield>
                                                                                                                                                                                                                                                                                                                                                                                                                                                                                                                                <customfield id="customfield_12310220" key="com.atlassian.jira.ext.charting:firstresponsedate">
                        <customfieldname>Date of First Response</customfieldname>
                        <customfieldvalues>
                            <customfieldvalue>Wed, 18 Jan 2012 01:12:55 +0000</customfieldvalue>

                        </customfieldvalues>
                    </customfield>
                                                                                                                                                                                                                                                                                                                                                                                                                                            <customfield id="customfield_12310420" key="com.pyxis.greenhopper.jira:gh-global-rank">
                        <customfieldname>Global Rank</customfieldname>
                        <customfieldvalues>
                            <customfieldvalue>224223</customfieldvalue>
                        </customfieldvalues>
                    </customfield>
                                                                <customfield id="customfield_12310191" key="com.atlassian.jira.plugin.system.customfieldtypes:multicheckboxes">
                        <customfieldname>Hadoop Flags</customfieldname>
                        <customfieldvalues>
                                <customfieldvalue key="10343"><![CDATA[Reviewed]]></customfieldvalue>
    
                        </customfieldvalues>
                    </customfield>
                                                                                                                        <customfield id="customfield_12312521" key="com.atlassian.jira.toolkit:LastCommentDate">
                        <customfieldname>Last public comment date</customfieldname>
                        <customfieldvalues>
                            3 years, 47 weeks, 2 days ago
                        </customfieldvalues>
                    </customfield>
                                                                                            <customfield id="customfield_12311820" key="com.pyxis.greenhopper.jira:gh-lexo-rank">
                        <customfieldname>Rank</customfieldname>
                        <customfieldvalues>
                            <customfieldvalue>0|i0llan:</customfieldvalue>

                        </customfieldvalues>
                    </customfield>
                                                                <customfield id="customfield_12310920" key="com.pyxis.greenhopper.jira:gh-global-rank">
                        <customfieldname>Rank (Obsolete)</customfieldname>
                        <customfieldvalues>
                            <customfieldvalue>124100</customfieldvalue>
                        </customfieldvalues>
                    </customfield>
                                                                                                                                                                                                                                                                                                                            <customfield id="customfield_12310222" key="com.atlassian.jira.ext.charting:timeinstatus">
                        <customfieldname>Time in Status</customfieldname>
                        <customfieldvalues>
                            
                        </customfieldvalues>
                    </customfield>
                                                                                                                        </customfields>
    </item>
</channel>
</rss>