<!-- 
RSS generated by JIRA (6.3.4#6332-sha1:51bc225ef474afe3128b2f66878477f322397b16) at Sat Dec 03 23:28:22 UTC 2016

It is possible to restrict the fields that are returned in this document by specifying the 'field' parameter in your request.
For example, to request only the issue key and summary add field=key&field=summary to the URL of your request.
For example:
https://issues.apache.org/jira/si/jira.issueviews:issue-xml/HIVE-3983/HIVE-3983.xml?field=key&amp;field=summary
-->
<rss version="0.92" >
<channel>
    <title>ASF JIRA</title>
    <link>https://issues.apache.org/jira</link>
    <description>This file is an XML representation of an issue</description>
    <language>en-uk</language>    <build-info>
        <version>6.3.4</version>
        <build-number>6332</build-number>
        <build-date>15-08-2014</build-date>
    </build-info>

<item>
            <title>[HIVE-3983] Select on table with hbase storage handler fails with an SASL error</title>
                <link>https://issues.apache.org/jira/browse/HIVE-3983</link>
                <project id="12310843" key="HIVE">Hive</project>
                    <description>&lt;p&gt;The table is created using the following query:&lt;/p&gt;

&lt;div class=&quot;code panel&quot; style=&quot;border-width: 1px;&quot;&gt;&lt;div class=&quot;codeContent panelContent&quot;&gt;
&lt;pre class=&quot;code-java&quot;&gt;
CREATE TABLE hbase_table_1(key &lt;span class=&quot;code-object&quot;&gt;int&lt;/span&gt;, value string) 
STORED BY &apos;org.apache.hadoop.hive.hbase.HBaseStorageHandler&apos;
WITH SERDEPROPERTIES (&lt;span class=&quot;code-quote&quot;&gt;&quot;hbase.columns.mapping&quot;&lt;/span&gt; = &lt;span class=&quot;code-quote&quot;&gt;&quot;:key,cf1:val&quot;&lt;/span&gt;)
TBLPROPERTIES (&lt;span class=&quot;code-quote&quot;&gt;&quot;hbase.table.name&quot;&lt;/span&gt; = &lt;span class=&quot;code-quote&quot;&gt;&quot;xyz&quot;&lt;/span&gt;); 
&lt;/pre&gt;
&lt;/div&gt;&lt;/div&gt;

&lt;p&gt;Doing a select on the table launches a map-reduce job. But the job fails with the following error:&lt;/p&gt;

&lt;div class=&quot;code panel&quot; style=&quot;border-width: 1px;&quot;&gt;&lt;div class=&quot;codeContent panelContent&quot;&gt;
&lt;pre class=&quot;code-java&quot;&gt;
2013-02-02 01:31:07,500 FATAL [IPC Server handler 3 on 40118] org.apache.hadoop.mapred.TaskAttemptListenerImpl: Task: attempt_1348093718159_1501_m_000000_0 - exited : java.io.IOException: java.lang.RuntimeException: SASL authentication failed. The most likely cause is missing or invalid credentials. Consider &apos;kinit&apos;.
	at org.apache.hadoop.hive.io.HiveIOExceptionHandlerChain.handleRecordReaderCreationException(HiveIOExceptionHandlerChain.java:97)
	at org.apache.hadoop.hive.io.HiveIOExceptionHandlerUtil.handleRecordReaderCreationException(HiveIOExceptionHandlerUtil.java:57)
	at org.apache.hadoop.hive.ql.io.HiveInputFormat.getRecordReader(HiveInputFormat.java:243)
	at org.apache.hadoop.hive.ql.io.CombineHiveInputFormat.getRecordReader(CombineHiveInputFormat.java:522)
	at org.apache.hadoop.mapred.MapTask$TrackedRecordReader.&amp;lt;init&amp;gt;(MapTask.java:160)
	at org.apache.hadoop.mapred.MapTask.runOldMapper(MapTask.java:381)
	at org.apache.hadoop.mapred.MapTask.run(MapTask.java:334)
	at org.apache.hadoop.mapred.YarnChild$2.run(YarnChild.java:157)
	at java.security.AccessController.doPrivileged(Native Method)
	at javax.security.auth.Subject.doAs(Subject.java:396)
	at org.apache.hadoop.security.UserGroupInformation.doAs(UserGroupInformation.java:1212)
	at org.apache.hadoop.mapred.YarnChild.main(YarnChild.java:152)
Caused by: java.lang.RuntimeException: SASL authentication failed. The most likely cause is missing or invalid credentials. Consider &apos;kinit&apos;.
	at org.apache.hadoop.hbase.ipc.SecureClient$SecureConnection$1.run(SecureClient.java:242)
	at java.security.AccessController.doPrivileged(Native Method)
	at javax.security.auth.Subject.doAs(Subject.java:396)
	at org.apache.hadoop.security.UserGroupInformation.doAs(UserGroupInformation.java:1212)
	at sun.reflect.NativeMethodAccessorImpl.invoke0(Native Method)
	at sun.reflect.NativeMethodAccessorImpl.invoke(NativeMethodAccessorImpl.java:39)
	at sun.reflect.DelegatingMethodAccessorImpl.invoke(DelegatingMethodAccessorImpl.java:25)
	at java.lang.reflect.Method.invoke(Method.java:597)
	at org.apache.hadoop.hbase.util.Methods.call(Methods.java:37)
	at org.apache.hadoop.hbase.security.User.call(User.java:590)
	at org.apache.hadoop.hbase.security.User.access$700(User.java:51)
	at org.apache.hadoop.hbase.security.User$SecureHadoopUser.runAs(User.java:444)
	at org.apache.hadoop.hbase.ipc.SecureClient$SecureConnection.handleSaslConnectionFailure(SecureClient.java:203)
	at org.apache.hadoop.hbase.ipc.SecureClient$SecureConnection.setupIOstreams(SecureClient.java:291)
	at org.apache.hadoop.hbase.ipc.HBaseClient.getConnection(HBaseClient.java:1124)
	at org.apache.hadoop.hbase.ipc.HBaseClient.call(HBaseClient.java:974)
	at org.apache.hadoop.hbase.ipc.SecureRpcEngine$Invoker.invoke(SecureRpcEngine.java:104)
	at $Proxy12.getProtocolVersion(Unknown Source)
	at org.apache.hadoop.hbase.ipc.SecureRpcEngine.getProxy(SecureRpcEngine.java:146)
	at org.apache.hadoop.hbase.ipc.HBaseRPC.waitForProxy(HBaseRPC.java:208)
	at org.apache.hadoop.hbase.client.HConnectionManager$HConnectionImplementation.getHRegionConnection(HConnectionManager.java:1335)
	at org.apache.hadoop.hbase.client.HConnectionManager$HConnectionImplementation.getHRegionConnection(HConnectionManager.java:1291)
	at org.apache.hadoop.hbase.client.HConnectionManager$HConnectionImplementation.getHRegionConnection(HConnectionManager.java:1278)
	at org.apache.hadoop.hbase.client.HConnectionManager$HConnectionImplementation.locateRegionInMeta(HConnectionManager.java:987)
	at org.apache.hadoop.hbase.client.HConnectionManager$HConnectionImplementation.locateRegion(HConnectionManager.java:882)
	at org.apache.hadoop.hbase.client.HConnectionManager$HConnectionImplementation.locateRegionInMeta(HConnectionManager.java:984)
	at org.apache.hadoop.hbase.client.HConnectionManager$HConnectionImplementation.locateRegion(HConnectionManager.java:886)
	at org.apache.hadoop.hbase.client.HConnectionManager$HConnectionImplementation.locateRegion(HConnectionManager.java:843)
	at org.apache.hadoop.hbase.client.HTable.finishSetup(HTable.java:234)
	at org.apache.hadoop.hbase.client.HTable.&amp;lt;init&amp;gt;(HTable.java:174)
	at org.apache.hadoop.hive.hbase.HiveHBaseTableInputFormat.getRecordReader(HiveHBaseTableInputFormat.java:92)
	at org.apache.hadoop.hive.ql.io.HiveInputFormat.getRecordReader(HiveInputFormat.java:240)
	... 9 more
Caused by: javax.security.sasl.SaslException: GSS initiate failed [Caused by GSSException: No valid credentials provided (Mechanism level: Failed to find any Kerberos tgt)]
	at com.sun.security.sasl.gsskerb.GssKrb5Client.evaluateChallenge(GssKrb5Client.java:194)
	at org.apache.hadoop.hbase.security.HBaseSaslRpcClient.saslConnect(HBaseSaslRpcClient.java:156)
	at org.apache.hadoop.hbase.ipc.SecureClient$SecureConnection.setupSaslConnection(SecureClient.java:177)
	at org.apache.hadoop.hbase.ipc.SecureClient$SecureConnection.access$500(SecureClient.java:85)
	at org.apache.hadoop.hbase.ipc.SecureClient$SecureConnection$2.run(SecureClient.java:284)
	at org.apache.hadoop.hbase.ipc.SecureClient$SecureConnection$2.run(SecureClient.java:281)
	at java.security.AccessController.doPrivileged(Native Method)
	at javax.security.auth.Subject.doAs(Subject.java:396)
	at org.apache.hadoop.security.UserGroupInformation.doAs(UserGroupInformation.java:1212)
	at sun.reflect.NativeMethodAccessorImpl.invoke0(Native Method)
	at sun.reflect.NativeMethodAccessorImpl.invoke(NativeMethodAccessorImpl.java:39)
	at sun.reflect.DelegatingMethodAccessorImpl.invoke(DelegatingMethodAccessorImpl.java:25)
	at java.lang.reflect.Method.invoke(Method.java:597)
	at org.apache.hadoop.hbase.util.Methods.call(Methods.java:37)
	at org.apache.hadoop.hbase.security.User.call(User.java:590)
	at org.apache.hadoop.hbase.security.User.access$700(User.java:51)
	at org.apache.hadoop.hbase.security.User$SecureHadoopUser.runAs(User.java:444)
	at org.apache.hadoop.hbase.ipc.SecureClient$SecureConnection.setupIOstreams(SecureClient.java:280)
	... 27 more
Caused by: GSSException: No valid credentials provided (Mechanism level: Failed to find any Kerberos tgt)
	at sun.security.jgss.krb5.Krb5InitCredential.getInstance(Krb5InitCredential.java:130)
	at sun.security.jgss.krb5.Krb5MechFactory.getCredentialElement(Krb5MechFactory.java:106)
	at sun.security.jgss.krb5.Krb5MechFactory.getMechanismContext(Krb5MechFactory.java:172)
	at sun.security.jgss.GSSManagerImpl.getMechanismContext(GSSManagerImpl.java:209)
	at sun.security.jgss.GSSContextImpl.initSecContext(GSSContextImpl.java:195)
	at sun.security.jgss.GSSContextImpl.initSecContext(GSSContextImpl.java:162)
	at com.sun.security.sasl.gsskerb.GssKrb5Client.evaluateChallenge(GssKrb5Client.java:175)
	... 44 more
&lt;/pre&gt;
&lt;/div&gt;&lt;/div&gt;</description>
                <environment>&lt;p&gt;hive-0.10&lt;br/&gt;
hbase-0.94.5.5&lt;br/&gt;
hadoop-0.23.3.1&lt;br/&gt;
hcatalog-0.5&lt;/p&gt;</environment>
        <key id="12630752">HIVE-3983</key>
            <summary>Select on table with hbase storage handler fails with an SASL error</summary>
                <type id="1" iconUrl="https://issues.apache.org/jira/images/icons/issuetypes/bug.png">Bug</type>
                                            <priority id="3" iconUrl="https://issues.apache.org/jira/images/icons/priorities/major.png">Major</priority>
                        <status id="5" iconUrl="https://issues.apache.org/jira/images/icons/statuses/resolved.png" description="A resolution has been taken, and it is awaiting verification by reporter. From here issues are either reopened, or are closed.">Resolved</status>
                    <statusCategory id="3" key="done" colorName="green"/>
                                    <resolution id="3">Duplicate</resolution>
                                        <assignee username="swarnim">Swarnim Kulkarni</assignee>
                                    <reporter username="amalakar">Arup Malakar</reporter>
                        <labels>
                    </labels>
                <created>Mon, 4 Feb 2013 21:11:54 +0000</created>
                <updated>Fri, 14 Aug 2015 06:42:19 +0000</updated>
                            <resolved>Thu, 13 Aug 2015 05:46:02 +0000</resolved>
                                                                    <component>HBase Handler</component>
                    <component>Security</component>
                        <due></due>
                            <votes>0</votes>
                                    <watches>5</watches>
                                                                <comments>
                            <comment id="13651833" author="alo.alt" created="Wed, 8 May 2013 12:23:33 +0000"  >&lt;p&gt;Add the hbase-config into hive-site.xml:&lt;/p&gt;

&lt;p&gt;&amp;lt;property&amp;gt;&lt;br/&gt;
&amp;lt;name&amp;gt;hive.aux.jars.path&amp;lt;/name&amp;gt;&lt;br/&gt;
&amp;lt;value&amp;gt;&lt;a href=&quot;file:///etc/hbase/conf/&quot; class=&quot;external-link&quot; rel=&quot;nofollow&quot;&gt;file:///etc/hbase/conf/&lt;/a&gt;&amp;lt;/value&amp;gt;&lt;br/&gt;
&amp;lt;/property&amp;gt;&lt;/p&gt;
</comment>
                            <comment id="13797510" author="ndimiduk" created="Thu, 17 Oct 2013 01:20:10 +0000"  >&lt;p&gt;Ping. Does this solution resolve your issue?&lt;/p&gt;</comment>
                            <comment id="14682499" author="swarnim" created="Tue, 11 Aug 2015 21:00:08 +0000"  >&lt;p&gt;&lt;a href=&quot;https://issues.apache.org/jira/secure/ViewProfile.jspa?name=amalakar&quot; class=&quot;user-hover&quot; rel=&quot;amalakar&quot;&gt;Arup Malakar&lt;/a&gt; I tested this put on the latest version of hive with kerberos enabled and these queries succeed just fine. Is this still a problem for you or are we good to close this one?&lt;/p&gt;</comment>
                            <comment id="14694736" author="swarnim" created="Thu, 13 Aug 2015 05:45:18 +0000"  >&lt;p&gt;&lt;a href=&quot;https://issues.apache.org/jira/secure/ViewProfile.jspa?name=amalakar&quot; class=&quot;user-hover&quot; rel=&quot;amalakar&quot;&gt;Arup Malakar&lt;/a&gt; Like I mentioned, I tested this out on a kerberos enabled cluster and was able to create and run queries just fine. This issue should have been fixed with &lt;a href=&quot;https://issues.apache.org/jira/browse/HIVE-8874&quot; title=&quot;Error Accessing HBase from Hive via Oozie on Kerberos 5.0.1 cluster&quot; class=&quot;issue-link&quot; data-issue-key=&quot;HIVE-8874&quot;&gt;&lt;del&gt;HIVE-8874&lt;/del&gt;&lt;/a&gt; where we added the capability to retrieve the auth tokens from HBase.&lt;/p&gt;

&lt;p&gt;Please feel free to open another one if you continue to see issues.&lt;/p&gt;</comment>
                            <comment id="14696575" author="amalakar" created="Fri, 14 Aug 2015 06:42:19 +0000"  >&lt;p&gt;I don&apos;t have the setup to test this, will reopen if I see it again. Thanks! &lt;/p&gt;</comment>
                    </comments>
                <issuelinks>
                            <issuelinktype id="10030">
                    <name>Reference</name>
                                                                <inwardlinks description="is related to">
                                        <issuelink>
            <issuekey id="12755429">HIVE-8874</issuekey>
        </issuelink>
                            </inwardlinks>
                                    </issuelinktype>
                    </issuelinks>
                <attachments>
                    </attachments>
                <subtasks>
                    </subtasks>
                <customfields>
                                                <customfield id="customfield_12310310" key="com.atlassian.jira.toolkit:attachments">
                        <customfieldname>Attachment count</customfieldname>
                        <customfieldvalues>
                            <customfieldvalue>0.0</customfieldvalue>
                        </customfieldvalues>
                    </customfield>
                                                                                                                                                                                                                                                                                                                                                                                                                                                                                                                                <customfield id="customfield_12310220" key="com.atlassian.jira.ext.charting:firstresponsedate">
                        <customfieldname>Date of First Response</customfieldname>
                        <customfieldvalues>
                            <customfieldvalue>Wed, 8 May 2013 12:23:33 +0000</customfieldvalue>

                        </customfieldvalues>
                    </customfield>
                                                                                                                                                                                                                                                                                                                                                                                                                                            <customfield id="customfield_12310420" key="com.pyxis.greenhopper.jira:gh-global-rank">
                        <customfieldname>Global Rank</customfieldname>
                        <customfieldvalues>
                            <customfieldvalue>311248</customfieldvalue>
                        </customfieldvalues>
                    </customfield>
                                                                                                                                                    <customfield id="customfield_12312521" key="com.atlassian.jira.toolkit:LastCommentDate">
                        <customfieldname>Last public comment date</customfieldname>
                        <customfieldvalues>
                            1 year, 16 weeks, 1 day ago
                        </customfieldvalues>
                    </customfield>
                                                                                            <customfield id="customfield_12311820" key="com.pyxis.greenhopper.jira:gh-lexo-rank">
                        <customfieldname>Rank</customfieldname>
                        <customfieldvalues>
                            <customfieldvalue>0|i1hppz:</customfieldvalue>

                        </customfieldvalues>
                    </customfield>
                                                                <customfield id="customfield_12310920" key="com.pyxis.greenhopper.jira:gh-global-rank">
                        <customfieldname>Rank (Obsolete)</customfieldname>
                        <customfieldvalues>
                            <customfieldvalue>311594</customfieldvalue>
                        </customfieldvalues>
                    </customfield>
                                                                                                                                                                                                                                                                                                                            <customfield id="customfield_12310222" key="com.atlassian.jira.ext.charting:timeinstatus">
                        <customfieldname>Time in Status</customfieldname>
                        <customfieldvalues>
                            
                        </customfieldvalues>
                    </customfield>
                                                                                                                        </customfields>
    </item>
</channel>
</rss>