<!-- 
RSS generated by JIRA (6.3.4#6332-sha1:51bc225ef474afe3128b2f66878477f322397b16) at Sun Dec 04 00:16:41 UTC 2016

It is possible to restrict the fields that are returned in this document by specifying the 'field' parameter in your request.
For example, to request only the issue key and summary add field=key&field=summary to the URL of your request.
For example:
https://issues.apache.org/jira/si/jira.issueviews:issue-xml/HIVE-13838/HIVE-13838.xml?field=key&amp;field=summary
-->
<rss version="0.92" >
<channel>
    <title>ASF JIRA</title>
    <link>https://issues.apache.org/jira</link>
    <description>This file is an XML representation of an issue</description>
    <language>en-uk</language>    <build-info>
        <version>6.3.4</version>
        <build-number>6332</build-number>
        <build-date>15-08-2014</build-date>
    </build-info>

<item>
            <title>[HIVE-13838] Set basic stats as inaccurate for all ACID tables</title>
                <link>https://issues.apache.org/jira/browse/HIVE-13838</link>
                <project id="12310843" key="HIVE">Hive</project>
                    <description></description>
                <environment></environment>
        <key id="12972565">HIVE-13838</key>
            <summary>Set basic stats as inaccurate for all ACID tables</summary>
                <type id="7" iconUrl="https://issues.apache.org/jira/images/icons/issuetypes/subtask_alternate.png">Sub-task</type>
                            <parent id="12921235">HIVE-12656</parent>
                                    <priority id="3" iconUrl="https://issues.apache.org/jira/images/icons/priorities/major.png">Major</priority>
                        <status id="6" iconUrl="https://issues.apache.org/jira/images/icons/statuses/closed.png" description="The issue is considered finished, the resolution is correct. Issues which are closed can be reopened.">Closed</status>
                    <statusCategory id="3" key="done" colorName="green"/>
                                    <resolution id="1">Fixed</resolution>
                                        <assignee username="pxiong">Pengcheng Xiong</assignee>
                                    <reporter username="pxiong">Pengcheng Xiong</reporter>
                        <labels>
                    </labels>
                <created>Tue, 24 May 2016 23:43:50 +0000</created>
                <updated>Tue, 21 Jun 2016 15:06:00 +0000</updated>
                            <resolved>Wed, 8 Jun 2016 05:33:01 +0000</resolved>
                                    <version>2.0.0</version>
                                    <fixVersion>2.1.0</fixVersion>
                                        <due></due>
                            <votes>0</votes>
                                    <watches>2</watches>
                                                                <comments>
                            <comment id="15305347" author="hiveqa" created="Sat, 28 May 2016 13:37:12 +0000"  >

&lt;p&gt;Here are the results of testing the latest attachment:&lt;br/&gt;
&lt;a href=&quot;https://issues.apache.org/jira/secure/attachment/12806226/HIVE-13838.01.patch&quot; class=&quot;external-link&quot; rel=&quot;nofollow&quot;&gt;https://issues.apache.org/jira/secure/attachment/12806226/HIVE-13838.01.patch&lt;/a&gt;&lt;/p&gt;

&lt;p&gt;&lt;font color=&quot;green&quot;&gt;SUCCESS:&lt;/font&gt; +1 due to 1 test(s) being added or modified.&lt;/p&gt;

&lt;p&gt;&lt;font color=&quot;red&quot;&gt;ERROR:&lt;/font&gt; -1 due to 250 failed/errored test(s), 6207 tests executed&lt;br/&gt;
&lt;b&gt;Failed tests:&lt;/b&gt;&lt;/p&gt;
&lt;div class=&quot;preformatted panel&quot; style=&quot;border-width: 1px;&quot;&gt;&lt;div class=&quot;preformattedContent panelContent&quot;&gt;
&lt;pre&gt;TestCliDriver-alter_file_format.q-bucket_map_join_tez1.q-fetch_aggregation.q-and-12-more - did not produce a TEST-*.xml file
TestCliDriver-alter_rename_table.q-udf_aes_decrypt.q-udf_add.q-and-12-more - did not produce a TEST-*.xml file
TestCliDriver-alter_table_not_sorted.q-cbo_udf_max.q-exim_11_managed_external.q-and-12-more - did not produce a TEST-*.xml file
TestCliDriver-ambiguitycheck.q-udf_bitwise_and.q-insert_overwrite_directory.q-and-12-more - did not produce a TEST-*.xml file
TestCliDriver-authorization_1_sql_std.q-disallow_incompatible_type_change_off.q-schema_evol_text_nonvec_mapwork_table.q-and-12-more - did not produce a TEST-*.xml file
TestCliDriver-authorization_cli_nonsql.q-drop_index.q-vector_date_1.q-and-12-more - did not produce a TEST-*.xml file
TestCliDriver-authorization_cli_stdconfigauth.q-str_to_map.q-touch.q-and-12-more - did not produce a TEST-*.xml file
TestCliDriver-authorization_create_table_owner_privs.q-cte_7.q-groupby_sort_7.q-and-12-more - did not produce a TEST-*.xml file
TestCliDriver-authorization_create_temp_table.q-update_all_partitioned.q-lock4.q-and-12-more - did not produce a TEST-*.xml file
TestCliDriver-authorization_parts.q-authorization_view_1.q-parquet_map_of_maps.q-and-12-more - did not produce a TEST-*.xml file
TestCliDriver-authorization_role_grant2.q-union_remove_7.q-alter_view_as_select.q-and-12-more - did not produce a TEST-*.xml file
TestCliDriver-auto_join18.q-dynamic_partition_pruning.q-date_comparison.q-and-12-more - did not produce a TEST-*.xml file
TestCliDriver-auto_join30.q-udf_bitmap_empty.q-input17.q-and-12-more - did not produce a TEST-*.xml file
TestCliDriver-auto_join_reordering_values.q-subquery_in.q-partition_timestamp2.q-and-12-more - did not produce a TEST-*.xml file
TestCliDriver-auto_sortmerge_join_7.q-exim_04_evolved_parts.q-query_with_semi.q-and-12-more - did not produce a TEST-*.xml file
TestCliDriver-autogen_colalias.q-skewjoinopt3.q-rcfile_merge1.q-and-12-more - did not produce a TEST-*.xml file
TestCliDriver-avro_add_column.q-bucketmapjoin_negative.q-bucket_map_join_spark2.q-and-12-more - did not produce a TEST-*.xml file
TestCliDriver-ba_table1.q-udf_notequal.q-input_part1.q-and-12-more - did not produce a TEST-*.xml file
TestCliDriver-bucketcontext_4.q-orc_ends_with_nulls.q-correlationoptimizer9.q-and-12-more - did not produce a TEST-*.xml file
TestCliDriver-bucketsortoptimize_insert_7.q-list_bucket_query_multiskew_1.q-skewjoin_noskew.q-and-12-more - did not produce a TEST-*.xml file
TestCliDriver-cast_to_int.q-literal_double.q-skewjoinopt20.q-and-12-more - did not produce a TEST-*.xml file
TestCliDriver-cbo_rp_gby_empty.q-load_nonpart_authsuccess.q-truncate_table.q-and-12-more - did not produce a TEST-*.xml file
TestCliDriver-cbo_rp_join1.q-union_top_level.q-join18.q-and-12-more - did not produce a TEST-*.xml file
TestCliDriver-cbo_rp_limit.q-load_exist_part_authsuccess.q-schema_evol_text_nonvec_mapwork_part_all_primitive.q-and-12-more - did not produce a TEST-*.xml file
TestCliDriver-cbo_rp_lineage2.q-authorization_update.q-udf_pmod.q-and-12-more - did not produce a TEST-*.xml file
TestCliDriver-cbo_rp_semijoin.q-custom_input_output_format.q-udf_reflect2.q-and-12-more - did not produce a TEST-*.xml file
TestCliDriver-cbo_rp_udf_udaf.q-date_udf.q-limit0.q-and-12-more - did not produce a TEST-*.xml file
TestCliDriver-cbo_rp_views.q-orc_split_elimination.q-authorization_view_disable_cbo_4.q-and-12-more - did not produce a TEST-*.xml file
TestCliDriver-columnStatsUpdateForStatsOptimizer_2.q-cp_mj_rc.q-show_columns.q-and-12-more - did not produce a TEST-*.xml file
TestCliDriver-columnstats_partlvl_dp.q-input31.q-udaf_percentile.q-and-12-more - did not produce a TEST-*.xml file
TestCliDriver-compute_stats_string.q-noalias_subq1.q-vector_auto_smb_mapjoin_14.q-and-12-more - did not produce a TEST-*.xml file
TestCliDriver-create_func1.q-bucketmapjoin3.q-enforce_order.q-and-12-more - did not produce a TEST-*.xml file
TestCliDriver-create_genericudf.q-dynamic_partition_insert.q-skewjoinopt16.q-and-12-more - did not produce a TEST-*.xml file
TestCliDriver-create_or_replace_view.q-dbtxnmgr_query5.q-compute_stats_double.q-and-12-more - did not produce a TEST-*.xml file
TestCliDriver-cte_mat_1.q-groupby_sort_6.q-update_after_multiple_inserts_special_characters.q-and-12-more - did not produce a TEST-*.xml file
TestCliDriver-decimal_join.q-mapjoin_addjar.q-cast_qualified_types.q-and-12-more - did not produce a TEST-*.xml file
TestCliDriver-dynpart_sort_optimization2.q-decimal_3.q-tez_dynpart_hashjoin_3.q-and-12-more - did not produce a TEST-*.xml file
TestCliDriver-encryption_join_with_different_encryption_keys.q-bucketcontext_3.q-udf_smallint.q-and-12-more - did not produce a TEST-*.xml file
TestCliDriver-exchange_partition.q-udf_cbrt.q-escape2.q-and-12-more - did not produce a TEST-*.xml file
TestCliDriver-exchange_partition2.q-constprog_semijoin.q-udf_initcap.q-and-12-more - did not produce a TEST-*.xml file
TestCliDriver-fileformat_sequencefile.q-authorization_grant_public_role.q-authorization_revoke_table_priv.q-and-12-more - did not produce a TEST-*.xml file
TestCliDriver-fileformat_text.q-load_dyn_part12.q-partition_wise_fileformat8.q-and-12-more - did not produce a TEST-*.xml file
TestCliDriver-gby_star.q-lateral_view_cp.q-autoColumnStats_4.q-and-12-more - did not produce a TEST-*.xml file
TestCliDriver-groupby3_map.q-current_date_timestamp.q-skewjoinopt8.q-and-12-more - did not produce a TEST-*.xml file
TestCliDriver-groupby4.q-convert_enum_to_string.q-mapjoin_filter_on_outerjoin.q-and-12-more - did not produce a TEST-*.xml file
TestCliDriver-groupby_complex_types.q-auto_join9.q-vector_decimal_round.q-and-12-more - did not produce a TEST-*.xml file
TestCliDriver-groupby_grouping_id2.q-insert_values_nonascii.q-vectorization_13.q-and-12-more - did not produce a TEST-*.xml file
TestCliDriver-groupby_grouping_sets5.q-show_tblproperties.q-auto_join10.q-and-12-more - did not produce a TEST-*.xml file
TestCliDriver-groupby_map_ppr_multi_distinct.q-vectorization_16.q-union_remove_15.q-and-12-more - did not produce a TEST-*.xml file
TestCliDriver-groupby_sort_test_1.q-udf_upper.q-ppd_outer_join2.q-and-12-more - did not produce a TEST-*.xml file
TestCliDriver-index_bitmap_rc.q-desc_tbl_part_cols.q-bucketmapjoin10.q-and-12-more - did not produce a TEST-*.xml file
TestCliDriver-index_compact.q-merge_dynamic_partition2.q-cbo_rp_subq_exists.q-and-12-more - did not produce a TEST-*.xml file
TestCliDriver-index_compact_2.q-bucketmapjoin12.q-partition_char.q-and-12-more - did not produce a TEST-*.xml file
TestCliDriver-infer_bucket_sort_multi_insert.q-vector_custom_udf_configure.q-udf4.q-and-12-more - did not produce a TEST-*.xml file
TestCliDriver-input19.q-offset_limit_ppd_optimizer.q-index_auth.q-and-12-more - did not produce a TEST-*.xml file
TestCliDriver-insert_values_non_partitioned.q-schema_evol_orc_nonvec_mapwork_part.q-insert_nonacid_from_acid.q-and-12-more - did not produce a TEST-*.xml file
TestCliDriver-join13.q-udf_bitwise_shiftleft.q-join_reorder3.q-and-12-more - did not produce a TEST-*.xml file
TestCliDriver-join36.q-mapjoin_decimal.q-autoColumnStats_6.q-and-12-more - did not produce a TEST-*.xml file
TestCliDriver-join4.q-authorization_index.q-add_part_exist.q-and-12-more - did not produce a TEST-*.xml file
TestCliDriver-join9.q-json_serde1.q-plan_json.q-and-12-more - did not produce a TEST-*.xml file
TestCliDriver-join_cond_pushdown_unqual4.q-create_skewed_table1.q-constantPropWhen.q-and-12-more - did not produce a TEST-*.xml file
TestCliDriver-keyword_2.q-input10.q-ppd_multi_insert.q-and-12-more - did not produce a TEST-*.xml file
TestCliDriver-lateral_view_noalias.q-input11_limit.q-orc_llap.q-and-12-more - did not produce a TEST-*.xml file
TestCliDriver-list_bucket_dml_9.q-insert_into_with_schema.q-groupby_grouping_sets3.q-and-12-more - did not produce a TEST-*.xml file
TestCliDriver-llap_acid.q-vector_udf1.q-nonreserved_keywords_insert_into1.q-and-12-more - did not produce a TEST-*.xml file
TestCliDriver-load_dyn_part5.q-notable_alias3.q-type_conversions_1.q-and-12-more - did not produce a TEST-*.xml file
TestCliDriver-load_orc_part.q-infer_bucket_sort.q-nonreserved_keywords_input37.q-and-12-more - did not produce a TEST-*.xml file
TestCliDriver-metadata_export_drop.q-groupby10.q-udf_reverse.q-and-12-more - did not produce a TEST-*.xml file
TestCliDriver-multi_insert_mixed.q-showparts.q-skewjoinopt21.q-and-12-more - did not produce a TEST-*.xml file
TestCliDriver-nullinput.q-cbo_rp_stats.q-show_create_table_partitioned.q-and-12-more - did not produce a TEST-*.xml file
TestCliDriver-orc_empty_files.q-avro_decimal.q-explain_dependency.q-and-12-more - did not produce a TEST-*.xml file
TestCliDriver-orc_merge10.q-groupby8_map.q-exim_14_managed_location_over_existing.q-and-12-more - did not produce a TEST-*.xml file
TestCliDriver-orc_ppd_decimal.q-acid_globallimit.q-alter_partition_clusterby_sortby.q-and-12-more - did not produce a TEST-*.xml file
TestCliDriver-orc_ppd_is_null.q-union_fast_stats.q-groupby7_noskew_multi_single_reducer.q-and-12-more - did not produce a TEST-*.xml file
TestCliDriver-order_null.q-join_filters.q-drop_partitions_filter3.q-and-12-more - did not produce a TEST-*.xml file
TestCliDriver-parallel_join1.q-escape_distributeby1.q-tez_union_group_by.q-and-12-more - did not produce a TEST-*.xml file
TestCliDriver-parquet_ppd_char.q-mapreduce2.q-masking_3.q-and-12-more - did not produce a TEST-*.xml file
TestCliDriver-parquet_ppd_decimal.q-cluster.q-tez_schema_evolution.q-and-12-more - did not produce a TEST-*.xml file
TestCliDriver-part_inherit_tbl_props_with_star.q-udf_asin.q-windowing_multipartitioning.q-and-12-more - did not produce a TEST-*.xml file
TestCliDriver-partition_timestamp.q-ppd_random.q-select_as_omitted.q-and-12-more - did not produce a TEST-*.xml file
TestCliDriver-ppd_constant_where.q-cross_join_merge.q-skewjoinopt13.q-and-12-more - did not produce a TEST-*.xml file
TestCliDriver-ppd_gby2.q-udf5.q-groupby4_noskew.q-and-12-more - did not produce a TEST-*.xml file
TestCliDriver-ppd_join3.q-authorization_delete_own_table.q-udf_equal.q-and-12-more - did not produce a TEST-*.xml file
TestCliDriver-ppd_join4.q-describe_xpath.q-show_indexes_edge_cases.q-and-12-more - did not produce a TEST-*.xml file
TestCliDriver-ppd_transform.q-orc_merge9.q-ba_table3.q-and-12-more - did not produce a TEST-*.xml file
TestCliDriver-ppd_union.q-udf_round_3.q-groupby12.q-and-12-more - did not produce a TEST-*.xml file
TestCliDriver-ptf_general_queries.q-unionDistinct_1.q-groupby1_noskew.q-and-12-more - did not produce a TEST-*.xml file
TestCliDriver-ptf_rcfile.q-avrocountemptytbl.q-parquet_ppd_timestamp.q-and-12-more - did not produce a TEST-*.xml file
TestCliDriver-ptf_seqfile.q-constprog_dpp.q-udaf_number_format.q-and-12-more - did not produce a TEST-*.xml file
TestCliDriver-push_or.q-infer_bucket_sort_list_bucket.q-parquet_avro_array_of_primitives.q-and-12-more - did not produce a TEST-*.xml file
TestCliDriver-ql_rewrite_gbtoidx.q-udf_lessthanorequal.q-cbo_rp_udf_percentile2.q-and-12-more - did not produce a TEST-*.xml file
TestCliDriver-repair.q-columnstats_tbllvl.q-groupby2_noskew_multi_distinct.q-and-12-more - did not produce a TEST-*.xml file
TestCliDriver-repl_2_exim_basic.q-udf_replace.q-input44.q-and-12-more - did not produce a TEST-*.xml file
TestCliDriver-sample2.q-correlationoptimizer10.q-lineage1.q-and-12-more - did not produce a TEST-*.xml file
TestCliDriver-sample_islocalmode_hook_use_metadata.q-bool_literal.q-authorization_cli_createtab.q-and-12-more - did not produce a TEST-*.xml file
TestCliDriver-schema_evol_text_vec_mapwork_part_all_complex.q-deleteAnalyze.q-union19.q-and-12-more - did not produce a TEST-*.xml file
TestCliDriver-script_pipe.q-auto_join24.q-cast1.q-and-12-more - did not produce a TEST-*.xml file
TestCliDriver-show_conf.q-nonblock_op_deduplicate.q-avro_joins.q-and-12-more - did not produce a TEST-*.xml file
TestCliDriver-skewjoin_mapjoin11.q-avro_decimal_native.q-udf_E.q-and-12-more - did not produce a TEST-*.xml file
TestCliDriver-skewjoin_mapjoin4.q-groupby6_map.q-cbo_rp_union.q-and-12-more - did not produce a TEST-*.xml file
TestCliDriver-skewjoin_union_remove_2.q-ppd1.q-avro_nullable_fields.q-and-12-more - did not produce a TEST-*.xml file
TestCliDriver-skewjoinopt15.q-join39.q-exim_07_all_part_over_nonoverlap.q-and-12-more - did not produce a TEST-*.xml file
TestCliDriver-smb_mapjoin_15.q-masking_disablecbo_3.q-vector_outer_join5.q-and-12-more - did not produce a TEST-*.xml file
TestCliDriver-smb_mapjoin_4.q-udf_to_unix_timestamp.q-tez_union.q-and-12-more - did not produce a TEST-*.xml file
TestCliDriver-sort_merge_join_desc_1.q-cbo_input26.q-udf_subtract.q-and-12-more - did not produce a TEST-*.xml file
TestCliDriver-sort_merge_join_desc_3.q-join2.q-vector_data_types.q-and-12-more - did not produce a TEST-*.xml file
TestCliDriver-special_character_in_tabnames_2.q-acid_join.q-parquet_array_of_unannotated_primitives.q-and-9-more - did not produce a TEST-*.xml file
TestCliDriver-stats13.q-join_parse.q-sort_merge_join_desc_2.q-and-12-more - did not produce a TEST-*.xml file
TestCliDriver-table_access_keys_stats.q-bucketsortoptimize_insert_4.q-reducesink_dedup.q-and-12-more - did not produce a TEST-*.xml file
TestCliDriver-temp_table_display_colstats_tbllvl.q-udf_regexp_replace.q-udf_sign.q-and-12-more - did not produce a TEST-*.xml file
TestCliDriver-tez_joins_explain.q-rename_column.q-varchar_serde.q-and-12-more - did not produce a TEST-*.xml file
TestCliDriver-tez_smb_empty.q-char_2.q-udf_date_sub.q-and-12-more - did not produce a TEST-*.xml file
TestCliDriver-timestamp_lazy.q-groupby_ppd.q-parquet_types.q-and-12-more - did not produce a TEST-*.xml file
TestCliDriver-timestamp_literal.q-inputddl8.q-runtime_skewjoin_mapjoin_spark.q-and-12-more - did not produce a TEST-*.xml file
TestCliDriver-udaf_collect_set_2.q-ba_table_union.q-orc_vectorization_ppd.q-and-12-more - did not produce a TEST-*.xml file
TestCliDriver-udaf_covar_samp.q-udf_md5.q-udf_ceiling.q-and-12-more - did not produce a TEST-*.xml file
TestCliDriver-udf_array.q-vector_grouping_sets.q-udf_quarter.q-and-12-more - did not produce a TEST-*.xml file
TestCliDriver-udf_bitwise_or.q-udf_repeat.q-udf_string.q-and-12-more - did not produce a TEST-*.xml file
TestCliDriver-udf_current_user.q-join44.q-union2.q-and-12-more - did not produce a TEST-*.xml file
TestCliDriver-udf_decode.q-load_fs.q-auto_sortmerge_join_13.q-and-12-more - did not produce a TEST-*.xml file
TestCliDriver-udf_degrees.q-union_remove_23.q-join_grp_diff_keys.q-and-12-more - did not produce a TEST-*.xml file
TestCliDriver-udf_double.q-join11.q-join41.q-and-12-more - did not produce a TEST-*.xml file
TestCliDriver-udf_explode.q-index_auto_update.q-parallel_join0.q-and-12-more - did not produce a TEST-*.xml file
TestCliDriver-udf_lessthan.q-select_unquote_not.q-udf6.q-and-12-more - did not produce a TEST-*.xml file
TestCliDriver-udf_locate.q-join32_lessSize.q-correlationoptimizer8.q-and-12-more - did not produce a TEST-*.xml file
TestCliDriver-udf_log2.q-explainuser_4.q-alter_merge_stats.q-and-12-more - did not produce a TEST-*.xml file
TestCliDriver-udf_nvl.q-alter_char1.q-serde_reported_schema.q-and-12-more - did not produce a TEST-*.xml file
TestCliDriver-udf_rpad.q-orc_createas1.q-skewjoinopt19.q-and-12-more - did not produce a TEST-*.xml file
TestCliDriver-udf_second.q-avro_add_column3.q-mi.q-and-12-more - did not produce a TEST-*.xml file
TestCliDriver-udf_size.q-authorization_5.q-infer_bucket_sort_grouping_operators.q-and-12-more - did not produce a TEST-*.xml file
TestCliDriver-udf_testlength2.q-skewjoin_mapjoin7.q-optional_outer.q-and-12-more - did not produce a TEST-*.xml file
TestCliDriver-udf_to_float.q-decimal_precision2.q-ppd_gby_join.q-and-12-more - did not produce a TEST-*.xml file
TestCliDriver-udf_var_samp.q-drop_index_removes_partition_dirs.q-load_dyn_part2.q-and-12-more - did not produce a TEST-*.xml file
TestCliDriver-udtf_posexplode.q-orc_merge6.q-udf_exp.q-and-12-more - did not produce a TEST-*.xml file
TestCliDriver-unicode_notation.q-gen_udf_example_add10.q-stats_publisher_error_1.q-and-12-more - did not produce a TEST-*.xml file
TestCliDriver-union29.q-udf_hash.q-lock1.q-and-12-more - did not produce a TEST-*.xml file
TestCliDriver-unionDistinct_2.q-groupby7_noskew.q-vector_partitioned_date_time.q-and-12-more - did not produce a TEST-*.xml file
TestCliDriver-update_orig_table.q-order.q-compute_stats_date.q-and-12-more - did not produce a TEST-*.xml file
TestCliDriver-varchar_nested_types.q-masking_disablecbo_1.q-leadlag.q-and-12-more - did not produce a TEST-*.xml file
TestCliDriver-vector_acid3.q-input1_limit.q-ba_table_udfs.q-and-12-more - did not produce a TEST-*.xml file
TestCliDriver-vector_coalesce.q-alter_char2.q-cbo_rp_subq_in.q-and-12-more - did not produce a TEST-*.xml file
TestCliDriver-vector_complex_join.q-interval_udf.q-udf_classloader_dynamic_dependency_resolution.q-and-12-more - did not produce a TEST-*.xml file
TestCliDriver-vector_decimal_10_0.q-insert_values_partitioned.q-progress_1.q-and-12-more - did not produce a TEST-*.xml file
TestCliDriver-vector_decimal_trailing.q-udf_concat_ws.q-input_dynamicserde.q-and-12-more - did not produce a TEST-*.xml file
TestCliDriver-vector_distinct_2.q-nullscript.q-vector_char_mapjoin1.q-and-12-more - did not produce a TEST-*.xml file
TestCliDriver-vector_interval_2.q-vectorization_10.q-list_bucket_dml_2.q-and-12-more - did not produce a TEST-*.xml file
TestCliDriver-vector_join.q-create_view_partitioned.q-decimal_2.q-and-12-more - did not produce a TEST-*.xml file
TestCliDriver-vector_outer_join0.q-list_bucket_query_multiskew_2.q-merge1.q-and-12-more - did not produce a TEST-*.xml file
TestCliDriver-vector_partition_diff_num_cols.q-stats2.q-union11.q-and-12-more - did not produce a TEST-*.xml file
TestCliDriver-vectorized_parquet.q-stats12.q-binarysortable_1.q-and-12-more - did not produce a TEST-*.xml file
TestCliDriver-view.q-udf2.q-cte_4.q-and-12-more - did not produce a TEST-*.xml file
TestHBaseCliDriver-hbase_binary_binary.q-ppd_key_ranges.q-hbase_custom_key3.q - did not produce a TEST-*.xml file
TestHBaseCliDriver-hbase_binary_external_table_queries.q-hbase_custom_key.q-hbase_timestamp.q - did not produce a TEST-*.xml file
TestHBaseCliDriver-hbase_binary_map_queries.q - did not produce a TEST-*.xml file
TestHBaseCliDriver-hbase_binary_map_queries_prefix.q-external_table_ppd.q-hbase_ppd_join.q - did not produce a TEST-*.xml file
TestHBaseCliDriver-hbase_binary_storage_queries.q - did not produce a TEST-*.xml file
TestHBaseCliDriver-hbase_handler_bulk.q-hbase_custom_key2.q-hbase_single_sourced_multi_insert.q - did not produce a TEST-*.xml file
TestHBaseCliDriver-hbase_joins.q - did not produce a TEST-*.xml file
TestHBaseCliDriver-hbase_ppd_key_range.q-hbase_pushdown.q-hbase_null_first_col.q - did not produce a TEST-*.xml file
TestHBaseCliDriver-hbase_queries.q - did not produce a TEST-*.xml file
TestHBaseCliDriver-hbase_timestamp_format.q-hbase_handler_snapshot.q-hbase_scan_params.q - did not produce a TEST-*.xml file
TestHWISessionManager - did not produce a TEST-*.xml file
TestJdbcWithMiniHA - did not produce a TEST-*.xml file
TestJdbcWithMiniMr - did not produce a TEST-*.xml file
TestMiniTezCliDriver-auto_join1.q-schema_evol_text_vec_mapwork_part_all_complex.q-vector_complex_join.q-and-12-more - did not produce a TEST-*.xml file
TestMiniTezCliDriver-auto_join30.q-vector_decimal_10_0.q-acid_globallimit.q-and-12-more - did not produce a TEST-*.xml file
TestMiniTezCliDriver-auto_sortmerge_join_7.q-orc_merge9.q-tez_union_dynamic_partition.q-and-12-more - did not produce a TEST-*.xml file
TestMiniTezCliDriver-cte_4.q-vector_non_string_partition.q-empty_join.q-and-12-more - did not produce a TEST-*.xml file
TestMiniTezCliDriver-delete_where_non_partitioned.q-auto_sortmerge_join_16.q-skewjoin.q-and-12-more - did not produce a TEST-*.xml file
TestMiniTezCliDriver-dynpart_sort_optimization2.q-tez_dynpart_hashjoin_3.q-orc_vectorization_ppd.q-and-12-more - did not produce a TEST-*.xml file
TestMiniTezCliDriver-enforce_order.q-vector_partition_diff_num_cols.q-unionDistinct_1.q-and-12-more - did not produce a TEST-*.xml file
TestMiniTezCliDriver-groupby2.q-tez_dynpart_hashjoin_1.q-custom_input_output_format.q-and-12-more - did not produce a TEST-*.xml file
TestMiniTezCliDriver-insert_values_non_partitioned.q-schema_evol_orc_nonvec_mapwork_part.q-union5.q-and-12-more - did not produce a TEST-*.xml file
TestMiniTezCliDriver-join1.q-mapjoin_decimal.q-vectorized_distinct_gby.q-and-12-more - did not produce a TEST-*.xml file
TestMiniTezCliDriver-load_dyn_part2.q-selectDistinctStar.q-vector_decimal_5.q-and-12-more - did not produce a TEST-*.xml file
TestMiniTezCliDriver-mapjoin_mapjoin.q-cte_5.q-insert_into1.q-and-12-more - did not produce a TEST-*.xml file
TestMiniTezCliDriver-order_null.q-vector_acid3.q-orc_merge10.q-and-12-more - did not produce a TEST-*.xml file
TestMiniTezCliDriver-schema_evol_text_nonvec_mapwork_part_all_primitive.q-bucket3.q-tez_fsstat.q-and-12-more - did not produce a TEST-*.xml file
TestMiniTezCliDriver-schema_evol_text_nonvec_mapwork_table.q-vector_decimal_trailing.q-subquery_in.q-and-12-more - did not produce a TEST-*.xml file
TestMiniTezCliDriver-script_pipe.q-vectorized_parquet.q-vector_decimal_aggregate.q-and-12-more - did not produce a TEST-*.xml file
TestMiniTezCliDriver-tez_union_group_by.q-vector_auto_smb_mapjoin_14.q-union_fast_stats.q-and-12-more - did not produce a TEST-*.xml file
TestMiniTezCliDriver-union2.q-bucket4.q-union8.q-and-12-more - did not produce a TEST-*.xml file
TestMiniTezCliDriver-update_orig_table.q-explainuser_4.q-update_after_multiple_inserts.q-and-12-more - did not produce a TEST-*.xml file
TestMiniTezCliDriver-vector_coalesce.q-cbo_windowing.q-tez_join.q-and-12-more - did not produce a TEST-*.xml file
TestMiniTezCliDriver-vector_distinct_2.q-tez_joins_explain.q-cte_mat_1.q-and-12-more - did not produce a TEST-*.xml file
TestMiniTezCliDriver-vector_grouping_sets.q-update_all_partitioned.q-schema_evol_stats.q-and-12-more - did not produce a TEST-*.xml file
TestMiniTezCliDriver-vector_interval_2.q-constprog_dpp.q-dynamic_partition_pruning.q-and-12-more - did not produce a TEST-*.xml file
TestMiniTezCliDriver-vector_varchar_4.q-smb_cache.q-transform_ppr2.q-and-7-more - did not produce a TEST-*.xml file
TestMiniTezCliDriver-vectorization_13.q-auto_sortmerge_join_13.q-tez_bmj_schema_evolution.q-and-12-more - did not produce a TEST-*.xml file
TestMiniTezCliDriver-vectorization_16.q-vector_decimal_round.q-orc_merge6.q-and-12-more - did not produce a TEST-*.xml file
TestMinimrCliDriver-bucket6.q-scriptfile1_win.q-quotedid_smb.q-and-1-more - did not produce a TEST-*.xml file
TestMinimrCliDriver-bucket_num_reducers.q-table_nonprintable.q-scriptfile1.q-and-1-more - did not produce a TEST-*.xml file
TestMinimrCliDriver-bucketmapjoin6.q-leftsemijoin_mr.q-bucket5.q-and-1-more - did not produce a TEST-*.xml file
TestMinimrCliDriver-external_table_with_space_in_location_path.q-schemeAuthority2.q-auto_sortmerge_join_16.q-and-1-more - did not produce a TEST-*.xml file
TestMinimrCliDriver-groupby2.q-infer_bucket_sort_map_operators.q-load_hdfs_file_with_space_in_the_name.q-and-1-more - did not produce a TEST-*.xml file
TestMinimrCliDriver-import_exported_table.q-truncate_column_buckets.q-bucket_num_reducers2.q-and-1-more - did not produce a TEST-*.xml file
TestMinimrCliDriver-index_bitmap3.q-bucketizedhiveinputformat.q-orc_mr_pathalias.q-and-1-more - did not produce a TEST-*.xml file
TestMinimrCliDriver-infer_bucket_sort_num_buckets.q-infer_bucket_sort_reducers_power_two.q-parallel_orderby.q-and-1-more - did not produce a TEST-*.xml file
TestMinimrCliDriver-insert_dir_distcp.q-skewjoin_onesideskew.q-bucket_many.q - did not produce a TEST-*.xml file
TestMinimrCliDriver-join1.q-infer_bucket_sort_bucketed_table.q-root_dir_external_table.q-and-1-more - did not produce a TEST-*.xml file
TestMinimrCliDriver-list_bucket_dml_10.q-input16_cc.q-temp_table_external.q-and-1-more - did not produce a TEST-*.xml file
TestMinimrCliDriver-orc_merge_diff_fs.q-bucket4.q-file_with_header_footer.q-and-1-more - did not produce a TEST-*.xml file
TestMinimrCliDriver-reduce_deduplicate.q-disable_merge_for_bucketing.q-infer_bucket_sort_dyn_part.q-and-1-more - did not produce a TEST-*.xml file
TestNegativeCliDriver-udf_invalid.q-nopart_insert.q-insert_into_with_schema.q-and-734-more - did not produce a TEST-*.xml file
TestNegativeMinimrCliDriver-mapreduce_stack_trace_hadoop20.q - did not produce a TEST-*.xml file
TestNegativeMinimrCliDriver-udf_local_resource.q-mapreduce_stack_trace_turnoff_hadoop20.q-mapreduce_stack_trace.q-and-6-more - did not produce a TEST-*.xml file
TestOperationLoggingAPIWithTez - did not produce a TEST-*.xml file
TestSparkCliDriver-auto_join30.q-join2.q-input17.q-and-12-more - did not produce a TEST-*.xml file
TestSparkCliDriver-auto_join9.q-groupby_map_ppr.q-ppd_join3.q-and-12-more - did not produce a TEST-*.xml file
TestSparkCliDriver-auto_join_reordering_values.q-ptf_seqfile.q-auto_join18.q-and-12-more - did not produce a TEST-*.xml file
TestSparkCliDriver-avro_joins.q-join36.q-join1.q-and-12-more - did not produce a TEST-*.xml file
TestSparkCliDriver-bucketmapjoin10.q-join_rc.q-skewjoinopt13.q-and-12-more - did not produce a TEST-*.xml file
TestSparkCliDriver-bucketmapjoin3.q-enforce_order.q-union11.q-and-12-more - did not produce a TEST-*.xml file
TestSparkCliDriver-bucketsortoptimize_insert_7.q-smb_mapjoin_15.q-mapreduce1.q-and-12-more - did not produce a TEST-*.xml file
TestSparkCliDriver-groupby10.q-groupby4_noskew.q-union5.q-and-12-more - did not produce a TEST-*.xml file
TestSparkCliDriver-groupby2.q-custom_input_output_format.q-join41.q-and-12-more - did not produce a TEST-*.xml file
TestSparkCliDriver-groupby2_noskew_multi_distinct.q-vectorization_10.q-list_bucket_dml_2.q-and-12-more - did not produce a TEST-*.xml file
TestSparkCliDriver-groupby3_map.q-skewjoinopt8.q-union_remove_1.q-and-12-more - did not produce a TEST-*.xml file
TestSparkCliDriver-groupby6_map.q-join13.q-join_reorder3.q-and-12-more - did not produce a TEST-*.xml file
TestSparkCliDriver-groupby_complex_types.q-groupby_map_ppr_multi_distinct.q-vectorization_16.q-and-12-more - did not produce a TEST-*.xml file
TestSparkCliDriver-groupby_grouping_id2.q-vectorization_13.q-auto_sortmerge_join_13.q-and-12-more - did not produce a TEST-*.xml file
TestSparkCliDriver-join4.q-groupby_cube1.q-auto_join20.q-and-12-more - did not produce a TEST-*.xml file
TestSparkCliDriver-join9.q-join_casesensitive.q-filter_join_breaktask.q-and-12-more - did not produce a TEST-*.xml file
TestSparkCliDriver-join_cond_pushdown_3.q-groupby7.q-auto_join17.q-and-12-more - did not produce a TEST-*.xml file
TestSparkCliDriver-join_cond_pushdown_unqual4.q-bucketmapjoin12.q-avro_decimal_native.q-and-12-more - did not produce a TEST-*.xml file
TestSparkCliDriver-join_vc.q-input1_limit.q-join16.q-and-12-more - did not produce a TEST-*.xml file
TestSparkCliDriver-load_dyn_part5.q-load_dyn_part2.q-skewjoinopt16.q-and-12-more - did not produce a TEST-*.xml file
TestSparkCliDriver-mapreduce2.q-groupby7_noskew.q-vectorization_5.q-and-12-more - did not produce a TEST-*.xml file
TestSparkCliDriver-multi_insert.q-join5.q-groupby6.q-and-12-more - did not produce a TEST-*.xml file
TestSparkCliDriver-order.q-auto_join18_multi_distinct.q-union2.q-and-12-more - did not produce a TEST-*.xml file
TestSparkCliDriver-parallel_join1.q-escape_distributeby1.q-auto_sortmerge_join_7.q-and-12-more - did not produce a TEST-*.xml file
TestSparkCliDriver-ppd_transform.q-union_remove_7.q-date_udf.q-and-12-more - did not produce a TEST-*.xml file
TestSparkCliDriver-ptf_general_queries.q-groupby4.q-tez_joins_explain.q-and-12-more - did not produce a TEST-*.xml file
TestSparkCliDriver-ptf_rcfile.q-bucketmapjoin_negative.q-bucket_map_join_spark2.q-and-12-more - did not produce a TEST-*.xml file
TestSparkCliDriver-script_pipe.q-stats12.q-auto_join24.q-and-12-more - did not produce a TEST-*.xml file
TestSparkCliDriver-skewjoin_noskew.q-sample2.q-skewjoinopt10.q-and-12-more - did not produce a TEST-*.xml file
TestSparkCliDriver-skewjoin_union_remove_2.q-timestamp_null.q-union32.q-and-12-more - did not produce a TEST-*.xml file
TestSparkCliDriver-skewjoinopt15.q-join39.q-avro_joins_native.q-and-12-more - did not produce a TEST-*.xml file
TestSparkCliDriver-skewjoinopt3.q-union27.q-multigroupby_singlemr.q-and-12-more - did not produce a TEST-*.xml file
TestSparkCliDriver-smb_mapjoin_4.q-groupby8_map.q-groupby4_map.q-and-12-more - did not produce a TEST-*.xml file
TestSparkCliDriver-stats13.q-stats2.q-ppd_gby_join.q-and-12-more - did not produce a TEST-*.xml file
TestSparkCliDriver-table_access_keys_stats.q-bucketsortoptimize_insert_4.q-runtime_skewjoin_mapjoin_spark.q-and-12-more - did not produce a TEST-*.xml file
TestSparkCliDriver-timestamp_lazy.q-union29.q-join23.q-and-12-more - did not produce a TEST-*.xml file
TestSparkCliDriver-union_remove_23.q-transform_ppr2.q-join20.q-and-12-more - did not produce a TEST-*.xml file
TestSparkCliDriver-union_top_level.q-join11.q-auto_join1.q-and-12-more - did not produce a TEST-*.xml file
TestSparkCliDriver-vector_distinct_2.q-join15.q-load_dyn_part3.q-and-12-more - did not produce a TEST-*.xml file
org.apache.hadoop.hive.cli.TestMiniSparkOnYarnCliDriver.testCliDriver_constprog_partitioner
org.apache.hadoop.hive.cli.TestMiniSparkOnYarnCliDriver.testCliDriver_index_bitmap3
org.apache.hadoop.hive.llap.tez.TestConverters.testFragmentSpecToTaskSpec
org.apache.hadoop.hive.ql.lockmgr.TestDbTxnManager2.testLocksInSubquery
&lt;/pre&gt;
&lt;/div&gt;&lt;/div&gt;

&lt;p&gt;Test results: &lt;a href=&quot;http://ec2-54-177-240-2.us-west-1.compute.amazonaws.com/job/PreCommit-HIVE-MASTER-Build/417/testReport&quot; class=&quot;external-link&quot; rel=&quot;nofollow&quot;&gt;http://ec2-54-177-240-2.us-west-1.compute.amazonaws.com/job/PreCommit-HIVE-MASTER-Build/417/testReport&lt;/a&gt;&lt;br/&gt;
Console output: &lt;a href=&quot;http://ec2-54-177-240-2.us-west-1.compute.amazonaws.com/job/PreCommit-HIVE-MASTER-Build/417/console&quot; class=&quot;external-link&quot; rel=&quot;nofollow&quot;&gt;http://ec2-54-177-240-2.us-west-1.compute.amazonaws.com/job/PreCommit-HIVE-MASTER-Build/417/console&lt;/a&gt;&lt;br/&gt;
Test logs: &lt;a href=&quot;http://ec2-50-18-27-0.us-west-1.compute.amazonaws.com/logs/PreCommit-HIVE-MASTER-Build-417/&quot; class=&quot;external-link&quot; rel=&quot;nofollow&quot;&gt;http://ec2-50-18-27-0.us-west-1.compute.amazonaws.com/logs/PreCommit-HIVE-MASTER-Build-417/&lt;/a&gt;&lt;/p&gt;

&lt;p&gt;Messages:&lt;/p&gt;
&lt;div class=&quot;preformatted panel&quot; style=&quot;border-width: 1px;&quot;&gt;&lt;div class=&quot;preformattedContent panelContent&quot;&gt;
&lt;pre&gt;Executing org.apache.hive.ptest.execution.TestCheckPhase
Executing org.apache.hive.ptest.execution.PrepPhase
Executing org.apache.hive.ptest.execution.ExecutionPhase
Executing org.apache.hive.ptest.execution.ReportingPhase
Tests exited with: TestsFailedException: 250 tests failed
&lt;/pre&gt;
&lt;/div&gt;&lt;/div&gt;

&lt;p&gt;This message is automatically generated.&lt;/p&gt;

&lt;p&gt;ATTACHMENT ID: 12806226 - PreCommit-HIVE-MASTER-Build&lt;/p&gt;</comment>
                            <comment id="15307993" author="hiveqa" created="Tue, 31 May 2016 16:02:15 +0000"  >

&lt;p&gt;Here are the results of testing the latest attachment:&lt;br/&gt;
&lt;a href=&quot;https://issues.apache.org/jira/secure/attachment/12806226/HIVE-13838.01.patch&quot; class=&quot;external-link&quot; rel=&quot;nofollow&quot;&gt;https://issues.apache.org/jira/secure/attachment/12806226/HIVE-13838.01.patch&lt;/a&gt;&lt;/p&gt;

&lt;p&gt;&lt;font color=&quot;green&quot;&gt;SUCCESS:&lt;/font&gt; +1 due to 1 test(s) being added or modified.&lt;/p&gt;

&lt;p&gt;&lt;font color=&quot;red&quot;&gt;ERROR:&lt;/font&gt; -1 due to 20 failed/errored test(s), 10173 tests executed&lt;br/&gt;
&lt;b&gt;Failed tests:&lt;/b&gt;&lt;/p&gt;
&lt;div class=&quot;preformatted panel&quot; style=&quot;border-width: 1px;&quot;&gt;&lt;div class=&quot;preformattedContent panelContent&quot;&gt;
&lt;pre&gt;TestHWISessionManager - did not produce a TEST-*.xml file
TestJdbcWithMiniHA - did not produce a TEST-*.xml file
TestJdbcWithMiniMr - did not produce a TEST-*.xml file
TestMiniTezCliDriver-auto_join30.q-script_pipe.q-vector_decimal_10_0.q-and-12-more - did not produce a TEST-*.xml file
TestOperationLoggingAPIWithTez - did not produce a TEST-*.xml file
org.apache.hadoop.hive.cli.TestCliDriver.testCliDriver_acid_globallimit
org.apache.hadoop.hive.cli.TestCliDriver.testCliDriver_acid_table_stats
org.apache.hadoop.hive.cli.TestCliDriver.testCliDriver_autoColumnStats_4
org.apache.hadoop.hive.cli.TestCliDriver.testCliDriver_insert_values_orig_table_use_metadata
org.apache.hadoop.hive.cli.TestCliDriver.testCliDriver_ivyDownload
org.apache.hadoop.hive.cli.TestCliDriver.testCliDriver_list_bucket_dml_12
org.apache.hadoop.hive.cli.TestCliDriver.testCliDriver_list_bucket_dml_13
org.apache.hadoop.hive.cli.TestCliDriver.testCliDriver_llap_acid
org.apache.hadoop.hive.cli.TestCliDriver.testCliDriver_stats_list_bucket
org.apache.hadoop.hive.cli.TestMiniSparkOnYarnCliDriver.testCliDriver_constprog_partitioner
org.apache.hadoop.hive.cli.TestMiniSparkOnYarnCliDriver.testCliDriver_index_bitmap3
org.apache.hadoop.hive.cli.TestMiniTezCliDriver.testCliDriver_explainuser_3
org.apache.hadoop.hive.cli.TestMiniTezCliDriver.testCliDriver_vector_complex_all
org.apache.hadoop.hive.llap.tez.TestConverters.testFragmentSpecToTaskSpec
org.apache.hadoop.hive.ql.lockmgr.TestDbTxnManager2.testLocksInSubquery
&lt;/pre&gt;
&lt;/div&gt;&lt;/div&gt;

&lt;p&gt;Test results: &lt;a href=&quot;http://ec2-54-177-240-2.us-west-1.compute.amazonaws.com/job/PreCommit-HIVE-MASTER-Build/469/testReport&quot; class=&quot;external-link&quot; rel=&quot;nofollow&quot;&gt;http://ec2-54-177-240-2.us-west-1.compute.amazonaws.com/job/PreCommit-HIVE-MASTER-Build/469/testReport&lt;/a&gt;&lt;br/&gt;
Console output: &lt;a href=&quot;http://ec2-54-177-240-2.us-west-1.compute.amazonaws.com/job/PreCommit-HIVE-MASTER-Build/469/console&quot; class=&quot;external-link&quot; rel=&quot;nofollow&quot;&gt;http://ec2-54-177-240-2.us-west-1.compute.amazonaws.com/job/PreCommit-HIVE-MASTER-Build/469/console&lt;/a&gt;&lt;br/&gt;
Test logs: &lt;a href=&quot;http://ec2-50-18-27-0.us-west-1.compute.amazonaws.com/logs/PreCommit-HIVE-MASTER-Build-469/&quot; class=&quot;external-link&quot; rel=&quot;nofollow&quot;&gt;http://ec2-50-18-27-0.us-west-1.compute.amazonaws.com/logs/PreCommit-HIVE-MASTER-Build-469/&lt;/a&gt;&lt;/p&gt;

&lt;p&gt;Messages:&lt;/p&gt;
&lt;div class=&quot;preformatted panel&quot; style=&quot;border-width: 1px;&quot;&gt;&lt;div class=&quot;preformattedContent panelContent&quot;&gt;
&lt;pre&gt;Executing org.apache.hive.ptest.execution.TestCheckPhase
Executing org.apache.hive.ptest.execution.PrepPhase
Executing org.apache.hive.ptest.execution.ExecutionPhase
Executing org.apache.hive.ptest.execution.ReportingPhase
Tests exited with: TestsFailedException: 20 tests failed
&lt;/pre&gt;
&lt;/div&gt;&lt;/div&gt;

&lt;p&gt;This message is automatically generated.&lt;/p&gt;

&lt;p&gt;ATTACHMENT ID: 12806226 - PreCommit-HIVE-MASTER-Build&lt;/p&gt;</comment>
                            <comment id="15314383" author="ashutoshc" created="Fri, 3 Jun 2016 16:39:42 +0000"  >&lt;p&gt;+1&lt;/p&gt;</comment>
                            <comment id="15315986" author="pxiong" created="Sun, 5 Jun 2016 19:13:48 +0000"  >&lt;p&gt;pushed to master. Thanks &lt;a href=&quot;https://issues.apache.org/jira/secure/ViewProfile.jspa?name=ashutoshc&quot; class=&quot;user-hover&quot; rel=&quot;ashutoshc&quot;&gt;Ashutosh Chauhan&lt;/a&gt; for the review.&lt;/p&gt;</comment>
                            <comment id="15318656" author="ekoifman" created="Tue, 7 Jun 2016 15:15:59 +0000"  >&lt;p&gt;The ptest results above show a number of failures and a lot of these are still failing in current Jenkins runs&lt;/p&gt;</comment>
                            <comment id="15318927" author="pxiong" created="Tue, 7 Jun 2016 17:20:08 +0000"  >&lt;p&gt;&lt;a href=&quot;https://issues.apache.org/jira/secure/ViewProfile.jspa?name=ekoifman&quot; class=&quot;user-hover&quot; rel=&quot;ekoifman&quot;&gt;Eugene Koifman&lt;/a&gt;, thanks for your attention. I have pushed a patch yesterday trying to fix 4 of them.&lt;/p&gt;
&lt;div class=&quot;code panel&quot; style=&quot;border-width: 1px;&quot;&gt;&lt;div class=&quot;codeContent panelContent&quot;&gt;
&lt;pre class=&quot;code-java&quot;&gt;
commit 0bdf371706d69f6fe8847026a013ed2dd1c86211
Author: Pengcheng Xiong &amp;lt;pxiong@apache.org&amp;gt;
Date:   Mon Jun 6 14:51:42 2016 -0700

    HIVE-13838: Set basic stats as inaccurate &lt;span class=&quot;code-keyword&quot;&gt;for&lt;/span&gt; all ACID tables (Pengcheng Xiong, reviewed by Ashutosh Chauhan) (addendum)

&lt;/pre&gt;
&lt;/div&gt;&lt;/div&gt;
&lt;p&gt;However, it seems that there are still 2 test case failures due to different data size and different sequence although none of them can be reproduced locally. I will open a follow-up JIRA to track it. Thanks.&lt;/p&gt;</comment>
                            <comment id="15318939" author="ashutoshc" created="Tue, 7 Jun 2016 17:24:58 +0000"  >&lt;p&gt;&lt;a href=&quot;https://issues.apache.org/jira/secure/ViewProfile.jspa?name=pxiong&quot; class=&quot;user-hover&quot; rel=&quot;pxiong&quot;&gt;Pengcheng Xiong&lt;/a&gt; Two things may result in that diff:&lt;/p&gt;
&lt;ul&gt;
	&lt;li&gt;You are using jdk7. golden files are now generated using jdk8.&lt;/li&gt;
	&lt;li&gt;You are on Mac. Tests are run on linux.&lt;/li&gt;
&lt;/ul&gt;
</comment>
                            <comment id="15318956" author="pxiong" created="Tue, 7 Jun 2016 17:31:49 +0000"  >&lt;p&gt;Thanks &lt;a href=&quot;https://issues.apache.org/jira/secure/ViewProfile.jspa?name=ashutoshc&quot; class=&quot;user-hover&quot; rel=&quot;ashutoshc&quot;&gt;Ashutosh Chauhan&lt;/a&gt;. I actually would like to confirm jdk8 with you yesterday...... It sounds real now. Thanks.&lt;/p&gt;</comment>
                            <comment id="15320034" author="pxiong" created="Wed, 8 Jun 2016 05:33:01 +0000"  >&lt;p&gt;updated the golden files.&lt;/p&gt;</comment>
                            <comment id="15324589" author="ekoifman" created="Fri, 10 Jun 2016 15:04:44 +0000"  >&lt;p&gt;&lt;a href=&quot;https://issues.apache.org/jira/secure/ViewProfile.jspa?name=pxiong&quot; class=&quot;user-hover&quot; rel=&quot;pxiong&quot;&gt;Pengcheng Xiong&lt;/a&gt; as far as I can tell this is still not fixed.  Please see&lt;br/&gt;
&lt;a href=&quot;https://builds.apache.org/job/PreCommit-HIVE-MASTER-Build/70/testReport/&quot; class=&quot;external-link&quot; rel=&quot;nofollow&quot;&gt;https://builds.apache.org/job/PreCommit-HIVE-MASTER-Build/70/testReport/&lt;/a&gt;&lt;br/&gt;
or&lt;br/&gt;
&lt;a href=&quot;https://builds.apache.org/job/PreCommit-HIVE-MASTER-Build/73/testReport/&quot; class=&quot;external-link&quot; rel=&quot;nofollow&quot;&gt;https://builds.apache.org/job/PreCommit-HIVE-MASTER-Build/73/testReport/&lt;/a&gt;&lt;/p&gt;

&lt;p&gt;the same set of tests keeps failing&lt;/p&gt;</comment>
                            <comment id="15324748" author="pxiong" created="Fri, 10 Jun 2016 16:32:03 +0000"  >&lt;p&gt;Thanks &lt;a href=&quot;https://issues.apache.org/jira/secure/ViewProfile.jspa?name=ekoifman&quot; class=&quot;user-hover&quot; rel=&quot;ekoifman&quot;&gt;Eugene Koifman&lt;/a&gt;, i will take a look again. Thanks for finding this!&lt;/p&gt;</comment>
                    </comments>
                <issuelinks>
                            <issuelinktype id="12310000">
                    <name>Duplicate</name>
                                                                <inwardlinks description="is duplicated by">
                                        <issuelink>
            <issuekey id="12976702">HIVE-13971</issuekey>
        </issuelink>
                            </inwardlinks>
                                    </issuelinktype>
                    </issuelinks>
                <attachments>
                            <attachment id="12806226" name="HIVE-13838.01.patch" size="27798" author="pxiong" created="Wed, 25 May 2016 21:25:56 +0000"/>
                    </attachments>
                <subtasks>
                    </subtasks>
                <customfields>
                                                <customfield id="customfield_12310310" key="com.atlassian.jira.toolkit:attachments">
                        <customfieldname>Attachment count</customfieldname>
                        <customfieldvalues>
                            <customfieldvalue>1.0</customfieldvalue>
                        </customfieldvalues>
                    </customfield>
                                                                                                                                                                                                                                                                                                                                                                                                                                                                                                                                <customfield id="customfield_12310220" key="com.atlassian.jira.ext.charting:firstresponsedate">
                        <customfieldname>Date of First Response</customfieldname>
                        <customfieldvalues>
                            <customfieldvalue>Sat, 28 May 2016 13:37:12 +0000</customfieldvalue>

                        </customfieldvalues>
                    </customfield>
                                                                                                                                                                                                                                                                                                                                                                                                                                            <customfield id="customfield_12310420" key="com.pyxis.greenhopper.jira:gh-global-rank">
                        <customfieldname>Global Rank</customfieldname>
                        <customfieldvalues>
                            <customfieldvalue>9223372036854775807</customfieldvalue>
                        </customfieldvalues>
                    </customfield>
                                                                                                                                                    <customfield id="customfield_12312521" key="com.atlassian.jira.toolkit:LastCommentDate">
                        <customfieldname>Last public comment date</customfieldname>
                        <customfieldvalues>
                            25 weeks, 1 day ago
                        </customfieldvalues>
                    </customfield>
                                                                                            <customfield id="customfield_12311820" key="com.pyxis.greenhopper.jira:gh-lexo-rank">
                        <customfieldname>Rank</customfieldname>
                        <customfieldvalues>
                            <customfieldvalue>0|i2ygdj:</customfieldvalue>

                        </customfieldvalues>
                    </customfield>
                                                                <customfield id="customfield_12310920" key="com.pyxis.greenhopper.jira:gh-global-rank">
                        <customfieldname>Rank (Obsolete)</customfieldname>
                        <customfieldvalues>
                            <customfieldvalue>9223372036854775807</customfieldvalue>
                        </customfieldvalues>
                    </customfield>
                                                                                                                                                                                                                                                                                                                            <customfield id="customfield_12310222" key="com.atlassian.jira.ext.charting:timeinstatus">
                        <customfieldname>Time in Status</customfieldname>
                        <customfieldvalues>
                            
                        </customfieldvalues>
                    </customfield>
                                                                                                                        </customfields>
    </item>
</channel>
</rss>