<!-- 
RSS generated by JIRA (6.3.4#6332-sha1:51bc225ef474afe3128b2f66878477f322397b16) at Sat Dec 03 00:05:23 UTC 2016

It is possible to restrict the fields that are returned in this document by specifying the 'field' parameter in your request.
For example, to request only the issue key and summary add field=key&field=summary to the URL of your request.
For example:
https://issues.apache.org/jira/si/jira.issueviews:issue-xml/HIVE-840/HIVE-840.xml?field=key&amp;field=summary
-->
<rss version="0.92" >
<channel>
    <title>ASF JIRA</title>
    <link>https://issues.apache.org/jira</link>
    <description>This file is an XML representation of an issue</description>
    <language>en-uk</language>    <build-info>
        <version>6.3.4</version>
        <build-number>6332</build-number>
        <build-date>15-08-2014</build-date>
    </build-info>

<item>
            <title>[HIVE-840] no error if user specifies multiple columns of same name as output</title>
                <link>https://issues.apache.org/jira/browse/HIVE-840</link>
                <project id="12310843" key="HIVE">Hive</project>
                    <description>&lt;p&gt;INSERT OVERWRITE TABLE table_name_here&lt;br/&gt;
SELECT TRANSFORM(key,val)&lt;br/&gt;
USING &apos;/script/&apos;&lt;br/&gt;
AS foo, foo, foo&lt;/p&gt;


&lt;p&gt;The above query should fail, but it succeeds&lt;/p&gt;</description>
                <environment></environment>
        <key id="12435889">HIVE-840</key>
            <summary>no error if user specifies multiple columns of same name as output</summary>
                <type id="1" iconUrl="https://issues.apache.org/jira/images/icons/issuetypes/bug.png">Bug</type>
                                            <priority id="3" iconUrl="https://issues.apache.org/jira/images/icons/priorities/major.png">Major</priority>
                        <status id="6" iconUrl="https://issues.apache.org/jira/images/icons/statuses/closed.png" description="The issue is considered finished, the resolution is correct. Issues which are closed can be reopened.">Closed</status>
                    <statusCategory id="3" key="done" colorName="green"/>
                                    <resolution id="1">Fixed</resolution>
                                        <assignee username="he yongqiang">He Yongqiang</assignee>
                                    <reporter username="namit">Namit Jain</reporter>
                        <labels>
                    </labels>
                <created>Wed, 16 Sep 2009 23:40:57 +0000</created>
                <updated>Sat, 17 Dec 2011 00:06:10 +0000</updated>
                            <resolved>Thu, 29 Oct 2009 22:45:47 +0000</resolved>
                                                    <fixVersion>0.5.0</fixVersion>
                                    <component>Query Processor</component>
                        <due></due>
                            <votes>0</votes>
                                    <watches>1</watches>
                                                                <comments>
                            <comment id="12771523" author="namit" created="Thu, 29 Oct 2009 18:02:05 +0000"  >&lt;p&gt;Looks good - just one minor comment.&lt;/p&gt;

&lt;p&gt;Can you add the error message in ErrorMsg.java and then use it&lt;/p&gt;</comment>
                            <comment id="12771562" author="he yongqiang" created="Thu, 29 Oct 2009 19:02:34 +0000"  >&lt;p&gt;Thanks, Namit. &lt;br/&gt;
You mean the error message &quot;&quot;column alias &quot; + name + &quot; already exists.&quot;  We need a parameter &apos;name&apos; in the error message, so it may not fit in ErrorMsg.&lt;/p&gt;</comment>
                            <comment id="12771573" author="namit" created="Thu, 29 Oct 2009 19:22:07 +0000"  >&lt;p&gt;There are existing error messages which are used with parameters: look at TABLE_ALREADY_EXISTS.&lt;br/&gt;
Cant you follow the same approach ? The only restriction is that the column name will appear at the end,&lt;br/&gt;
which might be acceptable.&lt;/p&gt;</comment>
                            <comment id="12771602" author="he yongqiang" created="Thu, 29 Oct 2009 20:50:06 +0000"  >&lt;p&gt;Integrated Namit&apos;s suggestions. Thanks, Namit!&lt;/p&gt;</comment>
                            <comment id="12771669" author="namit" created="Thu, 29 Oct 2009 22:45:47 +0000"  >&lt;p&gt;Committed. Thanks Yongqiang&lt;/p&gt;</comment>
                    </comments>
                    <attachments>
                            <attachment id="12423535" name="hive-840-2009-10-28.patch" size="3862" author="he yongqiang" created="Thu, 29 Oct 2009 04:32:17 +0000"/>
                            <attachment id="12423615" name="hive-840-2009-10-29.patch" size="4695" author="he yongqiang" created="Thu, 29 Oct 2009 20:50:06 +0000"/>
                    </attachments>
                <subtasks>
                    </subtasks>
                <customfields>
                                                <customfield id="customfield_12310310" key="com.atlassian.jira.toolkit:attachments">
                        <customfieldname>Attachment count</customfieldname>
                        <customfieldvalues>
                            <customfieldvalue>2.0</customfieldvalue>
                        </customfieldvalues>
                    </customfield>
                                                                                                                                                                                                                                                                                                                                                                                                                                                                                                                                <customfield id="customfield_12310220" key="com.atlassian.jira.ext.charting:firstresponsedate">
                        <customfieldname>Date of First Response</customfieldname>
                        <customfieldvalues>
                            <customfieldvalue>Thu, 29 Oct 2009 19:02:34 +0000</customfieldvalue>

                        </customfieldvalues>
                    </customfield>
                                                                                                                                                                                                                                                                                                                                                                                                                                            <customfield id="customfield_12310420" key="com.pyxis.greenhopper.jira:gh-global-rank">
                        <customfieldname>Global Rank</customfieldname>
                        <customfieldvalues>
                            <customfieldvalue>73272</customfieldvalue>
                        </customfieldvalues>
                    </customfield>
                                                                <customfield id="customfield_12310191" key="com.atlassian.jira.plugin.system.customfieldtypes:multicheckboxes">
                        <customfieldname>Hadoop Flags</customfieldname>
                        <customfieldvalues>
                                <customfieldvalue key="10343"><![CDATA[Reviewed]]></customfieldvalue>
    
                        </customfieldvalues>
                    </customfield>
                                                                                                                        <customfield id="customfield_12312521" key="com.atlassian.jira.toolkit:LastCommentDate">
                        <customfieldname>Last public comment date</customfieldname>
                        <customfieldvalues>
                            7 years, 6 weeks, 1 day ago
                        </customfieldvalues>
                    </customfield>
                                                                                            <customfield id="customfield_12311820" key="com.pyxis.greenhopper.jira:gh-lexo-rank">
                        <customfieldname>Rank</customfieldname>
                        <customfieldvalues>
                            <customfieldvalue>0|i0lc0f:</customfieldvalue>

                        </customfieldvalues>
                    </customfield>
                                                                <customfield id="customfield_12310920" key="com.pyxis.greenhopper.jira:gh-global-rank">
                        <customfieldname>Rank (Obsolete)</customfieldname>
                        <customfieldvalues>
                            <customfieldvalue>122596</customfieldvalue>
                        </customfieldvalues>
                    </customfield>
                                                                                                                                                                                                                                                                                                                            <customfield id="customfield_12310222" key="com.atlassian.jira.ext.charting:timeinstatus">
                        <customfieldname>Time in Status</customfieldname>
                        <customfieldvalues>
                            
                        </customfieldvalues>
                    </customfield>
                                                                                                                        </customfields>
    </item>
</channel>
</rss>