<!-- 
RSS generated by JIRA (6.3.4#6332-sha1:51bc225ef474afe3128b2f66878477f322397b16) at Sat Dec 03 00:52:03 UTC 2016

It is possible to restrict the fields that are returned in this document by specifying the 'field' parameter in your request.
For example, to request only the issue key and summary add field=key&field=summary to the URL of your request.
For example:
https://issues.apache.org/jira/si/jira.issueviews:issue-xml/HIVE-1006/HIVE-1006.xml?field=key&amp;field=summary
-->
<rss version="0.92" >
<channel>
    <title>ASF JIRA</title>
    <link>https://issues.apache.org/jira</link>
    <description>This file is an XML representation of an issue</description>
    <language>en-uk</language>    <build-info>
        <version>6.3.4</version>
        <build-number>6332</build-number>
        <build-date>15-08-2014</build-date>
    </build-info>

<item>
            <title>[HIVE-1006] getPartitionDescFromPath failing from CombineHiveInputFormat</title>
                <link>https://issues.apache.org/jira/browse/HIVE-1006</link>
                <project id="12310843" key="HIVE">Hive</project>
                    <description>&lt;p&gt;When HiveInputFormat.getPartitionDescFromPath is called from CombineHiveInputFormat, it sometimes fails to return a matching partitionDesc which then causes an Exception down the line since the split doesn&apos;t have an inputFormatClassName.&lt;/p&gt;

&lt;p&gt;The issue is that the path format used as the key in pathToPartitionInfo varies between stage - in the first stage it&apos;s the complete path as returned from the table definitions (eg. hdfs://server/path), and then in subsequent stages, it&apos;s the complete path with port (eg. hdfs://server:8020/path) of the result of the previous stage.  This isn&apos;t a problem in HiveInputFormat since the directory you&apos;re looking up always uses the same format as the keys, but in CombineHiveInputFormat, we take that path and look up its children in the file system to get all the block information, and then use one of the returned paths to get the partition info &amp;#8211; and that returned path does not include the port.  So, in any stage after the first, we are looking for a path without the port, but all the keys in the map contain a port, so we don&apos;t find a match.&lt;/p&gt;

&lt;p&gt;The attached patch may not be ideal &amp;#8211; it doesn&apos;t fix the underlying problem of inconsistent path formats in pathToPartitionInfo &amp;#8211; it just works around it by walking through the map and looking for a matching path rather than doing a hash lookup.&lt;/p&gt;</description>
                <environment></environment>
        <key id="12444020">HIVE-1006</key>
            <summary>getPartitionDescFromPath failing from CombineHiveInputFormat</summary>
                <type id="1" iconUrl="https://issues.apache.org/jira/images/icons/issuetypes/bug.png">Bug</type>
                                            <priority id="3" iconUrl="https://issues.apache.org/jira/images/icons/priorities/major.png">Major</priority>
                        <status id="6" iconUrl="https://issues.apache.org/jira/images/icons/statuses/closed.png" description="The issue is considered finished, the resolution is correct. Issues which are closed can be reopened.">Closed</status>
                    <statusCategory id="3" key="done" colorName="green"/>
                                    <resolution id="1">Fixed</resolution>
                                        <assignee username="dlerman">Dave Lerman</assignee>
                                    <reporter username="dlerman">Dave Lerman</reporter>
                        <labels>
                    </labels>
                <created>Tue, 22 Dec 2009 15:12:20 +0000</created>
                <updated>Sat, 17 Dec 2011 00:05:29 +0000</updated>
                            <resolved>Tue, 22 Dec 2009 19:48:02 +0000</resolved>
                                    <version>0.4.1</version>
                                    <fixVersion>0.5.0</fixVersion>
                                    <component>Query Processor</component>
                        <due></due>
                            <votes>0</votes>
                                    <watches>1</watches>
                                                                <comments>
                            <comment id="12793657" author="namit" created="Tue, 22 Dec 2009 16:27:57 +0000"  >&lt;p&gt;I am getting some compilation errors while applying this patch - URI and URISyntaxException not found.&lt;br/&gt;
Can you import the relevant packages/files and then resubmit the patch ?&lt;/p&gt;</comment>
                            <comment id="12793664" author="dlerman" created="Tue, 22 Dec 2009 16:40:19 +0000"  >&lt;p&gt;Sorry about that - upload the wrong patch for this and 1007.&lt;/p&gt;</comment>
                            <comment id="12793705" author="namit" created="Tue, 22 Dec 2009 18:20:49 +0000"  >&lt;p&gt;+1&lt;/p&gt;

&lt;p&gt;will commit if the tests pass and will file a follow-up jira of inconsistent path formats in pathToPartitionInfo&lt;/p&gt;</comment>
                            <comment id="12793754" author="namit" created="Tue, 22 Dec 2009 19:48:02 +0000"  >&lt;p&gt;Committed. Thanks Dave&lt;/p&gt;</comment>
                    </comments>
                <issuelinks>
                            <issuelinktype id="10030">
                    <name>Reference</name>
                                            <outwardlinks description="relates to">
                                        <issuelink>
            <issuekey id="12444036">HIVE-1008</issuekey>
        </issuelink>
                            </outwardlinks>
                                                                <inwardlinks description="is related to">
                                        <issuelink>
            <issuekey id="12444036">HIVE-1008</issuekey>
        </issuelink>
                            </inwardlinks>
                                    </issuelinktype>
                    </issuelinks>
                <attachments>
                            <attachment id="12428735" name="hive.1006.1.patch" size="1158" author="dlerman" created="Tue, 22 Dec 2009 15:14:05 +0000"/>
                            <attachment id="12428739" name="hive.1006.2.patch" size="1398" author="dlerman" created="Tue, 22 Dec 2009 16:40:19 +0000"/>
                    </attachments>
                <subtasks>
                    </subtasks>
                <customfields>
                                                <customfield id="customfield_12310310" key="com.atlassian.jira.toolkit:attachments">
                        <customfieldname>Attachment count</customfieldname>
                        <customfieldvalues>
                            <customfieldvalue>2.0</customfieldvalue>
                        </customfieldvalues>
                    </customfield>
                                                                                                                                                                                                                                                                                                                                                                                                                                                                                                                                <customfield id="customfield_12310220" key="com.atlassian.jira.ext.charting:firstresponsedate">
                        <customfieldname>Date of First Response</customfieldname>
                        <customfieldvalues>
                            <customfieldvalue>Tue, 22 Dec 2009 16:27:57 +0000</customfieldvalue>

                        </customfieldvalues>
                    </customfield>
                                                                                                                                                                                                                                                                                                                                                                                                                                            <customfield id="customfield_12310420" key="com.pyxis.greenhopper.jira:gh-global-rank">
                        <customfieldname>Global Rank</customfieldname>
                        <customfieldvalues>
                            <customfieldvalue>73158</customfieldvalue>
                        </customfieldvalues>
                    </customfield>
                                                                <customfield id="customfield_12310191" key="com.atlassian.jira.plugin.system.customfieldtypes:multicheckboxes">
                        <customfieldname>Hadoop Flags</customfieldname>
                        <customfieldvalues>
                                <customfieldvalue key="10343"><![CDATA[Reviewed]]></customfieldvalue>
    
                        </customfieldvalues>
                    </customfield>
                                                                                                                        <customfield id="customfield_12312521" key="com.atlassian.jira.toolkit:LastCommentDate">
                        <customfieldname>Last public comment date</customfieldname>
                        <customfieldvalues>
                            6 years, 50 weeks, 3 days ago
                        </customfieldvalues>
                    </customfield>
                                                                                            <customfield id="customfield_12311820" key="com.pyxis.greenhopper.jira:gh-lexo-rank">
                        <customfieldname>Rank</customfieldname>
                        <customfieldvalues>
                            <customfieldvalue>0|i0lcx3:</customfieldvalue>

                        </customfieldvalues>
                    </customfield>
                                                                <customfield id="customfield_12310920" key="com.pyxis.greenhopper.jira:gh-global-rank">
                        <customfieldname>Rank (Obsolete)</customfieldname>
                        <customfieldvalues>
                            <customfieldvalue>122743</customfieldvalue>
                        </customfieldvalues>
                    </customfield>
                                                                                                                                                                                                                                                                                                                            <customfield id="customfield_12310222" key="com.atlassian.jira.ext.charting:timeinstatus">
                        <customfieldname>Time in Status</customfieldname>
                        <customfieldvalues>
                            
                        </customfieldvalues>
                    </customfield>
                                                                                                                        </customfields>
    </item>
</channel>
</rss>