<!-- 
RSS generated by JIRA (6.3.4#6332-sha1:51bc225ef474afe3128b2f66878477f322397b16) at Sun Dec 04 00:03:22 UTC 2016

It is possible to restrict the fields that are returned in this document by specifying the 'field' parameter in your request.
For example, to request only the issue key and summary add field=key&field=summary to the URL of your request.
For example:
https://issues.apache.org/jira/si/jira.issueviews:issue-xml/HIVE-10895/HIVE-10895.xml?field=key&amp;field=summary
-->
<rss version="0.92" >
<channel>
    <title>ASF JIRA</title>
    <link>https://issues.apache.org/jira</link>
    <description>This file is an XML representation of an issue</description>
    <language>en-uk</language>    <build-info>
        <version>6.3.4</version>
        <build-number>6332</build-number>
        <build-date>15-08-2014</build-date>
    </build-info>

<item>
            <title>[HIVE-10895] ObjectStore does not close Query objects in some calls, causing a potential leak in some metastore db resources</title>
                <link>https://issues.apache.org/jira/browse/HIVE-10895</link>
                <project id="12310843" key="HIVE">Hive</project>
                    <description>&lt;p&gt;During testing, we&apos;ve noticed Oracle db running out of cursors. Might be related to this.&lt;/p&gt;</description>
                <environment></environment>
        <key id="12834785">HIVE-10895</key>
            <summary>ObjectStore does not close Query objects in some calls, causing a potential leak in some metastore db resources</summary>
                <type id="1" iconUrl="https://issues.apache.org/jira/images/icons/issuetypes/bug.png">Bug</type>
                                            <priority id="3" iconUrl="https://issues.apache.org/jira/images/icons/priorities/major.png">Major</priority>
                        <status id="6" iconUrl="https://issues.apache.org/jira/images/icons/statuses/closed.png" description="The issue is considered finished, the resolution is correct. Issues which are closed can be reopened.">Closed</status>
                    <statusCategory id="3" key="done" colorName="green"/>
                                    <resolution id="1">Fixed</resolution>
                                        <assignee username="aihuaxu">Aihua Xu</assignee>
                                    <reporter username="taksaito">Takahiko Saito</reporter>
                        <labels>
                    </labels>
                <created>Tue, 2 Jun 2015 19:54:46 +0000</created>
                <updated>Tue, 16 Feb 2016 23:52:22 +0000</updated>
                            <resolved>Thu, 9 Jul 2015 17:26:04 +0000</resolved>
                                    <version>0.14.0</version>
                    <version>1.0.0</version>
                    <version>1.2.0</version>
                    <version>1.1.0</version>
                    <version>0.13</version>
                                    <fixVersion>1.3.0</fixVersion>
                    <fixVersion>2.0.0</fixVersion>
                                    <component>Metastore</component>
                        <due></due>
                            <votes>0</votes>
                                    <watches>10</watches>
                                                                <comments>
                            <comment id="14570001" author="vgumashta" created="Tue, 2 Jun 2015 23:47:37 +0000"  >&lt;p&gt;Patch v1 has some issues - uploading a new one shortly.&lt;/p&gt;</comment>
                            <comment id="14588504" author="vgumashta" created="Tue, 16 Jun 2015 18:20:00 +0000"  >&lt;p&gt;&lt;a href=&quot;https://issues.apache.org/jira/secure/ViewProfile.jspa?name=aihuaxu&quot; class=&quot;user-hover&quot; rel=&quot;aihuaxu&quot;&gt;Aihua Xu&lt;/a&gt; Thanks for the comments on rb. As you have also identified, there are some issues with v1 patch (I re-read the Query.close API to figure that calling close aggressively will cause losing the iterators). I&apos;ll upload a new patch shortly - we need some way to close the query object other than in places which you plan to do in &lt;a href=&quot;https://issues.apache.org/jira/browse/HIVE-11021&quot; title=&quot;ObjectStore should call closeAll() on JDO query object to release the resources&quot; class=&quot;issue-link&quot; data-issue-key=&quot;HIVE-11021&quot;&gt;&lt;del&gt;HIVE-11021&lt;/del&gt;&lt;/a&gt;.&lt;/p&gt;</comment>
                            <comment id="14588538" author="aihuaxu" created="Tue, 16 Jun 2015 18:36:21 +0000"  >&lt;p&gt;Thanks Vaibhav. Will check the new patch when it&apos;s ready.&lt;/p&gt;</comment>
                            <comment id="14595962" author="aihuaxu" created="Mon, 22 Jun 2015 14:11:49 +0000"  >&lt;p&gt;Hi &lt;a href=&quot;https://issues.apache.org/jira/secure/ViewProfile.jspa?name=vgumashta&quot; class=&quot;user-hover&quot; rel=&quot;vgumashta&quot;&gt;Vaibhav Gumashta&lt;/a&gt; Any updates on that? Sorry to push you on that. Our customer is waiting on the fix. &lt;/p&gt;</comment>
                            <comment id="14596010" author="vgumashta" created="Mon, 22 Jun 2015 14:49:03 +0000"  >&lt;p&gt;&lt;a href=&quot;https://issues.apache.org/jira/secure/ViewProfile.jspa?name=aihuaxu&quot; class=&quot;user-hover&quot; rel=&quot;aihuaxu&quot;&gt;Aihua Xu&lt;/a&gt; I&apos;m OOO for next few days. Please feel free to take over if you have a potential solution. If you can wait, I plan to work on this after 07/05. Thanks for checking back.&lt;/p&gt;</comment>
                            <comment id="14596013" author="vgumashta" created="Mon, 22 Jun 2015 14:49:10 +0000"  >&lt;p&gt;&lt;a href=&quot;https://issues.apache.org/jira/secure/ViewProfile.jspa?name=aihuaxu&quot; class=&quot;user-hover&quot; rel=&quot;aihuaxu&quot;&gt;Aihua Xu&lt;/a&gt; I&apos;m OOO for next few days. Please feel free to take over if you have a potential solution. If you can wait, I plan to work on this after 07/05. Thanks for checking back.&lt;/p&gt;</comment>
                            <comment id="14596031" author="aihuaxu" created="Mon, 22 Jun 2015 15:00:07 +0000"  >&lt;p&gt;Got it. Thanks for letting me know. I will take over then and try to work on it. Haven&apos;t looked too much on the solution yet. Will keep you posted.&lt;/p&gt;</comment>
                            <comment id="14596679" author="aihuaxu" created="Mon, 22 Jun 2015 21:34:23 +0000"  >&lt;p&gt;&lt;a href=&quot;https://issues.apache.org/jira/secure/ViewProfile.jspa?name=vgumashta&quot; class=&quot;user-hover&quot; rel=&quot;vgumashta&quot;&gt;Vaibhav Gumashta&lt;/a&gt; I was looking into two solutions. 1. a wapper class for the JDO query result which will dispose the resources when the wrapper class gets garbage collected automatically.  But this approach could still cause issues that resources like cursors may not get released soon enough.  2. Clone query result to a new list to force iterating the result and return that new list and then call query.closeAll() immediately. I will work on the second approach, &lt;/p&gt;</comment>
                            <comment id="14598391" author="aihuaxu" created="Tue, 23 Jun 2015 21:22:56 +0000"  >&lt;p&gt;In the patch, we clone the query result to a new list if the query result is a list and was directly returned.&lt;/p&gt;</comment>
                            <comment id="14598838" author="hiveqa" created="Wed, 24 Jun 2015 04:06:57 +0000"  >

&lt;p&gt;&lt;font color=&quot;red&quot;&gt;Overall&lt;/font&gt;: -1 at least one tests failed&lt;/p&gt;

&lt;p&gt;Here are the results of testing the latest attachment:&lt;br/&gt;
&lt;a href=&quot;https://issues.apache.org/jira/secure/attachment/12741385/HIVE-10895.2.patch&quot; class=&quot;external-link&quot; rel=&quot;nofollow&quot;&gt;https://issues.apache.org/jira/secure/attachment/12741385/HIVE-10895.2.patch&lt;/a&gt;&lt;/p&gt;

&lt;p&gt;&lt;font color=&quot;red&quot;&gt;ERROR:&lt;/font&gt; -1 due to 8 failed/errored test(s), 9020 tests executed&lt;br/&gt;
&lt;b&gt;Failed tests:&lt;/b&gt;&lt;/p&gt;
&lt;div class=&quot;preformatted panel&quot; style=&quot;border-width: 1px;&quot;&gt;&lt;div class=&quot;preformattedContent panelContent&quot;&gt;
&lt;pre&gt;org.apache.hadoop.hive.cli.TestCliDriver.testCliDriver_authorization_9
org.apache.hadoop.hive.cli.TestCliDriver.testCliDriver_authorization_delete
org.apache.hadoop.hive.cli.TestCliDriver.testCliDriver_authorization_delete_own_table
org.apache.hadoop.hive.cli.TestCliDriver.testCliDriver_authorization_update
org.apache.hadoop.hive.cli.TestCliDriver.testCliDriver_authorization_update_own_table
org.apache.hadoop.hive.cli.TestMiniTezCliDriver.testCliDriver_vector_outer_join1
org.apache.hadoop.hive.cli.TestMiniTezCliDriver.testCliDriver_vector_outer_join4
org.apache.hive.hcatalog.pig.TestHCatStorer.testEmptyStore[3]
&lt;/pre&gt;
&lt;/div&gt;&lt;/div&gt;

&lt;p&gt;Test results: &lt;a href=&quot;http://ec2-174-129-184-35.compute-1.amazonaws.com/jenkins/job/PreCommit-HIVE-TRUNK-Build/4359/testReport&quot; class=&quot;external-link&quot; rel=&quot;nofollow&quot;&gt;http://ec2-174-129-184-35.compute-1.amazonaws.com/jenkins/job/PreCommit-HIVE-TRUNK-Build/4359/testReport&lt;/a&gt;&lt;br/&gt;
Console output: &lt;a href=&quot;http://ec2-174-129-184-35.compute-1.amazonaws.com/jenkins/job/PreCommit-HIVE-TRUNK-Build/4359/console&quot; class=&quot;external-link&quot; rel=&quot;nofollow&quot;&gt;http://ec2-174-129-184-35.compute-1.amazonaws.com/jenkins/job/PreCommit-HIVE-TRUNK-Build/4359/console&lt;/a&gt;&lt;br/&gt;
Test logs: &lt;a href=&quot;http://ec2-174-129-184-35.compute-1.amazonaws.com/logs/PreCommit-HIVE-TRUNK-Build-4359/&quot; class=&quot;external-link&quot; rel=&quot;nofollow&quot;&gt;http://ec2-174-129-184-35.compute-1.amazonaws.com/logs/PreCommit-HIVE-TRUNK-Build-4359/&lt;/a&gt;&lt;/p&gt;

&lt;p&gt;Messages:&lt;/p&gt;
&lt;div class=&quot;preformatted panel&quot; style=&quot;border-width: 1px;&quot;&gt;&lt;div class=&quot;preformattedContent panelContent&quot;&gt;
&lt;pre&gt;Executing org.apache.hive.ptest.execution.PrepPhase
Executing org.apache.hive.ptest.execution.ExecutionPhase
Executing org.apache.hive.ptest.execution.ReportingPhase
Tests exited with: TestsFailedException: 8 tests failed
&lt;/pre&gt;
&lt;/div&gt;&lt;/div&gt;

&lt;p&gt;This message is automatically generated.&lt;/p&gt;

&lt;p&gt;ATTACHMENT ID: 12741385 - PreCommit-HIVE-TRUNK-Build&lt;/p&gt;</comment>
                            <comment id="14599456" author="aihuaxu" created="Wed, 24 Jun 2015 14:01:31 +0000"  >&lt;p&gt;All the tests are not related to the patch. &lt;/p&gt;</comment>
                            <comment id="14599546" author="aihuaxu" created="Wed, 24 Jun 2015 15:11:53 +0000"  >&lt;p&gt;Some minor changes.&lt;/p&gt;</comment>
                            <comment id="14599897" author="hiveqa" created="Wed, 24 Jun 2015 18:23:00 +0000"  >

&lt;p&gt;&lt;font color=&quot;red&quot;&gt;Overall&lt;/font&gt;: -1 at least one tests failed&lt;/p&gt;

&lt;p&gt;Here are the results of testing the latest attachment:&lt;br/&gt;
&lt;a href=&quot;https://issues.apache.org/jira/secure/attachment/12741627/HIVE-10895.2.patch&quot; class=&quot;external-link&quot; rel=&quot;nofollow&quot;&gt;https://issues.apache.org/jira/secure/attachment/12741627/HIVE-10895.2.patch&lt;/a&gt;&lt;/p&gt;

&lt;p&gt;&lt;font color=&quot;red&quot;&gt;ERROR:&lt;/font&gt; -1 due to 2 failed/errored test(s), 9017 tests executed&lt;br/&gt;
&lt;b&gt;Failed tests:&lt;/b&gt;&lt;/p&gt;
&lt;div class=&quot;preformatted panel&quot; style=&quot;border-width: 1px;&quot;&gt;&lt;div class=&quot;preformattedContent panelContent&quot;&gt;
&lt;pre&gt;org.apache.hadoop.hive.cli.TestSparkCliDriver.testCliDriver_join28
org.apache.hive.hcatalog.hbase.TestPigHBaseStorageHandler.org.apache.hive.hcatalog.hbase.TestPigHBaseStorageHandler
&lt;/pre&gt;
&lt;/div&gt;&lt;/div&gt;

&lt;p&gt;Test results: &lt;a href=&quot;http://ec2-174-129-184-35.compute-1.amazonaws.com/jenkins/job/PreCommit-HIVE-TRUNK-Build/4366/testReport&quot; class=&quot;external-link&quot; rel=&quot;nofollow&quot;&gt;http://ec2-174-129-184-35.compute-1.amazonaws.com/jenkins/job/PreCommit-HIVE-TRUNK-Build/4366/testReport&lt;/a&gt;&lt;br/&gt;
Console output: &lt;a href=&quot;http://ec2-174-129-184-35.compute-1.amazonaws.com/jenkins/job/PreCommit-HIVE-TRUNK-Build/4366/console&quot; class=&quot;external-link&quot; rel=&quot;nofollow&quot;&gt;http://ec2-174-129-184-35.compute-1.amazonaws.com/jenkins/job/PreCommit-HIVE-TRUNK-Build/4366/console&lt;/a&gt;&lt;br/&gt;
Test logs: &lt;a href=&quot;http://ec2-174-129-184-35.compute-1.amazonaws.com/logs/PreCommit-HIVE-TRUNK-Build-4366/&quot; class=&quot;external-link&quot; rel=&quot;nofollow&quot;&gt;http://ec2-174-129-184-35.compute-1.amazonaws.com/logs/PreCommit-HIVE-TRUNK-Build-4366/&lt;/a&gt;&lt;/p&gt;

&lt;p&gt;Messages:&lt;/p&gt;
&lt;div class=&quot;preformatted panel&quot; style=&quot;border-width: 1px;&quot;&gt;&lt;div class=&quot;preformattedContent panelContent&quot;&gt;
&lt;pre&gt;Executing org.apache.hive.ptest.execution.PrepPhase
Executing org.apache.hive.ptest.execution.ExecutionPhase
Executing org.apache.hive.ptest.execution.ReportingPhase
Tests exited with: TestsFailedException: 2 tests failed
&lt;/pre&gt;
&lt;/div&gt;&lt;/div&gt;

&lt;p&gt;This message is automatically generated.&lt;/p&gt;

&lt;p&gt;ATTACHMENT ID: 12741627 - PreCommit-HIVE-TRUNK-Build&lt;/p&gt;</comment>
                            <comment id="14600141" author="aihuaxu" created="Wed, 24 Jun 2015 21:01:31 +0000"  >&lt;p&gt;Seems both tests are unrelated. TestPigHBaseStorageHandler test passed locally.&lt;/p&gt;</comment>
                            <comment id="14601879" author="aihuaxu" created="Thu, 25 Jun 2015 20:28:21 +0000"  >&lt;p&gt;The new patch takes a different approach. It creates QueryWrapper class the caller needs to pass to the callee and then the caller will call QueryWrapper.query.closeAll() to release resources when it&apos;s consumed the data. &lt;/p&gt;

&lt;p&gt;I went through all the cases and did some refactoring so we can can call closeAll() within the callee as much as possible. And also try to handle releasing resources within ObjectStore. Based on the usage from HMS, we won&apos;t add too much memory consumption when in some cases, we try to return the whole list.   &lt;/p&gt;</comment>
                            <comment id="14602603" author="hiveqa" created="Fri, 26 Jun 2015 09:12:10 +0000"  >

&lt;p&gt;&lt;font color=&quot;red&quot;&gt;Overall&lt;/font&gt;: -1 at least one tests failed&lt;/p&gt;

&lt;p&gt;Here are the results of testing the latest attachment:&lt;br/&gt;
&lt;a href=&quot;https://issues.apache.org/jira/secure/attachment/12741934/HIVE-10895.3.patch&quot; class=&quot;external-link&quot; rel=&quot;nofollow&quot;&gt;https://issues.apache.org/jira/secure/attachment/12741934/HIVE-10895.3.patch&lt;/a&gt;&lt;/p&gt;

&lt;p&gt;&lt;font color=&quot;red&quot;&gt;ERROR:&lt;/font&gt; -1 due to 1 failed/errored test(s), 9029 tests executed&lt;br/&gt;
&lt;b&gt;Failed tests:&lt;/b&gt;&lt;/p&gt;
&lt;div class=&quot;preformatted panel&quot; style=&quot;border-width: 1px;&quot;&gt;&lt;div class=&quot;preformattedContent panelContent&quot;&gt;
&lt;pre&gt;org.apache.hadoop.hive.metastore.TestAdminUser.testCreateAdminNAddUser
&lt;/pre&gt;
&lt;/div&gt;&lt;/div&gt;

&lt;p&gt;Test results: &lt;a href=&quot;http://ec2-174-129-184-35.compute-1.amazonaws.com/jenkins/job/PreCommit-HIVE-TRUNK-Build/4389/testReport&quot; class=&quot;external-link&quot; rel=&quot;nofollow&quot;&gt;http://ec2-174-129-184-35.compute-1.amazonaws.com/jenkins/job/PreCommit-HIVE-TRUNK-Build/4389/testReport&lt;/a&gt;&lt;br/&gt;
Console output: &lt;a href=&quot;http://ec2-174-129-184-35.compute-1.amazonaws.com/jenkins/job/PreCommit-HIVE-TRUNK-Build/4389/console&quot; class=&quot;external-link&quot; rel=&quot;nofollow&quot;&gt;http://ec2-174-129-184-35.compute-1.amazonaws.com/jenkins/job/PreCommit-HIVE-TRUNK-Build/4389/console&lt;/a&gt;&lt;br/&gt;
Test logs: &lt;a href=&quot;http://ec2-174-129-184-35.compute-1.amazonaws.com/logs/PreCommit-HIVE-TRUNK-Build-4389/&quot; class=&quot;external-link&quot; rel=&quot;nofollow&quot;&gt;http://ec2-174-129-184-35.compute-1.amazonaws.com/logs/PreCommit-HIVE-TRUNK-Build-4389/&lt;/a&gt;&lt;/p&gt;

&lt;p&gt;Messages:&lt;/p&gt;
&lt;div class=&quot;preformatted panel&quot; style=&quot;border-width: 1px;&quot;&gt;&lt;div class=&quot;preformattedContent panelContent&quot;&gt;
&lt;pre&gt;Executing org.apache.hive.ptest.execution.PrepPhase
Executing org.apache.hive.ptest.execution.ExecutionPhase
Executing org.apache.hive.ptest.execution.ReportingPhase
Tests exited with: TestsFailedException: 1 tests failed
&lt;/pre&gt;
&lt;/div&gt;&lt;/div&gt;

&lt;p&gt;This message is automatically generated.&lt;/p&gt;

&lt;p&gt;ATTACHMENT ID: 12741934 - PreCommit-HIVE-TRUNK-Build&lt;/p&gt;</comment>
                            <comment id="14602895" author="aihuaxu" created="Fri, 26 Jun 2015 13:46:51 +0000"  >&lt;p&gt;It&apos;s caused by the patch, in which the order of the default &quot;public&quot; role is put in the front. I will switch back.&lt;/p&gt;</comment>
                            <comment id="14603237" author="aihuaxu" created="Fri, 26 Jun 2015 17:22:05 +0000"  >&lt;p&gt;Fixed the code change which causes the unit test failure.&lt;/p&gt;</comment>
                            <comment id="14603259" author="aihuaxu" created="Fri, 26 Jun 2015 17:31:50 +0000"  >&lt;p&gt;&lt;a href=&quot;https://issues.apache.org/jira/secure/ViewProfile.jspa?name=thejas&quot; class=&quot;user-hover&quot; rel=&quot;thejas&quot;&gt;Thejas M Nair&lt;/a&gt;, &lt;a href=&quot;https://issues.apache.org/jira/secure/ViewProfile.jspa?name=xuefuz&quot; class=&quot;user-hover&quot; rel=&quot;xuefuz&quot;&gt;Xuefu Zhang&lt;/a&gt;, &lt;a href=&quot;https://issues.apache.org/jira/secure/ViewProfile.jspa?name=ctang.ma&quot; class=&quot;user-hover&quot; rel=&quot;ctang.ma&quot;&gt;Chaoyu Tang&lt;/a&gt;, could you please review the code? &lt;/p&gt;</comment>
                            <comment id="14603712" author="hiveqa" created="Fri, 26 Jun 2015 22:32:53 +0000"  >

&lt;p&gt;&lt;font color=&quot;green&quot;&gt;Overall&lt;/font&gt;: +1 all checks pass&lt;/p&gt;

&lt;p&gt;Here are the results of testing the latest attachment:&lt;br/&gt;
&lt;a href=&quot;https://issues.apache.org/jira/secure/attachment/12742160/HIVE-10895.3.patch&quot; class=&quot;external-link&quot; rel=&quot;nofollow&quot;&gt;https://issues.apache.org/jira/secure/attachment/12742160/HIVE-10895.3.patch&lt;/a&gt;&lt;/p&gt;

&lt;p&gt;&lt;font color=&quot;green&quot;&gt;SUCCESS:&lt;/font&gt; +1 9032 tests passed&lt;/p&gt;

&lt;p&gt;Test results: &lt;a href=&quot;http://ec2-174-129-184-35.compute-1.amazonaws.com/jenkins/job/PreCommit-HIVE-TRUNK-Build/4400/testReport&quot; class=&quot;external-link&quot; rel=&quot;nofollow&quot;&gt;http://ec2-174-129-184-35.compute-1.amazonaws.com/jenkins/job/PreCommit-HIVE-TRUNK-Build/4400/testReport&lt;/a&gt;&lt;br/&gt;
Console output: &lt;a href=&quot;http://ec2-174-129-184-35.compute-1.amazonaws.com/jenkins/job/PreCommit-HIVE-TRUNK-Build/4400/console&quot; class=&quot;external-link&quot; rel=&quot;nofollow&quot;&gt;http://ec2-174-129-184-35.compute-1.amazonaws.com/jenkins/job/PreCommit-HIVE-TRUNK-Build/4400/console&lt;/a&gt;&lt;br/&gt;
Test logs: &lt;a href=&quot;http://ec2-174-129-184-35.compute-1.amazonaws.com/logs/PreCommit-HIVE-TRUNK-Build-4400/&quot; class=&quot;external-link&quot; rel=&quot;nofollow&quot;&gt;http://ec2-174-129-184-35.compute-1.amazonaws.com/logs/PreCommit-HIVE-TRUNK-Build-4400/&lt;/a&gt;&lt;/p&gt;

&lt;p&gt;Messages:&lt;/p&gt;
&lt;div class=&quot;preformatted panel&quot; style=&quot;border-width: 1px;&quot;&gt;&lt;div class=&quot;preformattedContent panelContent&quot;&gt;
&lt;pre&gt;Executing org.apache.hive.ptest.execution.PrepPhase
Executing org.apache.hive.ptest.execution.ExecutionPhase
Executing org.apache.hive.ptest.execution.ReportingPhase
&lt;/pre&gt;
&lt;/div&gt;&lt;/div&gt;

&lt;p&gt;This message is automatically generated.&lt;/p&gt;

&lt;p&gt;ATTACHMENT ID: 12742160 - PreCommit-HIVE-TRUNK-Build&lt;/p&gt;</comment>
                            <comment id="14605538" author="vgumashta" created="Mon, 29 Jun 2015 12:24:35 +0000"  >&lt;p&gt;&lt;a href=&quot;https://issues.apache.org/jira/secure/ViewProfile.jspa?name=aihuaxu&quot; class=&quot;user-hover&quot; rel=&quot;aihuaxu&quot;&gt;Aihua Xu&lt;/a&gt; I&apos;ll be able to look at the patch today. Thanks for the effort.&lt;/p&gt;</comment>
                            <comment id="14605541" author="vgumashta" created="Mon, 29 Jun 2015 12:27:04 +0000"  >&lt;p&gt;&lt;a href=&quot;https://issues.apache.org/jira/secure/ViewProfile.jspa?name=aihuaxu&quot; class=&quot;user-hover&quot; rel=&quot;aihuaxu&quot;&gt;Aihua Xu&lt;/a&gt; Were you able to reproduce the db leak at your end? In our setup, when we used oracle as the metastore db, we saw oracle running out of cursors. I&apos;ll try to run the patch through that system test as well. &lt;/p&gt;</comment>
                            <comment id="14605667" author="aihuaxu" created="Mon, 29 Jun 2015 14:25:16 +0000"  >&lt;p&gt;Really appreciate it if you can review the code, give it  a test so that we can move it forward &lt;a href=&quot;https://issues.apache.org/jira/secure/ViewProfile.jspa?name=vgumashta&quot; class=&quot;user-hover&quot; rel=&quot;vgumashta&quot;&gt;Vaibhav Gumashta&lt;/a&gt;.  Actually the customers are seeing the &quot;out of cursors&quot; in the production. I&apos;m trying to repro locally (not able to repro yet). It would be great if you can try out on the test system.  &lt;/p&gt;</comment>
                            <comment id="14605894" author="ctang.ma" created="Mon, 29 Jun 2015 16:58:19 +0000"  >&lt;p&gt;&lt;a href=&quot;https://issues.apache.org/jira/secure/ViewProfile.jspa?name=aihuaxu&quot; class=&quot;user-hover&quot; rel=&quot;aihuaxu&quot;&gt;Aihua Xu&lt;/a&gt; I left some comments on RB.&lt;/p&gt;</comment>
                            <comment id="14606099" author="thejas" created="Mon, 29 Jun 2015 18:42:51 +0000"  >&lt;p&gt;&lt;a href=&quot;https://issues.apache.org/jira/secure/ViewProfile.jspa?name=aihuaxu&quot; class=&quot;user-hover&quot; rel=&quot;aihuaxu&quot;&gt;Aihua Xu&lt;/a&gt; Are those users also seeing the failures when Oracle is used as the metastore database ? In the internal testing at Hortonworks, we have seen it only with Oracle.&lt;br/&gt;
This happens in our concurrency test suite, where many queries are hitting HS2 in parallel.&lt;/p&gt;</comment>
                            <comment id="14606129" author="aihuaxu" created="Mon, 29 Jun 2015 18:53:02 +0000"  >&lt;p&gt;&lt;a href=&quot;https://issues.apache.org/jira/secure/ViewProfile.jspa?name=thejas&quot; class=&quot;user-hover&quot; rel=&quot;thejas&quot;&gt;Thejas M Nair&lt;/a&gt; Yes. Those users are all using Oracle as the metastore database.  &lt;/p&gt;</comment>
                            <comment id="14608286" author="aihuaxu" created="Tue, 30 Jun 2015 13:42:37 +0000"  >&lt;p&gt;Address feedback by fixing some possible leaks in MetastoredirectSql class.&lt;/p&gt;</comment>
                            <comment id="14608850" author="sershe" created="Tue, 30 Jun 2015 18:45:35 +0000"  >&lt;p&gt;nit: patch appears to add tabs&lt;/p&gt;</comment>
                            <comment id="14609120" author="hiveqa" created="Tue, 30 Jun 2015 21:35:59 +0000"  >

&lt;p&gt;&lt;font color=&quot;red&quot;&gt;Overall&lt;/font&gt;: -1 at least one tests failed&lt;/p&gt;

&lt;p&gt;Here are the results of testing the latest attachment:&lt;br/&gt;
&lt;a href=&quot;https://issues.apache.org/jira/secure/attachment/12742829/HIVE-10895.3.patch&quot; class=&quot;external-link&quot; rel=&quot;nofollow&quot;&gt;https://issues.apache.org/jira/secure/attachment/12742829/HIVE-10895.3.patch&lt;/a&gt;&lt;/p&gt;

&lt;p&gt;&lt;font color=&quot;red&quot;&gt;ERROR:&lt;/font&gt; -1 due to 1 failed/errored test(s), 9017 tests executed&lt;br/&gt;
&lt;b&gt;Failed tests:&lt;/b&gt;&lt;/p&gt;
&lt;div class=&quot;preformatted panel&quot; style=&quot;border-width: 1px;&quot;&gt;&lt;div class=&quot;preformattedContent panelContent&quot;&gt;
&lt;pre&gt;TestParseNegative - did not produce a TEST-*.xml file
&lt;/pre&gt;
&lt;/div&gt;&lt;/div&gt;

&lt;p&gt;Test results: &lt;a href=&quot;http://ec2-174-129-184-35.compute-1.amazonaws.com/jenkins/job/PreCommit-HIVE-TRUNK-Build/4447/testReport&quot; class=&quot;external-link&quot; rel=&quot;nofollow&quot;&gt;http://ec2-174-129-184-35.compute-1.amazonaws.com/jenkins/job/PreCommit-HIVE-TRUNK-Build/4447/testReport&lt;/a&gt;&lt;br/&gt;
Console output: &lt;a href=&quot;http://ec2-174-129-184-35.compute-1.amazonaws.com/jenkins/job/PreCommit-HIVE-TRUNK-Build/4447/console&quot; class=&quot;external-link&quot; rel=&quot;nofollow&quot;&gt;http://ec2-174-129-184-35.compute-1.amazonaws.com/jenkins/job/PreCommit-HIVE-TRUNK-Build/4447/console&lt;/a&gt;&lt;br/&gt;
Test logs: &lt;a href=&quot;http://ec2-174-129-184-35.compute-1.amazonaws.com/logs/PreCommit-HIVE-TRUNK-Build-4447/&quot; class=&quot;external-link&quot; rel=&quot;nofollow&quot;&gt;http://ec2-174-129-184-35.compute-1.amazonaws.com/logs/PreCommit-HIVE-TRUNK-Build-4447/&lt;/a&gt;&lt;/p&gt;

&lt;p&gt;Messages:&lt;/p&gt;
&lt;div class=&quot;preformatted panel&quot; style=&quot;border-width: 1px;&quot;&gt;&lt;div class=&quot;preformattedContent panelContent&quot;&gt;
&lt;pre&gt;Executing org.apache.hive.ptest.execution.PrepPhase
Executing org.apache.hive.ptest.execution.ExecutionPhase
Executing org.apache.hive.ptest.execution.ReportingPhase
Tests exited with: TestsFailedException: 1 tests failed
&lt;/pre&gt;
&lt;/div&gt;&lt;/div&gt;

&lt;p&gt;This message is automatically generated.&lt;/p&gt;

&lt;p&gt;ATTACHMENT ID: 12742829 - PreCommit-HIVE-TRUNK-Build&lt;/p&gt;</comment>
                            <comment id="14611340" author="ctang.ma" created="Thu, 2 Jul 2015 02:19:45 +0000"  >&lt;p&gt;&lt;a href=&quot;https://issues.apache.org/jira/secure/ViewProfile.jspa?name=aihuaxu&quot; class=&quot;user-hover&quot; rel=&quot;aihuaxu&quot;&gt;Aihua Xu&lt;/a&gt; Patch looks good to me except the nits that Sergey mentioned. I wonder if &lt;a href=&quot;https://issues.apache.org/jira/secure/ViewProfile.jspa?name=vgumashta&quot; class=&quot;user-hover&quot; rel=&quot;vgumashta&quot;&gt;Vaibhav Gumashta&lt;/a&gt; had a chance to run his tests to verify it could resolve his issue as well.&lt;/p&gt;</comment>
                            <comment id="14611952" author="aihuaxu" created="Thu, 2 Jul 2015 13:29:20 +0000"  >&lt;p&gt;&lt;a href=&quot;https://issues.apache.org/jira/secure/ViewProfile.jspa?name=ctang.ma&quot; class=&quot;user-hover&quot; rel=&quot;ctang.ma&quot;&gt;Chaoyu Tang&lt;/a&gt; and &lt;a href=&quot;https://issues.apache.org/jira/secure/ViewProfile.jspa?name=sershe&quot; class=&quot;user-hover&quot; rel=&quot;sershe&quot;&gt;Sergey Shelukhin&lt;/a&gt;. I double checked the patch. Those are not &quot;tab&quot; but some extra spaces when formatting the string. &lt;/p&gt;</comment>
                            <comment id="14611977" author="ctang.ma" created="Thu, 2 Jul 2015 13:49:15 +0000"  >&lt;p&gt;+1&lt;/p&gt;</comment>
                            <comment id="14614773" author="vgumashta" created="Mon, 6 Jul 2015 09:30:21 +0000"  >&lt;p&gt;&lt;a href=&quot;https://issues.apache.org/jira/secure/ViewProfile.jspa?name=aihuaxu&quot; class=&quot;user-hover&quot; rel=&quot;aihuaxu&quot;&gt;Aihua Xu&lt;/a&gt; I&apos;m back to work. Will review and try your patch today. &lt;/p&gt;</comment>
                            <comment id="14614833" author="vgumashta" created="Mon, 6 Jul 2015 10:22:50 +0000"  >&lt;p&gt;+1 on the patch. Tests will take few hrs to report results. &lt;/p&gt;</comment>
                            <comment id="14616666" author="aihuaxu" created="Tue, 7 Jul 2015 13:10:44 +0000"  >&lt;p&gt;Thanks &lt;a href=&quot;https://issues.apache.org/jira/secure/ViewProfile.jspa?name=vgumashta&quot; class=&quot;user-hover&quot; rel=&quot;vgumashta&quot;&gt;Vaibhav Gumashta&lt;/a&gt; for doing the testing.&lt;/p&gt;</comment>
                            <comment id="14616674" author="vgumashta" created="Tue, 7 Jul 2015 13:16:16 +0000"  >&lt;p&gt;&lt;a href=&quot;https://issues.apache.org/jira/secure/ViewProfile.jspa?name=aihuaxu&quot; class=&quot;user-hover&quot; rel=&quot;aihuaxu&quot;&gt;Aihua Xu&lt;/a&gt; I&apos;ll need one more day to report the status of the tests. Thanks for your patience.&lt;/p&gt;</comment>
                            <comment id="14618087" author="vgumashta" created="Wed, 8 Jul 2015 06:50:21 +0000"  >&lt;p&gt;&lt;a href=&quot;https://issues.apache.org/jira/secure/ViewProfile.jspa?name=aihuaxu&quot; class=&quot;user-hover&quot; rel=&quot;aihuaxu&quot;&gt;Aihua Xu&lt;/a&gt; Although the tests are still running (I fired a run that will go on for multiple days), we have not seen any failure yet. Typically in past, we would have hit the cursor issue by now. So looks like we&apos;re all good. I&apos;ll commit this shortly.&lt;/p&gt;</comment>
                            <comment id="14618098" author="vgumashta" created="Wed, 8 Jul 2015 06:55:51 +0000"  >&lt;p&gt;&lt;a href=&quot;https://issues.apache.org/jira/secure/ViewProfile.jspa?name=aihuaxu&quot; class=&quot;user-hover&quot; rel=&quot;aihuaxu&quot;&gt;Aihua Xu&lt;/a&gt; The patch (.3) does not apply cleanly. Can you check?&lt;/p&gt;</comment>
                            <comment id="14618631" author="aihuaxu" created="Wed, 8 Jul 2015 14:07:43 +0000"  >&lt;p&gt;&lt;a href=&quot;https://issues.apache.org/jira/secure/ViewProfile.jspa?name=vgumashta&quot; class=&quot;user-hover&quot; rel=&quot;vgumashta&quot;&gt;Vaibhav Gumashta&lt;/a&gt; ObjectStore.java seems to have been changed after the patch unload. Let me regenerate the patch.&lt;/p&gt;</comment>
                            <comment id="14618685" author="aihuaxu" created="Wed, 8 Jul 2015 14:29:16 +0000"  >&lt;p&gt;&lt;a href=&quot;https://issues.apache.org/jira/secure/ViewProfile.jspa?name=vgumashta&quot; class=&quot;user-hover&quot; rel=&quot;vgumashta&quot;&gt;Vaibhav Gumashta&lt;/a&gt; Please commit the new .3 patch. I just regenerated with the new code. Thanks.&lt;/p&gt;</comment>
                            <comment id="14619343" author="hiveqa" created="Wed, 8 Jul 2015 20:48:04 +0000"  >

&lt;p&gt;&lt;font color=&quot;red&quot;&gt;Overall&lt;/font&gt;: -1 no tests executed&lt;/p&gt;

&lt;p&gt;Here are the results of testing the latest attachment:&lt;br/&gt;
&lt;a href=&quot;https://issues.apache.org/jira/secure/attachment/12744223/HIVE-10895.3.patch&quot; class=&quot;external-link&quot; rel=&quot;nofollow&quot;&gt;https://issues.apache.org/jira/secure/attachment/12744223/HIVE-10895.3.patch&lt;/a&gt;&lt;/p&gt;

&lt;p&gt;Test results: &lt;a href=&quot;http://ec2-174-129-184-35.compute-1.amazonaws.com/jenkins/job/PreCommit-HIVE-TRUNK-Build/4540/testReport&quot; class=&quot;external-link&quot; rel=&quot;nofollow&quot;&gt;http://ec2-174-129-184-35.compute-1.amazonaws.com/jenkins/job/PreCommit-HIVE-TRUNK-Build/4540/testReport&lt;/a&gt;&lt;br/&gt;
Console output: &lt;a href=&quot;http://ec2-174-129-184-35.compute-1.amazonaws.com/jenkins/job/PreCommit-HIVE-TRUNK-Build/4540/console&quot; class=&quot;external-link&quot; rel=&quot;nofollow&quot;&gt;http://ec2-174-129-184-35.compute-1.amazonaws.com/jenkins/job/PreCommit-HIVE-TRUNK-Build/4540/console&lt;/a&gt;&lt;br/&gt;
Test logs: &lt;a href=&quot;http://ec2-174-129-184-35.compute-1.amazonaws.com/logs/PreCommit-HIVE-TRUNK-Build-4540/&quot; class=&quot;external-link&quot; rel=&quot;nofollow&quot;&gt;http://ec2-174-129-184-35.compute-1.amazonaws.com/logs/PreCommit-HIVE-TRUNK-Build-4540/&lt;/a&gt;&lt;/p&gt;

&lt;p&gt;Messages:&lt;/p&gt;
&lt;div class=&quot;preformatted panel&quot; style=&quot;border-width: 1px;&quot;&gt;&lt;div class=&quot;preformattedContent panelContent&quot;&gt;
&lt;pre&gt;Executing org.apache.hive.ptest.execution.PrepPhase
Tests exited with: NonZeroExitCodeException
Command &apos;bash /data/hive-ptest/working/scratch/source-prep.sh&apos; failed with exit status 1 and output &apos;+ [[ -n /usr/java/jdk1.7.0_45-cloudera ]]
+ export JAVA_HOME=/usr/java/jdk1.7.0_45-cloudera
+ JAVA_HOME=/usr/java/jdk1.7.0_45-cloudera
+ export PATH=/usr/java/jdk1.7.0_45-cloudera/bin/:/usr/local/apache-maven-3.0.5/bin:/usr/java/jdk1.7.0_45-cloudera/bin:/usr/local/apache-ant-1.9.1/bin:/usr/local/bin:/bin:/usr/bin:/usr/local/sbin:/usr/sbin:/sbin:/home/hiveptest/bin
+ PATH=/usr/java/jdk1.7.0_45-cloudera/bin/:/usr/local/apache-maven-3.0.5/bin:/usr/java/jdk1.7.0_45-cloudera/bin:/usr/local/apache-ant-1.9.1/bin:/usr/local/bin:/bin:/usr/bin:/usr/local/sbin:/usr/sbin:/sbin:/home/hiveptest/bin
+ export &apos;ANT_OPTS=-Xmx1g -XX:MaxPermSize=256m &apos;
+ ANT_OPTS=&apos;-Xmx1g -XX:MaxPermSize=256m &apos;
+ export &apos;M2_OPTS=-Xmx1g -XX:MaxPermSize=256m -Dhttp.proxyHost=localhost -Dhttp.proxyPort=3128&apos;
+ M2_OPTS=&apos;-Xmx1g -XX:MaxPermSize=256m -Dhttp.proxyHost=localhost -Dhttp.proxyPort=3128&apos;
+ cd /data/hive-ptest/working/
+ tee /data/hive-ptest/logs/PreCommit-HIVE-TRUNK-Build-4540/source-prep.txt
+ [[ false == \t\r\u\e ]]
+ mkdir -p maven ivy
+ [[ git = \s\v\n ]]
+ [[ git = \g\i\t ]]
+ [[ -z master ]]
+ [[ -d apache-github-source-source ]]
+ [[ ! -d apache-github-source-source/.git ]]
+ [[ ! -d apache-github-source-source ]]
+ cd apache-github-source-source
+ git fetch origin
+ git reset --hard HEAD
HEAD is now at f6ea8cb HIVE-10927 : Add number of HMS/HS2 connection metrics (Szehon, reviewed by Jimmy Xiang)
+ git clean -f -d
Removing hplsql/src/test/
+ git checkout master
Already on &apos;master&apos;
+ git reset --hard origin/master
HEAD is now at f6ea8cb HIVE-10927 : Add number of HMS/HS2 connection metrics (Szehon, reviewed by Jimmy Xiang)
+ git merge --ff-only origin/master
Already up-to-date.
+ git gc
+ patchCommandPath=/data/hive-ptest/working/scratch/smart-apply-patch.sh
+ patchFilePath=/data/hive-ptest/working/scratch/build.patch
+ [[ -f /data/hive-ptest/working/scratch/build.patch ]]
+ chmod +x /data/hive-ptest/working/scratch/smart-apply-patch.sh
+ /data/hive-ptest/working/scratch/smart-apply-patch.sh /data/hive-ptest/working/scratch/build.patch
The patch does not appear to apply with p0, p1, or p2
+ exit 1
&apos;
&lt;/pre&gt;
&lt;/div&gt;&lt;/div&gt;

&lt;p&gt;This message is automatically generated.&lt;/p&gt;

&lt;p&gt;ATTACHMENT ID: 12744223 - PreCommit-HIVE-TRUNK-Build&lt;/p&gt;</comment>
                            <comment id="14619381" author="aihuaxu" created="Wed, 8 Jul 2015 21:15:39 +0000"  >&lt;p&gt;ObjectStore was updated again to cause the conflict. Regenerated the .3 patch. &lt;/p&gt;</comment>
                            <comment id="14619983" author="hiveqa" created="Thu, 9 Jul 2015 06:22:40 +0000"  >

&lt;p&gt;&lt;font color=&quot;green&quot;&gt;Overall&lt;/font&gt;: +1 all checks pass&lt;/p&gt;

&lt;p&gt;Here are the results of testing the latest attachment:&lt;br/&gt;
&lt;a href=&quot;https://issues.apache.org/jira/secure/attachment/12744331/HIVE-10895.3.patch&quot; class=&quot;external-link&quot; rel=&quot;nofollow&quot;&gt;https://issues.apache.org/jira/secure/attachment/12744331/HIVE-10895.3.patch&lt;/a&gt;&lt;/p&gt;

&lt;p&gt;&lt;font color=&quot;green&quot;&gt;SUCCESS:&lt;/font&gt; +1 9143 tests passed&lt;/p&gt;

&lt;p&gt;Test results: &lt;a href=&quot;http://ec2-174-129-184-35.compute-1.amazonaws.com/jenkins/job/PreCommit-HIVE-TRUNK-Build/4547/testReport&quot; class=&quot;external-link&quot; rel=&quot;nofollow&quot;&gt;http://ec2-174-129-184-35.compute-1.amazonaws.com/jenkins/job/PreCommit-HIVE-TRUNK-Build/4547/testReport&lt;/a&gt;&lt;br/&gt;
Console output: &lt;a href=&quot;http://ec2-174-129-184-35.compute-1.amazonaws.com/jenkins/job/PreCommit-HIVE-TRUNK-Build/4547/console&quot; class=&quot;external-link&quot; rel=&quot;nofollow&quot;&gt;http://ec2-174-129-184-35.compute-1.amazonaws.com/jenkins/job/PreCommit-HIVE-TRUNK-Build/4547/console&lt;/a&gt;&lt;br/&gt;
Test logs: &lt;a href=&quot;http://ec2-174-129-184-35.compute-1.amazonaws.com/logs/PreCommit-HIVE-TRUNK-Build-4547/&quot; class=&quot;external-link&quot; rel=&quot;nofollow&quot;&gt;http://ec2-174-129-184-35.compute-1.amazonaws.com/logs/PreCommit-HIVE-TRUNK-Build-4547/&lt;/a&gt;&lt;/p&gt;

&lt;p&gt;Messages:&lt;/p&gt;
&lt;div class=&quot;preformatted panel&quot; style=&quot;border-width: 1px;&quot;&gt;&lt;div class=&quot;preformattedContent panelContent&quot;&gt;
&lt;pre&gt;Executing org.apache.hive.ptest.execution.PrepPhase
Executing org.apache.hive.ptest.execution.ExecutionPhase
Executing org.apache.hive.ptest.execution.ReportingPhase
&lt;/pre&gt;
&lt;/div&gt;&lt;/div&gt;

&lt;p&gt;This message is automatically generated.&lt;/p&gt;

&lt;p&gt;ATTACHMENT ID: 12744331 - PreCommit-HIVE-TRUNK-Build&lt;/p&gt;</comment>
                            <comment id="14620733" author="aihuaxu" created="Thu, 9 Jul 2015 15:55:20 +0000"  >&lt;p&gt;&lt;a href=&quot;https://issues.apache.org/jira/secure/ViewProfile.jspa?name=vgumashta&quot; class=&quot;user-hover&quot; rel=&quot;vgumashta&quot;&gt;Vaibhav Gumashta&lt;/a&gt; Can you help commit the patch? &lt;/p&gt;</comment>
                            <comment id="14620743" author="vgumashta" created="Thu, 9 Jul 2015 16:02:41 +0000"  >&lt;p&gt;Was waiting for a precommit run. Looks good, will commit it in few mins. &lt;/p&gt;</comment>
                            <comment id="14620886" author="vgumashta" created="Thu, 9 Jul 2015 17:26:05 +0000"  >&lt;p&gt;Patch committed to master and branch-1. Thanks for the work &lt;a href=&quot;https://issues.apache.org/jira/secure/ViewProfile.jspa?name=aihuaxu&quot; class=&quot;user-hover&quot; rel=&quot;aihuaxu&quot;&gt;Aihua Xu&lt;/a&gt;.&lt;/p&gt;</comment>
                            <comment id="14620897" author="aihuaxu" created="Thu, 9 Jul 2015 17:32:27 +0000"  >&lt;p&gt;Thanks &lt;a href=&quot;https://issues.apache.org/jira/secure/ViewProfile.jspa?name=vgumashta&quot; class=&quot;user-hover&quot; rel=&quot;vgumashta&quot;&gt;Vaibhav Gumashta&lt;/a&gt;. Most are from your work. &lt;img class=&quot;emoticon&quot; src=&quot;https://issues.apache.org/jira/images/icons/emoticons/smile.gif&quot; height=&quot;16&quot; width=&quot;16&quot; align=&quot;absmiddle&quot; alt=&quot;&quot; border=&quot;0&quot;/&gt;&lt;/p&gt;</comment>
                    </comments>
                <issuelinks>
                            <issuelinktype id="12310000">
                    <name>Duplicate</name>
                                            <outwardlinks description="duplicates">
                                        <issuelink>
            <issuekey id="12838180">HIVE-11021</issuekey>
        </issuelink>
                            </outwardlinks>
                                                        </issuelinktype>
                    </issuelinks>
                <attachments>
                            <attachment id="12737036" name="HIVE-10895.1.patch" size="124248" author="vgumashta" created="Tue, 2 Jun 2015 23:08:05 +0000"/>
                            <attachment id="12741627" name="HIVE-10895.2.patch" size="136998" author="aihuaxu" created="Wed, 24 Jun 2015 15:10:52 +0000"/>
                            <attachment id="12744331" name="HIVE-10895.3.patch" size="164333" author="aihuaxu" created="Wed, 8 Jul 2015 21:14:48 +0000"/>
                    </attachments>
                <subtasks>
                    </subtasks>
                <customfields>
                                                <customfield id="customfield_12310310" key="com.atlassian.jira.toolkit:attachments">
                        <customfieldname>Attachment count</customfieldname>
                        <customfieldvalues>
                            <customfieldvalue>3.0</customfieldvalue>
                        </customfieldvalues>
                    </customfield>
                                                                                                                                                                                                                                                                                                                                                                                                                                                                                                                                <customfield id="customfield_12310220" key="com.atlassian.jira.ext.charting:firstresponsedate">
                        <customfieldname>Date of First Response</customfieldname>
                        <customfieldvalues>
                            <customfieldvalue>Tue, 2 Jun 2015 23:47:37 +0000</customfieldvalue>

                        </customfieldvalues>
                    </customfield>
                                                                                                                                                                                                                                                                                                                                                                                                                                            <customfield id="customfield_12310420" key="com.pyxis.greenhopper.jira:gh-global-rank">
                        <customfieldname>Global Rank</customfieldname>
                        <customfieldvalues>
                            <customfieldvalue>9223372036854775807</customfieldvalue>
                        </customfieldvalues>
                    </customfield>
                                                                                                                                                    <customfield id="customfield_12312521" key="com.atlassian.jira.toolkit:LastCommentDate">
                        <customfieldname>Last public comment date</customfieldname>
                        <customfieldvalues>
                            1 year, 21 weeks, 2 days ago
                        </customfieldvalues>
                    </customfield>
                                                                                            <customfield id="customfield_12311820" key="com.pyxis.greenhopper.jira:gh-lexo-rank">
                        <customfieldname>Rank</customfieldname>
                        <customfieldvalues>
                            <customfieldvalue>0|i2fj7r:</customfieldvalue>

                        </customfieldvalues>
                    </customfield>
                                                                <customfield id="customfield_12310920" key="com.pyxis.greenhopper.jira:gh-global-rank">
                        <customfieldname>Rank (Obsolete)</customfieldname>
                        <customfieldvalues>
                            <customfieldvalue>9223372036854775807</customfieldvalue>
                        </customfieldvalues>
                    </customfield>
                                                                                                                                                                                                                                                                                                                            <customfield id="customfield_12310222" key="com.atlassian.jira.ext.charting:timeinstatus">
                        <customfieldname>Time in Status</customfieldname>
                        <customfieldvalues>
                            
                        </customfieldvalues>
                    </customfield>
                                                                                                                        </customfields>
    </item>
</channel>
</rss>