<!-- 
RSS generated by JIRA (6.3.4#6332-sha1:51bc225ef474afe3128b2f66878477f322397b16) at Sat Dec 03 23:32:13 UTC 2016

It is possible to restrict the fields that are returned in this document by specifying the 'field' parameter in your request.
For example, to request only the issue key and summary add field=key&field=summary to the URL of your request.
For example:
https://issues.apache.org/jira/si/jira.issueviews:issue-xml/HIVE-11622/HIVE-11622.xml?field=key&amp;field=summary
-->
<rss version="0.92" >
<channel>
    <title>ASF JIRA</title>
    <link>https://issues.apache.org/jira</link>
    <description>This file is an XML representation of an issue</description>
    <language>en-uk</language>    <build-info>
        <version>6.3.4</version>
        <build-number>6332</build-number>
        <build-date>15-08-2014</build-date>
    </build-info>

<item>
            <title>[HIVE-11622] Creating an Avro table with a complex map-typed column leads to incorrect column type.</title>
                <link>https://issues.apache.org/jira/browse/HIVE-11622</link>
                <project id="12310843" key="HIVE">Hive</project>
                    <description>&lt;p&gt;In the following CREATE TABLE the following map-typed column leads to the wrong type. I suspect some problem with inferring the Avro schema from the column definitions, but I am not sure.&lt;/p&gt;

&lt;p&gt;Reproduction:&lt;/p&gt;
&lt;div class=&quot;code panel&quot; style=&quot;border-width: 1px;&quot;&gt;&lt;div class=&quot;codeContent panelContent&quot;&gt;
&lt;pre class=&quot;code-java&quot;&gt;
hive&amp;gt; create table t (c map&amp;lt;string,array&amp;lt;&lt;span class=&quot;code-object&quot;&gt;int&lt;/span&gt;&amp;gt;&amp;gt;) stored as avro;
OK
Time taken: 0.101 seconds
hive&amp;gt; desc t;
OK
c                   	array&amp;lt;map&amp;lt;string,&lt;span class=&quot;code-object&quot;&gt;int&lt;/span&gt;&amp;gt;&amp;gt;	from deserializer   
Time taken: 0.135 seconds, Fetched: 1 row(s)
&lt;/pre&gt;
&lt;/div&gt;&lt;/div&gt;

&lt;p&gt;Note how the type shown in DESCRIBE is not the type originally passed in the CREATE TABLE.&lt;/p&gt;

&lt;p&gt;However, &lt;b&gt;sometimes&lt;/b&gt; the DESCRIBE shows the correct output. You may also try these steps which produce a similar problem to increase the chance of hitting this issue:&lt;/p&gt;

&lt;div class=&quot;code panel&quot; style=&quot;border-width: 1px;&quot;&gt;&lt;div class=&quot;codeContent panelContent&quot;&gt;
&lt;pre class=&quot;code-java&quot;&gt;
hive&amp;gt; create table t (c array&amp;lt;map&amp;lt;string,&lt;span class=&quot;code-object&quot;&gt;int&lt;/span&gt;&amp;gt;&amp;gt;) stored as avro;
OK
Time taken: 0.063 seconds
hive&amp;gt; desc t;
OK
c                   	map&amp;lt;string,array&amp;lt;&lt;span class=&quot;code-object&quot;&gt;int&lt;/span&gt;&amp;gt;&amp;gt;	from deserializer   
Time taken: 0.152 seconds, Fetched: 1 row(s)
&lt;/pre&gt;
&lt;/div&gt;&lt;/div&gt;</description>
                <environment></environment>
        <key id="12858034">HIVE-11622</key>
            <summary>Creating an Avro table with a complex map-typed column leads to incorrect column type.</summary>
                <type id="1" iconUrl="https://issues.apache.org/jira/images/icons/issuetypes/bug.png">Bug</type>
                                            <priority id="3" iconUrl="https://issues.apache.org/jira/images/icons/priorities/major.png">Major</priority>
                        <status id="5" iconUrl="https://issues.apache.org/jira/images/icons/statuses/resolved.png" description="A resolution has been taken, and it is awaiting verification by reporter. From here issues are either reopened, or are closed.">Resolved</status>
                    <statusCategory id="3" key="done" colorName="green"/>
                                    <resolution id="3">Duplicate</resolution>
                                        <assignee username="jxiang">Jimmy Xiang</assignee>
                                    <reporter username="alex.behm">Alexander Behm</reporter>
                        <labels>
                            <label>AvroSerde</label>
                    </labels>
                <created>Sat, 22 Aug 2015 06:06:04 +0000</created>
                <updated>Mon, 24 Aug 2015 22:53:00 +0000</updated>
                            <resolved>Mon, 24 Aug 2015 22:53:00 +0000</resolved>
                                    <version>1.1.0</version>
                                                    <component>Database/Schema</component>
                        <due></due>
                            <votes>0</votes>
                                    <watches>3</watches>
                                                                <comments>
                            <comment id="14710215" author="jxiang" created="Mon, 24 Aug 2015 22:53:00 +0000"  >&lt;p&gt;This is a duplicate of &lt;a href=&quot;https://issues.apache.org/jira/browse/HIVE-11288&quot; title=&quot;Avro SerDe InstanceCache returns incorrect schema&quot; class=&quot;issue-link&quot; data-issue-key=&quot;HIVE-11288&quot;&gt;&lt;del&gt;HIVE-11288&lt;/del&gt;&lt;/a&gt; which is already fixed. Thanks.&lt;/p&gt;</comment>
                    </comments>
                    <attachments>
                    </attachments>
                <subtasks>
                    </subtasks>
                <customfields>
                                                <customfield id="customfield_12310310" key="com.atlassian.jira.toolkit:attachments">
                        <customfieldname>Attachment count</customfieldname>
                        <customfieldvalues>
                            <customfieldvalue>0.0</customfieldvalue>
                        </customfieldvalues>
                    </customfield>
                                                                                                                                                                                                                                                                                                                                                                                                                                                                                                                                <customfield id="customfield_12310220" key="com.atlassian.jira.ext.charting:firstresponsedate">
                        <customfieldname>Date of First Response</customfieldname>
                        <customfieldvalues>
                            <customfieldvalue>Mon, 24 Aug 2015 22:53:00 +0000</customfieldvalue>

                        </customfieldvalues>
                    </customfield>
                                                                                                                                                                                                                                                                                                                                                                                                                                            <customfield id="customfield_12310420" key="com.pyxis.greenhopper.jira:gh-global-rank">
                        <customfieldname>Global Rank</customfieldname>
                        <customfieldvalues>
                            <customfieldvalue>9223372036854775807</customfieldvalue>
                        </customfieldvalues>
                    </customfield>
                                                                                                                                                    <customfield id="customfield_12312521" key="com.atlassian.jira.toolkit:LastCommentDate">
                        <customfieldname>Last public comment date</customfieldname>
                        <customfieldvalues>
                            1 year, 14 weeks, 5 days ago
                        </customfieldvalues>
                    </customfield>
                                                                                            <customfield id="customfield_12311820" key="com.pyxis.greenhopper.jira:gh-lexo-rank">
                        <customfieldname>Rank</customfieldname>
                        <customfieldvalues>
                            <customfieldvalue>0|i2j8q7:</customfieldvalue>

                        </customfieldvalues>
                    </customfield>
                                                                <customfield id="customfield_12310920" key="com.pyxis.greenhopper.jira:gh-global-rank">
                        <customfieldname>Rank (Obsolete)</customfieldname>
                        <customfieldvalues>
                            <customfieldvalue>9223372036854775807</customfieldvalue>
                        </customfieldvalues>
                    </customfield>
                                                                                                                                                                                                                                                                                                                            <customfield id="customfield_12310222" key="com.atlassian.jira.ext.charting:timeinstatus">
                        <customfieldname>Time in Status</customfieldname>
                        <customfieldvalues>
                            
                        </customfieldvalues>
                    </customfield>
                                                                                                                        </customfields>
    </item>
</channel>
</rss>