<!-- 
RSS generated by JIRA (6.3.4#6332-sha1:51bc225ef474afe3128b2f66878477f322397b16) at Sat Dec 03 00:25:53 UTC 2016

It is possible to restrict the fields that are returned in this document by specifying the 'field' parameter in your request.
For example, to request only the issue key and summary add field=key&field=summary to the URL of your request.
For example:
https://issues.apache.org/jira/si/jira.issueviews:issue-xml/HIVE-2292/HIVE-2292.xml?field=key&amp;field=summary
-->
<rss version="0.92" >
<channel>
    <title>ASF JIRA</title>
    <link>https://issues.apache.org/jira</link>
    <description>This file is an XML representation of an issue</description>
    <language>en-uk</language>    <build-info>
        <version>6.3.4</version>
        <build-number>6332</build-number>
        <build-date>15-08-2014</build-date>
    </build-info>

<item>
            <title>[HIVE-2292] Comment clause should immediately follow identifier field in CREATE DATABASE statement</title>
                <link>https://issues.apache.org/jira/browse/HIVE-2292</link>
                <project id="12310843" key="HIVE">Hive</project>
                    <description></description>
                <environment></environment>
        <key id="12514719">HIVE-2292</key>
            <summary>Comment clause should immediately follow identifier field in CREATE DATABASE statement</summary>
                <type id="1" iconUrl="https://issues.apache.org/jira/images/icons/issuetypes/bug.png">Bug</type>
                                            <priority id="3" iconUrl="https://issues.apache.org/jira/images/icons/priorities/major.png">Major</priority>
                        <status id="6" iconUrl="https://issues.apache.org/jira/images/icons/statuses/closed.png" description="The issue is considered finished, the resolution is correct. Issues which are closed can be reopened.">Closed</status>
                    <statusCategory id="3" key="done" colorName="green"/>
                                    <resolution id="1">Fixed</resolution>
                                        <assignee username="cwsteinbach">Carl Steinbach</assignee>
                                    <reporter username="cwsteinbach">Carl Steinbach</reporter>
                        <labels>
                    </labels>
                <created>Tue, 19 Jul 2011 22:28:24 +0000</created>
                <updated>Fri, 16 Dec 2011 23:56:35 +0000</updated>
                            <resolved>Mon, 1 Aug 2011 09:14:35 +0000</resolved>
                                                    <fixVersion>0.8.0</fixVersion>
                                    <component>SQL</component>
                        <due></due>
                            <votes>0</votes>
                                    <watches>0</watches>
                                                                <comments>
                            <comment id="13068052" author="cwsteinbach" created="Tue, 19 Jul 2011 23:07:57 +0000"  >&lt;p&gt;&lt;a href=&quot;https://issues.apache.org/jira/browse/HIVE-1537&quot; title=&quot;Allow users to specify LOCATION in CREATE DATABASE statement&quot; class=&quot;issue-link&quot; data-issue-key=&quot;HIVE-1537&quot;&gt;&lt;del&gt;HIVE-1537&lt;/del&gt;&lt;/a&gt; added an optional LOCATION clause to the CREATE DATABASE statement, but the ordering of the COMMENT and LOCATION clauses is not consistent with the CREATE TABLE and CREATE VIEW statements:&lt;/p&gt;

&lt;div class=&quot;code panel&quot; style=&quot;border-width: 1px;&quot;&gt;&lt;div class=&quot;codeContent panelContent&quot;&gt;
&lt;pre class=&quot;code-java&quot;&gt;
CREATE DATABASE [IF NOT EXISTS] db_name
[LOCATION hdfs_path]
[COMMENT comment]
...

CREATE TABLE [IF NOT EXISTS] tb_name
[COMMENT comment]
...
[LOCATION hdfs_path]

CREATE VIEW [IF NOT EXISTS] vw_name
[COMMENT]
...
&lt;/pre&gt;
&lt;/div&gt;&lt;/div&gt;

&lt;p&gt;The syntax of the CREATE DATABASE statement should be modified so that the COMMENT clause immediately follows the db_name field.&lt;/p&gt;</comment>
                            <comment id="13069675" author="jiraposter@reviews.apache.org" created="Fri, 22 Jul 2011 18:52:58 +0000"  >
&lt;p&gt;-----------------------------------------------------------&lt;br/&gt;
This is an automatically generated e-mail. To reply, visit:&lt;br/&gt;
&lt;a href=&quot;https://reviews.apache.org/r/1186/&quot; class=&quot;external-link&quot; rel=&quot;nofollow&quot;&gt;https://reviews.apache.org/r/1186/&lt;/a&gt;&lt;br/&gt;
-----------------------------------------------------------&lt;/p&gt;

&lt;p&gt;Review request for hive.&lt;/p&gt;


&lt;p&gt;Summary&lt;br/&gt;
-------&lt;/p&gt;

&lt;p&gt;Review for &lt;a href=&quot;https://issues.apache.org/jira/browse/HIVE-2292&quot; title=&quot;Comment clause should immediately follow identifier field in CREATE DATABASE statement&quot; class=&quot;issue-link&quot; data-issue-key=&quot;HIVE-2292&quot;&gt;&lt;del&gt;HIVE-2292&lt;/del&gt;&lt;/a&gt;.&lt;/p&gt;


&lt;p&gt;This addresses bug &lt;a href=&quot;https://issues.apache.org/jira/browse/HIVE-2292&quot; title=&quot;Comment clause should immediately follow identifier field in CREATE DATABASE statement&quot; class=&quot;issue-link&quot; data-issue-key=&quot;HIVE-2292&quot;&gt;&lt;del&gt;HIVE-2292&lt;/del&gt;&lt;/a&gt;.&lt;br/&gt;
    &lt;a href=&quot;https://issues.apache.org/jira/browse/HIVE-2292&quot; class=&quot;external-link&quot; rel=&quot;nofollow&quot;&gt;https://issues.apache.org/jira/browse/HIVE-2292&lt;/a&gt;&lt;/p&gt;


&lt;p&gt;Diffs&lt;/p&gt;
&lt;hr /&gt;

&lt;p&gt;  ql/src/java/org/apache/hadoop/hive/ql/parse/Hive.g 3a6d0a6 &lt;br/&gt;
  ql/src/test/queries/clientpositive/database_location.q ac8687f &lt;br/&gt;
  ql/src/test/results/clientpositive/database_location.q.out a09f5a2 &lt;/p&gt;

&lt;p&gt;Diff: &lt;a href=&quot;https://reviews.apache.org/r/1186/diff&quot; class=&quot;external-link&quot; rel=&quot;nofollow&quot;&gt;https://reviews.apache.org/r/1186/diff&lt;/a&gt;&lt;/p&gt;


&lt;p&gt;Testing&lt;br/&gt;
-------&lt;/p&gt;


&lt;p&gt;Thanks,&lt;/p&gt;

&lt;p&gt;Carl&lt;/p&gt;
</comment>
                            <comment id="13073435" author="amareshwari" created="Mon, 1 Aug 2011 04:50:05 +0000"  >&lt;p&gt;Running tests with patch, &lt;a href=&quot;https://issues.apache.org/jira/browse/HIVE-2292&quot; title=&quot;Comment clause should immediately follow identifier field in CREATE DATABASE statement&quot; class=&quot;issue-link&quot; data-issue-key=&quot;HIVE-2292&quot;&gt;&lt;del&gt;HIVE-2292&lt;/del&gt;&lt;/a&gt;.1.patch.txt. Will commit once tests pass.&lt;/p&gt;</comment>
                            <comment id="13073436" author="jiraposter@reviews.apache.org" created="Mon, 1 Aug 2011 04:51:09 +0000"  >
&lt;p&gt;-----------------------------------------------------------&lt;br/&gt;
This is an automatically generated e-mail. To reply, visit:&lt;br/&gt;
&lt;a href=&quot;https://reviews.apache.org/r/1186/#review1245&quot; class=&quot;external-link&quot; rel=&quot;nofollow&quot;&gt;https://reviews.apache.org/r/1186/#review1245&lt;/a&gt;&lt;br/&gt;
-----------------------------------------------------------&lt;/p&gt;

&lt;p&gt;Ship it!&lt;/p&gt;


&lt;p&gt;+1&lt;/p&gt;

&lt;ul class=&quot;alternate&quot; type=&quot;square&quot;&gt;
	&lt;li&gt;Amareshwari&lt;/li&gt;
&lt;/ul&gt;



&lt;p&gt;On 2011-07-22 18:52:07, Carl Steinbach wrote:&lt;/p&gt;
&lt;blockquote&gt;&lt;p&gt;&lt;/p&gt;&lt;/blockquote&gt;
&lt;blockquote&gt;&lt;p&gt;-----------------------------------------------------------&lt;/p&gt;&lt;/blockquote&gt;
&lt;blockquote&gt;&lt;p&gt;This is an automatically generated e-mail. To reply, visit:&lt;/p&gt;&lt;/blockquote&gt;
&lt;blockquote&gt;&lt;p&gt;&lt;a href=&quot;https://reviews.apache.org/r/1186/&quot; class=&quot;external-link&quot; rel=&quot;nofollow&quot;&gt;https://reviews.apache.org/r/1186/&lt;/a&gt;&lt;/p&gt;&lt;/blockquote&gt;
&lt;blockquote&gt;&lt;p&gt;-----------------------------------------------------------&lt;/p&gt;&lt;/blockquote&gt;
&lt;blockquote&gt;&lt;p&gt;&lt;/p&gt;&lt;/blockquote&gt;
&lt;blockquote&gt;&lt;p&gt;(Updated 2011-07-22 18:52:07)&lt;/p&gt;&lt;/blockquote&gt;
&lt;blockquote&gt;&lt;p&gt;&lt;/p&gt;&lt;/blockquote&gt;
&lt;blockquote&gt;&lt;p&gt;&lt;/p&gt;&lt;/blockquote&gt;
&lt;blockquote&gt;&lt;p&gt;Review request for hive.&lt;/p&gt;&lt;/blockquote&gt;
&lt;blockquote&gt;&lt;p&gt;&lt;/p&gt;&lt;/blockquote&gt;
&lt;blockquote&gt;&lt;p&gt;&lt;/p&gt;&lt;/blockquote&gt;
&lt;blockquote&gt;&lt;p&gt;Summary&lt;/p&gt;&lt;/blockquote&gt;
&lt;blockquote&gt;&lt;p&gt;-------&lt;/p&gt;&lt;/blockquote&gt;
&lt;blockquote&gt;&lt;p&gt;&lt;/p&gt;&lt;/blockquote&gt;
&lt;blockquote&gt;&lt;p&gt;Review for &lt;a href=&quot;https://issues.apache.org/jira/browse/HIVE-2292&quot; title=&quot;Comment clause should immediately follow identifier field in CREATE DATABASE statement&quot; class=&quot;issue-link&quot; data-issue-key=&quot;HIVE-2292&quot;&gt;&lt;del&gt;HIVE-2292&lt;/del&gt;&lt;/a&gt;.&lt;/p&gt;&lt;/blockquote&gt;
&lt;blockquote&gt;&lt;p&gt;&lt;/p&gt;&lt;/blockquote&gt;
&lt;blockquote&gt;&lt;p&gt;&lt;/p&gt;&lt;/blockquote&gt;
&lt;blockquote&gt;&lt;p&gt;This addresses bug &lt;a href=&quot;https://issues.apache.org/jira/browse/HIVE-2292&quot; title=&quot;Comment clause should immediately follow identifier field in CREATE DATABASE statement&quot; class=&quot;issue-link&quot; data-issue-key=&quot;HIVE-2292&quot;&gt;&lt;del&gt;HIVE-2292&lt;/del&gt;&lt;/a&gt;.&lt;/p&gt;&lt;/blockquote&gt;
&lt;blockquote&gt;&lt;p&gt;&lt;a href=&quot;https://issues.apache.org/jira/browse/HIVE-2292&quot; class=&quot;external-link&quot; rel=&quot;nofollow&quot;&gt;https://issues.apache.org/jira/browse/HIVE-2292&lt;/a&gt;&lt;/p&gt;&lt;/blockquote&gt;
&lt;blockquote&gt;&lt;p&gt;&lt;/p&gt;&lt;/blockquote&gt;
&lt;blockquote&gt;&lt;p&gt;&lt;/p&gt;&lt;/blockquote&gt;
&lt;blockquote&gt;&lt;p&gt;Diffs&lt;/p&gt;&lt;/blockquote&gt;
&lt;blockquote&gt;&lt;p&gt;-----&lt;/p&gt;&lt;/blockquote&gt;
&lt;blockquote&gt;&lt;p&gt;&lt;/p&gt;&lt;/blockquote&gt;
&lt;blockquote&gt;&lt;p&gt;ql/src/java/org/apache/hadoop/hive/ql/parse/Hive.g 3a6d0a6 &lt;/p&gt;&lt;/blockquote&gt;
&lt;blockquote&gt;&lt;p&gt;ql/src/test/queries/clientpositive/database_location.q ac8687f &lt;/p&gt;&lt;/blockquote&gt;
&lt;blockquote&gt;&lt;p&gt;ql/src/test/results/clientpositive/database_location.q.out a09f5a2 &lt;/p&gt;&lt;/blockquote&gt;
&lt;blockquote&gt;&lt;p&gt;&lt;/p&gt;&lt;/blockquote&gt;
&lt;blockquote&gt;&lt;p&gt;Diff: &lt;a href=&quot;https://reviews.apache.org/r/1186/diff&quot; class=&quot;external-link&quot; rel=&quot;nofollow&quot;&gt;https://reviews.apache.org/r/1186/diff&lt;/a&gt;&lt;/p&gt;&lt;/blockquote&gt;
&lt;blockquote&gt;&lt;p&gt;&lt;/p&gt;&lt;/blockquote&gt;
&lt;blockquote&gt;&lt;p&gt;&lt;/p&gt;&lt;/blockquote&gt;
&lt;blockquote&gt;&lt;p&gt;Testing&lt;/p&gt;&lt;/blockquote&gt;
&lt;blockquote&gt;&lt;p&gt;-------&lt;/p&gt;&lt;/blockquote&gt;
&lt;blockquote&gt;&lt;p&gt;&lt;/p&gt;&lt;/blockquote&gt;
&lt;blockquote&gt;&lt;p&gt;&lt;/p&gt;&lt;/blockquote&gt;
&lt;blockquote&gt;&lt;p&gt;Thanks,&lt;/p&gt;&lt;/blockquote&gt;
&lt;blockquote&gt;&lt;p&gt;&lt;/p&gt;&lt;/blockquote&gt;
&lt;blockquote&gt;&lt;p&gt;Carl&lt;/p&gt;&lt;/blockquote&gt;
&lt;blockquote&gt;&lt;p&gt;&lt;/p&gt;&lt;/blockquote&gt;
&lt;blockquote&gt;&lt;p&gt;&lt;/p&gt;&lt;/blockquote&gt;
</comment>
                            <comment id="13073469" author="amareshwari" created="Mon, 1 Aug 2011 09:14:35 +0000"  >&lt;p&gt;I just committed this. Thanks Carl !&lt;/p&gt;</comment>
                            <comment id="13073548" author="hudson" created="Mon, 1 Aug 2011 14:13:41 +0000"  >&lt;p&gt;Integrated in Hive-trunk-h0.21 #863 (See &lt;a href=&quot;https://builds.apache.org/job/Hive-trunk-h0.21/863/&quot; class=&quot;external-link&quot; rel=&quot;nofollow&quot;&gt;https://builds.apache.org/job/Hive-trunk-h0.21/863/&lt;/a&gt;)&lt;br/&gt;
    &lt;a href=&quot;https://issues.apache.org/jira/browse/HIVE-2292&quot; title=&quot;Comment clause should immediately follow identifier field in CREATE DATABASE statement&quot; class=&quot;issue-link&quot; data-issue-key=&quot;HIVE-2292&quot;&gt;&lt;del&gt;HIVE-2292&lt;/del&gt;&lt;/a&gt;. Comment clause should immediately follow identifier field in CREATE DATABASE statement. Contributed by Carl Steinbach&lt;/p&gt;

&lt;p&gt;amareshwari : &lt;a href=&quot;http://svn.apache.org/viewcvs.cgi/?root=Apache-SVN&amp;amp;view=rev&amp;amp;rev=1152709&quot; class=&quot;external-link&quot; rel=&quot;nofollow&quot;&gt;http://svn.apache.org/viewcvs.cgi/?root=Apache-SVN&amp;amp;view=rev&amp;amp;rev=1152709&lt;/a&gt;&lt;br/&gt;
Files : &lt;/p&gt;
&lt;ul&gt;
	&lt;li&gt;/hive/trunk/ql/src/test/results/clientpositive/database_location.q.out&lt;/li&gt;
	&lt;li&gt;/hive/trunk/ql/src/test/queries/clientpositive/database_location.q&lt;/li&gt;
	&lt;li&gt;/hive/trunk/ql/src/java/org/apache/hadoop/hive/ql/parse/Hive.g&lt;/li&gt;
&lt;/ul&gt;
</comment>
                    </comments>
                <issuelinks>
                            <issuelinktype id="10030">
                    <name>Reference</name>
                                                                <inwardlinks description="is related to">
                                        <issuelink>
            <issuekey id="12471484">HIVE-1537</issuekey>
        </issuelink>
                            </inwardlinks>
                                    </issuelinktype>
                    </issuelinks>
                <attachments>
                            <attachment id="12487464" name="HIVE-2292.1.patch.txt" size="8243" author="cwsteinbach" created="Fri, 22 Jul 2011 18:50:54 +0000"/>
                    </attachments>
                <subtasks>
                    </subtasks>
                <customfields>
                                                <customfield id="customfield_12310310" key="com.atlassian.jira.toolkit:attachments">
                        <customfieldname>Attachment count</customfieldname>
                        <customfieldvalues>
                            <customfieldvalue>1.0</customfieldvalue>
                        </customfieldvalues>
                    </customfield>
                                                                                                                                                                                                                                                                                                                                                                                                                                                                                                                                <customfield id="customfield_12310220" key="com.atlassian.jira.ext.charting:firstresponsedate">
                        <customfieldname>Date of First Response</customfieldname>
                        <customfieldvalues>
                            <customfieldvalue>Fri, 22 Jul 2011 18:52:58 +0000</customfieldvalue>

                        </customfieldvalues>
                    </customfield>
                                                                                                                                                                                                                                                                                                                                                                                                                                            <customfield id="customfield_12310420" key="com.pyxis.greenhopper.jira:gh-global-rank">
                        <customfieldname>Global Rank</customfieldname>
                        <customfieldvalues>
                            <customfieldvalue>43510</customfieldvalue>
                        </customfieldvalues>
                    </customfield>
                                                                <customfield id="customfield_12310191" key="com.atlassian.jira.plugin.system.customfieldtypes:multicheckboxes">
                        <customfieldname>Hadoop Flags</customfieldname>
                        <customfieldvalues>
                                <customfieldvalue key="10343"><![CDATA[Reviewed]]></customfieldvalue>
    
                        </customfieldvalues>
                    </customfield>
                                                                                                                        <customfield id="customfield_12312521" key="com.atlassian.jira.toolkit:LastCommentDate">
                        <customfieldname>Last public comment date</customfieldname>
                        <customfieldvalues>
                            5 years, 18 weeks, 4 days ago
                        </customfieldvalues>
                    </customfield>
                                                                                            <customfield id="customfield_12311820" key="com.pyxis.greenhopper.jira:gh-lexo-rank">
                        <customfieldname>Rank</customfieldname>
                        <customfieldvalues>
                            <customfieldvalue>0|i0ljc7:</customfieldvalue>

                        </customfieldvalues>
                    </customfield>
                                                                <customfield id="customfield_12310920" key="com.pyxis.greenhopper.jira:gh-global-rank">
                        <customfieldname>Rank (Obsolete)</customfieldname>
                        <customfieldvalues>
                            <customfieldvalue>123783</customfieldvalue>
                        </customfieldvalues>
                    </customfield>
                                                                                                                                                                                                                                                                                                                            <customfield id="customfield_12310222" key="com.atlassian.jira.ext.charting:timeinstatus">
                        <customfieldname>Time in Status</customfieldname>
                        <customfieldvalues>
                            
                        </customfieldvalues>
                    </customfield>
                                                                                                                        </customfields>
    </item>
</channel>
</rss>