<!-- 
RSS generated by JIRA (6.3.4#6332-sha1:51bc225ef474afe3128b2f66878477f322397b16) at Sat Dec 03 23:27:07 UTC 2016

It is possible to restrict the fields that are returned in this document by specifying the 'field' parameter in your request.
For example, to request only the issue key and summary add field=key&field=summary to the URL of your request.
For example:
https://issues.apache.org/jira/si/jira.issueviews:issue-xml/HIVE-8592/HIVE-8592.xml?field=key&amp;field=summary
-->
<rss version="0.92" >
<channel>
    <title>ASF JIRA</title>
    <link>https://issues.apache.org/jira</link>
    <description>This file is an XML representation of an issue</description>
    <language>en-uk</language>    <build-info>
        <version>6.3.4</version>
        <build-number>6332</build-number>
        <build-date>15-08-2014</build-date>
    </build-info>

<item>
            <title>[HIVE-8592] 0 values convert to null if casting to or inserting to Hive DECIMAL where precision and scale are the same</title>
                <link>https://issues.apache.org/jira/browse/HIVE-8592</link>
                <project id="12310843" key="HIVE">Hive</project>
                    <description>&lt;p&gt;I am trying to load zero values into Hive Decimal fields into a Hive table where the precision and scale are defined as the same e.g. DECIMAL(1,1) or DECIMAL(3,3) etc...&lt;br/&gt;
However every time I run a hive ql insert statement to do this containing zero values or run a LOAD DATA command to load a text file of data containing zero values to these columns / fields, on performing a query on the table, these zero values are displayed and treated as NULL values.&lt;br/&gt;
On further investigation, I was able to narrow the problem down to doing simple selects with casts. See example and output from Hive below. So attempting to do a cast for 0 or 0.0 or &apos;.0&apos; to DECIMAL(1,1) NULL is returned instead of 0. This is the same for precisions 1-38 where the scale is also the same&lt;br/&gt;
If there is a work around for this then please let me know. Thanks!&lt;/p&gt;

&lt;p&gt;hive&amp;gt; select cast(&apos;.0&apos; as DECIMAL(1,1)), cast(&apos;0.0&apos; as DECIMAL(1,1)), cast(&apos;0&apos; as DECIMAL(1,1)), cast(0 as DECIMAL(1,1)), cast(0.0 as DECIMAL(1,1));&lt;br/&gt;
Query ID = xxxxxxx_20141024140000_e4dfdcc1-e4ad-4f84-bd48-198e29fd3757&lt;br/&gt;
Total jobs = 1&lt;br/&gt;
Launching Job 1 out of 1&lt;br/&gt;
Number of reduce tasks is set to 0 since there&apos;s no reduce operator&lt;br/&gt;
Starting Job = job_1413470329106_0052, Tracking URL = &lt;a href=&quot;http://hdp8:8088/proxy/application_1413470329106_0052/&quot; class=&quot;external-link&quot; rel=&quot;nofollow&quot;&gt;http://hdp8:8088/proxy/application_1413470329106_0052/&lt;/a&gt;&lt;br/&gt;
Kill Command = /usr/lib/hadoop/bin/hadoop job  -kill job_1413470329106_0052&lt;br/&gt;
Hadoop job information for Stage-1: number of mappers: 1; number of reducers: 0&lt;br/&gt;
2014-10-24 14:01:10,256 Stage-1 map = 0%,  reduce = 0%&lt;br/&gt;
2014-10-24 14:01:27,644 Stage-1 map = 100%,  reduce = 0%, Cumulative CPU 6.51 sec&lt;br/&gt;
MapReduce Total cumulative CPU time: 6 seconds 510 msec&lt;br/&gt;
Ended Job = job_1413470329106_0052&lt;br/&gt;
MapReduce Jobs Launched: &lt;br/&gt;
Job 0: Map: 1   Cumulative CPU: 6.51 sec   HDFS Read: 269 HDFS Write: 15 SUCCESS&lt;br/&gt;
Total MapReduce CPU Time Spent: 6 seconds 510 msec&lt;br/&gt;
OK&lt;br/&gt;
NULL    NULL    NULL    NULL    NULL&lt;br/&gt;
Time taken: 36.281 seconds, Fetched: 1 row(s)&lt;/p&gt;










</description>
                <environment>&lt;p&gt;Running Apache Hive version 0.13.0 using HortonWorks 2.1.2.1 with hadoop version 2.4.0.2.1.2.1-471, on Linux operating system centos5 (also occurs on centos6)&lt;/p&gt;</environment>
        <key id="12750343">HIVE-8592</key>
            <summary>0 values convert to null if casting to or inserting to Hive DECIMAL where precision and scale are the same</summary>
                <type id="1" iconUrl="https://issues.apache.org/jira/images/icons/issuetypes/bug.png">Bug</type>
                                            <priority id="3" iconUrl="https://issues.apache.org/jira/images/icons/priorities/major.png">Major</priority>
                        <status id="5" iconUrl="https://issues.apache.org/jira/images/icons/statuses/resolved.png" description="A resolution has been taken, and it is awaiting verification by reporter. From here issues are either reopened, or are closed.">Resolved</status>
                    <statusCategory id="3" key="done" colorName="green"/>
                                    <resolution id="3">Duplicate</resolution>
                                        <assignee username="-1">Unassigned</assignee>
                                    <reporter username="aidan_semple">Aidan Semple</reporter>
                        <labels>
                    </labels>
                <created>Fri, 24 Oct 2014 13:10:04 +0000</created>
                <updated>Fri, 24 Oct 2014 14:14:06 +0000</updated>
                            <resolved>Fri, 24 Oct 2014 14:14:06 +0000</resolved>
                                    <version>0.13.0</version>
                                    <fixVersion>0.13.0</fixVersion>
                                    <component>Database/Schema</component>
                    <component>SQL</component>
                        <due></due>
                            <votes>0</votes>
                                    <watches>2</watches>
                                                                <comments>
                            <comment id="14182810" author="xuefuz" created="Fri, 24 Oct 2014 14:14:06 +0000"  >&lt;p&gt;Dupe of &lt;a href=&quot;https://issues.apache.org/jira/browse/HIVE-8559&quot; title=&quot;DECIMAL field can not store 0 if precision = scale&quot; class=&quot;issue-link&quot; data-issue-key=&quot;HIVE-8559&quot;&gt;&lt;del&gt;HIVE-8559&lt;/del&gt;&lt;/a&gt;.&lt;/p&gt;</comment>
                    </comments>
                    <attachments>
                    </attachments>
                <subtasks>
                    </subtasks>
                <customfields>
                                                <customfield id="customfield_12310310" key="com.atlassian.jira.toolkit:attachments">
                        <customfieldname>Attachment count</customfieldname>
                        <customfieldvalues>
                            <customfieldvalue>0.0</customfieldvalue>
                        </customfieldvalues>
                    </customfield>
                                                                                                                                                                                                                                                                                                                                                                                                                                                                                                                                <customfield id="customfield_12310220" key="com.atlassian.jira.ext.charting:firstresponsedate">
                        <customfieldname>Date of First Response</customfieldname>
                        <customfieldvalues>
                            <customfieldvalue>Fri, 24 Oct 2014 14:14:06 +0000</customfieldvalue>

                        </customfieldvalues>
                    </customfield>
                                                                                                                                                                                                                                                                                                                                                                                                                                            <customfield id="customfield_12310420" key="com.pyxis.greenhopper.jira:gh-global-rank">
                        <customfieldname>Global Rank</customfieldname>
                        <customfieldvalues>
                            <customfieldvalue>9223372036854775807</customfieldvalue>
                        </customfieldvalues>
                    </customfield>
                                                                                                                                                    <customfield id="customfield_12312521" key="com.atlassian.jira.toolkit:LastCommentDate">
                        <customfieldname>Last public comment date</customfieldname>
                        <customfieldvalues>
                            2 years, 6 weeks, 1 day ago
                        </customfieldvalues>
                    </customfield>
                                                                                            <customfield id="customfield_12311820" key="com.pyxis.greenhopper.jira:gh-lexo-rank">
                        <customfieldname>Rank</customfieldname>
                        <customfieldvalues>
                            <customfieldvalue>0|i21jkf:</customfieldvalue>

                        </customfieldvalues>
                    </customfield>
                                                                <customfield id="customfield_12310920" key="com.pyxis.greenhopper.jira:gh-global-rank">
                        <customfieldname>Rank (Obsolete)</customfieldname>
                        <customfieldvalues>
                            <customfieldvalue>9223372036854775807</customfieldvalue>
                        </customfieldvalues>
                    </customfield>
                                                                                                                                                                                                                                                                                                                            <customfield id="customfield_12310222" key="com.atlassian.jira.ext.charting:timeinstatus">
                        <customfieldname>Time in Status</customfieldname>
                        <customfieldvalues>
                            
                        </customfieldvalues>
                    </customfield>
                                                                                                                        </customfields>
    </item>
</channel>
</rss>