<!-- 
RSS generated by JIRA (6.3.4#6332-sha1:51bc225ef474afe3128b2f66878477f322397b16) at Fri Dec 02 11:32:29 UTC 2016

It is possible to restrict the fields that are returned in this document by specifying the 'field' parameter in your request.
For example, to request only the issue key and summary add field=key&field=summary to the URL of your request.
For example:
https://issues.apache.org/jira/si/jira.issueviews:issue-xml/HIVE-13147/HIVE-13147.xml?field=key&amp;field=summary
-->
<rss version="0.92" >
<channel>
    <title>ASF JIRA</title>
    <link>https://issues.apache.org/jira</link>
    <description>This file is an XML representation of an issue</description>
    <language>en-uk</language>    <build-info>
        <version>6.3.4</version>
        <build-number>6332</build-number>
        <build-date>15-08-2014</build-date>
    </build-info>

<item>
            <title>[HIVE-13147] COLUMN_STATS_ACCURATE is not accurate</title>
                <link>https://issues.apache.org/jira/browse/HIVE-13147</link>
                <project id="12310843" key="HIVE">Hive</project>
                    <description>&lt;p&gt;Often we see on a described table:&lt;/p&gt;
&lt;div class=&quot;code panel&quot; style=&quot;border-width: 1px;&quot;&gt;&lt;div class=&quot;codeContent panelContent&quot;&gt;
&lt;pre class=&quot;code-java&quot;&gt;
Table Parameters:	NULL	NULL
18		COLUMN_STATS_ACCURATE	&lt;span class=&quot;code-keyword&quot;&gt;true&lt;/span&gt;                
19		numFiles            	1                   
20		numRows             	0                   
21		rawDataSize         	0                   
22		totalSize           	46069               
23		transient_lastDdlTime	1448930216          
&lt;/pre&gt;
&lt;/div&gt;&lt;/div&gt;

&lt;p&gt;Notice&lt;/p&gt;
&lt;div class=&quot;code panel&quot; style=&quot;border-width: 1px;&quot;&gt;&lt;div class=&quot;codeContent panelContent&quot;&gt;
&lt;pre class=&quot;code-java&quot;&gt;
20		numRows             	0                   
21		rawDataSize         	0       
&lt;/pre&gt;
&lt;/div&gt;&lt;/div&gt;
&lt;p&gt;are wrong.&lt;/p&gt;

&lt;p&gt;After doing an analyze we get:&lt;/p&gt;
&lt;div class=&quot;code panel&quot; style=&quot;border-width: 1px;&quot;&gt;&lt;div class=&quot;codeContent panelContent&quot;&gt;
&lt;pre class=&quot;code-java&quot;&gt;
Table Parameters:	NULL	NULL
18		COLUMN_STATS_ACCURATE	&lt;span class=&quot;code-keyword&quot;&gt;true&lt;/span&gt;                
19		numFiles            	1                   
20		numRows             	823                 
21		rawDataSize         	45246               
22		totalSize           	46069               
23		transient_lastDdlTime	1456338426 
&lt;/pre&gt;
&lt;/div&gt;&lt;/div&gt;</description>
                <environment></environment>
        <key id="12943034">HIVE-13147</key>
            <summary>COLUMN_STATS_ACCURATE is not accurate</summary>
                <type id="1" iconUrl="https://issues.apache.org/jira/images/icons/issuetypes/bug.png">Bug</type>
                                            <priority id="3" iconUrl="https://issues.apache.org/jira/images/icons/priorities/major.png">Major</priority>
                        <status id="5" iconUrl="https://issues.apache.org/jira/images/icons/statuses/resolved.png" description="A resolution has been taken, and it is awaiting verification by reporter. From here issues are either reopened, or are closed.">Resolved</status>
                    <statusCategory id="3" key="done" colorName="green"/>
                                    <resolution id="3">Duplicate</resolution>
                                        <assignee username="-1">Unassigned</assignee>
                                    <reporter username="romainr">Romain Rigaux</reporter>
                        <labels>
                    </labels>
                <created>Wed, 24 Feb 2016 18:31:37 +0000</created>
                <updated>Thu, 2 Jun 2016 10:11:47 +0000</updated>
                            <resolved>Thu, 25 Feb 2016 07:01:02 +0000</resolved>
                                    <version>1.2.0</version>
                                                        <due></due>
                            <votes>0</votes>
                                    <watches>2</watches>
                                                                <comments>
                            <comment id="15163557" author="ashutoshc" created="Wed, 24 Feb 2016 19:25:28 +0000"  >&lt;p&gt;This is fixed via &lt;a href=&quot;https://issues.apache.org/jira/browse/HIVE-12661&quot; title=&quot;StatsSetupConst.COLUMN_STATS_ACCURATE is not used correctly&quot; class=&quot;issue-link&quot; data-issue-key=&quot;HIVE-12661&quot;&gt;&lt;del&gt;HIVE-12661&lt;/del&gt;&lt;/a&gt; If you can still repro this on master, please provide a test case.&lt;/p&gt;</comment>
                            <comment id="15166649" author="pxiong" created="Thu, 25 Feb 2016 03:15:09 +0000"  >&lt;p&gt;I agree. &lt;img class=&quot;emoticon&quot; src=&quot;https://issues.apache.org/jira/images/icons/emoticons/smile.gif&quot; height=&quot;16&quot; width=&quot;16&quot; align=&quot;absmiddle&quot; alt=&quot;&quot; border=&quot;0&quot;/&gt;&lt;/p&gt;</comment>
                            <comment id="15166834" author="romainr" created="Thu, 25 Feb 2016 07:01:02 +0000"  >&lt;p&gt;Awesome, I was on 1.1, thanks again for the quick info!&lt;/p&gt;</comment>
                    </comments>
                <issuelinks>
                            <issuelinktype id="12310000">
                    <name>Duplicate</name>
                                                                <inwardlinks description="is duplicated by">
                                        <issuelink>
            <issuekey id="12921361">HIVE-12661</issuekey>
        </issuelink>
                            </inwardlinks>
                                    </issuelinktype>
                    </issuelinks>
                <attachments>
                    </attachments>
                <subtasks>
                    </subtasks>
                <customfields>
                                                <customfield id="customfield_12310310" key="com.atlassian.jira.toolkit:attachments">
                        <customfieldname>Attachment count</customfieldname>
                        <customfieldvalues>
                            <customfieldvalue>0.0</customfieldvalue>
                        </customfieldvalues>
                    </customfield>
                                                                                                                                                                                                                                                                                                                                                                                                                                                                                                                                <customfield id="customfield_12310220" key="com.atlassian.jira.ext.charting:firstresponsedate">
                        <customfieldname>Date of First Response</customfieldname>
                        <customfieldvalues>
                            <customfieldvalue>Wed, 24 Feb 2016 19:25:28 +0000</customfieldvalue>

                        </customfieldvalues>
                    </customfield>
                                                                                                                                                                                                                                                                                                                                                                                                                                            <customfield id="customfield_12310420" key="com.pyxis.greenhopper.jira:gh-global-rank">
                        <customfieldname>Global Rank</customfieldname>
                        <customfieldvalues>
                            <customfieldvalue>9223372036854775807</customfieldvalue>
                        </customfieldvalues>
                    </customfield>
                                                                                                                                                    <customfield id="customfield_12312521" key="com.atlassian.jira.toolkit:LastCommentDate">
                        <customfieldname>Last public comment date</customfieldname>
                        <customfieldvalues>
                            40 weeks, 1 day ago
                        </customfieldvalues>
                    </customfield>
                                                                                            <customfield id="customfield_12311820" key="com.pyxis.greenhopper.jira:gh-lexo-rank">
                        <customfieldname>Rank</customfieldname>
                        <customfieldvalues>
                            <customfieldvalue>0|i2thvz:</customfieldvalue>

                        </customfieldvalues>
                    </customfield>
                                                                <customfield id="customfield_12310920" key="com.pyxis.greenhopper.jira:gh-global-rank">
                        <customfieldname>Rank (Obsolete)</customfieldname>
                        <customfieldvalues>
                            <customfieldvalue>9223372036854775807</customfieldvalue>
                        </customfieldvalues>
                    </customfield>
                                                                                                                                                                                                                                                                                                                            <customfield id="customfield_12310222" key="com.atlassian.jira.ext.charting:timeinstatus">
                        <customfieldname>Time in Status</customfieldname>
                        <customfieldvalues>
                            
                        </customfieldvalues>
                    </customfield>
                                                                                                                        </customfields>
    </item>
</channel>
</rss>