<!-- 
RSS generated by JIRA (6.3.4#6332-sha1:51bc225ef474afe3128b2f66878477f322397b16) at Fri Dec 02 05:33:18 UTC 2016

It is possible to restrict the fields that are returned in this document by specifying the 'field' parameter in your request.
For example, to request only the issue key and summary add field=key&field=summary to the URL of your request.
For example:
https://issues.apache.org/jira/si/jira.issueviews:issue-xml/HIVE-12528/HIVE-12528.xml?field=key&amp;field=summary
-->
<rss version="0.92" >
<channel>
    <title>ASF JIRA</title>
    <link>https://issues.apache.org/jira</link>
    <description>This file is an XML representation of an issue</description>
    <language>en-uk</language>    <build-info>
        <version>6.3.4</version>
        <build-number>6332</build-number>
        <build-date>15-08-2014</build-date>
    </build-info>

<item>
            <title>[HIVE-12528] don&apos;t start HS2 Tez sessions in a single thread</title>
                <link>https://issues.apache.org/jira/browse/HIVE-12528</link>
                <project id="12310843" key="HIVE">Hive</project>
                    <description>&lt;p&gt;Starting sessions in parallel would improve the HS2 startup time.&lt;/p&gt;</description>
                <environment></environment>
        <key id="12916298">HIVE-12528</key>
            <summary>don&apos;t start HS2 Tez sessions in a single thread</summary>
                <type id="1" iconUrl="https://issues.apache.org/jira/images/icons/issuetypes/bug.png">Bug</type>
                                            <priority id="3" iconUrl="https://issues.apache.org/jira/images/icons/priorities/major.png">Major</priority>
                        <status id="6" iconUrl="https://issues.apache.org/jira/images/icons/statuses/closed.png" description="The issue is considered finished, the resolution is correct. Issues which are closed can be reopened.">Closed</status>
                    <statusCategory id="3" key="done" colorName="green"/>
                                    <resolution id="1">Fixed</resolution>
                                        <assignee username="sershe">Sergey Shelukhin</assignee>
                                    <reporter username="sershe">Sergey Shelukhin</reporter>
                        <labels>
                            <label>TODOC2.1</label>
                    </labels>
                <created>Wed, 25 Nov 2015 23:07:30 +0000</created>
                <updated>Tue, 21 Jun 2016 15:53:15 +0000</updated>
                            <resolved>Sat, 23 Jan 2016 00:04:57 +0000</resolved>
                                                    <fixVersion>2.1.0</fixVersion>
                                        <due></due>
                            <votes>0</votes>
                                    <watches>4</watches>
                                                                <comments>
                            <comment id="15027768" author="sershe" created="Wed, 25 Nov 2015 23:07:51 +0000"  >&lt;p&gt;&lt;a href=&quot;https://issues.apache.org/jira/secure/ViewProfile.jspa?name=gopalv&quot; class=&quot;user-hover&quot; rel=&quot;gopalv&quot;&gt;Gopal V&lt;/a&gt; &lt;a href=&quot;https://issues.apache.org/jira/secure/ViewProfile.jspa?name=sseth&quot; class=&quot;user-hover&quot; rel=&quot;sseth&quot;&gt;Siddharth Seth&lt;/a&gt; fyi&lt;/p&gt;</comment>
                            <comment id="15035190" author="sershe" created="Wed, 2 Dec 2015 03:14:28 +0000"  >&lt;p&gt;&lt;a href=&quot;https://issues.apache.org/jira/secure/ViewProfile.jspa?name=sseth&quot; class=&quot;user-hover&quot; rel=&quot;sseth&quot;&gt;Siddharth Seth&lt;/a&gt; &lt;a href=&quot;https://issues.apache.org/jira/secure/ViewProfile.jspa?name=hagleitn&quot; class=&quot;user-hover&quot; rel=&quot;hagleitn&quot;&gt;Gunther Hagleitner&lt;/a&gt; can you take a look? Note that this will start multiple tez apps in parallel (using different TezClient-s). &lt;/p&gt;</comment>
                            <comment id="15037310" author="hiveqa" created="Thu, 3 Dec 2015 05:54:55 +0000"  >

&lt;p&gt;Here are the results of testing the latest attachment:&lt;br/&gt;
&lt;a href=&quot;https://issues.apache.org/jira/secure/attachment/12775203/HIVE-12528.patch&quot; class=&quot;external-link&quot; rel=&quot;nofollow&quot;&gt;https://issues.apache.org/jira/secure/attachment/12775203/HIVE-12528.patch&lt;/a&gt;&lt;/p&gt;

&lt;p&gt;&lt;font color=&quot;red&quot;&gt;ERROR:&lt;/font&gt; -1 due to no test(s) being added or modified.&lt;/p&gt;

&lt;p&gt;&lt;font color=&quot;red&quot;&gt;ERROR:&lt;/font&gt; -1 due to 10 failed/errored test(s), 9861 tests executed&lt;br/&gt;
&lt;b&gt;Failed tests:&lt;/b&gt;&lt;/p&gt;
&lt;div class=&quot;preformatted panel&quot; style=&quot;border-width: 1px;&quot;&gt;&lt;div class=&quot;preformattedContent panelContent&quot;&gt;
&lt;pre&gt;TestHWISessionManager - did not produce a TEST-*.xml file
TestMiniTezCliDriver-vectorized_parquet.q-orc_merge6.q-vector_outer_join0.q-and-12-more - did not produce a TEST-*.xml file
org.apache.hadoop.hive.cli.TestCliDriver.testCliDriver_cbo_udf_max
org.apache.hadoop.hive.cli.TestMiniLlapCliDriver.testCliDriver_dynamic_partition_pruning
org.apache.hadoop.hive.cli.TestMiniLlapCliDriver.testCliDriver_vectorized_dynamic_partition_pruning
org.apache.hadoop.hive.cli.TestMiniTezCliDriver.testCliDriver_mergejoin
org.apache.hadoop.hive.cli.TestNegativeCliDriver.testNegativeCliDriver_authorization_uri_import
org.apache.hadoop.hive.metastore.TestHiveMetaStorePartitionSpecs.testGetPartitionSpecs_WithAndWithoutPartitionGrouping
org.apache.hadoop.hive.ql.exec.tez.TestTezSessionPool.testSessionPoolGetInOrder
org.apache.hive.jdbc.TestSSL.testSSLVersion
&lt;/pre&gt;
&lt;/div&gt;&lt;/div&gt;

&lt;p&gt;Test results: &lt;a href=&quot;http://ec2-174-129-184-35.compute-1.amazonaws.com/jenkins/job/PreCommit-HIVE-TRUNK-Build/6207/testReport&quot; class=&quot;external-link&quot; rel=&quot;nofollow&quot;&gt;http://ec2-174-129-184-35.compute-1.amazonaws.com/jenkins/job/PreCommit-HIVE-TRUNK-Build/6207/testReport&lt;/a&gt;&lt;br/&gt;
Console output: &lt;a href=&quot;http://ec2-174-129-184-35.compute-1.amazonaws.com/jenkins/job/PreCommit-HIVE-TRUNK-Build/6207/console&quot; class=&quot;external-link&quot; rel=&quot;nofollow&quot;&gt;http://ec2-174-129-184-35.compute-1.amazonaws.com/jenkins/job/PreCommit-HIVE-TRUNK-Build/6207/console&lt;/a&gt;&lt;br/&gt;
Test logs: &lt;a href=&quot;http://ec2-174-129-184-35.compute-1.amazonaws.com/logs/PreCommit-HIVE-TRUNK-Build-6207/&quot; class=&quot;external-link&quot; rel=&quot;nofollow&quot;&gt;http://ec2-174-129-184-35.compute-1.amazonaws.com/logs/PreCommit-HIVE-TRUNK-Build-6207/&lt;/a&gt;&lt;/p&gt;

&lt;p&gt;Messages:&lt;/p&gt;
&lt;div class=&quot;preformatted panel&quot; style=&quot;border-width: 1px;&quot;&gt;&lt;div class=&quot;preformattedContent panelContent&quot;&gt;
&lt;pre&gt;Executing org.apache.hive.ptest.execution.TestCheckPhase
Executing org.apache.hive.ptest.execution.PrepPhase
Executing org.apache.hive.ptest.execution.ExecutionPhase
Executing org.apache.hive.ptest.execution.ReportingPhase
Tests exited with: TestsFailedException: 10 tests failed
&lt;/pre&gt;
&lt;/div&gt;&lt;/div&gt;

&lt;p&gt;This message is automatically generated.&lt;/p&gt;

&lt;p&gt;ATTACHMENT ID: 12775203 - PreCommit-HIVE-TRUNK-Build&lt;/p&gt;</comment>
                            <comment id="15038468" author="sershe" created="Thu, 3 Dec 2015 19:49:10 +0000"  >&lt;p&gt;Not sure if MiniTez timeout is related, it could be. I will eventually test this on a cluster, and probably resubmit for HiveQA after review feedback.&lt;/p&gt;</comment>
                            <comment id="15052192" author="sseth" created="Fri, 11 Dec 2015 05:22:16 +0000"  >&lt;div class=&quot;code panel&quot; style=&quot;border-width: 1px;&quot;&gt;&lt;div class=&quot;codeContent panelContent&quot;&gt;
&lt;pre class=&quot;code-java&quot;&gt;
+    &lt;span class=&quot;code-keyword&quot;&gt;if&lt;/span&gt; (threadCount &amp;lt;= 1) {
+      &lt;span class=&quot;code-keyword&quot;&gt;for&lt;/span&gt; (&lt;span class=&quot;code-object&quot;&gt;int&lt;/span&gt; i = 0; i &amp;lt; blockingQueueLength; i++) {
+        &lt;span class=&quot;code-comment&quot;&gt;// The queue is FIFO, so &lt;span class=&quot;code-keyword&quot;&gt;if&lt;/span&gt; we cycle thru length items, we&apos;d start each session once.
&lt;/span&gt;+        startNextSessionFromQueue();
+      }
&lt;/pre&gt;
&lt;/div&gt;&lt;/div&gt;
&lt;p&gt;Replace with threadCount == 1 ?, and a precondition for the thredCount to not be below 1 ?&lt;/p&gt;

&lt;p&gt;The threads end up throwing a RuntimeException in case of an Error. This would otherwise have been caught by the HiveServer2 static initialization block. Is it now relying upon the default uncaught exception handler ? Would be better to propagate the exception upwards as it&apos;s done today (and maybe a CompletionService / ListeningExecutor with Callbacks)&lt;/p&gt;

&lt;div class=&quot;code panel&quot; style=&quot;border-width: 1px;&quot;&gt;&lt;div class=&quot;codeContent panelContent&quot;&gt;
&lt;pre class=&quot;code-java&quot;&gt;
/*
     *  with &lt;span class=&quot;code-keyword&quot;&gt;this&lt;/span&gt; the ordering of sessions in the queue will be (with 2 sessions 3 queues)
     *  s1q1, s1q2, s1q3, s2q1, s2q2, s2q3 there by ensuring uniform distribution of
     *  the sessions across queues at least to begin with. Then as sessions get freed up, the list
     *  may change &lt;span class=&quot;code-keyword&quot;&gt;this&lt;/span&gt; ordering.
     */
&lt;/pre&gt;
&lt;/div&gt;&lt;/div&gt;
&lt;p&gt;This statement no longer stands. Given that it&apos;s only for the the first set of jobs anyway - I don&apos;t think this is a problem. cc &lt;a href=&quot;https://issues.apache.org/jira/secure/ViewProfile.jspa?name=vikram.dixit&quot; class=&quot;user-hover&quot; rel=&quot;vikram.dixit&quot;&gt;Vikram Dixit K&lt;/a&gt;&lt;/p&gt;


&lt;p&gt;I&apos;m not sure how the thread safety - specifically visibility aspects are handled (both before and after the patch). SessionStates, TezClient instances etc are created in a single thread (now multiple threads), and then used in completely different threads. What is guaranteeing correct visibility ?&lt;/p&gt;</comment>
                            <comment id="15053962" author="sershe" created="Sat, 12 Dec 2015 02:12:19 +0000"  >&lt;p&gt;What do you mean by correct visibility? The approach is the same - the sessions are taken from queue, the sessions are put back into queue. The only logic change is that it&apos;s done in parallel; all the threads are joined at the end in the same place. As long as there are no threading issues between different SessionState/TezClient objects, it should be ok.&lt;/p&gt;</comment>
                            <comment id="15053984" author="sershe" created="Sat, 12 Dec 2015 03:04:07 +0000"  >&lt;p&gt;Well patch fails with an NPE because SessionState is not attached on new threads. It&apos;s used in exactly one place so I think I will just remove its usage from TezSessionState init.&lt;/p&gt;</comment>
                            <comment id="15056441" author="sseth" created="Mon, 14 Dec 2015 18:32:18 +0000"  >&lt;p&gt;NPE where ?&lt;br/&gt;
Some of the variables being setup may not be visisble in the threads that make use of them. Making some of them final would be ideal.&lt;/p&gt;</comment>
                            <comment id="15057092" author="sershe" created="Tue, 15 Dec 2015 00:54:15 +0000"  >&lt;p&gt;The patch that works. This also changes how DagUtils waits for the files being localized in parallel to avoid huge unnecessary wait times for the threads of the same process.&lt;/p&gt;</comment>
                            <comment id="15058783" author="hiveqa" created="Tue, 15 Dec 2015 20:55:05 +0000"  >

&lt;p&gt;Here are the results of testing the latest attachment:&lt;br/&gt;
&lt;a href=&quot;https://issues.apache.org/jira/secure/attachment/12777631/HIVE-12528.01.patch&quot; class=&quot;external-link&quot; rel=&quot;nofollow&quot;&gt;https://issues.apache.org/jira/secure/attachment/12777631/HIVE-12528.01.patch&lt;/a&gt;&lt;/p&gt;

&lt;p&gt;&lt;font color=&quot;red&quot;&gt;ERROR:&lt;/font&gt; -1 due to no test(s) being added or modified.&lt;/p&gt;

&lt;p&gt;&lt;font color=&quot;red&quot;&gt;ERROR:&lt;/font&gt; -1 due to 20 failed/errored test(s), 9885 tests executed&lt;br/&gt;
&lt;b&gt;Failed tests:&lt;/b&gt;&lt;/p&gt;
&lt;div class=&quot;preformatted panel&quot; style=&quot;border-width: 1px;&quot;&gt;&lt;div class=&quot;preformattedContent panelContent&quot;&gt;
&lt;pre&gt;TestHWISessionManager - did not produce a TEST-*.xml file
TestMiniTezCliDriver-script_pipe.q-insert_values_non_partitioned.q-subquery_in.q-and-12-more - did not produce a TEST-*.xml file
org.apache.hadoop.hive.cli.TestCliDriver.testCliDriver_order2
org.apache.hadoop.hive.cli.TestCliDriver.testCliDriver_union9
org.apache.hadoop.hive.cli.TestEncryptedHDFSCliDriver.testCliDriver_encryption_insert_partition_dynamic
org.apache.hadoop.hive.cli.TestNegativeCliDriver.testNegativeCliDriver_authorization_uri_import
org.apache.hadoop.hive.ql.exec.spark.session.TestSparkSessionManagerImpl.testMultiSessionMultipleUse
org.apache.hadoop.hive.ql.exec.spark.session.TestSparkSessionManagerImpl.testSingleSessionMultipleUse
org.apache.hadoop.hive.ql.exec.tez.TestTezSessionPool.testReturn
org.apache.hadoop.hive.ql.exec.tez.TestTezSessionPool.testSessionPoolGetInOrder
org.apache.hive.jdbc.TestJdbcWithLocalClusterSpark.testTempTable
org.apache.hive.jdbc.TestSSL.testSSLVersion
org.apache.hive.spark.client.TestSparkClient.testAddJarsAndFiles
org.apache.hive.spark.client.TestSparkClient.testCounters
org.apache.hive.spark.client.TestSparkClient.testErrorJob
org.apache.hive.spark.client.TestSparkClient.testJobSubmission
org.apache.hive.spark.client.TestSparkClient.testMetricsCollection
org.apache.hive.spark.client.TestSparkClient.testRemoteClient
org.apache.hive.spark.client.TestSparkClient.testSimpleSparkJob
org.apache.hive.spark.client.TestSparkClient.testSyncRpc
&lt;/pre&gt;
&lt;/div&gt;&lt;/div&gt;

&lt;p&gt;Test results: &lt;a href=&quot;http://ec2-174-129-184-35.compute-1.amazonaws.com/jenkins/job/PreCommit-HIVE-TRUNK-Build/6359/testReport&quot; class=&quot;external-link&quot; rel=&quot;nofollow&quot;&gt;http://ec2-174-129-184-35.compute-1.amazonaws.com/jenkins/job/PreCommit-HIVE-TRUNK-Build/6359/testReport&lt;/a&gt;&lt;br/&gt;
Console output: &lt;a href=&quot;http://ec2-174-129-184-35.compute-1.amazonaws.com/jenkins/job/PreCommit-HIVE-TRUNK-Build/6359/console&quot; class=&quot;external-link&quot; rel=&quot;nofollow&quot;&gt;http://ec2-174-129-184-35.compute-1.amazonaws.com/jenkins/job/PreCommit-HIVE-TRUNK-Build/6359/console&lt;/a&gt;&lt;br/&gt;
Test logs: &lt;a href=&quot;http://ec2-174-129-184-35.compute-1.amazonaws.com/logs/PreCommit-HIVE-TRUNK-Build-6359/&quot; class=&quot;external-link&quot; rel=&quot;nofollow&quot;&gt;http://ec2-174-129-184-35.compute-1.amazonaws.com/logs/PreCommit-HIVE-TRUNK-Build-6359/&lt;/a&gt;&lt;/p&gt;

&lt;p&gt;Messages:&lt;/p&gt;
&lt;div class=&quot;preformatted panel&quot; style=&quot;border-width: 1px;&quot;&gt;&lt;div class=&quot;preformattedContent panelContent&quot;&gt;
&lt;pre&gt;Executing org.apache.hive.ptest.execution.TestCheckPhase
Executing org.apache.hive.ptest.execution.PrepPhase
Executing org.apache.hive.ptest.execution.ExecutionPhase
Executing org.apache.hive.ptest.execution.ReportingPhase
Tests exited with: TestsFailedException: 20 tests failed
&lt;/pre&gt;
&lt;/div&gt;&lt;/div&gt;

&lt;p&gt;This message is automatically generated.&lt;/p&gt;

&lt;p&gt;ATTACHMENT ID: 12777631 - PreCommit-HIVE-TRUNK-Build&lt;/p&gt;</comment>
                            <comment id="15063170" author="sershe" created="Fri, 18 Dec 2015 00:31:16 +0000"  >&lt;p&gt;&lt;a href=&quot;https://issues.apache.org/jira/secure/ViewProfile.jspa?name=sseth&quot; class=&quot;user-hover&quot; rel=&quot;sseth&quot;&gt;Siddharth Seth&lt;/a&gt; were the above your only concerns? &lt;/p&gt;</comment>
                            <comment id="15064852" author="sershe" created="Fri, 18 Dec 2015 22:10:10 +0000"  >&lt;p&gt;Fixed the tests, added a test case.&lt;/p&gt;</comment>
                            <comment id="15064857" author="sershe" created="Fri, 18 Dec 2015 22:11:47 +0000"  >&lt;p&gt;&lt;a href=&quot;https://issues.apache.org/jira/secure/ViewProfile.jspa?name=sseth&quot; class=&quot;user-hover&quot; rel=&quot;sseth&quot;&gt;Siddharth Seth&lt;/a&gt; ping&lt;/p&gt;</comment>
                            <comment id="15064902" author="sseth" created="Fri, 18 Dec 2015 22:48:56 +0000"  >&lt;p&gt;&lt;a href=&quot;https://issues.apache.org/jira/secure/ViewProfile.jspa?name=sershe&quot; class=&quot;user-hover&quot; rel=&quot;sershe&quot;&gt;Sergey Shelukhin&lt;/a&gt; - haven&apos;t looked at the new patch yet. Will try getting to it later today.&lt;/p&gt;</comment>
                            <comment id="15065420" author="hiveqa" created="Sat, 19 Dec 2015 16:00:08 +0000"  >

&lt;p&gt;Here are the results of testing the latest attachment:&lt;br/&gt;
&lt;a href=&quot;https://issues.apache.org/jira/secure/attachment/12778610/HIVE-12528.02.patch&quot; class=&quot;external-link&quot; rel=&quot;nofollow&quot;&gt;https://issues.apache.org/jira/secure/attachment/12778610/HIVE-12528.02.patch&lt;/a&gt;&lt;/p&gt;

&lt;p&gt;&lt;font color=&quot;green&quot;&gt;SUCCESS:&lt;/font&gt; +1 due to 1 test(s) being added or modified.&lt;/p&gt;

&lt;p&gt;&lt;font color=&quot;red&quot;&gt;ERROR:&lt;/font&gt; -1 due to 22 failed/errored test(s), 9941 tests executed&lt;br/&gt;
&lt;b&gt;Failed tests:&lt;/b&gt;&lt;/p&gt;
&lt;div class=&quot;preformatted panel&quot; style=&quot;border-width: 1px;&quot;&gt;&lt;div class=&quot;preformattedContent panelContent&quot;&gt;
&lt;pre&gt;TestHWISessionManager - did not produce a TEST-*.xml file
TestMiniTezCliDriver-unionDistinct_1.q-insert_update_delete.q-selectDistinctStar.q-and-10-more - did not produce a TEST-*.xml file
TestMiniTezCliDriver-vector_grouping_sets.q-acid_globallimit.q-tez_union_dynamic_partition.q-and-12-more - did not produce a TEST-*.xml file
org.apache.hadoop.hive.cli.TestCliDriver.testCliDriver_auto_join_stats2
org.apache.hadoop.hive.cli.TestCliDriver.testCliDriver_stats_filemetadata
org.apache.hadoop.hive.cli.TestEncryptedHDFSCliDriver.testCliDriver_encryption_insert_partition_dynamic
org.apache.hadoop.hive.cli.TestMiniLlapCliDriver.testCliDriver_stats_filemetadata
org.apache.hadoop.hive.cli.TestNegativeCliDriver.testNegativeCliDriver_authorization_uri_import
org.apache.hadoop.hive.cli.TestNegativeCliDriver.testNegativeCliDriver_columnstats_partlvl_multiple_part_clause
org.apache.hadoop.hive.ql.exec.spark.session.TestSparkSessionManagerImpl.testMultiSessionMultipleUse
org.apache.hadoop.hive.ql.exec.spark.session.TestSparkSessionManagerImpl.testSingleSessionMultipleUse
org.apache.hadoop.hive.ql.security.authorization.plugin.TestHiveOperationType.checkHiveOperationTypeMatch
org.apache.hive.jdbc.TestMultiSessionsHS2WithLocalClusterSpark.testSparkQuery
org.apache.hive.jdbc.TestSSL.testSSLVersion
org.apache.hive.spark.client.TestSparkClient.testAddJarsAndFiles
org.apache.hive.spark.client.TestSparkClient.testCounters
org.apache.hive.spark.client.TestSparkClient.testErrorJob
org.apache.hive.spark.client.TestSparkClient.testJobSubmission
org.apache.hive.spark.client.TestSparkClient.testMetricsCollection
org.apache.hive.spark.client.TestSparkClient.testRemoteClient
org.apache.hive.spark.client.TestSparkClient.testSimpleSparkJob
org.apache.hive.spark.client.TestSparkClient.testSyncRpc
&lt;/pre&gt;
&lt;/div&gt;&lt;/div&gt;

&lt;p&gt;Test results: &lt;a href=&quot;http://ec2-174-129-184-35.compute-1.amazonaws.com/jenkins/job/PreCommit-HIVE-TRUNK-Build/6408/testReport&quot; class=&quot;external-link&quot; rel=&quot;nofollow&quot;&gt;http://ec2-174-129-184-35.compute-1.amazonaws.com/jenkins/job/PreCommit-HIVE-TRUNK-Build/6408/testReport&lt;/a&gt;&lt;br/&gt;
Console output: &lt;a href=&quot;http://ec2-174-129-184-35.compute-1.amazonaws.com/jenkins/job/PreCommit-HIVE-TRUNK-Build/6408/console&quot; class=&quot;external-link&quot; rel=&quot;nofollow&quot;&gt;http://ec2-174-129-184-35.compute-1.amazonaws.com/jenkins/job/PreCommit-HIVE-TRUNK-Build/6408/console&lt;/a&gt;&lt;br/&gt;
Test logs: &lt;a href=&quot;http://ec2-174-129-184-35.compute-1.amazonaws.com/logs/PreCommit-HIVE-TRUNK-Build-6408/&quot; class=&quot;external-link&quot; rel=&quot;nofollow&quot;&gt;http://ec2-174-129-184-35.compute-1.amazonaws.com/logs/PreCommit-HIVE-TRUNK-Build-6408/&lt;/a&gt;&lt;/p&gt;

&lt;p&gt;Messages:&lt;/p&gt;
&lt;div class=&quot;preformatted panel&quot; style=&quot;border-width: 1px;&quot;&gt;&lt;div class=&quot;preformattedContent panelContent&quot;&gt;
&lt;pre&gt;Executing org.apache.hive.ptest.execution.TestCheckPhase
Executing org.apache.hive.ptest.execution.PrepPhase
Executing org.apache.hive.ptest.execution.ExecutionPhase
Executing org.apache.hive.ptest.execution.ReportingPhase
Tests exited with: TestsFailedException: 22 tests failed
&lt;/pre&gt;
&lt;/div&gt;&lt;/div&gt;

&lt;p&gt;This message is automatically generated.&lt;/p&gt;

&lt;p&gt;ATTACHMENT ID: 12778610 - PreCommit-HIVE-TRUNK-Build&lt;/p&gt;</comment>
                            <comment id="15066991" author="sershe" created="Mon, 21 Dec 2015 19:50:33 +0000"  >&lt;p&gt;The same patch. Need to see why Tez tests time out and grab logs before they are gone.&lt;/p&gt;</comment>
                            <comment id="15067623" author="hiveqa" created="Tue, 22 Dec 2015 06:39:02 +0000"  >

&lt;p&gt;Here are the results of testing the latest attachment:&lt;br/&gt;
&lt;a href=&quot;https://issues.apache.org/jira/secure/attachment/12778912/HIVE-12528.03.patch&quot; class=&quot;external-link&quot; rel=&quot;nofollow&quot;&gt;https://issues.apache.org/jira/secure/attachment/12778912/HIVE-12528.03.patch&lt;/a&gt;&lt;/p&gt;

&lt;p&gt;&lt;font color=&quot;green&quot;&gt;SUCCESS:&lt;/font&gt; +1 due to 1 test(s) being added or modified.&lt;/p&gt;

&lt;p&gt;&lt;font color=&quot;red&quot;&gt;ERROR:&lt;/font&gt; -1 due to 18 failed/errored test(s), 9960 tests executed&lt;br/&gt;
&lt;b&gt;Failed tests:&lt;/b&gt;&lt;/p&gt;
&lt;div class=&quot;preformatted panel&quot; style=&quot;border-width: 1px;&quot;&gt;&lt;div class=&quot;preformattedContent panelContent&quot;&gt;
&lt;pre&gt;TestHWISessionManager - did not produce a TEST-*.xml file
TestSparkCliDriver-timestamp_lazy.q-bucketsortoptimize_insert_4.q-date_udf.q-and-12-more - did not produce a TEST-*.xml file
org.apache.hadoop.hive.cli.TestCliDriver.testCliDriver_auto_join_stats2
org.apache.hadoop.hive.cli.TestEncryptedHDFSCliDriver.testCliDriver_encryption_insert_partition_dynamic
org.apache.hadoop.hive.cli.TestNegativeCliDriver.testNegativeCliDriver_authorization_uri_import
org.apache.hadoop.hive.cli.TestNegativeCliDriver.testNegativeCliDriver_columnstats_partlvl_multiple_part_clause
org.apache.hadoop.hive.ql.exec.spark.session.TestSparkSessionManagerImpl.testMultiSessionMultipleUse
org.apache.hadoop.hive.ql.exec.spark.session.TestSparkSessionManagerImpl.testSingleSessionMultipleUse
org.apache.hadoop.hive.ql.security.authorization.plugin.TestHiveOperationType.checkHiveOperationTypeMatch
org.apache.hive.jdbc.TestSSL.testSSLVersion
org.apache.hive.spark.client.TestSparkClient.testAddJarsAndFiles
org.apache.hive.spark.client.TestSparkClient.testCounters
org.apache.hive.spark.client.TestSparkClient.testErrorJob
org.apache.hive.spark.client.TestSparkClient.testJobSubmission
org.apache.hive.spark.client.TestSparkClient.testMetricsCollection
org.apache.hive.spark.client.TestSparkClient.testRemoteClient
org.apache.hive.spark.client.TestSparkClient.testSimpleSparkJob
org.apache.hive.spark.client.TestSparkClient.testSyncRpc
&lt;/pre&gt;
&lt;/div&gt;&lt;/div&gt;

&lt;p&gt;Test results: &lt;a href=&quot;http://ec2-174-129-184-35.compute-1.amazonaws.com/jenkins/job/PreCommit-HIVE-TRUNK-Build/6440/testReport&quot; class=&quot;external-link&quot; rel=&quot;nofollow&quot;&gt;http://ec2-174-129-184-35.compute-1.amazonaws.com/jenkins/job/PreCommit-HIVE-TRUNK-Build/6440/testReport&lt;/a&gt;&lt;br/&gt;
Console output: &lt;a href=&quot;http://ec2-174-129-184-35.compute-1.amazonaws.com/jenkins/job/PreCommit-HIVE-TRUNK-Build/6440/console&quot; class=&quot;external-link&quot; rel=&quot;nofollow&quot;&gt;http://ec2-174-129-184-35.compute-1.amazonaws.com/jenkins/job/PreCommit-HIVE-TRUNK-Build/6440/console&lt;/a&gt;&lt;br/&gt;
Test logs: &lt;a href=&quot;http://ec2-174-129-184-35.compute-1.amazonaws.com/logs/PreCommit-HIVE-TRUNK-Build-6440/&quot; class=&quot;external-link&quot; rel=&quot;nofollow&quot;&gt;http://ec2-174-129-184-35.compute-1.amazonaws.com/logs/PreCommit-HIVE-TRUNK-Build-6440/&lt;/a&gt;&lt;/p&gt;

&lt;p&gt;Messages:&lt;/p&gt;
&lt;div class=&quot;preformatted panel&quot; style=&quot;border-width: 1px;&quot;&gt;&lt;div class=&quot;preformattedContent panelContent&quot;&gt;
&lt;pre&gt;Executing org.apache.hive.ptest.execution.TestCheckPhase
Executing org.apache.hive.ptest.execution.PrepPhase
Executing org.apache.hive.ptest.execution.ExecutionPhase
Executing org.apache.hive.ptest.execution.ReportingPhase
Tests exited with: TestsFailedException: 18 tests failed
&lt;/pre&gt;
&lt;/div&gt;&lt;/div&gt;

&lt;p&gt;This message is automatically generated.&lt;/p&gt;

&lt;p&gt;ATTACHMENT ID: 12778912 - PreCommit-HIVE-TRUNK-Build&lt;/p&gt;</comment>
                            <comment id="15081971" author="sershe" created="Mon, 4 Jan 2016 23:12:09 +0000"  >&lt;p&gt;Rebasing the patch on top of recent changes to Tez sessions.&lt;/p&gt;</comment>
                            <comment id="15083911" author="hiveqa" created="Tue, 5 Jan 2016 21:55:54 +0000"  >

&lt;p&gt;Here are the results of testing the latest attachment:&lt;br/&gt;
&lt;a href=&quot;https://issues.apache.org/jira/secure/attachment/12780407/HIVE-12528.04.patch&quot; class=&quot;external-link&quot; rel=&quot;nofollow&quot;&gt;https://issues.apache.org/jira/secure/attachment/12780407/HIVE-12528.04.patch&lt;/a&gt;&lt;/p&gt;

&lt;p&gt;&lt;font color=&quot;green&quot;&gt;SUCCESS:&lt;/font&gt; +1 due to 1 test(s) being added or modified.&lt;/p&gt;

&lt;p&gt;&lt;font color=&quot;red&quot;&gt;ERROR:&lt;/font&gt; -1 due to 18 failed/errored test(s), 9998 tests executed&lt;br/&gt;
&lt;b&gt;Failed tests:&lt;/b&gt;&lt;/p&gt;
&lt;div class=&quot;preformatted panel&quot; style=&quot;border-width: 1px;&quot;&gt;&lt;div class=&quot;preformattedContent panelContent&quot;&gt;
&lt;pre&gt;TestHWISessionManager - did not produce a TEST-*.xml file
org.apache.hadoop.hive.cli.TestCliDriver.testCliDriver_ivyDownload
org.apache.hadoop.hive.cli.TestCliDriver.testCliDriver_order2
org.apache.hadoop.hive.cli.TestEncryptedHDFSCliDriver.testCliDriver_encryption_insert_partition_dynamic
org.apache.hadoop.hive.cli.TestNegativeCliDriver.testNegativeCliDriver_authorization_uri_import
org.apache.hadoop.hive.cli.TestNegativeCliDriver.testNegativeCliDriver_columnstats_partlvl_multiple_part_clause
org.apache.hadoop.hive.ql.exec.spark.session.TestSparkSessionManagerImpl.testMultiSessionMultipleUse
org.apache.hadoop.hive.ql.exec.spark.session.TestSparkSessionManagerImpl.testSingleSessionMultipleUse
org.apache.hadoop.hive.ql.security.authorization.plugin.TestHiveOperationType.checkHiveOperationTypeMatch
org.apache.hive.jdbc.TestSSL.testSSLVersion
org.apache.hive.spark.client.TestSparkClient.testAddJarsAndFiles
org.apache.hive.spark.client.TestSparkClient.testCounters
org.apache.hive.spark.client.TestSparkClient.testErrorJob
org.apache.hive.spark.client.TestSparkClient.testJobSubmission
org.apache.hive.spark.client.TestSparkClient.testMetricsCollection
org.apache.hive.spark.client.TestSparkClient.testRemoteClient
org.apache.hive.spark.client.TestSparkClient.testSimpleSparkJob
org.apache.hive.spark.client.TestSparkClient.testSyncRpc
&lt;/pre&gt;
&lt;/div&gt;&lt;/div&gt;

&lt;p&gt;Test results: &lt;a href=&quot;http://ec2-174-129-184-35.compute-1.amazonaws.com/jenkins/job/PreCommit-HIVE-TRUNK-Build/6518/testReport&quot; class=&quot;external-link&quot; rel=&quot;nofollow&quot;&gt;http://ec2-174-129-184-35.compute-1.amazonaws.com/jenkins/job/PreCommit-HIVE-TRUNK-Build/6518/testReport&lt;/a&gt;&lt;br/&gt;
Console output: &lt;a href=&quot;http://ec2-174-129-184-35.compute-1.amazonaws.com/jenkins/job/PreCommit-HIVE-TRUNK-Build/6518/console&quot; class=&quot;external-link&quot; rel=&quot;nofollow&quot;&gt;http://ec2-174-129-184-35.compute-1.amazonaws.com/jenkins/job/PreCommit-HIVE-TRUNK-Build/6518/console&lt;/a&gt;&lt;br/&gt;
Test logs: &lt;a href=&quot;http://ec2-174-129-184-35.compute-1.amazonaws.com/logs/PreCommit-HIVE-TRUNK-Build-6518/&quot; class=&quot;external-link&quot; rel=&quot;nofollow&quot;&gt;http://ec2-174-129-184-35.compute-1.amazonaws.com/logs/PreCommit-HIVE-TRUNK-Build-6518/&lt;/a&gt;&lt;/p&gt;

&lt;p&gt;Messages:&lt;/p&gt;
&lt;div class=&quot;preformatted panel&quot; style=&quot;border-width: 1px;&quot;&gt;&lt;div class=&quot;preformattedContent panelContent&quot;&gt;
&lt;pre&gt;Executing org.apache.hive.ptest.execution.TestCheckPhase
Executing org.apache.hive.ptest.execution.PrepPhase
Executing org.apache.hive.ptest.execution.ExecutionPhase
Executing org.apache.hive.ptest.execution.ReportingPhase
Tests exited with: TestsFailedException: 18 tests failed
&lt;/pre&gt;
&lt;/div&gt;&lt;/div&gt;

&lt;p&gt;This message is automatically generated.&lt;/p&gt;

&lt;p&gt;ATTACHMENT ID: 12780407 - PreCommit-HIVE-TRUNK-Build&lt;/p&gt;</comment>
                            <comment id="15107414" author="sershe" created="Tue, 19 Jan 2016 20:54:39 +0000"  >&lt;p&gt;Another rebase.&lt;/p&gt;</comment>
                            <comment id="15108247" author="hiveqa" created="Wed, 20 Jan 2016 09:04:54 +0000"  >

&lt;p&gt;Here are the results of testing the latest attachment:&lt;br/&gt;
&lt;a href=&quot;https://issues.apache.org/jira/secure/attachment/12783183/HIVE-12528.05.patch&quot; class=&quot;external-link&quot; rel=&quot;nofollow&quot;&gt;https://issues.apache.org/jira/secure/attachment/12783183/HIVE-12528.05.patch&lt;/a&gt;&lt;/p&gt;

&lt;p&gt;&lt;font color=&quot;green&quot;&gt;SUCCESS:&lt;/font&gt; +1 due to 1 test(s) being added or modified.&lt;/p&gt;

&lt;p&gt;&lt;font color=&quot;red&quot;&gt;ERROR:&lt;/font&gt; -1 due to 4 failed/errored test(s), 10009 tests executed&lt;br/&gt;
&lt;b&gt;Failed tests:&lt;/b&gt;&lt;/p&gt;
&lt;div class=&quot;preformatted panel&quot; style=&quot;border-width: 1px;&quot;&gt;&lt;div class=&quot;preformattedContent panelContent&quot;&gt;
&lt;pre&gt;TestHWISessionManager - did not produce a TEST-*.xml file
TestSparkCliDriver-timestamp_lazy.q-bucketsortoptimize_insert_4.q-date_udf.q-and-12-more - did not produce a TEST-*.xml file
org.apache.hadoop.hive.cli.TestNegativeCliDriver.testNegativeCliDriver_authorization_uri_import
org.apache.hive.jdbc.TestSSL.testSSLVersion
&lt;/pre&gt;
&lt;/div&gt;&lt;/div&gt;

&lt;p&gt;Test results: &lt;a href=&quot;http://ec2-174-129-184-35.compute-1.amazonaws.com/jenkins/job/PreCommit-HIVE-TRUNK-Build/6680/testReport&quot; class=&quot;external-link&quot; rel=&quot;nofollow&quot;&gt;http://ec2-174-129-184-35.compute-1.amazonaws.com/jenkins/job/PreCommit-HIVE-TRUNK-Build/6680/testReport&lt;/a&gt;&lt;br/&gt;
Console output: &lt;a href=&quot;http://ec2-174-129-184-35.compute-1.amazonaws.com/jenkins/job/PreCommit-HIVE-TRUNK-Build/6680/console&quot; class=&quot;external-link&quot; rel=&quot;nofollow&quot;&gt;http://ec2-174-129-184-35.compute-1.amazonaws.com/jenkins/job/PreCommit-HIVE-TRUNK-Build/6680/console&lt;/a&gt;&lt;br/&gt;
Test logs: &lt;a href=&quot;http://ec2-174-129-184-35.compute-1.amazonaws.com/logs/PreCommit-HIVE-TRUNK-Build-6680/&quot; class=&quot;external-link&quot; rel=&quot;nofollow&quot;&gt;http://ec2-174-129-184-35.compute-1.amazonaws.com/logs/PreCommit-HIVE-TRUNK-Build-6680/&lt;/a&gt;&lt;/p&gt;

&lt;p&gt;Messages:&lt;/p&gt;
&lt;div class=&quot;preformatted panel&quot; style=&quot;border-width: 1px;&quot;&gt;&lt;div class=&quot;preformattedContent panelContent&quot;&gt;
&lt;pre&gt;Executing org.apache.hive.ptest.execution.TestCheckPhase
Executing org.apache.hive.ptest.execution.PrepPhase
Executing org.apache.hive.ptest.execution.ExecutionPhase
Executing org.apache.hive.ptest.execution.ReportingPhase
Tests exited with: TestsFailedException: 4 tests failed
&lt;/pre&gt;
&lt;/div&gt;&lt;/div&gt;

&lt;p&gt;This message is automatically generated.&lt;/p&gt;

&lt;p&gt;ATTACHMENT ID: 12783183 - PreCommit-HIVE-TRUNK-Build&lt;/p&gt;</comment>
                            <comment id="15109812" author="sershe" created="Thu, 21 Jan 2016 00:27:46 +0000"  >&lt;p&gt;Addressed the review feedback&lt;/p&gt;</comment>
                            <comment id="15111776" author="hiveqa" created="Fri, 22 Jan 2016 01:56:11 +0000"  >

&lt;p&gt;Here are the results of testing the latest attachment:&lt;br/&gt;
&lt;a href=&quot;https://issues.apache.org/jira/secure/attachment/12783476/HIVE-12528.06.patch&quot; class=&quot;external-link&quot; rel=&quot;nofollow&quot;&gt;https://issues.apache.org/jira/secure/attachment/12783476/HIVE-12528.06.patch&lt;/a&gt;&lt;/p&gt;

&lt;p&gt;&lt;font color=&quot;green&quot;&gt;SUCCESS:&lt;/font&gt; +1 due to 1 test(s) being added or modified.&lt;/p&gt;

&lt;p&gt;&lt;font color=&quot;red&quot;&gt;ERROR:&lt;/font&gt; -1 due to 3 failed/errored test(s), 10025 tests executed&lt;br/&gt;
&lt;b&gt;Failed tests:&lt;/b&gt;&lt;/p&gt;
&lt;div class=&quot;preformatted panel&quot; style=&quot;border-width: 1px;&quot;&gt;&lt;div class=&quot;preformattedContent panelContent&quot;&gt;
&lt;pre&gt;TestHWISessionManager - did not produce a TEST-*.xml file
org.apache.hadoop.hive.cli.TestNegativeCliDriver.testNegativeCliDriver_authorization_uri_import
org.apache.hive.jdbc.TestSSL.testSSLVersion
&lt;/pre&gt;
&lt;/div&gt;&lt;/div&gt;

&lt;p&gt;Test results: &lt;a href=&quot;http://ec2-174-129-184-35.compute-1.amazonaws.com/jenkins/job/PreCommit-HIVE-TRUNK-Build/6697/testReport&quot; class=&quot;external-link&quot; rel=&quot;nofollow&quot;&gt;http://ec2-174-129-184-35.compute-1.amazonaws.com/jenkins/job/PreCommit-HIVE-TRUNK-Build/6697/testReport&lt;/a&gt;&lt;br/&gt;
Console output: &lt;a href=&quot;http://ec2-174-129-184-35.compute-1.amazonaws.com/jenkins/job/PreCommit-HIVE-TRUNK-Build/6697/console&quot; class=&quot;external-link&quot; rel=&quot;nofollow&quot;&gt;http://ec2-174-129-184-35.compute-1.amazonaws.com/jenkins/job/PreCommit-HIVE-TRUNK-Build/6697/console&lt;/a&gt;&lt;br/&gt;
Test logs: &lt;a href=&quot;http://ec2-174-129-184-35.compute-1.amazonaws.com/logs/PreCommit-HIVE-TRUNK-Build-6697/&quot; class=&quot;external-link&quot; rel=&quot;nofollow&quot;&gt;http://ec2-174-129-184-35.compute-1.amazonaws.com/logs/PreCommit-HIVE-TRUNK-Build-6697/&lt;/a&gt;&lt;/p&gt;

&lt;p&gt;Messages:&lt;/p&gt;
&lt;div class=&quot;preformatted panel&quot; style=&quot;border-width: 1px;&quot;&gt;&lt;div class=&quot;preformattedContent panelContent&quot;&gt;
&lt;pre&gt;Executing org.apache.hive.ptest.execution.TestCheckPhase
Executing org.apache.hive.ptest.execution.PrepPhase
Executing org.apache.hive.ptest.execution.ExecutionPhase
Executing org.apache.hive.ptest.execution.ReportingPhase
Tests exited with: TestsFailedException: 3 tests failed
&lt;/pre&gt;
&lt;/div&gt;&lt;/div&gt;

&lt;p&gt;This message is automatically generated.&lt;/p&gt;

&lt;p&gt;ATTACHMENT ID: 12783476 - PreCommit-HIVE-TRUNK-Build&lt;/p&gt;</comment>
                            <comment id="15112826" author="sseth" created="Fri, 22 Jan 2016 18:32:02 +0000"  >&lt;p&gt;+1.&lt;/p&gt;</comment>
                            <comment id="15113375" author="sershe" created="Sat, 23 Jan 2016 00:04:57 +0000"  >&lt;p&gt;Committed to master.&lt;/p&gt;</comment>
                            <comment id="15113459" author="lefty@hortonworks.com" created="Sat, 23 Jan 2016 01:58:45 +0000"  >&lt;p&gt;Doc note:  This adds &lt;b&gt;hive.server2.tez.sessions.init.threads&lt;/b&gt; to HiveConf.java, so it will need to be documented in the Tez section of Configuration Properties for release 2.1.0.&lt;/p&gt;

&lt;ul&gt;
	&lt;li&gt;&lt;a href=&quot;https://cwiki.apache.org/confluence/display/Hive/Configuration+Properties#ConfigurationProperties-Tez&quot; class=&quot;external-link&quot; rel=&quot;nofollow&quot;&gt;Configuration Properties &amp;#8211; Tez &lt;/a&gt;&lt;/li&gt;
&lt;/ul&gt;


&lt;p&gt;Added a TODOC2.1 label.&lt;/p&gt;</comment>
                    </comments>
                    <attachments>
                            <attachment id="12777631" name="HIVE-12528.01.patch" size="12339" author="sershe" created="Tue, 15 Dec 2015 00:54:15 +0000"/>
                            <attachment id="12778610" name="HIVE-12528.02.patch" size="15968" author="sershe" created="Fri, 18 Dec 2015 22:10:10 +0000"/>
                            <attachment id="12778912" name="HIVE-12528.03.patch" size="16969" author="sershe" created="Mon, 21 Dec 2015 21:45:24 +0000"/>
                            <attachment id="12780407" name="HIVE-12528.04.patch" size="15500" author="sershe" created="Mon, 4 Jan 2016 23:12:09 +0000"/>
                            <attachment id="12783183" name="HIVE-12528.05.patch" size="15500" author="sershe" created="Tue, 19 Jan 2016 20:54:39 +0000"/>
                            <attachment id="12783476" name="HIVE-12528.06.patch" size="17171" author="sershe" created="Thu, 21 Jan 2016 00:27:46 +0000"/>
                            <attachment id="12775203" name="HIVE-12528.patch" size="5612" author="sershe" created="Wed, 2 Dec 2015 03:14:28 +0000"/>
                    </attachments>
                <subtasks>
                    </subtasks>
                <customfields>
                                                <customfield id="customfield_12310310" key="com.atlassian.jira.toolkit:attachments">
                        <customfieldname>Attachment count</customfieldname>
                        <customfieldvalues>
                            <customfieldvalue>7.0</customfieldvalue>
                        </customfieldvalues>
                    </customfield>
                                                                                                                                                                                                                                                                                                                                                                                                                                                                                                                                <customfield id="customfield_12310220" key="com.atlassian.jira.ext.charting:firstresponsedate">
                        <customfieldname>Date of First Response</customfieldname>
                        <customfieldvalues>
                            <customfieldvalue>Thu, 3 Dec 2015 05:54:55 +0000</customfieldvalue>

                        </customfieldvalues>
                    </customfield>
                                                                                                                                                                                                                                                                                                                                                                                                                                            <customfield id="customfield_12310420" key="com.pyxis.greenhopper.jira:gh-global-rank">
                        <customfieldname>Global Rank</customfieldname>
                        <customfieldvalues>
                            <customfieldvalue>9223372036854775807</customfieldvalue>
                        </customfieldvalues>
                    </customfield>
                                                                                                                                                    <customfield id="customfield_12312521" key="com.atlassian.jira.toolkit:LastCommentDate">
                        <customfieldname>Last public comment date</customfieldname>
                        <customfieldvalues>
                            44 weeks, 6 days ago
                        </customfieldvalues>
                    </customfield>
                                                                                            <customfield id="customfield_12311820" key="com.pyxis.greenhopper.jira:gh-lexo-rank">
                        <customfieldname>Rank</customfieldname>
                        <customfieldvalues>
                            <customfieldvalue>0|i2oybj:</customfieldvalue>

                        </customfieldvalues>
                    </customfield>
                                                                <customfield id="customfield_12310920" key="com.pyxis.greenhopper.jira:gh-global-rank">
                        <customfieldname>Rank (Obsolete)</customfieldname>
                        <customfieldvalues>
                            <customfieldvalue>9223372036854775807</customfieldvalue>
                        </customfieldvalues>
                    </customfield>
                                                                                                                                                                                                                                                                                                                            <customfield id="customfield_12310222" key="com.atlassian.jira.ext.charting:timeinstatus">
                        <customfieldname>Time in Status</customfieldname>
                        <customfieldvalues>
                            
                        </customfieldvalues>
                    </customfield>
                                                                                                                        </customfields>
    </item>
</channel>
</rss>