<!-- 
RSS generated by JIRA (6.3.4#6332-sha1:51bc225ef474afe3128b2f66878477f322397b16) at Fri Dec 02 23:56:08 UTC 2016

It is possible to restrict the fields that are returned in this document by specifying the 'field' parameter in your request.
For example, to request only the issue key and summary add field=key&field=summary to the URL of your request.
For example:
https://issues.apache.org/jira/si/jira.issueviews:issue-xml/HIVE-2053/HIVE-2053.xml?field=key&amp;field=summary
-->
<rss version="0.92" >
<channel>
    <title>ASF JIRA</title>
    <link>https://issues.apache.org/jira</link>
    <description>This file is an XML representation of an issue</description>
    <language>en-uk</language>    <build-info>
        <version>6.3.4</version>
        <build-number>6332</build-number>
        <build-date>15-08-2014</build-date>
    </build-info>

<item>
            <title>[HIVE-2053] Hive can&apos;t find the Plan</title>
                <link>https://issues.apache.org/jira/browse/HIVE-2053</link>
                <project id="12310843" key="HIVE">Hive</project>
                    <description>&lt;p&gt;We I execute this SQL: select count(1) from table1;&lt;br/&gt;
The MR can&apos;t execute for it can&apos;t find the Plan File in local path.&lt;/p&gt;</description>
                <environment></environment>
        <key id="12501432">HIVE-2053</key>
            <summary>Hive can&apos;t find the Plan</summary>
                <type id="1" iconUrl="https://issues.apache.org/jira/images/icons/issuetypes/bug.png">Bug</type>
                                            <priority id="2" iconUrl="https://issues.apache.org/jira/images/icons/priorities/critical.png">Critical</priority>
                        <status id="5" iconUrl="https://issues.apache.org/jira/images/icons/statuses/resolved.png" description="A resolution has been taken, and it is awaiting verification by reporter. From here issues are either reopened, or are closed.">Resolved</status>
                    <statusCategory id="3" key="done" colorName="green"/>
                                    <resolution id="3">Duplicate</resolution>
                                        <assignee username="-1">Unassigned</assignee>
                                    <reporter username="gpcuster">Aaron Guo</reporter>
                        <labels>
                    </labels>
                <created>Tue, 15 Mar 2011 07:37:38 +0000</created>
                <updated>Thu, 17 Mar 2011 07:17:18 +0000</updated>
                            <resolved>Thu, 17 Mar 2011 07:17:18 +0000</resolved>
                                    <version>0.7.0</version>
                                                    <component>Query Processor</component>
                        <due></due>
                            <votes>0</votes>
                                    <watches>1</watches>
                                                                <comments>
                            <comment id="13007242" author="nzhang" created="Tue, 15 Mar 2011 22:41:18 +0000"  >&lt;p&gt;Aaron, did you see this error in trunk or an older release? I think we fixed it in some JIRA a while ago. Can you provide a reproducible test case?&lt;/p&gt;</comment>
                            <comment id="13007311" author="gpcuster" created="Wed, 16 Mar 2011 01:51:32 +0000"  >&lt;p&gt;Hi Zhangning, I see this error in the current trunk, I will provide more information later.&lt;/p&gt;</comment>
                            <comment id="13007839" author="gpcuster" created="Thu, 17 Mar 2011 07:16:59 +0000"  >&lt;p&gt;Zhangning,this isn&apos;t a bug. sorry for your time.&lt;/p&gt;</comment>
                    </comments>
                    <attachments>
                            <attachment id="12473650" name="patch-1.patch" size="7185" author="gpcuster" created="Tue, 15 Mar 2011 07:38:56 +0000"/>
                    </attachments>
                <subtasks>
                    </subtasks>
                <customfields>
                                                <customfield id="customfield_12310310" key="com.atlassian.jira.toolkit:attachments">
                        <customfieldname>Attachment count</customfieldname>
                        <customfieldvalues>
                            <customfieldvalue>1.0</customfieldvalue>
                        </customfieldvalues>
                    </customfield>
                                                                                                                                                                                                                                                                                                                                                                                                                                                                                                                                <customfield id="customfield_12310220" key="com.atlassian.jira.ext.charting:firstresponsedate">
                        <customfieldname>Date of First Response</customfieldname>
                        <customfieldvalues>
                            <customfieldvalue>Tue, 15 Mar 2011 22:41:18 +0000</customfieldvalue>

                        </customfieldvalues>
                    </customfield>
                                                                                                                                                                                                                                                                                                                                                                                                                                            <customfield id="customfield_12310420" key="com.pyxis.greenhopper.jira:gh-global-rank">
                        <customfieldname>Global Rank</customfieldname>
                        <customfieldvalues>
                            <customfieldvalue>72570</customfieldvalue>
                        </customfieldvalues>
                    </customfield>
                                                                                                                                                    <customfield id="customfield_12312521" key="com.atlassian.jira.toolkit:LastCommentDate">
                        <customfieldname>Last public comment date</customfieldname>
                        <customfieldvalues>
                            5 years, 38 weeks, 1 day ago
                        </customfieldvalues>
                    </customfield>
                                                                                            <customfield id="customfield_12311820" key="com.pyxis.greenhopper.jira:gh-lexo-rank">
                        <customfieldname>Rank</customfieldname>
                        <customfieldvalues>
                            <customfieldvalue>0|i0li7r:</customfieldvalue>

                        </customfieldvalues>
                    </customfield>
                                                                <customfield id="customfield_12310920" key="com.pyxis.greenhopper.jira:gh-global-rank">
                        <customfieldname>Rank (Obsolete)</customfieldname>
                        <customfieldvalues>
                            <customfieldvalue>123601</customfieldvalue>
                        </customfieldvalues>
                    </customfield>
                                                                                                                                                                                                                                                                                                                            <customfield id="customfield_12310222" key="com.atlassian.jira.ext.charting:timeinstatus">
                        <customfieldname>Time in Status</customfieldname>
                        <customfieldvalues>
                            
                        </customfieldvalues>
                    </customfield>
                                                                                                                        </customfields>
    </item>
</channel>
</rss>