<!-- 
RSS generated by JIRA (6.3.4#6332-sha1:51bc225ef474afe3128b2f66878477f322397b16) at Sat Dec 03 00:03:05 UTC 2016

It is possible to restrict the fields that are returned in this document by specifying the 'field' parameter in your request.
For example, to request only the issue key and summary add field=key&field=summary to the URL of your request.
For example:
https://issues.apache.org/jira/si/jira.issueviews:issue-xml/HIVE-2487/HIVE-2487.xml?field=key&amp;field=summary
-->
<rss version="0.92" >
<channel>
    <title>ASF JIRA</title>
    <link>https://issues.apache.org/jira</link>
    <description>This file is an XML representation of an issue</description>
    <language>en-uk</language>    <build-info>
        <version>6.3.4</version>
        <build-number>6332</build-number>
        <build-date>15-08-2014</build-date>
    </build-info>

<item>
            <title>[HIVE-2487] Bug from HIVE-2446, the code that calls client stats publishers run() methods is in wrong place, should be in the same method but inside of while (!rj.isComplete()) {} loop</title>
                <link>https://issues.apache.org/jira/browse/HIVE-2487</link>
                <project id="12310843" key="HIVE">Hive</project>
                    <description></description>
                <environment></environment>
        <key id="12525977">HIVE-2487</key>
            <summary>Bug from HIVE-2446, the code that calls client stats publishers run() methods is in wrong place, should be in the same method but inside of while (!rj.isComplete()) {} loop</summary>
                <type id="1" iconUrl="https://issues.apache.org/jira/images/icons/issuetypes/bug.png">Bug</type>
                                            <priority id="5" iconUrl="https://issues.apache.org/jira/images/icons/priorities/trivial.png">Trivial</priority>
                        <status id="6" iconUrl="https://issues.apache.org/jira/images/icons/statuses/closed.png" description="The issue is considered finished, the resolution is correct. Issues which are closed can be reopened.">Closed</status>
                    <statusCategory id="3" key="done" colorName="green"/>
                                    <resolution id="1">Fixed</resolution>
                                        <assignee username="rsurowka">Robert Sur&#243;wka</assignee>
                                    <reporter username="rsurowka">Robert Sur&#243;wka</reporter>
                        <labels>
                    </labels>
                <created>Wed, 5 Oct 2011 21:40:11 +0000</created>
                <updated>Fri, 21 Mar 2014 06:04:28 +0000</updated>
                            <resolved>Wed, 19 Oct 2011 19:03:11 +0000</resolved>
                                                    <fixVersion>0.8.0</fixVersion>
                                        <due></due>
                            <votes>0</votes>
                                    <watches>0</watches>
                                                                <comments>
                            <comment id="13121520" author="rsurowka" created="Wed, 5 Oct 2011 21:58:16 +0000"  >&lt;p&gt;current version (previous was diffed from not most up to date branch)&lt;/p&gt;</comment>
                            <comment id="13121526" author="rsurowka" created="Wed, 5 Oct 2011 22:07:05 +0000"  >&lt;p&gt;Diff request at &lt;a href=&quot;https://reviews.apache.org/r/2234/diff/#index_header&quot; class=&quot;external-link&quot; rel=&quot;nofollow&quot;&gt;https://reviews.apache.org/r/2234/diff/#index_header&lt;/a&gt;&lt;/p&gt;</comment>
                            <comment id="13121553" author="rsurowka" created="Wed, 5 Oct 2011 22:35:39 +0000"  >&lt;p&gt;See updated diff request at &lt;a href=&quot;https://reviews.apache.org/r/2234/diff/2/&quot; class=&quot;external-link&quot; rel=&quot;nofollow&quot;&gt;https://reviews.apache.org/r/2234/diff/2/&lt;/a&gt; (added runtime exception handling)&lt;/p&gt;</comment>
                            <comment id="13126895" author="he yongqiang" created="Thu, 13 Oct 2011 20:37:39 +0000"  >&lt;p&gt;+1, will commit after tests pass&lt;/p&gt;</comment>
                            <comment id="13130110" author="hudson" created="Tue, 18 Oct 2011 23:05:08 +0000"  >&lt;p&gt;Integrated in Hive-trunk-h0.21 #1019 (See &lt;a href=&quot;https://builds.apache.org/job/Hive-trunk-h0.21/1019/&quot; class=&quot;external-link&quot; rel=&quot;nofollow&quot;&gt;https://builds.apache.org/job/Hive-trunk-h0.21/1019/&lt;/a&gt;)&lt;br/&gt;
    &lt;a href=&quot;https://issues.apache.org/jira/browse/HIVE-2487&quot; title=&quot;Bug from HIVE-2446, the code that calls client stats publishers run() methods is in wrong place, should be in the same method but inside of while (!rj.isComplete()) {} loop&quot; class=&quot;issue-link&quot; data-issue-key=&quot;HIVE-2487&quot;&gt;&lt;del&gt;HIVE-2487&lt;/del&gt;&lt;/a&gt;: Bug from &lt;a href=&quot;https://issues.apache.org/jira/browse/HIVE-2446&quot; title=&quot;Introduction of client statistics publishers possibility&quot; class=&quot;issue-link&quot; data-issue-key=&quot;HIVE-2446&quot;&gt;&lt;del&gt;HIVE-2446&lt;/del&gt;&lt;/a&gt;, the code that calls client stats publishers should be inside the while loop (Robert Sur&#243;wka via He Yongqiang)&lt;/p&gt;

&lt;p&gt;heyongqiang : &lt;a href=&quot;http://svn.apache.org/viewcvs.cgi/?root=Apache-SVN&amp;amp;view=rev&amp;amp;rev=1185767&quot; class=&quot;external-link&quot; rel=&quot;nofollow&quot;&gt;http://svn.apache.org/viewcvs.cgi/?root=Apache-SVN&amp;amp;view=rev&amp;amp;rev=1185767&lt;/a&gt;&lt;br/&gt;
Files : &lt;/p&gt;
&lt;ul&gt;
	&lt;li&gt;/hive/trunk/ql/src/java/org/apache/hadoop/hive/ql/exec/HadoopJobExecHelper.java&lt;/li&gt;
&lt;/ul&gt;
</comment>
                            <comment id="13130873" author="nzhang" created="Wed, 19 Oct 2011 18:54:29 +0000"  >&lt;p&gt;Yongqiang, it seems you have committed this patch? Can you close this JIRA if so? &lt;/p&gt;</comment>
                            <comment id="13130884" author="he yongqiang" created="Wed, 19 Oct 2011 19:03:12 +0000"  >&lt;p&gt;committed, thanks Robert!&lt;/p&gt;</comment>
                    </comments>
                <issuelinks>
                            <issuelinktype id="10030">
                    <name>Reference</name>
                                            <outwardlinks description="relates to">
                                        <issuelink>
            <issuekey id="12523108">HIVE-2446</issuekey>
        </issuelink>
                            </outwardlinks>
                                                        </issuelinktype>
                    </issuelinks>
                <attachments>
                            <attachment id="12497906" name="HIVE-2487.1.patch" size="1527" author="rsurowka" created="Wed, 5 Oct 2011 21:58:16 +0000"/>
                            <attachment id="12497904" name="HIVE-2487.1.patch" size="2093" author="rsurowka" created="Wed, 5 Oct 2011 21:41:58 +0000"/>
                            <attachment id="12497913" name="HIVE-2487.2.patch" size="1823" author="rsurowka" created="Wed, 5 Oct 2011 22:35:39 +0000"/>
                    </attachments>
                <subtasks>
                    </subtasks>
                <customfields>
                                                <customfield id="customfield_12310310" key="com.atlassian.jira.toolkit:attachments">
                        <customfieldname>Attachment count</customfieldname>
                        <customfieldvalues>
                            <customfieldvalue>3.0</customfieldvalue>
                        </customfieldvalues>
                    </customfield>
                                                                                                                                                                                                                                                                                                                                                                                                                                                                                                                                <customfield id="customfield_12310220" key="com.atlassian.jira.ext.charting:firstresponsedate">
                        <customfieldname>Date of First Response</customfieldname>
                        <customfieldvalues>
                            <customfieldvalue>Thu, 13 Oct 2011 20:37:39 +0000</customfieldvalue>

                        </customfieldvalues>
                    </customfield>
                                                                                                                                                                                                                                                                                                                                                                                                                                            <customfield id="customfield_12310420" key="com.pyxis.greenhopper.jira:gh-global-rank">
                        <customfieldname>Global Rank</customfieldname>
                        <customfieldvalues>
                            <customfieldvalue>46605</customfieldvalue>
                        </customfieldvalues>
                    </customfield>
                                                                                                                                                    <customfield id="customfield_12312521" key="com.atlassian.jira.toolkit:LastCommentDate">
                        <customfieldname>Last public comment date</customfieldname>
                        <customfieldvalues>
                            5 years, 7 weeks, 2 days ago
                        </customfieldvalues>
                    </customfield>
                                                                                            <customfield id="customfield_12311820" key="com.pyxis.greenhopper.jira:gh-lexo-rank">
                        <customfieldname>Rank</customfieldname>
                        <customfieldvalues>
                            <customfieldvalue>0|i0lk7r:</customfieldvalue>

                        </customfieldvalues>
                    </customfield>
                                                                <customfield id="customfield_12310920" key="com.pyxis.greenhopper.jira:gh-global-rank">
                        <customfieldname>Rank (Obsolete)</customfieldname>
                        <customfieldvalues>
                            <customfieldvalue>123925</customfieldvalue>
                        </customfieldvalues>
                    </customfield>
                                                                                                                                                                                                                                                                                                                            <customfield id="customfield_12310222" key="com.atlassian.jira.ext.charting:timeinstatus">
                        <customfieldname>Time in Status</customfieldname>
                        <customfieldvalues>
                            
                        </customfieldvalues>
                    </customfield>
                                                                                                                        </customfields>
    </item>
</channel>
</rss>