<!-- 
RSS generated by JIRA (6.3.4#6332-sha1:51bc225ef474afe3128b2f66878477f322397b16) at Sat Dec 03 00:42:03 UTC 2016

It is possible to restrict the fields that are returned in this document by specifying the 'field' parameter in your request.
For example, to request only the issue key and summary add field=key&field=summary to the URL of your request.
For example:
https://issues.apache.org/jira/si/jira.issueviews:issue-xml/HIVE-2042/HIVE-2042.xml?field=key&amp;field=summary
-->
<rss version="0.92" >
<channel>
    <title>ASF JIRA</title>
    <link>https://issues.apache.org/jira</link>
    <description>This file is an XML representation of an issue</description>
    <language>en-uk</language>    <build-info>
        <version>6.3.4</version>
        <build-number>6332</build-number>
        <build-date>15-08-2014</build-date>
    </build-info>

<item>
            <title>[HIVE-2042] In error scenario some opened streams may not closed</title>
                <link>https://issues.apache.org/jira/browse/HIVE-2042</link>
                <project id="12310843" key="HIVE">Hive</project>
                    <description>&lt;p&gt;1) In error scenario PrintStream may not be closed in execute() of  ExplainTask.java&lt;br/&gt;
2) In error scenario InputStream may not be closed in checkJobTracker() of Throttle.java &lt;/p&gt;</description>
                <environment>&lt;p&gt;Hadoop 0.20.1, Hive0.7.0 and SUSE Linux Enterprise Server 10 SP2 (i586) - Kernel 2.6.16.60-0.21-smp (5).&lt;/p&gt;</environment>
        <key id="12501117">HIVE-2042</key>
            <summary>In error scenario some opened streams may not closed</summary>
                <type id="1" iconUrl="https://issues.apache.org/jira/images/icons/issuetypes/bug.png">Bug</type>
                                            <priority id="3" iconUrl="https://issues.apache.org/jira/images/icons/priorities/major.png">Major</priority>
                        <status id="6" iconUrl="https://issues.apache.org/jira/images/icons/statuses/closed.png" description="The issue is considered finished, the resolution is correct. Issues which are closed can be reopened.">Closed</status>
                    <statusCategory id="3" key="done" colorName="green"/>
                                    <resolution id="1">Fixed</resolution>
                                        <assignee username="chinnalalam">Chinna Rao Lalam</assignee>
                                    <reporter username="chinnalalam">Chinna Rao Lalam</reporter>
                        <labels>
                    </labels>
                <created>Fri, 11 Mar 2011 08:23:20 +0000</created>
                <updated>Fri, 16 Dec 2011 23:57:02 +0000</updated>
                            <resolved>Tue, 22 Mar 2011 09:55:50 +0000</resolved>
                                    <version>0.7.0</version>
                                    <fixVersion>0.8.0</fixVersion>
                                    <component>Query Processor</component>
                        <due></due>
                            <votes>0</votes>
                                    <watches>2</watches>
                                                                <comments>
                            <comment id="13006351" author="amareshwari" created="Mon, 14 Mar 2011 08:41:33 +0000"  >&lt;p&gt;Can you combine &lt;a href=&quot;https://issues.apache.org/jira/browse/HIVE-2042&quot; title=&quot;In error scenario some opened streams may not closed&quot; class=&quot;issue-link&quot; data-issue-key=&quot;HIVE-2042&quot;&gt;&lt;del&gt;HIVE-2042&lt;/del&gt;&lt;/a&gt;, &lt;a href=&quot;https://issues.apache.org/jira/browse/HIVE-2043&quot; title=&quot;In error scenario some opened streams may not closed in ql.io package&quot; class=&quot;issue-link&quot; data-issue-key=&quot;HIVE-2043&quot;&gt;&lt;del&gt;HIVE-2043&lt;/del&gt;&lt;/a&gt;, &lt;a href=&quot;https://issues.apache.org/jira/browse/HIVE-2044&quot; title=&quot;In error scenario opened streams may not closed in TypedBytesWritableOutput.java&quot; class=&quot;issue-link&quot; data-issue-key=&quot;HIVE-2044&quot;&gt;&lt;del&gt;HIVE-2044&lt;/del&gt;&lt;/a&gt; and &lt;a href=&quot;https://issues.apache.org/jira/browse/HIVE-2046&quot; title=&quot;In error scenario some opened streams may not closed in Utilities.java&quot; class=&quot;issue-link&quot; data-issue-key=&quot;HIVE-2046&quot;&gt;&lt;del&gt;HIVE-2046&lt;/del&gt;&lt;/a&gt; patches into single one? Because all of them are trying to fix opened streams in error scenarios. That would ease reviewing and testing as well.&lt;/p&gt;</comment>
                            <comment id="13006963" author="chinnalalam" created="Tue, 15 Mar 2011 15:19:00 +0000"  >&lt;p&gt;Sure Amareshwari, I uploaded a patch by combining these issues &lt;a href=&quot;https://issues.apache.org/jira/browse/HIVE-2042&quot; title=&quot;In error scenario some opened streams may not closed&quot; class=&quot;issue-link&quot; data-issue-key=&quot;HIVE-2042&quot;&gt;&lt;del&gt;HIVE-2042&lt;/del&gt;&lt;/a&gt;, &lt;a href=&quot;https://issues.apache.org/jira/browse/HIVE-2043&quot; title=&quot;In error scenario some opened streams may not closed in ql.io package&quot; class=&quot;issue-link&quot; data-issue-key=&quot;HIVE-2043&quot;&gt;&lt;del&gt;HIVE-2043&lt;/del&gt;&lt;/a&gt;, &lt;a href=&quot;https://issues.apache.org/jira/browse/HIVE-2044&quot; title=&quot;In error scenario opened streams may not closed in TypedBytesWritableOutput.java&quot; class=&quot;issue-link&quot; data-issue-key=&quot;HIVE-2044&quot;&gt;&lt;del&gt;HIVE-2044&lt;/del&gt;&lt;/a&gt; and &lt;a href=&quot;https://issues.apache.org/jira/browse/HIVE-2046&quot; title=&quot;In error scenario some opened streams may not closed in Utilities.java&quot; class=&quot;issue-link&quot; data-issue-key=&quot;HIVE-2046&quot;&gt;&lt;del&gt;HIVE-2046&lt;/del&gt;&lt;/a&gt; into one patch.&lt;/p&gt;

&lt;p&gt;Next time onwards i will logically group the comments and i will upload the patch.&lt;/p&gt;</comment>
                            <comment id="13009270" author="namit" created="Mon, 21 Mar 2011 18:38:57 +0000"  >&lt;p&gt;Looks good to me.&lt;/p&gt;

&lt;p&gt;@Amareshwari, what do you think ?&lt;/p&gt;</comment>
                            <comment id="13009549" author="amareshwari" created="Tue, 22 Mar 2011 04:28:47 +0000"  >&lt;p&gt;Looks fine to me also.&lt;/p&gt;</comment>
                            <comment id="13009567" author="amareshwari" created="Tue, 22 Mar 2011 06:49:21 +0000"  >&lt;p&gt;Running tests. Will commit if tests pass.&lt;/p&gt;</comment>
                            <comment id="13009598" author="amareshwari" created="Tue, 22 Mar 2011 09:55:50 +0000"  >&lt;p&gt;I just committed this. Thanks Chinna.&lt;/p&gt;</comment>
                    </comments>
                    <attachments>
                            <attachment id="12473688" name="HIVE-2042.2.Patch" size="9690" author="chinnalalam" created="Tue, 15 Mar 2011 15:04:58 +0000"/>
                            <attachment id="12473383" name="HIVE-2042.Patch" size="2455" author="chinnalalam" created="Fri, 11 Mar 2011 12:24:25 +0000"/>
                    </attachments>
                <subtasks>
                    </subtasks>
                <customfields>
                                                <customfield id="customfield_12310310" key="com.atlassian.jira.toolkit:attachments">
                        <customfieldname>Attachment count</customfieldname>
                        <customfieldvalues>
                            <customfieldvalue>2.0</customfieldvalue>
                        </customfieldvalues>
                    </customfield>
                                                                                                                                                                                                                                                                                                                                                                                                                                                                                                                                <customfield id="customfield_12310220" key="com.atlassian.jira.ext.charting:firstresponsedate">
                        <customfieldname>Date of First Response</customfieldname>
                        <customfieldvalues>
                            <customfieldvalue>Mon, 14 Mar 2011 08:41:33 +0000</customfieldvalue>

                        </customfieldvalues>
                    </customfield>
                                                                                                                                                                                                                                                                                                                                                                                                                                            <customfield id="customfield_12310420" key="com.pyxis.greenhopper.jira:gh-global-rank">
                        <customfieldname>Global Rank</customfieldname>
                        <customfieldvalues>
                            <customfieldvalue>72572</customfieldvalue>
                        </customfieldvalues>
                    </customfield>
                                                                <customfield id="customfield_12310191" key="com.atlassian.jira.plugin.system.customfieldtypes:multicheckboxes">
                        <customfieldname>Hadoop Flags</customfieldname>
                        <customfieldvalues>
                                <customfieldvalue key="10343"><![CDATA[Reviewed]]></customfieldvalue>
    
                        </customfieldvalues>
                    </customfield>
                                                                                                                        <customfield id="customfield_12312521" key="com.atlassian.jira.toolkit:LastCommentDate">
                        <customfieldname>Last public comment date</customfieldname>
                        <customfieldvalues>
                            5 years, 37 weeks, 3 days ago
                        </customfieldvalues>
                    </customfield>
                                                                                            <customfield id="customfield_12311820" key="com.pyxis.greenhopper.jira:gh-lexo-rank">
                        <customfieldname>Rank</customfieldname>
                        <customfieldvalues>
                            <customfieldvalue>0|i0li5j:</customfieldvalue>

                        </customfieldvalues>
                    </customfield>
                                                                <customfield id="customfield_12310920" key="com.pyxis.greenhopper.jira:gh-global-rank">
                        <customfieldname>Rank (Obsolete)</customfieldname>
                        <customfieldvalues>
                            <customfieldvalue>123591</customfieldvalue>
                        </customfieldvalues>
                    </customfield>
                                                                                                                                                                                                                                                                                                                            <customfield id="customfield_12310222" key="com.atlassian.jira.ext.charting:timeinstatus">
                        <customfieldname>Time in Status</customfieldname>
                        <customfieldvalues>
                            
                        </customfieldvalues>
                    </customfield>
                                                                                                                        </customfields>
    </item>
</channel>
</rss>