<!-- 
RSS generated by JIRA (6.3.4#6332-sha1:51bc225ef474afe3128b2f66878477f322397b16) at Sat Dec 03 23:17:19 UTC 2016

It is possible to restrict the fields that are returned in this document by specifying the 'field' parameter in your request.
For example, to request only the issue key and summary add field=key&field=summary to the URL of your request.
For example:
https://issues.apache.org/jira/si/jira.issueviews:issue-xml/HIVE-3173/HIVE-3173.xml?field=key&amp;field=summary
-->
<rss version="0.92" >
<channel>
    <title>ASF JIRA</title>
    <link>https://issues.apache.org/jira</link>
    <description>This file is an XML representation of an issue</description>
    <language>en-uk</language>    <build-info>
        <version>6.3.4</version>
        <build-number>6332</build-number>
        <build-date>15-08-2014</build-date>
    </build-info>

<item>
            <title>[HIVE-3173] implement getTypeInfo database metadata method </title>
                <link>https://issues.apache.org/jira/browse/HIVE-3173</link>
                <project id="12310843" key="HIVE">Hive</project>
                    <description>&lt;p&gt;The JDBC driver does not implement the database metadata method getTypeInfo. Hence, an application cannot dynamically determine the available type information and associated properties. &lt;/p&gt;</description>
                <environment></environment>
        <key id="12595518">HIVE-3173</key>
            <summary>implement getTypeInfo database metadata method </summary>
                <type id="1" iconUrl="https://issues.apache.org/jira/images/icons/issuetypes/bug.png">Bug</type>
                                            <priority id="3" iconUrl="https://issues.apache.org/jira/images/icons/priorities/major.png">Major</priority>
                        <status id="5" iconUrl="https://issues.apache.org/jira/images/icons/statuses/resolved.png" description="A resolution has been taken, and it is awaiting verification by reporter. From here issues are either reopened, or are closed.">Resolved</status>
                    <statusCategory id="3" key="done" colorName="green"/>
                                    <resolution id="1">Fixed</resolution>
                                        <assignee username="xguo27">Xiu (Joe) Guo</assignee>
                                    <reporter username="the6campbells">N Campbell</reporter>
                        <labels>
                    </labels>
                <created>Fri, 22 Jun 2012 02:23:14 +0000</created>
                <updated>Mon, 26 Sep 2016 17:50:15 +0000</updated>
                            <resolved>Mon, 26 Sep 2016 17:50:14 +0000</resolved>
                                    <version>0.8.1</version>
                                    <fixVersion>2.2.0</fixVersion>
                                    <component>JDBC</component>
                        <due></due>
                            <votes>1</votes>
                                    <watches>5</watches>
                                                                <comments>
                            <comment id="13739085" author="xguo27" created="Wed, 14 Aug 2013 00:40:25 +0000"  >&lt;p&gt;The JDBC driver now has implemented the method getTypeInfo in Hive 0.11.0 and trunk, but the corresponding unit test case is not available.&lt;/p&gt;

&lt;p&gt;I have provided a patch for additional unit test case to verify the implementation of getTypeInfo.&lt;/p&gt;</comment>
                            <comment id="13739177" author="appodictic" created="Wed, 14 Aug 2013 03:28:24 +0000"  >&lt;p&gt;+1. Lets let the tests run.&lt;/p&gt;</comment>
                            <comment id="13739593" author="hiveqa" created="Wed, 14 Aug 2013 12:17:21 +0000"  >

&lt;p&gt;&lt;font color=&quot;green&quot;&gt;Overall&lt;/font&gt;: +1 all checks pass&lt;/p&gt;

&lt;p&gt;Here are the results of testing the latest attachment:&lt;br/&gt;
&lt;a href=&quot;https://issues.apache.org/jira/secure/attachment/12597865/Hive-3173.patch.txt&quot; class=&quot;external-link&quot; rel=&quot;nofollow&quot;&gt;https://issues.apache.org/jira/secure/attachment/12597865/Hive-3173.patch.txt&lt;/a&gt;&lt;/p&gt;

&lt;p&gt;&lt;font color=&quot;green&quot;&gt;SUCCESS:&lt;/font&gt; +1 2857 tests passed&lt;/p&gt;

&lt;p&gt;Test results: &lt;a href=&quot;https://builds.apache.org/job/PreCommit-HIVE-Build/433/testReport&quot; class=&quot;external-link&quot; rel=&quot;nofollow&quot;&gt;https://builds.apache.org/job/PreCommit-HIVE-Build/433/testReport&lt;/a&gt;&lt;br/&gt;
Console output: &lt;a href=&quot;https://builds.apache.org/job/PreCommit-HIVE-Build/433/console&quot; class=&quot;external-link&quot; rel=&quot;nofollow&quot;&gt;https://builds.apache.org/job/PreCommit-HIVE-Build/433/console&lt;/a&gt;&lt;/p&gt;

&lt;p&gt;Messages:&lt;/p&gt;
&lt;div class=&quot;preformatted panel&quot; style=&quot;border-width: 1px;&quot;&gt;&lt;div class=&quot;preformattedContent panelContent&quot;&gt;
&lt;pre&gt;Executing org.apache.hive.ptest.execution.PrepPhase
Executing org.apache.hive.ptest.execution.ExecutionPhase
Executing org.apache.hive.ptest.execution.ReportingPhase
&lt;/pre&gt;
&lt;/div&gt;&lt;/div&gt;

&lt;p&gt;This message is automatically generated.&lt;/p&gt;</comment>
                            <comment id="13793491" author="the6campbells" created="Sat, 12 Oct 2013 21:37:57 +0000"  >&lt;p&gt;Hive 0.11 fails to define prefix and suffix information etc.&lt;/p&gt;

&lt;p&gt;TYPE_NAME	DATA_TYPE	PRECISION	LITERAL_PREFIX	LITERAL_SUFFIX	CREATE_PARAMS	NULLABLE	CASE_SENSITIVE	SEARCHABLE	UNSIGNED_ATTRIBUTE	FIXED_PREC_SCALE	AUTO_INCREMENT	LOCAL_TYPE_NAME	MINIMUM_SCALE	MAXIMUM_SCALE	SQL_DATA_TYPE	SQL_DATETIME_SUB	NUM_PREC_RADIX&lt;br/&gt;
ARRAY	12 &lt;span class=&quot;error&quot;&gt;&amp;#91;VARCHAR&amp;#93;&lt;/span&gt;	&amp;lt;null&amp;gt;	&amp;lt;null&amp;gt;	&amp;lt;null&amp;gt;	&amp;lt;null&amp;gt;	true	false	no support	true	false	false	&amp;lt;null&amp;gt;	0	0	&amp;lt;null&amp;gt;	&amp;lt;null&amp;gt;	&amp;lt;null&amp;gt;&lt;br/&gt;
BIGINT	-5 &lt;span class=&quot;error&quot;&gt;&amp;#91;BIGINT&amp;#93;&lt;/span&gt;	19	&amp;lt;null&amp;gt;	&amp;lt;null&amp;gt;	&amp;lt;null&amp;gt;	true	false	supports all WHERE	false	false	false	&amp;lt;null&amp;gt;	0	0	&amp;lt;null&amp;gt;	&amp;lt;null&amp;gt;	10&lt;br/&gt;
BINARY	-2 &lt;span class=&quot;error&quot;&gt;&amp;#91;BINARY&amp;#93;&lt;/span&gt;	&amp;lt;null&amp;gt;	&amp;lt;null&amp;gt;	&amp;lt;null&amp;gt;	&amp;lt;null&amp;gt;	true	false	supports all WHERE	true	false	false	&amp;lt;null&amp;gt;	0	0	&amp;lt;null&amp;gt;	&amp;lt;null&amp;gt;	&amp;lt;null&amp;gt;&lt;br/&gt;
BOOLEAN	16 &lt;span class=&quot;error&quot;&gt;&amp;#91;BOOLEAN&amp;#93;&lt;/span&gt;	&amp;lt;null&amp;gt;	&amp;lt;null&amp;gt;	&amp;lt;null&amp;gt;	&amp;lt;null&amp;gt;	true	false	supports all WHERE	true	false	false	&amp;lt;null&amp;gt;	0	0	&amp;lt;null&amp;gt;	&amp;lt;null&amp;gt;	&amp;lt;null&amp;gt;&lt;br/&gt;
DECIMAL	3 &lt;span class=&quot;error&quot;&gt;&amp;#91;DECIMAL&amp;#93;&lt;/span&gt;	&amp;lt;null&amp;gt;	&amp;lt;null&amp;gt;	&amp;lt;null&amp;gt;	&amp;lt;null&amp;gt;	true	false	supports all WHERE	false	false	false	&amp;lt;null&amp;gt;	0	0	&amp;lt;null&amp;gt;	&amp;lt;null&amp;gt;	&amp;lt;null&amp;gt;&lt;br/&gt;
DOUBLE	8 &lt;span class=&quot;error&quot;&gt;&amp;#91;DOUBLE&amp;#93;&lt;/span&gt;	15	&amp;lt;null&amp;gt;	&amp;lt;null&amp;gt;	&amp;lt;null&amp;gt;	true	false	supports all WHERE	false	false	false	&amp;lt;null&amp;gt;	0	0	&amp;lt;null&amp;gt;	&amp;lt;null&amp;gt;	2&lt;br/&gt;
FLOAT	6 &lt;span class=&quot;error&quot;&gt;&amp;#91;FLOAT&amp;#93;&lt;/span&gt;	7	&amp;lt;null&amp;gt;	&amp;lt;null&amp;gt;	&amp;lt;null&amp;gt;	true	false	supports all WHERE	false	false	false	&amp;lt;null&amp;gt;	0	0	&amp;lt;null&amp;gt;	&amp;lt;null&amp;gt;	2&lt;br/&gt;
INT	4 &lt;span class=&quot;error&quot;&gt;&amp;#91;INTEGER&amp;#93;&lt;/span&gt;	10	&amp;lt;null&amp;gt;	&amp;lt;null&amp;gt;	&amp;lt;null&amp;gt;	true	false	supports all WHERE	false	false	false	&amp;lt;null&amp;gt;	0	0	&amp;lt;null&amp;gt;	&amp;lt;null&amp;gt;	10&lt;br/&gt;
MAP	12 &lt;span class=&quot;error&quot;&gt;&amp;#91;VARCHAR&amp;#93;&lt;/span&gt;	&amp;lt;null&amp;gt;	&amp;lt;null&amp;gt;	&amp;lt;null&amp;gt;	&amp;lt;null&amp;gt;	true	false	no support	true	false	false	&amp;lt;null&amp;gt;	0	0	&amp;lt;null&amp;gt;	&amp;lt;null&amp;gt;	&amp;lt;null&amp;gt;&lt;br/&gt;
SMALLINT	5 &lt;span class=&quot;error&quot;&gt;&amp;#91;SMALLINT&amp;#93;&lt;/span&gt;	5	&amp;lt;null&amp;gt;	&amp;lt;null&amp;gt;	&amp;lt;null&amp;gt;	true	false	supports all WHERE	false	false	false	&amp;lt;null&amp;gt;	0	0	&amp;lt;null&amp;gt;	&amp;lt;null&amp;gt;	10&lt;br/&gt;
STRING	12 &lt;span class=&quot;error&quot;&gt;&amp;#91;VARCHAR&amp;#93;&lt;/span&gt;	&amp;lt;null&amp;gt;	&amp;lt;null&amp;gt;	&amp;lt;null&amp;gt;	&amp;lt;null&amp;gt;	true	true	supports all WHERE	true	false	false	&amp;lt;null&amp;gt;	0	0	&amp;lt;null&amp;gt;	&amp;lt;null&amp;gt;	&amp;lt;null&amp;gt;&lt;br/&gt;
STRUCT	12 &lt;span class=&quot;error&quot;&gt;&amp;#91;VARCHAR&amp;#93;&lt;/span&gt;	&amp;lt;null&amp;gt;	&amp;lt;null&amp;gt;	&amp;lt;null&amp;gt;	&amp;lt;null&amp;gt;	true	false	no support	true	false	false	&amp;lt;null&amp;gt;	0	0	&amp;lt;null&amp;gt;	&amp;lt;null&amp;gt;	&amp;lt;null&amp;gt;&lt;br/&gt;
TIMESTAMP	93 &lt;span class=&quot;error&quot;&gt;&amp;#91;TIMESTAMP&amp;#93;&lt;/span&gt;	&amp;lt;null&amp;gt;	&amp;lt;null&amp;gt;	&amp;lt;null&amp;gt;	&amp;lt;null&amp;gt;	true	false	supports all WHERE	true	false	false	&amp;lt;null&amp;gt;	0	0	&amp;lt;null&amp;gt;	&amp;lt;null&amp;gt;	&amp;lt;null&amp;gt;&lt;br/&gt;
TINYINT	-6 &lt;span class=&quot;error&quot;&gt;&amp;#91;TINYINT&amp;#93;&lt;/span&gt;	3	&amp;lt;null&amp;gt;	&amp;lt;null&amp;gt;	&amp;lt;null&amp;gt;	true	false	supports all WHERE	false	false	false	&amp;lt;null&amp;gt;	0	0	&amp;lt;null&amp;gt;	&amp;lt;null&amp;gt;	10&lt;br/&gt;
UNIONTYPE	12 &lt;span class=&quot;error&quot;&gt;&amp;#91;VARCHAR&amp;#93;&lt;/span&gt;	&amp;lt;null&amp;gt;	&amp;lt;null&amp;gt;	&amp;lt;null&amp;gt;	&amp;lt;null&amp;gt;	true	false	no support	true	false	false	&amp;lt;null&amp;gt;	0	0	&amp;lt;null&amp;gt;	&amp;lt;null&amp;gt;	&amp;lt;null&amp;gt;&lt;br/&gt;
&amp;lt;null&amp;gt;	12 &lt;span class=&quot;error&quot;&gt;&amp;#91;VARCHAR&amp;#93;&lt;/span&gt;	&amp;lt;null&amp;gt;	&amp;lt;null&amp;gt;	&amp;lt;null&amp;gt;	&amp;lt;null&amp;gt;	true	false	no support	true	false	false	&amp;lt;null&amp;gt;	0	0	&amp;lt;null&amp;gt;	&amp;lt;null&amp;gt;	&amp;lt;null&amp;gt;&lt;/p&gt;</comment>
                            <comment id="15523730" author="alangates" created="Mon, 26 Sep 2016 17:50:15 +0000"  >&lt;p&gt;Patch (finally) committed.  Thank Xiu.&lt;/p&gt;</comment>
                    </comments>
                    <attachments>
                            <attachment id="12597865" name="Hive-3173.patch.txt" size="1730" author="xguo27" created="Wed, 14 Aug 2013 00:40:43 +0000"/>
                    </attachments>
                <subtasks>
                    </subtasks>
                <customfields>
                                                <customfield id="customfield_12310310" key="com.atlassian.jira.toolkit:attachments">
                        <customfieldname>Attachment count</customfieldname>
                        <customfieldvalues>
                            <customfieldvalue>1.0</customfieldvalue>
                        </customfieldvalues>
                    </customfield>
                                                                                                                                                                                                                                                                                                                                                                                                                                                                                                                                <customfield id="customfield_12310220" key="com.atlassian.jira.ext.charting:firstresponsedate">
                        <customfieldname>Date of First Response</customfieldname>
                        <customfieldvalues>
                            <customfieldvalue>Wed, 14 Aug 2013 00:40:25 +0000</customfieldvalue>

                        </customfieldvalues>
                    </customfield>
                                                                                                                                                                                                                                                                                                                                                                                                                                            <customfield id="customfield_12310420" key="com.pyxis.greenhopper.jira:gh-global-rank">
                        <customfieldname>Global Rank</customfieldname>
                        <customfieldvalues>
                            <customfieldvalue>259110</customfieldvalue>
                        </customfieldvalues>
                    </customfield>
                                                                                                                                                    <customfield id="customfield_12312521" key="com.atlassian.jira.toolkit:LastCommentDate">
                        <customfieldname>Last public comment date</customfieldname>
                        <customfieldvalues>
                            9 weeks, 5 days ago
                        </customfieldvalues>
                    </customfield>
                                                                                            <customfield id="customfield_12311820" key="com.pyxis.greenhopper.jira:gh-lexo-rank">
                        <customfieldname>Rank</customfieldname>
                        <customfieldvalues>
                            <customfieldvalue>0|i0lmvj:</customfieldvalue>

                        </customfieldvalues>
                    </customfield>
                                                                <customfield id="customfield_12310920" key="com.pyxis.greenhopper.jira:gh-global-rank">
                        <customfieldname>Rank (Obsolete)</customfieldname>
                        <customfieldvalues>
                            <customfieldvalue>124356</customfieldvalue>
                        </customfieldvalues>
                    </customfield>
                                                                                                                                                                                                                                                                                                                            <customfield id="customfield_12310222" key="com.atlassian.jira.ext.charting:timeinstatus">
                        <customfieldname>Time in Status</customfieldname>
                        <customfieldvalues>
                            
                        </customfieldvalues>
                    </customfield>
                                                                                                                        </customfields>
    </item>
</channel>
</rss>