<!-- 
RSS generated by JIRA (6.3.4#6332-sha1:51bc225ef474afe3128b2f66878477f322397b16) at Fri Dec 02 12:04:35 UTC 2016

It is possible to restrict the fields that are returned in this document by specifying the 'field' parameter in your request.
For example, to request only the issue key and summary add field=key&field=summary to the URL of your request.
For example:
https://issues.apache.org/jira/si/jira.issueviews:issue-xml/HIVE-13622/HIVE-13622.xml?field=key&amp;field=summary
-->
<rss version="0.92" >
<channel>
    <title>ASF JIRA</title>
    <link>https://issues.apache.org/jira</link>
    <description>This file is an XML representation of an issue</description>
    <language>en-uk</language>    <build-info>
        <version>6.3.4</version>
        <build-number>6332</build-number>
        <build-date>15-08-2014</build-date>
    </build-info>

<item>
            <title>[HIVE-13622] WriteSet tracking optimizations</title>
                <link>https://issues.apache.org/jira/browse/HIVE-13622</link>
                <project id="12310843" key="HIVE">Hive</project>
                    <description>&lt;p&gt;&lt;a href=&quot;https://issues.apache.org/jira/browse/HIVE-13395&quot; title=&quot;Lost Update problem in ACID&quot; class=&quot;issue-link&quot; data-issue-key=&quot;HIVE-13395&quot;&gt;&lt;del&gt;HIVE-13395&lt;/del&gt;&lt;/a&gt; solves the the lost update problem with some inefficiencies.&lt;/p&gt;

&lt;p&gt;1. TxhHandler.OperationType is currently derived from LockType.  This doesn&apos;t  distinguish between Update and Delete but would be useful.  See comments in TxnHandler.  Should be able to pass in Insert/Update/Delete info from client into TxnHandler.&lt;br/&gt;
2. TxnHandler.addDynamicPartitions() should know the OperationType as well from the client.  It currently extrapolates it from TXN_COMPONENTS.  This works but requires extra SQL statements and is thus less performant.  It will not work multi-stmt txns.  See comments in the code.&lt;br/&gt;
3. TxnHandler.checkLock() see more comments around &quot;isPartOfDynamicPartitionInsert&quot;.  If TxnHandler knew whether it is being called as part of an op running with dynamic partitions, it could be more efficient.  In that case we don&apos;t have to write to TXN_COMPONENTS at all during lock acquisition.  Conversely, if not running with DynPart then, we can kill current txn on lock grant rather than wait until commit time.&lt;br/&gt;
4. TxnHandler.addDynamicPartitions() - the insert stmt here should combing multiple rows into single SQL stmt (but with a limit for extreme cases)&lt;br/&gt;
5. TxnHandler.enqueueLockWithRetry() - this currently adds components that are only being read to TXN_COMPONENTS.   This is useless at best since read op don&apos;t generate anything to compact.  For example, delete from T where t1 in (select c1 from C) - no reason to add C to txn_components but we do.&lt;/p&gt;

&lt;p&gt;All of these require some Thrift changes&lt;/p&gt;

&lt;p&gt;Once done, re-enable TestDbTxnHandler2.testWriteSetTracking11()&lt;/p&gt;

&lt;p&gt;Also see comments in &lt;a href=&quot;https://issues.apache.org/jira/browse/HIVE-13395?focusedCommentId=15271712&amp;amp;page=com.atlassian.jira.plugin.system.issuetabpanels:comment-tabpanel#comment-15271712&quot; class=&quot;external-link&quot; rel=&quot;nofollow&quot;&gt;here&lt;/a&gt;&lt;/p&gt;</description>
                <environment></environment>
        <key id="12962847">HIVE-13622</key>
            <summary>WriteSet tracking optimizations</summary>
                <type id="1" iconUrl="https://issues.apache.org/jira/images/icons/issuetypes/bug.png">Bug</type>
                                            <priority id="2" iconUrl="https://issues.apache.org/jira/images/icons/priorities/critical.png">Critical</priority>
                        <status id="6" iconUrl="https://issues.apache.org/jira/images/icons/statuses/closed.png" description="The issue is considered finished, the resolution is correct. Issues which are closed can be reopened.">Closed</status>
                    <statusCategory id="3" key="done" colorName="green"/>
                                    <resolution id="1">Fixed</resolution>
                                        <assignee username="ekoifman">Eugene Koifman</assignee>
                                    <reporter username="ekoifman">Eugene Koifman</reporter>
                        <labels>
                    </labels>
                <created>Wed, 27 Apr 2016 01:01:30 +0000</created>
                <updated>Tue, 21 Jun 2016 15:10:59 +0000</updated>
                            <resolved>Thu, 19 May 2016 20:04:08 +0000</resolved>
                                    <version>1.3.0</version>
                    <version>2.1.0</version>
                                    <fixVersion>1.3.0</fixVersion>
                    <fixVersion>2.1.0</fixVersion>
                                    <component>Transactions</component>
                        <due></due>
                            <votes>0</votes>
                                    <watches>2</watches>
                                                                <comments>
                            <comment id="15283331" author="ekoifman" created="Sat, 14 May 2016 00:15:01 +0000"  >&lt;p&gt;patch 2 includes items 1,2,5 above&lt;/p&gt;</comment>
                            <comment id="15283763" author="hiveqa" created="Sun, 15 May 2016 01:58:38 +0000"  >

&lt;p&gt;Here are the results of testing the latest attachment:&lt;br/&gt;
&lt;a href=&quot;https://issues.apache.org/jira/secure/attachment/12803981/HIVE-13622.2.patch&quot; class=&quot;external-link&quot; rel=&quot;nofollow&quot;&gt;https://issues.apache.org/jira/secure/attachment/12803981/HIVE-13622.2.patch&lt;/a&gt;&lt;/p&gt;

&lt;p&gt;&lt;font color=&quot;red&quot;&gt;ERROR:&lt;/font&gt; -1 due to build exiting with an error&lt;/p&gt;

&lt;p&gt;Test results: &lt;a href=&quot;http://ec2-54-177-240-2.us-west-1.compute.amazonaws.com/job/PreCommit-HIVE-MASTER-Build/288/testReport&quot; class=&quot;external-link&quot; rel=&quot;nofollow&quot;&gt;http://ec2-54-177-240-2.us-west-1.compute.amazonaws.com/job/PreCommit-HIVE-MASTER-Build/288/testReport&lt;/a&gt;&lt;br/&gt;
Console output: &lt;a href=&quot;http://ec2-54-177-240-2.us-west-1.compute.amazonaws.com/job/PreCommit-HIVE-MASTER-Build/288/console&quot; class=&quot;external-link&quot; rel=&quot;nofollow&quot;&gt;http://ec2-54-177-240-2.us-west-1.compute.amazonaws.com/job/PreCommit-HIVE-MASTER-Build/288/console&lt;/a&gt;&lt;br/&gt;
Test logs: &lt;a href=&quot;http://ec2-50-18-27-0.us-west-1.compute.amazonaws.com/logs/PreCommit-HIVE-MASTER-Build-288/&quot; class=&quot;external-link&quot; rel=&quot;nofollow&quot;&gt;http://ec2-50-18-27-0.us-west-1.compute.amazonaws.com/logs/PreCommit-HIVE-MASTER-Build-288/&lt;/a&gt;&lt;/p&gt;

&lt;p&gt;Messages:&lt;/p&gt;
&lt;div class=&quot;preformatted panel&quot; style=&quot;border-width: 1px;&quot;&gt;&lt;div class=&quot;preformattedContent panelContent&quot;&gt;
&lt;pre&gt;**** This message was trimmed, see log for full details ****
[INFO] Excluding org.apache.spark:spark-core_2.10:jar:1.6.0 from the shaded jar.
[INFO] Excluding com.twitter:chill_2.10:jar:0.5.0 from the shaded jar.
[INFO] Excluding com.twitter:chill-java:jar:0.5.0 from the shaded jar.
[INFO] Excluding org.apache.xbean:xbean-asm5-shaded:jar:4.4 from the shaded jar.
[INFO] Excluding org.apache.hadoop:hadoop-client:jar:2.6.0 from the shaded jar.
[INFO] Excluding org.apache.hadoop:hadoop-mapreduce-client-app:jar:2.6.0 from the shaded jar.
[INFO] Excluding org.apache.hadoop:hadoop-mapreduce-client-shuffle:jar:2.6.0 from the shaded jar.
[INFO] Excluding org.apache.hadoop:hadoop-mapreduce-client-jobclient:jar:2.6.0 from the shaded jar.
[INFO] Excluding org.apache.spark:spark-launcher_2.10:jar:1.6.0 from the shaded jar.
[INFO] Excluding org.apache.spark:spark-network-common_2.10:jar:1.6.0 from the shaded jar.
[INFO] Excluding org.apache.spark:spark-network-shuffle_2.10:jar:1.6.0 from the shaded jar.
[INFO] Excluding org.apache.spark:spark-unsafe_2.10:jar:1.6.0 from the shaded jar.
[INFO] Excluding org.slf4j:jul-to-slf4j:jar:1.7.10 from the shaded jar.
[INFO] Excluding org.slf4j:jcl-over-slf4j:jar:1.7.10 from the shaded jar.
[INFO] Excluding com.ning:compress-lzf:jar:1.0.3 from the shaded jar.
[INFO] Excluding net.jpountz.lz4:lz4:jar:1.3.0 from the shaded jar.
[INFO] Excluding com.typesafe.akka:akka-remote_2.10:jar:2.3.11 from the shaded jar.
[INFO] Excluding com.typesafe.akka:akka-actor_2.10:jar:2.3.11 from the shaded jar.
[INFO] Excluding com.typesafe:config:jar:1.2.1 from the shaded jar.
[INFO] Excluding org.uncommons.maths:uncommons-maths:jar:1.2.2a from the shaded jar.
[INFO] Excluding com.typesafe.akka:akka-slf4j_2.10:jar:2.3.11 from the shaded jar.
[INFO] Excluding org.scala-lang:scala-library:jar:2.10.4 from the shaded jar.
[INFO] Excluding org.json4s:json4s-jackson_2.10:jar:3.2.10 from the shaded jar.
[INFO] Excluding org.json4s:json4s-core_2.10:jar:3.2.10 from the shaded jar.
[INFO] Excluding org.json4s:json4s-ast_2.10:jar:3.2.10 from the shaded jar.
[INFO] Excluding org.scala-lang:scalap:jar:2.10.0 from the shaded jar.
[INFO] Excluding org.scala-lang:scala-compiler:jar:2.10.0 from the shaded jar.
[INFO] Excluding org.apache.mesos:mesos:jar:shaded-protobuf:0.21.1 from the shaded jar.
[INFO] Excluding com.clearspring.analytics:stream:jar:2.7.0 from the shaded jar.
[INFO] Excluding io.dropwizard.metrics:metrics-graphite:jar:3.1.2 from the shaded jar.
[INFO] Excluding com.fasterxml.jackson.module:jackson-module-scala_2.10:jar:2.4.4 from the shaded jar.
[INFO] Excluding org.scala-lang:scala-reflect:jar:2.10.4 from the shaded jar.
[INFO] Excluding oro:oro:jar:2.0.8 from the shaded jar.
[INFO] Excluding org.tachyonproject:tachyon-client:jar:0.8.2 from the shaded jar.
[INFO] Excluding org.tachyonproject:tachyon-underfs-hdfs:jar:0.8.2 from the shaded jar.
[INFO] Excluding org.tachyonproject:tachyon-underfs-s3:jar:0.8.2 from the shaded jar.
[INFO] Excluding org.tachyonproject:tachyon-underfs-local:jar:0.8.2 from the shaded jar.
[INFO] Excluding net.razorvine:pyrolite:jar:4.9 from the shaded jar.
[INFO] Excluding net.sf.py4j:py4j:jar:0.9 from the shaded jar.
[INFO] Excluding org.spark-project.spark:unused:jar:1.0.0 from the shaded jar.
[INFO] Excluding org.slf4j:slf4j-api:jar:1.7.10 from the shaded jar.
[INFO] Replacing original artifact with shaded artifact.
[INFO] Replacing /data/hive-ptest/working/apache-github-source-source/ql/target/hive-exec-2.1.0-SNAPSHOT.jar with /data/hive-ptest/working/apache-github-source-source/ql/target/hive-exec-2.1.0-SNAPSHOT-shaded.jar
[INFO] Dependency-reduced POM written at: /data/hive-ptest/working/apache-github-source-source/ql/dependency-reduced-pom.xml
[INFO] Dependency-reduced POM written at: /data/hive-ptest/working/apache-github-source-source/ql/dependency-reduced-pom.xml
[INFO] Dependency-reduced POM written at: /data/hive-ptest/working/apache-github-source-source/ql/dependency-reduced-pom.xml
[INFO] Dependency-reduced POM written at: /data/hive-ptest/working/apache-github-source-source/ql/dependency-reduced-pom.xml
[INFO] Dependency-reduced POM written at: /data/hive-ptest/working/apache-github-source-source/ql/dependency-reduced-pom.xml
[INFO] Dependency-reduced POM written at: /data/hive-ptest/working/apache-github-source-source/ql/dependency-reduced-pom.xml
[INFO] 
[INFO] --- maven-install-plugin:2.4:install (default-install) @ hive-exec ---
[INFO] Installing /data/hive-ptest/working/apache-github-source-source/ql/target/hive-exec-2.1.0-SNAPSHOT.jar to /home/hiveptest/.m2/repository/org/apache/hive/hive-exec/2.1.0-SNAPSHOT/hive-exec-2.1.0-SNAPSHOT.jar
[INFO] Installing /data/hive-ptest/working/apache-github-source-source/ql/dependency-reduced-pom.xml to /home/hiveptest/.m2/repository/org/apache/hive/hive-exec/2.1.0-SNAPSHOT/hive-exec-2.1.0-SNAPSHOT.pom
[INFO] Installing /data/hive-ptest/working/apache-github-source-source/ql/target/hive-exec-2.1.0-SNAPSHOT-tests.jar to /home/hiveptest/.m2/repository/org/apache/hive/hive-exec/2.1.0-SNAPSHOT/hive-exec-2.1.0-SNAPSHOT-tests.jar
[INFO] Installing /data/hive-ptest/working/apache-github-source-source/ql/target/hive-exec-2.1.0-SNAPSHOT-core.jar to /home/hiveptest/.m2/repository/org/apache/hive/hive-exec/2.1.0-SNAPSHOT/hive-exec-2.1.0-SNAPSHOT-core.jar
[INFO]                                                                         
[INFO] ------------------------------------------------------------------------
[INFO] Building Hive Llap Server 2.1.0-SNAPSHOT
[INFO] ------------------------------------------------------------------------
[INFO] 
[INFO] --- maven-clean-plugin:2.5:clean (default-clean) @ hive-llap-server ---
[INFO] Deleting /data/hive-ptest/working/apache-github-source-source/llap-server/target
[INFO] Deleting /data/hive-ptest/working/apache-github-source-source/llap-server (includes = [datanucleus.log, derby.log], excludes = [])
[INFO] 
[INFO] --- maven-enforcer-plugin:1.3.1:enforce (enforce-no-snapshots) @ hive-llap-server ---
[INFO] 
[INFO] --- build-helper-maven-plugin:1.8:add-source (add-source) @ hive-llap-server ---
[INFO] Source directory: /data/hive-ptest/working/apache-github-source-source/llap-server/src/gen/protobuf/gen-java added.
[INFO] Source directory: /data/hive-ptest/working/apache-github-source-source/llap-server/src/gen/thrift/gen-javabean added.
[INFO] 
[INFO] --- maven-remote-resources-plugin:1.5:process (default) @ hive-llap-server ---
[INFO] 
[INFO] --- maven-resources-plugin:2.6:resources (default-resources) @ hive-llap-server ---
[INFO] Using &apos;UTF-8&apos; encoding to copy filtered resources.
[INFO] Copying 19 resources
[INFO] Copying 3 resources
[INFO] 
[INFO] --- maven-antrun-plugin:1.7:run (define-classpath) @ hive-llap-server ---
[INFO] Executing tasks

main:
[INFO] Executed tasks
[INFO] 
[INFO] --- maven-compiler-plugin:3.1:compile (default-compile) @ hive-llap-server ---
[INFO] Compiling 87 source files to /data/hive-ptest/working/apache-github-source-source/llap-server/target/classes
[WARNING] /data/hive-ptest/working/apache-github-source-source/llap-server/src/java/org/apache/hadoop/hive/llap/cache/SimpleAllocator.java:[29,16] sun.misc.Cleaner is internal proprietary API and may be removed in a future release
[WARNING] /data/hive-ptest/working/apache-github-source-source/llap-server/src/java/org/apache/hadoop/hive/llap/cache/SimpleAllocator.java:[29,16] sun.misc.Cleaner is internal proprietary API and may be removed in a future release
[WARNING] /data/hive-ptest/working/apache-github-source-source/llap-server/src/java/org/apache/hadoop/hive/llap/cache/SimpleAllocator.java:[29,16] sun.misc.Cleaner is internal proprietary API and may be removed in a future release
[WARNING] /data/hive-ptest/working/apache-github-source-source/llap-server/src/java/org/apache/hadoop/hive/llap/cache/SimpleAllocator.java:[74,9] sun.misc.Cleaner is internal proprietary API and may be removed in a future release
[WARNING] /data/hive-ptest/working/apache-github-source-source/llap-server/src/java/org/apache/hadoop/hive/llap/io/metadata/OrcFileMetadata.java: Some input files use or override a deprecated API.
[WARNING] /data/hive-ptest/working/apache-github-source-source/llap-server/src/java/org/apache/hadoop/hive/llap/io/metadata/OrcFileMetadata.java: Recompile with -Xlint:deprecation for details.
[WARNING] /data/hive-ptest/working/apache-github-source-source/llap-server/src/java/org/apache/hadoop/hive/llap/shufflehandler/DirWatcher.java: Some input files use unchecked or unsafe operations.
[WARNING] /data/hive-ptest/working/apache-github-source-source/llap-server/src/java/org/apache/hadoop/hive/llap/shufflehandler/DirWatcher.java: Recompile with -Xlint:unchecked for details.
[INFO] 
[INFO] --- maven-resources-plugin:2.6:testResources (default-testResources) @ hive-llap-server ---
[INFO] Using &apos;UTF-8&apos; encoding to copy filtered resources.
[INFO] Copying 4 resources
[INFO] Copying 3 resources
[INFO] 
[INFO] --- maven-antrun-plugin:1.7:run (setup-test-dirs) @ hive-llap-server ---
[INFO] Executing tasks

main:
    [mkdir] Created dir: /data/hive-ptest/working/apache-github-source-source/llap-server/target/tmp
    [mkdir] Created dir: /data/hive-ptest/working/apache-github-source-source/llap-server/target/warehouse
    [mkdir] Created dir: /data/hive-ptest/working/apache-github-source-source/llap-server/target/tmp/conf
     [copy] Copying 15 files to /data/hive-ptest/working/apache-github-source-source/llap-server/target/tmp/conf
[INFO] Executed tasks
[INFO] 
[INFO] --- maven-compiler-plugin:3.1:testCompile (default-testCompile) @ hive-llap-server ---
[INFO] Compiling 13 source files to /data/hive-ptest/working/apache-github-source-source/llap-server/target/test-classes
[WARNING] /data/hive-ptest/working/apache-github-source-source/llap-server/src/test/org/apache/hadoop/hive/llap/daemon/impl/comparator/TestFirstInFirstOutComparator.java: Some input files use unchecked or unsafe operations.
[WARNING] /data/hive-ptest/working/apache-github-source-source/llap-server/src/test/org/apache/hadoop/hive/llap/daemon/impl/comparator/TestFirstInFirstOutComparator.java: Recompile with -Xlint:unchecked for details.
[INFO] 
[INFO] --- maven-surefire-plugin:2.16:test (default-test) @ hive-llap-server ---
[INFO] Tests are skipped.
[INFO] 
[INFO] --- maven-jar-plugin:2.2:jar (default-jar) @ hive-llap-server ---
[INFO] Building jar: /data/hive-ptest/working/apache-github-source-source/llap-server/target/hive-llap-server-2.1.0-SNAPSHOT.jar
[INFO] 
[INFO] --- maven-site-plugin:3.3:attach-descriptor (attach-descriptor) @ hive-llap-server ---
[INFO] 
[INFO] --- maven-jar-plugin:2.2:test-jar (default) @ hive-llap-server ---
[INFO] Building jar: /data/hive-ptest/working/apache-github-source-source/llap-server/target/hive-llap-server-2.1.0-SNAPSHOT-tests.jar
[INFO] 
[INFO] --- maven-install-plugin:2.4:install (default-install) @ hive-llap-server ---
[INFO] Installing /data/hive-ptest/working/apache-github-source-source/llap-server/target/hive-llap-server-2.1.0-SNAPSHOT.jar to /home/hiveptest/.m2/repository/org/apache/hive/hive-llap-server/2.1.0-SNAPSHOT/hive-llap-server-2.1.0-SNAPSHOT.jar
[INFO] Installing /data/hive-ptest/working/apache-github-source-source/llap-server/pom.xml to /home/hiveptest/.m2/repository/org/apache/hive/hive-llap-server/2.1.0-SNAPSHOT/hive-llap-server-2.1.0-SNAPSHOT.pom
[INFO] Installing /data/hive-ptest/working/apache-github-source-source/llap-server/target/hive-llap-server-2.1.0-SNAPSHOT-tests.jar to /home/hiveptest/.m2/repository/org/apache/hive/hive-llap-server/2.1.0-SNAPSHOT/hive-llap-server-2.1.0-SNAPSHOT-tests.jar
[INFO]                                                                         
[INFO] ------------------------------------------------------------------------
[INFO] Building Hive Service 2.1.0-SNAPSHOT
[INFO] ------------------------------------------------------------------------
Downloading: http://repository.apache.org/snapshots/org/apache/directory/client/ldap/ldap-client-api/0.1-SNAPSHOT/maven-metadata.xml

[WARNING] Could not transfer metadata org.apache.directory.client.ldap:ldap-client-api:0.1-SNAPSHOT/maven-metadata.xml from/to apache.snapshots (http://repository.apache.org/snapshots): Failed to transfer file: http://repository.apache.org/snapshots/org/apache/directory/client/ldap/ldap-client-api/0.1-SNAPSHOT/maven-metadata.xml. Return code is: 503 , ReasonPhrase:Service Unavailable.
[WARNING] Failure to transfer org.apache.directory.client.ldap:ldap-client-api:0.1-SNAPSHOT/maven-metadata.xml from http://repository.apache.org/snapshots was cached in the local repository, resolution will not be reattempted until the update interval of apache.snapshots has elapsed or updates are forced. Original error: Could not transfer metadata org.apache.directory.client.ldap:ldap-client-api:0.1-SNAPSHOT/maven-metadata.xml from/to apache.snapshots (http://repository.apache.org/snapshots): Failed to transfer file: http://repository.apache.org/snapshots/org/apache/directory/client/ldap/ldap-client-api/0.1-SNAPSHOT/maven-metadata.xml. Return code is: 503 , ReasonPhrase:Service Unavailable.
Downloading: http://repository.apache.org/snapshots/org/apache/directory/client/ldap/ldap-client-api/0.1-SNAPSHOT/ldap-client-api-0.1-SNAPSHOT.pom

[INFO] ------------------------------------------------------------------------
[INFO] Reactor Summary:
[INFO] 
[INFO] Hive .............................................. SUCCESS [3.148s]
[INFO] Hive Shims Common ................................. SUCCESS [5.074s]
[INFO] Hive Shims 0.23 ................................... SUCCESS [3.304s]
[INFO] Hive Shims Scheduler .............................. SUCCESS [0.908s]
[INFO] Hive Shims ........................................ SUCCESS [0.773s]
[INFO] Hive Storage API .................................. SUCCESS [1.708s]
[INFO] Hive ORC .......................................... SUCCESS [2.892s]
[INFO] Hive Common ....................................... SUCCESS [4.510s]
[INFO] Hive Service RPC .................................. SUCCESS [2.754s]
[INFO] Hive Serde ........................................ SUCCESS [3.765s]
[INFO] Hive Metastore .................................... SUCCESS [17.064s]
[INFO] Hive Ant Utilities ................................ SUCCESS [0.503s]
[INFO] Hive Llap Common .................................. SUCCESS [4.747s]
[INFO] Hive Llap Client .................................. SUCCESS [1.150s]
[INFO] Hive Llap Tez ..................................... SUCCESS [1.257s]
[INFO] Spark Remote Client ............................... SUCCESS [2.344s]
[INFO] Hive Query Language ............................... SUCCESS [48.559s]
[INFO] Hive Llap Server .................................. SUCCESS [2.685s]
[INFO] Hive Service ...................................... FAILURE [11.141s]
[INFO] Hive Accumulo Handler ............................. SKIPPED
[INFO] Hive JDBC ......................................... SKIPPED
[INFO] Hive Beeline ...................................... SKIPPED
[INFO] Hive CLI .......................................... SKIPPED
[INFO] Hive Contrib ...................................... SKIPPED
[INFO] Hive HBase Handler ................................ SKIPPED
[INFO] Hive HCatalog ..................................... SKIPPED
[INFO] Hive HCatalog Core ................................ SKIPPED
[INFO] Hive HCatalog Pig Adapter ......................... SKIPPED
[INFO] Hive HCatalog Server Extensions ................... SKIPPED
[INFO] Hive HCatalog Webhcat Java Client ................. SKIPPED
[INFO] Hive HCatalog Webhcat ............................. SKIPPED
[INFO] Hive HCatalog Streaming ........................... SKIPPED
[INFO] Hive HPL/SQL ...................................... SKIPPED
[INFO] Hive HWI .......................................... SKIPPED
[INFO] Hive Llap External Client ......................... SKIPPED
[INFO] Hive Shims Aggregator ............................. SKIPPED
[INFO] Hive TestUtils .................................... SKIPPED
[INFO] Hive Packaging .................................... SKIPPED
[INFO] ------------------------------------------------------------------------
[INFO] BUILD FAILURE
[INFO] ------------------------------------------------------------------------
[INFO] Total time: 1:59.396s
[INFO] Finished at: Sun May 15 01:59:26 GMT 2016
[INFO] Final Memory: 157M/1179M
[INFO] ------------------------------------------------------------------------
[WARNING] The requested profile &quot;hadoop-1&quot; could not be activated because it does not exist.
[ERROR] Failed to execute goal on project hive-service: Could not resolve dependencies for project org.apache.hive:hive-service:jar:2.1.0-SNAPSHOT: Failed to collect dependencies for [org.apache.hive:hive-exec:jar:2.1.0-SNAPSHOT (compile), org.apache.hive:hive-metastore:jar:2.1.0-SNAPSHOT (compile), org.apache.hive:hive-service-rpc:jar:2.1.0-SNAPSHOT (compile), org.apache.hive:hive-llap-server:jar:2.1.0-SNAPSHOT (compile), commons-codec:commons-codec:jar:1.4 (compile), commons-cli:commons-cli:jar:1.2 (compile), net.sf.jpam:jpam:jar:1.1 (compile), commons-lang:commons-lang:jar:2.6 (compile), org.eclipse.jetty.aggregate:jetty-all:jar:7.6.0.v20120127 (compile), tomcat:jasper-compiler:jar:5.5.23 (compile), tomcat:jasper-runtime:jar:5.5.23 (compile), org.apache.thrift:libfb303:jar:0.9.3 (compile), org.apache.thrift:libthrift:jar:0.9.3 (compile), org.apache.curator:curator-framework:jar:2.6.0 (compile), org.apache.curator:curator-recipes:jar:2.6.0 (compile), org.apache.hadoop:hadoop-common:jar:2.6.0 (compile?), org.apache.hadoop:hadoop-mapreduce-client-core:jar:2.6.0 (compile?), org.jamon:jamon-runtime:jar:2.3.1 (compile), org.apache.hive:hive-exec:jar:tests:2.1.0-SNAPSHOT (test), org.apache.hive:hive-common:jar:tests:2.1.0-SNAPSHOT (test), junit:junit:jar:4.11 (test), org.apache.directory.client.ldap:ldap-client-api:jar:0.1 (test), org.apache.directory.server:apacheds-server-integ:jar:1.5.6 (test), org.apache.directory.server:apacheds-test-framework:jar:1.5.6 (test), org.slf4j:slf4j-api:jar:1.7.10 (compile)]: Failed to read artifact descriptor for org.apache.directory.client.ldap:ldap-client-api:jar:0.1-SNAPSHOT: Could not transfer artifact org.apache.directory.client.ldap:ldap-client-api:pom:0.1-SNAPSHOT from/to apache.snapshots (http://repository.apache.org/snapshots): Failed to transfer file: http://repository.apache.org/snapshots/org/apache/directory/client/ldap/ldap-client-api/0.1-SNAPSHOT/ldap-client-api-0.1-SNAPSHOT.pom. Return code is: 503 , ReasonPhrase:Service Unavailable. -&amp;gt; [Help 1]
[ERROR] 
[ERROR] To see the full stack trace of the errors, re-run Maven with the -e switch.
[ERROR] Re-run Maven using the -X switch to enable full debug logging.
[ERROR] 
[ERROR] For more information about the errors and possible solutions, please read the following articles:
[ERROR] [Help 1] http://cwiki.apache.org/confluence/display/MAVEN/DependencyResolutionException
[ERROR] 
[ERROR] After correcting the problems, you can resume the build with the command
[ERROR]   mvn &amp;lt;goals&amp;gt; -rf :hive-service
+ exit 1
&apos;
&lt;/pre&gt;
&lt;/div&gt;&lt;/div&gt;

&lt;p&gt;This message is automatically generated.&lt;/p&gt;

&lt;p&gt;ATTACHMENT ID: 12803981 - PreCommit-HIVE-MASTER-Build&lt;/p&gt;</comment>
                            <comment id="15285109" author="ekoifman" created="Mon, 16 May 2016 19:08:47 +0000"  >&lt;p&gt;&lt;a href=&quot;https://issues.apache.org/jira/secure/ViewProfile.jspa?name=teabot&quot; class=&quot;user-hover&quot; rel=&quot;teabot&quot;&gt;Elliot West&lt;/a&gt; could you look at this patch please?  I made changes to Lock and TestLock but they are not perfect.&lt;br/&gt;
I now need the client to set additional properties on LockComponent.  One to indicate the operation type (CRUD) and another to indicate if the resource is acid or not.  I made changes in Lock conservatively to make sure old behavior is preserved but ideally it should differentiate all 4 operations.  It wasn&apos;t obvious to me how to get that information.  &lt;/p&gt;</comment>
                            <comment id="15285939" author="ekoifman" created="Tue, 17 May 2016 03:10:15 +0000"  >&lt;p&gt;Test Results&lt;/p&gt;
&lt;div class=&quot;preformatted panel&quot; style=&quot;border-width: 1px;&quot;&gt;&lt;div class=&quot;preformattedContent panelContent&quot;&gt;
&lt;pre&gt;Test Name Duration Age
 org.apache.hadoop.hive.cli.TestHBaseCliDriver.testCliDriver_hbase_queries	5 min 32 sec	1
 org.apache.hadoop.hive.llap.tez.TestLlapDaemonProtocolClientProxy.testSingleInvocationPerNode	5 sec	1
 org.apache.hadoop.hive.llap.tezplugins.TestLlapTaskSchedulerService.testDelayedLocalityNodeCommErrorImmediateAllocation	10 sec	1
 org.apache.hadoop.hive.metastore.TestMetaStoreMetrics.testConnections	87 ms	1
 org.apache.hive.jdbc.TestSSL.testSSLConnectionWithURL	32 sec	1
 org.apache.hadoop.hive.llap.daemon.impl.TestTaskExecutorService.testPreemptionQueueComparator	5 sec	1
 org.apache.hadoop.hive.llap.daemon.impl.comparator.TestShortestJobFirstComparator.testWaitQueueComparatorWithinDagPriority	5.3 sec	4
 org.apache.hadoop.hive.cli.TestCliDriver.testCliDriver_insert_values_orig_table_use_metadata	41 sec	6
 org.apache.hadoop.hive.cli.TestCliDriver.testCliDriver_join32	8.4 sec	6
 org.apache.hadoop.hive.cli.TestEncryptedHDFSCliDriver.testCliDriver_encryption_insert_partition_static	1 min 57 sec	7
 org.apache.hadoop.hive.cli.TestEncryptedHDFSCliDriver.testCliDriver_encryption_insert_partition_dynamic	1 min 15 sec	7
 org.apache.hive.minikdc.TestHiveAuthFactory.testStartTokenManagerForMemoryTokenStore	1.2 sec	7
 org.apache.hive.minikdc.TestHiveAuthFactory.testStartTokenManagerForDBTokenStore	0.32 sec	7
 org.apache.hive.minikdc.TestMiniHiveKdc.testLogin	1 min 49 sec	7
 org.apache.hadoop.hive.llap.tez.TestConverters.testFragmentSpecToTaskSpec	54 ms	27
 org.apache.hive.service.cli.session.TestHiveSessionImpl.testLeakOperationHandle	28 sec	27
 org.apache.hadoop.hive.llap.tezplugins.TestLlapTaskCommunicator.testFinishableStateUpdateFailure	5.1 sec	40
 org.apache.hadoop.hive.cli.TestCliDriver.testCliDriver_selectindate	13 sec	59
 org.apache.hadoop.hive.cli.TestCliDriver.testCliDriver_avrocountemptytbl	9.6 sec	59
 org.apache.hadoop.hive.cli.TestCliDriver.testCliDriver_order_null	46 sec	59
 org.apache.hadoop.hive.cli.TestEncryptedHDFSCliDriver.testCliDriver_encryption_join_with_different_encryption_keys	1 min 36 sec	59
 org.apache.hadoop.hive.cli.TestMiniSparkOnYarnCliDriver.testCliDriver_index_bitmap3	9.7 sec	59
 org.apache.hadoop.hive.cli.TestMinimrCliDriver.org.apache.hadoop.hive.cli.TestMinimrCliDriver	1 min 16 sec	59
&lt;/pre&gt;
&lt;/div&gt;&lt;/div&gt;

&lt;p&gt;Failures are not related&lt;/p&gt;</comment>
                            <comment id="15285940" author="ekoifman" created="Tue, 17 May 2016 03:10:39 +0000"  >&lt;p&gt;&lt;a href=&quot;https://issues.apache.org/jira/secure/ViewProfile.jspa?name=alangates&quot; class=&quot;user-hover&quot; rel=&quot;alangates&quot;&gt;Alan Gates&lt;/a&gt; could you review please&lt;/p&gt;</comment>
                            <comment id="15287249" author="hiveqa" created="Tue, 17 May 2016 18:42:41 +0000"  >

&lt;p&gt;Here are the results of testing the latest attachment:&lt;br/&gt;
&lt;a href=&quot;https://issues.apache.org/jira/secure/attachment/12804232/HIVE-13622.4.patch&quot; class=&quot;external-link&quot; rel=&quot;nofollow&quot;&gt;https://issues.apache.org/jira/secure/attachment/12804232/HIVE-13622.4.patch&lt;/a&gt;&lt;/p&gt;

&lt;p&gt;&lt;font color=&quot;green&quot;&gt;SUCCESS:&lt;/font&gt; +1 due to 7 test(s) being added or modified.&lt;/p&gt;

&lt;p&gt;&lt;font color=&quot;red&quot;&gt;ERROR:&lt;/font&gt; -1 due to 54 failed/errored test(s), 10026 tests executed&lt;br/&gt;
&lt;b&gt;Failed tests:&lt;/b&gt;&lt;/p&gt;
&lt;div class=&quot;preformatted panel&quot; style=&quot;border-width: 1px;&quot;&gt;&lt;div class=&quot;preformattedContent panelContent&quot;&gt;
&lt;pre&gt;TestHWISessionManager - did not produce a TEST-*.xml file
TestMiniLlapCliDriver - did not produce a TEST-*.xml file
TestMiniTezCliDriver-join1.q-mapjoin_decimal.q-union5.q-and-12-more - did not produce a TEST-*.xml file
TestMiniTezCliDriver-schema_evol_text_nonvec_mapwork_table.q-vector_decimal_trailing.q-subquery_in.q-and-12-more - did not produce a TEST-*.xml file
org.apache.hadoop.hive.cli.TestCliDriver.testCliDriver_ivyDownload
org.apache.hadoop.hive.cli.TestHBaseCliDriver.testCliDriver_hbase_queries
org.apache.hadoop.hive.cli.TestMiniSparkOnYarnCliDriver.testCliDriver_index_bitmap3
org.apache.hadoop.hive.llap.daemon.impl.TestTaskExecutorService.testPreemptionQueueComparator
org.apache.hadoop.hive.llap.daemon.impl.comparator.TestShortestJobFirstComparator.testWaitQueueComparatorWithinDagPriority
org.apache.hadoop.hive.llap.tez.TestConverters.testFragmentSpecToTaskSpec
org.apache.hadoop.hive.llap.tezplugins.TestLlapTaskCommunicator.testFinishableStateUpdateFailure
org.apache.hadoop.hive.metastore.TestAuthzApiEmbedAuthorizerInRemote.org.apache.hadoop.hive.metastore.TestAuthzApiEmbedAuthorizerInRemote
org.apache.hadoop.hive.metastore.TestFilterHooks.org.apache.hadoop.hive.metastore.TestFilterHooks
org.apache.hadoop.hive.metastore.TestHiveMetaStoreGetMetaConf.org.apache.hadoop.hive.metastore.TestHiveMetaStoreGetMetaConf
org.apache.hadoop.hive.metastore.TestHiveMetaStorePartitionSpecs.org.apache.hadoop.hive.metastore.TestHiveMetaStorePartitionSpecs
org.apache.hadoop.hive.metastore.TestHiveMetaStoreStatsMerge.testStatsMerge
org.apache.hadoop.hive.metastore.TestMetaStoreAuthorization.testMetaStoreAuthorization
org.apache.hadoop.hive.metastore.TestMetaStoreEndFunctionListener.testEndFunctionListener
org.apache.hadoop.hive.metastore.TestMetaStoreEventListenerOnlyOnCommit.testEventStatus
org.apache.hadoop.hive.metastore.TestMetaStoreInitListener.testMetaStoreInitListener
org.apache.hadoop.hive.metastore.TestMetaStoreMetrics.org.apache.hadoop.hive.metastore.TestMetaStoreMetrics
org.apache.hadoop.hive.metastore.TestPartitionNameWhitelistValidation.testAddPartitionWithUnicode
org.apache.hadoop.hive.metastore.TestPartitionNameWhitelistValidation.testAddPartitionWithValidPartVal
org.apache.hadoop.hive.metastore.TestPartitionNameWhitelistValidation.testAppendPartitionWithCommas
org.apache.hadoop.hive.metastore.TestPartitionNameWhitelistValidation.testAppendPartitionWithUnicode
org.apache.hadoop.hive.metastore.TestPartitionNameWhitelistValidation.testAppendPartitionWithValidCharacters
org.apache.hadoop.hive.metastore.TestRemoteUGIHiveMetaStoreIpAddress.testIpAddress
org.apache.hadoop.hive.metastore.TestRetryingHMSHandler.testRetryingHMSHandler
org.apache.hadoop.hive.metastore.hbase.TestHBaseImport.org.apache.hadoop.hive.metastore.hbase.TestHBaseImport
org.apache.hadoop.hive.ql.TestTxnCommands.testSimpleAcidInsert
org.apache.hadoop.hive.ql.exec.tez.TestDynamicPartitionPruner.testSingleSourceMultipleFiltersOrdering1
org.apache.hadoop.hive.ql.security.TestClientSideAuthorizationProvider.testSimplePrivileges
org.apache.hadoop.hive.ql.security.TestExtendedAcls.org.apache.hadoop.hive.ql.security.TestExtendedAcls
org.apache.hadoop.hive.ql.security.TestFolderPermissions.org.apache.hadoop.hive.ql.security.TestFolderPermissions
org.apache.hadoop.hive.ql.security.TestMetastoreAuthorizationProvider.testSimplePrivileges
org.apache.hadoop.hive.ql.security.TestMultiAuthorizationPreEventListener.org.apache.hadoop.hive.ql.security.TestMultiAuthorizationPreEventListener
org.apache.hadoop.hive.ql.security.TestStorageBasedClientSideAuthorizationProvider.testSimplePrivileges
org.apache.hadoop.hive.ql.security.TestStorageBasedMetastoreAuthorizationDrops.testDropDatabase
org.apache.hadoop.hive.ql.security.TestStorageBasedMetastoreAuthorizationDrops.testDropPartition
org.apache.hadoop.hive.ql.security.TestStorageBasedMetastoreAuthorizationDrops.testDropTable
org.apache.hadoop.hive.ql.security.TestStorageBasedMetastoreAuthorizationDrops.testDropView
org.apache.hadoop.hive.ql.security.TestStorageBasedMetastoreAuthorizationProvider.testSimplePrivileges
org.apache.hadoop.hive.ql.security.TestStorageBasedMetastoreAuthorizationProviderWithACL.testSimplePrivileges
org.apache.hadoop.hive.ql.security.TestStorageBasedMetastoreAuthorizationReads.testReadDbFailure
org.apache.hadoop.hive.ql.security.TestStorageBasedMetastoreAuthorizationReads.testReadDbSuccess
org.apache.hadoop.hive.ql.security.TestStorageBasedMetastoreAuthorizationReads.testReadTableFailure
org.apache.hadoop.hive.ql.security.TestStorageBasedMetastoreAuthorizationReads.testReadTableSuccess
org.apache.hadoop.hive.thrift.TestHadoopAuthBridge23.testDelegationTokenSharedStore
org.apache.hadoop.hive.thrift.TestHadoopAuthBridge23.testMetastoreProxyUser
org.apache.hadoop.hive.thrift.TestHadoopAuthBridge23.testSaslWithHiveMetaStore
org.apache.hive.hcatalog.listener.TestDbNotificationListener.dropDatabase
org.apache.hive.jdbc.TestSSL.testSSLFetchHttp
org.apache.hive.service.TestHS2ImpersonationWithRemoteMS.org.apache.hive.service.TestHS2ImpersonationWithRemoteMS
org.apache.hive.service.cli.session.TestHiveSessionImpl.testLeakOperationHandle
&lt;/pre&gt;
&lt;/div&gt;&lt;/div&gt;

&lt;p&gt;Test results: &lt;a href=&quot;http://ec2-54-177-240-2.us-west-1.compute.amazonaws.com/job/PreCommit-HIVE-MASTER-Build/307/testReport&quot; class=&quot;external-link&quot; rel=&quot;nofollow&quot;&gt;http://ec2-54-177-240-2.us-west-1.compute.amazonaws.com/job/PreCommit-HIVE-MASTER-Build/307/testReport&lt;/a&gt;&lt;br/&gt;
Console output: &lt;a href=&quot;http://ec2-54-177-240-2.us-west-1.compute.amazonaws.com/job/PreCommit-HIVE-MASTER-Build/307/console&quot; class=&quot;external-link&quot; rel=&quot;nofollow&quot;&gt;http://ec2-54-177-240-2.us-west-1.compute.amazonaws.com/job/PreCommit-HIVE-MASTER-Build/307/console&lt;/a&gt;&lt;br/&gt;
Test logs: &lt;a href=&quot;http://ec2-50-18-27-0.us-west-1.compute.amazonaws.com/logs/PreCommit-HIVE-MASTER-Build-307/&quot; class=&quot;external-link&quot; rel=&quot;nofollow&quot;&gt;http://ec2-50-18-27-0.us-west-1.compute.amazonaws.com/logs/PreCommit-HIVE-MASTER-Build-307/&lt;/a&gt;&lt;/p&gt;

&lt;p&gt;Messages:&lt;/p&gt;
&lt;div class=&quot;preformatted panel&quot; style=&quot;border-width: 1px;&quot;&gt;&lt;div class=&quot;preformattedContent panelContent&quot;&gt;
&lt;pre&gt;Executing org.apache.hive.ptest.execution.TestCheckPhase
Executing org.apache.hive.ptest.execution.PrepPhase
Executing org.apache.hive.ptest.execution.ExecutionPhase
Executing org.apache.hive.ptest.execution.ReportingPhase
Tests exited with: TestsFailedException: 54 tests failed
&lt;/pre&gt;
&lt;/div&gt;&lt;/div&gt;

&lt;p&gt;This message is automatically generated.&lt;/p&gt;

&lt;p&gt;ATTACHMENT ID: 12804232 - PreCommit-HIVE-MASTER-Build&lt;/p&gt;</comment>
                            <comment id="15290196" author="alangates" created="Thu, 19 May 2016 00:43:53 +0000"  >&lt;p&gt;+1&lt;/p&gt;</comment>
                            <comment id="15292041" author="ekoifman" created="Thu, 19 May 2016 20:03:41 +0000"  >&lt;p&gt;filed &lt;a href=&quot;https://issues.apache.org/jira/browse/HIVE-13795&quot; title=&quot;TxnHandler should know if operation is using dynamic partitions&quot; class=&quot;issue-link&quot; data-issue-key=&quot;HIVE-13795&quot;&gt;HIVE-13795&lt;/a&gt; to followup on Item 3.&lt;/p&gt;

&lt;p&gt;Committed to branch-1 and master&lt;br/&gt;
Thanks Alan for the review&lt;/p&gt;</comment>
                    </comments>
                <issuelinks>
                            <issuelinktype id="10032">
                    <name>Blocker</name>
                                            <outwardlinks description="blocks">
                                        <issuelink>
            <issuekey id="12774712">HIVE-9675</issuekey>
        </issuelink>
                            </outwardlinks>
                                                                <inwardlinks description="is blocked by">
                                        <issuelink>
            <issuekey id="12954819">HIVE-13395</issuekey>
        </issuelink>
                            </inwardlinks>
                                    </issuelinktype>
                            <issuelinktype id="10030">
                    <name>Reference</name>
                                            <outwardlinks description="relates to">
                                        <issuelink>
            <issuekey id="12971278">HIVE-13795</issuekey>
        </issuelink>
                            </outwardlinks>
                                                                <inwardlinks description="is related to">
                                        <issuelink>
            <issuekey id="12967893">HIVE-13741</issuekey>
        </issuelink>
                            </inwardlinks>
                                    </issuelinktype>
                    </issuelinks>
                <attachments>
                            <attachment id="12803981" name="HIVE-13622.2.patch" size="412084" author="ekoifman" created="Sat, 14 May 2016 00:15:01 +0000"/>
                            <attachment id="12804220" name="HIVE-13622.3.patch" size="416533" author="ekoifman" created="Mon, 16 May 2016 18:14:27 +0000"/>
                            <attachment id="12804232" name="HIVE-13622.4.patch" size="416729" author="ekoifman" created="Mon, 16 May 2016 19:03:33 +0000"/>
                            <attachment id="12805033" name="HIVE-13622.branch-1.patch" size="368179" author="ekoifman" created="Thu, 19 May 2016 20:03:41 +0000"/>
                    </attachments>
                <subtasks>
                    </subtasks>
                <customfields>
                                                <customfield id="customfield_12310310" key="com.atlassian.jira.toolkit:attachments">
                        <customfieldname>Attachment count</customfieldname>
                        <customfieldvalues>
                            <customfieldvalue>4.0</customfieldvalue>
                        </customfieldvalues>
                    </customfield>
                                                                                                                                                                                                                                                                                                                                                                                                                                                                                                                                <customfield id="customfield_12310220" key="com.atlassian.jira.ext.charting:firstresponsedate">
                        <customfieldname>Date of First Response</customfieldname>
                        <customfieldvalues>
                            <customfieldvalue>Sun, 15 May 2016 01:58:38 +0000</customfieldvalue>

                        </customfieldvalues>
                    </customfield>
                                                                                                                                                                                                                                                                                                                                                                                                                                            <customfield id="customfield_12310420" key="com.pyxis.greenhopper.jira:gh-global-rank">
                        <customfieldname>Global Rank</customfieldname>
                        <customfieldvalues>
                            <customfieldvalue>9223372036854775807</customfieldvalue>
                        </customfieldvalues>
                    </customfield>
                                                                                                                                                    <customfield id="customfield_12312521" key="com.atlassian.jira.toolkit:LastCommentDate">
                        <customfieldname>Last public comment date</customfieldname>
                        <customfieldvalues>
                            28 weeks ago
                        </customfieldvalues>
                    </customfield>
                                                                                            <customfield id="customfield_12311820" key="com.pyxis.greenhopper.jira:gh-lexo-rank">
                        <customfieldname>Rank</customfieldname>
                        <customfieldvalues>
                            <customfieldvalue>0|i2wslb:</customfieldvalue>

                        </customfieldvalues>
                    </customfield>
                                                                <customfield id="customfield_12310920" key="com.pyxis.greenhopper.jira:gh-global-rank">
                        <customfieldname>Rank (Obsolete)</customfieldname>
                        <customfieldvalues>
                            <customfieldvalue>9223372036854775807</customfieldvalue>
                        </customfieldvalues>
                    </customfield>
                                                                                                                                                                                                                                                                    <customfield id="customfield_12310320" key="com.atlassian.jira.plugin.system.customfieldtypes:multiversion">
                        <customfieldname>Target Version/s</customfieldname>
                        <customfieldvalues>
                                <customfieldvalue>12332154</customfieldvalue>
    <customfieldvalue>12334255</customfieldvalue>
    
                        </customfieldvalues>
                    </customfield>
                                                                                            <customfield id="customfield_12310222" key="com.atlassian.jira.ext.charting:timeinstatus">
                        <customfieldname>Time in Status</customfieldname>
                        <customfieldvalues>
                            
                        </customfieldvalues>
                    </customfield>
                                                                                                                        </customfields>
    </item>
</channel>
</rss>