<!-- 
RSS generated by JIRA (6.3.4#6332-sha1:51bc225ef474afe3128b2f66878477f322397b16) at Fri Dec 02 06:12:37 UTC 2016

It is possible to restrict the fields that are returned in this document by specifying the 'field' parameter in your request.
For example, to request only the issue key and summary add field=key&field=summary to the URL of your request.
For example:
https://issues.apache.org/jira/si/jira.issueviews:issue-xml/HIVE-12879/HIVE-12879.xml?field=key&amp;field=summary
-->
<rss version="0.92" >
<channel>
    <title>ASF JIRA</title>
    <link>https://issues.apache.org/jira</link>
    <description>This file is an XML representation of an issue</description>
    <language>en-uk</language>    <build-info>
        <version>6.3.4</version>
        <build-number>6332</build-number>
        <build-date>15-08-2014</build-date>
    </build-info>

<item>
            <title>[HIVE-12879] RowResolver of Semijoin not updated in CalcitePlanner</title>
                <link>https://issues.apache.org/jira/browse/HIVE-12879</link>
                <project id="12310843" key="HIVE">Hive</project>
                    <description>&lt;p&gt;When we generate a Calcite plan, we might need to cast the column referenced by equality conditions in a Semijoin because Hive works with a more relaxed data type system.&lt;/p&gt;

&lt;p&gt;To cast these columns, we introduce a project operators over the Semijoin inputs. However, these columns were not included in the RowResolver of the Semijoin operator (I guess because they couldn&apos;t be referenced beyond the Semijoin). However, if above the Semijoin a Project operator with a windowing function is generated, the RR for the project is taken from the operator below, resulting in a mismatch.&lt;/p&gt;

&lt;p&gt;The following query can be used to reproduce the problem (with CBO on):&lt;/p&gt;

&lt;div class=&quot;preformatted panel&quot; style=&quot;border-width: 1px;&quot;&gt;&lt;div class=&quot;preformattedContent panelContent&quot;&gt;
&lt;pre&gt;CREATE TABLE table_1 (int_col_1 INT, decimal3003_col_2 DECIMAL(30, 3), timestamp_col_3 TIMESTAMP, decimal0101_col_4 DECIMAL(1, 1), double_col_5 DOUBLE, boolean_col_6 BOOLEAN, timestamp_col_7 TIMESTAMP, varchar0098_col_8 VARCHAR(98), int_col_9 INT, timestamp_col_10 TIMESTAMP, decimal0903_col_11 DECIMAL(9, 3), int_col_12 INT, bigint_col_13 BIGINT, boolean_col_14 BOOLEAN, char0254_col_15 CHAR(254), boolean_col_16 BOOLEAN, smallint_col_17 SMALLINT, float_col_18 FLOAT, decimal2608_col_19 DECIMAL(26, 8), varchar0216_col_20 VARCHAR(216), string_col_21 STRING, timestamp_col_22 TIMESTAMP, double_col_23 DOUBLE, smallint_col_24 SMALLINT, float_col_25 FLOAT, decimal2016_col_26 DECIMAL(20, 16), string_col_27 STRING, decimal0202_col_28 DECIMAL(2, 2), boolean_col_29 BOOLEAN, decimal2020_col_30 DECIMAL(20, 20), float_col_31 FLOAT, boolean_col_32 BOOLEAN, varchar0148_col_33 VARCHAR(148), decimal2121_col_34 DECIMAL(21, 21), timestamp_col_35 TIMESTAMP, float_col_36 FLOAT, float_col_37 FLOAT, string_col_38 STRING, decimal3420_col_39 DECIMAL(34, 20), smallint_col_40 SMALLINT, decimal1408_col_41 DECIMAL(14, 8), string_col_42 STRING, decimal0902_col_43 DECIMAL(9, 2), varchar0204_col_44 VARCHAR(204), float_col_45 FLOAT, tinyint_col_46 TINYINT, double_col_47 DOUBLE, timestamp_col_48 TIMESTAMP, double_col_49 DOUBLE, timestamp_col_50 TIMESTAMP, decimal0704_col_51 DECIMAL(7, 4), int_col_52 INT, double_col_53 DOUBLE, int_col_54 INT, timestamp_col_55 TIMESTAMP, decimal0505_col_56 DECIMAL(5, 5), char0155_col_57 CHAR(155), double_col_58 DOUBLE, timestamp_col_59 TIMESTAMP, double_col_60 DOUBLE, float_col_61 FLOAT, char0249_col_62 CHAR(249), float_col_63 FLOAT, smallint_col_64 SMALLINT, decimal1309_col_65 DECIMAL(13, 9), timestamp_col_66 TIMESTAMP, boolean_col_67 BOOLEAN, tinyint_col_68 TINYINT, tinyint_col_69 TINYINT, double_col_70 DOUBLE, bigint_col_71 BIGINT, boolean_col_72 BOOLEAN, float_col_73 FLOAT, char0222_col_74 CHAR(222), boolean_col_75 BOOLEAN, string_col_76 STRING, decimal2612_col_77 DECIMAL(26, 12), bigint_col_78 BIGINT, char0128_col_79 CHAR(128), tinyint_col_80 TINYINT, boolean_col_81 BOOLEAN, int_col_82 INT, boolean_col_83 BOOLEAN, decimal2622_col_84 DECIMAL(26, 22), boolean_col_85 BOOLEAN, boolean_col_86 BOOLEAN, decimal0907_col_87 DECIMAL(9, 7))
STORED AS orc;
CREATE TABLE table_18 (float_col_1 FLOAT, double_col_2 DOUBLE, decimal2518_col_3 DECIMAL(25, 18), boolean_col_4 BOOLEAN, bigint_col_5 BIGINT, boolean_col_6 BOOLEAN, boolean_col_7 BOOLEAN, char0035_col_8 CHAR(35), decimal2709_col_9 DECIMAL(27, 9), timestamp_col_10 TIMESTAMP, bigint_col_11 BIGINT, decimal3604_col_12 DECIMAL(36, 4), string_col_13 STRING, timestamp_col_14 TIMESTAMP, timestamp_col_15 TIMESTAMP, decimal1911_col_16 DECIMAL(19, 11), boolean_col_17 BOOLEAN, tinyint_col_18 TINYINT, timestamp_col_19 TIMESTAMP, timestamp_col_20 TIMESTAMP, tinyint_col_21 TINYINT, float_col_22 FLOAT, timestamp_col_23 TIMESTAMP)
STORED AS orc;

explain
SELECT
    COALESCE(498,
      LEAD(COALESCE(-973, -684, 515)) OVER (
        PARTITION BY (t2.tinyint_col_21 + t1.smallint_col_24)
        ORDER BY (t2.tinyint_col_21 + t1.smallint_col_24),
        FLOOR(t1.double_col_60) DESC),
      524) AS int_col
FROM table_1 t1 INNER JOIN table_18 t2
ON (((t2.tinyint_col_18) = (t1.bigint_col_13))
    AND ((t2.decimal2709_col_9) = (t1.decimal1309_col_65)))
    AND ((t2.tinyint_col_21) = (t1.tinyint_col_46))
WHERE (t2.tinyint_col_21) IN (
        SELECT COALESCE(-92, -994) AS int_col_3
        FROM table_1 tt1 INNER JOIN table_18 tt2
        ON (tt2.decimal1911_col_16) = (tt1.decimal1309_col_65)
        WHERE (tt1.timestamp_col_66) = (tt2.timestamp_col_19));
&lt;/pre&gt;
&lt;/div&gt;&lt;/div&gt;</description>
                <environment></environment>
        <key id="12931526">HIVE-12879</key>
            <summary>RowResolver of Semijoin not updated in CalcitePlanner</summary>
                <type id="1" iconUrl="https://issues.apache.org/jira/images/icons/issuetypes/bug.png">Bug</type>
                                            <priority id="3" iconUrl="https://issues.apache.org/jira/images/icons/priorities/major.png">Major</priority>
                        <status id="6" iconUrl="https://issues.apache.org/jira/images/icons/statuses/closed.png" description="The issue is considered finished, the resolution is correct. Issues which are closed can be reopened.">Closed</status>
                    <statusCategory id="3" key="done" colorName="green"/>
                                    <resolution id="1">Fixed</resolution>
                                        <assignee username="jcamachorodriguez">Jesus Camacho Rodriguez</assignee>
                                    <reporter username="jcamachorodriguez">Jesus Camacho Rodriguez</reporter>
                        <labels>
                    </labels>
                <created>Fri, 15 Jan 2016 17:52:41 +0000</created>
                <updated>Thu, 2 Jun 2016 10:17:32 +0000</updated>
                            <resolved>Tue, 19 Jan 2016 09:20:55 +0000</resolved>
                                    <version>2.0.0</version>
                    <version>2.1.0</version>
                                    <fixVersion>2.0.0</fixVersion>
                                        <due></due>
                            <votes>0</votes>
                                    <watches>2</watches>
                                                                <comments>
                            <comment id="15103171" author="hiveqa" created="Sat, 16 Jan 2016 13:16:46 +0000"  >

&lt;p&gt;Here are the results of testing the latest attachment:&lt;br/&gt;
&lt;a href=&quot;https://issues.apache.org/jira/secure/attachment/12782572/HIVE-12879.patch&quot; class=&quot;external-link&quot; rel=&quot;nofollow&quot;&gt;https://issues.apache.org/jira/secure/attachment/12782572/HIVE-12879.patch&lt;/a&gt;&lt;/p&gt;

&lt;p&gt;&lt;font color=&quot;green&quot;&gt;SUCCESS:&lt;/font&gt; +1 due to 1 test(s) being added or modified.&lt;/p&gt;

&lt;p&gt;&lt;font color=&quot;red&quot;&gt;ERROR:&lt;/font&gt; -1 due to 15 failed/errored test(s), 10020 tests executed&lt;br/&gt;
&lt;b&gt;Failed tests:&lt;/b&gt;&lt;/p&gt;
&lt;div class=&quot;preformatted panel&quot; style=&quot;border-width: 1px;&quot;&gt;&lt;div class=&quot;preformattedContent panelContent&quot;&gt;
&lt;pre&gt;TestHWISessionManager - did not produce a TEST-*.xml file
org.apache.hadoop.hive.cli.TestCliDriver.testCliDriver_lineage3
org.apache.hadoop.hive.cli.TestCliDriver.testCliDriver_subquery_in_having
org.apache.hadoop.hive.cli.TestCliDriver.testCliDriver_subquery_notexists
org.apache.hadoop.hive.cli.TestCliDriver.testCliDriver_subquery_notexists_having
org.apache.hadoop.hive.cli.TestCliDriver.testCliDriver_subquery_notin
org.apache.hadoop.hive.cli.TestCliDriver.testCliDriver_vector_groupby_mapjoin
org.apache.hadoop.hive.cli.TestMiniTezCliDriver.testCliDriver_explainuser_1
org.apache.hadoop.hive.cli.TestMiniTezCliDriver.testCliDriver_tez_union
org.apache.hadoop.hive.cli.TestMiniTezCliDriver.testCliDriver_vector_groupby_mapjoin
org.apache.hadoop.hive.cli.TestNegativeCliDriver.testNegativeCliDriver_authorization_uri_import
org.apache.hadoop.hive.metastore.TestHiveMetaStorePartitionSpecs.testGetPartitionSpecs_WithAndWithoutPartitionGrouping
org.apache.hadoop.hive.ql.exec.spark.session.TestSparkSessionManagerImpl.testMultiSessionMultipleUse
org.apache.hadoop.hive.ql.exec.spark.session.TestSparkSessionManagerImpl.testSingleSessionMultipleUse
org.apache.hive.jdbc.TestSSL.testSSLVersion
&lt;/pre&gt;
&lt;/div&gt;&lt;/div&gt;

&lt;p&gt;Test results: &lt;a href=&quot;http://ec2-174-129-184-35.compute-1.amazonaws.com/jenkins/job/PreCommit-HIVE-TRUNK-Build/6646/testReport&quot; class=&quot;external-link&quot; rel=&quot;nofollow&quot;&gt;http://ec2-174-129-184-35.compute-1.amazonaws.com/jenkins/job/PreCommit-HIVE-TRUNK-Build/6646/testReport&lt;/a&gt;&lt;br/&gt;
Console output: &lt;a href=&quot;http://ec2-174-129-184-35.compute-1.amazonaws.com/jenkins/job/PreCommit-HIVE-TRUNK-Build/6646/console&quot; class=&quot;external-link&quot; rel=&quot;nofollow&quot;&gt;http://ec2-174-129-184-35.compute-1.amazonaws.com/jenkins/job/PreCommit-HIVE-TRUNK-Build/6646/console&lt;/a&gt;&lt;br/&gt;
Test logs: &lt;a href=&quot;http://ec2-174-129-184-35.compute-1.amazonaws.com/logs/PreCommit-HIVE-TRUNK-Build-6646/&quot; class=&quot;external-link&quot; rel=&quot;nofollow&quot;&gt;http://ec2-174-129-184-35.compute-1.amazonaws.com/logs/PreCommit-HIVE-TRUNK-Build-6646/&lt;/a&gt;&lt;/p&gt;

&lt;p&gt;Messages:&lt;/p&gt;
&lt;div class=&quot;preformatted panel&quot; style=&quot;border-width: 1px;&quot;&gt;&lt;div class=&quot;preformattedContent panelContent&quot;&gt;
&lt;pre&gt;Executing org.apache.hive.ptest.execution.TestCheckPhase
Executing org.apache.hive.ptest.execution.PrepPhase
Executing org.apache.hive.ptest.execution.ExecutionPhase
Executing org.apache.hive.ptest.execution.ReportingPhase
Tests exited with: TestsFailedException: 15 tests failed
&lt;/pre&gt;
&lt;/div&gt;&lt;/div&gt;

&lt;p&gt;This message is automatically generated.&lt;/p&gt;

&lt;p&gt;ATTACHMENT ID: 12782572 - PreCommit-HIVE-TRUNK-Build&lt;/p&gt;</comment>
                            <comment id="15105358" author="hiveqa" created="Mon, 18 Jan 2016 14:37:24 +0000"  >

&lt;p&gt;Here are the results of testing the latest attachment:&lt;br/&gt;
&lt;a href=&quot;https://issues.apache.org/jira/secure/attachment/12782849/HIVE-12879.01.patch&quot; class=&quot;external-link&quot; rel=&quot;nofollow&quot;&gt;https://issues.apache.org/jira/secure/attachment/12782849/HIVE-12879.01.patch&lt;/a&gt;&lt;/p&gt;

&lt;p&gt;&lt;font color=&quot;green&quot;&gt;SUCCESS:&lt;/font&gt; +1 due to 1 test(s) being added or modified.&lt;/p&gt;

&lt;p&gt;&lt;font color=&quot;red&quot;&gt;ERROR:&lt;/font&gt; -1 due to 9 failed/errored test(s), 9994 tests executed&lt;br/&gt;
&lt;b&gt;Failed tests:&lt;/b&gt;&lt;/p&gt;
&lt;div class=&quot;preformatted panel&quot; style=&quot;border-width: 1px;&quot;&gt;&lt;div class=&quot;preformattedContent panelContent&quot;&gt;
&lt;pre&gt;TestHWISessionManager - did not produce a TEST-*.xml file
TestMiniTezCliDriver-vector_distinct_2.q-load_dyn_part2.q-join1.q-and-12-more - did not produce a TEST-*.xml file
TestSparkCliDriver-timestamp_lazy.q-bucketsortoptimize_insert_4.q-date_udf.q-and-12-more - did not produce a TEST-*.xml file
org.apache.hadoop.hive.cli.TestMiniTezCliDriver.testCliDriver_tez_union
org.apache.hadoop.hive.cli.TestNegativeCliDriver.testNegativeCliDriver_authorization_uri_import
org.apache.hadoop.hive.ql.exec.spark.session.TestSparkSessionManagerImpl.testMultiSessionMultipleUse
org.apache.hadoop.hive.ql.exec.spark.session.TestSparkSessionManagerImpl.testSingleSessionMultipleUse
org.apache.hive.jdbc.TestJdbcWithLocalClusterSpark.testTempTable
org.apache.hive.jdbc.TestSSL.testSSLVersion
&lt;/pre&gt;
&lt;/div&gt;&lt;/div&gt;

&lt;p&gt;Test results: &lt;a href=&quot;http://ec2-174-129-184-35.compute-1.amazonaws.com/jenkins/job/PreCommit-HIVE-TRUNK-Build/6660/testReport&quot; class=&quot;external-link&quot; rel=&quot;nofollow&quot;&gt;http://ec2-174-129-184-35.compute-1.amazonaws.com/jenkins/job/PreCommit-HIVE-TRUNK-Build/6660/testReport&lt;/a&gt;&lt;br/&gt;
Console output: &lt;a href=&quot;http://ec2-174-129-184-35.compute-1.amazonaws.com/jenkins/job/PreCommit-HIVE-TRUNK-Build/6660/console&quot; class=&quot;external-link&quot; rel=&quot;nofollow&quot;&gt;http://ec2-174-129-184-35.compute-1.amazonaws.com/jenkins/job/PreCommit-HIVE-TRUNK-Build/6660/console&lt;/a&gt;&lt;br/&gt;
Test logs: &lt;a href=&quot;http://ec2-174-129-184-35.compute-1.amazonaws.com/logs/PreCommit-HIVE-TRUNK-Build-6660/&quot; class=&quot;external-link&quot; rel=&quot;nofollow&quot;&gt;http://ec2-174-129-184-35.compute-1.amazonaws.com/logs/PreCommit-HIVE-TRUNK-Build-6660/&lt;/a&gt;&lt;/p&gt;

&lt;p&gt;Messages:&lt;/p&gt;
&lt;div class=&quot;preformatted panel&quot; style=&quot;border-width: 1px;&quot;&gt;&lt;div class=&quot;preformattedContent panelContent&quot;&gt;
&lt;pre&gt;Executing org.apache.hive.ptest.execution.TestCheckPhase
Executing org.apache.hive.ptest.execution.PrepPhase
Executing org.apache.hive.ptest.execution.ExecutionPhase
Executing org.apache.hive.ptest.execution.ReportingPhase
Tests exited with: TestsFailedException: 9 tests failed
&lt;/pre&gt;
&lt;/div&gt;&lt;/div&gt;

&lt;p&gt;This message is automatically generated.&lt;/p&gt;

&lt;p&gt;ATTACHMENT ID: 12782849 - PreCommit-HIVE-TRUNK-Build&lt;/p&gt;</comment>
                            <comment id="15105363" author="jcamachorodriguez" created="Mon, 18 Jan 2016 14:41:41 +0000"  >&lt;p&gt;Test fails are unrelated. &lt;a href=&quot;https://issues.apache.org/jira/secure/ViewProfile.jspa?name=jpullokkaran&quot; class=&quot;user-hover&quot; rel=&quot;jpullokkaran&quot;&gt;Laljo John Pullokkaran&lt;/a&gt;, could you review it? Thanks&lt;/p&gt;</comment>
                            <comment id="15106065" author="jpullokkaran" created="Tue, 19 Jan 2016 01:08:33 +0000"  >&lt;p&gt;+1&lt;/p&gt;</comment>
                            <comment id="15106473" author="jcamachorodriguez" created="Tue, 19 Jan 2016 09:20:55 +0000"  >&lt;p&gt;Pushed to master, branch-2.0. Thanks for the review &lt;a href=&quot;https://issues.apache.org/jira/secure/ViewProfile.jspa?name=jpullokkaran&quot; class=&quot;user-hover&quot; rel=&quot;jpullokkaran&quot;&gt;Laljo John Pullokkaran&lt;/a&gt;!&lt;/p&gt;</comment>
                    </comments>
                    <attachments>
                            <attachment id="12782849" name="HIVE-12879.01.patch" size="29613" author="jcamachorodriguez" created="Mon, 18 Jan 2016 10:39:31 +0000"/>
                            <attachment id="12782572" name="HIVE-12879.patch" size="28678" author="jcamachorodriguez" created="Fri, 15 Jan 2016 17:56:10 +0000"/>
                    </attachments>
                <subtasks>
                    </subtasks>
                <customfields>
                                                <customfield id="customfield_12310310" key="com.atlassian.jira.toolkit:attachments">
                        <customfieldname>Attachment count</customfieldname>
                        <customfieldvalues>
                            <customfieldvalue>2.0</customfieldvalue>
                        </customfieldvalues>
                    </customfield>
                                                                                                                                                                                                                                                                                                                                                                                                                                                                                                                                <customfield id="customfield_12310220" key="com.atlassian.jira.ext.charting:firstresponsedate">
                        <customfieldname>Date of First Response</customfieldname>
                        <customfieldvalues>
                            <customfieldvalue>Sat, 16 Jan 2016 13:16:46 +0000</customfieldvalue>

                        </customfieldvalues>
                    </customfield>
                                                                                                                                                                                                                                                                                                                                                                                                                                            <customfield id="customfield_12310420" key="com.pyxis.greenhopper.jira:gh-global-rank">
                        <customfieldname>Global Rank</customfieldname>
                        <customfieldvalues>
                            <customfieldvalue>9223372036854775807</customfieldvalue>
                        </customfieldvalues>
                    </customfield>
                                                                                                                                                    <customfield id="customfield_12312521" key="com.atlassian.jira.toolkit:LastCommentDate">
                        <customfieldname>Last public comment date</customfieldname>
                        <customfieldvalues>
                            45 weeks, 2 days ago
                        </customfieldvalues>
                    </customfield>
                                                                                            <customfield id="customfield_12311820" key="com.pyxis.greenhopper.jira:gh-lexo-rank">
                        <customfieldname>Rank</customfieldname>
                        <customfieldvalues>
                            <customfieldvalue>0|i2rj87:</customfieldvalue>

                        </customfieldvalues>
                    </customfield>
                                                                <customfield id="customfield_12310920" key="com.pyxis.greenhopper.jira:gh-global-rank">
                        <customfieldname>Rank (Obsolete)</customfieldname>
                        <customfieldvalues>
                            <customfieldvalue>9223372036854775807</customfieldvalue>
                        </customfieldvalues>
                    </customfield>
                                                                                                                                                                                                                                                                                                                            <customfield id="customfield_12310222" key="com.atlassian.jira.ext.charting:timeinstatus">
                        <customfieldname>Time in Status</customfieldname>
                        <customfieldvalues>
                            
                        </customfieldvalues>
                    </customfield>
                                                                                                                        </customfields>
    </item>
</channel>
</rss>