<!-- 
RSS generated by JIRA (6.3.4#6332-sha1:51bc225ef474afe3128b2f66878477f322397b16) at Sat Dec 03 23:24:29 UTC 2016

It is possible to restrict the fields that are returned in this document by specifying the 'field' parameter in your request.
For example, to request only the issue key and summary add field=key&field=summary to the URL of your request.
For example:
https://issues.apache.org/jira/si/jira.issueviews:issue-xml/HIVE-9880/HIVE-9880.xml?field=key&amp;field=summary
-->
<rss version="0.92" >
<channel>
    <title>ASF JIRA</title>
    <link>https://issues.apache.org/jira</link>
    <description>This file is an XML representation of an issue</description>
    <language>en-uk</language>    <build-info>
        <version>6.3.4</version>
        <build-number>6332</build-number>
        <build-date>15-08-2014</build-date>
    </build-info>

<item>
            <title>[HIVE-9880] Support configurable username attribute for HiveServer2 LDAP authentication</title>
                <link>https://issues.apache.org/jira/browse/HIVE-9880</link>
                <project id="12310843" key="HIVE">Hive</project>
                    <description>&lt;p&gt;OpenLDAP requires that when bind authenticating, the DN being supplied must be the creation DN of the account.  Since, OpenLDAP allows for any attribute to be used when creating a DN for an account, organizations that don&#8217;t use hardcoded &lt;b&gt;uid&lt;/b&gt; attribute won&#8217;t be able to utilize HiveServer2 LDAP authentication.&lt;/p&gt;

&lt;p&gt;HiveServer2 should support a configurable username attribute when constructing the bindDN&lt;/p&gt;</description>
                <environment></environment>
        <key id="12779937">HIVE-9880</key>
            <summary>Support configurable username attribute for HiveServer2 LDAP authentication</summary>
                <type id="1" iconUrl="https://issues.apache.org/jira/images/icons/issuetypes/bug.png">Bug</type>
                                            <priority id="3" iconUrl="https://issues.apache.org/jira/images/icons/priorities/major.png">Major</priority>
                        <status id="6" iconUrl="https://issues.apache.org/jira/images/icons/statuses/closed.png" description="The issue is considered finished, the resolution is correct. Issues which are closed can be reopened.">Closed</status>
                    <statusCategory id="3" key="done" colorName="green"/>
                                    <resolution id="3">Duplicate</resolution>
                                        <assignee username="ngangam">Naveen Gangam</assignee>
                                    <reporter username="jmurillo">Jaime Murillo</reporter>
                        <labels>
                    </labels>
                <created>Fri, 6 Mar 2015 00:18:29 +0000</created>
                <updated>Tue, 16 Feb 2016 23:52:23 +0000</updated>
                            <resolved>Tue, 6 Oct 2015 19:20:19 +0000</resolved>
                                    <version>0.13.0</version>
                                    <fixVersion>1.3.0</fixVersion>
                    <fixVersion>2.0.0</fixVersion>
                                    <component>HiveServer2</component>
                        <due></due>
                            <votes>0</votes>
                                    <watches>3</watches>
                                                                <comments>
                            <comment id="14349667" author="jmurillo" created="Fri, 6 Mar 2015 00:20:47 +0000"  >&lt;p&gt;Attaching patch, for review.&lt;/p&gt;</comment>
                            <comment id="14349966" author="ngangam" created="Fri, 6 Mar 2015 05:10:43 +0000"  >&lt;p&gt;Hi Jamie,&lt;br/&gt;
Can this wait a few days? I am working on a few enhancements for &lt;a href=&quot;https://issues.apache.org/jira/browse/HIVE-7193&quot; title=&quot;Hive should support additional LDAP authentication parameters&quot; class=&quot;issue-link&quot; data-issue-key=&quot;HIVE-7193&quot;&gt;&lt;del&gt;HIVE-7193&lt;/del&gt;&lt;/a&gt; that also includes a change for this issue. I have most of the code ready. It will take me about a week to have it tested and uploaded for review. Thanks&lt;/p&gt;</comment>
                            <comment id="14349972" author="jmurillo" created="Fri, 6 Mar 2015 05:23:09 +0000"  >&lt;p&gt;Absolutely&lt;/p&gt;</comment>
                            <comment id="14550750" author="ngangam" created="Tue, 19 May 2015 16:46:26 +0000"  >&lt;p&gt;Hey Jaime,&lt;br/&gt;
Apology for the delay. But I have uploaded a patch on &lt;a href=&quot;https://issues.apache.org/jira/browse/HIVE-7193&quot; title=&quot;Hive should support additional LDAP authentication parameters&quot; class=&quot;issue-link&quot; data-issue-key=&quot;HIVE-7193&quot;&gt;&lt;del&gt;HIVE-7193&lt;/del&gt;&lt;/a&gt; that should address this issue. I will be attaching an updated design doc shortly that has details on the new implementation. Please let me know if you have any questions. Thank you&lt;/p&gt;</comment>
                            <comment id="14596690" author="ngangam" created="Mon, 22 Jun 2015 21:37:52 +0000"  >&lt;p&gt;A more general fix for this issue has been included in &lt;a href=&quot;https://issues.apache.org/jira/browse/HIVE-7193&quot; title=&quot;Hive should support additional LDAP authentication parameters&quot; class=&quot;issue-link&quot; data-issue-key=&quot;HIVE-7193&quot;&gt;&lt;del&gt;HIVE-7193&lt;/del&gt;&lt;/a&gt; that add filter support for LDAP user and groups. Users can configure the following properties to indicate multiple patterns(COMMA-separated) for DNs where users/groups can be located in LDAP.&lt;br/&gt;
hive.server2.authentication.ldap.groupDNPattern&lt;br/&gt;
hive.server2.authentication.ldap.userDNPattern&lt;/p&gt;

&lt;p&gt;ex: uid=%s,ou=Users,DC=domain,DC=com:CN=%s,CN=Users,DC=domain,DC=com&lt;br/&gt;
uid=%s,ou=Groups,DC=domain,DC=com:CN=%s,CN=Groups,DC=domain,DC=com&lt;/p&gt;

&lt;p&gt;Please provide any feedback you have on the new features. Thanks&lt;/p&gt;</comment>
                            <comment id="14945616" author="thejas" created="Tue, 6 Oct 2015 19:21:13 +0000"  >&lt;p&gt;Updating the fix status and relationship with &lt;a href=&quot;https://issues.apache.org/jira/browse/HIVE-7193&quot; title=&quot;Hive should support additional LDAP authentication parameters&quot; class=&quot;issue-link&quot; data-issue-key=&quot;HIVE-7193&quot;&gt;&lt;del&gt;HIVE-7193&lt;/del&gt;&lt;/a&gt; to better indicate that there was not separate change associated with this jira.&lt;/p&gt;</comment>
                    </comments>
                <issuelinks>
                            <issuelinktype id="12310060">
                    <name>Container</name>
                                                                <inwardlinks description="Is contained by">
                                        <issuelink>
            <issuekey id="12718967">HIVE-7193</issuekey>
        </issuelink>
                            </inwardlinks>
                                    </issuelinktype>
                    </issuelinks>
                <attachments>
                            <attachment id="12702938" name="HIVE-9880-1.patch" size="2335" author="jmurillo" created="Fri, 6 Mar 2015 00:20:47 +0000"/>
                    </attachments>
                <subtasks>
                    </subtasks>
                <customfields>
                                                <customfield id="customfield_12310310" key="com.atlassian.jira.toolkit:attachments">
                        <customfieldname>Attachment count</customfieldname>
                        <customfieldvalues>
                            <customfieldvalue>1.0</customfieldvalue>
                        </customfieldvalues>
                    </customfield>
                                                                                                                                                                                                                                                                                                                                                                                                                                                                                                                                <customfield id="customfield_12310220" key="com.atlassian.jira.ext.charting:firstresponsedate">
                        <customfieldname>Date of First Response</customfieldname>
                        <customfieldvalues>
                            <customfieldvalue>Fri, 6 Mar 2015 05:10:43 +0000</customfieldvalue>

                        </customfieldvalues>
                    </customfield>
                                                                                                                                                                                                                                                                                                                                                                                                                                            <customfield id="customfield_12310420" key="com.pyxis.greenhopper.jira:gh-global-rank">
                        <customfieldname>Global Rank</customfieldname>
                        <customfieldvalues>
                            <customfieldvalue>9223372036854775807</customfieldvalue>
                        </customfieldvalues>
                    </customfield>
                                                                <customfield id="customfield_12310191" key="com.atlassian.jira.plugin.system.customfieldtypes:multicheckboxes">
                        <customfieldname>Hadoop Flags</customfieldname>
                        <customfieldvalues>
                                <customfieldvalue key="10343"><![CDATA[Reviewed]]></customfieldvalue>
    
                        </customfieldvalues>
                    </customfield>
                                                                                                                        <customfield id="customfield_12312521" key="com.atlassian.jira.toolkit:LastCommentDate">
                        <customfieldname>Last public comment date</customfieldname>
                        <customfieldvalues>
                            1 year, 8 weeks, 4 days ago
                        </customfieldvalues>
                    </customfield>
                                                                                            <customfield id="customfield_12311820" key="com.pyxis.greenhopper.jira:gh-lexo-rank">
                        <customfieldname>Rank</customfieldname>
                        <customfieldvalues>
                            <customfieldvalue>0|i26fdj:</customfieldvalue>

                        </customfieldvalues>
                    </customfield>
                                                                <customfield id="customfield_12310920" key="com.pyxis.greenhopper.jira:gh-global-rank">
                        <customfieldname>Rank (Obsolete)</customfieldname>
                        <customfieldvalues>
                            <customfieldvalue>9223372036854775807</customfieldvalue>
                        </customfieldvalues>
                    </customfield>
                                                                                                                                                                                                                                                                                                                            <customfield id="customfield_12310222" key="com.atlassian.jira.ext.charting:timeinstatus">
                        <customfieldname>Time in Status</customfieldname>
                        <customfieldvalues>
                            
                        </customfieldvalues>
                    </customfield>
                                                                                                                        </customfields>
    </item>
</channel>
</rss>