<!-- 
RSS generated by JIRA (6.3.4#6332-sha1:51bc225ef474afe3128b2f66878477f322397b16) at Fri Dec 02 11:55:39 UTC 2016

It is possible to restrict the fields that are returned in this document by specifying the 'field' parameter in your request.
For example, to request only the issue key and summary add field=key&field=summary to the URL of your request.
For example:
https://issues.apache.org/jira/si/jira.issueviews:issue-xml/HIVE-14006/HIVE-14006.xml?field=key&amp;field=summary
-->
<rss version="0.92" >
<channel>
    <title>ASF JIRA</title>
    <link>https://issues.apache.org/jira</link>
    <description>This file is an XML representation of an issue</description>
    <language>en-uk</language>    <build-info>
        <version>6.3.4</version>
        <build-number>6332</build-number>
        <build-date>15-08-2014</build-date>
    </build-info>

<item>
            <title>[HIVE-14006] Hive query with UNION ALL fails with ArrayIndexOutOfBoundsException</title>
                <link>https://issues.apache.org/jira/browse/HIVE-14006</link>
                <project id="12310843" key="HIVE">Hive</project>
                    <description>&lt;p&gt;set hive.cbo.enable=false;&lt;br/&gt;
DROP VIEW IF EXISTS a_view;&lt;/p&gt;

&lt;p&gt;DROP TABLE IF EXISTS table_a1;&lt;br/&gt;
DROP TABLE IF EXISTS table_a2;&lt;br/&gt;
DROP TABLE IF EXISTS table_b1;&lt;br/&gt;
DROP TABLE IF EXISTS table_b2;&lt;/p&gt;

&lt;p&gt;CREATE TABLE table_a1&lt;br/&gt;
(composite_key STRING);&lt;/p&gt;

&lt;p&gt;CREATE TABLE table_a2&lt;br/&gt;
(composite_key STRING);&lt;/p&gt;

&lt;p&gt;CREATE TABLE table_b1&lt;br/&gt;
(composite_key STRING, col1 STRING);&lt;/p&gt;

&lt;p&gt;CREATE TABLE table_b2&lt;br/&gt;
(composite_key STRING);&lt;/p&gt;

&lt;p&gt;CREATE VIEW a_view AS&lt;br/&gt;
SELECT&lt;br/&gt;
substring(a1.composite_key, 1, locate(&apos;|&apos;,a1.composite_key) - 1) AS autoname,&lt;br/&gt;
NULL AS col1&lt;br/&gt;
FROM table_a1 a1&lt;br/&gt;
FULL OUTER JOIN table_a2 a2&lt;br/&gt;
ON a1.composite_key = a2.composite_key&lt;br/&gt;
UNION ALL&lt;br/&gt;
SELECT&lt;br/&gt;
substring(b1.composite_key, 1, locate(&apos;|&apos;,b1.composite_key) - 1) AS autoname,&lt;br/&gt;
b1.col1 AS col1&lt;br/&gt;
FROM table_b1 b1&lt;br/&gt;
FULL OUTER JOIN table_b2 b2&lt;br/&gt;
ON b1.composite_key = b2.composite_key;&lt;/p&gt;

&lt;p&gt;INSERT INTO TABLE table_b1&lt;br/&gt;
SELECT * FROM (&lt;br/&gt;
SELECT &apos;something|awful&apos;, &apos;col1&apos;&lt;br/&gt;
)s ;&lt;/p&gt;

&lt;p&gt;SELECT autoname&lt;br/&gt;
FROM a_view&lt;br/&gt;
WHERE autoname=&apos;something&apos;;&lt;/p&gt;

&lt;p&gt;fails with &lt;br/&gt;
Diagnostic Messages for this Task:&lt;br/&gt;
Error: java.lang.RuntimeException: org.apache.hadoop.hive.ql.metadata.HiveException: Hive Runtime Error while processing row &lt;/p&gt;
{&quot;_col0&quot;:&quot;something&quot;}
&lt;p&gt;	at org.apache.hadoop.hive.ql.exec.mr.ExecMapper.map(ExecMapper.java:179)&lt;br/&gt;
	at org.apache.hadoop.mapred.MapRunner.run(MapRunner.java:54)&lt;br/&gt;
	at org.apache.hadoop.mapred.MapTask.runOldMapper(MapTask.java:453)&lt;br/&gt;
	at org.apache.hadoop.mapred.MapTask.run(MapTask.java:343)&lt;br/&gt;
	at org.apache.hadoop.mapred.YarnChild$2.run(YarnChild.java:164)&lt;br/&gt;
	at java.security.AccessController.doPrivileged(Native Method)&lt;br/&gt;
	at javax.security.auth.Subject.doAs(Subject.java:415)&lt;br/&gt;
	at org.apache.hadoop.security.UserGroupInformation.doAs(UserGroupInformation.java:1693)&lt;br/&gt;
	at org.apache.hadoop.mapred.YarnChild.main(YarnChild.java:158)&lt;br/&gt;
Caused by: org.apache.hadoop.hive.ql.metadata.HiveException: Hive Runtime Error while processing row &lt;/p&gt;
{&quot;_col0&quot;:&quot;something&quot;}
&lt;p&gt;	at org.apache.hadoop.hive.ql.exec.MapOperator.process(MapOperator.java:507)&lt;br/&gt;
	at org.apache.hadoop.hive.ql.exec.mr.ExecMapper.map(ExecMapper.java:170)&lt;br/&gt;
	... 8 more&lt;br/&gt;
Caused by: java.lang.ArrayIndexOutOfBoundsException: 0&lt;br/&gt;
	at org.apache.hadoop.hive.ql.exec.UnionOperator.processOp(UnionOperator.java:134)&lt;br/&gt;
	at org.apache.hadoop.hive.ql.exec.Operator.forward(Operator.java:815)&lt;br/&gt;
	at org.apache.hadoop.hive.ql.exec.TableScanOperator.processOp(TableScanOperator.java:95)&lt;br/&gt;
	at org.apache.hadoop.hive.ql.exec.MapOperator$MapOpCtx.forward(MapOperator.java:157)&lt;br/&gt;
	at org.apache.hadoop.hive.ql.exec.MapOperator.process(MapOperator.java:497)&lt;/p&gt;

&lt;p&gt;The same query succeeds when &lt;tt&gt;hive.ppd.remove.duplicatefilters=false&lt;/tt&gt; with or without CBO on. It also succeeds with just CBO on.&lt;/p&gt;</description>
                <environment></environment>
        <key id="12978434">HIVE-14006</key>
            <summary>Hive query with UNION ALL fails with ArrayIndexOutOfBoundsException</summary>
                <type id="1" iconUrl="https://issues.apache.org/jira/images/icons/issuetypes/bug.png">Bug</type>
                                            <priority id="3" iconUrl="https://issues.apache.org/jira/images/icons/priorities/major.png">Major</priority>
                        <status id="6" iconUrl="https://issues.apache.org/jira/images/icons/statuses/closed.png" description="The issue is considered finished, the resolution is correct. Issues which are closed can be reopened.">Closed</status>
                    <statusCategory id="3" key="done" colorName="green"/>
                                    <resolution id="1">Fixed</resolution>
                                        <assignee username="ngangam">Naveen Gangam</assignee>
                                    <reporter username="ngangam">Naveen Gangam</reporter>
                        <labels>
                    </labels>
                <created>Mon, 13 Jun 2016 20:32:42 +0000</created>
                <updated>Tue, 21 Jun 2016 15:06:06 +0000</updated>
                            <resolved>Thu, 16 Jun 2016 15:16:23 +0000</resolved>
                                    <version>2.0.0</version>
                                    <fixVersion>2.1.0</fixVersion>
                                    <component>Hive</component>
                        <due></due>
                            <votes>0</votes>
                                    <watches>4</watches>
                                                                <comments>
                            <comment id="15332118" author="ngangam" created="Wed, 15 Jun 2016 17:15:09 +0000"  >&lt;p&gt;Adding a testcase in this version of the patch.&lt;/p&gt;</comment>
                            <comment id="15332510" author="hiveqa" created="Wed, 15 Jun 2016 20:39:05 +0000"  >

&lt;p&gt;Here are the results of testing the latest attachment:&lt;br/&gt;
&lt;a href=&quot;https://issues.apache.org/jira/secure/attachment/12810883/HIVE-14006.1.patch&quot; class=&quot;external-link&quot; rel=&quot;nofollow&quot;&gt;https://issues.apache.org/jira/secure/attachment/12810883/HIVE-14006.1.patch&lt;/a&gt;&lt;/p&gt;

&lt;p&gt;&lt;font color=&quot;green&quot;&gt;SUCCESS:&lt;/font&gt; +1 due to 1 test(s) being added or modified.&lt;/p&gt;

&lt;p&gt;&lt;font color=&quot;red&quot;&gt;ERROR:&lt;/font&gt; -1 due to 5 failed/errored test(s), 10233 tests executed&lt;br/&gt;
&lt;b&gt;Failed tests:&lt;/b&gt;&lt;/p&gt;
&lt;div class=&quot;preformatted panel&quot; style=&quot;border-width: 1px;&quot;&gt;&lt;div class=&quot;preformattedContent panelContent&quot;&gt;
&lt;pre&gt;org.apache.hadoop.hive.cli.TestCliDriver.testCliDriver_acid_globallimit
org.apache.hadoop.hive.cli.TestCliDriver.testCliDriver_list_bucket_dml_12
org.apache.hadoop.hive.cli.TestCliDriver.testCliDriver_stats_list_bucket
org.apache.hadoop.hive.cli.TestCliDriver.testCliDriver_subquery_multiinsert
org.apache.hadoop.hive.cli.TestMiniSparkOnYarnCliDriver.testCliDriver_index_bitmap3
&lt;/pre&gt;
&lt;/div&gt;&lt;/div&gt;

&lt;p&gt;Test results: &lt;a href=&quot;https://builds.apache.org/job/PreCommit-HIVE-MASTER-Build/127/testReport&quot; class=&quot;external-link&quot; rel=&quot;nofollow&quot;&gt;https://builds.apache.org/job/PreCommit-HIVE-MASTER-Build/127/testReport&lt;/a&gt;&lt;br/&gt;
Console output: &lt;a href=&quot;https://builds.apache.org/job/PreCommit-HIVE-MASTER-Build/127/console&quot; class=&quot;external-link&quot; rel=&quot;nofollow&quot;&gt;https://builds.apache.org/job/PreCommit-HIVE-MASTER-Build/127/console&lt;/a&gt;&lt;br/&gt;
Test logs: &lt;a href=&quot;http://ec2-50-18-27-0.us-west-1.compute.amazonaws.com/logs/PreCommit-HIVE-MASTER-Build-127/&quot; class=&quot;external-link&quot; rel=&quot;nofollow&quot;&gt;http://ec2-50-18-27-0.us-west-1.compute.amazonaws.com/logs/PreCommit-HIVE-MASTER-Build-127/&lt;/a&gt;&lt;/p&gt;

&lt;p&gt;Messages:&lt;/p&gt;
&lt;div class=&quot;preformatted panel&quot; style=&quot;border-width: 1px;&quot;&gt;&lt;div class=&quot;preformattedContent panelContent&quot;&gt;
&lt;pre&gt;Executing org.apache.hive.ptest.execution.TestCheckPhase
Executing org.apache.hive.ptest.execution.PrepPhase
Executing org.apache.hive.ptest.execution.ExecutionPhase
Executing org.apache.hive.ptest.execution.ReportingPhase
Tests exited with: TestsFailedException: 5 tests failed
&lt;/pre&gt;
&lt;/div&gt;&lt;/div&gt;

&lt;p&gt;This message is automatically generated.&lt;/p&gt;

&lt;p&gt;ATTACHMENT ID: 12810883 - PreCommit-HIVE-MASTER-Build&lt;/p&gt;</comment>
                            <comment id="15332731" author="ngangam" created="Wed, 15 Jun 2016 22:20:33 +0000"  >&lt;p&gt;The test failures do not appear to be related to the fix. &lt;br/&gt;
&lt;a href=&quot;https://issues.apache.org/jira/secure/ViewProfile.jspa?name=ychena&quot; class=&quot;user-hover&quot; rel=&quot;ychena&quot;&gt;Yongzhi Chen&lt;/a&gt; &lt;a href=&quot;https://issues.apache.org/jira/secure/ViewProfile.jspa?name=aihuaxu&quot; class=&quot;user-hover&quot; rel=&quot;aihuaxu&quot;&gt;Aihua Xu&lt;/a&gt; can you please review the patch? Thanks&lt;/p&gt;</comment>
                            <comment id="15332778" author="ychena" created="Wed, 15 Jun 2016 22:40:49 +0000"  >&lt;p&gt;LGTM +1&lt;/p&gt;</comment>
                            <comment id="15333976" author="ychena" created="Thu, 16 Jun 2016 15:16:23 +0000"  >&lt;p&gt;Committed to master and branch-2.1&lt;br/&gt;
Thanks &lt;a href=&quot;https://issues.apache.org/jira/secure/ViewProfile.jspa?name=ngangam&quot; class=&quot;user-hover&quot; rel=&quot;ngangam&quot;&gt;Naveen Gangam&lt;/a&gt; for your contribution. &lt;/p&gt;</comment>
                            <comment id="15333979" author="ngangam" created="Thu, 16 Jun 2016 15:19:28 +0000"  >&lt;p&gt;Thank you &lt;a href=&quot;https://issues.apache.org/jira/secure/ViewProfile.jspa?name=ychena&quot; class=&quot;user-hover&quot; rel=&quot;ychena&quot;&gt;Yongzhi Chen&lt;/a&gt; for the review and committing the fix.&lt;/p&gt;</comment>
                    </comments>
                    <attachments>
                            <attachment id="12810883" name="HIVE-14006.1.patch" size="6843" author="ngangam" created="Wed, 15 Jun 2016 17:15:09 +0000"/>
                            <attachment id="12810877" name="HIVE-14006.patch" size="793" author="ngangam" created="Wed, 15 Jun 2016 16:34:48 +0000"/>
                    </attachments>
                <subtasks>
                    </subtasks>
                <customfields>
                                                <customfield id="customfield_12310310" key="com.atlassian.jira.toolkit:attachments">
                        <customfieldname>Attachment count</customfieldname>
                        <customfieldvalues>
                            <customfieldvalue>2.0</customfieldvalue>
                        </customfieldvalues>
                    </customfield>
                                                                                                                                                                                                                                                                                                                                                                                                                                                                                                                                <customfield id="customfield_12310220" key="com.atlassian.jira.ext.charting:firstresponsedate">
                        <customfieldname>Date of First Response</customfieldname>
                        <customfieldvalues>
                            <customfieldvalue>Wed, 15 Jun 2016 20:39:05 +0000</customfieldvalue>

                        </customfieldvalues>
                    </customfield>
                                                                                                                                                                                                                                                                                                                                                                                                                                            <customfield id="customfield_12310420" key="com.pyxis.greenhopper.jira:gh-global-rank">
                        <customfieldname>Global Rank</customfieldname>
                        <customfieldvalues>
                            <customfieldvalue>9223372036854775807</customfieldvalue>
                        </customfieldvalues>
                    </customfield>
                                                                                                                                                    <customfield id="customfield_12312521" key="com.atlassian.jira.toolkit:LastCommentDate">
                        <customfieldname>Last public comment date</customfieldname>
                        <customfieldvalues>
                            24 weeks ago
                        </customfieldvalues>
                    </customfield>
                                                                                            <customfield id="customfield_12311820" key="com.pyxis.greenhopper.jira:gh-lexo-rank">
                        <customfieldname>Rank</customfieldname>
                        <customfieldvalues>
                            <customfieldvalue>0|i2zek7:</customfieldvalue>

                        </customfieldvalues>
                    </customfield>
                                                                <customfield id="customfield_12310920" key="com.pyxis.greenhopper.jira:gh-global-rank">
                        <customfieldname>Rank (Obsolete)</customfieldname>
                        <customfieldvalues>
                            <customfieldvalue>9223372036854775807</customfieldvalue>
                        </customfieldvalues>
                    </customfield>
                                                                                                                                                                                                                                                                                                                            <customfield id="customfield_12310222" key="com.atlassian.jira.ext.charting:timeinstatus">
                        <customfieldname>Time in Status</customfieldname>
                        <customfieldvalues>
                            
                        </customfieldvalues>
                    </customfield>
                                                                                                                        </customfields>
    </item>
</channel>
</rss>