<!-- 
RSS generated by JIRA (6.3.4#6332-sha1:51bc225ef474afe3128b2f66878477f322397b16) at Sat Dec 03 22:45:32 UTC 2016

It is possible to restrict the fields that are returned in this document by specifying the 'field' parameter in your request.
For example, to request only the issue key and summary add field=key&field=summary to the URL of your request.
For example:
https://issues.apache.org/jira/si/jira.issueviews:issue-xml/HIVE-2135/HIVE-2135.xml?field=key&amp;field=summary
-->
<rss version="0.92" >
<channel>
    <title>ASF JIRA</title>
    <link>https://issues.apache.org/jira</link>
    <description>This file is an XML representation of an issue</description>
    <language>en-uk</language>    <build-info>
        <version>6.3.4</version>
        <build-number>6332</build-number>
        <build-date>15-08-2014</build-date>
    </build-info>

<item>
            <title>[HIVE-2135] Refactor HiveMetaStore.java</title>
                <link>https://issues.apache.org/jira/browse/HIVE-2135</link>
                <project id="12310843" key="HIVE">Hive</project>
                    <description>&lt;p&gt;HiveMetaStore.java is more then 3000 LOC which contains wide variety of code. It will be good to refactor it so that its easier to maintain.&lt;/p&gt;</description>
                <environment></environment>
        <key id="12505275">HIVE-2135</key>
            <summary>Refactor HiveMetaStore.java</summary>
                <type id="4" iconUrl="https://issues.apache.org/jira/images/icons/issuetypes/improvement.png">Improvement</type>
                                            <priority id="3" iconUrl="https://issues.apache.org/jira/images/icons/priorities/major.png">Major</priority>
                        <status id="5" iconUrl="https://issues.apache.org/jira/images/icons/statuses/resolved.png" description="A resolution has been taken, and it is awaiting verification by reporter. From here issues are either reopened, or are closed.">Resolved</status>
                    <statusCategory id="3" key="done" colorName="green"/>
                                    <resolution id="3">Duplicate</resolution>
                                        <assignee username="ashutoshc">Ashutosh Chauhan</assignee>
                                    <reporter username="ashutoshc">Ashutosh Chauhan</reporter>
                        <labels>
                    </labels>
                <created>Wed, 27 Apr 2011 06:53:43 +0000</created>
                <updated>Fri, 24 Feb 2012 21:14:26 +0000</updated>
                            <resolved>Fri, 24 Feb 2012 21:14:26 +0000</resolved>
                                                                    <component>Metastore</component>
                        <due></due>
                            <votes>0</votes>
                                    <watches>1</watches>
                                                                <comments>
                            <comment id="13025640" author="ashutoshc" created="Wed, 27 Apr 2011 06:58:09 +0000"  >&lt;p&gt;Major part of this refactoring is done using Eclipse.&lt;/p&gt;</comment>
                            <comment id="13025936" author="jiraposter@reviews.apache.org" created="Wed, 27 Apr 2011 18:25:03 +0000"  >
&lt;p&gt;-----------------------------------------------------------&lt;br/&gt;
This is an automatically generated e-mail. To reply, visit:&lt;br/&gt;
&lt;a href=&quot;https://reviews.apache.org/r/669/&quot; class=&quot;external-link&quot; rel=&quot;nofollow&quot;&gt;https://reviews.apache.org/r/669/&lt;/a&gt;&lt;br/&gt;
-----------------------------------------------------------&lt;/p&gt;

&lt;p&gt;(Updated 2011-04-27 18:24:42.458082)&lt;/p&gt;


&lt;p&gt;Review request for hive, Carl Steinbach, John Sichi, and Paul Yang.&lt;/p&gt;


&lt;p&gt;Changes&lt;br/&gt;
-------&lt;/p&gt;

&lt;p&gt;Mistyped jira number.&lt;/p&gt;


&lt;p&gt;Summary&lt;br/&gt;
-------&lt;/p&gt;

&lt;p&gt;See &lt;a href=&quot;https://issues.apache.org/jira/browse/HIVE-2135&quot; title=&quot;Refactor HiveMetaStore.java&quot; class=&quot;issue-link&quot; data-issue-key=&quot;HIVE-2135&quot;&gt;&lt;del&gt;HIVE-2135&lt;/del&gt;&lt;/a&gt;&lt;/p&gt;


&lt;p&gt;This addresses bug &lt;a href=&quot;https://issues.apache.org/jira/browse/HIVE-2135&quot; title=&quot;Refactor HiveMetaStore.java&quot; class=&quot;issue-link&quot; data-issue-key=&quot;HIVE-2135&quot;&gt;&lt;del&gt;HIVE-2135&lt;/del&gt;&lt;/a&gt;.&lt;br/&gt;
    &lt;a href=&quot;https://issues.apache.org/jira/browse/HIVE-2135&quot; class=&quot;external-link&quot; rel=&quot;nofollow&quot;&gt;https://issues.apache.org/jira/browse/HIVE-2135&lt;/a&gt;&lt;/p&gt;


&lt;p&gt;Diffs&lt;/p&gt;
&lt;hr /&gt;

&lt;p&gt;  trunk/metastore/src/java/org/apache/hadoop/hive/metastore/HiveMetaStore.java 1096976 &lt;br/&gt;
  trunk/metastore/src/java/org/apache/hadoop/hive/metastore/MetaStoreCommand.java PRE-CREATION &lt;br/&gt;
  trunk/metastore/src/java/org/apache/hadoop/hive/metastore/MetaStoreUtils.java 1096976 &lt;br/&gt;
  trunk/metastore/src/java/org/apache/hadoop/hive/metastore/URLConnectionUpdater.java PRE-CREATION &lt;/p&gt;

&lt;p&gt;Diff: &lt;a href=&quot;https://reviews.apache.org/r/669/diff&quot; class=&quot;external-link&quot; rel=&quot;nofollow&quot;&gt;https://reviews.apache.org/r/669/diff&lt;/a&gt;&lt;/p&gt;


&lt;p&gt;Testing&lt;br/&gt;
-------&lt;/p&gt;

&lt;p&gt;Since this is a refactoring patch, no new tests are required. Ran all the tests in metastore. All of them passed.&lt;/p&gt;


&lt;p&gt;Thanks,&lt;/p&gt;

&lt;p&gt;Ashutosh&lt;/p&gt;
</comment>
                            <comment id="13027144" author="cwsteinbach" created="Fri, 29 Apr 2011 19:05:36 +0000"  >&lt;p&gt;Changes look good to me. Nice to see some cleanup work!&lt;/p&gt;

&lt;p&gt;@John and Paul: Can one of you take a look at this and make sure it doesn&apos;t break anything on the FB side?&lt;/p&gt;</comment>
                            <comment id="13027177" author="jiraposter@reviews.apache.org" created="Fri, 29 Apr 2011 20:49:03 +0000"  >
&lt;p&gt;-----------------------------------------------------------&lt;br/&gt;
This is an automatically generated e-mail. To reply, visit:&lt;br/&gt;
&lt;a href=&quot;https://reviews.apache.org/r/669/#review622&quot; class=&quot;external-link&quot; rel=&quot;nofollow&quot;&gt;https://reviews.apache.org/r/669/#review622&lt;/a&gt;&lt;br/&gt;
-----------------------------------------------------------&lt;/p&gt;



&lt;p&gt;trunk/metastore/src/java/org/apache/hadoop/hive/metastore/MetaStoreCommand.java&lt;br/&gt;
&amp;lt;&lt;a href=&quot;https://reviews.apache.org/r/669/#comment1265&quot; class=&quot;external-link&quot; rel=&quot;nofollow&quot;&gt;https://reviews.apache.org/r/669/#comment1265&lt;/a&gt;&amp;gt;&lt;/p&gt;

&lt;p&gt;    The example in this Javadoc needs to be updated to match the new invocation pattern.  (Also, the original Javadoc was missing &amp;lt;pre&amp;gt; and &amp;lt;code&amp;gt; tags; can you add those in here so that the HTML will get generated correctly?)&lt;/p&gt;

&lt;p&gt;    But first...is the new invocation pattern actually better?  It seems like the invocation has gotten a little more verbose since each call to executeWithRetry now has to pass in two arguments.  Wouldn&apos;t it be better to leave the executeWithRetry method in the HiveMetaStore class so that it can do any common stuff like setting these as attributes on the command object?&lt;/p&gt;

&lt;p&gt;    Likewise, I&apos;m not clear on how moving the thread-local access to the command object is an improvement.  Seems to me it should stay in HiveMetaStore; again, you can pass the right object in from executeWithRetry.&lt;/p&gt;



&lt;ul class=&quot;alternate&quot; type=&quot;square&quot;&gt;
	&lt;li&gt;John&lt;/li&gt;
&lt;/ul&gt;



&lt;p&gt;On 2011-04-27 18:24:42, Ashutosh Chauhan wrote:&lt;/p&gt;
&lt;blockquote&gt;&lt;p&gt;&lt;/p&gt;&lt;/blockquote&gt;
&lt;blockquote&gt;&lt;p&gt;-----------------------------------------------------------&lt;/p&gt;&lt;/blockquote&gt;
&lt;blockquote&gt;&lt;p&gt;This is an automatically generated e-mail. To reply, visit:&lt;/p&gt;&lt;/blockquote&gt;
&lt;blockquote&gt;&lt;p&gt;&lt;a href=&quot;https://reviews.apache.org/r/669/&quot; class=&quot;external-link&quot; rel=&quot;nofollow&quot;&gt;https://reviews.apache.org/r/669/&lt;/a&gt;&lt;/p&gt;&lt;/blockquote&gt;
&lt;blockquote&gt;&lt;p&gt;-----------------------------------------------------------&lt;/p&gt;&lt;/blockquote&gt;
&lt;blockquote&gt;&lt;p&gt;&lt;/p&gt;&lt;/blockquote&gt;
&lt;blockquote&gt;&lt;p&gt;(Updated 2011-04-27 18:24:42)&lt;/p&gt;&lt;/blockquote&gt;
&lt;blockquote&gt;&lt;p&gt;&lt;/p&gt;&lt;/blockquote&gt;
&lt;blockquote&gt;&lt;p&gt;&lt;/p&gt;&lt;/blockquote&gt;
&lt;blockquote&gt;&lt;p&gt;Review request for hive, Carl Steinbach, John Sichi, and Paul Yang.&lt;/p&gt;&lt;/blockquote&gt;
&lt;blockquote&gt;&lt;p&gt;&lt;/p&gt;&lt;/blockquote&gt;
&lt;blockquote&gt;&lt;p&gt;&lt;/p&gt;&lt;/blockquote&gt;
&lt;blockquote&gt;&lt;p&gt;Summary&lt;/p&gt;&lt;/blockquote&gt;
&lt;blockquote&gt;&lt;p&gt;-------&lt;/p&gt;&lt;/blockquote&gt;
&lt;blockquote&gt;&lt;p&gt;&lt;/p&gt;&lt;/blockquote&gt;
&lt;blockquote&gt;&lt;p&gt;See &lt;a href=&quot;https://issues.apache.org/jira/browse/HIVE-2135&quot; title=&quot;Refactor HiveMetaStore.java&quot; class=&quot;issue-link&quot; data-issue-key=&quot;HIVE-2135&quot;&gt;&lt;del&gt;HIVE-2135&lt;/del&gt;&lt;/a&gt;&lt;/p&gt;&lt;/blockquote&gt;
&lt;blockquote&gt;&lt;p&gt;&lt;/p&gt;&lt;/blockquote&gt;
&lt;blockquote&gt;&lt;p&gt;&lt;/p&gt;&lt;/blockquote&gt;
&lt;blockquote&gt;&lt;p&gt;This addresses bug &lt;a href=&quot;https://issues.apache.org/jira/browse/HIVE-2135&quot; title=&quot;Refactor HiveMetaStore.java&quot; class=&quot;issue-link&quot; data-issue-key=&quot;HIVE-2135&quot;&gt;&lt;del&gt;HIVE-2135&lt;/del&gt;&lt;/a&gt;.&lt;/p&gt;&lt;/blockquote&gt;
&lt;blockquote&gt;&lt;p&gt;&lt;a href=&quot;https://issues.apache.org/jira/browse/HIVE-2135&quot; class=&quot;external-link&quot; rel=&quot;nofollow&quot;&gt;https://issues.apache.org/jira/browse/HIVE-2135&lt;/a&gt;&lt;/p&gt;&lt;/blockquote&gt;
&lt;blockquote&gt;&lt;p&gt;&lt;/p&gt;&lt;/blockquote&gt;
&lt;blockquote&gt;&lt;p&gt;&lt;/p&gt;&lt;/blockquote&gt;
&lt;blockquote&gt;&lt;p&gt;Diffs&lt;/p&gt;&lt;/blockquote&gt;
&lt;blockquote&gt;&lt;p&gt;-----&lt;/p&gt;&lt;/blockquote&gt;
&lt;blockquote&gt;&lt;p&gt;&lt;/p&gt;&lt;/blockquote&gt;
&lt;blockquote&gt;&lt;p&gt;trunk/metastore/src/java/org/apache/hadoop/hive/metastore/HiveMetaStore.java 1096976 &lt;/p&gt;&lt;/blockquote&gt;
&lt;blockquote&gt;&lt;p&gt;trunk/metastore/src/java/org/apache/hadoop/hive/metastore/MetaStoreCommand.java PRE-CREATION &lt;/p&gt;&lt;/blockquote&gt;
&lt;blockquote&gt;&lt;p&gt;trunk/metastore/src/java/org/apache/hadoop/hive/metastore/MetaStoreUtils.java 1096976 &lt;/p&gt;&lt;/blockquote&gt;
&lt;blockquote&gt;&lt;p&gt;trunk/metastore/src/java/org/apache/hadoop/hive/metastore/URLConnectionUpdater.java PRE-CREATION &lt;/p&gt;&lt;/blockquote&gt;
&lt;blockquote&gt;&lt;p&gt;&lt;/p&gt;&lt;/blockquote&gt;
&lt;blockquote&gt;&lt;p&gt;Diff: &lt;a href=&quot;https://reviews.apache.org/r/669/diff&quot; class=&quot;external-link&quot; rel=&quot;nofollow&quot;&gt;https://reviews.apache.org/r/669/diff&lt;/a&gt;&lt;/p&gt;&lt;/blockquote&gt;
&lt;blockquote&gt;&lt;p&gt;&lt;/p&gt;&lt;/blockquote&gt;
&lt;blockquote&gt;&lt;p&gt;&lt;/p&gt;&lt;/blockquote&gt;
&lt;blockquote&gt;&lt;p&gt;Testing&lt;/p&gt;&lt;/blockquote&gt;
&lt;blockquote&gt;&lt;p&gt;-------&lt;/p&gt;&lt;/blockquote&gt;
&lt;blockquote&gt;&lt;p&gt;&lt;/p&gt;&lt;/blockquote&gt;
&lt;blockquote&gt;&lt;p&gt;Since this is a refactoring patch, no new tests are required. Ran all the tests in metastore. All of them passed.&lt;/p&gt;&lt;/blockquote&gt;
&lt;blockquote&gt;&lt;p&gt;&lt;/p&gt;&lt;/blockquote&gt;
&lt;blockquote&gt;&lt;p&gt;&lt;/p&gt;&lt;/blockquote&gt;
&lt;blockquote&gt;&lt;p&gt;Thanks,&lt;/p&gt;&lt;/blockquote&gt;
&lt;blockquote&gt;&lt;p&gt;&lt;/p&gt;&lt;/blockquote&gt;
&lt;blockquote&gt;&lt;p&gt;Ashutosh&lt;/p&gt;&lt;/blockquote&gt;
&lt;blockquote&gt;&lt;p&gt;&lt;/p&gt;&lt;/blockquote&gt;
&lt;blockquote&gt;&lt;p&gt;&lt;/p&gt;&lt;/blockquote&gt;
</comment>
                            <comment id="13027558" author="ashutoshc" created="Mon, 2 May 2011 06:01:52 +0000"  >&lt;p&gt;Objectstore, Metastore, Command, execution, retrials are distinct concepts which I think are too entwined in current implementation. It would be good to disentangle them from each other to make code more modular. I think its better to have a separate Command interface which different types of Command will implement. execute() should really be a part of Rawstore interface since different Objectstore can have different strategies for executing a command and may have different ways of doing retrials. Metastore should prepare a Command and call execute() on Rawstore to execute it. I am attaching an illustrative patch which sketches these ideas for create database command. Let me know if it makes sense.&lt;/p&gt;</comment>
                            <comment id="13215916" author="ashutoshc" created="Fri, 24 Feb 2012 21:14:26 +0000"  >&lt;p&gt;This got taken care of in a better fashion in &lt;a href=&quot;https://issues.apache.org/jira/browse/HIVE-2716&quot; title=&quot;Move retry logic in HiveMetaStore to a separe class&quot; class=&quot;issue-link&quot; data-issue-key=&quot;HIVE-2716&quot;&gt;&lt;del&gt;HIVE-2716&lt;/del&gt;&lt;/a&gt;.&lt;/p&gt;</comment>
                    </comments>
                    <attachments>
                            <attachment id="12477931" name="hive_2135.patch" size="14201" author="ashutoshc" created="Mon, 2 May 2011 06:01:52 +0000"/>
                            <attachment id="12477474" name="refactor.patch" size="55812" author="ashutoshc" created="Wed, 27 Apr 2011 06:58:09 +0000"/>
                    </attachments>
                <subtasks>
                    </subtasks>
                <customfields>
                                                <customfield id="customfield_12310310" key="com.atlassian.jira.toolkit:attachments">
                        <customfieldname>Attachment count</customfieldname>
                        <customfieldvalues>
                            <customfieldvalue>2.0</customfieldvalue>
                        </customfieldvalues>
                    </customfield>
                                                                                                                                                                                                                                                                                                                                                                                                                                                                                                                                <customfield id="customfield_12310220" key="com.atlassian.jira.ext.charting:firstresponsedate">
                        <customfieldname>Date of First Response</customfieldname>
                        <customfieldvalues>
                            <customfieldvalue>Wed, 27 Apr 2011 18:25:03 +0000</customfieldvalue>

                        </customfieldvalues>
                    </customfield>
                                                                                                                                                                                                                                                                                                                                                                                                                                            <customfield id="customfield_12310420" key="com.pyxis.greenhopper.jira:gh-global-rank">
                        <customfieldname>Global Rank</customfieldname>
                        <customfieldvalues>
                            <customfieldvalue>42256</customfieldvalue>
                        </customfieldvalues>
                    </customfield>
                                                                                                                                                    <customfield id="customfield_12312521" key="com.atlassian.jira.toolkit:LastCommentDate">
                        <customfieldname>Last public comment date</customfieldname>
                        <customfieldvalues>
                            4 years, 41 weeks, 1 day ago
                        </customfieldvalues>
                    </customfield>
                                                                                            <customfield id="customfield_12311820" key="com.pyxis.greenhopper.jira:gh-lexo-rank">
                        <customfieldname>Rank</customfieldname>
                        <customfieldvalues>
                            <customfieldvalue>0|i0likv:</customfieldvalue>

                        </customfieldvalues>
                    </customfield>
                                                                <customfield id="customfield_12310920" key="com.pyxis.greenhopper.jira:gh-global-rank">
                        <customfieldname>Rank (Obsolete)</customfieldname>
                        <customfieldvalues>
                            <customfieldvalue>123660</customfieldvalue>
                        </customfieldvalues>
                    </customfield>
                                                                                                                                                                                                                                                                                                                            <customfield id="customfield_12310222" key="com.atlassian.jira.ext.charting:timeinstatus">
                        <customfieldname>Time in Status</customfieldname>
                        <customfieldvalues>
                            
                        </customfieldvalues>
                    </customfield>
                                                                                                                        </customfields>
    </item>
</channel>
</rss>