<!-- 
RSS generated by JIRA (6.3.4#6332-sha1:51bc225ef474afe3128b2f66878477f322397b16) at Sat Dec 03 01:09:03 UTC 2016

It is possible to restrict the fields that are returned in this document by specifying the 'field' parameter in your request.
For example, to request only the issue key and summary add field=key&field=summary to the URL of your request.
For example:
https://issues.apache.org/jira/si/jira.issueviews:issue-xml/HIVE-1011/HIVE-1011.xml?field=key&amp;field=summary
-->
<rss version="0.92" >
<channel>
    <title>ASF JIRA</title>
    <link>https://issues.apache.org/jira</link>
    <description>This file is an XML representation of an issue</description>
    <language>en-uk</language>    <build-info>
        <version>6.3.4</version>
        <build-number>6332</build-number>
        <build-date>15-08-2014</build-date>
    </build-info>

<item>
            <title>[HIVE-1011] GenericUDTFExplode() throws NPE when given nulls</title>
                <link>https://issues.apache.org/jira/browse/HIVE-1011</link>
                <project id="12310843" key="HIVE">Hive</project>
                    <description>&lt;p&gt;When explode() is called on rows where the array column is null, a null pointer exception is thrown.&lt;/p&gt;

&lt;p&gt;For example consider having  a table named test with the following rows&lt;/p&gt;

&lt;div class=&quot;code panel&quot; style=&quot;border-width: 1px;&quot;&gt;&lt;div class=&quot;codeContent panelContent&quot;&gt;
&lt;pre class=&quot;code-java&quot;&gt;
key     value
1       [1,2,3]
2       &lt;span class=&quot;code-keyword&quot;&gt;null&lt;/span&gt; 
&lt;/pre&gt;
&lt;/div&gt;&lt;/div&gt;

&lt;p&gt;Then running the query&lt;/p&gt;

&lt;div class=&quot;code panel&quot; style=&quot;border-width: 1px;&quot;&gt;&lt;div class=&quot;codeContent panelContent&quot;&gt;
&lt;pre class=&quot;code-java&quot;&gt;
SELECT explode(value) AS myCol FROM test;

or

SELECT * FROM test LATERAL VIEW explode(value) myTab AS myCol;
&lt;/pre&gt;
&lt;/div&gt;&lt;/div&gt;

&lt;p&gt;will throw a null pointer exception when explode() gets the null value from the 2nd row.&lt;/p&gt;

&lt;p&gt;Possible options are:&lt;/p&gt;

&lt;p&gt;1. Treat null values as an error and make the user fix null values in data&lt;br/&gt;
2. explode(null) generates a null output value.&lt;br/&gt;
3. explode(null) generates no output values&lt;/p&gt;

&lt;p&gt;#2 means that explode(null) and explode(array(null)) will behave identically. Because of that, I think #3 makes the most sense.&lt;/p&gt;</description>
                <environment></environment>
        <key id="12444144">HIVE-1011</key>
            <summary>GenericUDTFExplode() throws NPE when given nulls</summary>
                <type id="1" iconUrl="https://issues.apache.org/jira/images/icons/issuetypes/bug.png">Bug</type>
                                            <priority id="3" iconUrl="https://issues.apache.org/jira/images/icons/priorities/major.png">Major</priority>
                        <status id="6" iconUrl="https://issues.apache.org/jira/images/icons/statuses/closed.png" description="The issue is considered finished, the resolution is correct. Issues which are closed can be reopened.">Closed</status>
                    <statusCategory id="3" key="done" colorName="green"/>
                                    <resolution id="1">Fixed</resolution>
                                        <assignee username="pauly">Paul Yang</assignee>
                                    <reporter username="pauly">Paul Yang</reporter>
                        <labels>
                    </labels>
                <created>Wed, 23 Dec 2009 23:37:33 +0000</created>
                <updated>Sat, 17 Dec 2011 00:03:46 +0000</updated>
                            <resolved>Mon, 12 Apr 2010 19:45:34 +0000</resolved>
                                                    <fixVersion>0.6.0</fixVersion>
                                    <component>Query Processor</component>
                        <due></due>
                            <votes>0</votes>
                                    <watches>1</watches>
                                                                <comments>
                            <comment id="12856106" author="namit" created="Mon, 12 Apr 2010 18:29:25 +0000"  >&lt;p&gt;I think 3. makes most sense - I will take a look at the patch&lt;/p&gt;</comment>
                            <comment id="12856138" author="namit" created="Mon, 12 Apr 2010 19:45:33 +0000"  >&lt;p&gt;Committed. Thanks Paul&lt;/p&gt;</comment>
                    </comments>
                    <attachments>
                            <attachment id="12441229" name="HIVE-1011.1.patch" size="2288" author="pauly" created="Thu, 8 Apr 2010 23:14:44 +0000"/>
                    </attachments>
                <subtasks>
                    </subtasks>
                <customfields>
                                                <customfield id="customfield_12310310" key="com.atlassian.jira.toolkit:attachments">
                        <customfieldname>Attachment count</customfieldname>
                        <customfieldvalues>
                            <customfieldvalue>1.0</customfieldvalue>
                        </customfieldvalues>
                    </customfield>
                                                                                                                                                                                                                                                                                                                                                                                                                                                                                                                                <customfield id="customfield_12310220" key="com.atlassian.jira.ext.charting:firstresponsedate">
                        <customfieldname>Date of First Response</customfieldname>
                        <customfieldvalues>
                            <customfieldvalue>Mon, 12 Apr 2010 18:29:25 +0000</customfieldvalue>

                        </customfieldvalues>
                    </customfield>
                                                                                                                                                                                                                                                                                                                                                                                                                                            <customfield id="customfield_12310420" key="com.pyxis.greenhopper.jira:gh-global-rank">
                        <customfieldname>Global Rank</customfieldname>
                        <customfieldvalues>
                            <customfieldvalue>73156</customfieldvalue>
                        </customfieldvalues>
                    </customfield>
                                                                <customfield id="customfield_12310191" key="com.atlassian.jira.plugin.system.customfieldtypes:multicheckboxes">
                        <customfieldname>Hadoop Flags</customfieldname>
                        <customfieldvalues>
                                <customfieldvalue key="10343"><![CDATA[Reviewed]]></customfieldvalue>
    
                        </customfieldvalues>
                    </customfield>
                                                                                                                        <customfield id="customfield_12312521" key="com.atlassian.jira.toolkit:LastCommentDate">
                        <customfieldname>Last public comment date</customfieldname>
                        <customfieldvalues>
                            6 years, 34 weeks, 4 days ago
                        </customfieldvalues>
                    </customfield>
                                                                                            <customfield id="customfield_12311820" key="com.pyxis.greenhopper.jira:gh-lexo-rank">
                        <customfieldname>Rank</customfieldname>
                        <customfieldvalues>
                            <customfieldvalue>0|i0lcy7:</customfieldvalue>

                        </customfieldvalues>
                    </customfield>
                                                                <customfield id="customfield_12310920" key="com.pyxis.greenhopper.jira:gh-global-rank">
                        <customfieldname>Rank (Obsolete)</customfieldname>
                        <customfieldvalues>
                            <customfieldvalue>122748</customfieldvalue>
                        </customfieldvalues>
                    </customfield>
                                                                                                                                                                                                                                                                                                                            <customfield id="customfield_12310222" key="com.atlassian.jira.ext.charting:timeinstatus">
                        <customfieldname>Time in Status</customfieldname>
                        <customfieldvalues>
                            
                        </customfieldvalues>
                    </customfield>
                                                                                                                        </customfields>
    </item>
</channel>
</rss>