<!-- 
RSS generated by JIRA (6.3.4#6332-sha1:51bc225ef474afe3128b2f66878477f322397b16) at Sun Dec 04 00:22:36 UTC 2016

It is possible to restrict the fields that are returned in this document by specifying the 'field' parameter in your request.
For example, to request only the issue key and summary add field=key&field=summary to the URL of your request.
For example:
https://issues.apache.org/jira/si/jira.issueviews:issue-xml/HIVE-2320/HIVE-2320.xml?field=key&amp;field=summary
-->
<rss version="0.92" >
<channel>
    <title>ASF JIRA</title>
    <link>https://issues.apache.org/jira</link>
    <description>This file is an XML representation of an issue</description>
    <language>en-uk</language>    <build-info>
        <version>6.3.4</version>
        <build-number>6332</build-number>
        <build-date>15-08-2014</build-date>
    </build-info>

<item>
            <title>[HIVE-2320] Implement setCatalog() and allow setting active database to a database other than &quot;default&quot;</title>
                <link>https://issues.apache.org/jira/browse/HIVE-2320</link>
                <project id="12310843" key="HIVE">Hive</project>
                    <description>&lt;p&gt;Currently, the JDBC driver always use &quot;default&quot; as the schema/database. We should allow setting the active schema to another schema.&lt;/p&gt;

&lt;p&gt;1. implement the setCatalog() method&lt;br/&gt;
2. modify HiveConnection constructor to take the schema from the URL and call setCatalog&lt;br/&gt;
3. change configureConnection() and execute &quot;use &amp;lt;schema&amp;gt;;&quot; statement &lt;/p&gt;

&lt;p&gt;See &lt;a href=&quot;https://issues.apache.org/jira/browse/HIVE-675&quot; class=&quot;external-link&quot; rel=&quot;nofollow&quot;&gt;https://issues.apache.org/jira/browse/HIVE-675&lt;/a&gt;&lt;/p&gt;</description>
                <environment></environment>
        <key id="12515616">HIVE-2320</key>
            <summary>Implement setCatalog() and allow setting active database to a database other than &quot;default&quot;</summary>
                <type id="7" iconUrl="https://issues.apache.org/jira/images/icons/issuetypes/subtask_alternate.png">Sub-task</type>
                            <parent id="12428762">HIVE-576</parent>
                                    <priority id="4" iconUrl="https://issues.apache.org/jira/images/icons/priorities/minor.png">Minor</priority>
                        <status id="1" iconUrl="https://issues.apache.org/jira/images/icons/statuses/open.png" description="The issue is open and ready for the assignee to start work on it.">Open</status>
                    <statusCategory id="2" key="new" colorName="blue-gray"/>
                                    <resolution id="-1">Unresolved</resolution>
                                        <assignee username="-1">Unassigned</assignee>
                                    <reporter username="orenlederman">Oren Lederman</reporter>
                        <labels>
                            <label>jdbc</label>
                    </labels>
                <created>Thu, 28 Jul 2011 08:40:05 +0000</created>
                <updated>Wed, 27 Nov 2013 17:12:47 +0000</updated>
                                            <version>0.7.1</version>
                                                    <component>JDBC</component>
                        <due></due>
                            <votes>3</votes>
                                    <watches>4</watches>
                                    <timeoriginalestimate seconds="3600">1h</timeoriginalestimate>
                            <timeestimate seconds="3600">1h</timeestimate>
                                        <comments>
                            <comment id="13076176" author="orenlederman" created="Tue, 2 Aug 2011 12:54:05 +0000"  >&lt;p&gt;I considered two alternatives:&lt;br/&gt;
1. The one I used in the patch above - setting a local database variable in the constructor calling setCatalog() after calling configureConnection().&lt;br/&gt;
2. Setting a global database variable and calling setCatalog() from configureConnection()&lt;/p&gt;</comment>
                            <comment id="13087492" author="cwsteinbach" created="Fri, 19 Aug 2011 03:27:03 +0000"  >&lt;p&gt;@Oren: Can you please submit the patch again and this time check the &quot;Grant license to ASF for inclusion in ASF works&quot; box at the bottom? We can&apos;t include the patch in Hive until you do this. Thanks!&lt;/p&gt;</comment>
                            <comment id="13104458" author="orenlederman" created="Wed, 14 Sep 2011 12:27:49 +0000"  >&lt;p&gt;Patch for fixing the issue. This time with the grant license to ASF option&lt;/p&gt;</comment>
                    </comments>
                <issuelinks>
                            <issuelinktype id="12310000">
                    <name>Duplicate</name>
                                                                <inwardlinks description="is duplicated by">
                                        <issuelink>
            <issuekey id="12530804">HIVE-2564</issuekey>
        </issuelink>
                            </inwardlinks>
                                    </issuelinktype>
                            <issuelinktype id="10030">
                    <name>Reference</name>
                                                                <inwardlinks description="is related to">
                                        <issuelink>
            <issuekey id="12681614">HIVE-5904</issuekey>
        </issuelink>
                            </inwardlinks>
                                    </issuelinktype>
                    </issuelinks>
                <attachments>
                            <attachment id="12494436" name="HIVE-2320.Implement-setCatalog-and-allow-setting-active-database-to-a-database-other-than-default.1.patch" size="2150" author="orenlederman" created="Wed, 14 Sep 2011 12:27:49 +0000"/>
                            <attachment id="12488884" name="HIVE-2320.Implement-setCatalog-and-allow-setting-active-database-to-a-database-other-than-default.1.patch" size="2150" author="orenlederman" created="Tue, 2 Aug 2011 12:51:31 +0000"/>
                    </attachments>
                <subtasks>
                    </subtasks>
                <customfields>
                                                <customfield id="customfield_12310310" key="com.atlassian.jira.toolkit:attachments">
                        <customfieldname>Attachment count</customfieldname>
                        <customfieldvalues>
                            <customfieldvalue>2.0</customfieldvalue>
                        </customfieldvalues>
                    </customfield>
                                                                                                                                                                                                                                                                                                                                                                                                                                                                                                                                <customfield id="customfield_12310220" key="com.atlassian.jira.ext.charting:firstresponsedate">
                        <customfieldname>Date of First Response</customfieldname>
                        <customfieldvalues>
                            <customfieldvalue>Fri, 19 Aug 2011 03:27:03 +0000</customfieldvalue>

                        </customfieldvalues>
                    </customfield>
                                                                                                                                                                                                                                                                                                                                                                                                                                            <customfield id="customfield_12310420" key="com.pyxis.greenhopper.jira:gh-global-rank">
                        <customfieldname>Global Rank</customfieldname>
                        <customfieldvalues>
                            <customfieldvalue>42172</customfieldvalue>
                        </customfieldvalues>
                    </customfield>
                                                                                                                                                    <customfield id="customfield_12312521" key="com.atlassian.jira.toolkit:LastCommentDate">
                        <customfieldname>Last public comment date</customfieldname>
                        <customfieldvalues>
                            5 years, 12 weeks, 3 days ago
                        </customfieldvalues>
                    </customfield>
                                                                                            <customfield id="customfield_12311820" key="com.pyxis.greenhopper.jira:gh-lexo-rank">
                        <customfieldname>Rank</customfieldname>
                        <customfieldvalues>
                            <customfieldvalue>0|i0ljgn:</customfieldvalue>

                        </customfieldvalues>
                    </customfield>
                                                                <customfield id="customfield_12310920" key="com.pyxis.greenhopper.jira:gh-global-rank">
                        <customfieldname>Rank (Obsolete)</customfieldname>
                        <customfieldvalues>
                            <customfieldvalue>123803</customfieldvalue>
                        </customfieldvalues>
                    </customfield>
                                                                                                                                                                                                                                                                                                                                                                                                                </customfields>
    </item>
</channel>
</rss>