<!-- 
RSS generated by JIRA (6.3.4#6332-sha1:51bc225ef474afe3128b2f66878477f322397b16) at Sat Dec 03 22:40:30 UTC 2016

It is possible to restrict the fields that are returned in this document by specifying the 'field' parameter in your request.
For example, to request only the issue key and summary add field=key&field=summary to the URL of your request.
For example:
https://issues.apache.org/jira/si/jira.issueviews:issue-xml/HIVE-2875/HIVE-2875.xml?field=key&amp;field=summary
-->
<rss version="0.92" >
<channel>
    <title>ASF JIRA</title>
    <link>https://issues.apache.org/jira</link>
    <description>This file is an XML representation of an issue</description>
    <language>en-uk</language>    <build-info>
        <version>6.3.4</version>
        <build-number>6332</build-number>
        <build-date>15-08-2014</build-date>
    </build-info>

<item>
            <title>[HIVE-2875] Renaming partition changes partition location prefix</title>
                <link>https://issues.apache.org/jira/browse/HIVE-2875</link>
                <project id="12310843" key="HIVE">Hive</project>
                    <description>&lt;p&gt;Renaming a partition changes the location of the partition to the default location of the table, followed by the partition specification.  It should just change the partition specification of the path.&lt;/p&gt;

&lt;p&gt;If the path does not end with the old partition specification, we should probably throw an exception because renaming a partition should not change the path so dramatically, and not changing the path to reflect the new partition name could leave the partition in a very confusing state.&lt;/p&gt;</description>
                <environment></environment>
        <key id="12546673">HIVE-2875</key>
            <summary>Renaming partition changes partition location prefix</summary>
                <type id="1" iconUrl="https://issues.apache.org/jira/images/icons/issuetypes/bug.png">Bug</type>
                                            <priority id="3" iconUrl="https://issues.apache.org/jira/images/icons/priorities/major.png">Major</priority>
                        <status id="6" iconUrl="https://issues.apache.org/jira/images/icons/statuses/closed.png" description="The issue is considered finished, the resolution is correct. Issues which are closed can be reopened.">Closed</status>
                    <statusCategory id="3" key="done" colorName="green"/>
                                    <resolution id="1">Fixed</resolution>
                                        <assignee username="kevinwilfong">Kevin Wilfong</assignee>
                                    <reporter username="kevinwilfong">Kevin Wilfong</reporter>
                        <labels>
                    </labels>
                <created>Thu, 15 Mar 2012 22:02:18 +0000</created>
                <updated>Wed, 9 Jan 2013 10:24:59 +0000</updated>
                            <resolved>Fri, 30 Mar 2012 21:50:49 +0000</resolved>
                                                    <fixVersion>0.9.0</fixVersion>
                                        <due></due>
                            <votes>0</votes>
                                    <watches>1</watches>
                                                                <comments>
                            <comment id="13230800" author="phabricator@reviews.facebook.net" created="Fri, 16 Mar 2012 01:10:37 +0000"  >&lt;p&gt;kevinwilfong requested code review of &quot;&lt;a href=&quot;https://issues.apache.org/jira/browse/HIVE-2875&quot; title=&quot;Renaming partition changes partition location prefix&quot; class=&quot;issue-link&quot; data-issue-key=&quot;HIVE-2875&quot;&gt;&lt;del&gt;HIVE-2875&lt;/del&gt;&lt;/a&gt; &lt;span class=&quot;error&quot;&gt;&amp;#91;jira&amp;#93;&lt;/span&gt; Renaming partition changes partition location prefix&quot;.&lt;br/&gt;
Reviewers: JIRA&lt;/p&gt;

&lt;p&gt;  &lt;a href=&quot;https://issues.apache.org/jira/browse/HIVE-2875&quot; class=&quot;external-link&quot; rel=&quot;nofollow&quot;&gt;https://issues.apache.org/jira/browse/HIVE-2875&lt;/a&gt;&lt;/p&gt;

&lt;p&gt;  When a partition is renamed, instead of completely reconstructing the path, the partition specification at the end of the path is replaced with the new partition specification.  If the old path for the partition did not end with the partition specification (it is some non default location) an error will be thrown, since we don&apos;t have a reasonable way to change the partition location.&lt;/p&gt;

&lt;p&gt;  Renaming a partition changes the location of the partition to the default location of the table, followed by the partition specification.  It should just change the partition specification of the path.&lt;/p&gt;

&lt;p&gt;  If the path does not end with the old partition specification, we should probably throw an exception because renaming a partition should not change the path so dramatically, and not changing the path to reflect the new partition name could leave the partition in a very confusing state.&lt;/p&gt;

&lt;p&gt;TEST PLAN&lt;br/&gt;
  EMPTY&lt;/p&gt;

&lt;p&gt;REVISION DETAIL&lt;br/&gt;
  &lt;a href=&quot;https://reviews.facebook.net/D2349&quot; class=&quot;external-link&quot; rel=&quot;nofollow&quot;&gt;https://reviews.facebook.net/D2349&lt;/a&gt;&lt;/p&gt;

&lt;p&gt;AFFECTED FILES&lt;br/&gt;
  metastore/src/java/org/apache/hadoop/hive/metastore/HiveAlterHandler.java&lt;br/&gt;
  ql/src/test/results/clientpositive/rename_partition_location.q.out&lt;br/&gt;
  ql/src/test/org/apache/hadoop/hive/ql/hooks/VerifyPartitionIsNotSubdirectoryOfTableHook.java&lt;br/&gt;
  ql/src/test/queries/clientpositive/rename_partition_location.q&lt;/p&gt;

&lt;p&gt;MANAGE HERALD DIFFERENTIAL RULES&lt;br/&gt;
  &lt;a href=&quot;https://reviews.facebook.net/herald/view/differential/&quot; class=&quot;external-link&quot; rel=&quot;nofollow&quot;&gt;https://reviews.facebook.net/herald/view/differential/&lt;/a&gt;&lt;/p&gt;

&lt;p&gt;WHY DID I GET THIS EMAIL?&lt;br/&gt;
  &lt;a href=&quot;https://reviews.facebook.net/herald/transcript/5223/&quot; class=&quot;external-link&quot; rel=&quot;nofollow&quot;&gt;https://reviews.facebook.net/herald/transcript/5223/&lt;/a&gt;&lt;/p&gt;

&lt;p&gt;Tip: use the X-Herald-Rules header to filter Herald messages in your client.&lt;/p&gt;</comment>
                            <comment id="13230929" author="phabricator@reviews.facebook.net" created="Fri, 16 Mar 2012 06:27:47 +0000"  >&lt;p&gt;njain has accepted the revision &quot;&lt;a href=&quot;https://issues.apache.org/jira/browse/HIVE-2875&quot; title=&quot;Renaming partition changes partition location prefix&quot; class=&quot;issue-link&quot; data-issue-key=&quot;HIVE-2875&quot;&gt;&lt;del&gt;HIVE-2875&lt;/del&gt;&lt;/a&gt; &lt;span class=&quot;error&quot;&gt;&amp;#91;jira&amp;#93;&lt;/span&gt; Renaming partition changes partition location prefix&quot;.&lt;/p&gt;

&lt;p&gt;REVISION DETAIL&lt;br/&gt;
  &lt;a href=&quot;https://reviews.facebook.net/D2349&quot; class=&quot;external-link&quot; rel=&quot;nofollow&quot;&gt;https://reviews.facebook.net/D2349&lt;/a&gt;&lt;/p&gt;

&lt;p&gt;BRANCH&lt;br/&gt;
  svn&lt;/p&gt;</comment>
                            <comment id="13231597" author="namit" created="Fri, 16 Mar 2012 20:33:19 +0000"  >&lt;p&gt;Lot of tests are failing for me.&lt;br/&gt;
Can you debug this ?&lt;/p&gt;</comment>
                            <comment id="13237759" author="phabricator@reviews.facebook.net" created="Sun, 25 Mar 2012 01:48:24 +0000"  >&lt;p&gt;kevinwilfong updated the revision &quot;&lt;a href=&quot;https://issues.apache.org/jira/browse/HIVE-2875&quot; title=&quot;Renaming partition changes partition location prefix&quot; class=&quot;issue-link&quot; data-issue-key=&quot;HIVE-2875&quot;&gt;&lt;del&gt;HIVE-2875&lt;/del&gt;&lt;/a&gt; &lt;span class=&quot;error&quot;&gt;&amp;#91;jira&amp;#93;&lt;/span&gt; Renaming partition changes partition location prefix&quot;.&lt;br/&gt;
Reviewers: JIRA, njain&lt;/p&gt;

&lt;p&gt;  I modified my approach.  Now the partition&apos;s new location consists of the scheme and authority of the original location, and the path of the default location using the partition&apos;s new name.  This is similar to what is done for partition&apos;s locations when a table is renamed.  I ran the tests and they now pass.&lt;/p&gt;

&lt;p&gt;REVISION DETAIL&lt;br/&gt;
  &lt;a href=&quot;https://reviews.facebook.net/D2349&quot; class=&quot;external-link&quot; rel=&quot;nofollow&quot;&gt;https://reviews.facebook.net/D2349&lt;/a&gt;&lt;/p&gt;

&lt;p&gt;AFFECTED FILES&lt;br/&gt;
  metastore/src/java/org/apache/hadoop/hive/metastore/HiveAlterHandler.java&lt;br/&gt;
  ql/src/test/results/clientpositive/rename_partition_location.q.out&lt;br/&gt;
  ql/src/test/org/apache/hadoop/hive/ql/hooks/VerifyPartitionIsNotSubdirectoryOfTableHook.java&lt;br/&gt;
  ql/src/test/queries/clientpositive/rename_partition_location.q&lt;/p&gt;</comment>
                            <comment id="13242793" author="namit" created="Fri, 30 Mar 2012 21:50:49 +0000"  >&lt;p&gt;Committed. Thanks Kevin&lt;/p&gt;</comment>
                            <comment id="13265335" author="ashutoshc" created="Mon, 30 Apr 2012 21:11:47 +0000"  >&lt;p&gt;This issue is closed now. It was released with the fix in 0.9.0. If there is a problem, please open a new jira and link this one with that.&lt;/p&gt;</comment>
                            <comment id="13548250" author="hudson" created="Wed, 9 Jan 2013 10:24:59 +0000"  >&lt;p&gt;Integrated in Hive-trunk-hadoop2 #54 (See &lt;a href=&quot;https://builds.apache.org/job/Hive-trunk-hadoop2/54/&quot; class=&quot;external-link&quot; rel=&quot;nofollow&quot;&gt;https://builds.apache.org/job/Hive-trunk-hadoop2/54/&lt;/a&gt;)&lt;br/&gt;
    &lt;a href=&quot;https://issues.apache.org/jira/browse/HIVE-2875&quot; title=&quot;Renaming partition changes partition location prefix&quot; class=&quot;issue-link&quot; data-issue-key=&quot;HIVE-2875&quot;&gt;&lt;del&gt;HIVE-2875&lt;/del&gt;&lt;/a&gt; /Users/njain/hive/hive_commit1/svn-commit.tmp&lt;br/&gt;
(Kevin Wilfong via namit) (Revision 1307633)&lt;/p&gt;

&lt;p&gt;     Result = ABORTED&lt;br/&gt;
namit : &lt;a href=&quot;http://svn.apache.org/viewcvs.cgi/?root=Apache-SVN&amp;amp;view=rev&amp;amp;rev=1307633&quot; class=&quot;external-link&quot; rel=&quot;nofollow&quot;&gt;http://svn.apache.org/viewcvs.cgi/?root=Apache-SVN&amp;amp;view=rev&amp;amp;rev=1307633&lt;/a&gt;&lt;br/&gt;
Files : &lt;/p&gt;
&lt;ul&gt;
	&lt;li&gt;/hive/trunk/metastore/src/java/org/apache/hadoop/hive/metastore/HiveAlterHandler.java&lt;/li&gt;
	&lt;li&gt;/hive/trunk/ql/src/test/org/apache/hadoop/hive/ql/hooks/VerifyPartitionIsNotSubdirectoryOfTableHook.java&lt;/li&gt;
	&lt;li&gt;/hive/trunk/ql/src/test/queries/clientpositive/rename_partition_location.q&lt;/li&gt;
	&lt;li&gt;/hive/trunk/ql/src/test/results/clientpositive/rename_partition_location.q.out&lt;/li&gt;
&lt;/ul&gt;
</comment>
                    </comments>
                    <attachments>
                            <attachment id="12518591" name="ASF.LICENSE.NOT.GRANTED--HIVE-2875.D2349.1.patch" size="9508" author="phabricator@reviews.facebook.net" created="Fri, 16 Mar 2012 01:10:38 +0000"/>
                            <attachment id="12519838" name="ASF.LICENSE.NOT.GRANTED--HIVE-2875.D2349.2.patch" size="8228" author="phabricator@reviews.facebook.net" created="Sun, 25 Mar 2012 01:48:25 +0000"/>
                    </attachments>
                <subtasks>
                    </subtasks>
                <customfields>
                                                <customfield id="customfield_12310310" key="com.atlassian.jira.toolkit:attachments">
                        <customfieldname>Attachment count</customfieldname>
                        <customfieldvalues>
                            <customfieldvalue>2.0</customfieldvalue>
                        </customfieldvalues>
                    </customfield>
                                                                                                                                                                                                                                                                                                                                                                                                                                                                                                                                <customfield id="customfield_12310220" key="com.atlassian.jira.ext.charting:firstresponsedate">
                        <customfieldname>Date of First Response</customfieldname>
                        <customfieldvalues>
                            <customfieldvalue>Fri, 16 Mar 2012 01:10:37 +0000</customfieldvalue>

                        </customfieldvalues>
                    </customfield>
                                                                                                                                                                                                                                                                                                                                                                                                                                            <customfield id="customfield_12310420" key="com.pyxis.greenhopper.jira:gh-global-rank">
                        <customfieldname>Global Rank</customfieldname>
                        <customfieldvalues>
                            <customfieldvalue>231831</customfieldvalue>
                        </customfieldvalues>
                    </customfield>
                                                                <customfield id="customfield_12310191" key="com.atlassian.jira.plugin.system.customfieldtypes:multicheckboxes">
                        <customfieldname>Hadoop Flags</customfieldname>
                        <customfieldvalues>
                                <customfieldvalue key="10343"><![CDATA[Reviewed]]></customfieldvalue>
    
                        </customfieldvalues>
                    </customfield>
                                                                                                                        <customfield id="customfield_12312521" key="com.atlassian.jira.toolkit:LastCommentDate">
                        <customfieldname>Last public comment date</customfieldname>
                        <customfieldvalues>
                            3 years, 47 weeks, 3 days ago
                        </customfieldvalues>
                    </customfield>
                                                                                            <customfield id="customfield_12311820" key="com.pyxis.greenhopper.jira:gh-lexo-rank">
                        <customfieldname>Rank</customfieldname>
                        <customfieldvalues>
                            <customfieldvalue>0|i0llx3:</customfieldvalue>

                        </customfieldvalues>
                    </customfield>
                                                                <customfield id="customfield_12310920" key="com.pyxis.greenhopper.jira:gh-global-rank">
                        <customfieldname>Rank (Obsolete)</customfieldname>
                        <customfieldvalues>
                            <customfieldvalue>124201</customfieldvalue>
                        </customfieldvalues>
                    </customfield>
                                                                                                                                                                                                                                                                                                                            <customfield id="customfield_12310222" key="com.atlassian.jira.ext.charting:timeinstatus">
                        <customfieldname>Time in Status</customfieldname>
                        <customfieldvalues>
                            
                        </customfieldvalues>
                    </customfield>
                                                                                                                        </customfields>
    </item>
</channel>
</rss>