<!-- 
RSS generated by JIRA (6.3.4#6332-sha1:51bc225ef474afe3128b2f66878477f322397b16) at Fri Dec 02 11:43:39 UTC 2016

It is possible to restrict the fields that are returned in this document by specifying the 'field' parameter in your request.
For example, to request only the issue key and summary add field=key&field=summary to the URL of your request.
For example:
https://issues.apache.org/jira/si/jira.issueviews:issue-xml/HIVE-12662/HIVE-12662.xml?field=key&amp;field=summary
-->
<rss version="0.92" >
<channel>
    <title>ASF JIRA</title>
    <link>https://issues.apache.org/jira</link>
    <description>This file is an XML representation of an issue</description>
    <language>en-uk</language>    <build-info>
        <version>6.3.4</version>
        <build-number>6332</build-number>
        <build-date>15-08-2014</build-date>
    </build-info>

<item>
            <title>[HIVE-12662] StackOverflowError in HiveSortJoinReduceRule when limit=0</title>
                <link>https://issues.apache.org/jira/browse/HIVE-12662</link>
                <project id="12310843" key="HIVE">Hive</project>
                    <description>&lt;p&gt;L96 of HiveSortJoinReduceRule, you will see &lt;/p&gt;

&lt;div class=&quot;preformatted panel&quot; style=&quot;border-width: 1px;&quot;&gt;&lt;div class=&quot;preformattedContent panelContent&quot;&gt;
&lt;pre&gt;    // Finally, if we do not reduce the input size, we bail out
    if (RexLiteral.intValue(sortLimit.fetch)
            &amp;gt;= RelMetadataQuery.getRowCount(reducedInput)) {
      return false;
    }
&lt;/pre&gt;
&lt;/div&gt;&lt;/div&gt;

&lt;p&gt;It is using &#8220; RelMetadataQuery.getRowCount&#8221; which is always at least 1. This is the problem that we resolved in &lt;a href=&quot;https://issues.apache.org/jira/browse/CALCITE-987&quot; title=&quot;Push limit 0 will result in an infinite loop&quot; class=&quot;issue-link&quot; data-issue-key=&quot;CALCITE-987&quot;&gt;&lt;del&gt;CALCITE-987&lt;/del&gt;&lt;/a&gt;.&lt;/p&gt;

&lt;p&gt;To confirm this, I just run the q file :&lt;/p&gt;

&lt;div class=&quot;preformatted panel&quot; style=&quot;border-width: 1px;&quot;&gt;&lt;div class=&quot;preformattedContent panelContent&quot;&gt;
&lt;pre&gt;set hive.mapred.mode=nonstrict;
set hive.optimize.limitjointranspose=true;
set hive.optimize.limitjointranspose.reductionpercentage=1f;
set hive.optimize.limitjointranspose.reductiontuples=0;

explain
select *
from src src1 right outer join (
  select *
  from src src2 left outer join src src3
  on src2.value = src3.value) src2
on src1.key = src2.key
limit 0;
&lt;/pre&gt;
&lt;/div&gt;&lt;/div&gt;

&lt;p&gt;  And I got&lt;/p&gt;

&lt;div class=&quot;preformatted panel&quot; style=&quot;border-width: 1px;&quot;&gt;&lt;div class=&quot;preformattedContent panelContent&quot;&gt;
&lt;pre&gt;2015-12-11T10:21:04,435 ERROR [c1efb099-f900-46dc-9f74-97af0944a99d main[]]: parse.CalcitePlanner (CalcitePlanner.java:genOPTree(301)) - CBO failed, skipping CBO.
java.lang.RuntimeException: java.lang.StackOverflowError
        at org.apache.hadoop.hive.ql.parse.CalcitePlanner.rethrowCalciteException(CalcitePlanner.java:749) ~[hive-exec-2.1.0-SNAPSHOT.jar:2.1.0-SNAPSHOT]
        at org.apache.hadoop.hive.ql.parse.CalcitePlanner.getOptimizedAST(CalcitePlanner.java:645) ~[hive-exec-2.1.0-SNAPSHOT.jar:2.1.0-SNAPSHOT]
        at org.apache.hadoop.hive.ql.parse.CalcitePlanner.genOPTree(CalcitePlanner.java:264) [hive-exec-2.1.0-SNAPSHOT.jar:2.1.0-SNAPSHOT]
        at org.apache.hadoop.hive.ql.parse.SemanticAnalyzer.analyzeInternal(SemanticAnalyzer.java:10076) [hive-exec-2.1.0-SNAPSHOT.jar:2.1.0-SNAPSHOT]
        at org.apache.hadoop.hive.ql.parse.CalcitePlanner.analyzeInternal(CalcitePlanner.java:223) [hive-exec-2.1.0-SNAPSHOT.jar:2.1.0-SNAPSHOT]
        at org.apache.hadoop.hive.ql.parse.BaseSemanticAnalyzer.analyze(BaseSemanticAnalyzer.java:237) [hive-exec-2.1.0-SNAPSHOT.jar:2.1.0-SNAPSHOT]
        at org.apache.hadoop.hive.ql.parse.ExplainSemanticAnalyzer.analyzeInternal(ExplainSemanticAnalyzer.java:74) [hive-exec-2.1.0-SNAPSHOT.jar:2.1.0-SNAPSHOT]
        at org.apache.hadoop.hive.ql.parse.BaseSemanticAnalyzer.analyze(BaseSemanticAnalyzer.java:237) [hive-exec-2.1.0-SNAPSHOT.jar:2.1.0-SNAPSHOT]
        at org.apache.hadoop.hive.ql.Driver.compile(Driver.java:456) [hive-exec-2.1.0-SNAPSHOT.jar:?]
        at org.apache.hadoop.hive.ql.Driver.compile(Driver.java:310) [hive-exec-2.1.0-SNAPSHOT.jar:?]
        at org.apache.hadoop.hive.ql.Driver.compileInternal(Driver.java:1138) [hive-exec-2.1.0-SNAPSHOT.jar:?]
        at org.apache.hadoop.hive.ql.Driver.runInternal(Driver.java:1187) [hive-exec-2.1.0-SNAPSHOT.jar:?]
        at org.apache.hadoop.hive.ql.Driver.run(Driver.java:1063) [hive-exec-2.1.0-SNAPSHOT.jar:?]
&lt;/pre&gt;
&lt;/div&gt;&lt;/div&gt;

&lt;p&gt;via &lt;a href=&quot;https://issues.apache.org/jira/secure/ViewProfile.jspa?name=pxiong&quot; class=&quot;user-hover&quot; rel=&quot;pxiong&quot;&gt;Pengcheng Xiong&lt;/a&gt;&lt;/p&gt;</description>
                <environment></environment>
        <key id="12921388">HIVE-12662</key>
            <summary>StackOverflowError in HiveSortJoinReduceRule when limit=0</summary>
                <type id="1" iconUrl="https://issues.apache.org/jira/images/icons/issuetypes/bug.png">Bug</type>
                                            <priority id="3" iconUrl="https://issues.apache.org/jira/images/icons/priorities/major.png">Major</priority>
                        <status id="6" iconUrl="https://issues.apache.org/jira/images/icons/statuses/closed.png" description="The issue is considered finished, the resolution is correct. Issues which are closed can be reopened.">Closed</status>
                    <statusCategory id="3" key="done" colorName="green"/>
                                    <resolution id="1">Fixed</resolution>
                                        <assignee username="jcamachorodriguez">Jesus Camacho Rodriguez</assignee>
                                    <reporter username="jcamachorodriguez">Jesus Camacho Rodriguez</reporter>
                        <labels>
                    </labels>
                <created>Sat, 12 Dec 2015 10:46:12 +0000</created>
                <updated>Thu, 2 Jun 2016 10:17:32 +0000</updated>
                            <resolved>Sun, 13 Dec 2015 11:44:44 +0000</resolved>
                                    <version>2.0.0</version>
                    <version>2.1.0</version>
                                    <fixVersion>2.0.0</fixVersion>
                                        <due></due>
                            <votes>0</votes>
                                    <watches>2</watches>
                                                                <comments>
                            <comment id="15054303" author="jcamachorodriguez" created="Sat, 12 Dec 2015 13:06:25 +0000"  >&lt;p&gt;&lt;a href=&quot;https://issues.apache.org/jira/secure/ViewProfile.jspa?name=pxiong&quot; class=&quot;user-hover&quot; rel=&quot;pxiong&quot;&gt;Pengcheng Xiong&lt;/a&gt;, could you take a look? Thanks&lt;/p&gt;</comment>
                            <comment id="15054331" author="pxiong" created="Sat, 12 Dec 2015 13:58:11 +0000"  >&lt;p&gt;LGTM +1. I think we do not have any better solution so far for Hive until next release of Calcite.&lt;/p&gt;</comment>
                            <comment id="15054616" author="hiveqa" created="Sat, 12 Dec 2015 20:20:07 +0000"  >

&lt;p&gt;Here are the results of testing the latest attachment:&lt;br/&gt;
&lt;a href=&quot;https://issues.apache.org/jira/secure/attachment/12777282/HIVE-12662.patch&quot; class=&quot;external-link&quot; rel=&quot;nofollow&quot;&gt;https://issues.apache.org/jira/secure/attachment/12777282/HIVE-12662.patch&lt;/a&gt;&lt;/p&gt;

&lt;p&gt;&lt;font color=&quot;green&quot;&gt;SUCCESS:&lt;/font&gt; +1 due to 1 test(s) being added or modified.&lt;/p&gt;

&lt;p&gt;&lt;font color=&quot;red&quot;&gt;ERROR:&lt;/font&gt; -1 due to 17 failed/errored test(s), 9895 tests executed&lt;br/&gt;
&lt;b&gt;Failed tests:&lt;/b&gt;&lt;/p&gt;
&lt;div class=&quot;preformatted panel&quot; style=&quot;border-width: 1px;&quot;&gt;&lt;div class=&quot;preformattedContent panelContent&quot;&gt;
&lt;pre&gt;TestHWISessionManager - did not produce a TEST-*.xml file
org.apache.hadoop.hive.cli.TestCliDriver.testCliDriver_order2
org.apache.hadoop.hive.cli.TestCliDriver.testCliDriver_union9
org.apache.hadoop.hive.cli.TestEncryptedHDFSCliDriver.testCliDriver_encryption_insert_partition_dynamic
org.apache.hadoop.hive.cli.TestNegativeCliDriver.testNegativeCliDriver_authorization_uri_import
org.apache.hadoop.hive.metastore.TestHiveMetaStorePartitionSpecs.testFetchingPartitionsWithDifferentSchemas
org.apache.hadoop.hive.metastore.TestHiveMetaStorePartitionSpecs.testGetPartitionSpecs_WithAndWithoutPartitionGrouping
org.apache.hive.jdbc.TestSSL.testSSLVersion
org.apache.hive.jdbc.miniHS2.TestHs2Metrics.testMetrics
org.apache.hive.spark.client.TestSparkClient.testAddJarsAndFiles
org.apache.hive.spark.client.TestSparkClient.testCounters
org.apache.hive.spark.client.TestSparkClient.testErrorJob
org.apache.hive.spark.client.TestSparkClient.testJobSubmission
org.apache.hive.spark.client.TestSparkClient.testMetricsCollection
org.apache.hive.spark.client.TestSparkClient.testRemoteClient
org.apache.hive.spark.client.TestSparkClient.testSimpleSparkJob
org.apache.hive.spark.client.TestSparkClient.testSyncRpc
&lt;/pre&gt;
&lt;/div&gt;&lt;/div&gt;

&lt;p&gt;Test results: &lt;a href=&quot;http://ec2-174-129-184-35.compute-1.amazonaws.com/jenkins/job/PreCommit-HIVE-TRUNK-Build/6333/testReport&quot; class=&quot;external-link&quot; rel=&quot;nofollow&quot;&gt;http://ec2-174-129-184-35.compute-1.amazonaws.com/jenkins/job/PreCommit-HIVE-TRUNK-Build/6333/testReport&lt;/a&gt;&lt;br/&gt;
Console output: &lt;a href=&quot;http://ec2-174-129-184-35.compute-1.amazonaws.com/jenkins/job/PreCommit-HIVE-TRUNK-Build/6333/console&quot; class=&quot;external-link&quot; rel=&quot;nofollow&quot;&gt;http://ec2-174-129-184-35.compute-1.amazonaws.com/jenkins/job/PreCommit-HIVE-TRUNK-Build/6333/console&lt;/a&gt;&lt;br/&gt;
Test logs: &lt;a href=&quot;http://ec2-174-129-184-35.compute-1.amazonaws.com/logs/PreCommit-HIVE-TRUNK-Build-6333/&quot; class=&quot;external-link&quot; rel=&quot;nofollow&quot;&gt;http://ec2-174-129-184-35.compute-1.amazonaws.com/logs/PreCommit-HIVE-TRUNK-Build-6333/&lt;/a&gt;&lt;/p&gt;

&lt;p&gt;Messages:&lt;/p&gt;
&lt;div class=&quot;preformatted panel&quot; style=&quot;border-width: 1px;&quot;&gt;&lt;div class=&quot;preformattedContent panelContent&quot;&gt;
&lt;pre&gt;Executing org.apache.hive.ptest.execution.TestCheckPhase
Executing org.apache.hive.ptest.execution.PrepPhase
Executing org.apache.hive.ptest.execution.ExecutionPhase
Executing org.apache.hive.ptest.execution.ReportingPhase
Tests exited with: TestsFailedException: 17 tests failed
&lt;/pre&gt;
&lt;/div&gt;&lt;/div&gt;

&lt;p&gt;This message is automatically generated.&lt;/p&gt;

&lt;p&gt;ATTACHMENT ID: 12777282 - PreCommit-HIVE-TRUNK-Build&lt;/p&gt;</comment>
                            <comment id="15054921" author="jcamachorodriguez" created="Sun, 13 Dec 2015 11:44:44 +0000"  >&lt;p&gt;Pushed to master, branch-2.0. Thanks for the review &lt;a href=&quot;https://issues.apache.org/jira/secure/ViewProfile.jspa?name=pxiong&quot; class=&quot;user-hover&quot; rel=&quot;pxiong&quot;&gt;Pengcheng Xiong&lt;/a&gt;!&lt;/p&gt;</comment>
                    </comments>
                <issuelinks>
                            <issuelinktype id="12310050">
                    <name>Regression</name>
                                                                <inwardlinks description="is broken by">
                                        <issuelink>
            <issuekey id="12860377">HIVE-11684</issuekey>
        </issuelink>
                            </inwardlinks>
                                    </issuelinktype>
                    </issuelinks>
                <attachments>
                            <attachment id="12777282" name="HIVE-12662.patch" size="3196" author="jcamachorodriguez" created="Sat, 12 Dec 2015 13:06:25 +0000"/>
                    </attachments>
                <subtasks>
                    </subtasks>
                <customfields>
                                                <customfield id="customfield_12310310" key="com.atlassian.jira.toolkit:attachments">
                        <customfieldname>Attachment count</customfieldname>
                        <customfieldvalues>
                            <customfieldvalue>1.0</customfieldvalue>
                        </customfieldvalues>
                    </customfield>
                                                                                                                                                                                                                                                                                                                                                                                                                                                                                                                                <customfield id="customfield_12310220" key="com.atlassian.jira.ext.charting:firstresponsedate">
                        <customfieldname>Date of First Response</customfieldname>
                        <customfieldvalues>
                            <customfieldvalue>Sat, 12 Dec 2015 13:58:11 +0000</customfieldvalue>

                        </customfieldvalues>
                    </customfield>
                                                                                                                                                                                                                                                                                                                                                                                                                                            <customfield id="customfield_12310420" key="com.pyxis.greenhopper.jira:gh-global-rank">
                        <customfieldname>Global Rank</customfieldname>
                        <customfieldvalues>
                            <customfieldvalue>9223372036854775807</customfieldvalue>
                        </customfieldvalues>
                    </customfield>
                                                                                                                                                    <customfield id="customfield_12312521" key="com.atlassian.jira.toolkit:LastCommentDate">
                        <customfieldname>Last public comment date</customfieldname>
                        <customfieldvalues>
                            50 weeks, 4 days ago
                        </customfieldvalues>
                    </customfield>
                                                                                            <customfield id="customfield_12311820" key="com.pyxis.greenhopper.jira:gh-lexo-rank">
                        <customfieldname>Rank</customfieldname>
                        <customfieldvalues>
                            <customfieldvalue>0|i2pt6v:</customfieldvalue>

                        </customfieldvalues>
                    </customfield>
                                                                <customfield id="customfield_12310920" key="com.pyxis.greenhopper.jira:gh-global-rank">
                        <customfieldname>Rank (Obsolete)</customfieldname>
                        <customfieldvalues>
                            <customfieldvalue>9223372036854775807</customfieldvalue>
                        </customfieldvalues>
                    </customfield>
                                                                                                                                                                                                                                                                                                                            <customfield id="customfield_12310222" key="com.atlassian.jira.ext.charting:timeinstatus">
                        <customfieldname>Time in Status</customfieldname>
                        <customfieldvalues>
                            
                        </customfieldvalues>
                    </customfield>
                                                                                                                        </customfields>
    </item>
</channel>
</rss>