<!-- 
RSS generated by JIRA (6.3.4#6332-sha1:51bc225ef474afe3128b2f66878477f322397b16) at Sat Dec 03 22:43:56 UTC 2016

It is possible to restrict the fields that are returned in this document by specifying the 'field' parameter in your request.
For example, to request only the issue key and summary add field=key&field=summary to the URL of your request.
For example:
https://issues.apache.org/jira/si/jira.issueviews:issue-xml/HIVE-3189/HIVE-3189.xml?field=key&amp;field=summary
-->
<rss version="0.92" >
<channel>
    <title>ASF JIRA</title>
    <link>https://issues.apache.org/jira</link>
    <description>This file is an XML representation of an issue</description>
    <language>en-uk</language>    <build-info>
        <version>6.3.4</version>
        <build-number>6332</build-number>
        <build-date>15-08-2014</build-date>
    </build-info>

<item>
            <title>[HIVE-3189] cast ( &lt;string type&gt; as bigint) returning null values</title>
                <link>https://issues.apache.org/jira/browse/HIVE-3189</link>
                <project id="12310843" key="HIVE">Hive</project>
                    <description>&lt;p&gt;select rnum, c1, cast(c1 as bigint) from cert.tsdchar tsdchar where rnum in (0,1,2)&lt;/p&gt;

&lt;p&gt;create table if not exists CERT.TSDCHAR ( RNUM int , C1 string)&lt;br/&gt;
row format sequencefile&lt;/p&gt;

&lt;p&gt;rnum	c1	_c2&lt;br/&gt;
0	-1                         	&amp;lt;null&amp;gt;&lt;br/&gt;
1	0                          	&amp;lt;null&amp;gt;&lt;br/&gt;
2	10                         	&amp;lt;null&amp;gt;&lt;/p&gt;</description>
                <environment></environment>
        <key id="12595719">HIVE-3189</key>
            <summary>cast ( &lt;string type&gt; as bigint) returning null values</summary>
                <type id="1" iconUrl="https://issues.apache.org/jira/images/icons/issuetypes/bug.png">Bug</type>
                                            <priority id="3" iconUrl="https://issues.apache.org/jira/images/icons/priorities/major.png">Major</priority>
                        <status id="6" iconUrl="https://issues.apache.org/jira/images/icons/statuses/closed.png" description="The issue is considered finished, the resolution is correct. Issues which are closed can be reopened.">Closed</status>
                    <statusCategory id="3" key="done" colorName="green"/>
                                    <resolution id="1">Fixed</resolution>
                                        <assignee username="xguo27">Xiu (Joe) Guo</assignee>
                                    <reporter username="the6campbells">N Campbell</reporter>
                        <labels>
                    </labels>
                <created>Sun, 24 Jun 2012 15:21:23 +0000</created>
                <updated>Tue, 15 Oct 2013 23:30:12 +0000</updated>
                            <resolved>Wed, 14 Aug 2013 16:33:43 +0000</resolved>
                                    <version>0.8.0</version>
                                    <fixVersion>0.12.0</fixVersion>
                                        <due></due>
                            <votes>1</votes>
                                    <watches>5</watches>
                                                                <comments>
                            <comment id="13737208" author="xguo27" created="Mon, 12 Aug 2013 18:45:35 +0000"  >&lt;p&gt;It is fixed in Hive 0.9.0+ as well as the current Hive trunk and the defect could not be reproduced.&lt;/p&gt;

&lt;p&gt;A patch of new testcases is attached to verify the fix.&lt;/p&gt;</comment>
                            <comment id="13737526" author="hiveqa" created="Mon, 12 Aug 2013 23:30:25 +0000"  >

&lt;p&gt;&lt;font color=&quot;green&quot;&gt;Overall&lt;/font&gt;: +1 all checks pass&lt;/p&gt;

&lt;p&gt;Here are the results of testing the latest attachment:&lt;br/&gt;
&lt;a href=&quot;https://issues.apache.org/jira/secure/attachment/12597528/Hive-3189.patch.txt&quot; class=&quot;external-link&quot; rel=&quot;nofollow&quot;&gt;https://issues.apache.org/jira/secure/attachment/12597528/Hive-3189.patch.txt&lt;/a&gt;&lt;/p&gt;

&lt;p&gt;&lt;font color=&quot;green&quot;&gt;SUCCESS:&lt;/font&gt; +1 2849 tests passed&lt;/p&gt;

&lt;p&gt;Test results: &lt;a href=&quot;https://builds.apache.org/job/PreCommit-HIVE-Build/405/testReport&quot; class=&quot;external-link&quot; rel=&quot;nofollow&quot;&gt;https://builds.apache.org/job/PreCommit-HIVE-Build/405/testReport&lt;/a&gt;&lt;br/&gt;
Console output: &lt;a href=&quot;https://builds.apache.org/job/PreCommit-HIVE-Build/405/console&quot; class=&quot;external-link&quot; rel=&quot;nofollow&quot;&gt;https://builds.apache.org/job/PreCommit-HIVE-Build/405/console&lt;/a&gt;&lt;/p&gt;

&lt;p&gt;Messages:&lt;/p&gt;
&lt;div class=&quot;preformatted panel&quot; style=&quot;border-width: 1px;&quot;&gt;&lt;div class=&quot;preformattedContent panelContent&quot;&gt;
&lt;pre&gt;Executing org.apache.hive.ptest.execution.PrepPhase
Executing org.apache.hive.ptest.execution.ExecutionPhase
Executing org.apache.hive.ptest.execution.ReportingPhase
&lt;/pre&gt;
&lt;/div&gt;&lt;/div&gt;

&lt;p&gt;This message is automatically generated.&lt;/p&gt;</comment>
                            <comment id="13738153" author="ashutoshc" created="Tue, 13 Aug 2013 12:50:16 +0000"  >&lt;p&gt;+1&lt;/p&gt;</comment>
                            <comment id="13738293" author="pandeesh" created="Tue, 13 Aug 2013 14:30:48 +0000"  >&lt;p&gt;I am unable to reproduce this in 0.8.1.6&lt;br/&gt;
&#8212;&lt;br/&gt;
Sent from Mailbox for iPad&lt;/p&gt;

&lt;p&gt;On Tue, Aug 13, 2013 at 6:21 PM, Ashutosh Chauhan (JIRA) &amp;lt;jira@apache.org&amp;gt;&lt;/p&gt;
</comment>
                            <comment id="13739845" author="ashutoshc" created="Wed, 14 Aug 2013 16:33:43 +0000"  >&lt;p&gt;Committed to trunk. Thanks, Xiu for testcase!&lt;/p&gt;</comment>
                            <comment id="13740688" author="hudson" created="Thu, 15 Aug 2013 05:09:54 +0000"  >&lt;p&gt;FAILURE: Integrated in Hive-trunk-hadoop2 #361 (See &lt;a href=&quot;https://builds.apache.org/job/Hive-trunk-hadoop2/361/&quot; class=&quot;external-link&quot; rel=&quot;nofollow&quot;&gt;https://builds.apache.org/job/Hive-trunk-hadoop2/361/&lt;/a&gt;)&lt;br/&gt;
&lt;a href=&quot;https://issues.apache.org/jira/browse/HIVE-3189&quot; title=&quot;cast ( &amp;lt;string type&amp;gt; as bigint) returning null values&quot; class=&quot;issue-link&quot; data-issue-key=&quot;HIVE-3189&quot;&gt;&lt;del&gt;HIVE-3189&lt;/del&gt;&lt;/a&gt; : cast ( &amp;lt;string type&amp;gt; as bigint) returning null values (Xiu via Ashutosh Chauhan) (hashutosh: &lt;a href=&quot;http://svn.apache.org/viewcvs.cgi/?root=Apache-SVN&amp;amp;view=rev&amp;amp;rev=1513951&quot; class=&quot;external-link&quot; rel=&quot;nofollow&quot;&gt;http://svn.apache.org/viewcvs.cgi/?root=Apache-SVN&amp;amp;view=rev&amp;amp;rev=1513951&lt;/a&gt;)&lt;/p&gt;
&lt;ul&gt;
	&lt;li&gt;/hive/trunk/ql/src/test/org/apache/hadoop/hive/ql/udf/TestToInteger.java&lt;/li&gt;
	&lt;li&gt;/hive/trunk/ql/src/test/org/apache/hadoop/hive/ql/udf/TestUDFDateAdd.java&lt;/li&gt;
&lt;/ul&gt;
</comment>
                            <comment id="13741119" author="hudson" created="Thu, 15 Aug 2013 16:14:24 +0000"  >&lt;p&gt;FAILURE: Integrated in Hive-trunk-hadoop1-ptest #127 (See &lt;a href=&quot;https://builds.apache.org/job/Hive-trunk-hadoop1-ptest/127/&quot; class=&quot;external-link&quot; rel=&quot;nofollow&quot;&gt;https://builds.apache.org/job/Hive-trunk-hadoop1-ptest/127/&lt;/a&gt;)&lt;br/&gt;
&lt;a href=&quot;https://issues.apache.org/jira/browse/HIVE-3189&quot; title=&quot;cast ( &amp;lt;string type&amp;gt; as bigint) returning null values&quot; class=&quot;issue-link&quot; data-issue-key=&quot;HIVE-3189&quot;&gt;&lt;del&gt;HIVE-3189&lt;/del&gt;&lt;/a&gt; : cast ( &amp;lt;string type&amp;gt; as bigint) returning null values (Xiu via Ashutosh Chauhan) (hashutosh: &lt;a href=&quot;http://svn.apache.org/viewcvs.cgi/?root=Apache-SVN&amp;amp;view=rev&amp;amp;rev=1513951&quot; class=&quot;external-link&quot; rel=&quot;nofollow&quot;&gt;http://svn.apache.org/viewcvs.cgi/?root=Apache-SVN&amp;amp;view=rev&amp;amp;rev=1513951&lt;/a&gt;)&lt;/p&gt;
&lt;ul&gt;
	&lt;li&gt;/hive/trunk/ql/src/test/org/apache/hadoop/hive/ql/udf/TestToInteger.java&lt;/li&gt;
	&lt;li&gt;/hive/trunk/ql/src/test/org/apache/hadoop/hive/ql/udf/TestUDFDateAdd.java&lt;/li&gt;
&lt;/ul&gt;
</comment>
                            <comment id="13741132" author="hudson" created="Thu, 15 Aug 2013 16:17:09 +0000"  >&lt;p&gt;FAILURE: Integrated in Hive-trunk-hadoop2-ptest #58 (See &lt;a href=&quot;https://builds.apache.org/job/Hive-trunk-hadoop2-ptest/58/&quot; class=&quot;external-link&quot; rel=&quot;nofollow&quot;&gt;https://builds.apache.org/job/Hive-trunk-hadoop2-ptest/58/&lt;/a&gt;)&lt;br/&gt;
&lt;a href=&quot;https://issues.apache.org/jira/browse/HIVE-3189&quot; title=&quot;cast ( &amp;lt;string type&amp;gt; as bigint) returning null values&quot; class=&quot;issue-link&quot; data-issue-key=&quot;HIVE-3189&quot;&gt;&lt;del&gt;HIVE-3189&lt;/del&gt;&lt;/a&gt; : cast ( &amp;lt;string type&amp;gt; as bigint) returning null values (Xiu via Ashutosh Chauhan) (hashutosh: &lt;a href=&quot;http://svn.apache.org/viewcvs.cgi/?root=Apache-SVN&amp;amp;view=rev&amp;amp;rev=1513951&quot; class=&quot;external-link&quot; rel=&quot;nofollow&quot;&gt;http://svn.apache.org/viewcvs.cgi/?root=Apache-SVN&amp;amp;view=rev&amp;amp;rev=1513951&lt;/a&gt;)&lt;/p&gt;
&lt;ul&gt;
	&lt;li&gt;/hive/trunk/ql/src/test/org/apache/hadoop/hive/ql/udf/TestToInteger.java&lt;/li&gt;
	&lt;li&gt;/hive/trunk/ql/src/test/org/apache/hadoop/hive/ql/udf/TestUDFDateAdd.java&lt;/li&gt;
&lt;/ul&gt;
</comment>
                            <comment id="13741629" author="hudson" created="Thu, 15 Aug 2013 23:01:57 +0000"  >&lt;p&gt;FAILURE: Integrated in Hive-trunk-h0.21 #2270 (See &lt;a href=&quot;https://builds.apache.org/job/Hive-trunk-h0.21/2270/&quot; class=&quot;external-link&quot; rel=&quot;nofollow&quot;&gt;https://builds.apache.org/job/Hive-trunk-h0.21/2270/&lt;/a&gt;)&lt;br/&gt;
&lt;a href=&quot;https://issues.apache.org/jira/browse/HIVE-3189&quot; title=&quot;cast ( &amp;lt;string type&amp;gt; as bigint) returning null values&quot; class=&quot;issue-link&quot; data-issue-key=&quot;HIVE-3189&quot;&gt;&lt;del&gt;HIVE-3189&lt;/del&gt;&lt;/a&gt; : cast ( &amp;lt;string type&amp;gt; as bigint) returning null values (Xiu via Ashutosh Chauhan) (hashutosh: &lt;a href=&quot;http://svn.apache.org/viewcvs.cgi/?root=Apache-SVN&amp;amp;view=rev&amp;amp;rev=1513951&quot; class=&quot;external-link&quot; rel=&quot;nofollow&quot;&gt;http://svn.apache.org/viewcvs.cgi/?root=Apache-SVN&amp;amp;view=rev&amp;amp;rev=1513951&lt;/a&gt;)&lt;/p&gt;
&lt;ul&gt;
	&lt;li&gt;/hive/trunk/ql/src/test/org/apache/hadoop/hive/ql/udf/TestToInteger.java&lt;/li&gt;
	&lt;li&gt;/hive/trunk/ql/src/test/org/apache/hadoop/hive/ql/udf/TestUDFDateAdd.java&lt;/li&gt;
&lt;/ul&gt;
</comment>
                            <comment id="13795987" author="ashutoshc" created="Tue, 15 Oct 2013 23:30:12 +0000"  >&lt;p&gt;This issue has been fixed and released as part of 0.12 release. If you find further issues, please create a new jira and link it to this one.&lt;/p&gt;</comment>
                    </comments>
                    <attachments>
                            <attachment id="12597528" name="Hive-3189.patch.txt" size="2589" author="xguo27" created="Mon, 12 Aug 2013 18:45:54 +0000"/>
                    </attachments>
                <subtasks>
                    </subtasks>
                <customfields>
                                                <customfield id="customfield_12310310" key="com.atlassian.jira.toolkit:attachments">
                        <customfieldname>Attachment count</customfieldname>
                        <customfieldvalues>
                            <customfieldvalue>1.0</customfieldvalue>
                        </customfieldvalues>
                    </customfield>
                                                                                                                                                                                                                                                                                                                                                                                                                                                                                                                                <customfield id="customfield_12310220" key="com.atlassian.jira.ext.charting:firstresponsedate">
                        <customfieldname>Date of First Response</customfieldname>
                        <customfieldvalues>
                            <customfieldvalue>Mon, 12 Aug 2013 18:45:35 +0000</customfieldvalue>

                        </customfieldvalues>
                    </customfield>
                                                                                                                                                                                                                                                                                                                                                                                                                                            <customfield id="customfield_12310420" key="com.pyxis.greenhopper.jira:gh-global-rank">
                        <customfieldname>Global Rank</customfieldname>
                        <customfieldvalues>
                            <customfieldvalue>259115</customfieldvalue>
                        </customfieldvalues>
                    </customfield>
                                                                                                                                                    <customfield id="customfield_12312521" key="com.atlassian.jira.toolkit:LastCommentDate">
                        <customfieldname>Last public comment date</customfieldname>
                        <customfieldvalues>
                            3 years, 7 weeks, 3 days ago
                        </customfieldvalues>
                    </customfield>
                                                                                            <customfield id="customfield_12311820" key="com.pyxis.greenhopper.jira:gh-lexo-rank">
                        <customfieldname>Rank</customfieldname>
                        <customfieldvalues>
                            <customfieldvalue>0|i0lmwv:</customfieldvalue>

                        </customfieldvalues>
                    </customfield>
                                                                <customfield id="customfield_12310920" key="com.pyxis.greenhopper.jira:gh-global-rank">
                        <customfieldname>Rank (Obsolete)</customfieldname>
                        <customfieldvalues>
                            <customfieldvalue>124362</customfieldvalue>
                        </customfieldvalues>
                    </customfield>
                                                                                                                                                                                                                                                                                                                            <customfield id="customfield_12310222" key="com.atlassian.jira.ext.charting:timeinstatus">
                        <customfieldname>Time in Status</customfieldname>
                        <customfieldvalues>
                            
                        </customfieldvalues>
                    </customfield>
                                                                                                                        </customfields>
    </item>
</channel>
</rss>