<!-- 
RSS generated by JIRA (6.3.4#6332-sha1:51bc225ef474afe3128b2f66878477f322397b16) at Sun Dec 04 00:05:15 UTC 2016

It is possible to restrict the fields that are returned in this document by specifying the 'field' parameter in your request.
For example, to request only the issue key and summary add field=key&field=summary to the URL of your request.
For example:
https://issues.apache.org/jira/si/jira.issueviews:issue-xml/HIVE-6806/HIVE-6806.xml?field=key&amp;field=summary
-->
<rss version="0.92" >
<channel>
    <title>ASF JIRA</title>
    <link>https://issues.apache.org/jira</link>
    <description>This file is an XML representation of an issue</description>
    <language>en-uk</language>    <build-info>
        <version>6.3.4</version>
        <build-number>6332</build-number>
        <build-date>15-08-2014</build-date>
    </build-info>

<item>
            <title>[HIVE-6806] CREATE TABLE should support STORED AS AVRO</title>
                <link>https://issues.apache.org/jira/browse/HIVE-6806</link>
                <project id="12310843" key="HIVE">Hive</project>
                    <description>&lt;p&gt;Avro is well established and widely used within Hive, however creating Avro-backed tables requires the messy listing of the SerDe, InputFormat and OutputFormat classes.&lt;/p&gt;

&lt;p&gt;Similarly to &lt;a href=&quot;https://issues.apache.org/jira/browse/HIVE-5783&quot; title=&quot;Native Parquet Support in Hive&quot; class=&quot;issue-link&quot; data-issue-key=&quot;HIVE-5783&quot;&gt;&lt;del&gt;HIVE-5783&lt;/del&gt;&lt;/a&gt; for Parquet, Hive would be easier to use if it had native Avro support.&lt;/p&gt;</description>
                <environment></environment>
        <key id="12706013">HIVE-6806</key>
            <summary>CREATE TABLE should support STORED AS AVRO</summary>
                <type id="2" iconUrl="https://issues.apache.org/jira/images/icons/issuetypes/newfeature.png">New Feature</type>
                                            <priority id="4" iconUrl="https://issues.apache.org/jira/images/icons/priorities/minor.png">Minor</priority>
                        <status id="6" iconUrl="https://issues.apache.org/jira/images/icons/statuses/closed.png" description="The issue is considered finished, the resolution is correct. Issues which are closed can be reopened.">Closed</status>
                    <statusCategory id="3" key="done" colorName="green"/>
                                    <resolution id="1">Fixed</resolution>
                                        <assignee username="rem120">Jeremy Beard</assignee>
                                    <reporter username="rem120">Jeremy Beard</reporter>
                        <labels>
                            <label>Avro</label>
                    </labels>
                <created>Tue, 1 Apr 2014 17:56:05 +0000</created>
                <updated>Sun, 17 Jan 2016 06:56:16 +0000</updated>
                            <resolved>Fri, 25 Jul 2014 18:02:53 +0000</resolved>
                                    <version>0.12.0</version>
                                    <fixVersion>0.14.0</fixVersion>
                                    <component>Serializers/Deserializers</component>
                        <due></due>
                            <votes>1</votes>
                                    <watches>15</watches>
                                                                <comments>
                            <comment id="14057125" author="singhashish" created="Thu, 10 Jul 2014 04:52:05 +0000"  >&lt;p&gt;RB: &lt;a href=&quot;https://reviews.apache.org/r/23387/&quot; class=&quot;external-link&quot; rel=&quot;nofollow&quot;&gt;https://reviews.apache.org/r/23387/&lt;/a&gt;&lt;/p&gt;</comment>
                            <comment id="14057183" author="hiveqa" created="Thu, 10 Jul 2014 06:13:59 +0000"  >

&lt;p&gt;&lt;font color=&quot;red&quot;&gt;Overall&lt;/font&gt;: -1 at least one tests failed&lt;/p&gt;

&lt;p&gt;Here are the results of testing the latest attachment:&lt;br/&gt;
&lt;a href=&quot;https://issues.apache.org/jira/secure/attachment/12654935/HIVE-6806.patch&quot; class=&quot;external-link&quot; rel=&quot;nofollow&quot;&gt;https://issues.apache.org/jira/secure/attachment/12654935/HIVE-6806.patch&lt;/a&gt;&lt;/p&gt;

&lt;p&gt;&lt;font color=&quot;red&quot;&gt;ERROR:&lt;/font&gt; -1 due to 4 failed/errored test(s), 5723 tests executed&lt;br/&gt;
&lt;b&gt;Failed tests:&lt;/b&gt;&lt;/p&gt;
&lt;div class=&quot;preformatted panel&quot; style=&quot;border-width: 1px;&quot;&gt;&lt;div class=&quot;preformattedContent panelContent&quot;&gt;
&lt;pre&gt;org.apache.hadoop.hive.cli.TestCliDriver.testCliDriver_avro_native
org.apache.hadoop.hive.cli.TestCliDriver.testCliDriver_avro_schema_error_message
org.apache.hadoop.hive.serde2.avro.TestAvroSerde.noSchemaProvidedReturnsErrorSchema
org.apache.hive.jdbc.miniHS2.TestHiveServer2.testConnection
&lt;/pre&gt;
&lt;/div&gt;&lt;/div&gt;

&lt;p&gt;Test results: &lt;a href=&quot;http://ec2-174-129-184-35.compute-1.amazonaws.com/jenkins/job/PreCommit-HIVE-Build/730/testReport&quot; class=&quot;external-link&quot; rel=&quot;nofollow&quot;&gt;http://ec2-174-129-184-35.compute-1.amazonaws.com/jenkins/job/PreCommit-HIVE-Build/730/testReport&lt;/a&gt;&lt;br/&gt;
Console output: &lt;a href=&quot;http://ec2-174-129-184-35.compute-1.amazonaws.com/jenkins/job/PreCommit-HIVE-Build/730/console&quot; class=&quot;external-link&quot; rel=&quot;nofollow&quot;&gt;http://ec2-174-129-184-35.compute-1.amazonaws.com/jenkins/job/PreCommit-HIVE-Build/730/console&lt;/a&gt;&lt;br/&gt;
Test logs: &lt;a href=&quot;http://ec2-174-129-184-35.compute-1.amazonaws.com/logs/PreCommit-HIVE-Build-730/&quot; class=&quot;external-link&quot; rel=&quot;nofollow&quot;&gt;http://ec2-174-129-184-35.compute-1.amazonaws.com/logs/PreCommit-HIVE-Build-730/&lt;/a&gt;&lt;/p&gt;

&lt;p&gt;Messages:&lt;/p&gt;
&lt;div class=&quot;preformatted panel&quot; style=&quot;border-width: 1px;&quot;&gt;&lt;div class=&quot;preformattedContent panelContent&quot;&gt;
&lt;pre&gt;Executing org.apache.hive.ptest.execution.PrepPhase
Executing org.apache.hive.ptest.execution.ExecutionPhase
Executing org.apache.hive.ptest.execution.ReportingPhase
Tests exited with: TestsFailedException: 4 tests failed
&lt;/pre&gt;
&lt;/div&gt;&lt;/div&gt;

&lt;p&gt;This message is automatically generated.&lt;/p&gt;

&lt;p&gt;ATTACHMENT ID: 12654935&lt;/p&gt;</comment>
                            <comment id="14057276" author="damien.carol" created="Thu, 10 Jul 2014 08:44:55 +0000"  >&lt;p&gt;Doesn&apos;t this JIRA be superseded by &lt;a href=&quot;https://issues.apache.org/jira/browse/HIVE-5976&quot; title=&quot;Decouple input formats from STORED as keywords&quot; class=&quot;issue-link&quot; data-issue-key=&quot;HIVE-5976&quot;&gt;&lt;del&gt;HIVE-5976&lt;/del&gt;&lt;/a&gt; ?&lt;/p&gt;</comment>
                            <comment id="14057543" author="brocknoland" created="Thu, 10 Jul 2014 14:56:26 +0000"  >&lt;p&gt;I don&apos;t think this is superceded by &lt;a href=&quot;https://issues.apache.org/jira/browse/HIVE-5976&quot; title=&quot;Decouple input formats from STORED as keywords&quot; class=&quot;issue-link&quot; data-issue-key=&quot;HIVE-5976&quot;&gt;&lt;del&gt;HIVE-5976&lt;/del&gt;&lt;/a&gt;, but rather we have to figure out who one goes first and the other will have to update their patch. Since &lt;a href=&quot;https://issues.apache.org/jira/browse/HIVE-5976&quot; title=&quot;Decouple input formats from STORED as keywords&quot; class=&quot;issue-link&quot; data-issue-key=&quot;HIVE-5976&quot;&gt;&lt;del&gt;HIVE-5976&lt;/del&gt;&lt;/a&gt; is a larger patch and will make this patch much smaller, I am inclined to let that one go first.&lt;/p&gt;

&lt;p&gt;&lt;a href=&quot;https://issues.apache.org/jira/secure/ViewProfile.jspa?name=davidzchen&quot; class=&quot;user-hover&quot; rel=&quot;davidzchen&quot;&gt;David Chen&lt;/a&gt; what are your thoughts?&lt;/p&gt;</comment>
                            <comment id="14057891" author="davidzchen" created="Thu, 10 Jul 2014 20:14:26 +0000"  >&lt;p&gt;Thanks for contributing this, &lt;a href=&quot;https://issues.apache.org/jira/secure/ViewProfile.jspa?name=singhashish&quot; class=&quot;user-hover&quot; rel=&quot;singhashish&quot;&gt;Ashish K Singh&lt;/a&gt;!&lt;/p&gt;

&lt;p&gt;I agree with &lt;a href=&quot;https://issues.apache.org/jira/secure/ViewProfile.jspa?name=brocknoland&quot; class=&quot;user-hover&quot; rel=&quot;brocknoland&quot;&gt;Brock Noland&lt;/a&gt; on this. Once &lt;a href=&quot;https://issues.apache.org/jira/browse/HIVE-5976&quot; title=&quot;Decouple input formats from STORED as keywords&quot; class=&quot;issue-link&quot; data-issue-key=&quot;HIVE-5976&quot;&gt;&lt;del&gt;HIVE-5976&lt;/del&gt;&lt;/a&gt; goes in, then this patch will become much simpler since adding native support for Avro will no longer require the changes to the Hive grammar and parser.&lt;/p&gt;</comment>
                            <comment id="14057906" author="singhashish" created="Thu, 10 Jul 2014 20:22:16 +0000"  >&lt;p&gt;&lt;a href=&quot;https://issues.apache.org/jira/secure/ViewProfile.jspa?name=brocknoland&quot; class=&quot;user-hover&quot; rel=&quot;brocknoland&quot;&gt;Brock Noland&lt;/a&gt; and &lt;a href=&quot;https://issues.apache.org/jira/secure/ViewProfile.jspa?name=davidchen&quot; class=&quot;user-hover&quot; rel=&quot;davidchen&quot;&gt;David Chen&lt;/a&gt;, thanks for reviewing the work. &lt;/p&gt;

&lt;p&gt;Sounds good to me. I have to anyways address &lt;a href=&quot;https://issues.apache.org/jira/secure/ViewProfile.jspa?name=brocknoland&quot; class=&quot;user-hover&quot; rel=&quot;brocknoland&quot;&gt;Brock Noland&lt;/a&gt;&apos;s review comments.&lt;/p&gt;</comment>
                            <comment id="14058196" author="davidzchen" created="Fri, 11 Jul 2014 01:30:19 +0000"  >&lt;p&gt;By the way, it may also be good to add a qfile test for Avro schema evolution over different partitions. I remember we have had to fix some issues related to schema evolution, such as &lt;a href=&quot;https://issues.apache.org/jira/browse/HIVE-6835&quot; title=&quot;Reading of partitioned Avro data fails if partition schema does not match table schema&quot; class=&quot;issue-link&quot; data-issue-key=&quot;HIVE-6835&quot;&gt;&lt;del&gt;HIVE-6835&lt;/del&gt;&lt;/a&gt;.&lt;/p&gt;

&lt;p&gt;FYI, I also have a TypeInfo to Avro Schema converter in my patch for &lt;a href=&quot;https://issues.apache.org/jira/browse/HIVE-7286&quot; title=&quot;Parameterize HCatMapReduceTest for testing against all Hive storage formats&quot; class=&quot;issue-link&quot; data-issue-key=&quot;HIVE-7286&quot;&gt;&lt;del&gt;HIVE-7286&lt;/del&gt;&lt;/a&gt; along with some unit tests for the converter. Feel free to go ahead and make use of it.&lt;/p&gt;</comment>
                            <comment id="14059137" author="singhashish" created="Fri, 11 Jul 2014 18:23:41 +0000"  >&lt;p&gt;&lt;a href=&quot;https://issues.apache.org/jira/secure/ViewProfile.jspa?name=davidchen&quot; class=&quot;user-hover&quot; rel=&quot;davidchen&quot;&gt;David Chen&lt;/a&gt; Thanks for the pointers here. I do have a test for avro over partitions, avro_partitioned_native.q. &lt;/p&gt;</comment>
                            <comment id="14060247" author="singhashish" created="Mon, 14 Jul 2014 00:42:22 +0000"  >&lt;p&gt;I have addressed the reviews and updated RB with latest patch. Will attach latest patch here once I have rebased it over &lt;a href=&quot;https://issues.apache.org/jira/browse/HIVE-5976&quot; title=&quot;Decouple input formats from STORED as keywords&quot; class=&quot;issue-link&quot; data-issue-key=&quot;HIVE-5976&quot;&gt;&lt;del&gt;HIVE-5976&lt;/del&gt;&lt;/a&gt;.&lt;/p&gt;</comment>
                            <comment id="14060995" author="cwsteinbach" created="Mon, 14 Jul 2014 18:32:59 +0000"  >&lt;p&gt;Does anyone object to changing the summary of this ticket to &quot;CREATE TABLE should support STORED AS AVRO&quot;? The current description can be misinterpreted to mean that this patch is adding the AvroSerDe.&lt;/p&gt;</comment>
                            <comment id="14060998" author="rem120" created="Mon, 14 Jul 2014 18:35:27 +0000"  >&lt;p&gt;Would that mean with this patch we still need to specify the SerDe when creating an Avro table?&lt;/p&gt;</comment>
                            <comment id="14061008" author="brocknoland" created="Mon, 14 Jul 2014 18:43:22 +0000"  >&lt;p&gt;That change sounds good to me.&lt;/p&gt;

&lt;p&gt;Jeremey, no I believe this is a metadata change only.&lt;/p&gt;</comment>
                            <comment id="14061327" author="singhashish" created="Mon, 14 Jul 2014 22:01:01 +0000"  >&lt;p&gt;Updated patch after rebase.&lt;/p&gt;</comment>
                            <comment id="14061460" author="davidzchen" created="Tue, 15 Jul 2014 00:08:18 +0000"  >&lt;p&gt;Thanks, Ashish. I saw that you have a test for partitioned tables. Can you also include one that covers schema evolution, i.e. when the schema changes over partitions, such as the case in &lt;a href=&quot;https://issues.apache.org/jira/browse/HIVE-6835&quot; title=&quot;Reading of partitioned Avro data fails if partition schema does not match table schema&quot; class=&quot;issue-link&quot; data-issue-key=&quot;HIVE-6835&quot;&gt;&lt;del&gt;HIVE-6835&lt;/del&gt;&lt;/a&gt;?&lt;/p&gt;</comment>
                            <comment id="14061541" author="hiveqa" created="Tue, 15 Jul 2014 01:56:09 +0000"  >

&lt;p&gt;&lt;font color=&quot;red&quot;&gt;Overall&lt;/font&gt;: -1 at least one tests failed&lt;/p&gt;

&lt;p&gt;Here are the results of testing the latest attachment:&lt;br/&gt;
&lt;a href=&quot;https://issues.apache.org/jira/secure/attachment/12655626/HIVE-6806.1.patch&quot; class=&quot;external-link&quot; rel=&quot;nofollow&quot;&gt;https://issues.apache.org/jira/secure/attachment/12655626/HIVE-6806.1.patch&lt;/a&gt;&lt;/p&gt;

&lt;p&gt;&lt;font color=&quot;red&quot;&gt;ERROR:&lt;/font&gt; -1 due to 3 failed/errored test(s), 5749 tests executed&lt;br/&gt;
&lt;b&gt;Failed tests:&lt;/b&gt;&lt;/p&gt;
&lt;div class=&quot;preformatted panel&quot; style=&quot;border-width: 1px;&quot;&gt;&lt;div class=&quot;preformattedContent panelContent&quot;&gt;
&lt;pre&gt;org.apache.hadoop.hive.cli.TestCliDriver.testCliDriver_udf_in_file
org.apache.hadoop.hive.cli.TestMiniTezCliDriver.testCliDriver_temp_table
org.apache.hadoop.hive.cli.TestMinimrCliDriver.testCliDriver_ql_rewrite_gbtoidx
&lt;/pre&gt;
&lt;/div&gt;&lt;/div&gt;

&lt;p&gt;Test results: &lt;a href=&quot;http://ec2-174-129-184-35.compute-1.amazonaws.com/jenkins/job/PreCommit-HIVE-Build/783/testReport&quot; class=&quot;external-link&quot; rel=&quot;nofollow&quot;&gt;http://ec2-174-129-184-35.compute-1.amazonaws.com/jenkins/job/PreCommit-HIVE-Build/783/testReport&lt;/a&gt;&lt;br/&gt;
Console output: &lt;a href=&quot;http://ec2-174-129-184-35.compute-1.amazonaws.com/jenkins/job/PreCommit-HIVE-Build/783/console&quot; class=&quot;external-link&quot; rel=&quot;nofollow&quot;&gt;http://ec2-174-129-184-35.compute-1.amazonaws.com/jenkins/job/PreCommit-HIVE-Build/783/console&lt;/a&gt;&lt;br/&gt;
Test logs: &lt;a href=&quot;http://ec2-174-129-184-35.compute-1.amazonaws.com/logs/PreCommit-HIVE-Build-783/&quot; class=&quot;external-link&quot; rel=&quot;nofollow&quot;&gt;http://ec2-174-129-184-35.compute-1.amazonaws.com/logs/PreCommit-HIVE-Build-783/&lt;/a&gt;&lt;/p&gt;

&lt;p&gt;Messages:&lt;/p&gt;
&lt;div class=&quot;preformatted panel&quot; style=&quot;border-width: 1px;&quot;&gt;&lt;div class=&quot;preformattedContent panelContent&quot;&gt;
&lt;pre&gt;Executing org.apache.hive.ptest.execution.PrepPhase
Executing org.apache.hive.ptest.execution.ExecutionPhase
Executing org.apache.hive.ptest.execution.ReportingPhase
Tests exited with: TestsFailedException: 3 tests failed
&lt;/pre&gt;
&lt;/div&gt;&lt;/div&gt;

&lt;p&gt;This message is automatically generated.&lt;/p&gt;

&lt;p&gt;ATTACHMENT ID: 12655626&lt;/p&gt;</comment>
                            <comment id="14063076" author="singhashish" created="Wed, 16 Jul 2014 03:36:55 +0000"  >&lt;p&gt;Add qtest for avro schema evolution.&lt;/p&gt;</comment>
                            <comment id="14063079" author="singhashish" created="Wed, 16 Jul 2014 03:37:59 +0000"  >&lt;p&gt;&lt;a href=&quot;https://issues.apache.org/jira/secure/ViewProfile.jspa?name=davidchen&quot; class=&quot;user-hover&quot; rel=&quot;davidchen&quot;&gt;David Chen&lt;/a&gt; Addressed your concerns on RB and added qtest with avro schema evolution scenario. Kindly take a look.&lt;/p&gt;</comment>
                            <comment id="14063197" author="hiveqa" created="Wed, 16 Jul 2014 05:56:13 +0000"  >

&lt;p&gt;&lt;font color=&quot;red&quot;&gt;Overall&lt;/font&gt;: -1 at least one tests failed&lt;/p&gt;

&lt;p&gt;Here are the results of testing the latest attachment:&lt;br/&gt;
&lt;a href=&quot;https://issues.apache.org/jira/secure/attachment/12655976/HIVE-6806.2.patch&quot; class=&quot;external-link&quot; rel=&quot;nofollow&quot;&gt;https://issues.apache.org/jira/secure/attachment/12655976/HIVE-6806.2.patch&lt;/a&gt;&lt;/p&gt;

&lt;p&gt;&lt;font color=&quot;red&quot;&gt;ERROR:&lt;/font&gt; -1 due to 5 failed/errored test(s), 5752 tests executed&lt;br/&gt;
&lt;b&gt;Failed tests:&lt;/b&gt;&lt;/p&gt;
&lt;div class=&quot;preformatted panel&quot; style=&quot;border-width: 1px;&quot;&gt;&lt;div class=&quot;preformattedContent panelContent&quot;&gt;
&lt;pre&gt;org.apache.hadoop.hive.cli.TestMiniTezCliDriver.testCliDriver_dynpart_sort_optimization
org.apache.hadoop.hive.cli.TestMiniTezCliDriver.testCliDriver_temp_table
org.apache.hadoop.hive.cli.TestMiniTezCliDriver.testCliDriver_tez_join_hash
org.apache.hadoop.hive.cli.TestMinimrCliDriver.testCliDriver_ql_rewrite_gbtoidx
org.apache.hive.jdbc.miniHS2.TestHiveServer2.testConnection
&lt;/pre&gt;
&lt;/div&gt;&lt;/div&gt;

&lt;p&gt;Test results: &lt;a href=&quot;http://ec2-174-129-184-35.compute-1.amazonaws.com/jenkins/job/PreCommit-HIVE-Build/807/testReport&quot; class=&quot;external-link&quot; rel=&quot;nofollow&quot;&gt;http://ec2-174-129-184-35.compute-1.amazonaws.com/jenkins/job/PreCommit-HIVE-Build/807/testReport&lt;/a&gt;&lt;br/&gt;
Console output: &lt;a href=&quot;http://ec2-174-129-184-35.compute-1.amazonaws.com/jenkins/job/PreCommit-HIVE-Build/807/console&quot; class=&quot;external-link&quot; rel=&quot;nofollow&quot;&gt;http://ec2-174-129-184-35.compute-1.amazonaws.com/jenkins/job/PreCommit-HIVE-Build/807/console&lt;/a&gt;&lt;br/&gt;
Test logs: &lt;a href=&quot;http://ec2-174-129-184-35.compute-1.amazonaws.com/logs/PreCommit-HIVE-Build-807/&quot; class=&quot;external-link&quot; rel=&quot;nofollow&quot;&gt;http://ec2-174-129-184-35.compute-1.amazonaws.com/logs/PreCommit-HIVE-Build-807/&lt;/a&gt;&lt;/p&gt;

&lt;p&gt;Messages:&lt;/p&gt;
&lt;div class=&quot;preformatted panel&quot; style=&quot;border-width: 1px;&quot;&gt;&lt;div class=&quot;preformattedContent panelContent&quot;&gt;
&lt;pre&gt;Executing org.apache.hive.ptest.execution.PrepPhase
Executing org.apache.hive.ptest.execution.ExecutionPhase
Executing org.apache.hive.ptest.execution.ReportingPhase
Tests exited with: TestsFailedException: 5 tests failed
&lt;/pre&gt;
&lt;/div&gt;&lt;/div&gt;

&lt;p&gt;This message is automatically generated.&lt;/p&gt;

&lt;p&gt;ATTACHMENT ID: 12655976&lt;/p&gt;</comment>
                            <comment id="14064592" author="davidzchen" created="Thu, 17 Jul 2014 05:34:08 +0000"  >&lt;p&gt;Thanks for adding the qtest for schema evolution, Ashish!&lt;/p&gt;

&lt;p&gt;Aside from some minor formatting comments, this looks good to me.&lt;/p&gt;</comment>
                            <comment id="14071321" author="cwsteinbach" created="Wed, 23 Jul 2014 03:31:53 +0000"  >&lt;p&gt;&lt;a href=&quot;https://issues.apache.org/jira/secure/ViewProfile.jspa?name=tomwhite&quot; class=&quot;user-hover&quot; rel=&quot;tomwhite&quot;&gt;Tom White&lt;/a&gt;, &lt;a href=&quot;https://issues.apache.org/jira/secure/ViewProfile.jspa?name=lars_francke&quot; class=&quot;user-hover&quot; rel=&quot;lars_francke&quot;&gt;Lars Francke&lt;/a&gt;, &lt;a href=&quot;https://issues.apache.org/jira/secure/ViewProfile.jspa?name=brocknoland&quot; class=&quot;user-hover&quot; rel=&quot;brocknoland&quot;&gt;Brock Noland&lt;/a&gt;: Are you guys satisfied with the current version of the patch? If so I&apos;ll plan to +1 it and get it committed after another round of automated tests. Thanks.&lt;/p&gt;</comment>
                            <comment id="14071333" author="singhashish" created="Wed, 23 Jul 2014 03:52:36 +0000"  >&lt;p&gt;All reviews on RB are addressed. Once I get a ship it there, I can post the patch here for automated tests.&lt;/p&gt;</comment>
                            <comment id="14072113" author="singhashish" created="Wed, 23 Jul 2014 18:41:50 +0000"  >&lt;p&gt;Addressed review comments on RB.&lt;/p&gt;</comment>
                            <comment id="14072199" author="lars_francke" created="Wed, 23 Jul 2014 19:28:06 +0000"  >&lt;p&gt;Patch looks good. Ashish, thanks a lot for addressing all these minor comments. Ship it! (not a committer)&lt;/p&gt;</comment>
                            <comment id="14072510" author="davidzchen" created="Wed, 23 Jul 2014 23:02:14 +0000"  >&lt;p&gt;Looks good to me as well. +1 (also not a committer)&lt;/p&gt;</comment>
                            <comment id="14072716" author="hiveqa" created="Thu, 24 Jul 2014 02:39:14 +0000"  >

&lt;p&gt;&lt;font color=&quot;red&quot;&gt;Overall&lt;/font&gt;: -1 at least one tests failed&lt;/p&gt;

&lt;p&gt;Here are the results of testing the latest attachment:&lt;br/&gt;
&lt;a href=&quot;https://issues.apache.org/jira/secure/attachment/12657411/HIVE-6806.3.patch&quot; class=&quot;external-link&quot; rel=&quot;nofollow&quot;&gt;https://issues.apache.org/jira/secure/attachment/12657411/HIVE-6806.3.patch&lt;/a&gt;&lt;/p&gt;

&lt;p&gt;&lt;font color=&quot;red&quot;&gt;ERROR:&lt;/font&gt; -1 due to 4 failed/errored test(s), 5761 tests executed&lt;br/&gt;
&lt;b&gt;Failed tests:&lt;/b&gt;&lt;/p&gt;
&lt;div class=&quot;preformatted panel&quot; style=&quot;border-width: 1px;&quot;&gt;&lt;div class=&quot;preformattedContent panelContent&quot;&gt;
&lt;pre&gt;org.apache.hadoop.hive.cli.TestMinimrCliDriver.testCliDriver_ql_rewrite_gbtoidx
org.apache.hadoop.hive.metastore.txn.TestCompactionTxnHandler.testRevokeTimedOutWorkers
org.apache.hive.hcatalog.pig.TestOrcHCatLoader.testReadDataPrimitiveTypes
org.apache.hive.jdbc.miniHS2.TestHiveServer2.testConnection
&lt;/pre&gt;
&lt;/div&gt;&lt;/div&gt;

&lt;p&gt;Test results: &lt;a href=&quot;http://ec2-174-129-184-35.compute-1.amazonaws.com/jenkins/job/PreCommit-HIVE-TRUNK-Build/28/testReport&quot; class=&quot;external-link&quot; rel=&quot;nofollow&quot;&gt;http://ec2-174-129-184-35.compute-1.amazonaws.com/jenkins/job/PreCommit-HIVE-TRUNK-Build/28/testReport&lt;/a&gt;&lt;br/&gt;
Console output: &lt;a href=&quot;http://ec2-174-129-184-35.compute-1.amazonaws.com/jenkins/job/PreCommit-HIVE-TRUNK-Build/28/console&quot; class=&quot;external-link&quot; rel=&quot;nofollow&quot;&gt;http://ec2-174-129-184-35.compute-1.amazonaws.com/jenkins/job/PreCommit-HIVE-TRUNK-Build/28/console&lt;/a&gt;&lt;br/&gt;
Test logs: &lt;a href=&quot;http://ec2-174-129-184-35.compute-1.amazonaws.com/logs/PreCommit-HIVE-TRUNK-Build-28/&quot; class=&quot;external-link&quot; rel=&quot;nofollow&quot;&gt;http://ec2-174-129-184-35.compute-1.amazonaws.com/logs/PreCommit-HIVE-TRUNK-Build-28/&lt;/a&gt;&lt;/p&gt;

&lt;p&gt;Messages:&lt;/p&gt;
&lt;div class=&quot;preformatted panel&quot; style=&quot;border-width: 1px;&quot;&gt;&lt;div class=&quot;preformattedContent panelContent&quot;&gt;
&lt;pre&gt;Executing org.apache.hive.ptest.execution.PrepPhase
Executing org.apache.hive.ptest.execution.ExecutionPhase
Executing org.apache.hive.ptest.execution.ReportingPhase
Tests exited with: TestsFailedException: 4 tests failed
&lt;/pre&gt;
&lt;/div&gt;&lt;/div&gt;

&lt;p&gt;This message is automatically generated.&lt;/p&gt;

&lt;p&gt;ATTACHMENT ID: 12657411&lt;/p&gt;</comment>
                            <comment id="14072742" author="brocknoland" created="Thu, 24 Jul 2014 03:16:25 +0000"  >&lt;p&gt;+1&lt;/p&gt;

&lt;p&gt;this is an awesome contribution...&lt;/p&gt;</comment>
                            <comment id="14073783" author="davidzchen" created="Thu, 24 Jul 2014 22:47:28 +0000"  >&lt;p&gt;I have verified that the test failures do not appear to be caused by this patch.&lt;/p&gt;

&lt;ul&gt;
	&lt;li&gt;The TestMinimrCliDriver failure also fails on trunk&lt;/li&gt;
	&lt;li&gt;The TestOrcHCatLoader failure is a known issue and also fails on trunk spuriously.&lt;/li&gt;
	&lt;li&gt;I was not able to reproduce the TestCompactionTxnHandler or TestHiveServer2 failures on both trunk and this patch applied on trunk.&lt;/li&gt;
&lt;/ul&gt;


&lt;p&gt;I think this patch is ready to be committed.&lt;/p&gt;</comment>
                            <comment id="14073888" author="singhashish" created="Fri, 25 Jul 2014 00:19:03 +0000"  >&lt;p&gt;Yes, the failed tests are not related to this patch.&lt;/p&gt;</comment>
                            <comment id="14074691" author="cwsteinbach" created="Fri, 25 Jul 2014 18:02:53 +0000"  >&lt;p&gt;Committed to trunk. Thanks Ashish!&lt;/p&gt;</comment>
                            <comment id="14074704" author="singhashish" created="Fri, 25 Jul 2014 18:08:31 +0000"  >&lt;p&gt;Thanks all for reviewing and committing.&lt;/p&gt;</comment>
                            <comment id="14075008" author="lefty@hortonworks.com" created="Fri, 25 Jul 2014 21:59:47 +0000"  >&lt;p&gt;This will need documentation when 0.14.0 gets released (with version note and link to this JIRA ticket):&lt;/p&gt;

&lt;ul&gt;
	&lt;li&gt;&lt;a href=&quot;https://cwiki.apache.org/confluence/display/Hive/AvroSerDe&quot; class=&quot;external-link&quot; rel=&quot;nofollow&quot;&gt;Avro SerDe (multiple sections) &lt;/a&gt;&lt;/li&gt;
	&lt;li&gt;&lt;a href=&quot;https://cwiki.apache.org/confluence/display/Hive/LanguageManual+DDL#LanguageManualDDL-CreateTable&quot; class=&quot;external-link&quot; rel=&quot;nofollow&quot;&gt;DDL &amp;#8211; Create Table (syntax:  list of values for file_format) &lt;/a&gt;&lt;/li&gt;
	&lt;li&gt;&lt;a href=&quot;https://cwiki.apache.org/confluence/display/Hive/LanguageManual+DDL#LanguageManualDDL-RowFormat,StorageFormat,andSerDe&quot; class=&quot;external-link&quot; rel=&quot;nofollow&quot;&gt;DDL &amp;#8211; Row Format, Storage Format, and SerDe &lt;/a&gt;&lt;/li&gt;
&lt;/ul&gt;
</comment>
                            <comment id="14075088" author="brocknoland" created="Fri, 25 Jul 2014 22:47:13 +0000"  >&lt;p&gt;Great to see this committed. I cannot say enough how awesome this change is!&lt;/p&gt;</comment>
                            <comment id="14076577" author="singhashish" created="Mon, 28 Jul 2014 18:49:58 +0000"  >&lt;p&gt;&lt;a href=&quot;https://issues.apache.org/jira/secure/ViewProfile.jspa?name=leftylev&quot; class=&quot;user-hover&quot; rel=&quot;leftylev&quot;&gt;Lefty Leverenz&lt;/a&gt; thanks for looking at this. I am not sure how documentations are handled. Could you please help me understand what needs to be done for the documentation here.&lt;/p&gt;

&lt;p&gt;&lt;a href=&quot;https://issues.apache.org/jira/secure/ViewProfile.jspa?name=brocknoland&quot; class=&quot;user-hover&quot; rel=&quot;brocknoland&quot;&gt;Brock Noland&lt;/a&gt; thanks!&lt;/p&gt;</comment>
                            <comment id="14077482" author="lefty@hortonworks.com" created="Tue, 29 Jul 2014 07:38:21 +0000"  >&lt;p&gt;&lt;a href=&quot;https://issues.apache.org/jira/secure/ViewProfile.jspa?name=singhashish&quot; class=&quot;user-hover&quot; rel=&quot;singhashish&quot;&gt;Ashish K Singh&lt;/a&gt;, wikidoc updates are handled various ways.  Sometimes the developer takes care of it, sometimes I write it up and ask for review, and occasionally someone else writes it up.  I usually edit what others write, making sure version information is included and cross references get made.&lt;/p&gt;

&lt;ul&gt;
	&lt;li&gt;In this case, I think I could revise the DDL sections adequately but you would probably do a better job revising the Avro SerDe wiki, keeping in mind that the old information needs to remain for users of previous releases.&lt;/li&gt;
&lt;/ul&gt;


&lt;ul&gt;
	&lt;li&gt;If you don&apos;t want to do it yourself, or even if you do, a release note on this JIRA ticket would be an excellent start.&lt;/li&gt;
&lt;/ul&gt;


&lt;ul&gt;
	&lt;li&gt;If you have an in-house tech writer who could do the job, their contribution would be most welcome &amp;#8212; my backlog of doc tasks is daunting, I&apos;m just doing this as a retirement hobby, and it&apos;s summertime. &lt;img class=&quot;emoticon&quot; src=&quot;https://issues.apache.org/jira/images/icons/emoticons/wink.gif&quot; height=&quot;16&quot; width=&quot;16&quot; align=&quot;absmiddle&quot; alt=&quot;&quot; border=&quot;0&quot;/&gt;&lt;/li&gt;
&lt;/ul&gt;


&lt;p&gt;The links in my previous comment show where revisions should go.  The Avro SerDe doc has several examples of CREATE TABLE &amp;#8212; the simplest approach is to add a second example for each one, saying &quot;In Hive 0.14.0 and later, this syntax can be used:&quot; (or something similar).  A general statement or discussion of the new syntax would be good too.&lt;/p&gt;

&lt;p&gt;Since the 0.14.0 release is a few months away, the documentation could wait although it might be best done while still fresh in your mind.  To gain write access to the wiki, follow the instructions here:&lt;/p&gt;

&lt;ul&gt;
	&lt;li&gt;&lt;a href=&quot;https://cwiki.apache.org/confluence/display/Hive/AboutThisWiki&quot; class=&quot;external-link&quot; rel=&quot;nofollow&quot;&gt;About This Wiki &lt;/a&gt;&lt;/li&gt;
&lt;/ul&gt;
</comment>
                            <comment id="14088879" author="singhashish" created="Thu, 7 Aug 2014 06:07:01 +0000"  >&lt;p&gt;&lt;a href=&quot;https://issues.apache.org/jira/secure/ViewProfile.jspa?name=leftylev&quot; class=&quot;user-hover&quot; rel=&quot;leftylev&quot;&gt;Lefty Leverenz&lt;/a&gt; Thanks for detailed info here.&lt;/p&gt;

&lt;p&gt;I have updated the JIRA&apos;s release note and documentation on Avro&apos;s usage in Hive, &lt;a href=&quot;https://cwiki.apache.org/confluence/display/Hive/AvroSerDe&quot; class=&quot;external-link&quot; rel=&quot;nofollow&quot;&gt;https://cwiki.apache.org/confluence/display/Hive/AvroSerDe&lt;/a&gt;. Feel free to make it better.&lt;/p&gt;</comment>
                            <comment id="14092487" author="lefty@hortonworks.com" created="Mon, 11 Aug 2014 06:04:40 +0000"  >&lt;p&gt;Thanks Ashish, your doc changes look good.  I&apos;m just making a few minor edits.&lt;/p&gt;

&lt;p&gt;This sentence in the Avro SerDe doc is out of date:  &quot;The AvroSerde has been built and tested against Hive 0.9.1 and Avro 1.5.&quot;&lt;/p&gt;

&lt;ol&gt;
	&lt;li&gt;Can I change it to &quot;tested against Hive 0.9.1 and later&quot;?&lt;/li&gt;
	&lt;li&gt;What Avro versions have been tested?  (Their latest is 1.7.7:  &lt;a href=&quot;http://avro.apache.org/releases.html&quot; class=&quot;external-link&quot; rel=&quot;nofollow&quot;&gt;http://avro.apache.org/releases.html&lt;/a&gt;.)&lt;/li&gt;
&lt;/ol&gt;
</comment>
                            <comment id="14092534" author="lefty@hortonworks.com" created="Mon, 11 Aug 2014 07:44:04 +0000"  >&lt;p&gt;&lt;a href=&quot;https://issues.apache.org/jira/secure/ViewProfile.jspa?name=singhashish&quot; class=&quot;user-hover&quot; rel=&quot;singhashish&quot;&gt;Ashish K Singh&lt;/a&gt;, why did you outdent union1 to bytes1 in the examples?  I aligned them with the rest of the data types, then indented all of them two more spaces to make STORED AS AVRO stand out &amp;#8211; but if you wanted the outdent, please revert my changes or ask me to do it.&lt;/p&gt;

&lt;p&gt;Also, your example in &quot;Hive 0.14 and later versions&quot; under &quot;Creating Avro-backed Hive tables&quot; is identical to the one you added to the code block in &quot;All Hive versions&quot; just before it &amp;#8211; was that deliberate, or an editing artifact?  It seems to me the Hive 0.14 example in &quot;All Hive versions&quot; isn&apos;t necessary, but I left it in for now.&lt;/p&gt;

&lt;p&gt;Please review my changes, because I moved some information around.&lt;/p&gt;

&lt;ul&gt;
	&lt;li&gt;&lt;a href=&quot;https://cwiki.apache.org/confluence/display/Hive/AvroSerDe&quot; class=&quot;external-link&quot; rel=&quot;nofollow&quot;&gt;Avro SerDe &lt;/a&gt;&lt;/li&gt;
&lt;/ul&gt;
</comment>
                            <comment id="14093836" author="lefty@hortonworks.com" created="Tue, 12 Aug 2014 07:17:31 +0000"  >&lt;p&gt;I added STORED AS AVRO to the DDL wikidoc:&lt;/p&gt;

&lt;ul&gt;
	&lt;li&gt;&lt;a href=&quot;https://cwiki.apache.org/confluence/display/Hive/LanguageManual+DDL#LanguageManualDDL-CreateTable&quot; class=&quot;external-link&quot; rel=&quot;nofollow&quot;&gt;Create Table &amp;#8211; see file_format (at the end of the syntax) &lt;/a&gt;
&lt;div class=&quot;code panel&quot; style=&quot;border-width: 1px;&quot;&gt;&lt;div class=&quot;codeContent panelContent&quot;&gt;
&lt;pre class=&quot;code-java&quot;&gt;
file_format:
  : SEQUENCEFILE
  ...
  | AVRO       (Note: Only available starting with Hive 0.14.0)
&lt;/pre&gt;
&lt;/div&gt;&lt;/div&gt;&lt;/li&gt;
	&lt;li&gt;&lt;a href=&quot;https://cwiki.apache.org/confluence/display/Hive/LanguageManual+DDL#LanguageManualDDL-RowFormat,StorageFormat,andSerDe&quot; class=&quot;external-link&quot; rel=&quot;nofollow&quot;&gt;Row Format, Storage Format, and SerDe &lt;/a&gt;&lt;br/&gt;
&quot;Use STORED AS AVRO for Avro files in Hive 0.14.0 and later (see Avro SerDe).&quot;&lt;/li&gt;
&lt;/ul&gt;
</comment>
                            <comment id="14096064" author="singhashish" created="Wed, 13 Aug 2014 20:27:13 +0000"  >&lt;p&gt;&lt;a href=&quot;https://issues.apache.org/jira/secure/ViewProfile.jspa?name=leftylev&quot; class=&quot;user-hover&quot; rel=&quot;leftylev&quot;&gt;Lefty Leverenz&lt;/a&gt; thanks for taking a look at the changes I made. Based on your feedback I have made following changes.&lt;/p&gt;

&lt;ul class=&quot;alternate&quot; type=&quot;square&quot;&gt;
	&lt;li&gt;As Hive 0.14 uses Avro 1.7.5, updated Hive and Avro version text accordingly.&lt;/li&gt;
	&lt;li&gt;Removed the Hive 0.14 example in &quot;All Hive versions&quot; under &quot;Creating Avro-backed Hive tables&quot;.&lt;/li&gt;
&lt;/ul&gt;


&lt;p&gt;Let  me know if I missed out anything.&lt;/p&gt;</comment>
                            <comment id="14096168" author="lefty@hortonworks.com" created="Wed, 13 Aug 2014 21:39:57 +0000"  >&lt;p&gt;Looks good, thanks &lt;a href=&quot;https://issues.apache.org/jira/secure/ViewProfile.jspa?name=singhashish&quot; class=&quot;user-hover&quot; rel=&quot;singhashish&quot;&gt;Ashish K Singh&lt;/a&gt;.&lt;/p&gt;

&lt;p&gt;But (ever the nitpicker) we probably need Hive versions matched with Avro versions, because the wiki covers all Hive versions.  Does Hive 0.13 also use Avro 1.7.5?  If the Avro version is somewhere in the code, I can compile a list of Avro versions for various Hive versions.&lt;/p&gt;

&lt;p&gt;Of course, this is beyond the scope of the jira.  So if it&apos;s more than a moment&apos;s work, we should raise a new issue.&lt;/p&gt;</comment>
                            <comment id="14096188" author="lefty@hortonworks.com" created="Wed, 13 Aug 2014 21:55:48 +0000"  >&lt;p&gt;(I should grep before asking, not after.)  Here&apos;s what I&apos;ve found in the released branches, starting with 0.9:&lt;/p&gt;

&lt;p&gt;Hive 0.9  &amp;#8211;  ivy/libraries.properties:avro.version=1.5.3&lt;br/&gt;
Hive 0.10  &amp;#8211;  ivy/libraries.properties:avro.version=1.7.1&lt;br/&gt;
Hive 0.11  &amp;#8211;  ivy/libraries.properties:avro.version=1.7.1&lt;br/&gt;
Hive 0.12  &amp;#8211;  ivy/libraries.properties:avro.version=1.7.1&lt;br/&gt;
Hive 0.13  &amp;#8211;  pom.xml:    &amp;lt;avro.version&amp;gt;1.7.5&amp;lt;/avro.version&amp;gt;&lt;br/&gt;
Hive 0.13.1  &amp;#8211;  pom.xml:    &amp;lt;avro.version&amp;gt;1.7.5&amp;lt;/avro.version&amp;gt;&lt;/p&gt;

&lt;p&gt;Documented here:&lt;/p&gt;

&lt;ul&gt;
	&lt;li&gt;&lt;a href=&quot;https://cwiki.apache.org/confluence/display/Hive/AvroSerDe#AvroSerDe-Requirements&quot; class=&quot;external-link&quot; rel=&quot;nofollow&quot;&gt;Avro SerDe &amp;#8211; Requirements &lt;/a&gt;&lt;/li&gt;
&lt;/ul&gt;
</comment>
                            <comment id="14182455" author="lefty@hortonworks.com" created="Fri, 24 Oct 2014 05:23:47 +0000"  >&lt;p&gt;Shouldn&apos;t AVRO be added as a possible value for the &lt;b&gt;hive.default.fileformat&lt;/b&gt; parameter in HiveConf.java?&lt;/p&gt;

&lt;ul&gt;
	&lt;li&gt;&lt;a href=&quot;https://cwiki.apache.org/confluence/display/Hive/Configuration+Properties#ConfigurationProperties-hive.default.fileformat&quot; class=&quot;external-link&quot; rel=&quot;nofollow&quot;&gt;Configuration Properties &amp;#8211; hive.default.fileformat &lt;/a&gt;&lt;/li&gt;
&lt;/ul&gt;
</comment>
                            <comment id="14182579" author="navis" created="Fri, 24 Oct 2014 08:05:48 +0000"  >&lt;p&gt;&lt;a href=&quot;https://issues.apache.org/jira/secure/ViewProfile.jspa?name=leftylev&quot; class=&quot;user-hover&quot; rel=&quot;leftylev&quot;&gt;Lefty Leverenz&lt;/a&gt; Right. I&apos;ll book that into new issue.&lt;/p&gt;</comment>
                            <comment id="14183913" author="lefty@hortonworks.com" created="Sat, 25 Oct 2014 04:17:08 +0000"  >&lt;p&gt;&lt;a href=&quot;https://issues.apache.org/jira/secure/ViewProfile.jspa?name=navis&quot; class=&quot;user-hover&quot; rel=&quot;navis&quot;&gt;Navis&lt;/a&gt; created &lt;a href=&quot;https://issues.apache.org/jira/browse/HIVE-8591&quot; title=&quot;hive.default.fileformat should accept all formats described by StorageFormatDescriptor&quot; class=&quot;issue-link&quot; data-issue-key=&quot;HIVE-8591&quot;&gt;HIVE-8591&lt;/a&gt; &quot;hive.default.fileformat should accept all formats described by StorageFormatDescriptor&quot; which also deals with the values for hive.query.result.fileformat &amp;#8211; thanks!&lt;/p&gt;</comment>
                            <comment id="14211134" author="thejas" created="Thu, 13 Nov 2014 19:44:18 +0000"  >&lt;p&gt;This has been fixed in 0.14 release. Please open new jira if you see any issues.&lt;/p&gt;</comment>
                    </comments>
                <issuelinks>
                            <issuelinktype id="12310000">
                    <name>Duplicate</name>
                                            <outwardlinks description="duplicates">
                                        <issuelink>
            <issuekey id="12595122">HIVE-3159</issuekey>
        </issuelink>
                            </outwardlinks>
                                                        </issuelinktype>
                            <issuelinktype id="10030">
                    <name>Reference</name>
                                            <outwardlinks description="relates to">
                                        <issuelink>
            <issuekey id="12683190">HIVE-5976</issuekey>
        </issuelink>
                            </outwardlinks>
                                                                <inwardlinks description="is related to">
                                        <issuelink>
            <issuekey id="12728244">HIVE-7446</issuekey>
        </issuelink>
            <issuelink>
            <issuekey id="12750305">HIVE-8591</issuekey>
        </issuelink>
                            </inwardlinks>
                                    </issuelinktype>
                            <issuelinktype id="10001">
                    <name>dependent</name>
                                                                <inwardlinks description="is depended upon by">
                                        <issuelink>
            <issuekey id="12728049">HIVE-7440</issuekey>
        </issuelink>
                            </inwardlinks>
                                    </issuelinktype>
                    </issuelinks>
                <attachments>
                            <attachment id="12655626" name="HIVE-6806.1.patch" size="51568" author="singhashish" created="Mon, 14 Jul 2014 21:59:57 +0000"/>
                            <attachment id="12655976" name="HIVE-6806.2.patch" size="65943" author="singhashish" created="Wed, 16 Jul 2014 03:36:55 +0000"/>
                            <attachment id="12657411" name="HIVE-6806.3.patch" size="78971" author="singhashish" created="Wed, 23 Jul 2014 18:41:50 +0000"/>
                            <attachment id="12654935" name="HIVE-6806.patch" size="49140" author="singhashish" created="Thu, 10 Jul 2014 04:52:05 +0000"/>
                    </attachments>
                <subtasks>
                    </subtasks>
                <customfields>
                                                <customfield id="customfield_12310310" key="com.atlassian.jira.toolkit:attachments">
                        <customfieldname>Attachment count</customfieldname>
                        <customfieldvalues>
                            <customfieldvalue>4.0</customfieldvalue>
                        </customfieldvalues>
                    </customfield>
                                                                                                                                                                                                                                                                                                                                                                                                                                                                                                                                <customfield id="customfield_12310220" key="com.atlassian.jira.ext.charting:firstresponsedate">
                        <customfieldname>Date of First Response</customfieldname>
                        <customfieldvalues>
                            <customfieldvalue>Thu, 10 Jul 2014 04:52:05 +0000</customfieldvalue>

                        </customfieldvalues>
                    </customfield>
                                                                                                                                                                                                                                                                                                                                                                                                                                            <customfield id="customfield_12310420" key="com.pyxis.greenhopper.jira:gh-global-rank">
                        <customfieldname>Global Rank</customfieldname>
                        <customfieldvalues>
                            <customfieldvalue>384336</customfieldvalue>
                        </customfieldvalues>
                    </customfield>
                                                                <customfield id="customfield_12310191" key="com.atlassian.jira.plugin.system.customfieldtypes:multicheckboxes">
                        <customfieldname>Hadoop Flags</customfieldname>
                        <customfieldvalues>
                                <customfieldvalue key="10343"><![CDATA[Reviewed]]></customfieldvalue>
    
                        </customfieldvalues>
                    </customfield>
                                                                                                                        <customfield id="customfield_12312521" key="com.atlassian.jira.toolkit:LastCommentDate">
                        <customfieldname>Last public comment date</customfieldname>
                        <customfieldvalues>
                            2 years, 3 weeks, 2 days ago
                        </customfieldvalues>
                    </customfield>
                                                                                            <customfield id="customfield_12311820" key="com.pyxis.greenhopper.jira:gh-lexo-rank">
                        <customfieldname>Rank</customfieldname>
                        <customfieldvalues>
                            <customfieldvalue>0|i1u7o7:</customfieldvalue>

                        </customfieldvalues>
                    </customfield>
                                                                <customfield id="customfield_12310920" key="com.pyxis.greenhopper.jira:gh-global-rank">
                        <customfieldname>Rank (Obsolete)</customfieldname>
                        <customfieldvalues>
                            <customfieldvalue>384604</customfieldvalue>
                        </customfieldvalues>
                    </customfield>
                                                                <customfield id="customfield_12310192" key="com.atlassian.jira.plugin.system.customfieldtypes:textarea">
                        <customfieldname>Release Note</customfieldname>
                        <customfieldvalues>
                            <customfieldvalue>Add support to infer Avro schema from Hive table schema. Avro-backed tables can simply be created by using &amp;quot;STORED AS AVRO&amp;quot; in DDL statement. AvroSerDe takes care of creating appropriate Avro schema from Hive table schema, a big win in terms of Avro usability in Hive.</customfieldvalue>

                        </customfieldvalues>
                    </customfield>
                                                                                                                                                                                                                                                                                                <customfield id="customfield_12310222" key="com.atlassian.jira.ext.charting:timeinstatus">
                        <customfieldname>Time in Status</customfieldname>
                        <customfieldvalues>
                            
                        </customfieldvalues>
                    </customfield>
                                                                                                                        </customfields>
    </item>
</channel>
</rss>