<!-- 
RSS generated by JIRA (6.3.4#6332-sha1:51bc225ef474afe3128b2f66878477f322397b16) at Sat Dec 03 23:14:58 UTC 2016

It is possible to restrict the fields that are returned in this document by specifying the 'field' parameter in your request.
For example, to request only the issue key and summary add field=key&field=summary to the URL of your request.
For example:
https://issues.apache.org/jira/si/jira.issueviews:issue-xml/HIVE-3770/HIVE-3770.xml?field=key&amp;field=summary
-->
<rss version="0.92" >
<channel>
    <title>ASF JIRA</title>
    <link>https://issues.apache.org/jira</link>
    <description>This file is an XML representation of an issue</description>
    <language>en-uk</language>    <build-info>
        <version>6.3.4</version>
        <build-number>6332</build-number>
        <build-date>15-08-2014</build-date>
    </build-info>

<item>
            <title>[HIVE-3770] Test cases&apos;s broken in TestParse</title>
                <link>https://issues.apache.org/jira/browse/HIVE-3770</link>
                <project id="12310843" key="HIVE">Hive</project>
                    <description>&lt;p&gt;20 TestParse test cases are broken. It&apos;s introduced from D7017 &lt;a href=&quot;https://issues.apache.org/jira/browse/HIVE-3750&quot; title=&quot;JDBCStatsPublisher fails when ID length exceeds length of ID column&quot; class=&quot;issue-link&quot; data-issue-key=&quot;HIVE-3750&quot;&gt;&lt;del&gt;HIVE-3750&lt;/del&gt;&lt;/a&gt;:&lt;/p&gt;

&lt;p&gt;20 Test cases&lt;br/&gt;
=============&lt;br/&gt;
testParse_case_sensitivity&lt;br/&gt;
testParse_groupby1&lt;br/&gt;
testParse_input1&lt;br/&gt;
testParse_input2&lt;br/&gt;
testParse_input3&lt;br/&gt;
testParse_input4&lt;br/&gt;
testParse_input5&lt;br/&gt;
testParse_input6&lt;br/&gt;
testParse_input7&lt;br/&gt;
testParse_input9&lt;br/&gt;
testParse_input_testsequencefile&lt;br/&gt;
testParse_join1&lt;br/&gt;
testParse_join2&lt;br/&gt;
testParse_join3&lt;br/&gt;
testParse_sample2&lt;br/&gt;
testParse_sample3&lt;br/&gt;
testParse_sample4&lt;br/&gt;
testParse_sample5&lt;br/&gt;
testParse_sample6&lt;br/&gt;
testParse_sample7&lt;/p&gt;


&lt;p&gt;sample error&lt;br/&gt;
============&lt;/p&gt;
&lt;blockquote&gt;
&lt;p&gt;ant test -Dtestcase=TestParse -Dqfile=groupby1.q&lt;br/&gt;
    &lt;span class=&quot;error&quot;&gt;&amp;#91;junit&amp;#93;&lt;/span&gt; diff -a ../build/ql/test/logs/positive/groupby1.q.out ../ql/src/test/results/compiler/parse/groupby1.q.out&lt;br/&gt;
    &lt;span class=&quot;error&quot;&gt;&amp;#91;junit&amp;#93;&lt;/span&gt; diff -a -b ../build/ql/test/logs/positive/groupby1.q.xml ../ql/src/test/results/compiler/plan/groupby1.q.xml&lt;br/&gt;
    &lt;span class=&quot;error&quot;&gt;&amp;#91;junit&amp;#93;&lt;/span&gt; 1224,1226d1223&lt;br/&gt;
    &lt;span class=&quot;error&quot;&gt;&amp;#91;junit&amp;#93;&lt;/span&gt; &amp;lt;                 &amp;lt;void property=&quot;maxStatsKeyPrefixLength&quot;&amp;gt; &lt;br/&gt;
    &lt;span class=&quot;error&quot;&gt;&amp;#91;junit&amp;#93;&lt;/span&gt; &amp;lt;                  &amp;lt;int&amp;gt;200&amp;lt;/int&amp;gt; &lt;br/&gt;
    &lt;span class=&quot;error&quot;&gt;&amp;#91;junit&amp;#93;&lt;/span&gt; &amp;lt;                 &amp;lt;/void&amp;gt; &lt;/p&gt;&lt;/blockquote&gt;</description>
                <environment></environment>
        <key id="12618796">HIVE-3770</key>
            <summary>Test cases&apos;s broken in TestParse</summary>
                <type id="1" iconUrl="https://issues.apache.org/jira/images/icons/issuetypes/bug.png">Bug</type>
                                            <priority id="3" iconUrl="https://issues.apache.org/jira/images/icons/priorities/major.png">Major</priority>
                        <status id="5" iconUrl="https://issues.apache.org/jira/images/icons/statuses/resolved.png" description="A resolution has been taken, and it is awaiting verification by reporter. From here issues are either reopened, or are closed.">Resolved</status>
                    <statusCategory id="3" key="done" colorName="green"/>
                                    <resolution id="3">Duplicate</resolution>
                                        <assignee username="gangtimliu">Gang Tim Liu</assignee>
                                    <reporter username="gangtimliu">Gang Tim Liu</reporter>
                        <labels>
                    </labels>
                <created>Tue, 4 Dec 2012 22:56:24 +0000</created>
                <updated>Mon, 6 May 2013 18:17:16 +0000</updated>
                            <resolved>Wed, 5 Dec 2012 00:07:19 +0000</resolved>
                                                                    <component>Testing Infrastructure</component>
                        <due></due>
                            <votes>0</votes>
                                    <watches>2</watches>
                                                                <comments>
                            <comment id="13510101" author="ashutoshc" created="Tue, 4 Dec 2012 23:10:21 +0000"  >&lt;p&gt;I also found this in my test run and commented on &lt;a href=&quot;https://issues.apache.org/jira/browse/HIVE-3750&quot; title=&quot;JDBCStatsPublisher fails when ID length exceeds length of ID column&quot; class=&quot;issue-link&quot; data-issue-key=&quot;HIVE-3750&quot;&gt;&lt;del&gt;HIVE-3750&lt;/del&gt;&lt;/a&gt; . I am fine if you want to close the reopen I did there and want to provide a fix here.&lt;/p&gt;</comment>
                    </comments>
                <issuelinks>
                            <issuelinktype id="10030">
                    <name>Reference</name>
                                                                <inwardlinks description="is related to">
                                        <issuelink>
            <issuekey id="12618801">HIVE-3771</issuekey>
        </issuelink>
                            </inwardlinks>
                                    </issuelinktype>
                    </issuelinks>
                <attachments>
                    </attachments>
                <subtasks>
                    </subtasks>
                <customfields>
                                                <customfield id="customfield_12310310" key="com.atlassian.jira.toolkit:attachments">
                        <customfieldname>Attachment count</customfieldname>
                        <customfieldvalues>
                            <customfieldvalue>0.0</customfieldvalue>
                        </customfieldvalues>
                    </customfield>
                                                                                                                                                                                                                                                                                                                                                                                                                                                                                                                                <customfield id="customfield_12310220" key="com.atlassian.jira.ext.charting:firstresponsedate">
                        <customfieldname>Date of First Response</customfieldname>
                        <customfieldvalues>
                            <customfieldvalue>Tue, 4 Dec 2012 23:10:21 +0000</customfieldvalue>

                        </customfieldvalues>
                    </customfield>
                                                                                                                                                                                                                                                                                                                                                                                                                                            <customfield id="customfield_12310420" key="com.pyxis.greenhopper.jira:gh-global-rank">
                        <customfieldname>Global Rank</customfieldname>
                        <customfieldvalues>
                            <customfieldvalue>296044</customfieldvalue>
                        </customfieldvalues>
                    </customfield>
                                                                                                                                                    <customfield id="customfield_12312521" key="com.atlassian.jira.toolkit:LastCommentDate">
                        <customfieldname>Last public comment date</customfieldname>
                        <customfieldvalues>
                            4 years, 4 days ago
                        </customfieldvalues>
                    </customfield>
                                                                                            <customfield id="customfield_12311820" key="com.pyxis.greenhopper.jira:gh-lexo-rank">
                        <customfieldname>Rank</customfieldname>
                        <customfieldvalues>
                            <customfieldvalue>0|i144vj:</customfieldvalue>

                        </customfieldvalues>
                    </customfield>
                                                                <customfield id="customfield_12310920" key="com.pyxis.greenhopper.jira:gh-global-rank">
                        <customfieldname>Rank (Obsolete)</customfieldname>
                        <customfieldvalues>
                            <customfieldvalue>232253</customfieldvalue>
                        </customfieldvalues>
                    </customfield>
                                                                                                                                                                                                                                                                                                                            <customfield id="customfield_12310222" key="com.atlassian.jira.ext.charting:timeinstatus">
                        <customfieldname>Time in Status</customfieldname>
                        <customfieldvalues>
                            
                        </customfieldvalues>
                    </customfield>
                                                                                                                        </customfields>
    </item>
</channel>
</rss>