<!-- 
RSS generated by JIRA (6.3.4#6332-sha1:51bc225ef474afe3128b2f66878477f322397b16) at Sun Dec 04 00:26:07 UTC 2016

It is possible to restrict the fields that are returned in this document by specifying the 'field' parameter in your request.
For example, to request only the issue key and summary add field=key&field=summary to the URL of your request.
For example:
https://issues.apache.org/jira/si/jira.issueviews:issue-xml/HIVE-5507/HIVE-5507.xml?field=key&amp;field=summary
-->
<rss version="0.92" >
<channel>
    <title>ASF JIRA</title>
    <link>https://issues.apache.org/jira</link>
    <description>This file is an XML representation of an issue</description>
    <language>en-uk</language>    <build-info>
        <version>6.3.4</version>
        <build-number>6332</build-number>
        <build-date>15-08-2014</build-date>
    </build-info>

<item>
            <title>[HIVE-5507] [WebHCat] test.other.user.name parameter is missing from build.xml in e2e harness</title>
                <link>https://issues.apache.org/jira/browse/HIVE-5507</link>
                <project id="12310843" key="HIVE">Hive</project>
                    <description>&lt;p&gt;When we run templeton e2e tests, we need to specify test.other.user.name parameter for a second templeton user. This is missing in build.xml.&lt;/p&gt;</description>
                <environment></environment>
        <key id="12673120">HIVE-5507</key>
            <summary>[WebHCat] test.other.user.name parameter is missing from build.xml in e2e harness</summary>
                <type id="1" iconUrl="https://issues.apache.org/jira/images/icons/issuetypes/bug.png">Bug</type>
                                            <priority id="3" iconUrl="https://issues.apache.org/jira/images/icons/priorities/major.png">Major</priority>
                        <status id="5" iconUrl="https://issues.apache.org/jira/images/icons/statuses/resolved.png" description="A resolution has been taken, and it is awaiting verification by reporter. From here issues are either reopened, or are closed.">Resolved</status>
                    <statusCategory id="3" key="done" colorName="green"/>
                                    <resolution id="1">Fixed</resolution>
                                        <assignee username="daijy">Daniel Dai</assignee>
                                    <reporter username="daijy">Daniel Dai</reporter>
                        <labels>
                    </labels>
                <created>Wed, 9 Oct 2013 21:35:03 +0000</created>
                <updated>Tue, 15 Oct 2013 03:38:15 +0000</updated>
                            <resolved>Mon, 14 Oct 2013 19:01:04 +0000</resolved>
                                    <version>0.12.0</version>
                                    <fixVersion>0.13.0</fixVersion>
                                    <component>HCatalog</component>
                        <due></due>
                            <votes>0</votes>
                                    <watches>4</watches>
                                                                <comments>
                            <comment id="13793075" author="ekoifman" created="Fri, 11 Oct 2013 21:55:18 +0000"  >&lt;p&gt;+1&lt;/p&gt;</comment>
                            <comment id="13794346" author="thejas" created="Mon, 14 Oct 2013 18:30:15 +0000"  >&lt;p&gt;+1&lt;/p&gt;</comment>
                            <comment id="13794370" author="thejas" created="Mon, 14 Oct 2013 19:01:04 +0000"  >&lt;p&gt;Patch committed to trunk. Thanks for the contribution Daniel!&lt;/p&gt;</comment>
                            <comment id="13794559" author="hudson" created="Mon, 14 Oct 2013 22:27:04 +0000"  >&lt;p&gt;FAILURE: Integrated in Hive-trunk-hadoop2-ptest #140 (See &lt;a href=&quot;https://builds.apache.org/job/Hive-trunk-hadoop2-ptest/140/&quot; class=&quot;external-link&quot; rel=&quot;nofollow&quot;&gt;https://builds.apache.org/job/Hive-trunk-hadoop2-ptest/140/&lt;/a&gt;)&lt;br/&gt;
&lt;a href=&quot;https://issues.apache.org/jira/browse/HIVE-5507&quot; title=&quot;[WebHCat] test.other.user.name parameter is missing from build.xml in e2e harness&quot; class=&quot;issue-link&quot; data-issue-key=&quot;HIVE-5507&quot;&gt;&lt;del&gt;HIVE-5507&lt;/del&gt;&lt;/a&gt;: &lt;span class=&quot;error&quot;&gt;&amp;#91;WebHCat&amp;#93;&lt;/span&gt; test.other.user.name parameter is missing from build.xml in e2e harness (Daniel Dai via Thejas Nair) (thejas: &lt;a href=&quot;http://svn.apache.org/viewcvs.cgi/?root=Apache-SVN&amp;amp;view=rev&amp;amp;rev=1532025&quot; class=&quot;external-link&quot; rel=&quot;nofollow&quot;&gt;http://svn.apache.org/viewcvs.cgi/?root=Apache-SVN&amp;amp;view=rev&amp;amp;rev=1532025&lt;/a&gt;)&lt;/p&gt;
&lt;ul&gt;
	&lt;li&gt;/hive/trunk/hcatalog/src/test/e2e/templeton/README.txt&lt;/li&gt;
	&lt;li&gt;/hive/trunk/hcatalog/src/test/e2e/templeton/build.xml&lt;/li&gt;
&lt;/ul&gt;
</comment>
                            <comment id="13794575" author="hudson" created="Mon, 14 Oct 2013 22:33:35 +0000"  >&lt;p&gt;FAILURE: Integrated in Hive-trunk-hadoop2 #502 (See &lt;a href=&quot;https://builds.apache.org/job/Hive-trunk-hadoop2/502/&quot; class=&quot;external-link&quot; rel=&quot;nofollow&quot;&gt;https://builds.apache.org/job/Hive-trunk-hadoop2/502/&lt;/a&gt;)&lt;br/&gt;
&lt;a href=&quot;https://issues.apache.org/jira/browse/HIVE-5507&quot; title=&quot;[WebHCat] test.other.user.name parameter is missing from build.xml in e2e harness&quot; class=&quot;issue-link&quot; data-issue-key=&quot;HIVE-5507&quot;&gt;&lt;del&gt;HIVE-5507&lt;/del&gt;&lt;/a&gt;: &lt;span class=&quot;error&quot;&gt;&amp;#91;WebHCat&amp;#93;&lt;/span&gt; test.other.user.name parameter is missing from build.xml in e2e harness (Daniel Dai via Thejas Nair) (thejas: &lt;a href=&quot;http://svn.apache.org/viewcvs.cgi/?root=Apache-SVN&amp;amp;view=rev&amp;amp;rev=1532025&quot; class=&quot;external-link&quot; rel=&quot;nofollow&quot;&gt;http://svn.apache.org/viewcvs.cgi/?root=Apache-SVN&amp;amp;view=rev&amp;amp;rev=1532025&lt;/a&gt;)&lt;/p&gt;
&lt;ul&gt;
	&lt;li&gt;/hive/trunk/hcatalog/src/test/e2e/templeton/README.txt&lt;/li&gt;
	&lt;li&gt;/hive/trunk/hcatalog/src/test/e2e/templeton/build.xml&lt;/li&gt;
&lt;/ul&gt;
</comment>
                            <comment id="13794673" author="hudson" created="Tue, 15 Oct 2013 00:04:57 +0000"  >&lt;p&gt;SUCCESS: Integrated in Hive-trunk-hadoop1-ptest #205 (See &lt;a href=&quot;https://builds.apache.org/job/Hive-trunk-hadoop1-ptest/205/&quot; class=&quot;external-link&quot; rel=&quot;nofollow&quot;&gt;https://builds.apache.org/job/Hive-trunk-hadoop1-ptest/205/&lt;/a&gt;)&lt;br/&gt;
&lt;a href=&quot;https://issues.apache.org/jira/browse/HIVE-5507&quot; title=&quot;[WebHCat] test.other.user.name parameter is missing from build.xml in e2e harness&quot; class=&quot;issue-link&quot; data-issue-key=&quot;HIVE-5507&quot;&gt;&lt;del&gt;HIVE-5507&lt;/del&gt;&lt;/a&gt;: &lt;span class=&quot;error&quot;&gt;&amp;#91;WebHCat&amp;#93;&lt;/span&gt; test.other.user.name parameter is missing from build.xml in e2e harness (Daniel Dai via Thejas Nair) (thejas: &lt;a href=&quot;http://svn.apache.org/viewcvs.cgi/?root=Apache-SVN&amp;amp;view=rev&amp;amp;rev=1532025&quot; class=&quot;external-link&quot; rel=&quot;nofollow&quot;&gt;http://svn.apache.org/viewcvs.cgi/?root=Apache-SVN&amp;amp;view=rev&amp;amp;rev=1532025&lt;/a&gt;)&lt;/p&gt;
&lt;ul&gt;
	&lt;li&gt;/hive/trunk/hcatalog/src/test/e2e/templeton/README.txt&lt;/li&gt;
	&lt;li&gt;/hive/trunk/hcatalog/src/test/e2e/templeton/build.xml&lt;/li&gt;
&lt;/ul&gt;
</comment>
                            <comment id="13794840" author="hudson" created="Tue, 15 Oct 2013 03:38:15 +0000"  >&lt;p&gt;FAILURE: Integrated in Hive-trunk-h0.21 #2401 (See &lt;a href=&quot;https://builds.apache.org/job/Hive-trunk-h0.21/2401/&quot; class=&quot;external-link&quot; rel=&quot;nofollow&quot;&gt;https://builds.apache.org/job/Hive-trunk-h0.21/2401/&lt;/a&gt;)&lt;br/&gt;
&lt;a href=&quot;https://issues.apache.org/jira/browse/HIVE-5507&quot; title=&quot;[WebHCat] test.other.user.name parameter is missing from build.xml in e2e harness&quot; class=&quot;issue-link&quot; data-issue-key=&quot;HIVE-5507&quot;&gt;&lt;del&gt;HIVE-5507&lt;/del&gt;&lt;/a&gt;: &lt;span class=&quot;error&quot;&gt;&amp;#91;WebHCat&amp;#93;&lt;/span&gt; test.other.user.name parameter is missing from build.xml in e2e harness (Daniel Dai via Thejas Nair) (thejas: &lt;a href=&quot;http://svn.apache.org/viewcvs.cgi/?root=Apache-SVN&amp;amp;view=rev&amp;amp;rev=1532025&quot; class=&quot;external-link&quot; rel=&quot;nofollow&quot;&gt;http://svn.apache.org/viewcvs.cgi/?root=Apache-SVN&amp;amp;view=rev&amp;amp;rev=1532025&lt;/a&gt;)&lt;/p&gt;
&lt;ul&gt;
	&lt;li&gt;/hive/trunk/hcatalog/src/test/e2e/templeton/README.txt&lt;/li&gt;
	&lt;li&gt;/hive/trunk/hcatalog/src/test/e2e/templeton/build.xml&lt;/li&gt;
&lt;/ul&gt;
</comment>
                    </comments>
                <issuelinks>
                            <issuelinktype id="12310000">
                    <name>Duplicate</name>
                                                                <inwardlinks description="is duplicated by">
                                        <issuelink>
            <issuekey id="12672500">HIVE-5458</issuekey>
        </issuelink>
                            </inwardlinks>
                                    </issuelinktype>
                    </issuelinks>
                <attachments>
                            <attachment id="12607660" name="HIVE-5507-1.patch" size="1441" author="daijy" created="Wed, 9 Oct 2013 21:35:31 +0000"/>
                    </attachments>
                <subtasks>
                    </subtasks>
                <customfields>
                                                <customfield id="customfield_12310310" key="com.atlassian.jira.toolkit:attachments">
                        <customfieldname>Attachment count</customfieldname>
                        <customfieldvalues>
                            <customfieldvalue>1.0</customfieldvalue>
                        </customfieldvalues>
                    </customfield>
                                                                                                                                                                                                                                                                                                                                                                                                                                                                                                                                <customfield id="customfield_12310220" key="com.atlassian.jira.ext.charting:firstresponsedate">
                        <customfieldname>Date of First Response</customfieldname>
                        <customfieldvalues>
                            <customfieldvalue>Fri, 11 Oct 2013 21:55:18 +0000</customfieldvalue>

                        </customfieldvalues>
                    </customfield>
                                                                                                                                                                                                                                                                                                                                                                                                                                            <customfield id="customfield_12310420" key="com.pyxis.greenhopper.jira:gh-global-rank">
                        <customfieldname>Global Rank</customfieldname>
                        <customfieldvalues>
                            <customfieldvalue>352743</customfieldvalue>
                        </customfieldvalues>
                    </customfield>
                                                                                                                                                    <customfield id="customfield_12312521" key="com.atlassian.jira.toolkit:LastCommentDate">
                        <customfieldname>Last public comment date</customfieldname>
                        <customfieldvalues>
                            3 years, 7 weeks, 4 days ago
                        </customfieldvalues>
                    </customfield>
                                                                                            <customfield id="customfield_12311820" key="com.pyxis.greenhopper.jira:gh-lexo-rank">
                        <customfieldname>Rank</customfieldname>
                        <customfieldvalues>
                            <customfieldvalue>0|i1otef:</customfieldvalue>

                        </customfieldvalues>
                    </customfield>
                                                                <customfield id="customfield_12310920" key="com.pyxis.greenhopper.jira:gh-global-rank">
                        <customfieldname>Rank (Obsolete)</customfieldname>
                        <customfieldvalues>
                            <customfieldvalue>353030</customfieldvalue>
                        </customfieldvalues>
                    </customfield>
                                                                                                                                                                                                                                                                                                                            <customfield id="customfield_12310222" key="com.atlassian.jira.ext.charting:timeinstatus">
                        <customfieldname>Time in Status</customfieldname>
                        <customfieldvalues>
                            
                        </customfieldvalues>
                    </customfield>
                                                                                                                        </customfields>
    </item>
</channel>
</rss>