<!-- 
RSS generated by JIRA (6.3.4#6332-sha1:51bc225ef474afe3128b2f66878477f322397b16) at Fri Dec 02 23:23:19 UTC 2016

It is possible to restrict the fields that are returned in this document by specifying the 'field' parameter in your request.
For example, to request only the issue key and summary add field=key&field=summary to the URL of your request.
For example:
https://issues.apache.org/jira/si/jira.issueviews:issue-xml/HIVE-317/HIVE-317.xml?field=key&amp;field=summary
-->
<rss version="0.92" >
<channel>
    <title>ASF JIRA</title>
    <link>https://issues.apache.org/jira</link>
    <description>This file is an XML representation of an issue</description>
    <language>en-uk</language>    <build-info>
        <version>6.3.4</version>
        <build-number>6332</build-number>
        <build-date>15-08-2014</build-date>
    </build-info>

<item>
            <title>[HIVE-317] HiveServer can not define its port  correctly</title>
                <link>https://issues.apache.org/jira/browse/HIVE-317</link>
                <project id="12310843" key="HIVE">Hive</project>
                    <description>&lt;p&gt;HiveServer.java accept one argument stands for the port of  this server,  but I found that can not accept this argument.&lt;br/&gt;
By digging into the source code, I found it may caused by these lines of main function.&lt;/p&gt;

&lt;p&gt;if (args.length &amp;gt; 1) &lt;/p&gt;
{
        port = Integer.getInteger(args[0]);
      }

&lt;p&gt;I think they should be: &lt;/p&gt;

&lt;p&gt;if (args.length &amp;gt;= 1) &lt;/p&gt;
{
        port = Integer.parseInt(args[0]);
      }

&lt;p&gt;The author may have some different intention,  I think.  &lt;/p&gt;</description>
                <environment></environment>
        <key id="12415971">HIVE-317</key>
            <summary>HiveServer can not define its port  correctly</summary>
                <type id="1" iconUrl="https://issues.apache.org/jira/images/icons/issuetypes/bug.png">Bug</type>
                                            <priority id="3" iconUrl="https://issues.apache.org/jira/images/icons/priorities/major.png">Major</priority>
                        <status id="6" iconUrl="https://issues.apache.org/jira/images/icons/statuses/closed.png" description="The issue is considered finished, the resolution is correct. Issues which are closed can be reopened.">Closed</status>
                    <statusCategory id="3" key="done" colorName="green"/>
                                    <resolution id="1">Fixed</resolution>
                                        <assignee username="coderplay">Min Zhou</assignee>
                                    <reporter username="coderplay">Min Zhou</reporter>
                        <labels>
                    </labels>
                <created>Tue, 3 Mar 2009 01:08:59 +0000</created>
                <updated>Sat, 17 Dec 2011 00:09:01 +0000</updated>
                            <resolved>Wed, 18 Mar 2009 17:58:32 +0000</resolved>
                                    <version>0.3.0</version>
                                    <fixVersion>0.3.0</fixVersion>
                                    <component>Server Infrastructure</component>
                        <due></due>
                            <votes>0</votes>
                                    <watches>0</watches>
                                                                <comments>
                            <comment id="12678358" author="zshao" created="Tue, 3 Mar 2009 16:12:29 +0000"  >&lt;p&gt;Looks good. Can you submit a patch?&lt;/p&gt;</comment>
                            <comment id="12678628" author="coderplay" created="Wed, 4 Mar 2009 07:56:58 +0000"  >&lt;p&gt;solution&lt;/p&gt;</comment>
                            <comment id="12681921" author="athusoo" created="Fri, 13 Mar 2009 22:27:27 +0000"  >&lt;p&gt;Added Min as a contributor and assigned the bug.&lt;/p&gt;</comment>
                            <comment id="12682769" author="athusoo" created="Tue, 17 Mar 2009 19:29:45 +0000"  >&lt;p&gt;+1&lt;/p&gt;

&lt;p&gt;Am running test on this. Will check in once the tests succeed.&lt;/p&gt;</comment>
                            <comment id="12683113" author="athusoo" created="Wed, 18 Mar 2009 17:58:32 +0000"  >&lt;p&gt;committed. Thanks Min!!&lt;/p&gt;</comment>
                    </comments>
                    <attachments>
                            <attachment id="12401378" name="hiveserver.patch" size="681" author="coderplay" created="Wed, 4 Mar 2009 07:56:58 +0000"/>
                    </attachments>
                <subtasks>
                    </subtasks>
                <customfields>
                                                <customfield id="customfield_12310310" key="com.atlassian.jira.toolkit:attachments">
                        <customfieldname>Attachment count</customfieldname>
                        <customfieldvalues>
                            <customfieldvalue>1.0</customfieldvalue>
                        </customfieldvalues>
                    </customfield>
                                                                                                                                                                                                                                                                                                                                                                                                                                                                                                                                <customfield id="customfield_12310220" key="com.atlassian.jira.ext.charting:firstresponsedate">
                        <customfieldname>Date of First Response</customfieldname>
                        <customfieldvalues>
                            <customfieldvalue>Tue, 3 Mar 2009 16:12:29 +0000</customfieldvalue>

                        </customfieldvalues>
                    </customfield>
                                                                                                                                                                                                                                                                                                                                                                                                                                            <customfield id="customfield_12310420" key="com.pyxis.greenhopper.jira:gh-global-rank">
                        <customfieldname>Global Rank</customfieldname>
                        <customfieldvalues>
                            <customfieldvalue>73621</customfieldvalue>
                        </customfieldvalues>
                    </customfield>
                                                                <customfield id="customfield_12310191" key="com.atlassian.jira.plugin.system.customfieldtypes:multicheckboxes">
                        <customfieldname>Hadoop Flags</customfieldname>
                        <customfieldvalues>
                                <customfieldvalue key="10343"><![CDATA[Reviewed]]></customfieldvalue>
    
                        </customfieldvalues>
                    </customfield>
                                                                                                                        <customfield id="customfield_12312521" key="com.atlassian.jira.toolkit:LastCommentDate">
                        <customfieldname>Last public comment date</customfieldname>
                        <customfieldvalues>
                            7 years, 38 weeks, 2 days ago
                        </customfieldvalues>
                    </customfield>
                                                                                            <customfield id="customfield_12311820" key="com.pyxis.greenhopper.jira:gh-lexo-rank">
                        <customfieldname>Rank</customfieldname>
                        <customfieldvalues>
                            <customfieldvalue>0|i0l94n:</customfieldvalue>

                        </customfieldvalues>
                    </customfield>
                                                                <customfield id="customfield_12310920" key="com.pyxis.greenhopper.jira:gh-global-rank">
                        <customfieldname>Rank (Obsolete)</customfieldname>
                        <customfieldvalues>
                            <customfieldvalue>122129</customfieldvalue>
                        </customfieldvalues>
                    </customfield>
                                                                                                                                                                                                                                                                                                                            <customfield id="customfield_12310222" key="com.atlassian.jira.ext.charting:timeinstatus">
                        <customfieldname>Time in Status</customfieldname>
                        <customfieldvalues>
                            
                        </customfieldvalues>
                    </customfield>
                                                                                                                        </customfields>
    </item>
</channel>
</rss>