<!-- 
RSS generated by JIRA (6.3.4#6332-sha1:51bc225ef474afe3128b2f66878477f322397b16) at Sat Dec 03 23:56:00 UTC 2016

It is possible to restrict the fields that are returned in this document by specifying the 'field' parameter in your request.
For example, to request only the issue key and summary add field=key&field=summary to the URL of your request.
For example:
https://issues.apache.org/jira/si/jira.issueviews:issue-xml/HIVE-4619/HIVE-4619.xml?field=key&amp;field=summary
-->
<rss version="0.92" >
<channel>
    <title>ASF JIRA</title>
    <link>https://issues.apache.org/jira</link>
    <description>This file is an XML representation of an issue</description>
    <language>en-uk</language>    <build-info>
        <version>6.3.4</version>
        <build-number>6332</build-number>
        <build-date>15-08-2014</build-date>
    </build-info>

<item>
            <title>[HIVE-4619] Hive 0.11.0 is not working with pre-cdh3u6 and hadoop-0.23</title>
                <link>https://issues.apache.org/jira/browse/HIVE-4619</link>
                <project id="12310843" key="HIVE">Hive</project>
                    <description>&lt;p&gt;path uris in input split are missing scheme (it&apos;s fixed on cdh3u6 and hadoop 1.0)&lt;/p&gt;

&lt;div class=&quot;preformatted panel&quot; style=&quot;border-width: 1px;&quot;&gt;&lt;div class=&quot;preformattedContent panelContent&quot;&gt;
&lt;pre&gt;2013-05-28 14:34:28,857 INFO org.apache.hadoop.hive.ql.exec.MapOperator: Adding alias data_type to work list for file hdfs://qa14:9000/user/hive/warehouse/data_type
2013-05-28 14:34:28,858 ERROR org.apache.hadoop.hive.ql.exec.MapOperator: Configuration does not have any alias for path: /user/hive/warehouse/data_type/000000_0
2013-05-28 14:34:28,875 INFO org.apache.hadoop.mapred.TaskLogsTruncater: Initializing logs&apos; truncater with mapRetainSize=-1 and reduceRetainSize=-1
2013-05-28 14:34:28,877 WARN org.apache.hadoop.mapred.Child: Error running child
java.lang.RuntimeException: Error in configuring object
        at org.apache.hadoop.util.ReflectionUtils.setJobConf(ReflectionUtils.java:93)
        at org.apache.hadoop.util.ReflectionUtils.setConf(ReflectionUtils.java:64)
        at org.apache.hadoop.util.ReflectionUtils.newInstance(ReflectionUtils.java:117)
        at org.apache.hadoop.mapred.MapTask.runOldMapper(MapTask.java:387)
        at org.apache.hadoop.mapred.MapTask.run(MapTask.java:325)
        at org.apache.hadoop.mapred.Child$4.run(Child.java:266)
        at java.security.AccessController.doPrivileged(Native Method)
        at javax.security.auth.Subject.doAs(Subject.java:396)
        at org.apache.hadoop.security.UserGroupInformation.doAs(UserGroupInformation.java:1278)
        at org.apache.hadoop.mapred.Child.main(Child.java:260)
Caused by: java.lang.reflect.InvocationTargetException
        at sun.reflect.NativeMethodAccessorImpl.invoke0(Native Method)
        at sun.reflect.NativeMethodAccessorImpl.invoke(NativeMethodAccessorImpl.java:39)
        at sun.reflect.DelegatingMethodAccessorImpl.invoke(DelegatingMethodAccessorImpl.java:25)
        at java.lang.reflect.Method.invoke(Method.java:597)
        at org.apache.hadoop.util.ReflectionUtils.setJobConf(ReflectionUtils.java:88)
        ... 9 more
Caused by: java.lang.RuntimeException: Error in configuring object
        at org.apache.hadoop.util.ReflectionUtils.setJobConf(ReflectionUtils.java:93)
        at org.apache.hadoop.util.ReflectionUtils.setConf(ReflectionUtils.java:64)
        at org.apache.hadoop.util.ReflectionUtils.newInstance(ReflectionUtils.java:117)
        at org.apache.hadoop.mapred.MapRunner.configure(MapRunner.java:34)
        ... 14 more
Caused by: java.lang.reflect.InvocationTargetException
        at sun.reflect.NativeMethodAccessorImpl.invoke0(Native Method)
        at sun.reflect.NativeMethodAccessorImpl.invoke(NativeMethodAccessorImpl.java:39)
        at sun.reflect.DelegatingMethodAccessorImpl.invoke(DelegatingMethodAccessorImpl.java:25)
        at java.lang.reflect.Method.invoke(Method.java:597)
        at org.apache.hadoop.util.ReflectionUtils.setJobConf(ReflectionUtils.java:88)
        ... 17 more
Caused by: java.lang.RuntimeException: Map operator initialization failed
        at org.apache.hadoop.hive.ql.exec.ExecMapper.configure(ExecMapper.java:121)
        ... 22 more
Caused by: org.apache.hadoop.hive.ql.metadata.HiveException: org.apache.hadoop.hive.ql.metadata.HiveException: Configuration and input path are inconsistent
        at org.apache.hadoop.hive.ql.exec.MapOperator.setChildren(MapOperator.java:522)
        at org.apache.hadoop.hive.ql.exec.ExecMapper.configure(ExecMapper.java:90)
        ... 22 more
Caused by: org.apache.hadoop.hive.ql.metadata.HiveException: Configuration and input path are inconsistent
        at org.apache.hadoop.hive.ql.exec.MapOperator.setChildren(MapOperator.java:516)
        ... 23 more
2013-05-28 14:34:28,881 INFO org.apache.hadoop.mapred.Task: Runnning cleanup for the task
&lt;/pre&gt;
&lt;/div&gt;&lt;/div&gt;</description>
                <environment></environment>
        <key id="12649639">HIVE-4619</key>
            <summary>Hive 0.11.0 is not working with pre-cdh3u6 and hadoop-0.23</summary>
                <type id="1" iconUrl="https://issues.apache.org/jira/images/icons/issuetypes/bug.png">Bug</type>
                                            <priority id="4" iconUrl="https://issues.apache.org/jira/images/icons/priorities/minor.png">Minor</priority>
                        <status id="6" iconUrl="https://issues.apache.org/jira/images/icons/statuses/closed.png" description="The issue is considered finished, the resolution is correct. Issues which are closed can be reopened.">Closed</status>
                    <statusCategory id="3" key="done" colorName="green"/>
                                    <resolution id="1">Fixed</resolution>
                                        <assignee username="navis">Navis</assignee>
                                    <reporter username="navis">Navis</reporter>
                        <labels>
                    </labels>
                <created>Tue, 28 May 2013 07:54:01 +0000</created>
                <updated>Tue, 15 Oct 2013 23:30:49 +0000</updated>
                            <resolved>Tue, 10 Sep 2013 19:23:27 +0000</resolved>
                                    <version>0.11.0</version>
                                    <fixVersion>0.12.0</fixVersion>
                    <fixVersion>0.13.0</fixVersion>
                                    <component>Query Processor</component>
                        <due></due>
                            <votes>2</votes>
                                    <watches>10</watches>
                                                                <comments>
                            <comment id="13668165" author="phabricator@reviews.facebook.net" created="Tue, 28 May 2013 08:00:29 +0000"  >&lt;p&gt;navis requested code review of &quot;&lt;a href=&quot;https://issues.apache.org/jira/browse/HIVE-4619&quot; title=&quot;Hive 0.11.0 is not working with pre-cdh3u6 and hadoop-0.23&quot; class=&quot;issue-link&quot; data-issue-key=&quot;HIVE-4619&quot;&gt;&lt;del&gt;HIVE-4619&lt;/del&gt;&lt;/a&gt; &lt;span class=&quot;error&quot;&gt;&amp;#91;jira&amp;#93;&lt;/span&gt; Hive 0.11.0 is not working with cdh3u5&quot;.&lt;/p&gt;

&lt;p&gt;Reviewers: JIRA&lt;/p&gt;

&lt;p&gt;&lt;a href=&quot;https://issues.apache.org/jira/browse/HIVE-4619&quot; title=&quot;Hive 0.11.0 is not working with pre-cdh3u6 and hadoop-0.23&quot; class=&quot;issue-link&quot; data-issue-key=&quot;HIVE-4619&quot;&gt;&lt;del&gt;HIVE-4619&lt;/del&gt;&lt;/a&gt; Hive 0.11.0 is not working with cdh3u5&lt;/p&gt;

&lt;p&gt;path uris in input split are missing scheme (it&apos;s fixed in cdh3u6)&lt;/p&gt;

&lt;p&gt;2013-05-28 14:34:28,857 INFO org.apache.hadoop.hive.ql.exec.MapOperator: Adding alias data_type to work list for file hdfs://qa14:9000/user/hive/warehouse/data_type&lt;br/&gt;
2013-05-28 14:34:28,858 ERROR org.apache.hadoop.hive.ql.exec.MapOperator: Configuration does not have any alias for path: /user/hive/warehouse/data_type/000000_0&lt;br/&gt;
2013-05-28 14:34:28,875 INFO org.apache.hadoop.mapred.TaskLogsTruncater: Initializing logs&apos; truncater with mapRetainSize=-1 and reduceRetainSize=-1&lt;br/&gt;
2013-05-28 14:34:28,877 WARN org.apache.hadoop.mapred.Child: Error running child&lt;br/&gt;
java.lang.RuntimeException: Error in configuring object&lt;br/&gt;
        at org.apache.hadoop.util.ReflectionUtils.setJobConf(ReflectionUtils.java:93)&lt;br/&gt;
        at org.apache.hadoop.util.ReflectionUtils.setConf(ReflectionUtils.java:64)&lt;br/&gt;
        at org.apache.hadoop.util.ReflectionUtils.newInstance(ReflectionUtils.java:117)&lt;br/&gt;
        at org.apache.hadoop.mapred.MapTask.runOldMapper(MapTask.java:387)&lt;br/&gt;
        at org.apache.hadoop.mapred.MapTask.run(MapTask.java:325)&lt;br/&gt;
        at org.apache.hadoop.mapred.Child$4.run(Child.java:266)&lt;br/&gt;
        at java.security.AccessController.doPrivileged(Native Method)&lt;br/&gt;
        at javax.security.auth.Subject.doAs(Subject.java:396)&lt;br/&gt;
        at org.apache.hadoop.security.UserGroupInformation.doAs(UserGroupInformation.java:1278)&lt;br/&gt;
        at org.apache.hadoop.mapred.Child.main(Child.java:260)&lt;br/&gt;
Caused by: java.lang.reflect.InvocationTargetException&lt;br/&gt;
        at sun.reflect.NativeMethodAccessorImpl.invoke0(Native Method)&lt;br/&gt;
        at sun.reflect.NativeMethodAccessorImpl.invoke(NativeMethodAccessorImpl.java:39)&lt;br/&gt;
        at sun.reflect.DelegatingMethodAccessorImpl.invoke(DelegatingMethodAccessorImpl.java:25)&lt;br/&gt;
        at java.lang.reflect.Method.invoke(Method.java:597)&lt;br/&gt;
        at org.apache.hadoop.util.ReflectionUtils.setJobConf(ReflectionUtils.java:88)&lt;br/&gt;
        ... 9 more&lt;br/&gt;
Caused by: java.lang.RuntimeException: Error in configuring object&lt;br/&gt;
        at org.apache.hadoop.util.ReflectionUtils.setJobConf(ReflectionUtils.java:93)&lt;br/&gt;
        at org.apache.hadoop.util.ReflectionUtils.setConf(ReflectionUtils.java:64)&lt;br/&gt;
        at org.apache.hadoop.util.ReflectionUtils.newInstance(ReflectionUtils.java:117)&lt;br/&gt;
        at org.apache.hadoop.mapred.MapRunner.configure(MapRunner.java:34)&lt;br/&gt;
        ... 14 more&lt;br/&gt;
Caused by: java.lang.reflect.InvocationTargetException&lt;br/&gt;
        at sun.reflect.NativeMethodAccessorImpl.invoke0(Native Method)&lt;br/&gt;
        at sun.reflect.NativeMethodAccessorImpl.invoke(NativeMethodAccessorImpl.java:39)&lt;br/&gt;
        at sun.reflect.DelegatingMethodAccessorImpl.invoke(DelegatingMethodAccessorImpl.java:25)&lt;br/&gt;
        at java.lang.reflect.Method.invoke(Method.java:597)&lt;br/&gt;
        at org.apache.hadoop.util.ReflectionUtils.setJobConf(ReflectionUtils.java:88)&lt;br/&gt;
        ... 17 more&lt;br/&gt;
Caused by: java.lang.RuntimeException: Map operator initialization failed&lt;br/&gt;
        at org.apache.hadoop.hive.ql.exec.ExecMapper.configure(ExecMapper.java:121)&lt;br/&gt;
        ... 22 more&lt;br/&gt;
Caused by: org.apache.hadoop.hive.ql.metadata.HiveException: org.apache.hadoop.hive.ql.metadata.HiveException: Configuration and input path are inconsistent&lt;br/&gt;
        at org.apache.hadoop.hive.ql.exec.MapOperator.setChildren(MapOperator.java:522)&lt;br/&gt;
        at org.apache.hadoop.hive.ql.exec.ExecMapper.configure(ExecMapper.java:90)&lt;br/&gt;
        ... 22 more&lt;br/&gt;
Caused by: org.apache.hadoop.hive.ql.metadata.HiveException: Configuration and input path are inconsistent&lt;br/&gt;
        at org.apache.hadoop.hive.ql.exec.MapOperator.setChildren(MapOperator.java:516)&lt;br/&gt;
        ... 23 more&lt;br/&gt;
2013-05-28 14:34:28,881 INFO org.apache.hadoop.mapred.Task: Runnning cleanup for the task&lt;/p&gt;

&lt;p&gt;TEST PLAN&lt;br/&gt;
  EMPTY&lt;/p&gt;

&lt;p&gt;REVISION DETAIL&lt;br/&gt;
  &lt;a href=&quot;https://reviews.facebook.net/D10971&quot; class=&quot;external-link&quot; rel=&quot;nofollow&quot;&gt;https://reviews.facebook.net/D10971&lt;/a&gt;&lt;/p&gt;

&lt;p&gt;AFFECTED FILES&lt;br/&gt;
  ql/src/java/org/apache/hadoop/hive/ql/exec/MapOperator.java&lt;/p&gt;

&lt;p&gt;MANAGE HERALD RULES&lt;br/&gt;
  &lt;a href=&quot;https://reviews.facebook.net/herald/view/differential/&quot; class=&quot;external-link&quot; rel=&quot;nofollow&quot;&gt;https://reviews.facebook.net/herald/view/differential/&lt;/a&gt;&lt;/p&gt;

&lt;p&gt;WHY DID I GET THIS EMAIL?&lt;br/&gt;
  &lt;a href=&quot;https://reviews.facebook.net/herald/transcript/26217/&quot; class=&quot;external-link&quot; rel=&quot;nofollow&quot;&gt;https://reviews.facebook.net/herald/transcript/26217/&lt;/a&gt;&lt;/p&gt;

&lt;p&gt;To: JIRA, navis&lt;/p&gt;</comment>
                            <comment id="13761826" author="lars_francke" created="Mon, 9 Sep 2013 13:19:59 +0000"  >&lt;p&gt;Could we get this in for the 0.12 release?&lt;/p&gt;

&lt;p&gt;I&apos;ve been using this patch in production for weeks and it works at least for me.&lt;/p&gt;</comment>
                            <comment id="13761858" author="hiveqa" created="Mon, 9 Sep 2013 13:56:12 +0000"  >

&lt;p&gt;&lt;font color=&quot;red&quot;&gt;Overall&lt;/font&gt;: -1 no tests executed&lt;/p&gt;

&lt;p&gt;Here are the results of testing the latest attachment:&lt;br/&gt;
&lt;a href=&quot;https://issues.apache.org/jira/secure/attachment/12585003/HIVE-4619.D10971.1.patch&quot; class=&quot;external-link&quot; rel=&quot;nofollow&quot;&gt;https://issues.apache.org/jira/secure/attachment/12585003/HIVE-4619.D10971.1.patch&lt;/a&gt;&lt;/p&gt;

&lt;p&gt;Test results: &lt;a href=&quot;https://builds.apache.org/job/PreCommit-HIVE-Build/670/testReport&quot; class=&quot;external-link&quot; rel=&quot;nofollow&quot;&gt;https://builds.apache.org/job/PreCommit-HIVE-Build/670/testReport&lt;/a&gt;&lt;br/&gt;
Console output: &lt;a href=&quot;https://builds.apache.org/job/PreCommit-HIVE-Build/670/console&quot; class=&quot;external-link&quot; rel=&quot;nofollow&quot;&gt;https://builds.apache.org/job/PreCommit-HIVE-Build/670/console&lt;/a&gt;&lt;/p&gt;

&lt;p&gt;Messages:&lt;/p&gt;
&lt;div class=&quot;preformatted panel&quot; style=&quot;border-width: 1px;&quot;&gt;&lt;div class=&quot;preformattedContent panelContent&quot;&gt;
&lt;pre&gt;Executing org.apache.hive.ptest.execution.PrepPhase
Tests failed with: NonZeroExitCodeException: Command &apos;bash /data/hive-ptest/working/scratch/source-prep.sh&apos; failed with exit status 1 and output &apos;+ [[ -n &apos;&apos; ]]
+ export &apos;ANT_OPTS=-Xmx1g -XX:MaxPermSize=256m -Dhttp.proxyHost=localhost -Dhttp.proxyPort=3128&apos;
+ ANT_OPTS=&apos;-Xmx1g -XX:MaxPermSize=256m -Dhttp.proxyHost=localhost -Dhttp.proxyPort=3128&apos;
+ cd /data/hive-ptest/working/
+ tee /data/hive-ptest/logs/PreCommit-HIVE-Build-670/source-prep.txt
+ mkdir -p maven ivy
+ [[ svn = \s\v\n ]]
+ [[ -n &apos;&apos; ]]
+ [[ -d apache-svn-trunk-source ]]
+ [[ ! -d apache-svn-trunk-source/.svn ]]
+ [[ ! -d apache-svn-trunk-source ]]
+ cd apache-svn-trunk-source
+ svn revert -R .
++ awk &apos;{print $2}&apos;
++ egrep -v &apos;^X|^Performing status on external&apos;
++ svn status --no-ignore
+ rm -rf build hcatalog/build hcatalog/core/build hcatalog/storage-handlers/hbase/build hcatalog/server-extensions/build hcatalog/webhcat/svr/build hcatalog/webhcat/java-client/build hcatalog/hcatalog-pig-adapter/build common/src/gen
+ svn update
U    hcatalog/pom.xml
U    common/src/java/org/apache/hadoop/hive/conf/HiveConf.java
U    ivy/ivysettings.xml
U    ivy/libraries.properties
U    ql/ivy.xml
U    ql/src/test/org/apache/hadoop/hive/ql/QTestUtil.java
U    ql/src/test/org/apache/hadoop/hive/ql/exec/TestPlan.java
U    ql/src/test/results/compiler/plan/input1.q.xml
U    ql/src/test/results/compiler/plan/input2.q.xml
U    ql/src/test/results/compiler/plan/input3.q.xml
U    ql/src/test/results/compiler/plan/input4.q.xml
U    ql/src/test/results/compiler/plan/input5.q.xml
U    ql/src/test/results/compiler/plan/input_testxpath2.q.xml
U    ql/src/test/results/compiler/plan/input6.q.xml
U    ql/src/test/results/compiler/plan/input7.q.xml
U    ql/src/test/results/compiler/plan/input_testsequencefile.q.xml
U    ql/src/test/results/compiler/plan/input8.q.xml
U    ql/src/test/results/compiler/plan/input9.q.xml
U    ql/src/test/results/compiler/plan/udf1.q.xml
U    ql/src/test/results/compiler/plan/input20.q.xml
U    ql/src/test/results/compiler/plan/udf4.q.xml
U    ql/src/test/results/compiler/plan/sample1.q.xml
U    ql/src/test/results/compiler/plan/sample2.q.xml
U    ql/src/test/results/compiler/plan/udf6.q.xml
U    ql/src/test/results/compiler/plan/sample3.q.xml
U    ql/src/test/results/compiler/plan/sample4.q.xml
U    ql/src/test/results/compiler/plan/sample5.q.xml
U    ql/src/test/results/compiler/plan/sample6.q.xml
U    ql/src/test/results/compiler/plan/sample7.q.xml
U    ql/src/test/results/compiler/plan/groupby1.q.xml
U    ql/src/test/results/compiler/plan/udf_case.q.xml
U    ql/src/test/results/compiler/plan/groupby2.q.xml
U    ql/src/test/results/compiler/plan/subq.q.xml
U    ql/src/test/results/compiler/plan/groupby3.q.xml
U    ql/src/test/results/compiler/plan/groupby4.q.xml
U    ql/src/test/results/compiler/plan/cast1.q.xml
U    ql/src/test/results/compiler/plan/groupby5.q.xml
U    ql/src/test/results/compiler/plan/groupby6.q.xml
U    ql/src/test/results/compiler/plan/join1.q.xml
U    ql/src/test/results/compiler/plan/join2.q.xml
U    ql/src/test/results/compiler/plan/join3.q.xml
U    ql/src/test/results/compiler/plan/join4.q.xml
U    ql/src/test/results/compiler/plan/join5.q.xml
U    ql/src/test/results/compiler/plan/join6.q.xml
U    ql/src/test/results/compiler/plan/case_sensitivity.q.xml
U    ql/src/test/results/compiler/plan/join7.q.xml
U    ql/src/test/results/compiler/plan/join8.q.xml
U    ql/src/test/results/compiler/plan/union.q.xml
U    ql/src/test/results/compiler/plan/udf_when.q.xml
U    ql/src/test/results/compiler/plan/input_testxpath.q.xml
U    ql/src/test/results/compiler/plan/input_part1.q.xml
U    ql/src/java/org/apache/hadoop/hive/ql/exec/ColumnInfo.java
U    ql/src/java/org/apache/hadoop/hive/ql/exec/Utilities.java
U    ql/src/java/org/apache/hadoop/hive/ql/exec/FunctionRegistry.java
U    ql/src/java/org/apache/hadoop/hive/ql/exec/mr/MapredLocalTask.java
U    ql/src/java/org/apache/hadoop/hive/ql/exec/mr/HadoopJobExecHelper.java
U    ql/src/java/org/apache/hadoop/hive/ql/exec/mr/MapRedTask.java
U    ql/src/java/org/apache/hadoop/hive/ql/exec/mr/ExecDriver.java
U    ql/src/java/org/apache/hadoop/hive/ql/exec/ExprNodeColumnEvaluator.java
U    ql/src/java/org/apache/hadoop/hive/ql/exec/Operator.java
U    ql/src/java/org/apache/hadoop/hive/ql/exec/HashTableDummyOperator.java
U    ql/src/java/org/apache/hadoop/hive/ql/exec/RowSchema.java
U    ql/src/java/org/apache/hadoop/hive/ql/Driver.java
U    ql/src/java/org/apache/hadoop/hive/ql/udf/generic/GenericUDTFParseUrlTuple.java
U    ql/src/java/org/apache/hadoop/hive/ql/udf/generic/GenericUDFIndex.java
U    ql/src/java/org/apache/hadoop/hive/ql/udf/generic/GenericUDTFJSONTuple.java
U    ql/src/java/org/apache/hadoop/hive/ql/udf/generic/GenericUDFToUnixTimeStamp.java
U    ql/src/java/org/apache/hadoop/hive/ql/udf/generic/GenericUDFStruct.java
U    ql/src/java/org/apache/hadoop/hive/ql/udf/generic/GenericUDFNamedStruct.java
U    ql/src/java/org/apache/hadoop/hive/ql/udf/generic/GenericUDTFStack.java
U    ql/src/java/org/apache/hadoop/hive/ql/udf/generic/GenericUDFBridge.java
U    ql/src/java/org/apache/hadoop/hive/ql/udf/generic/GenericUDFFormatNumber.java
U    ql/src/java/org/apache/hadoop/hive/ql/udf/generic/GenericUDTFExplode.java
U    ql/src/java/org/apache/hadoop/hive/ql/udf/generic/GenericUDFArray.java
U    ql/src/java/org/apache/hadoop/hive/ql/udf/generic/GenericUDAFnGrams.java
U    ql/src/java/org/apache/hadoop/hive/ql/optimizer/physical/CommonJoinTaskDispatcher.java
U    ql/src/java/org/apache/hadoop/hive/ql/optimizer/physical/SortMergeJoinTaskDispatcher.java
U    ql/src/java/org/apache/hadoop/hive/ql/optimizer/physical/GenMRSkewJoinProcessor.java
U    ql/src/java/org/apache/hadoop/hive/ql/optimizer/physical/LocalMapJoinProcFactory.java
U    ql/src/java/org/apache/hadoop/hive/ql/optimizer/physical/BucketingSortingCtx.java
U    ql/src/java/org/apache/hadoop/hive/ql/plan/MapWork.java
U    ql/src/java/org/apache/hadoop/hive/ql/plan/PartitionDesc.java
U    ql/src/java/org/apache/hadoop/hive/ql/plan/ExprNodeGenericFuncDesc.java
U    ql/src/java/org/apache/hadoop/hive/ql/plan/MapredWork.java
U    ql/src/java/org/apache/hadoop/hive/ql/plan/PTFDesc.java
U    ql/src/java/org/apache/hadoop/hive/ql/parse/QBJoinTree.java
U    ql/build.xml
U    conf/hive-default.xml.template
U    contrib/src/java/org/apache/hadoop/hive/contrib/udtf/example/GenericUDTFCount2.java
U    contrib/src/java/org/apache/hadoop/hive/contrib/udtf/example/GenericUDTFExplode2.java

Fetching external item into &apos;hcatalog/src/test/e2e/harness&apos;
Updated external to revision 1521111.

Updated to revision 1521111.
+ patchCommandPath=/data/hive-ptest/working/scratch/smart-apply-patch.sh
+ patchFilePath=/data/hive-ptest/working/scratch/build.patch
+ [[ -f /data/hive-ptest/working/scratch/build.patch ]]
+ chmod +x /data/hive-ptest/working/scratch/smart-apply-patch.sh
+ /data/hive-ptest/working/scratch/smart-apply-patch.sh /data/hive-ptest/working/scratch/build.patch
The patch does not appear to apply with p0 to p2
+ exit 1
&apos;
&lt;/pre&gt;
&lt;/div&gt;&lt;/div&gt;

&lt;p&gt;This message is automatically generated.&lt;/p&gt;</comment>
                            <comment id="13761883" author="brocknoland" created="Mon, 9 Sep 2013 14:31:53 +0000"  >&lt;p&gt;I&apos;d be fine committing this if you submit a patch that applies.&lt;/p&gt;</comment>
                            <comment id="13762019" author="lars_francke" created="Mon, 9 Sep 2013 16:46:05 +0000"  >&lt;p&gt;This patch applies cleanly for me on current trunk.&lt;/p&gt;</comment>
                            <comment id="13762129" author="mikelikespie" created="Mon, 9 Sep 2013 18:28:08 +0000"  >&lt;p&gt;I just verified this patch fixes the issue with cdh4.3&lt;/p&gt;</comment>
                            <comment id="13762167" author="hiveqa" created="Mon, 9 Sep 2013 19:07:05 +0000"  >

&lt;p&gt;&lt;font color=&quot;red&quot;&gt;Overall&lt;/font&gt;: -1 at least one tests failed&lt;/p&gt;

&lt;p&gt;Here are the results of testing the latest attachment:&lt;br/&gt;
&lt;a href=&quot;https://issues.apache.org/jira/secure/attachment/12602163/HIVE-4619.2.patch&quot; class=&quot;external-link&quot; rel=&quot;nofollow&quot;&gt;https://issues.apache.org/jira/secure/attachment/12602163/HIVE-4619.2.patch&lt;/a&gt;&lt;/p&gt;

&lt;p&gt;&lt;font color=&quot;red&quot;&gt;ERROR:&lt;/font&gt; -1 due to 21 failed/errored test(s), 3088 tests executed&lt;br/&gt;
&lt;b&gt;Failed tests:&lt;/b&gt;&lt;/p&gt;
&lt;div class=&quot;preformatted panel&quot; style=&quot;border-width: 1px;&quot;&gt;&lt;div class=&quot;preformattedContent panelContent&quot;&gt;
&lt;pre&gt;org.apache.hcatalog.hbase.snapshot.lock.TestWriteLock.testRun
org.apache.hive.hcatalog.api.TestHCatClient.testPartitionSchema
org.apache.hive.hcatalog.fileformats.TestOrcDynamicPartitioned.testHCatDynamicPartitionedTableMultipleTask
org.apache.hadoop.hive.cli.TestCliDriver.testCliDriver_partition_wise_fileformat17
org.apache.hive.hcatalog.api.TestHCatClient.testObjectNotFoundException
org.apache.hive.hcatalog.api.TestHCatClient.testTransportFailure
org.apache.hive.hcatalog.api.TestHCatClient.testDropTableException
org.apache.hive.hcatalog.api.TestHCatClient.testDropPartitionsWithPartialSpec
org.apache.hive.hcatalog.api.TestHCatClient.testCreateTableLike
org.apache.hive.hcatalog.api.TestHCatClient.testRenameTable
org.apache.hive.hcatalog.api.TestHCatClient.testOtherFailure
org.apache.hive.hcatalog.api.TestHCatClient.testBasicDDLCommands
org.apache.hive.hcatalog.pig.TestOrcHCatStorer.testStoreBasicTable
org.apache.hcatalog.api.TestHCatClient.testBasicDDLCommands
org.apache.hive.hcatalog.api.TestHCatClient.testGetPartitionsWithPartialSpec
org.apache.hive.hcatalog.api.TestHCatClient.testUpdateTableSchema
org.apache.hive.hcatalog.api.TestHCatClient.testDatabaseLocation
org.apache.hive.hcatalog.pig.TestHCatStorerMulti.testStorePartitionedTable
org.apache.hive.hcatalog.api.TestHCatClient.testPartitionsHCatClientImpl
org.apache.hcatalog.pig.TestHCatLoaderComplexSchema.testSyntheticComplexSchema
org.apache.hive.hcatalog.api.TestHCatClient.testGetMessageBusTopicName
&lt;/pre&gt;
&lt;/div&gt;&lt;/div&gt;

&lt;p&gt;Test results: &lt;a href=&quot;https://builds.apache.org/job/PreCommit-HIVE-Build/673/testReport&quot; class=&quot;external-link&quot; rel=&quot;nofollow&quot;&gt;https://builds.apache.org/job/PreCommit-HIVE-Build/673/testReport&lt;/a&gt;&lt;br/&gt;
Console output: &lt;a href=&quot;https://builds.apache.org/job/PreCommit-HIVE-Build/673/console&quot; class=&quot;external-link&quot; rel=&quot;nofollow&quot;&gt;https://builds.apache.org/job/PreCommit-HIVE-Build/673/console&lt;/a&gt;&lt;/p&gt;

&lt;p&gt;Messages:&lt;/p&gt;
&lt;div class=&quot;preformatted panel&quot; style=&quot;border-width: 1px;&quot;&gt;&lt;div class=&quot;preformattedContent panelContent&quot;&gt;
&lt;pre&gt;Executing org.apache.hive.ptest.execution.PrepPhase
Executing org.apache.hive.ptest.execution.ExecutionPhase
Executing org.apache.hive.ptest.execution.ReportingPhase
Tests failed with: TestsFailedException: 21 tests failed
&lt;/pre&gt;
&lt;/div&gt;&lt;/div&gt;

&lt;p&gt;This message is automatically generated.&lt;/p&gt;</comment>
                            <comment id="13762170" author="brocknoland" created="Mon, 9 Sep 2013 19:09:48 +0000"  >&lt;p&gt;Man those hcatalog tests are flaky. Let&apos;s run this one more time.&lt;/p&gt;</comment>
                            <comment id="13762448" author="hiveqa" created="Mon, 9 Sep 2013 23:23:43 +0000"  >

&lt;p&gt;&lt;font color=&quot;red&quot;&gt;Overall&lt;/font&gt;: -1 at least one tests failed&lt;/p&gt;

&lt;p&gt;Here are the results of testing the latest attachment:&lt;br/&gt;
&lt;a href=&quot;https://issues.apache.org/jira/secure/attachment/12602163/HIVE-4619.2.patch&quot; class=&quot;external-link&quot; rel=&quot;nofollow&quot;&gt;https://issues.apache.org/jira/secure/attachment/12602163/HIVE-4619.2.patch&lt;/a&gt;&lt;/p&gt;

&lt;p&gt;&lt;font color=&quot;red&quot;&gt;ERROR:&lt;/font&gt; -1 due to 3 failed/errored test(s), 3088 tests executed&lt;br/&gt;
&lt;b&gt;Failed tests:&lt;/b&gt;&lt;/p&gt;
&lt;div class=&quot;preformatted panel&quot; style=&quot;border-width: 1px;&quot;&gt;&lt;div class=&quot;preformattedContent panelContent&quot;&gt;
&lt;pre&gt;org.apache.hadoop.hive.cli.TestCliDriver.testCliDriver_partition_wise_fileformat17
org.apache.hive.hcatalog.mapreduce.TestHCatExternalPartitioned.testHCatPartitionedTable
org.apache.hcatalog.cli.TestPermsGrp.testCustomPerms
&lt;/pre&gt;
&lt;/div&gt;&lt;/div&gt;

&lt;p&gt;Test results: &lt;a href=&quot;https://builds.apache.org/job/PreCommit-HIVE-Build/676/testReport&quot; class=&quot;external-link&quot; rel=&quot;nofollow&quot;&gt;https://builds.apache.org/job/PreCommit-HIVE-Build/676/testReport&lt;/a&gt;&lt;br/&gt;
Console output: &lt;a href=&quot;https://builds.apache.org/job/PreCommit-HIVE-Build/676/console&quot; class=&quot;external-link&quot; rel=&quot;nofollow&quot;&gt;https://builds.apache.org/job/PreCommit-HIVE-Build/676/console&lt;/a&gt;&lt;/p&gt;

&lt;p&gt;Messages:&lt;/p&gt;
&lt;div class=&quot;preformatted panel&quot; style=&quot;border-width: 1px;&quot;&gt;&lt;div class=&quot;preformattedContent panelContent&quot;&gt;
&lt;pre&gt;Executing org.apache.hive.ptest.execution.PrepPhase
Executing org.apache.hive.ptest.execution.ExecutionPhase
Executing org.apache.hive.ptest.execution.ReportingPhase
Tests failed with: TestsFailedException: 3 tests failed
&lt;/pre&gt;
&lt;/div&gt;&lt;/div&gt;

&lt;p&gt;This message is automatically generated.&lt;/p&gt;</comment>
                            <comment id="13762615" author="navis" created="Tue, 10 Sep 2013 01:50:28 +0000"  >&lt;p&gt;Test for &quot;partition_wise_fileformat17&quot; seemed not flaky. I&apos;ll check that.&lt;/p&gt;</comment>
                            <comment id="13762637" author="navis" created="Tue, 10 Sep 2013 02:15:42 +0000"  >&lt;p&gt;partition_wise_fileformat17 was for &lt;a href=&quot;https://issues.apache.org/jira/browse/HIVE-5249&quot; title=&quot;Missing test file for HIVE-5199 &quot; class=&quot;issue-link&quot; data-issue-key=&quot;HIVE-5249&quot;&gt;&lt;del&gt;HIVE-5249&lt;/del&gt;&lt;/a&gt; and others passed in local.&lt;/p&gt;</comment>
                            <comment id="13763147" author="brocknoland" created="Tue, 10 Sep 2013 16:01:13 +0000"  >&lt;p&gt;+1&lt;/p&gt;</comment>
                            <comment id="13763375" author="brocknoland" created="Tue, 10 Sep 2013 19:23:27 +0000"  >&lt;p&gt;I committed this to 0.12 and 0.13! Thank you for your contribution!&lt;/p&gt;</comment>
                            <comment id="13763875" author="hudson" created="Wed, 11 Sep 2013 02:29:13 +0000"  >&lt;p&gt;FAILURE: Integrated in Hive-trunk-hadoop2-ptest #93 (See &lt;a href=&quot;https://builds.apache.org/job/Hive-trunk-hadoop2-ptest/93/&quot; class=&quot;external-link&quot; rel=&quot;nofollow&quot;&gt;https://builds.apache.org/job/Hive-trunk-hadoop2-ptest/93/&lt;/a&gt;)&lt;br/&gt;
&lt;a href=&quot;https://issues.apache.org/jira/browse/HIVE-4619&quot; title=&quot;Hive 0.11.0 is not working with pre-cdh3u6 and hadoop-0.23&quot; class=&quot;issue-link&quot; data-issue-key=&quot;HIVE-4619&quot;&gt;&lt;del&gt;HIVE-4619&lt;/del&gt;&lt;/a&gt; - Hive 0.11.0 is not working with pre-cdh3u6 and hadoop-0.23 (Navis via Brock Noland) (brock: &lt;a href=&quot;http://svn.apache.org/viewcvs.cgi/?root=Apache-SVN&amp;amp;view=rev&amp;amp;rev=1521593&quot; class=&quot;external-link&quot; rel=&quot;nofollow&quot;&gt;http://svn.apache.org/viewcvs.cgi/?root=Apache-SVN&amp;amp;view=rev&amp;amp;rev=1521593&lt;/a&gt;)&lt;/p&gt;
&lt;ul&gt;
	&lt;li&gt;/hive/trunk/ql/src/java/org/apache/hadoop/hive/ql/exec/MapOperator.java&lt;/li&gt;
&lt;/ul&gt;
</comment>
                            <comment id="13764078" author="hudson" created="Wed, 11 Sep 2013 07:42:04 +0000"  >&lt;p&gt;FAILURE: Integrated in Hive-trunk-hadoop1-ptest #161 (See &lt;a href=&quot;https://builds.apache.org/job/Hive-trunk-hadoop1-ptest/161/&quot; class=&quot;external-link&quot; rel=&quot;nofollow&quot;&gt;https://builds.apache.org/job/Hive-trunk-hadoop1-ptest/161/&lt;/a&gt;)&lt;br/&gt;
&lt;a href=&quot;https://issues.apache.org/jira/browse/HIVE-4619&quot; title=&quot;Hive 0.11.0 is not working with pre-cdh3u6 and hadoop-0.23&quot; class=&quot;issue-link&quot; data-issue-key=&quot;HIVE-4619&quot;&gt;&lt;del&gt;HIVE-4619&lt;/del&gt;&lt;/a&gt; - Hive 0.11.0 is not working with pre-cdh3u6 and hadoop-0.23 (Navis via Brock Noland) (brock: &lt;a href=&quot;http://svn.apache.org/viewcvs.cgi/?root=Apache-SVN&amp;amp;view=rev&amp;amp;rev=1521593&quot; class=&quot;external-link&quot; rel=&quot;nofollow&quot;&gt;http://svn.apache.org/viewcvs.cgi/?root=Apache-SVN&amp;amp;view=rev&amp;amp;rev=1521593&lt;/a&gt;)&lt;/p&gt;
&lt;ul&gt;
	&lt;li&gt;/hive/trunk/ql/src/java/org/apache/hadoop/hive/ql/exec/MapOperator.java&lt;/li&gt;
&lt;/ul&gt;
</comment>
                            <comment id="13764234" author="hudson" created="Wed, 11 Sep 2013 11:50:23 +0000"  >&lt;p&gt;FAILURE: Integrated in Hive-trunk-h0.21 #2324 (See &lt;a href=&quot;https://builds.apache.org/job/Hive-trunk-h0.21/2324/&quot; class=&quot;external-link&quot; rel=&quot;nofollow&quot;&gt;https://builds.apache.org/job/Hive-trunk-h0.21/2324/&lt;/a&gt;)&lt;br/&gt;
&lt;a href=&quot;https://issues.apache.org/jira/browse/HIVE-4619&quot; title=&quot;Hive 0.11.0 is not working with pre-cdh3u6 and hadoop-0.23&quot; class=&quot;issue-link&quot; data-issue-key=&quot;HIVE-4619&quot;&gt;&lt;del&gt;HIVE-4619&lt;/del&gt;&lt;/a&gt; - Hive 0.11.0 is not working with pre-cdh3u6 and hadoop-0.23 (Navis via Brock Noland) (brock: &lt;a href=&quot;http://svn.apache.org/viewcvs.cgi/?root=Apache-SVN&amp;amp;view=rev&amp;amp;rev=1521593&quot; class=&quot;external-link&quot; rel=&quot;nofollow&quot;&gt;http://svn.apache.org/viewcvs.cgi/?root=Apache-SVN&amp;amp;view=rev&amp;amp;rev=1521593&lt;/a&gt;)&lt;/p&gt;
&lt;ul&gt;
	&lt;li&gt;/hive/trunk/ql/src/java/org/apache/hadoop/hive/ql/exec/MapOperator.java&lt;/li&gt;
&lt;/ul&gt;
</comment>
                            <comment id="13764876" author="hudson" created="Wed, 11 Sep 2013 22:25:32 +0000"  >&lt;p&gt;ABORTED: Integrated in Hive-trunk-hadoop2 #421 (See &lt;a href=&quot;https://builds.apache.org/job/Hive-trunk-hadoop2/421/&quot; class=&quot;external-link&quot; rel=&quot;nofollow&quot;&gt;https://builds.apache.org/job/Hive-trunk-hadoop2/421/&lt;/a&gt;)&lt;br/&gt;
&lt;a href=&quot;https://issues.apache.org/jira/browse/HIVE-4619&quot; title=&quot;Hive 0.11.0 is not working with pre-cdh3u6 and hadoop-0.23&quot; class=&quot;issue-link&quot; data-issue-key=&quot;HIVE-4619&quot;&gt;&lt;del&gt;HIVE-4619&lt;/del&gt;&lt;/a&gt; - Hive 0.11.0 is not working with pre-cdh3u6 and hadoop-0.23 (Navis via Brock Noland) (brock: &lt;a href=&quot;http://svn.apache.org/viewcvs.cgi/?root=Apache-SVN&amp;amp;view=rev&amp;amp;rev=1521593&quot; class=&quot;external-link&quot; rel=&quot;nofollow&quot;&gt;http://svn.apache.org/viewcvs.cgi/?root=Apache-SVN&amp;amp;view=rev&amp;amp;rev=1521593&lt;/a&gt;)&lt;/p&gt;
&lt;ul&gt;
	&lt;li&gt;/hive/trunk/ql/src/java/org/apache/hadoop/hive/ql/exec/MapOperator.java&lt;/li&gt;
&lt;/ul&gt;
</comment>
                            <comment id="13796079" author="ashutoshc" created="Tue, 15 Oct 2013 23:30:49 +0000"  >&lt;p&gt;This issue has been fixed and released as part of 0.12 release. If you find further issues, please create a new jira and link it to this one.&lt;/p&gt;</comment>
                    </comments>
                <issuelinks>
                            <issuelinktype id="12310000">
                    <name>Duplicate</name>
                                            <outwardlinks description="duplicates">
                                        <issuelink>
            <issuekey id="12650141">HIVE-4633</issuekey>
        </issuelink>
                            </outwardlinks>
                                                        </issuelinktype>
                    </issuelinks>
                <attachments>
                            <attachment id="12602163" name="HIVE-4619.2.patch" size="1070" author="lars_francke" created="Mon, 9 Sep 2013 16:46:05 +0000"/>
                            <attachment id="12585003" name="HIVE-4619.D10971.1.patch" size="1374" author="phabricator@reviews.facebook.net" created="Tue, 28 May 2013 08:00:29 +0000"/>
                    </attachments>
                <subtasks>
                    </subtasks>
                <customfields>
                                                <customfield id="customfield_12310310" key="com.atlassian.jira.toolkit:attachments">
                        <customfieldname>Attachment count</customfieldname>
                        <customfieldvalues>
                            <customfieldvalue>2.0</customfieldvalue>
                        </customfieldvalues>
                    </customfield>
                                                                                                                                                                                                                                                                                                                                                                                                                                                                                                                                <customfield id="customfield_12310220" key="com.atlassian.jira.ext.charting:firstresponsedate">
                        <customfieldname>Date of First Response</customfieldname>
                        <customfieldvalues>
                            <customfieldvalue>Tue, 28 May 2013 08:00:29 +0000</customfieldvalue>

                        </customfieldvalues>
                    </customfield>
                                                                                                                                                                                                                                                                                                                                                                                                                                            <customfield id="customfield_12310420" key="com.pyxis.greenhopper.jira:gh-global-rank">
                        <customfieldname>Global Rank</customfieldname>
                        <customfieldvalues>
                            <customfieldvalue>329966</customfieldvalue>
                        </customfieldvalues>
                    </customfield>
                                                                                                                                                    <customfield id="customfield_12312521" key="com.atlassian.jira.toolkit:LastCommentDate">
                        <customfieldname>Last public comment date</customfieldname>
                        <customfieldvalues>
                            3 years, 7 weeks, 4 days ago
                        </customfieldvalues>
                    </customfield>
                                                                                            <customfield id="customfield_12311820" key="com.pyxis.greenhopper.jira:gh-lexo-rank">
                        <customfieldname>Rank</customfieldname>
                        <customfieldvalues>
                            <customfieldvalue>0|i1kxe7:</customfieldvalue>

                        </customfieldvalues>
                    </customfield>
                                                                <customfield id="customfield_12310920" key="com.pyxis.greenhopper.jira:gh-global-rank">
                        <customfieldname>Rank (Obsolete)</customfieldname>
                        <customfieldvalues>
                            <customfieldvalue>330301</customfieldvalue>
                        </customfieldvalues>
                    </customfield>
                                                                                                                                                                                                                                                                                                                            <customfield id="customfield_12310222" key="com.atlassian.jira.ext.charting:timeinstatus">
                        <customfieldname>Time in Status</customfieldname>
                        <customfieldvalues>
                            
                        </customfieldvalues>
                    </customfield>
                                                                                                                        </customfields>
    </item>
</channel>
</rss>