<!-- 
RSS generated by JIRA (6.3.4#6332-sha1:51bc225ef474afe3128b2f66878477f322397b16) at Fri Dec 02 06:20:27 UTC 2016

It is possible to restrict the fields that are returned in this document by specifying the 'field' parameter in your request.
For example, to request only the issue key and summary add field=key&field=summary to the URL of your request.
For example:
https://issues.apache.org/jira/si/jira.issueviews:issue-xml/HIVE-14819/HIVE-14819.xml?field=key&amp;field=summary
-->
<rss version="0.92" >
<channel>
    <title>ASF JIRA</title>
    <link>https://issues.apache.org/jira</link>
    <description>This file is an XML representation of an issue</description>
    <language>en-uk</language>    <build-info>
        <version>6.3.4</version>
        <build-number>6332</build-number>
        <build-date>15-08-2014</build-date>
    </build-info>

<item>
            <title>[HIVE-14819] FunctionInfo for permanent functions shows TEMPORARY FunctionType</title>
                <link>https://issues.apache.org/jira/browse/HIVE-14819</link>
                <project id="12310843" key="HIVE">Hive</project>
                    <description>&lt;p&gt;The FunctionInfo has a FunctionType field which describes if the function is a builtin/persistent/temporary function. But for permanent functions, the FunctionInfo being returned by the FunctionRegistry is showing the type to be TEMPORARY.&lt;br/&gt;
This affects things which may be depending on function type, for example LlapDecider, which will allow builtin/persistent UDFs to be used in LLAP but not temporary functions.&lt;/p&gt;</description>
                <environment></environment>
        <key id="13006933">HIVE-14819</key>
            <summary>FunctionInfo for permanent functions shows TEMPORARY FunctionType</summary>
                <type id="1" iconUrl="https://issues.apache.org/jira/images/icons/issuetypes/bug.png">Bug</type>
                                            <priority id="3" iconUrl="https://issues.apache.org/jira/images/icons/priorities/major.png">Major</priority>
                        <status id="5" iconUrl="https://issues.apache.org/jira/images/icons/statuses/resolved.png" description="A resolution has been taken, and it is awaiting verification by reporter. From here issues are either reopened, or are closed.">Resolved</status>
                    <statusCategory id="3" key="done" colorName="green"/>
                                    <resolution id="1">Fixed</resolution>
                                        <assignee username="jdere">Jason Dere</assignee>
                                    <reporter username="jdere">Jason Dere</reporter>
                        <labels>
                    </labels>
                <created>Thu, 22 Sep 2016 19:16:01 +0000</created>
                <updated>Thu, 29 Sep 2016 20:59:36 +0000</updated>
                            <resolved>Thu, 29 Sep 2016 20:59:36 +0000</resolved>
                                    <version>2.1.0</version>
                                    <fixVersion>2.1.0</fixVersion>
                                    <component>UDF</component>
                        <due></due>
                            <votes>0</votes>
                                    <watches>3</watches>
                                                                <comments>
                            <comment id="15514230" author="jdere" created="Thu, 22 Sep 2016 19:18:42 +0000"  >&lt;p&gt;Patch to allow the registry to set PERSISTENT type when registering permanent functions to the session registry. Previously all functions added to session registry had the TEMPORARY tag.&lt;/p&gt;</comment>
                            <comment id="15515017" author="hiveqa" created="Fri, 23 Sep 2016 01:17:46 +0000"  >

&lt;p&gt;Here are the results of testing the latest attachment:&lt;br/&gt;
&lt;a href=&quot;https://issues.apache.org/jira/secure/attachment/12829917/HIVE-14819.1.patch&quot; class=&quot;external-link&quot; rel=&quot;nofollow&quot;&gt;https://issues.apache.org/jira/secure/attachment/12829917/HIVE-14819.1.patch&lt;/a&gt;&lt;/p&gt;

&lt;p&gt;&lt;font color=&quot;green&quot;&gt;SUCCESS:&lt;/font&gt; +1 due to 1 test(s) being added or modified.&lt;/p&gt;

&lt;p&gt;&lt;font color=&quot;red&quot;&gt;ERROR:&lt;/font&gt; -1 due to 7 failed/errored test(s), 10558 tests executed&lt;br/&gt;
&lt;b&gt;Failed tests:&lt;/b&gt;&lt;/p&gt;
&lt;div class=&quot;preformatted panel&quot; style=&quot;border-width: 1px;&quot;&gt;&lt;div class=&quot;preformattedContent panelContent&quot;&gt;
&lt;pre&gt;org.apache.hadoop.hive.cli.TestCliDriver.testCliDriver[acid_mapjoin]
org.apache.hadoop.hive.cli.TestCliDriver.testCliDriver[ctas]
org.apache.hadoop.hive.cli.TestCliDriver.testCliDriver[vector_join_part_col_char]
org.apache.hadoop.hive.cli.TestHBaseCliDriver.testCliDriver[hbase_bulk]
org.apache.hadoop.hive.cli.TestMiniTezCliDriver.testCliDriver[explainuser_3]
org.apache.hadoop.hive.metastore.TestMetaStoreMetrics.testMetaDataCounts
org.apache.hive.jdbc.TestJdbcWithMiniHS2.testAddJarConstructorUnCaching
&lt;/pre&gt;
&lt;/div&gt;&lt;/div&gt;

&lt;p&gt;Test results: &lt;a href=&quot;https://builds.apache.org/job/PreCommit-HIVE-Build/1280/testReport&quot; class=&quot;external-link&quot; rel=&quot;nofollow&quot;&gt;https://builds.apache.org/job/PreCommit-HIVE-Build/1280/testReport&lt;/a&gt;&lt;br/&gt;
Console output: &lt;a href=&quot;https://builds.apache.org/job/PreCommit-HIVE-Build/1280/console&quot; class=&quot;external-link&quot; rel=&quot;nofollow&quot;&gt;https://builds.apache.org/job/PreCommit-HIVE-Build/1280/console&lt;/a&gt;&lt;br/&gt;
Test logs: &lt;a href=&quot;http://ec2-204-236-174-241.us-west-1.compute.amazonaws.com/logs/PreCommit-HIVE-Build-1280/&quot; class=&quot;external-link&quot; rel=&quot;nofollow&quot;&gt;http://ec2-204-236-174-241.us-west-1.compute.amazonaws.com/logs/PreCommit-HIVE-Build-1280/&lt;/a&gt;&lt;/p&gt;

&lt;p&gt;Messages:&lt;/p&gt;
&lt;div class=&quot;preformatted panel&quot; style=&quot;border-width: 1px;&quot;&gt;&lt;div class=&quot;preformattedContent panelContent&quot;&gt;
&lt;pre&gt;Executing org.apache.hive.ptest.execution.TestCheckPhase
Executing org.apache.hive.ptest.execution.PrepPhase
Executing org.apache.hive.ptest.execution.ExecutionPhase
Executing org.apache.hive.ptest.execution.ReportingPhase
Tests exited with: TestsFailedException: 7 tests failed
&lt;/pre&gt;
&lt;/div&gt;&lt;/div&gt;

&lt;p&gt;This message is automatically generated.&lt;/p&gt;

&lt;p&gt;ATTACHMENT ID: 12829917 - PreCommit-HIVE-Build&lt;/p&gt;</comment>
                            <comment id="15517776" author="jdere" created="Fri, 23 Sep 2016 22:41:06 +0000"  >&lt;p&gt;I see another issue related to being able to determine if a function is a permanent UDF:&lt;/p&gt;

&lt;p&gt;When Hive attempts to register all of the existing permanent UDFs during Hive initialization, it does not download the JARs and add them to the classloader. However as you can see from the stack trace, it does try to get the UDF class in order to add it to this persistent UDFs list. This fails since Hive has not loaded the resources. As far as I can tell, this is going to fail for any permanent UDFs which require JARs which are not in Hive&apos;s classpath at initialization time.&lt;br/&gt;
While this does not prevent permanent functions from working in most cases (dynamic lookup works and it&apos;s added to the session registry), this does cause problems with being able to tell if this is a permanent function because the UDF&apos;s class is never added to the system registry&apos;s list of persistent functions. Thus FunctionRegistry.isPermanentFunction() does not work properly.&lt;/p&gt;

&lt;div class=&quot;preformatted panel&quot; style=&quot;border-width: 1px;&quot;&gt;&lt;div class=&quot;preformattedContent panelContent&quot;&gt;
&lt;pre&gt;016-09-23T00:32:47,869 WARN  [main]: metadata.Hive (Hive.java:reloadFunctions(247)) - Failed to register persistent function sleep2:org.apache.hive.udf.generic.GenericUDFSleep. Ignore and continue.
java.lang.RuntimeException: java.lang.ClassNotFoundException: org.apache.hive.udf.generic.GenericUDFSleep
        at org.apache.hadoop.hive.ql.exec.Registry.getPermanentUdfClass(Registry.java:483) ~[hive-exec-2.1.0.jar:2.1.0]
        at org.apache.hadoop.hive.ql.exec.Registry.addFunction(Registry.java:466) ~[hive-exec-2.1.0.jar:2.1.0]
        at org.apache.hadoop.hive.ql.exec.Registry.registerPermanentFunction(Registry.java:239) ~[hive-exec-2.1.0.jar:2.1.0]
        at org.apache.hadoop.hive.ql.exec.FunctionRegistry.registerPermanentFunction(FunctionRegistry.java:1511) ~[hive-exec-2.1.0.jar:2.1.0]
        at org.apache.hadoop.hive.ql.metadata.Hive.reloadFunctions(Hive.java:243) ~[hive-exec-2.1.0.jar:2.1.0]
        at org.apache.hadoop.hive.ql.metadata.Hive.registerAllFunctionsOnce(Hive.java:224) ~[hive-exec-2.1.0.jar:2.1.0]
        at org.apache.hadoop.hive.ql.metadata.Hive.&amp;lt;init&amp;gt;(Hive.java:369) ~[hive-exec-2.1.0.jar:2.1.0]
        at org.apache.hadoop.hive.ql.metadata.Hive.create(Hive.java:313) ~[hive-exec-2.1.0.jar:2.1.0]
        at org.apache.hadoop.hive.ql.metadata.Hive.getInternal(Hive.java:293) ~[hive-exec-2.1.0.jar:2.1.0]
        at org.apache.hadoop.hive.ql.metadata.Hive.get(Hive.java:269) ~[hive-exec-2.1.0.jar:2.1.0]
        at org.apache.hadoop.hive.ql.session.SessionState.start(SessionState.java:558) ~[hive-exec-2.1.0.jar:2.1.0]
        at org.apache.hadoop.hive.ql.session.SessionState.beginStart(SessionState.java:531) ~[hive-exec-2.1.0.jar:2.1.0]
        at org.apache.hadoop.hive.cli.CliDriver.run(CliDriver.java:705) ~[hive-cli-2.1.0.2.5.1.0-46.jar:2.1.0.2.5.1.0-46]
        at org.apache.hadoop.hive.cli.CliDriver.main(CliDriver.java:641) ~[hive-cli-2.1.0.2.5.1.0-46.jar:2.1.0.2.5.1.0-46]
        at sun.reflect.NativeMethodAccessorImpl.invoke0(Native Method) ~[?:1.8.0_91]
        at sun.reflect.NativeMethodAccessorImpl.invoke(NativeMethodAccessorImpl.java:62) ~[?:1.8.0_91]
        at sun.reflect.DelegatingMethodAccessorImpl.invoke(DelegatingMethodAccessorImpl.java:43) ~[?:1.8.0_91]
        at java.lang.reflect.Method.invoke(Method.java:498) ~[?:1.8.0_91]
        at org.apache.hadoop.util.RunJar.run(RunJar.java:233) ~[hadoop-common-2.7.3.2.5.1.0-46.jar:?]
        at org.apache.hadoop.util.RunJar.main(RunJar.java:148) ~[hadoop-common-2.7.3.2.5.1.0-46.jar:?]
Caused by: java.lang.ClassNotFoundException: org.apache.hive.udf.generic.GenericUDFSleep
        at java.net.URLClassLoader.findClass(URLClassLoader.java:381) ~[?:1.8.0_91]
        at java.lang.ClassLoader.loadClass(ClassLoader.java:424) ~[?:1.8.0_91]
        at java.lang.ClassLoader.loadClass(ClassLoader.java:357) ~[?:1.8.0_91]
        at java.lang.Class.forName0(Native Method) ~[?:1.8.0_91]
        at java.lang.Class.forName(Class.java:348) ~[?:1.8.0_91]
        at org.apache.hadoop.hive.ql.exec.Registry.getPermanentUdfClass(Registry.java:481) ~[hive-exec-2.1.0.jar:2.1.0]
        ... 19 more
&lt;/pre&gt;
&lt;/div&gt;&lt;/div&gt;</comment>
                            <comment id="15517778" author="jdere" created="Fri, 23 Sep 2016 22:42:20 +0000"  >&lt;p&gt;Updating patch to fix the persistent function issue that occurs during Hive initialization.&lt;/p&gt;</comment>
                            <comment id="15518296" author="hiveqa" created="Sat, 24 Sep 2016 03:49:14 +0000"  >

&lt;p&gt;Here are the results of testing the latest attachment:&lt;br/&gt;
&lt;a href=&quot;https://issues.apache.org/jira/secure/attachment/12830125/HIVE-14819.2.patch&quot; class=&quot;external-link&quot; rel=&quot;nofollow&quot;&gt;https://issues.apache.org/jira/secure/attachment/12830125/HIVE-14819.2.patch&lt;/a&gt;&lt;/p&gt;

&lt;p&gt;&lt;font color=&quot;green&quot;&gt;SUCCESS:&lt;/font&gt; +1 due to 1 test(s) being added or modified.&lt;/p&gt;

&lt;p&gt;&lt;font color=&quot;red&quot;&gt;ERROR:&lt;/font&gt; -1 due to 6 failed/errored test(s), 10633 tests executed&lt;br/&gt;
&lt;b&gt;Failed tests:&lt;/b&gt;&lt;/p&gt;
&lt;div class=&quot;preformatted panel&quot; style=&quot;border-width: 1px;&quot;&gt;&lt;div class=&quot;preformattedContent panelContent&quot;&gt;
&lt;pre&gt;org.apache.hadoop.hive.cli.TestCliDriver.testCliDriver[acid_mapjoin]
org.apache.hadoop.hive.cli.TestCliDriver.testCliDriver[ctas]
org.apache.hadoop.hive.cli.TestCliDriver.testCliDriver[vector_join_part_col_char]
org.apache.hadoop.hive.cli.TestMiniTezCliDriver.testCliDriver[explainuser_3]
org.apache.hadoop.hive.metastore.TestMetaStoreMetrics.testMetaDataCounts
org.apache.hive.jdbc.TestJdbcWithMiniHS2.testAddJarConstructorUnCaching
&lt;/pre&gt;
&lt;/div&gt;&lt;/div&gt;

&lt;p&gt;Test results: &lt;a href=&quot;https://builds.apache.org/job/PreCommit-HIVE-Build/1297/testReport&quot; class=&quot;external-link&quot; rel=&quot;nofollow&quot;&gt;https://builds.apache.org/job/PreCommit-HIVE-Build/1297/testReport&lt;/a&gt;&lt;br/&gt;
Console output: &lt;a href=&quot;https://builds.apache.org/job/PreCommit-HIVE-Build/1297/console&quot; class=&quot;external-link&quot; rel=&quot;nofollow&quot;&gt;https://builds.apache.org/job/PreCommit-HIVE-Build/1297/console&lt;/a&gt;&lt;br/&gt;
Test logs: &lt;a href=&quot;http://ec2-204-236-174-241.us-west-1.compute.amazonaws.com/logs/PreCommit-HIVE-Build-1297/&quot; class=&quot;external-link&quot; rel=&quot;nofollow&quot;&gt;http://ec2-204-236-174-241.us-west-1.compute.amazonaws.com/logs/PreCommit-HIVE-Build-1297/&lt;/a&gt;&lt;/p&gt;

&lt;p&gt;Messages:&lt;/p&gt;
&lt;div class=&quot;preformatted panel&quot; style=&quot;border-width: 1px;&quot;&gt;&lt;div class=&quot;preformattedContent panelContent&quot;&gt;
&lt;pre&gt;Executing org.apache.hive.ptest.execution.TestCheckPhase
Executing org.apache.hive.ptest.execution.PrepPhase
Executing org.apache.hive.ptest.execution.ExecutionPhase
Executing org.apache.hive.ptest.execution.ReportingPhase
Tests exited with: TestsFailedException: 6 tests failed
&lt;/pre&gt;
&lt;/div&gt;&lt;/div&gt;

&lt;p&gt;This message is automatically generated.&lt;/p&gt;

&lt;p&gt;ATTACHMENT ID: 12830125 - PreCommit-HIVE-Build&lt;/p&gt;</comment>
                            <comment id="15530437" author="sershe" created="Wed, 28 Sep 2016 18:17:25 +0000"  >&lt;p&gt;+1&lt;/p&gt;</comment>
                            <comment id="15534036" author="jdere" created="Thu, 29 Sep 2016 20:59:36 +0000"  >&lt;p&gt;Committed to master&lt;/p&gt;</comment>
                    </comments>
                    <attachments>
                            <attachment id="12829917" name="HIVE-14819.1.patch" size="20326" author="jdere" created="Thu, 22 Sep 2016 19:17:11 +0000"/>
                            <attachment id="12830125" name="HIVE-14819.2.patch" size="23466" author="jdere" created="Fri, 23 Sep 2016 22:42:20 +0000"/>
                    </attachments>
                <subtasks>
                    </subtasks>
                <customfields>
                                                <customfield id="customfield_12310310" key="com.atlassian.jira.toolkit:attachments">
                        <customfieldname>Attachment count</customfieldname>
                        <customfieldvalues>
                            <customfieldvalue>2.0</customfieldvalue>
                        </customfieldvalues>
                    </customfield>
                                                                                                                                                                                                                                                                                                                                                                                                                                                                                                                                <customfield id="customfield_12310220" key="com.atlassian.jira.ext.charting:firstresponsedate">
                        <customfieldname>Date of First Response</customfieldname>
                        <customfieldvalues>
                            <customfieldvalue>Fri, 23 Sep 2016 01:17:46 +0000</customfieldvalue>

                        </customfieldvalues>
                    </customfield>
                                                                                                                                                                                                                                                                                                                                                                                                                                            <customfield id="customfield_12310420" key="com.pyxis.greenhopper.jira:gh-global-rank">
                        <customfieldname>Global Rank</customfieldname>
                        <customfieldvalues>
                            <customfieldvalue>9223372036854775807</customfieldvalue>
                        </customfieldvalues>
                    </customfield>
                                                                                                                                                    <customfield id="customfield_12312521" key="com.atlassian.jira.toolkit:LastCommentDate">
                        <customfieldname>Last public comment date</customfieldname>
                        <customfieldvalues>
                            9 weeks ago
                        </customfieldvalues>
                    </customfield>
                                                                                            <customfield id="customfield_12311820" key="com.pyxis.greenhopper.jira:gh-lexo-rank">
                        <customfieldname>Rank</customfieldname>
                        <customfieldvalues>
                            <customfieldvalue>0|i33ywf:</customfieldvalue>

                        </customfieldvalues>
                    </customfield>
                                                                <customfield id="customfield_12310920" key="com.pyxis.greenhopper.jira:gh-global-rank">
                        <customfieldname>Rank (Obsolete)</customfieldname>
                        <customfieldvalues>
                            <customfieldvalue>9223372036854775807</customfieldvalue>
                        </customfieldvalues>
                    </customfield>
                                                                                                                                                                                                                                                                                                                            <customfield id="customfield_12310222" key="com.atlassian.jira.ext.charting:timeinstatus">
                        <customfieldname>Time in Status</customfieldname>
                        <customfieldvalues>
                            
                        </customfieldvalues>
                    </customfield>
                                                                                                                        </customfields>
    </item>
</channel>
</rss>