<!-- 
RSS generated by JIRA (6.3.4#6332-sha1:51bc225ef474afe3128b2f66878477f322397b16) at Sat Dec 03 00:26:42 UTC 2016

It is possible to restrict the fields that are returned in this document by specifying the 'field' parameter in your request.
For example, to request only the issue key and summary add field=key&field=summary to the URL of your request.
For example:
https://issues.apache.org/jira/si/jira.issueviews:issue-xml/HIVE-1614/HIVE-1614.xml?field=key&amp;field=summary
-->
<rss version="0.92" >
<channel>
    <title>ASF JIRA</title>
    <link>https://issues.apache.org/jira</link>
    <description>This file is an XML representation of an issue</description>
    <language>en-uk</language>    <build-info>
        <version>6.3.4</version>
        <build-number>6332</build-number>
        <build-date>15-08-2014</build-date>
    </build-info>

<item>
            <title>[HIVE-1614] UDTF json_tuple should return null row when input is not a valid JSON string</title>
                <link>https://issues.apache.org/jira/browse/HIVE-1614</link>
                <project id="12310843" key="HIVE">Hive</project>
                    <description>&lt;p&gt;If the input column is not a valid JSON string, json_tuple will not return anything but this will prevent the downstream operators to access the left-hand side table. We should output a NULL row instead, similar to when the input column is a NULL value. &lt;/p&gt;</description>
                <environment></environment>
        <key id="12473265">HIVE-1614</key>
            <summary>UDTF json_tuple should return null row when input is not a valid JSON string</summary>
                <type id="1" iconUrl="https://issues.apache.org/jira/images/icons/issuetypes/bug.png">Bug</type>
                                            <priority id="3" iconUrl="https://issues.apache.org/jira/images/icons/priorities/major.png">Major</priority>
                        <status id="6" iconUrl="https://issues.apache.org/jira/images/icons/statuses/closed.png" description="The issue is considered finished, the resolution is correct. Issues which are closed can be reopened.">Closed</status>
                    <statusCategory id="3" key="done" colorName="green"/>
                                    <resolution id="1">Fixed</resolution>
                                        <assignee username="nzhang">Ning Zhang</assignee>
                                    <reporter username="nzhang">Ning Zhang</reporter>
                        <labels>
                    </labels>
                <created>Fri, 3 Sep 2010 17:56:24 +0000</created>
                <updated>Fri, 16 Dec 2011 23:59:20 +0000</updated>
                            <resolved>Sat, 4 Sep 2010 05:26:11 +0000</resolved>
                                    <version>0.7.0</version>
                                    <fixVersion>0.7.0</fixVersion>
                                    <component>UDF</component>
                        <due></due>
                            <votes>0</votes>
                                    <watches>0</watches>
                                                                <comments>
                            <comment id="12906004" author="nzhang" created="Fri, 3 Sep 2010 18:29:29 +0000"  >&lt;p&gt;Added a catch for all throwable in the UDFT.&lt;/p&gt;</comment>
                            <comment id="12906010" author="namit" created="Fri, 3 Sep 2010 18:43:24 +0000"  >&lt;p&gt;I will take a look&lt;/p&gt;</comment>
                            <comment id="12906135" author="namit" created="Fri, 3 Sep 2010 22:15:09 +0000"  >&lt;p&gt;+1&lt;/p&gt;

&lt;p&gt;will commit if the tests pass&lt;/p&gt;</comment>
                            <comment id="12906222" author="namit" created="Sat, 4 Sep 2010 05:26:11 +0000"  >&lt;p&gt;Committed. Thanks Ning&lt;/p&gt;</comment>
                    </comments>
                    <attachments>
                            <attachment id="12453801" name="HIVE-1614.2.patch" size="5952" author="nzhang" created="Fri, 3 Sep 2010 18:29:29 +0000"/>
                            <attachment id="12453795" name="HIVE-1614.patch" size="5672" author="nzhang" created="Fri, 3 Sep 2010 17:58:04 +0000"/>
                    </attachments>
                <subtasks>
                    </subtasks>
                <customfields>
                                                <customfield id="customfield_12310310" key="com.atlassian.jira.toolkit:attachments">
                        <customfieldname>Attachment count</customfieldname>
                        <customfieldvalues>
                            <customfieldvalue>2.0</customfieldvalue>
                        </customfieldvalues>
                    </customfield>
                                                                                                                                                                                                                                                                                                                                                                                                                                                                                                                                <customfield id="customfield_12310220" key="com.atlassian.jira.ext.charting:firstresponsedate">
                        <customfieldname>Date of First Response</customfieldname>
                        <customfieldvalues>
                            <customfieldvalue>Fri, 3 Sep 2010 18:43:24 +0000</customfieldvalue>

                        </customfieldvalues>
                    </customfield>
                                                                                                                                                                                                                                                                                                                                                                                                                                            <customfield id="customfield_12310420" key="com.pyxis.greenhopper.jira:gh-global-rank">
                        <customfieldname>Global Rank</customfieldname>
                        <customfieldvalues>
                            <customfieldvalue>72814</customfieldvalue>
                        </customfieldvalues>
                    </customfield>
                                                                <customfield id="customfield_12310191" key="com.atlassian.jira.plugin.system.customfieldtypes:multicheckboxes">
                        <customfieldname>Hadoop Flags</customfieldname>
                        <customfieldvalues>
                                <customfieldvalue key="10343"><![CDATA[Reviewed]]></customfieldvalue>
    
                        </customfieldvalues>
                    </customfield>
                                                                                                                        <customfield id="customfield_12312521" key="com.atlassian.jira.toolkit:LastCommentDate">
                        <customfieldname>Last public comment date</customfieldname>
                        <customfieldvalues>
                            6 years, 13 weeks, 6 days ago
                        </customfieldvalues>
                    </customfield>
                                                                                            <customfield id="customfield_12311820" key="com.pyxis.greenhopper.jira:gh-lexo-rank">
                        <customfieldname>Rank</customfieldname>
                        <customfieldvalues>
                            <customfieldvalue>0|i0lg07:</customfieldvalue>

                        </customfieldvalues>
                    </customfield>
                                                                <customfield id="customfield_12310920" key="com.pyxis.greenhopper.jira:gh-global-rank">
                        <customfieldname>Rank (Obsolete)</customfieldname>
                        <customfieldvalues>
                            <customfieldvalue>123243</customfieldvalue>
                        </customfieldvalues>
                    </customfield>
                                                                                                                                                                                                                                                                                                                            <customfield id="customfield_12310222" key="com.atlassian.jira.ext.charting:timeinstatus">
                        <customfieldname>Time in Status</customfieldname>
                        <customfieldvalues>
                            
                        </customfieldvalues>
                    </customfield>
                                                                                                                        </customfields>
    </item>
</channel>
</rss>