<!-- 
RSS generated by JIRA (6.3.4#6332-sha1:51bc225ef474afe3128b2f66878477f322397b16) at Fri Dec 02 11:56:11 UTC 2016

It is possible to restrict the fields that are returned in this document by specifying the 'field' parameter in your request.
For example, to request only the issue key and summary add field=key&field=summary to the URL of your request.
For example:
https://issues.apache.org/jira/si/jira.issueviews:issue-xml/HIVE-14000/HIVE-14000.xml?field=key&amp;field=summary
-->
<rss version="0.92" >
<channel>
    <title>ASF JIRA</title>
    <link>https://issues.apache.org/jira</link>
    <description>This file is an XML representation of an issue</description>
    <language>en-uk</language>    <build-info>
        <version>6.3.4</version>
        <build-number>6332</build-number>
        <build-date>15-08-2014</build-date>
    </build-info>

<item>
            <title>[HIVE-14000] (ORC) Changing a numeric type column of a partitioned table to lower type set values to something other than &apos;NULL&apos;</title>
                <link>https://issues.apache.org/jira/browse/HIVE-14000</link>
                <project id="12310843" key="HIVE">Hive</project>
                    <description>&lt;p&gt;When an integer column is changed to a type that is smaller (e.g. bigint to int) and set hive.metastore.disallow.incompatible.col.type.changes=false, the data is clipped instead of being NULL.&lt;/p&gt;</description>
                <environment></environment>
        <key id="12977959">HIVE-14000</key>
            <summary>(ORC) Changing a numeric type column of a partitioned table to lower type set values to something other than &apos;NULL&apos;</summary>
                <type id="1" iconUrl="https://issues.apache.org/jira/images/icons/issuetypes/bug.png">Bug</type>
                                            <priority id="2" iconUrl="https://issues.apache.org/jira/images/icons/priorities/critical.png">Critical</priority>
                        <status id="5" iconUrl="https://issues.apache.org/jira/images/icons/statuses/resolved.png" description="A resolution has been taken, and it is awaiting verification by reporter. From here issues are either reopened, or are closed.">Resolved</status>
                    <statusCategory id="3" key="done" colorName="green"/>
                                    <resolution id="1">Fixed</resolution>
                                        <assignee username="mmccline">Matt McCline</assignee>
                                    <reporter username="mmccline">Matt McCline</reporter>
                        <labels>
                    </labels>
                <created>Sun, 12 Jun 2016 12:45:24 +0000</created>
                <updated>Thu, 28 Jul 2016 18:57:03 +0000</updated>
                            <resolved>Mon, 20 Jun 2016 11:58:10 +0000</resolved>
                                                    <fixVersion>2.2.0</fixVersion>
                    <fixVersion>2.1.1</fixVersion>
                                    <component>Hive</component>
                    <component>ORC</component>
                        <due></due>
                            <votes>0</votes>
                                    <watches>2</watches>
                                                                <comments>
                            <comment id="15326480" author="hiveqa" created="Sun, 12 Jun 2016 15:09:53 +0000"  >

&lt;p&gt;Here are the results of testing the latest attachment:&lt;br/&gt;
&lt;a href=&quot;https://issues.apache.org/jira/secure/attachment/12809702/HIVE-14000.01.patch&quot; class=&quot;external-link&quot; rel=&quot;nofollow&quot;&gt;https://issues.apache.org/jira/secure/attachment/12809702/HIVE-14000.01.patch&lt;/a&gt;&lt;/p&gt;

&lt;p&gt;&lt;font color=&quot;green&quot;&gt;SUCCESS:&lt;/font&gt; +1 due to 5 test(s) being added or modified.&lt;/p&gt;

&lt;p&gt;&lt;font color=&quot;red&quot;&gt;ERROR:&lt;/font&gt; -1 due to 12 failed/errored test(s), 10224 tests executed&lt;br/&gt;
&lt;b&gt;Failed tests:&lt;/b&gt;&lt;/p&gt;
&lt;div class=&quot;preformatted panel&quot; style=&quot;border-width: 1px;&quot;&gt;&lt;div class=&quot;preformattedContent panelContent&quot;&gt;
&lt;pre&gt;org.apache.hadoop.hive.cli.TestCliDriver.testCliDriver_acid_globallimit
org.apache.hadoop.hive.cli.TestCliDriver.testCliDriver_list_bucket_dml_12
org.apache.hadoop.hive.cli.TestCliDriver.testCliDriver_list_bucket_dml_13
org.apache.hadoop.hive.cli.TestCliDriver.testCliDriver_schema_evol_stats
org.apache.hadoop.hive.cli.TestCliDriver.testCliDriver_stats_list_bucket
org.apache.hadoop.hive.cli.TestCliDriver.testCliDriver_subquery_multiinsert
org.apache.hadoop.hive.cli.TestMiniSparkOnYarnCliDriver.testCliDriver_index_bitmap3
org.apache.hadoop.hive.cli.TestMiniTezCliDriver.testCliDriver_schema_evol_orc_nonvec_mapwork_part_all_primitive
org.apache.hadoop.hive.cli.TestMiniTezCliDriver.testCliDriver_schema_evol_orc_vec_mapwork_part_all_primitive
org.apache.hadoop.hive.cli.TestMiniTezCliDriver.testCliDriver_schema_evol_text_nonvec_mapwork_part_all_primitive
org.apache.hadoop.hive.cli.TestMiniTezCliDriver.testCliDriver_schema_evol_text_vec_mapwork_part_all_primitive
org.apache.hadoop.hive.cli.TestMiniTezCliDriver.testCliDriver_schema_evol_text_vecrow_mapwork_part_all_primitive
&lt;/pre&gt;
&lt;/div&gt;&lt;/div&gt;

&lt;p&gt;Test results: &lt;a href=&quot;https://builds.apache.org/job/PreCommit-HIVE-MASTER-Build/102/testReport&quot; class=&quot;external-link&quot; rel=&quot;nofollow&quot;&gt;https://builds.apache.org/job/PreCommit-HIVE-MASTER-Build/102/testReport&lt;/a&gt;&lt;br/&gt;
Console output: &lt;a href=&quot;https://builds.apache.org/job/PreCommit-HIVE-MASTER-Build/102/console&quot; class=&quot;external-link&quot; rel=&quot;nofollow&quot;&gt;https://builds.apache.org/job/PreCommit-HIVE-MASTER-Build/102/console&lt;/a&gt;&lt;br/&gt;
Test logs: &lt;a href=&quot;http://ec2-50-18-27-0.us-west-1.compute.amazonaws.com/logs/PreCommit-HIVE-MASTER-Build-102/&quot; class=&quot;external-link&quot; rel=&quot;nofollow&quot;&gt;http://ec2-50-18-27-0.us-west-1.compute.amazonaws.com/logs/PreCommit-HIVE-MASTER-Build-102/&lt;/a&gt;&lt;/p&gt;

&lt;p&gt;Messages:&lt;/p&gt;
&lt;div class=&quot;preformatted panel&quot; style=&quot;border-width: 1px;&quot;&gt;&lt;div class=&quot;preformattedContent panelContent&quot;&gt;
&lt;pre&gt;Executing org.apache.hive.ptest.execution.TestCheckPhase
Executing org.apache.hive.ptest.execution.PrepPhase
Executing org.apache.hive.ptest.execution.ExecutionPhase
Executing org.apache.hive.ptest.execution.ReportingPhase
Tests exited with: TestsFailedException: 12 tests failed
&lt;/pre&gt;
&lt;/div&gt;&lt;/div&gt;

&lt;p&gt;This message is automatically generated.&lt;/p&gt;

&lt;p&gt;ATTACHMENT ID: 12809702 - PreCommit-HIVE-MASTER-Build&lt;/p&gt;</comment>
                            <comment id="15330187" author="sershe" created="Tue, 14 Jun 2016 19:09:42 +0000"  >&lt;p&gt;Is it possible to have an RB? Also, test failures look related.&lt;/p&gt;</comment>
                            <comment id="15330251" author="mmccline" created="Tue, 14 Jun 2016 19:31:57 +0000"  >&lt;p&gt;&lt;a href=&quot;https://issues.apache.org/jira/secure/ViewProfile.jspa?name=sershe&quot; class=&quot;user-hover&quot; rel=&quot;sershe&quot;&gt;Sergey Shelukhin&lt;/a&gt; I added a link to RB.   Yes, the only related failues are I didn&apos;t update the MiniTez Q file outputs and mistakenly updated schema_evol_stats.&lt;/p&gt;</comment>
                            <comment id="15330266" author="mmccline" created="Tue, 14 Jun 2016 19:42:06 +0000"  >&lt;p&gt;About 1/2 the change is eliminating unused members and parameters after row reading parts of all the tree readers were eliminated.&lt;/p&gt;</comment>
                            <comment id="15331524" author="mmccline" created="Wed, 15 Jun 2016 10:48:41 +0000"  >&lt;p&gt;&lt;a href=&quot;https://issues.apache.org/jira/secure/ViewProfile.jspa?name=sershe&quot; class=&quot;user-hover&quot; rel=&quot;sershe&quot;&gt;Sergey Shelukhin&lt;/a&gt; Thank you for the RB comment.  I fixed the problem and resubmitted a patch.&lt;/p&gt;</comment>
                            <comment id="15336757" author="sershe" created="Fri, 17 Jun 2016 19:18:39 +0000"  >&lt;p&gt;Mostly looks good, one questionable spot (comment)&lt;/p&gt;</comment>
                            <comment id="15337131" author="mmccline" created="Fri, 17 Jun 2016 22:30:13 +0000"  >&lt;p&gt;&lt;a href=&quot;https://issues.apache.org/jira/secure/ViewProfile.jspa?name=sershe&quot; class=&quot;user-hover&quot; rel=&quot;sershe&quot;&gt;Sergey Shelukhin&lt;/a&gt; Yes, I think the float case will be ok.&lt;/p&gt;</comment>
                            <comment id="15337141" author="sershe" created="Fri, 17 Jun 2016 22:35:02 +0000"  >&lt;p&gt;Sure... +1&lt;/p&gt;</comment>
                            <comment id="15337146" author="mmccline" created="Fri, 17 Jun 2016 22:37:04 +0000"  >&lt;p&gt;Thank you for your review.&lt;/p&gt;</comment>
                            <comment id="15338768" author="hiveqa" created="Sun, 19 Jun 2016 19:50:40 +0000"  >

&lt;p&gt;Here are the results of testing the latest attachment:&lt;br/&gt;
&lt;a href=&quot;https://issues.apache.org/jira/secure/attachment/12811507/HIVE-14000.04.patch&quot; class=&quot;external-link&quot; rel=&quot;nofollow&quot;&gt;https://issues.apache.org/jira/secure/attachment/12811507/HIVE-14000.04.patch&lt;/a&gt;&lt;/p&gt;

&lt;p&gt;&lt;font color=&quot;green&quot;&gt;SUCCESS:&lt;/font&gt; +1 due to 5 test(s) being added or modified.&lt;/p&gt;

&lt;p&gt;&lt;font color=&quot;red&quot;&gt;ERROR:&lt;/font&gt; -1 due to 24 failed/errored test(s), 10236 tests executed&lt;br/&gt;
&lt;b&gt;Failed tests:&lt;/b&gt;&lt;/p&gt;
&lt;div class=&quot;preformatted panel&quot; style=&quot;border-width: 1px;&quot;&gt;&lt;div class=&quot;preformattedContent panelContent&quot;&gt;
&lt;pre&gt;org.apache.hadoop.hive.cli.TestCliDriver.testCliDriver_acid_globallimit
org.apache.hadoop.hive.cli.TestCliDriver.testCliDriver_constantPropagateForSubQuery
org.apache.hadoop.hive.cli.TestCliDriver.testCliDriver_repair
org.apache.hadoop.hive.cli.TestCliDriver.testCliDriver_subquery_multiinsert
org.apache.hadoop.hive.cli.TestMiniSparkOnYarnCliDriver.testCliDriver_index_bitmap3
org.apache.hadoop.hive.cli.TestMiniTezCliDriver.org.apache.hadoop.hive.cli.TestMiniTezCliDriver
org.apache.hadoop.hive.cli.TestMiniTezCliDriver.testCliDriver_auto_join0
org.apache.hadoop.hive.cli.TestMiniTezCliDriver.testCliDriver_auto_sortmerge_join_14
org.apache.hadoop.hive.cli.TestMiniTezCliDriver.testCliDriver_cross_join
org.apache.hadoop.hive.cli.TestMiniTezCliDriver.testCliDriver_orc_merge6
org.apache.hadoop.hive.cli.TestMiniTezCliDriver.testCliDriver_schema_evol_orc_nonvec_fetchwork_table
org.apache.hadoop.hive.cli.TestMiniTezCliDriver.testCliDriver_tez_union
org.apache.hadoop.hive.cli.TestMiniTezCliDriver.testCliDriver_vector_aggregate_9
org.apache.hadoop.hive.cli.TestMiniTezCliDriver.testCliDriver_vector_coalesce_2
org.apache.hadoop.hive.cli.TestMiniTezCliDriver.testCliDriver_vector_count_distinct
org.apache.hadoop.hive.cli.TestMiniTezCliDriver.testCliDriver_vector_decimal_precision
org.apache.hadoop.hive.cli.TestMiniTezCliDriver.testCliDriver_vector_decimal_round
org.apache.hadoop.hive.cli.TestMiniTezCliDriver.testCliDriver_vector_multi_insert
org.apache.hadoop.hive.cli.TestMiniTezCliDriver.testCliDriver_vector_reduce1
org.apache.hadoop.hive.cli.TestMiniTezCliDriver.testCliDriver_vector_varchar_simple
org.apache.hadoop.hive.cli.TestMiniTezCliDriver.testCliDriver_vectorization_16
org.apache.hadoop.hive.cli.TestMinimrCliDriver.testCliDriver_table_nonprintable
org.apache.hadoop.hive.ql.metadata.TestHiveMetaStoreChecker.testPartitionsCheck
org.apache.hadoop.hive.ql.metadata.TestHiveMetaStoreChecker.testTableCheck
&lt;/pre&gt;
&lt;/div&gt;&lt;/div&gt;

&lt;p&gt;Test results: &lt;a href=&quot;https://builds.apache.org/job/PreCommit-HIVE-MASTER-Build/180/testReport&quot; class=&quot;external-link&quot; rel=&quot;nofollow&quot;&gt;https://builds.apache.org/job/PreCommit-HIVE-MASTER-Build/180/testReport&lt;/a&gt;&lt;br/&gt;
Console output: &lt;a href=&quot;https://builds.apache.org/job/PreCommit-HIVE-MASTER-Build/180/console&quot; class=&quot;external-link&quot; rel=&quot;nofollow&quot;&gt;https://builds.apache.org/job/PreCommit-HIVE-MASTER-Build/180/console&lt;/a&gt;&lt;br/&gt;
Test logs: &lt;a href=&quot;http://ec2-50-18-27-0.us-west-1.compute.amazonaws.com/logs/PreCommit-HIVE-MASTER-Build-180/&quot; class=&quot;external-link&quot; rel=&quot;nofollow&quot;&gt;http://ec2-50-18-27-0.us-west-1.compute.amazonaws.com/logs/PreCommit-HIVE-MASTER-Build-180/&lt;/a&gt;&lt;/p&gt;

&lt;p&gt;Messages:&lt;/p&gt;
&lt;div class=&quot;preformatted panel&quot; style=&quot;border-width: 1px;&quot;&gt;&lt;div class=&quot;preformattedContent panelContent&quot;&gt;
&lt;pre&gt;Executing org.apache.hive.ptest.execution.TestCheckPhase
Executing org.apache.hive.ptest.execution.PrepPhase
Executing org.apache.hive.ptest.execution.ExecutionPhase
Executing org.apache.hive.ptest.execution.ReportingPhase
Tests exited with: TestsFailedException: 24 tests failed
&lt;/pre&gt;
&lt;/div&gt;&lt;/div&gt;

&lt;p&gt;This message is automatically generated.&lt;/p&gt;

&lt;p&gt;ATTACHMENT ID: 12811507 - PreCommit-HIVE-MASTER-Build&lt;/p&gt;</comment>
                            <comment id="15338984" author="mmccline" created="Mon, 20 Jun 2016 04:30:35 +0000"  >&lt;p&gt;Seem like test infrastructure problems: Unexpected exception in static initialization: Cannot remove data directory: /home/hiveptest/......&lt;/p&gt;

&lt;p&gt;Trying again.&lt;/p&gt;</comment>
                            <comment id="15339231" author="hiveqa" created="Mon, 20 Jun 2016 09:28:59 +0000"  >

&lt;p&gt;Here are the results of testing the latest attachment:&lt;br/&gt;
&lt;a href=&quot;https://issues.apache.org/jira/secure/attachment/12811749/HIVE-14000.05.patch&quot; class=&quot;external-link&quot; rel=&quot;nofollow&quot;&gt;https://issues.apache.org/jira/secure/attachment/12811749/HIVE-14000.05.patch&lt;/a&gt;&lt;/p&gt;

&lt;p&gt;&lt;font color=&quot;green&quot;&gt;SUCCESS:&lt;/font&gt; +1 due to 5 test(s) being added or modified.&lt;/p&gt;

&lt;p&gt;&lt;font color=&quot;red&quot;&gt;ERROR:&lt;/font&gt; -1 due to 12 failed/errored test(s), 10220 tests executed&lt;br/&gt;
&lt;b&gt;Failed tests:&lt;/b&gt;&lt;/p&gt;
&lt;div class=&quot;preformatted panel&quot; style=&quot;border-width: 1px;&quot;&gt;&lt;div class=&quot;preformattedContent panelContent&quot;&gt;
&lt;pre&gt;TestMiniTezCliDriver-selectDistinctStar.q-vector_decimal_5.q-vector_decimal_2.q-and-12-more - did not produce a TEST-*.xml file
org.apache.hadoop.hive.cli.TestCliDriver.testCliDriver_acid_globallimit
org.apache.hadoop.hive.cli.TestCliDriver.testCliDriver_constantPropagateForSubQuery
org.apache.hadoop.hive.cli.TestCliDriver.testCliDriver_list_bucket_dml_12
org.apache.hadoop.hive.cli.TestCliDriver.testCliDriver_repair
org.apache.hadoop.hive.cli.TestCliDriver.testCliDriver_stats_list_bucket
org.apache.hadoop.hive.cli.TestCliDriver.testCliDriver_subquery_multiinsert
org.apache.hadoop.hive.cli.TestMiniSparkOnYarnCliDriver.testCliDriver_index_bitmap3
org.apache.hadoop.hive.cli.TestMinimrCliDriver.testCliDriver_table_nonprintable
org.apache.hadoop.hive.llap.tezplugins.TestLlapTaskSchedulerService.testDelayedLocalityNodeCommErrorImmediateAllocation
org.apache.hadoop.hive.ql.metadata.TestHiveMetaStoreChecker.testPartitionsCheck
org.apache.hadoop.hive.ql.metadata.TestHiveMetaStoreChecker.testTableCheck
&lt;/pre&gt;
&lt;/div&gt;&lt;/div&gt;

&lt;p&gt;Test results: &lt;a href=&quot;https://builds.apache.org/job/PreCommit-HIVE-MASTER-Build/187/testReport&quot; class=&quot;external-link&quot; rel=&quot;nofollow&quot;&gt;https://builds.apache.org/job/PreCommit-HIVE-MASTER-Build/187/testReport&lt;/a&gt;&lt;br/&gt;
Console output: &lt;a href=&quot;https://builds.apache.org/job/PreCommit-HIVE-MASTER-Build/187/console&quot; class=&quot;external-link&quot; rel=&quot;nofollow&quot;&gt;https://builds.apache.org/job/PreCommit-HIVE-MASTER-Build/187/console&lt;/a&gt;&lt;br/&gt;
Test logs: &lt;a href=&quot;http://ec2-50-18-27-0.us-west-1.compute.amazonaws.com/logs/PreCommit-HIVE-MASTER-Build-187/&quot; class=&quot;external-link&quot; rel=&quot;nofollow&quot;&gt;http://ec2-50-18-27-0.us-west-1.compute.amazonaws.com/logs/PreCommit-HIVE-MASTER-Build-187/&lt;/a&gt;&lt;/p&gt;

&lt;p&gt;Messages:&lt;/p&gt;
&lt;div class=&quot;preformatted panel&quot; style=&quot;border-width: 1px;&quot;&gt;&lt;div class=&quot;preformattedContent panelContent&quot;&gt;
&lt;pre&gt;Executing org.apache.hive.ptest.execution.TestCheckPhase
Executing org.apache.hive.ptest.execution.PrepPhase
Executing org.apache.hive.ptest.execution.ExecutionPhase
Executing org.apache.hive.ptest.execution.ReportingPhase
Tests exited with: TestsFailedException: 12 tests failed
&lt;/pre&gt;
&lt;/div&gt;&lt;/div&gt;

&lt;p&gt;This message is automatically generated.&lt;/p&gt;

&lt;p&gt;ATTACHMENT ID: 12811749 - PreCommit-HIVE-MASTER-Build&lt;/p&gt;</comment>
                            <comment id="15339383" author="mmccline" created="Mon, 20 Jun 2016 11:50:39 +0000"  >&lt;p&gt;Ran&lt;/p&gt;

&lt;div class=&quot;code panel&quot; style=&quot;border-width: 1px;&quot;&gt;&lt;div class=&quot;codeContent panelContent&quot;&gt;
&lt;pre class=&quot;code-java&quot;&gt;
mvn test -Dtest=TestMiniTezCliDriver -Dqfile=selectDistinctStar.q,vector_decimal_5.q,vector_decimal_2.q,schema_evol_orc_acid_mapwork_tae.q,update_all_types.q,auto_sortmerge_join_5.q,vector_outer_join2.q,schema_evol_orc_vec_mapwork_part_all_complex.q,vectorization_0.q,orc_merge_incompat2.q,vector_groupby_3.q,tez_union_multiinsert.q,vectorization_part.q,vector_interval_mapjoin.q,ptf_matchpath.q
&lt;/pre&gt;
&lt;/div&gt;&lt;/div&gt;

&lt;p&gt;on my laptop for the one XML file not produce and it succeeded.&lt;/p&gt;

&lt;p&gt;Other test failures are unrelated.&lt;/p&gt;</comment>
                            <comment id="15339388" author="mmccline" created="Mon, 20 Jun 2016 11:57:52 +0000"  >&lt;p&gt;Committed to master&lt;/p&gt;</comment>
                            <comment id="15398025" author="mmccline" created="Thu, 28 Jul 2016 18:56:53 +0000"  >&lt;p&gt;Also committed to branch-2.1&lt;/p&gt;</comment>
                    </comments>
                    <attachments>
                            <attachment id="12809702" name="HIVE-14000.01.patch" size="1109952" author="mmccline" created="Sun, 12 Jun 2016 12:48:01 +0000"/>
                            <attachment id="12810810" name="HIVE-14000.03.patch" size="1854091" author="mmccline" created="Wed, 15 Jun 2016 10:47:48 +0000"/>
                            <attachment id="12811507" name="HIVE-14000.04.patch" size="1783904" author="mmccline" created="Sat, 18 Jun 2016 03:06:40 +0000"/>
                            <attachment id="12811749" name="HIVE-14000.05.patch" size="1783904" author="mmccline" created="Mon, 20 Jun 2016 04:31:43 +0000"/>
                    </attachments>
                <subtasks>
                    </subtasks>
                <customfields>
                                                <customfield id="customfield_12310310" key="com.atlassian.jira.toolkit:attachments">
                        <customfieldname>Attachment count</customfieldname>
                        <customfieldvalues>
                            <customfieldvalue>4.0</customfieldvalue>
                        </customfieldvalues>
                    </customfield>
                                                                                                                                                                                                                                                                                                                                                                                                                                                                                                                                <customfield id="customfield_12310220" key="com.atlassian.jira.ext.charting:firstresponsedate">
                        <customfieldname>Date of First Response</customfieldname>
                        <customfieldvalues>
                            <customfieldvalue>Sun, 12 Jun 2016 15:09:53 +0000</customfieldvalue>

                        </customfieldvalues>
                    </customfield>
                                                                                                                                                                                                                                                                                                                                                                                                                                            <customfield id="customfield_12310420" key="com.pyxis.greenhopper.jira:gh-global-rank">
                        <customfieldname>Global Rank</customfieldname>
                        <customfieldvalues>
                            <customfieldvalue>9223372036854775807</customfieldvalue>
                        </customfieldvalues>
                    </customfield>
                                                                                                                                                    <customfield id="customfield_12312521" key="com.atlassian.jira.toolkit:LastCommentDate">
                        <customfieldname>Last public comment date</customfieldname>
                        <customfieldvalues>
                            18 weeks ago
                        </customfieldvalues>
                    </customfield>
                                                                                            <customfield id="customfield_12311820" key="com.pyxis.greenhopper.jira:gh-lexo-rank">
                        <customfieldname>Rank</customfieldname>
                        <customfieldvalues>
                            <customfieldvalue>0|i2zcjj:</customfieldvalue>

                        </customfieldvalues>
                    </customfield>
                                                                <customfield id="customfield_12310920" key="com.pyxis.greenhopper.jira:gh-global-rank">
                        <customfieldname>Rank (Obsolete)</customfieldname>
                        <customfieldvalues>
                            <customfieldvalue>9223372036854775807</customfieldvalue>
                        </customfieldvalues>
                    </customfield>
                                                                                                                                                                                                                                                                                                                            <customfield id="customfield_12310222" key="com.atlassian.jira.ext.charting:timeinstatus">
                        <customfieldname>Time in Status</customfieldname>
                        <customfieldvalues>
                            
                        </customfieldvalues>
                    </customfield>
                                                                                                                        </customfields>
    </item>
</channel>
</rss>