<!-- 
RSS generated by JIRA (6.3.4#6332-sha1:51bc225ef474afe3128b2f66878477f322397b16) at Sat Dec 03 01:14:44 UTC 2016

It is possible to restrict the fields that are returned in this document by specifying the 'field' parameter in your request.
For example, to request only the issue key and summary add field=key&field=summary to the URL of your request.
For example:
https://issues.apache.org/jira/si/jira.issueviews:issue-xml/HIVE-1943/HIVE-1943.xml?field=key&amp;field=summary
-->
<rss version="0.92" >
<channel>
    <title>ASF JIRA</title>
    <link>https://issues.apache.org/jira</link>
    <description>This file is an XML representation of an issue</description>
    <language>en-uk</language>    <build-info>
        <version>6.3.4</version>
        <build-number>6332</build-number>
        <build-date>15-08-2014</build-date>
    </build-info>

<item>
            <title>[HIVE-1943] Metastore operations (like drop_partition) could be improved in terms of maintaining consistency of metadata and data</title>
                <link>https://issues.apache.org/jira/browse/HIVE-1943</link>
                <project id="12310843" key="HIVE">Hive</project>
                    <description>&lt;p&gt;Currently, metastore operations with associated hdfs operations like drop_partition doesn&apos;t do a rollback if the hdfs operation fails. The metastore first updates the metadata, and then tries to do hdfs operation. If the hdfs operation fails for any reason, the data on the hdfs will be orphaned. We should improve the situation.&lt;/p&gt;</description>
                <environment></environment>
        <key id="12497414">HIVE-1943</key>
            <summary>Metastore operations (like drop_partition) could be improved in terms of maintaining consistency of metadata and data</summary>
                <type id="1" iconUrl="https://issues.apache.org/jira/images/icons/issuetypes/bug.png">Bug</type>
                                            <priority id="3" iconUrl="https://issues.apache.org/jira/images/icons/priorities/major.png">Major</priority>
                        <status id="6" iconUrl="https://issues.apache.org/jira/images/icons/statuses/closed.png" description="The issue is considered finished, the resolution is correct. Issues which are closed can be reopened.">Closed</status>
                    <statusCategory id="3" key="done" colorName="green"/>
                                    <resolution id="1">Fixed</resolution>
                                        <assignee username="devaraj">Devaraj Das</assignee>
                                    <reporter username="devaraj">Devaraj Das</reporter>
                        <labels>
                    </labels>
                <created>Wed, 2 Feb 2011 02:55:48 +0000</created>
                <updated>Fri, 16 Dec 2011 23:55:39 +0000</updated>
                            <resolved>Fri, 15 Apr 2011 04:53:18 +0000</resolved>
                                                    <fixVersion>0.8.0</fixVersion>
                                    <component>Metastore</component>
                        <due></due>
                            <votes>0</votes>
                                    <watches>2</watches>
                                                                <comments>
                            <comment id="13019083" author="devaraj" created="Tue, 12 Apr 2011 22:12:07 +0000"  >&lt;p&gt;Created a reviewboard review request - &lt;a href=&quot;https://reviews.apache.org/r/586/&quot; class=&quot;external-link&quot; rel=&quot;nofollow&quot;&gt;https://reviews.apache.org/r/586/&lt;/a&gt;&lt;/p&gt;

&lt;p&gt;The patch basically adds checks before updating metadata during operations like drop_table, drop_database, etc. The checks are at the Warehouse layer to see whether the associated data can be really deleted by the user in question. If the data can&apos;t be deleted then the metadata operation is not done. &lt;/p&gt;

&lt;p&gt;This check is configurable and can be disabled.&lt;/p&gt;</comment>
                            <comment id="13019086" author="jiraposter@reviews.apache.org" created="Tue, 12 Apr 2011 22:14:06 +0000"  >
&lt;p&gt;-----------------------------------------------------------&lt;br/&gt;
This is an automatically generated e-mail. To reply, visit:&lt;br/&gt;
&lt;a href=&quot;https://reviews.apache.org/r/586/&quot; class=&quot;external-link&quot; rel=&quot;nofollow&quot;&gt;https://reviews.apache.org/r/586/&lt;/a&gt;&lt;br/&gt;
-----------------------------------------------------------&lt;/p&gt;

&lt;p&gt;Review request for hive.&lt;/p&gt;


&lt;p&gt;Summary&lt;br/&gt;
-------&lt;/p&gt;

&lt;p&gt;This is a patch to handle the issue described in &lt;a href=&quot;https://issues.apache.org/jira/browse/HIVE-1943&quot; title=&quot;Metastore operations (like drop_partition) could be improved in terms of maintaining consistency of metadata and data&quot; class=&quot;issue-link&quot; data-issue-key=&quot;HIVE-1943&quot;&gt;&lt;del&gt;HIVE-1943&lt;/del&gt;&lt;/a&gt;&lt;/p&gt;


&lt;p&gt;This addresses bug &lt;a href=&quot;https://issues.apache.org/jira/browse/HIVE-1943&quot; title=&quot;Metastore operations (like drop_partition) could be improved in terms of maintaining consistency of metadata and data&quot; class=&quot;issue-link&quot; data-issue-key=&quot;HIVE-1943&quot;&gt;&lt;del&gt;HIVE-1943&lt;/del&gt;&lt;/a&gt;.&lt;br/&gt;
    &lt;a href=&quot;https://issues.apache.org/jira/browse/HIVE-1943&quot; class=&quot;external-link&quot; rel=&quot;nofollow&quot;&gt;https://issues.apache.org/jira/browse/HIVE-1943&lt;/a&gt;&lt;/p&gt;


&lt;p&gt;Diffs&lt;/p&gt;
&lt;hr /&gt;

&lt;p&gt;  &lt;a href=&quot;http://svn.apache.org/repos/asf/hive/trunk/common/src/java/org/apache/hadoop/hive/conf/HiveConf.java&quot; class=&quot;external-link&quot; rel=&quot;nofollow&quot;&gt;http://svn.apache.org/repos/asf/hive/trunk/common/src/java/org/apache/hadoop/hive/conf/HiveConf.java&lt;/a&gt; 1090038 &lt;br/&gt;
  &lt;a href=&quot;http://svn.apache.org/repos/asf/hive/trunk/conf/hive-default.xml&quot; class=&quot;external-link&quot; rel=&quot;nofollow&quot;&gt;http://svn.apache.org/repos/asf/hive/trunk/conf/hive-default.xml&lt;/a&gt; 1090038 &lt;br/&gt;
  &lt;a href=&quot;http://svn.apache.org/repos/asf/hive/trunk/metastore/build.xml&quot; class=&quot;external-link&quot; rel=&quot;nofollow&quot;&gt;http://svn.apache.org/repos/asf/hive/trunk/metastore/build.xml&lt;/a&gt; 1090038 &lt;br/&gt;
  &lt;a href=&quot;http://svn.apache.org/repos/asf/hive/trunk/metastore/src/java/org/apache/hadoop/hive/metastore/HiveMetaStore.java&quot; class=&quot;external-link&quot; rel=&quot;nofollow&quot;&gt;http://svn.apache.org/repos/asf/hive/trunk/metastore/src/java/org/apache/hadoop/hive/metastore/HiveMetaStore.java&lt;/a&gt; 1090038 &lt;br/&gt;
  &lt;a href=&quot;http://svn.apache.org/repos/asf/hive/trunk/metastore/src/java/org/apache/hadoop/hive/metastore/MetaStoreUtils.java&quot; class=&quot;external-link&quot; rel=&quot;nofollow&quot;&gt;http://svn.apache.org/repos/asf/hive/trunk/metastore/src/java/org/apache/hadoop/hive/metastore/MetaStoreUtils.java&lt;/a&gt; 1090038 &lt;br/&gt;
  &lt;a href=&quot;http://svn.apache.org/repos/asf/hive/trunk/metastore/src/java/org/apache/hadoop/hive/metastore/Warehouse.java&quot; class=&quot;external-link&quot; rel=&quot;nofollow&quot;&gt;http://svn.apache.org/repos/asf/hive/trunk/metastore/src/java/org/apache/hadoop/hive/metastore/Warehouse.java&lt;/a&gt; 1090038 &lt;br/&gt;
  &lt;a href=&quot;http://svn.apache.org/repos/asf/hive/trunk/metastore/src/test/org/apache/hadoop/hive/metastore/TestMetaStoreAuthorization.java&quot; class=&quot;external-link&quot; rel=&quot;nofollow&quot;&gt;http://svn.apache.org/repos/asf/hive/trunk/metastore/src/test/org/apache/hadoop/hive/metastore/TestMetaStoreAuthorization.java&lt;/a&gt; PRE-CREATION &lt;br/&gt;
  &lt;a href=&quot;http://svn.apache.org/repos/asf/hive/trunk/shims/src/0.20/java/org/apache/hadoop/hive/shims/Hadoop20Shims.java&quot; class=&quot;external-link&quot; rel=&quot;nofollow&quot;&gt;http://svn.apache.org/repos/asf/hive/trunk/shims/src/0.20/java/org/apache/hadoop/hive/shims/Hadoop20Shims.java&lt;/a&gt; 1090038 &lt;br/&gt;
  &lt;a href=&quot;http://svn.apache.org/repos/asf/hive/trunk/shims/src/0.20S/java/org/apache/hadoop/hive/shims/Hadoop20SShims.java&quot; class=&quot;external-link&quot; rel=&quot;nofollow&quot;&gt;http://svn.apache.org/repos/asf/hive/trunk/shims/src/0.20S/java/org/apache/hadoop/hive/shims/Hadoop20SShims.java&lt;/a&gt; 1090038 &lt;br/&gt;
  &lt;a href=&quot;http://svn.apache.org/repos/asf/hive/trunk/shims/src/common/java/org/apache/hadoop/hive/shims/HadoopShims.java&quot; class=&quot;external-link&quot; rel=&quot;nofollow&quot;&gt;http://svn.apache.org/repos/asf/hive/trunk/shims/src/common/java/org/apache/hadoop/hive/shims/HadoopShims.java&lt;/a&gt; 1090038 &lt;br/&gt;
  &lt;a href=&quot;http://svn.apache.org/repos/asf/hive/trunk/shims/src/test/org/apache/hadoop/hive/thrift/TestHadoop20SAuthBridge.java&quot; class=&quot;external-link&quot; rel=&quot;nofollow&quot;&gt;http://svn.apache.org/repos/asf/hive/trunk/shims/src/test/org/apache/hadoop/hive/thrift/TestHadoop20SAuthBridge.java&lt;/a&gt; 1090038 &lt;/p&gt;

&lt;p&gt;Diff: &lt;a href=&quot;https://reviews.apache.org/r/586/diff&quot; class=&quot;external-link&quot; rel=&quot;nofollow&quot;&gt;https://reviews.apache.org/r/586/diff&lt;/a&gt;&lt;/p&gt;


&lt;p&gt;Testing&lt;br/&gt;
-------&lt;/p&gt;

&lt;p&gt;Unit tests added.&lt;/p&gt;


&lt;p&gt;Thanks,&lt;/p&gt;

&lt;p&gt;Devaraj&lt;/p&gt;
</comment>
                            <comment id="13019226" author="jiraposter@reviews.apache.org" created="Wed, 13 Apr 2011 06:22:06 +0000"  >
&lt;p&gt;-----------------------------------------------------------&lt;br/&gt;
This is an automatically generated e-mail. To reply, visit:&lt;br/&gt;
&lt;a href=&quot;https://reviews.apache.org/r/586/#review437&quot; class=&quot;external-link&quot; rel=&quot;nofollow&quot;&gt;https://reviews.apache.org/r/586/#review437&lt;/a&gt;&lt;br/&gt;
-----------------------------------------------------------&lt;/p&gt;



&lt;p&gt;&lt;a href=&quot;http://svn.apache.org/repos/asf/hive/trunk/metastore/build.xml&quot; class=&quot;external-link&quot; rel=&quot;nofollow&quot;&gt;http://svn.apache.org/repos/asf/hive/trunk/metastore/build.xml&lt;/a&gt;&lt;br/&gt;
&amp;lt;&lt;a href=&quot;https://reviews.apache.org/r/586/#comment851&quot; class=&quot;external-link&quot; rel=&quot;nofollow&quot;&gt;https://reviews.apache.org/r/586/#comment851&lt;/a&gt;&amp;gt;&lt;/p&gt;

&lt;p&gt;    Did not understand why this change is required?&lt;/p&gt;



&lt;p&gt;&lt;a href=&quot;http://svn.apache.org/repos/asf/hive/trunk/metastore/src/java/org/apache/hadoop/hive/metastore/HiveMetaStore.java&quot; class=&quot;external-link&quot; rel=&quot;nofollow&quot;&gt;http://svn.apache.org/repos/asf/hive/trunk/metastore/src/java/org/apache/hadoop/hive/metastore/HiveMetaStore.java&lt;/a&gt;&lt;br/&gt;
&amp;lt;&lt;a href=&quot;https://reviews.apache.org/r/586/#comment850&quot; class=&quot;external-link&quot; rel=&quot;nofollow&quot;&gt;https://reviews.apache.org/r/586/#comment850&lt;/a&gt;&amp;gt;&lt;/p&gt;

&lt;p&gt;    change Table metadata to databse metadata? &lt;/p&gt;



&lt;p&gt;&lt;a href=&quot;http://svn.apache.org/repos/asf/hive/trunk/metastore/src/java/org/apache/hadoop/hive/metastore/HiveMetaStore.java&quot; class=&quot;external-link&quot; rel=&quot;nofollow&quot;&gt;http://svn.apache.org/repos/asf/hive/trunk/metastore/src/java/org/apache/hadoop/hive/metastore/HiveMetaStore.java&lt;/a&gt;&lt;br/&gt;
&amp;lt;&lt;a href=&quot;https://reviews.apache.org/r/586/#comment849&quot; class=&quot;external-link&quot; rel=&quot;nofollow&quot;&gt;https://reviews.apache.org/r/586/#comment849&lt;/a&gt;&amp;gt;&lt;/p&gt;

&lt;p&gt;    change Table metadata to partition metadata?&lt;/p&gt;



&lt;p&gt;&lt;a href=&quot;http://svn.apache.org/repos/asf/hive/trunk/metastore/src/java/org/apache/hadoop/hive/metastore/HiveMetaStore.java&quot; class=&quot;external-link&quot; rel=&quot;nofollow&quot;&gt;http://svn.apache.org/repos/asf/hive/trunk/metastore/src/java/org/apache/hadoop/hive/metastore/HiveMetaStore.java&lt;/a&gt;&lt;br/&gt;
&amp;lt;&lt;a href=&quot;https://reviews.apache.org/r/586/#comment848&quot; class=&quot;external-link&quot; rel=&quot;nofollow&quot;&gt;https://reviews.apache.org/r/586/#comment848&lt;/a&gt;&amp;gt;&lt;/p&gt;

&lt;p&gt;    change Table metadata to partition metadata?&lt;/p&gt;



&lt;p&gt;&lt;a href=&quot;http://svn.apache.org/repos/asf/hive/trunk/metastore/src/test/org/apache/hadoop/hive/metastore/TestMetaStoreAuthorization.java&quot; class=&quot;external-link&quot; rel=&quot;nofollow&quot;&gt;http://svn.apache.org/repos/asf/hive/trunk/metastore/src/test/org/apache/hadoop/hive/metastore/TestMetaStoreAuthorization.java&lt;/a&gt;&lt;br/&gt;
&amp;lt;&lt;a href=&quot;https://reviews.apache.org/r/586/#comment845&quot; class=&quot;external-link&quot; rel=&quot;nofollow&quot;&gt;https://reviews.apache.org/r/586/#comment845&lt;/a&gt;&amp;gt;&lt;/p&gt;

&lt;p&gt;    Can this be changed to assert statement instead of throwing exception?&lt;/p&gt;



&lt;p&gt;&lt;a href=&quot;http://svn.apache.org/repos/asf/hive/trunk/metastore/src/test/org/apache/hadoop/hive/metastore/TestMetaStoreAuthorization.java&quot; class=&quot;external-link&quot; rel=&quot;nofollow&quot;&gt;http://svn.apache.org/repos/asf/hive/trunk/metastore/src/test/org/apache/hadoop/hive/metastore/TestMetaStoreAuthorization.java&lt;/a&gt;&lt;br/&gt;
&amp;lt;&lt;a href=&quot;https://reviews.apache.org/r/586/#comment846&quot; class=&quot;external-link&quot; rel=&quot;nofollow&quot;&gt;https://reviews.apache.org/r/586/#comment846&lt;/a&gt;&amp;gt;&lt;/p&gt;

&lt;p&gt;    Can this be changed to assert statement instead of throwing exception?&lt;/p&gt;



&lt;p&gt;&lt;a href=&quot;http://svn.apache.org/repos/asf/hive/trunk/metastore/src/test/org/apache/hadoop/hive/metastore/TestMetaStoreAuthorization.java&quot; class=&quot;external-link&quot; rel=&quot;nofollow&quot;&gt;http://svn.apache.org/repos/asf/hive/trunk/metastore/src/test/org/apache/hadoop/hive/metastore/TestMetaStoreAuthorization.java&lt;/a&gt;&lt;br/&gt;
&amp;lt;&lt;a href=&quot;https://reviews.apache.org/r/586/#comment847&quot; class=&quot;external-link&quot; rel=&quot;nofollow&quot;&gt;https://reviews.apache.org/r/586/#comment847&lt;/a&gt;&amp;gt;&lt;/p&gt;

&lt;p&gt;    Can we add the test for group writable also?&lt;/p&gt;


&lt;ul class=&quot;alternate&quot; type=&quot;square&quot;&gt;
	&lt;li&gt;Amareshwari&lt;/li&gt;
&lt;/ul&gt;



&lt;p&gt;On 2011-04-12 22:12:32, Devaraj Das wrote:&lt;/p&gt;
&lt;blockquote&gt;&lt;p&gt;&lt;/p&gt;&lt;/blockquote&gt;
&lt;blockquote&gt;&lt;p&gt;-----------------------------------------------------------&lt;/p&gt;&lt;/blockquote&gt;
&lt;blockquote&gt;&lt;p&gt;This is an automatically generated e-mail. To reply, visit:&lt;/p&gt;&lt;/blockquote&gt;
&lt;blockquote&gt;&lt;p&gt;&lt;a href=&quot;https://reviews.apache.org/r/586/&quot; class=&quot;external-link&quot; rel=&quot;nofollow&quot;&gt;https://reviews.apache.org/r/586/&lt;/a&gt;&lt;/p&gt;&lt;/blockquote&gt;
&lt;blockquote&gt;&lt;p&gt;-----------------------------------------------------------&lt;/p&gt;&lt;/blockquote&gt;
&lt;blockquote&gt;&lt;p&gt;&lt;/p&gt;&lt;/blockquote&gt;
&lt;blockquote&gt;&lt;p&gt;(Updated 2011-04-12 22:12:32)&lt;/p&gt;&lt;/blockquote&gt;
&lt;blockquote&gt;&lt;p&gt;&lt;/p&gt;&lt;/blockquote&gt;
&lt;blockquote&gt;&lt;p&gt;&lt;/p&gt;&lt;/blockquote&gt;
&lt;blockquote&gt;&lt;p&gt;Review request for hive.&lt;/p&gt;&lt;/blockquote&gt;
&lt;blockquote&gt;&lt;p&gt;&lt;/p&gt;&lt;/blockquote&gt;
&lt;blockquote&gt;&lt;p&gt;&lt;/p&gt;&lt;/blockquote&gt;
&lt;blockquote&gt;&lt;p&gt;Summary&lt;/p&gt;&lt;/blockquote&gt;
&lt;blockquote&gt;&lt;p&gt;-------&lt;/p&gt;&lt;/blockquote&gt;
&lt;blockquote&gt;&lt;p&gt;&lt;/p&gt;&lt;/blockquote&gt;
&lt;blockquote&gt;&lt;p&gt;This is a patch to handle the issue described in &lt;a href=&quot;https://issues.apache.org/jira/browse/HIVE-1943&quot; title=&quot;Metastore operations (like drop_partition) could be improved in terms of maintaining consistency of metadata and data&quot; class=&quot;issue-link&quot; data-issue-key=&quot;HIVE-1943&quot;&gt;&lt;del&gt;HIVE-1943&lt;/del&gt;&lt;/a&gt;&lt;/p&gt;&lt;/blockquote&gt;
&lt;blockquote&gt;&lt;p&gt;&lt;/p&gt;&lt;/blockquote&gt;
&lt;blockquote&gt;&lt;p&gt;&lt;/p&gt;&lt;/blockquote&gt;
&lt;blockquote&gt;&lt;p&gt;This addresses bug &lt;a href=&quot;https://issues.apache.org/jira/browse/HIVE-1943&quot; title=&quot;Metastore operations (like drop_partition) could be improved in terms of maintaining consistency of metadata and data&quot; class=&quot;issue-link&quot; data-issue-key=&quot;HIVE-1943&quot;&gt;&lt;del&gt;HIVE-1943&lt;/del&gt;&lt;/a&gt;.&lt;/p&gt;&lt;/blockquote&gt;
&lt;blockquote&gt;&lt;p&gt;&lt;a href=&quot;https://issues.apache.org/jira/browse/HIVE-1943&quot; class=&quot;external-link&quot; rel=&quot;nofollow&quot;&gt;https://issues.apache.org/jira/browse/HIVE-1943&lt;/a&gt;&lt;/p&gt;&lt;/blockquote&gt;
&lt;blockquote&gt;&lt;p&gt;&lt;/p&gt;&lt;/blockquote&gt;
&lt;blockquote&gt;&lt;p&gt;&lt;/p&gt;&lt;/blockquote&gt;
&lt;blockquote&gt;&lt;p&gt;Diffs&lt;/p&gt;&lt;/blockquote&gt;
&lt;blockquote&gt;&lt;p&gt;-----&lt;/p&gt;&lt;/blockquote&gt;
&lt;blockquote&gt;&lt;p&gt;&lt;/p&gt;&lt;/blockquote&gt;
&lt;blockquote&gt;&lt;p&gt;&lt;a href=&quot;http://svn.apache.org/repos/asf/hive/trunk/common/src/java/org/apache/hadoop/hive/conf/HiveConf.java&quot; class=&quot;external-link&quot; rel=&quot;nofollow&quot;&gt;http://svn.apache.org/repos/asf/hive/trunk/common/src/java/org/apache/hadoop/hive/conf/HiveConf.java&lt;/a&gt; 1090038 &lt;/p&gt;&lt;/blockquote&gt;
&lt;blockquote&gt;&lt;p&gt;&lt;a href=&quot;http://svn.apache.org/repos/asf/hive/trunk/conf/hive-default.xml&quot; class=&quot;external-link&quot; rel=&quot;nofollow&quot;&gt;http://svn.apache.org/repos/asf/hive/trunk/conf/hive-default.xml&lt;/a&gt; 1090038 &lt;/p&gt;&lt;/blockquote&gt;
&lt;blockquote&gt;&lt;p&gt;&lt;a href=&quot;http://svn.apache.org/repos/asf/hive/trunk/metastore/build.xml&quot; class=&quot;external-link&quot; rel=&quot;nofollow&quot;&gt;http://svn.apache.org/repos/asf/hive/trunk/metastore/build.xml&lt;/a&gt; 1090038 &lt;/p&gt;&lt;/blockquote&gt;
&lt;blockquote&gt;&lt;p&gt;&lt;a href=&quot;http://svn.apache.org/repos/asf/hive/trunk/metastore/src/java/org/apache/hadoop/hive/metastore/HiveMetaStore.java&quot; class=&quot;external-link&quot; rel=&quot;nofollow&quot;&gt;http://svn.apache.org/repos/asf/hive/trunk/metastore/src/java/org/apache/hadoop/hive/metastore/HiveMetaStore.java&lt;/a&gt; 1090038 &lt;/p&gt;&lt;/blockquote&gt;
&lt;blockquote&gt;&lt;p&gt;&lt;a href=&quot;http://svn.apache.org/repos/asf/hive/trunk/metastore/src/java/org/apache/hadoop/hive/metastore/MetaStoreUtils.java&quot; class=&quot;external-link&quot; rel=&quot;nofollow&quot;&gt;http://svn.apache.org/repos/asf/hive/trunk/metastore/src/java/org/apache/hadoop/hive/metastore/MetaStoreUtils.java&lt;/a&gt; 1090038 &lt;/p&gt;&lt;/blockquote&gt;
&lt;blockquote&gt;&lt;p&gt;&lt;a href=&quot;http://svn.apache.org/repos/asf/hive/trunk/metastore/src/java/org/apache/hadoop/hive/metastore/Warehouse.java&quot; class=&quot;external-link&quot; rel=&quot;nofollow&quot;&gt;http://svn.apache.org/repos/asf/hive/trunk/metastore/src/java/org/apache/hadoop/hive/metastore/Warehouse.java&lt;/a&gt; 1090038 &lt;/p&gt;&lt;/blockquote&gt;
&lt;blockquote&gt;&lt;p&gt;&lt;a href=&quot;http://svn.apache.org/repos/asf/hive/trunk/metastore/src/test/org/apache/hadoop/hive/metastore/TestMetaStoreAuthorization.java&quot; class=&quot;external-link&quot; rel=&quot;nofollow&quot;&gt;http://svn.apache.org/repos/asf/hive/trunk/metastore/src/test/org/apache/hadoop/hive/metastore/TestMetaStoreAuthorization.java&lt;/a&gt; PRE-CREATION &lt;/p&gt;&lt;/blockquote&gt;
&lt;blockquote&gt;&lt;p&gt;&lt;a href=&quot;http://svn.apache.org/repos/asf/hive/trunk/shims/src/0.20/java/org/apache/hadoop/hive/shims/Hadoop20Shims.java&quot; class=&quot;external-link&quot; rel=&quot;nofollow&quot;&gt;http://svn.apache.org/repos/asf/hive/trunk/shims/src/0.20/java/org/apache/hadoop/hive/shims/Hadoop20Shims.java&lt;/a&gt; 1090038 &lt;/p&gt;&lt;/blockquote&gt;
&lt;blockquote&gt;&lt;p&gt;&lt;a href=&quot;http://svn.apache.org/repos/asf/hive/trunk/shims/src/0.20S/java/org/apache/hadoop/hive/shims/Hadoop20SShims.java&quot; class=&quot;external-link&quot; rel=&quot;nofollow&quot;&gt;http://svn.apache.org/repos/asf/hive/trunk/shims/src/0.20S/java/org/apache/hadoop/hive/shims/Hadoop20SShims.java&lt;/a&gt; 1090038 &lt;/p&gt;&lt;/blockquote&gt;
&lt;blockquote&gt;&lt;p&gt;&lt;a href=&quot;http://svn.apache.org/repos/asf/hive/trunk/shims/src/common/java/org/apache/hadoop/hive/shims/HadoopShims.java&quot; class=&quot;external-link&quot; rel=&quot;nofollow&quot;&gt;http://svn.apache.org/repos/asf/hive/trunk/shims/src/common/java/org/apache/hadoop/hive/shims/HadoopShims.java&lt;/a&gt; 1090038 &lt;/p&gt;&lt;/blockquote&gt;
&lt;blockquote&gt;&lt;p&gt;&lt;a href=&quot;http://svn.apache.org/repos/asf/hive/trunk/shims/src/test/org/apache/hadoop/hive/thrift/TestHadoop20SAuthBridge.java&quot; class=&quot;external-link&quot; rel=&quot;nofollow&quot;&gt;http://svn.apache.org/repos/asf/hive/trunk/shims/src/test/org/apache/hadoop/hive/thrift/TestHadoop20SAuthBridge.java&lt;/a&gt; 1090038 &lt;/p&gt;&lt;/blockquote&gt;
&lt;blockquote&gt;&lt;p&gt;&lt;/p&gt;&lt;/blockquote&gt;
&lt;blockquote&gt;&lt;p&gt;Diff: &lt;a href=&quot;https://reviews.apache.org/r/586/diff&quot; class=&quot;external-link&quot; rel=&quot;nofollow&quot;&gt;https://reviews.apache.org/r/586/diff&lt;/a&gt;&lt;/p&gt;&lt;/blockquote&gt;
&lt;blockquote&gt;&lt;p&gt;&lt;/p&gt;&lt;/blockquote&gt;
&lt;blockquote&gt;&lt;p&gt;&lt;/p&gt;&lt;/blockquote&gt;
&lt;blockquote&gt;&lt;p&gt;Testing&lt;/p&gt;&lt;/blockquote&gt;
&lt;blockquote&gt;&lt;p&gt;-------&lt;/p&gt;&lt;/blockquote&gt;
&lt;blockquote&gt;&lt;p&gt;&lt;/p&gt;&lt;/blockquote&gt;
&lt;blockquote&gt;&lt;p&gt;Unit tests added.&lt;/p&gt;&lt;/blockquote&gt;
&lt;blockquote&gt;&lt;p&gt;&lt;/p&gt;&lt;/blockquote&gt;
&lt;blockquote&gt;&lt;p&gt;&lt;/p&gt;&lt;/blockquote&gt;
&lt;blockquote&gt;&lt;p&gt;Thanks,&lt;/p&gt;&lt;/blockquote&gt;
&lt;blockquote&gt;&lt;p&gt;&lt;/p&gt;&lt;/blockquote&gt;
&lt;blockquote&gt;&lt;p&gt;Devaraj&lt;/p&gt;&lt;/blockquote&gt;
&lt;blockquote&gt;&lt;p&gt;&lt;/p&gt;&lt;/blockquote&gt;
&lt;blockquote&gt;&lt;p&gt;&lt;/p&gt;&lt;/blockquote&gt;
</comment>
                            <comment id="13019232" author="jiraposter@reviews.apache.org" created="Wed, 13 Apr 2011 07:06:05 +0000"  >

&lt;blockquote&gt;&lt;p&gt;On 2011-04-13 06:21:06, Amareshwari Sriramadasu wrote:&lt;/p&gt;&lt;/blockquote&gt;
&lt;blockquote&gt;&lt;p&gt;&amp;gt; &lt;a href=&quot;http://svn.apache.org/repos/asf/hive/trunk/metastore/build.xml&quot; class=&quot;external-link&quot; rel=&quot;nofollow&quot;&gt;http://svn.apache.org/repos/asf/hive/trunk/metastore/build.xml&lt;/a&gt;, lines 25-46&lt;/p&gt;&lt;/blockquote&gt;
&lt;blockquote&gt;&lt;p&gt;&amp;gt; &amp;lt;&lt;a href=&quot;https://reviews.apache.org/r/586/diff/1/?file=15648#file15648line25&quot; class=&quot;external-link&quot; rel=&quot;nofollow&quot;&gt;https://reviews.apache.org/r/586/diff/1/?file=15648#file15648line25&lt;/a&gt;&amp;gt;&lt;/p&gt;&lt;/blockquote&gt;
&lt;blockquote&gt;&lt;p&gt;&amp;gt;&lt;/p&gt;&lt;/blockquote&gt;
&lt;blockquote&gt;&lt;p&gt;&amp;gt;     Did not understand why this change is required?&lt;/p&gt;&lt;/blockquote&gt;

&lt;p&gt;Right. This is not needed (it was needed in an earlier version of the TestMetaStoreAuthorization).&lt;/p&gt;


&lt;blockquote&gt;&lt;p&gt;On 2011-04-13 06:21:06, Amareshwari Sriramadasu wrote:&lt;/p&gt;&lt;/blockquote&gt;
&lt;blockquote&gt;&lt;p&gt;&amp;gt; &lt;a href=&quot;http://svn.apache.org/repos/asf/hive/trunk/metastore/src/java/org/apache/hadoop/hive/metastore/HiveMetaStore.java&quot; class=&quot;external-link&quot; rel=&quot;nofollow&quot;&gt;http://svn.apache.org/repos/asf/hive/trunk/metastore/src/java/org/apache/hadoop/hive/metastore/HiveMetaStore.java&lt;/a&gt;, line 649&lt;/p&gt;&lt;/blockquote&gt;
&lt;blockquote&gt;&lt;p&gt;&amp;gt; &amp;lt;&lt;a href=&quot;https://reviews.apache.org/r/586/diff/1/?file=15649#file15649line649&quot; class=&quot;external-link&quot; rel=&quot;nofollow&quot;&gt;https://reviews.apache.org/r/586/diff/1/?file=15649#file15649line649&lt;/a&gt;&amp;gt;&lt;/p&gt;&lt;/blockquote&gt;
&lt;blockquote&gt;&lt;p&gt;&amp;gt;&lt;/p&gt;&lt;/blockquote&gt;
&lt;blockquote&gt;&lt;p&gt;&amp;gt;     change Table metadata to databse metadata?&lt;/p&gt;&lt;/blockquote&gt;

&lt;p&gt;Copy-paste problem &lt;img class=&quot;emoticon&quot; src=&quot;https://issues.apache.org/jira/images/icons/emoticons/sad.gif&quot; height=&quot;16&quot; width=&quot;16&quot; align=&quot;absmiddle&quot; alt=&quot;&quot; border=&quot;0&quot;/&gt;&lt;/p&gt;


&lt;blockquote&gt;&lt;p&gt;On 2011-04-13 06:21:06, Amareshwari Sriramadasu wrote:&lt;/p&gt;&lt;/blockquote&gt;
&lt;blockquote&gt;&lt;p&gt;&amp;gt; &lt;a href=&quot;http://svn.apache.org/repos/asf/hive/trunk/metastore/src/java/org/apache/hadoop/hive/metastore/HiveMetaStore.java&quot; class=&quot;external-link&quot; rel=&quot;nofollow&quot;&gt;http://svn.apache.org/repos/asf/hive/trunk/metastore/src/java/org/apache/hadoop/hive/metastore/HiveMetaStore.java&lt;/a&gt;, line 1399&lt;/p&gt;&lt;/blockquote&gt;
&lt;blockquote&gt;&lt;p&gt;&amp;gt; &amp;lt;&lt;a href=&quot;https://reviews.apache.org/r/586/diff/1/?file=15649#file15649line1399&quot; class=&quot;external-link&quot; rel=&quot;nofollow&quot;&gt;https://reviews.apache.org/r/586/diff/1/?file=15649#file15649line1399&lt;/a&gt;&amp;gt;&lt;/p&gt;&lt;/blockquote&gt;
&lt;blockquote&gt;&lt;p&gt;&amp;gt;&lt;/p&gt;&lt;/blockquote&gt;
&lt;blockquote&gt;&lt;p&gt;&amp;gt;     change Table metadata to partition metadata?&lt;/p&gt;&lt;/blockquote&gt;

&lt;p&gt;Copy-paste problem &lt;img class=&quot;emoticon&quot; src=&quot;https://issues.apache.org/jira/images/icons/emoticons/sad.gif&quot; height=&quot;16&quot; width=&quot;16&quot; align=&quot;absmiddle&quot; alt=&quot;&quot; border=&quot;0&quot;/&gt;&lt;/p&gt;


&lt;blockquote&gt;&lt;p&gt;On 2011-04-13 06:21:06, Amareshwari Sriramadasu wrote:&lt;/p&gt;&lt;/blockquote&gt;
&lt;blockquote&gt;&lt;p&gt;&amp;gt; &lt;a href=&quot;http://svn.apache.org/repos/asf/hive/trunk/metastore/src/java/org/apache/hadoop/hive/metastore/HiveMetaStore.java&quot; class=&quot;external-link&quot; rel=&quot;nofollow&quot;&gt;http://svn.apache.org/repos/asf/hive/trunk/metastore/src/java/org/apache/hadoop/hive/metastore/HiveMetaStore.java&lt;/a&gt;, line 1411&lt;/p&gt;&lt;/blockquote&gt;
&lt;blockquote&gt;&lt;p&gt;&amp;gt; &amp;lt;&lt;a href=&quot;https://reviews.apache.org/r/586/diff/1/?file=15649#file15649line1411&quot; class=&quot;external-link&quot; rel=&quot;nofollow&quot;&gt;https://reviews.apache.org/r/586/diff/1/?file=15649#file15649line1411&lt;/a&gt;&amp;gt;&lt;/p&gt;&lt;/blockquote&gt;
&lt;blockquote&gt;&lt;p&gt;&amp;gt;&lt;/p&gt;&lt;/blockquote&gt;
&lt;blockquote&gt;&lt;p&gt;&amp;gt;     change Table metadata to partition metadata?&lt;/p&gt;&lt;/blockquote&gt;

&lt;p&gt;Copy-paste problem &lt;img class=&quot;emoticon&quot; src=&quot;https://issues.apache.org/jira/images/icons/emoticons/sad.gif&quot; height=&quot;16&quot; width=&quot;16&quot; align=&quot;absmiddle&quot; alt=&quot;&quot; border=&quot;0&quot;/&gt;&lt;/p&gt;


&lt;blockquote&gt;&lt;p&gt;On 2011-04-13 06:21:06, Amareshwari Sriramadasu wrote:&lt;/p&gt;&lt;/blockquote&gt;
&lt;blockquote&gt;&lt;p&gt;&amp;gt; &lt;a href=&quot;http://svn.apache.org/repos/asf/hive/trunk/metastore/src/test/org/apache/hadoop/hive/metastore/TestMetaStoreAuthorization.java&quot; class=&quot;external-link&quot; rel=&quot;nofollow&quot;&gt;http://svn.apache.org/repos/asf/hive/trunk/metastore/src/test/org/apache/hadoop/hive/metastore/TestMetaStoreAuthorization.java&lt;/a&gt;, lines 63-65&lt;/p&gt;&lt;/blockquote&gt;
&lt;blockquote&gt;&lt;p&gt;&amp;gt; &amp;lt;&lt;a href=&quot;https://reviews.apache.org/r/586/diff/1/?file=15652#file15652line63&quot; class=&quot;external-link&quot; rel=&quot;nofollow&quot;&gt;https://reviews.apache.org/r/586/diff/1/?file=15652#file15652line63&lt;/a&gt;&amp;gt;&lt;/p&gt;&lt;/blockquote&gt;
&lt;blockquote&gt;&lt;p&gt;&amp;gt;&lt;/p&gt;&lt;/blockquote&gt;
&lt;blockquote&gt;&lt;p&gt;&amp;gt;     Can this be changed to assert statement instead of throwing exception?&lt;/p&gt;&lt;/blockquote&gt;

&lt;p&gt;Okay, will make it an assert.&lt;/p&gt;


&lt;blockquote&gt;&lt;p&gt;On 2011-04-13 06:21:06, Amareshwari Sriramadasu wrote:&lt;/p&gt;&lt;/blockquote&gt;
&lt;blockquote&gt;&lt;p&gt;&amp;gt; &lt;a href=&quot;http://svn.apache.org/repos/asf/hive/trunk/metastore/src/test/org/apache/hadoop/hive/metastore/TestMetaStoreAuthorization.java&quot; class=&quot;external-link&quot; rel=&quot;nofollow&quot;&gt;http://svn.apache.org/repos/asf/hive/trunk/metastore/src/test/org/apache/hadoop/hive/metastore/TestMetaStoreAuthorization.java&lt;/a&gt;, lines 67-69&lt;/p&gt;&lt;/blockquote&gt;
&lt;blockquote&gt;&lt;p&gt;&amp;gt; &amp;lt;&lt;a href=&quot;https://reviews.apache.org/r/586/diff/1/?file=15652#file15652line67&quot; class=&quot;external-link&quot; rel=&quot;nofollow&quot;&gt;https://reviews.apache.org/r/586/diff/1/?file=15652#file15652line67&lt;/a&gt;&amp;gt;&lt;/p&gt;&lt;/blockquote&gt;
&lt;blockquote&gt;&lt;p&gt;&amp;gt;&lt;/p&gt;&lt;/blockquote&gt;
&lt;blockquote&gt;&lt;p&gt;&amp;gt;     Can this be changed to assert statement instead of throwing exception?&lt;/p&gt;&lt;/blockquote&gt;

&lt;p&gt;Okay, will make it an assert.&lt;/p&gt;


&lt;blockquote&gt;&lt;p&gt;On 2011-04-13 06:21:06, Amareshwari Sriramadasu wrote:&lt;/p&gt;&lt;/blockquote&gt;
&lt;blockquote&gt;&lt;p&gt;&amp;gt; &lt;a href=&quot;http://svn.apache.org/repos/asf/hive/trunk/metastore/src/test/org/apache/hadoop/hive/metastore/TestMetaStoreAuthorization.java&quot; class=&quot;external-link&quot; rel=&quot;nofollow&quot;&gt;http://svn.apache.org/repos/asf/hive/trunk/metastore/src/test/org/apache/hadoop/hive/metastore/TestMetaStoreAuthorization.java&lt;/a&gt;, line 73&lt;/p&gt;&lt;/blockquote&gt;
&lt;blockquote&gt;&lt;p&gt;&amp;gt; &amp;lt;&lt;a href=&quot;https://reviews.apache.org/r/586/diff/1/?file=15652#file15652line73&quot; class=&quot;external-link&quot; rel=&quot;nofollow&quot;&gt;https://reviews.apache.org/r/586/diff/1/?file=15652#file15652line73&lt;/a&gt;&amp;gt;&lt;/p&gt;&lt;/blockquote&gt;
&lt;blockquote&gt;&lt;p&gt;&amp;gt;&lt;/p&gt;&lt;/blockquote&gt;
&lt;blockquote&gt;&lt;p&gt;&amp;gt;     Can we add the test for group writable also?&lt;/p&gt;&lt;/blockquote&gt;

&lt;p&gt;That&apos;s a bit tricky. The reason being that the test might give out false positives, since the isWritable call doesn&apos;t take any argument to signify for which entity (owner or group) we are doing the check. For example, isWritable(foo) will return true for both 570 and 750 permissions on foo. We really can&apos;t say whether the test passed because the check for the owner part returned true, or, the check for the group part returned true. If i break up the method isWritable to three methods that do checks on owner, group, and, others, respectively, i can do the tests for all three, but have a feeling that that will be an overkill.. Thoughts?&lt;/p&gt;


&lt;ul class=&quot;alternate&quot; type=&quot;square&quot;&gt;
	&lt;li&gt;Devaraj&lt;/li&gt;
&lt;/ul&gt;



&lt;p&gt;-----------------------------------------------------------&lt;br/&gt;
This is an automatically generated e-mail. To reply, visit:&lt;br/&gt;
&lt;a href=&quot;https://reviews.apache.org/r/586/#review437&quot; class=&quot;external-link&quot; rel=&quot;nofollow&quot;&gt;https://reviews.apache.org/r/586/#review437&lt;/a&gt;&lt;br/&gt;
-----------------------------------------------------------&lt;/p&gt;


&lt;p&gt;On 2011-04-12 22:12:32, Devaraj Das wrote:&lt;/p&gt;
&lt;blockquote&gt;&lt;p&gt;&lt;/p&gt;&lt;/blockquote&gt;
&lt;blockquote&gt;&lt;p&gt;-----------------------------------------------------------&lt;/p&gt;&lt;/blockquote&gt;
&lt;blockquote&gt;&lt;p&gt;This is an automatically generated e-mail. To reply, visit:&lt;/p&gt;&lt;/blockquote&gt;
&lt;blockquote&gt;&lt;p&gt;&lt;a href=&quot;https://reviews.apache.org/r/586/&quot; class=&quot;external-link&quot; rel=&quot;nofollow&quot;&gt;https://reviews.apache.org/r/586/&lt;/a&gt;&lt;/p&gt;&lt;/blockquote&gt;
&lt;blockquote&gt;&lt;p&gt;-----------------------------------------------------------&lt;/p&gt;&lt;/blockquote&gt;
&lt;blockquote&gt;&lt;p&gt;&lt;/p&gt;&lt;/blockquote&gt;
&lt;blockquote&gt;&lt;p&gt;(Updated 2011-04-12 22:12:32)&lt;/p&gt;&lt;/blockquote&gt;
&lt;blockquote&gt;&lt;p&gt;&lt;/p&gt;&lt;/blockquote&gt;
&lt;blockquote&gt;&lt;p&gt;&lt;/p&gt;&lt;/blockquote&gt;
&lt;blockquote&gt;&lt;p&gt;Review request for hive.&lt;/p&gt;&lt;/blockquote&gt;
&lt;blockquote&gt;&lt;p&gt;&lt;/p&gt;&lt;/blockquote&gt;
&lt;blockquote&gt;&lt;p&gt;&lt;/p&gt;&lt;/blockquote&gt;
&lt;blockquote&gt;&lt;p&gt;Summary&lt;/p&gt;&lt;/blockquote&gt;
&lt;blockquote&gt;&lt;p&gt;-------&lt;/p&gt;&lt;/blockquote&gt;
&lt;blockquote&gt;&lt;p&gt;&lt;/p&gt;&lt;/blockquote&gt;
&lt;blockquote&gt;&lt;p&gt;This is a patch to handle the issue described in &lt;a href=&quot;https://issues.apache.org/jira/browse/HIVE-1943&quot; title=&quot;Metastore operations (like drop_partition) could be improved in terms of maintaining consistency of metadata and data&quot; class=&quot;issue-link&quot; data-issue-key=&quot;HIVE-1943&quot;&gt;&lt;del&gt;HIVE-1943&lt;/del&gt;&lt;/a&gt;&lt;/p&gt;&lt;/blockquote&gt;
&lt;blockquote&gt;&lt;p&gt;&lt;/p&gt;&lt;/blockquote&gt;
&lt;blockquote&gt;&lt;p&gt;&lt;/p&gt;&lt;/blockquote&gt;
&lt;blockquote&gt;&lt;p&gt;This addresses bug &lt;a href=&quot;https://issues.apache.org/jira/browse/HIVE-1943&quot; title=&quot;Metastore operations (like drop_partition) could be improved in terms of maintaining consistency of metadata and data&quot; class=&quot;issue-link&quot; data-issue-key=&quot;HIVE-1943&quot;&gt;&lt;del&gt;HIVE-1943&lt;/del&gt;&lt;/a&gt;.&lt;/p&gt;&lt;/blockquote&gt;
&lt;blockquote&gt;&lt;p&gt;&lt;a href=&quot;https://issues.apache.org/jira/browse/HIVE-1943&quot; class=&quot;external-link&quot; rel=&quot;nofollow&quot;&gt;https://issues.apache.org/jira/browse/HIVE-1943&lt;/a&gt;&lt;/p&gt;&lt;/blockquote&gt;
&lt;blockquote&gt;&lt;p&gt;&lt;/p&gt;&lt;/blockquote&gt;
&lt;blockquote&gt;&lt;p&gt;&lt;/p&gt;&lt;/blockquote&gt;
&lt;blockquote&gt;&lt;p&gt;Diffs&lt;/p&gt;&lt;/blockquote&gt;
&lt;blockquote&gt;&lt;p&gt;-----&lt;/p&gt;&lt;/blockquote&gt;
&lt;blockquote&gt;&lt;p&gt;&lt;/p&gt;&lt;/blockquote&gt;
&lt;blockquote&gt;&lt;p&gt;&lt;a href=&quot;http://svn.apache.org/repos/asf/hive/trunk/common/src/java/org/apache/hadoop/hive/conf/HiveConf.java&quot; class=&quot;external-link&quot; rel=&quot;nofollow&quot;&gt;http://svn.apache.org/repos/asf/hive/trunk/common/src/java/org/apache/hadoop/hive/conf/HiveConf.java&lt;/a&gt; 1090038 &lt;/p&gt;&lt;/blockquote&gt;
&lt;blockquote&gt;&lt;p&gt;&lt;a href=&quot;http://svn.apache.org/repos/asf/hive/trunk/conf/hive-default.xml&quot; class=&quot;external-link&quot; rel=&quot;nofollow&quot;&gt;http://svn.apache.org/repos/asf/hive/trunk/conf/hive-default.xml&lt;/a&gt; 1090038 &lt;/p&gt;&lt;/blockquote&gt;
&lt;blockquote&gt;&lt;p&gt;&lt;a href=&quot;http://svn.apache.org/repos/asf/hive/trunk/metastore/build.xml&quot; class=&quot;external-link&quot; rel=&quot;nofollow&quot;&gt;http://svn.apache.org/repos/asf/hive/trunk/metastore/build.xml&lt;/a&gt; 1090038 &lt;/p&gt;&lt;/blockquote&gt;
&lt;blockquote&gt;&lt;p&gt;&lt;a href=&quot;http://svn.apache.org/repos/asf/hive/trunk/metastore/src/java/org/apache/hadoop/hive/metastore/HiveMetaStore.java&quot; class=&quot;external-link&quot; rel=&quot;nofollow&quot;&gt;http://svn.apache.org/repos/asf/hive/trunk/metastore/src/java/org/apache/hadoop/hive/metastore/HiveMetaStore.java&lt;/a&gt; 1090038 &lt;/p&gt;&lt;/blockquote&gt;
&lt;blockquote&gt;&lt;p&gt;&lt;a href=&quot;http://svn.apache.org/repos/asf/hive/trunk/metastore/src/java/org/apache/hadoop/hive/metastore/MetaStoreUtils.java&quot; class=&quot;external-link&quot; rel=&quot;nofollow&quot;&gt;http://svn.apache.org/repos/asf/hive/trunk/metastore/src/java/org/apache/hadoop/hive/metastore/MetaStoreUtils.java&lt;/a&gt; 1090038 &lt;/p&gt;&lt;/blockquote&gt;
&lt;blockquote&gt;&lt;p&gt;&lt;a href=&quot;http://svn.apache.org/repos/asf/hive/trunk/metastore/src/java/org/apache/hadoop/hive/metastore/Warehouse.java&quot; class=&quot;external-link&quot; rel=&quot;nofollow&quot;&gt;http://svn.apache.org/repos/asf/hive/trunk/metastore/src/java/org/apache/hadoop/hive/metastore/Warehouse.java&lt;/a&gt; 1090038 &lt;/p&gt;&lt;/blockquote&gt;
&lt;blockquote&gt;&lt;p&gt;&lt;a href=&quot;http://svn.apache.org/repos/asf/hive/trunk/metastore/src/test/org/apache/hadoop/hive/metastore/TestMetaStoreAuthorization.java&quot; class=&quot;external-link&quot; rel=&quot;nofollow&quot;&gt;http://svn.apache.org/repos/asf/hive/trunk/metastore/src/test/org/apache/hadoop/hive/metastore/TestMetaStoreAuthorization.java&lt;/a&gt; PRE-CREATION &lt;/p&gt;&lt;/blockquote&gt;
&lt;blockquote&gt;&lt;p&gt;&lt;a href=&quot;http://svn.apache.org/repos/asf/hive/trunk/shims/src/0.20/java/org/apache/hadoop/hive/shims/Hadoop20Shims.java&quot; class=&quot;external-link&quot; rel=&quot;nofollow&quot;&gt;http://svn.apache.org/repos/asf/hive/trunk/shims/src/0.20/java/org/apache/hadoop/hive/shims/Hadoop20Shims.java&lt;/a&gt; 1090038 &lt;/p&gt;&lt;/blockquote&gt;
&lt;blockquote&gt;&lt;p&gt;&lt;a href=&quot;http://svn.apache.org/repos/asf/hive/trunk/shims/src/0.20S/java/org/apache/hadoop/hive/shims/Hadoop20SShims.java&quot; class=&quot;external-link&quot; rel=&quot;nofollow&quot;&gt;http://svn.apache.org/repos/asf/hive/trunk/shims/src/0.20S/java/org/apache/hadoop/hive/shims/Hadoop20SShims.java&lt;/a&gt; 1090038 &lt;/p&gt;&lt;/blockquote&gt;
&lt;blockquote&gt;&lt;p&gt;&lt;a href=&quot;http://svn.apache.org/repos/asf/hive/trunk/shims/src/common/java/org/apache/hadoop/hive/shims/HadoopShims.java&quot; class=&quot;external-link&quot; rel=&quot;nofollow&quot;&gt;http://svn.apache.org/repos/asf/hive/trunk/shims/src/common/java/org/apache/hadoop/hive/shims/HadoopShims.java&lt;/a&gt; 1090038 &lt;/p&gt;&lt;/blockquote&gt;
&lt;blockquote&gt;&lt;p&gt;&lt;a href=&quot;http://svn.apache.org/repos/asf/hive/trunk/shims/src/test/org/apache/hadoop/hive/thrift/TestHadoop20SAuthBridge.java&quot; class=&quot;external-link&quot; rel=&quot;nofollow&quot;&gt;http://svn.apache.org/repos/asf/hive/trunk/shims/src/test/org/apache/hadoop/hive/thrift/TestHadoop20SAuthBridge.java&lt;/a&gt; 1090038 &lt;/p&gt;&lt;/blockquote&gt;
&lt;blockquote&gt;&lt;p&gt;&lt;/p&gt;&lt;/blockquote&gt;
&lt;blockquote&gt;&lt;p&gt;Diff: &lt;a href=&quot;https://reviews.apache.org/r/586/diff&quot; class=&quot;external-link&quot; rel=&quot;nofollow&quot;&gt;https://reviews.apache.org/r/586/diff&lt;/a&gt;&lt;/p&gt;&lt;/blockquote&gt;
&lt;blockquote&gt;&lt;p&gt;&lt;/p&gt;&lt;/blockquote&gt;
&lt;blockquote&gt;&lt;p&gt;&lt;/p&gt;&lt;/blockquote&gt;
&lt;blockquote&gt;&lt;p&gt;Testing&lt;/p&gt;&lt;/blockquote&gt;
&lt;blockquote&gt;&lt;p&gt;-------&lt;/p&gt;&lt;/blockquote&gt;
&lt;blockquote&gt;&lt;p&gt;&lt;/p&gt;&lt;/blockquote&gt;
&lt;blockquote&gt;&lt;p&gt;Unit tests added.&lt;/p&gt;&lt;/blockquote&gt;
&lt;blockquote&gt;&lt;p&gt;&lt;/p&gt;&lt;/blockquote&gt;
&lt;blockquote&gt;&lt;p&gt;&lt;/p&gt;&lt;/blockquote&gt;
&lt;blockquote&gt;&lt;p&gt;Thanks,&lt;/p&gt;&lt;/blockquote&gt;
&lt;blockquote&gt;&lt;p&gt;&lt;/p&gt;&lt;/blockquote&gt;
&lt;blockquote&gt;&lt;p&gt;Devaraj&lt;/p&gt;&lt;/blockquote&gt;
&lt;blockquote&gt;&lt;p&gt;&lt;/p&gt;&lt;/blockquote&gt;
&lt;blockquote&gt;&lt;p&gt;&lt;/p&gt;&lt;/blockquote&gt;
</comment>
                            <comment id="13019646" author="jiraposter@reviews.apache.org" created="Thu, 14 Apr 2011 00:58:05 +0000"  >
&lt;p&gt;-----------------------------------------------------------&lt;br/&gt;
This is an automatically generated e-mail. To reply, visit:&lt;br/&gt;
&lt;a href=&quot;https://reviews.apache.org/r/586/&quot; class=&quot;external-link&quot; rel=&quot;nofollow&quot;&gt;https://reviews.apache.org/r/586/&lt;/a&gt;&lt;br/&gt;
-----------------------------------------------------------&lt;/p&gt;

&lt;p&gt;(Updated 2011-04-14 00:57:35.688239)&lt;/p&gt;


&lt;p&gt;Review request for hive.&lt;/p&gt;


&lt;p&gt;Changes&lt;br/&gt;
-------&lt;/p&gt;

&lt;p&gt;The new patch addresses Amareshwari&apos;s comments. The testcase is modified to do checks for write permissions for everyone in this patch (that will avoid the confusion that was created in the earlier patch where i was checking the owner write permissions only).&lt;/p&gt;


&lt;p&gt;Summary&lt;br/&gt;
-------&lt;/p&gt;

&lt;p&gt;This is a patch to handle the issue described in &lt;a href=&quot;https://issues.apache.org/jira/browse/HIVE-1943&quot; title=&quot;Metastore operations (like drop_partition) could be improved in terms of maintaining consistency of metadata and data&quot; class=&quot;issue-link&quot; data-issue-key=&quot;HIVE-1943&quot;&gt;&lt;del&gt;HIVE-1943&lt;/del&gt;&lt;/a&gt;&lt;/p&gt;


&lt;p&gt;This addresses bug &lt;a href=&quot;https://issues.apache.org/jira/browse/HIVE-1943&quot; title=&quot;Metastore operations (like drop_partition) could be improved in terms of maintaining consistency of metadata and data&quot; class=&quot;issue-link&quot; data-issue-key=&quot;HIVE-1943&quot;&gt;&lt;del&gt;HIVE-1943&lt;/del&gt;&lt;/a&gt;.&lt;br/&gt;
    &lt;a href=&quot;https://issues.apache.org/jira/browse/HIVE-1943&quot; class=&quot;external-link&quot; rel=&quot;nofollow&quot;&gt;https://issues.apache.org/jira/browse/HIVE-1943&lt;/a&gt;&lt;/p&gt;


&lt;p&gt;Diffs (updated)&lt;/p&gt;
&lt;hr /&gt;

&lt;p&gt;  &lt;a href=&quot;http://svn.apache.org/repos/asf/hive/trunk/common/src/java/org/apache/hadoop/hive/conf/HiveConf.java&quot; class=&quot;external-link&quot; rel=&quot;nofollow&quot;&gt;http://svn.apache.org/repos/asf/hive/trunk/common/src/java/org/apache/hadoop/hive/conf/HiveConf.java&lt;/a&gt; 1091578 &lt;br/&gt;
  &lt;a href=&quot;http://svn.apache.org/repos/asf/hive/trunk/conf/hive-default.xml&quot; class=&quot;external-link&quot; rel=&quot;nofollow&quot;&gt;http://svn.apache.org/repos/asf/hive/trunk/conf/hive-default.xml&lt;/a&gt; 1091578 &lt;br/&gt;
  &lt;a href=&quot;http://svn.apache.org/repos/asf/hive/trunk/metastore/src/java/org/apache/hadoop/hive/metastore/HiveMetaStore.java&quot; class=&quot;external-link&quot; rel=&quot;nofollow&quot;&gt;http://svn.apache.org/repos/asf/hive/trunk/metastore/src/java/org/apache/hadoop/hive/metastore/HiveMetaStore.java&lt;/a&gt; 1091578 &lt;br/&gt;
  &lt;a href=&quot;http://svn.apache.org/repos/asf/hive/trunk/metastore/src/java/org/apache/hadoop/hive/metastore/MetaStoreUtils.java&quot; class=&quot;external-link&quot; rel=&quot;nofollow&quot;&gt;http://svn.apache.org/repos/asf/hive/trunk/metastore/src/java/org/apache/hadoop/hive/metastore/MetaStoreUtils.java&lt;/a&gt; 1091578 &lt;br/&gt;
  &lt;a href=&quot;http://svn.apache.org/repos/asf/hive/trunk/metastore/src/java/org/apache/hadoop/hive/metastore/Warehouse.java&quot; class=&quot;external-link&quot; rel=&quot;nofollow&quot;&gt;http://svn.apache.org/repos/asf/hive/trunk/metastore/src/java/org/apache/hadoop/hive/metastore/Warehouse.java&lt;/a&gt; 1091578 &lt;br/&gt;
  &lt;a href=&quot;http://svn.apache.org/repos/asf/hive/trunk/metastore/src/test/org/apache/hadoop/hive/metastore/TestMetaStoreAuthorization.java&quot; class=&quot;external-link&quot; rel=&quot;nofollow&quot;&gt;http://svn.apache.org/repos/asf/hive/trunk/metastore/src/test/org/apache/hadoop/hive/metastore/TestMetaStoreAuthorization.java&lt;/a&gt; PRE-CREATION &lt;br/&gt;
  &lt;a href=&quot;http://svn.apache.org/repos/asf/hive/trunk/shims/src/0.20/java/org/apache/hadoop/hive/shims/Hadoop20Shims.java&quot; class=&quot;external-link&quot; rel=&quot;nofollow&quot;&gt;http://svn.apache.org/repos/asf/hive/trunk/shims/src/0.20/java/org/apache/hadoop/hive/shims/Hadoop20Shims.java&lt;/a&gt; 1091578 &lt;br/&gt;
  &lt;a href=&quot;http://svn.apache.org/repos/asf/hive/trunk/shims/src/0.20S/java/org/apache/hadoop/hive/shims/Hadoop20SShims.java&quot; class=&quot;external-link&quot; rel=&quot;nofollow&quot;&gt;http://svn.apache.org/repos/asf/hive/trunk/shims/src/0.20S/java/org/apache/hadoop/hive/shims/Hadoop20SShims.java&lt;/a&gt; 1091578 &lt;br/&gt;
  &lt;a href=&quot;http://svn.apache.org/repos/asf/hive/trunk/shims/src/common/java/org/apache/hadoop/hive/shims/HadoopShims.java&quot; class=&quot;external-link&quot; rel=&quot;nofollow&quot;&gt;http://svn.apache.org/repos/asf/hive/trunk/shims/src/common/java/org/apache/hadoop/hive/shims/HadoopShims.java&lt;/a&gt; 1091578 &lt;br/&gt;
  &lt;a href=&quot;http://svn.apache.org/repos/asf/hive/trunk/shims/src/test/org/apache/hadoop/hive/thrift/TestHadoop20SAuthBridge.java&quot; class=&quot;external-link&quot; rel=&quot;nofollow&quot;&gt;http://svn.apache.org/repos/asf/hive/trunk/shims/src/test/org/apache/hadoop/hive/thrift/TestHadoop20SAuthBridge.java&lt;/a&gt; 1091578 &lt;/p&gt;

&lt;p&gt;Diff: &lt;a href=&quot;https://reviews.apache.org/r/586/diff&quot; class=&quot;external-link&quot; rel=&quot;nofollow&quot;&gt;https://reviews.apache.org/r/586/diff&lt;/a&gt;&lt;/p&gt;


&lt;p&gt;Testing&lt;br/&gt;
-------&lt;/p&gt;

&lt;p&gt;Unit tests added.&lt;/p&gt;


&lt;p&gt;Thanks,&lt;/p&gt;

&lt;p&gt;Devaraj&lt;/p&gt;
</comment>
                            <comment id="13019698" author="jiraposter@reviews.apache.org" created="Thu, 14 Apr 2011 05:51:05 +0000"  >
&lt;p&gt;-----------------------------------------------------------&lt;br/&gt;
This is an automatically generated e-mail. To reply, visit:&lt;br/&gt;
&lt;a href=&quot;https://reviews.apache.org/r/586/#review459&quot; class=&quot;external-link&quot; rel=&quot;nofollow&quot;&gt;https://reviews.apache.org/r/586/#review459&lt;/a&gt;&lt;br/&gt;
-----------------------------------------------------------&lt;/p&gt;

&lt;p&gt;Ship it!&lt;/p&gt;


&lt;p&gt;+1&lt;br/&gt;
Please upload the patch to jira.&lt;/p&gt;

&lt;ul class=&quot;alternate&quot; type=&quot;square&quot;&gt;
	&lt;li&gt;Amareshwari&lt;/li&gt;
&lt;/ul&gt;



&lt;p&gt;On 2011-04-14 00:57:35, Devaraj Das wrote:&lt;/p&gt;
&lt;blockquote&gt;&lt;p&gt;&lt;/p&gt;&lt;/blockquote&gt;
&lt;blockquote&gt;&lt;p&gt;-----------------------------------------------------------&lt;/p&gt;&lt;/blockquote&gt;
&lt;blockquote&gt;&lt;p&gt;This is an automatically generated e-mail. To reply, visit:&lt;/p&gt;&lt;/blockquote&gt;
&lt;blockquote&gt;&lt;p&gt;&lt;a href=&quot;https://reviews.apache.org/r/586/&quot; class=&quot;external-link&quot; rel=&quot;nofollow&quot;&gt;https://reviews.apache.org/r/586/&lt;/a&gt;&lt;/p&gt;&lt;/blockquote&gt;
&lt;blockquote&gt;&lt;p&gt;-----------------------------------------------------------&lt;/p&gt;&lt;/blockquote&gt;
&lt;blockquote&gt;&lt;p&gt;&lt;/p&gt;&lt;/blockquote&gt;
&lt;blockquote&gt;&lt;p&gt;(Updated 2011-04-14 00:57:35)&lt;/p&gt;&lt;/blockquote&gt;
&lt;blockquote&gt;&lt;p&gt;&lt;/p&gt;&lt;/blockquote&gt;
&lt;blockquote&gt;&lt;p&gt;&lt;/p&gt;&lt;/blockquote&gt;
&lt;blockquote&gt;&lt;p&gt;Review request for hive.&lt;/p&gt;&lt;/blockquote&gt;
&lt;blockquote&gt;&lt;p&gt;&lt;/p&gt;&lt;/blockquote&gt;
&lt;blockquote&gt;&lt;p&gt;&lt;/p&gt;&lt;/blockquote&gt;
&lt;blockquote&gt;&lt;p&gt;Summary&lt;/p&gt;&lt;/blockquote&gt;
&lt;blockquote&gt;&lt;p&gt;-------&lt;/p&gt;&lt;/blockquote&gt;
&lt;blockquote&gt;&lt;p&gt;&lt;/p&gt;&lt;/blockquote&gt;
&lt;blockquote&gt;&lt;p&gt;This is a patch to handle the issue described in &lt;a href=&quot;https://issues.apache.org/jira/browse/HIVE-1943&quot; title=&quot;Metastore operations (like drop_partition) could be improved in terms of maintaining consistency of metadata and data&quot; class=&quot;issue-link&quot; data-issue-key=&quot;HIVE-1943&quot;&gt;&lt;del&gt;HIVE-1943&lt;/del&gt;&lt;/a&gt;&lt;/p&gt;&lt;/blockquote&gt;
&lt;blockquote&gt;&lt;p&gt;&lt;/p&gt;&lt;/blockquote&gt;
&lt;blockquote&gt;&lt;p&gt;&lt;/p&gt;&lt;/blockquote&gt;
&lt;blockquote&gt;&lt;p&gt;This addresses bug &lt;a href=&quot;https://issues.apache.org/jira/browse/HIVE-1943&quot; title=&quot;Metastore operations (like drop_partition) could be improved in terms of maintaining consistency of metadata and data&quot; class=&quot;issue-link&quot; data-issue-key=&quot;HIVE-1943&quot;&gt;&lt;del&gt;HIVE-1943&lt;/del&gt;&lt;/a&gt;.&lt;/p&gt;&lt;/blockquote&gt;
&lt;blockquote&gt;&lt;p&gt;&lt;a href=&quot;https://issues.apache.org/jira/browse/HIVE-1943&quot; class=&quot;external-link&quot; rel=&quot;nofollow&quot;&gt;https://issues.apache.org/jira/browse/HIVE-1943&lt;/a&gt;&lt;/p&gt;&lt;/blockquote&gt;
&lt;blockquote&gt;&lt;p&gt;&lt;/p&gt;&lt;/blockquote&gt;
&lt;blockquote&gt;&lt;p&gt;&lt;/p&gt;&lt;/blockquote&gt;
&lt;blockquote&gt;&lt;p&gt;Diffs&lt;/p&gt;&lt;/blockquote&gt;
&lt;blockquote&gt;&lt;p&gt;-----&lt;/p&gt;&lt;/blockquote&gt;
&lt;blockquote&gt;&lt;p&gt;&lt;/p&gt;&lt;/blockquote&gt;
&lt;blockquote&gt;&lt;p&gt;&lt;a href=&quot;http://svn.apache.org/repos/asf/hive/trunk/common/src/java/org/apache/hadoop/hive/conf/HiveConf.java&quot; class=&quot;external-link&quot; rel=&quot;nofollow&quot;&gt;http://svn.apache.org/repos/asf/hive/trunk/common/src/java/org/apache/hadoop/hive/conf/HiveConf.java&lt;/a&gt; 1091578 &lt;/p&gt;&lt;/blockquote&gt;
&lt;blockquote&gt;&lt;p&gt;&lt;a href=&quot;http://svn.apache.org/repos/asf/hive/trunk/conf/hive-default.xml&quot; class=&quot;external-link&quot; rel=&quot;nofollow&quot;&gt;http://svn.apache.org/repos/asf/hive/trunk/conf/hive-default.xml&lt;/a&gt; 1091578 &lt;/p&gt;&lt;/blockquote&gt;
&lt;blockquote&gt;&lt;p&gt;&lt;a href=&quot;http://svn.apache.org/repos/asf/hive/trunk/metastore/src/java/org/apache/hadoop/hive/metastore/HiveMetaStore.java&quot; class=&quot;external-link&quot; rel=&quot;nofollow&quot;&gt;http://svn.apache.org/repos/asf/hive/trunk/metastore/src/java/org/apache/hadoop/hive/metastore/HiveMetaStore.java&lt;/a&gt; 1091578 &lt;/p&gt;&lt;/blockquote&gt;
&lt;blockquote&gt;&lt;p&gt;&lt;a href=&quot;http://svn.apache.org/repos/asf/hive/trunk/metastore/src/java/org/apache/hadoop/hive/metastore/MetaStoreUtils.java&quot; class=&quot;external-link&quot; rel=&quot;nofollow&quot;&gt;http://svn.apache.org/repos/asf/hive/trunk/metastore/src/java/org/apache/hadoop/hive/metastore/MetaStoreUtils.java&lt;/a&gt; 1091578 &lt;/p&gt;&lt;/blockquote&gt;
&lt;blockquote&gt;&lt;p&gt;&lt;a href=&quot;http://svn.apache.org/repos/asf/hive/trunk/metastore/src/java/org/apache/hadoop/hive/metastore/Warehouse.java&quot; class=&quot;external-link&quot; rel=&quot;nofollow&quot;&gt;http://svn.apache.org/repos/asf/hive/trunk/metastore/src/java/org/apache/hadoop/hive/metastore/Warehouse.java&lt;/a&gt; 1091578 &lt;/p&gt;&lt;/blockquote&gt;
&lt;blockquote&gt;&lt;p&gt;&lt;a href=&quot;http://svn.apache.org/repos/asf/hive/trunk/metastore/src/test/org/apache/hadoop/hive/metastore/TestMetaStoreAuthorization.java&quot; class=&quot;external-link&quot; rel=&quot;nofollow&quot;&gt;http://svn.apache.org/repos/asf/hive/trunk/metastore/src/test/org/apache/hadoop/hive/metastore/TestMetaStoreAuthorization.java&lt;/a&gt; PRE-CREATION &lt;/p&gt;&lt;/blockquote&gt;
&lt;blockquote&gt;&lt;p&gt;&lt;a href=&quot;http://svn.apache.org/repos/asf/hive/trunk/shims/src/0.20/java/org/apache/hadoop/hive/shims/Hadoop20Shims.java&quot; class=&quot;external-link&quot; rel=&quot;nofollow&quot;&gt;http://svn.apache.org/repos/asf/hive/trunk/shims/src/0.20/java/org/apache/hadoop/hive/shims/Hadoop20Shims.java&lt;/a&gt; 1091578 &lt;/p&gt;&lt;/blockquote&gt;
&lt;blockquote&gt;&lt;p&gt;&lt;a href=&quot;http://svn.apache.org/repos/asf/hive/trunk/shims/src/0.20S/java/org/apache/hadoop/hive/shims/Hadoop20SShims.java&quot; class=&quot;external-link&quot; rel=&quot;nofollow&quot;&gt;http://svn.apache.org/repos/asf/hive/trunk/shims/src/0.20S/java/org/apache/hadoop/hive/shims/Hadoop20SShims.java&lt;/a&gt; 1091578 &lt;/p&gt;&lt;/blockquote&gt;
&lt;blockquote&gt;&lt;p&gt;&lt;a href=&quot;http://svn.apache.org/repos/asf/hive/trunk/shims/src/common/java/org/apache/hadoop/hive/shims/HadoopShims.java&quot; class=&quot;external-link&quot; rel=&quot;nofollow&quot;&gt;http://svn.apache.org/repos/asf/hive/trunk/shims/src/common/java/org/apache/hadoop/hive/shims/HadoopShims.java&lt;/a&gt; 1091578 &lt;/p&gt;&lt;/blockquote&gt;
&lt;blockquote&gt;&lt;p&gt;&lt;a href=&quot;http://svn.apache.org/repos/asf/hive/trunk/shims/src/test/org/apache/hadoop/hive/thrift/TestHadoop20SAuthBridge.java&quot; class=&quot;external-link&quot; rel=&quot;nofollow&quot;&gt;http://svn.apache.org/repos/asf/hive/trunk/shims/src/test/org/apache/hadoop/hive/thrift/TestHadoop20SAuthBridge.java&lt;/a&gt; 1091578 &lt;/p&gt;&lt;/blockquote&gt;
&lt;blockquote&gt;&lt;p&gt;&lt;/p&gt;&lt;/blockquote&gt;
&lt;blockquote&gt;&lt;p&gt;Diff: &lt;a href=&quot;https://reviews.apache.org/r/586/diff&quot; class=&quot;external-link&quot; rel=&quot;nofollow&quot;&gt;https://reviews.apache.org/r/586/diff&lt;/a&gt;&lt;/p&gt;&lt;/blockquote&gt;
&lt;blockquote&gt;&lt;p&gt;&lt;/p&gt;&lt;/blockquote&gt;
&lt;blockquote&gt;&lt;p&gt;&lt;/p&gt;&lt;/blockquote&gt;
&lt;blockquote&gt;&lt;p&gt;Testing&lt;/p&gt;&lt;/blockquote&gt;
&lt;blockquote&gt;&lt;p&gt;-------&lt;/p&gt;&lt;/blockquote&gt;
&lt;blockquote&gt;&lt;p&gt;&lt;/p&gt;&lt;/blockquote&gt;
&lt;blockquote&gt;&lt;p&gt;Unit tests added.&lt;/p&gt;&lt;/blockquote&gt;
&lt;blockquote&gt;&lt;p&gt;&lt;/p&gt;&lt;/blockquote&gt;
&lt;blockquote&gt;&lt;p&gt;&lt;/p&gt;&lt;/blockquote&gt;
&lt;blockquote&gt;&lt;p&gt;Thanks,&lt;/p&gt;&lt;/blockquote&gt;
&lt;blockquote&gt;&lt;p&gt;&lt;/p&gt;&lt;/blockquote&gt;
&lt;blockquote&gt;&lt;p&gt;Devaraj&lt;/p&gt;&lt;/blockquote&gt;
&lt;blockquote&gt;&lt;p&gt;&lt;/p&gt;&lt;/blockquote&gt;
&lt;blockquote&gt;&lt;p&gt;&lt;/p&gt;&lt;/blockquote&gt;
</comment>
                            <comment id="13019699" author="devaraj" created="Thu, 14 Apr 2011 05:55:47 +0000"  >&lt;p&gt;Attaching the patch that I uploaded last on reviewboard.&lt;/p&gt;</comment>
                            <comment id="13020189" author="amareshwari" created="Fri, 15 Apr 2011 04:53:18 +0000"  >&lt;p&gt;I just committed this. Thanks Devaraj !&lt;/p&gt;</comment>
                    </comments>
                    <attachments>
                            <attachment id="12476299" name="hive-metastore-auth.patch" size="21880" author="devaraj" created="Thu, 14 Apr 2011 05:55:47 +0000"/>
                    </attachments>
                <subtasks>
                    </subtasks>
                <customfields>
                                                <customfield id="customfield_12310310" key="com.atlassian.jira.toolkit:attachments">
                        <customfieldname>Attachment count</customfieldname>
                        <customfieldvalues>
                            <customfieldvalue>1.0</customfieldvalue>
                        </customfieldvalues>
                    </customfield>
                                                                                                                                                                                                                                                                                                                                                                                                                                                                                                                                <customfield id="customfield_12310220" key="com.atlassian.jira.ext.charting:firstresponsedate">
                        <customfieldname>Date of First Response</customfieldname>
                        <customfieldvalues>
                            <customfieldvalue>Tue, 12 Apr 2011 22:14:06 +0000</customfieldvalue>

                        </customfieldvalues>
                    </customfield>
                                                                                                                                                                                                                                                                                                                                                                                                                                            <customfield id="customfield_12310420" key="com.pyxis.greenhopper.jira:gh-global-rank">
                        <customfieldname>Global Rank</customfieldname>
                        <customfieldvalues>
                            <customfieldvalue>72613</customfieldvalue>
                        </customfieldvalues>
                    </customfield>
                                                                <customfield id="customfield_12310191" key="com.atlassian.jira.plugin.system.customfieldtypes:multicheckboxes">
                        <customfieldname>Hadoop Flags</customfieldname>
                        <customfieldvalues>
                                <customfieldvalue key="10343"><![CDATA[Reviewed]]></customfieldvalue>
    
                        </customfieldvalues>
                    </customfield>
                                                                                                                        <customfield id="customfield_12312521" key="com.atlassian.jira.toolkit:LastCommentDate">
                        <customfieldname>Last public comment date</customfieldname>
                        <customfieldvalues>
                            5 years, 34 weeks ago
                        </customfieldvalues>
                    </customfield>
                                                                                            <customfield id="customfield_12311820" key="com.pyxis.greenhopper.jira:gh-lexo-rank">
                        <customfieldname>Rank</customfieldname>
                        <customfieldvalues>
                            <customfieldvalue>0|i05iif:</customfieldvalue>

                        </customfieldvalues>
                    </customfield>
                                                                <customfield id="customfield_12310920" key="com.pyxis.greenhopper.jira:gh-global-rank">
                        <customfieldname>Rank (Obsolete)</customfieldname>
                        <customfieldvalues>
                            <customfieldvalue>30096</customfieldvalue>
                        </customfieldvalues>
                    </customfield>
                                                                                                                                                                                                                                                                                                                            <customfield id="customfield_12310222" key="com.atlassian.jira.ext.charting:timeinstatus">
                        <customfieldname>Time in Status</customfieldname>
                        <customfieldvalues>
                            
                        </customfieldvalues>
                    </customfield>
                                                                                                                        </customfields>
    </item>
</channel>
</rss>