<!-- 
RSS generated by JIRA (6.3.4#6332-sha1:51bc225ef474afe3128b2f66878477f322397b16) at Fri Dec 02 05:57:10 UTC 2016

It is possible to restrict the fields that are returned in this document by specifying the 'field' parameter in your request.
For example, to request only the issue key and summary add field=key&field=summary to the URL of your request.
For example:
https://issues.apache.org/jira/si/jira.issueviews:issue-xml/HIVE-12502/HIVE-12502.xml?field=key&amp;field=summary
-->
<rss version="0.92" >
<channel>
    <title>ASF JIRA</title>
    <link>https://issues.apache.org/jira</link>
    <description>This file is an XML representation of an issue</description>
    <language>en-uk</language>    <build-info>
        <version>6.3.4</version>
        <build-number>6332</build-number>
        <build-date>15-08-2014</build-date>
    </build-info>

<item>
            <title>[HIVE-12502] to_date UDF cannot accept NULLs of VOID type</title>
                <link>https://issues.apache.org/jira/browse/HIVE-12502</link>
                <project id="12310843" key="HIVE">Hive</project>
                    <description>&lt;p&gt;The to_date method behaves differently based off the &apos;data type&apos; of null passed in.&lt;/p&gt;

&lt;p&gt;hive&amp;gt; select to_date(null);                   &lt;br/&gt;
FAILED: SemanticException &lt;span class=&quot;error&quot;&gt;&amp;#91;Error 10014&amp;#93;&lt;/span&gt;: Line 1:7 Wrong arguments &apos;TOK_NULL&apos;: TO_DATE() only takes STRING/TIMESTAMP/DATEWRITABLE types, got VOID&lt;/p&gt;

&lt;p&gt;hive&amp;gt; select to_date(cast(null as timestamp));&lt;br/&gt;
OK&lt;br/&gt;
NULL&lt;br/&gt;
Time taken: 0.031 seconds, Fetched: 1 row(s)&lt;/p&gt;


&lt;p&gt;This appears to be a regression introduced in &lt;a href=&quot;https://issues.apache.org/jira/browse/HIVE-5731&quot; title=&quot;Use new GenericUDF instead of basic UDF for UDFDate* classes &quot; class=&quot;issue-link&quot; data-issue-key=&quot;HIVE-5731&quot;&gt;&lt;del&gt;HIVE-5731&lt;/del&gt;&lt;/a&gt;.  The previous version of to_date would not check the type:&lt;/p&gt;

&lt;p&gt;&lt;a href=&quot;https://github.com/apache/hive/commit/09b6553214d6db5ec7049b88bbe8ff640a7fef72#diff-204f5588c0767cf372a5ca7e3fb964afL56&quot; class=&quot;external-link&quot; rel=&quot;nofollow&quot;&gt;https://github.com/apache/hive/commit/09b6553214d6db5ec7049b88bbe8ff640a7fef72#diff-204f5588c0767cf372a5ca7e3fb964afL56&lt;/a&gt;&lt;/p&gt;</description>
                <environment></environment>
        <key id="12915651">HIVE-12502</key>
            <summary>to_date UDF cannot accept NULLs of VOID type</summary>
                <type id="1" iconUrl="https://issues.apache.org/jira/images/icons/issuetypes/bug.png">Bug</type>
                                            <priority id="5" iconUrl="https://issues.apache.org/jira/images/icons/priorities/trivial.png">Trivial</priority>
                        <status id="6" iconUrl="https://issues.apache.org/jira/images/icons/statuses/closed.png" description="The issue is considered finished, the resolution is correct. Issues which are closed can be reopened.">Closed</status>
                    <statusCategory id="3" key="done" colorName="green"/>
                                    <resolution id="1">Fixed</resolution>
                                        <assignee username="aartokhy">Aaron Tokhy</assignee>
                                    <reporter username="aartokhy">Aaron Tokhy</reporter>
                        <labels>
                    </labels>
                <created>Tue, 24 Nov 2015 01:20:52 +0000</created>
                <updated>Tue, 21 Jun 2016 15:53:21 +0000</updated>
                            <resolved>Tue, 5 Jan 2016 01:16:06 +0000</resolved>
                                    <version>1.0.0</version>
                                    <fixVersion>1.3.0</fixVersion>
                    <fixVersion>2.1.0</fixVersion>
                                    <component>UDF</component>
                        <due></due>
                            <votes>0</votes>
                                    <watches>3</watches>
                                                                <comments>
                            <comment id="15023543" author="aartokhy" created="Tue, 24 Nov 2015 01:22:19 +0000"  >&lt;p&gt;Regression&lt;/p&gt;</comment>
                            <comment id="15023806" author="ashutoshc" created="Tue, 24 Nov 2015 05:40:21 +0000"  >&lt;p&gt;&lt;a href=&quot;https://issues.apache.org/jira/secure/ViewProfile.jspa?name=kamrul&quot; class=&quot;user-hover&quot; rel=&quot;kamrul&quot;&gt;Mohammad Kamrul Islam&lt;/a&gt; Would you like to take a look?&lt;/p&gt;</comment>
                            <comment id="15052191" author="aartokhy" created="Fri, 11 Dec 2015 05:19:33 +0000"  >&lt;p&gt;I&apos;ve submitted a patch with an associated unit test.&lt;/p&gt;</comment>
                            <comment id="15053849" author="jdere" created="Sat, 12 Dec 2015 00:32:54 +0000"  >&lt;p&gt;Looks good, do you mind adding a .q file test with to_date(null)? might be the best way to verify it is fixed, if this is your use case.&lt;/p&gt;</comment>
                            <comment id="15064958" author="jdere" created="Fri, 18 Dec 2015 23:25:41 +0000"  >&lt;p&gt;pre-commit tests didn&apos;t appear to run for this Jira, re-uploading patch&lt;/p&gt;</comment>
                            <comment id="15065550" author="hiveqa" created="Sat, 19 Dec 2015 22:31:59 +0000"  >

&lt;p&gt;Here are the results of testing the latest attachment:&lt;br/&gt;
&lt;a href=&quot;https://issues.apache.org/jira/secure/attachment/12778622/HIVE-12502.1.patch&quot; class=&quot;external-link&quot; rel=&quot;nofollow&quot;&gt;https://issues.apache.org/jira/secure/attachment/12778622/HIVE-12502.1.patch&lt;/a&gt;&lt;/p&gt;

&lt;p&gt;&lt;font color=&quot;green&quot;&gt;SUCCESS:&lt;/font&gt; +1 due to 1 test(s) being added or modified.&lt;/p&gt;

&lt;p&gt;&lt;font color=&quot;red&quot;&gt;ERROR:&lt;/font&gt; -1 due to 19 failed/errored test(s), 9969 tests executed&lt;br/&gt;
&lt;b&gt;Failed tests:&lt;/b&gt;&lt;/p&gt;
&lt;div class=&quot;preformatted panel&quot; style=&quot;border-width: 1px;&quot;&gt;&lt;div class=&quot;preformattedContent panelContent&quot;&gt;
&lt;pre&gt;TestHWISessionManager - did not produce a TEST-*.xml file
org.apache.hadoop.hive.cli.TestCliDriver.testCliDriver_auto_join_stats2
org.apache.hadoop.hive.cli.TestCliDriver.testCliDriver_stats_filemetadata
org.apache.hadoop.hive.cli.TestEncryptedHDFSCliDriver.testCliDriver_encryption_insert_partition_dynamic
org.apache.hadoop.hive.cli.TestMiniLlapCliDriver.testCliDriver_stats_filemetadata
org.apache.hadoop.hive.cli.TestNegativeCliDriver.testNegativeCliDriver_authorization_uri_import
org.apache.hadoop.hive.cli.TestNegativeCliDriver.testNegativeCliDriver_columnstats_partlvl_multiple_part_clause
org.apache.hadoop.hive.ql.exec.spark.session.TestSparkSessionManagerImpl.testMultiSessionMultipleUse
org.apache.hadoop.hive.ql.exec.spark.session.TestSparkSessionManagerImpl.testSingleSessionMultipleUse
org.apache.hadoop.hive.ql.security.authorization.plugin.TestHiveOperationType.checkHiveOperationTypeMatch
org.apache.hive.jdbc.TestSSL.testSSLVersion
org.apache.hive.spark.client.TestSparkClient.testAddJarsAndFiles
org.apache.hive.spark.client.TestSparkClient.testCounters
org.apache.hive.spark.client.TestSparkClient.testErrorJob
org.apache.hive.spark.client.TestSparkClient.testJobSubmission
org.apache.hive.spark.client.TestSparkClient.testMetricsCollection
org.apache.hive.spark.client.TestSparkClient.testRemoteClient
org.apache.hive.spark.client.TestSparkClient.testSimpleSparkJob
org.apache.hive.spark.client.TestSparkClient.testSyncRpc
&lt;/pre&gt;
&lt;/div&gt;&lt;/div&gt;

&lt;p&gt;Test results: &lt;a href=&quot;http://ec2-174-129-184-35.compute-1.amazonaws.com/jenkins/job/PreCommit-HIVE-TRUNK-Build/6413/testReport&quot; class=&quot;external-link&quot; rel=&quot;nofollow&quot;&gt;http://ec2-174-129-184-35.compute-1.amazonaws.com/jenkins/job/PreCommit-HIVE-TRUNK-Build/6413/testReport&lt;/a&gt;&lt;br/&gt;
Console output: &lt;a href=&quot;http://ec2-174-129-184-35.compute-1.amazonaws.com/jenkins/job/PreCommit-HIVE-TRUNK-Build/6413/console&quot; class=&quot;external-link&quot; rel=&quot;nofollow&quot;&gt;http://ec2-174-129-184-35.compute-1.amazonaws.com/jenkins/job/PreCommit-HIVE-TRUNK-Build/6413/console&lt;/a&gt;&lt;br/&gt;
Test logs: &lt;a href=&quot;http://ec2-174-129-184-35.compute-1.amazonaws.com/logs/PreCommit-HIVE-TRUNK-Build-6413/&quot; class=&quot;external-link&quot; rel=&quot;nofollow&quot;&gt;http://ec2-174-129-184-35.compute-1.amazonaws.com/logs/PreCommit-HIVE-TRUNK-Build-6413/&lt;/a&gt;&lt;/p&gt;

&lt;p&gt;Messages:&lt;/p&gt;
&lt;div class=&quot;preformatted panel&quot; style=&quot;border-width: 1px;&quot;&gt;&lt;div class=&quot;preformattedContent panelContent&quot;&gt;
&lt;pre&gt;Executing org.apache.hive.ptest.execution.TestCheckPhase
Executing org.apache.hive.ptest.execution.PrepPhase
Executing org.apache.hive.ptest.execution.ExecutionPhase
Executing org.apache.hive.ptest.execution.ReportingPhase
Tests exited with: TestsFailedException: 19 tests failed
&lt;/pre&gt;
&lt;/div&gt;&lt;/div&gt;

&lt;p&gt;This message is automatically generated.&lt;/p&gt;

&lt;p&gt;ATTACHMENT ID: 12778622 - PreCommit-HIVE-TRUNK-Build&lt;/p&gt;</comment>
                            <comment id="15065985" author="jdere" created="Mon, 21 Dec 2015 01:58:19 +0000"  >&lt;p&gt;Failures not related.&lt;br/&gt;
+1&lt;/p&gt;</comment>
                            <comment id="15070540" author="aartokhy" created="Thu, 24 Dec 2015 03:22:23 +0000"  >&lt;p&gt;Sure, will do.&lt;/p&gt;</comment>
                            <comment id="15082161" author="jdere" created="Tue, 5 Jan 2016 01:16:06 +0000"  >&lt;p&gt;I&apos;ve committed this to branch-1/master&lt;/p&gt;</comment>
                    </comments>
                <issuelinks>
                            <issuelinktype id="10030">
                    <name>Reference</name>
                                                                <inwardlinks description="is related to">
                                        <issuelink>
            <issuekey id="12677189">HIVE-5731</issuekey>
        </issuelink>
                            </inwardlinks>
                                    </issuelinktype>
                    </issuelinks>
                <attachments>
                            <attachment id="12776972" name="HIVE-12502-branch-1.patch" size="2712" author="aartokhy" created="Fri, 11 Dec 2015 05:27:07 +0000"/>
                            <attachment id="12778622" name="HIVE-12502.1.patch" size="2712" author="jdere" created="Fri, 18 Dec 2015 23:25:41 +0000"/>
                            <attachment id="12776971" name="HIVE-12502.patch" size="2712" author="aartokhy" created="Fri, 11 Dec 2015 05:27:07 +0000"/>
                    </attachments>
                <subtasks>
                    </subtasks>
                <customfields>
                                                <customfield id="customfield_12310310" key="com.atlassian.jira.toolkit:attachments">
                        <customfieldname>Attachment count</customfieldname>
                        <customfieldvalues>
                            <customfieldvalue>3.0</customfieldvalue>
                        </customfieldvalues>
                    </customfield>
                                                                                                                                                                                                                                                                                                                                                                                                                                                                                                                                <customfield id="customfield_12310220" key="com.atlassian.jira.ext.charting:firstresponsedate">
                        <customfieldname>Date of First Response</customfieldname>
                        <customfieldvalues>
                            <customfieldvalue>Tue, 24 Nov 2015 05:40:21 +0000</customfieldvalue>

                        </customfieldvalues>
                    </customfield>
                                                                                                                                                                                                                                                                                                                                                                                                                                            <customfield id="customfield_12310420" key="com.pyxis.greenhopper.jira:gh-global-rank">
                        <customfieldname>Global Rank</customfieldname>
                        <customfieldvalues>
                            <customfieldvalue>9223372036854775807</customfieldvalue>
                        </customfieldvalues>
                    </customfield>
                                                                                                                                                    <customfield id="customfield_12312521" key="com.atlassian.jira.toolkit:LastCommentDate">
                        <customfieldname>Last public comment date</customfieldname>
                        <customfieldvalues>
                            47 weeks, 3 days ago
                        </customfieldvalues>
                    </customfield>
                                                                                            <customfield id="customfield_12311820" key="com.pyxis.greenhopper.jira:gh-lexo-rank">
                        <customfieldname>Rank</customfieldname>
                        <customfieldvalues>
                            <customfieldvalue>0|i2oubr:</customfieldvalue>

                        </customfieldvalues>
                    </customfield>
                                                                <customfield id="customfield_12310920" key="com.pyxis.greenhopper.jira:gh-global-rank">
                        <customfieldname>Rank (Obsolete)</customfieldname>
                        <customfieldvalues>
                            <customfieldvalue>9223372036854775807</customfieldvalue>
                        </customfieldvalues>
                    </customfield>
                                                                                                                                                                                                                                                                                                                            <customfield id="customfield_12310222" key="com.atlassian.jira.ext.charting:timeinstatus">
                        <customfieldname>Time in Status</customfieldname>
                        <customfieldvalues>
                            
                        </customfieldvalues>
                    </customfield>
                                                                                                                        </customfields>
    </item>
</channel>
</rss>