<!-- 
RSS generated by JIRA (6.3.4#6332-sha1:51bc225ef474afe3128b2f66878477f322397b16) at Fri Dec 02 06:25:54 UTC 2016

It is possible to restrict the fields that are returned in this document by specifying the 'field' parameter in your request.
For example, to request only the issue key and summary add field=key&field=summary to the URL of your request.
For example:
https://issues.apache.org/jira/si/jira.issueviews:issue-xml/HIVE-15252/HIVE-15252.xml?field=key&amp;field=summary
-->
<rss version="0.92" >
<channel>
    <title>ASF JIRA</title>
    <link>https://issues.apache.org/jira</link>
    <description>This file is an XML representation of an issue</description>
    <language>en-uk</language>    <build-info>
        <version>6.3.4</version>
        <build-number>6332</build-number>
        <build-date>15-08-2014</build-date>
    </build-info>

<item>
            <title>[HIVE-15252] hive.security.command.whitelist doesn&apos;t work for &apos;reload function&apos;</title>
                <link>https://issues.apache.org/jira/browse/HIVE-15252</link>
                <project id="12310843" key="HIVE">Hive</project>
                    <description>&lt;p&gt;Right now the &apos;reload function&apos; is handled specially in &lt;tt&gt;HiveCommand#find&lt;/tt&gt;:&lt;/p&gt;
&lt;div class=&quot;code panel&quot; style=&quot;border-width: 1px;&quot;&gt;&lt;div class=&quot;codeContent panelContent&quot;&gt;
&lt;pre class=&quot;code-java&quot;&gt;
        &lt;span class=&quot;code-keyword&quot;&gt;return&lt;/span&gt; &lt;span class=&quot;code-keyword&quot;&gt;null&lt;/span&gt;;
      } &lt;span class=&quot;code-keyword&quot;&gt;else&lt;/span&gt; &lt;span class=&quot;code-keyword&quot;&gt;if&lt;/span&gt;(command.length &amp;gt; 1 &amp;amp;&amp;amp; &lt;span class=&quot;code-quote&quot;&gt;&quot;reload&quot;&lt;/span&gt;.equalsIgnoreCase(command[0])
          &amp;amp;&amp;amp; &lt;span class=&quot;code-quote&quot;&gt;&quot;function&quot;&lt;/span&gt;.equalsIgnoreCase(command[1])) {
        &lt;span class=&quot;code-comment&quot;&gt;//special handling &lt;span class=&quot;code-keyword&quot;&gt;for&lt;/span&gt; SQL &lt;span class=&quot;code-quote&quot;&gt;&quot;reload function&quot;&lt;/span&gt;
&lt;/span&gt;        &lt;span class=&quot;code-keyword&quot;&gt;return&lt;/span&gt; &lt;span class=&quot;code-keyword&quot;&gt;null&lt;/span&gt;;
      }
&lt;/pre&gt;
&lt;/div&gt;&lt;/div&gt;

&lt;p&gt;However, this means the &lt;tt&gt;hive.security.command.whitelist&lt;/tt&gt; doesn&apos;t work for the command. It&apos;s better to first do the privilege check and then the rest.&lt;/p&gt;</description>
                <environment></environment>
        <key id="13022329">HIVE-15252</key>
            <summary>hive.security.command.whitelist doesn&apos;t work for &apos;reload function&apos;</summary>
                <type id="1" iconUrl="https://issues.apache.org/jira/images/icons/issuetypes/bug.png">Bug</type>
                                            <priority id="4" iconUrl="https://issues.apache.org/jira/images/icons/priorities/minor.png">Minor</priority>
                        <status id="5" iconUrl="https://issues.apache.org/jira/images/icons/statuses/resolved.png" description="A resolution has been taken, and it is awaiting verification by reporter. From here issues are either reopened, or are closed.">Resolved</status>
                    <statusCategory id="3" key="done" colorName="green"/>
                                    <resolution id="1">Fixed</resolution>
                                        <assignee username="csun">Chao Sun</assignee>
                                    <reporter username="csun">Chao Sun</reporter>
                        <labels>
                    </labels>
                <created>Mon, 21 Nov 2016 22:45:42 +0000</created>
                <updated>Wed, 23 Nov 2016 20:45:03 +0000</updated>
                            <resolved>Wed, 23 Nov 2016 20:45:02 +0000</resolved>
                                                    <fixVersion>2.2.0</fixVersion>
                                    <component>Authorization</component>
                        <due></due>
                            <votes>0</votes>
                                    <watches>2</watches>
                                                                <comments>
                            <comment id="15685024" author="csun" created="Mon, 21 Nov 2016 23:05:53 +0000"  >&lt;p&gt;cc &lt;a href=&quot;https://issues.apache.org/jira/secure/ViewProfile.jspa?name=jxiang&quot; class=&quot;user-hover&quot; rel=&quot;jxiang&quot;&gt;Jimmy Xiang&lt;/a&gt; and &lt;a href=&quot;https://issues.apache.org/jira/secure/ViewProfile.jspa?name=xuefuz&quot; class=&quot;user-hover&quot; rel=&quot;xuefuz&quot;&gt;Xuefu Zhang&lt;/a&gt;&lt;/p&gt;</comment>
                            <comment id="15685097" author="jxiang" created="Mon, 21 Nov 2016 23:32:29 +0000"  >&lt;p&gt;+1&lt;/p&gt;</comment>
                            <comment id="15685208" author="hiveqa" created="Tue, 22 Nov 2016 00:20:40 +0000"  >

&lt;p&gt;Here are the results of testing the latest attachment:&lt;br/&gt;
&lt;a href=&quot;https://issues.apache.org/jira/secure/attachment/12839903/HIVE-15252.1.patch&quot; class=&quot;external-link&quot; rel=&quot;nofollow&quot;&gt;https://issues.apache.org/jira/secure/attachment/12839903/HIVE-15252.1.patch&lt;/a&gt;&lt;/p&gt;

&lt;p&gt;&lt;font color=&quot;red&quot;&gt;ERROR:&lt;/font&gt; -1 due to no test(s) being added or modified.&lt;/p&gt;

&lt;p&gt;&lt;font color=&quot;red&quot;&gt;ERROR:&lt;/font&gt; -1 due to 3 failed/errored test(s), 10731 tests executed&lt;br/&gt;
&lt;b&gt;Failed tests:&lt;/b&gt;&lt;/p&gt;
&lt;div class=&quot;preformatted panel&quot; style=&quot;border-width: 1px;&quot;&gt;&lt;div class=&quot;preformattedContent panelContent&quot;&gt;
&lt;pre&gt;org.apache.hadoop.hive.cli.TestMiniLlapCliDriver.testCliDriver[transform_ppr2] (batchId=133)
org.apache.hadoop.hive.cli.TestMiniLlapLocalCliDriver.testCliDriver[join_acid_non_acid] (batchId=150)
org.apache.hadoop.hive.cli.TestMiniLlapLocalCliDriver.testCliDriver[union_fast_stats] (batchId=145)
&lt;/pre&gt;
&lt;/div&gt;&lt;/div&gt;

&lt;p&gt;Test results: &lt;a href=&quot;https://builds.apache.org/job/PreCommit-HIVE-Build/2233/testReport&quot; class=&quot;external-link&quot; rel=&quot;nofollow&quot;&gt;https://builds.apache.org/job/PreCommit-HIVE-Build/2233/testReport&lt;/a&gt;&lt;br/&gt;
Console output: &lt;a href=&quot;https://builds.apache.org/job/PreCommit-HIVE-Build/2233/console&quot; class=&quot;external-link&quot; rel=&quot;nofollow&quot;&gt;https://builds.apache.org/job/PreCommit-HIVE-Build/2233/console&lt;/a&gt;&lt;br/&gt;
Test logs: &lt;a href=&quot;http://104.198.109.242/logs/PreCommit-HIVE-Build-2233/&quot; class=&quot;external-link&quot; rel=&quot;nofollow&quot;&gt;http://104.198.109.242/logs/PreCommit-HIVE-Build-2233/&lt;/a&gt;&lt;/p&gt;

&lt;p&gt;Messages:&lt;/p&gt;
&lt;div class=&quot;preformatted panel&quot; style=&quot;border-width: 1px;&quot;&gt;&lt;div class=&quot;preformattedContent panelContent&quot;&gt;
&lt;pre&gt;Executing org.apache.hive.ptest.execution.TestCheckPhase
Executing org.apache.hive.ptest.execution.PrepPhase
Executing org.apache.hive.ptest.execution.ExecutionPhase
Executing org.apache.hive.ptest.execution.ReportingPhase
Tests exited with: TestsFailedException: 3 tests failed
&lt;/pre&gt;
&lt;/div&gt;&lt;/div&gt;

&lt;p&gt;This message is automatically generated.&lt;/p&gt;

&lt;p&gt;ATTACHMENT ID: 12839903 - PreCommit-HIVE-Build&lt;/p&gt;</comment>
                            <comment id="15691327" author="csun" created="Wed, 23 Nov 2016 20:45:03 +0000"  >&lt;p&gt;Committed to master. Thanks &lt;a href=&quot;https://issues.apache.org/jira/secure/ViewProfile.jspa?name=jxiang&quot; class=&quot;user-hover&quot; rel=&quot;jxiang&quot;&gt;Jimmy Xiang&lt;/a&gt; for the review!&lt;/p&gt;</comment>
                    </comments>
                <issuelinks>
                            <issuelinktype id="10030">
                    <name>Reference</name>
                                                                <inwardlinks description="is related to">
                                        <issuelink>
            <issuekey id="12938557">HIVE-13043</issuekey>
        </issuelink>
                            </inwardlinks>
                                    </issuelinktype>
                    </issuelinks>
                <attachments>
                            <attachment id="12839903" name="HIVE-15252.1.patch" size="2137" author="csun" created="Mon, 21 Nov 2016 22:55:30 +0000"/>
                    </attachments>
                <subtasks>
                    </subtasks>
                <customfields>
                                                <customfield id="customfield_12310310" key="com.atlassian.jira.toolkit:attachments">
                        <customfieldname>Attachment count</customfieldname>
                        <customfieldvalues>
                            <customfieldvalue>1.0</customfieldvalue>
                        </customfieldvalues>
                    </customfield>
                                                                                                                                                                                                                                                                                                                                                                                                                                                                                                                                <customfield id="customfield_12310220" key="com.atlassian.jira.ext.charting:firstresponsedate">
                        <customfieldname>Date of First Response</customfieldname>
                        <customfieldvalues>
                            <customfieldvalue>Mon, 21 Nov 2016 23:32:29 +0000</customfieldvalue>

                        </customfieldvalues>
                    </customfield>
                                                                                                                                                                                                                                                                                                                                                                                                                                            <customfield id="customfield_12310420" key="com.pyxis.greenhopper.jira:gh-global-rank">
                        <customfieldname>Global Rank</customfieldname>
                        <customfieldvalues>
                            <customfieldvalue>9223372036854775807</customfieldvalue>
                        </customfieldvalues>
                    </customfield>
                                                                                                                                                    <customfield id="customfield_12312521" key="com.atlassian.jira.toolkit:LastCommentDate">
                        <customfieldname>Last public comment date</customfieldname>
                        <customfieldvalues>
                            1 week, 1 day ago
                        </customfieldvalues>
                    </customfield>
                                                                                            <customfield id="customfield_12311820" key="com.pyxis.greenhopper.jira:gh-lexo-rank">
                        <customfieldname>Rank</customfieldname>
                        <customfieldvalues>
                            <customfieldvalue>0|i36lqf:</customfieldvalue>

                        </customfieldvalues>
                    </customfield>
                                                                <customfield id="customfield_12310920" key="com.pyxis.greenhopper.jira:gh-global-rank">
                        <customfieldname>Rank (Obsolete)</customfieldname>
                        <customfieldvalues>
                            <customfieldvalue>9223372036854775807</customfieldvalue>
                        </customfieldvalues>
                    </customfield>
                                                                                                                                                                                                                                                                                                                            <customfield id="customfield_12310222" key="com.atlassian.jira.ext.charting:timeinstatus">
                        <customfieldname>Time in Status</customfieldname>
                        <customfieldvalues>
                            
                        </customfieldvalues>
                    </customfield>
                                                                                                                        </customfields>
    </item>
</channel>
</rss>