<!-- 
RSS generated by JIRA (6.3.4#6332-sha1:51bc225ef474afe3128b2f66878477f322397b16) at Fri Dec 02 11:33:00 UTC 2016

It is possible to restrict the fields that are returned in this document by specifying the 'field' parameter in your request.
For example, to request only the issue key and summary add field=key&field=summary to the URL of your request.
For example:
https://issues.apache.org/jira/si/jira.issueviews:issue-xml/HIVE-13021/HIVE-13021.xml?field=key&amp;field=summary
-->
<rss version="0.92" >
<channel>
    <title>ASF JIRA</title>
    <link>https://issues.apache.org/jira</link>
    <description>This file is an XML representation of an issue</description>
    <language>en-uk</language>    <build-info>
        <version>6.3.4</version>
        <build-number>6332</build-number>
        <build-date>15-08-2014</build-date>
    </build-info>

<item>
            <title>[HIVE-13021] GenericUDAFEvaluator.isEstimable(agg) always returns false</title>
                <link>https://issues.apache.org/jira/browse/HIVE-13021</link>
                <project id="12310843" key="HIVE">Hive</project>
                    <description>&lt;p&gt;GenericUDAFEvaluator.isEstimable(agg) always returns false, because annotation AggregationType has default RetentionPolicy.CLASS and cannot be retained by the VM at run time.&lt;br/&gt;
As result estimate method will never be executed.&lt;/p&gt;</description>
                <environment></environment>
        <key id="12937437">HIVE-13021</key>
            <summary>GenericUDAFEvaluator.isEstimable(agg) always returns false</summary>
                <type id="1" iconUrl="https://issues.apache.org/jira/images/icons/issuetypes/bug.png">Bug</type>
                                            <priority id="2" iconUrl="https://issues.apache.org/jira/images/icons/priorities/critical.png">Critical</priority>
                        <status id="6" iconUrl="https://issues.apache.org/jira/images/icons/statuses/closed.png" description="The issue is considered finished, the resolution is correct. Issues which are closed can be reopened.">Closed</status>
                    <statusCategory id="3" key="done" colorName="green"/>
                                    <resolution id="1">Fixed</resolution>
                                        <assignee username="gopalv">Gopal V</assignee>
                                    <reporter username="Spring">Sergey Zadoroshnyak</reporter>
                        <labels>
                            <label>Performance</label>
                    </labels>
                <created>Mon, 8 Feb 2016 08:28:31 +0000</created>
                <updated>Tue, 21 Jun 2016 15:43:39 +0000</updated>
                            <resolved>Sat, 20 Feb 2016 05:16:03 +0000</resolved>
                                    <version>1.2.1</version>
                                    <fixVersion>1.3.0</fixVersion>
                    <fixVersion>2.1.0</fixVersion>
                                    <component>UDF</component>
                        <due></due>
                            <votes>0</votes>
                                    <watches>7</watches>
                                                                <comments>
                            <comment id="15143672" author="prasanth_j" created="Thu, 11 Feb 2016 23:08:08 +0000"  >&lt;p&gt;lgmt, +1&lt;/p&gt;</comment>
                            <comment id="15146037" author="hiveqa" created="Sat, 13 Feb 2016 16:07:08 +0000"  >

&lt;p&gt;Here are the results of testing the latest attachment:&lt;br/&gt;
&lt;a href=&quot;https://issues.apache.org/jira/secure/attachment/12787538/HIVE-13021.1.patch&quot; class=&quot;external-link&quot; rel=&quot;nofollow&quot;&gt;https://issues.apache.org/jira/secure/attachment/12787538/HIVE-13021.1.patch&lt;/a&gt;&lt;/p&gt;

&lt;p&gt;&lt;font color=&quot;red&quot;&gt;ERROR:&lt;/font&gt; -1 due to no test(s) being added or modified.&lt;/p&gt;

&lt;p&gt;&lt;font color=&quot;red&quot;&gt;ERROR:&lt;/font&gt; -1 due to 19 failed/errored test(s), 9776 tests executed&lt;br/&gt;
&lt;b&gt;Failed tests:&lt;/b&gt;&lt;/p&gt;
&lt;div class=&quot;preformatted panel&quot; style=&quot;border-width: 1px;&quot;&gt;&lt;div class=&quot;preformattedContent panelContent&quot;&gt;
&lt;pre&gt;TestParseNegative - did not produce a TEST-*.xml file
org.apache.hadoop.hive.cli.TestCliDriver.testCliDriver_cte_5
org.apache.hadoop.hive.cli.TestCliDriver.testCliDriver_cte_mat_1
org.apache.hadoop.hive.cli.TestCliDriver.testCliDriver_cte_mat_2
org.apache.hadoop.hive.cli.TestCliDriver.testCliDriver_cte_mat_3
org.apache.hadoop.hive.cli.TestCliDriver.testCliDriver_cte_mat_4
org.apache.hadoop.hive.cli.TestCliDriver.testCliDriver_cte_mat_5
org.apache.hadoop.hive.cli.TestCliDriver.testCliDriver_partition_coltype_literals
org.apache.hadoop.hive.cli.TestMiniLlapCliDriver.testCliDriver_cte_5
org.apache.hadoop.hive.cli.TestMiniLlapCliDriver.testCliDriver_cte_mat_1
org.apache.hadoop.hive.cli.TestMiniLlapCliDriver.testCliDriver_cte_mat_2
org.apache.hadoop.hive.cli.TestMiniLlapCliDriver.testCliDriver_cte_mat_3
org.apache.hadoop.hive.cli.TestMiniLlapCliDriver.testCliDriver_cte_mat_4
org.apache.hadoop.hive.cli.TestMiniLlapCliDriver.testCliDriver_cte_mat_5
org.apache.hadoop.hive.cli.TestMiniTezCliDriver.testCliDriver_stats_only_null
org.apache.hadoop.hive.cli.TestNegativeCliDriver.testNegativeCliDriver_authorization_uri_import
org.apache.hadoop.hive.cli.TestSparkCliDriver.testCliDriver_stats_only_null
org.apache.hadoop.hive.ql.TestTxnCommands2.testInitiatorWithMultipleFailedCompactions
org.apache.hive.jdbc.TestSSL.testSSLVersion
&lt;/pre&gt;
&lt;/div&gt;&lt;/div&gt;

&lt;p&gt;Test results: &lt;a href=&quot;http://ec2-174-129-184-35.compute-1.amazonaws.com/jenkins/job/PreCommit-HIVE-TRUNK-Build/6968/testReport&quot; class=&quot;external-link&quot; rel=&quot;nofollow&quot;&gt;http://ec2-174-129-184-35.compute-1.amazonaws.com/jenkins/job/PreCommit-HIVE-TRUNK-Build/6968/testReport&lt;/a&gt;&lt;br/&gt;
Console output: &lt;a href=&quot;http://ec2-174-129-184-35.compute-1.amazonaws.com/jenkins/job/PreCommit-HIVE-TRUNK-Build/6968/console&quot; class=&quot;external-link&quot; rel=&quot;nofollow&quot;&gt;http://ec2-174-129-184-35.compute-1.amazonaws.com/jenkins/job/PreCommit-HIVE-TRUNK-Build/6968/console&lt;/a&gt;&lt;br/&gt;
Test logs: &lt;a href=&quot;http://ec2-174-129-184-35.compute-1.amazonaws.com/logs/PreCommit-HIVE-TRUNK-Build-6968/&quot; class=&quot;external-link&quot; rel=&quot;nofollow&quot;&gt;http://ec2-174-129-184-35.compute-1.amazonaws.com/logs/PreCommit-HIVE-TRUNK-Build-6968/&lt;/a&gt;&lt;/p&gt;

&lt;p&gt;Messages:&lt;/p&gt;
&lt;div class=&quot;preformatted panel&quot; style=&quot;border-width: 1px;&quot;&gt;&lt;div class=&quot;preformattedContent panelContent&quot;&gt;
&lt;pre&gt;Executing org.apache.hive.ptest.execution.TestCheckPhase
Executing org.apache.hive.ptest.execution.PrepPhase
Executing org.apache.hive.ptest.execution.ExecutionPhase
Executing org.apache.hive.ptest.execution.ReportingPhase
Tests exited with: TestsFailedException: 19 tests failed
&lt;/pre&gt;
&lt;/div&gt;&lt;/div&gt;

&lt;p&gt;This message is automatically generated.&lt;/p&gt;

&lt;p&gt;ATTACHMENT ID: 12787538 - PreCommit-HIVE-TRUNK-Build&lt;/p&gt;</comment>
                            <comment id="15151586" author="gopalv" created="Thu, 18 Feb 2016 02:04:28 +0000"  >&lt;p&gt;Good catch &lt;a href=&quot;https://issues.apache.org/jira/secure/ViewProfile.jspa?name=Spring&quot; class=&quot;user-hover&quot; rel=&quot;Spring&quot;&gt;Sergey Zadoroshnyak&lt;/a&gt;.&lt;/p&gt;

&lt;p&gt;Pushed to master &amp;amp; branch-1.&lt;/p&gt;</comment>
                            <comment id="15155353" author="pxiong" created="Sat, 20 Feb 2016 03:34:47 +0000"  >&lt;p&gt;Hi &lt;a href=&quot;https://issues.apache.org/jira/secure/ViewProfile.jspa?name=gopalv&quot; class=&quot;user-hover&quot; rel=&quot;gopalv&quot;&gt;Gopal V&lt;/a&gt; and &lt;a href=&quot;https://issues.apache.org/jira/secure/ViewProfile.jspa?name=prasanth_j&quot; class=&quot;user-hover&quot; rel=&quot;prasanth_j&quot;&gt;Prasanth Jayachandran&lt;/a&gt;, while i was taking a look at the current failures in master, i found that this patch broke&lt;/p&gt;
&lt;div class=&quot;code panel&quot; style=&quot;border-width: 1px;&quot;&gt;&lt;div class=&quot;codeContent panelContent&quot;&gt;
&lt;pre class=&quot;code-java&quot;&gt;
org.apache.hadoop.hive.cli.TestCliDriver.testCliDriver_partition_coltype_literals
org.apache.hadoop.hive.cli.TestMiniTezCliDriver.testCliDriver_stats_only_null
org.apache.hadoop.hive.cli.TestSparkCliDriver.testCliDriver_stats_only_null
&lt;/pre&gt;
&lt;/div&gt;&lt;/div&gt;
&lt;p&gt;More information could be found at &quot;http://ec2-174-129-184-35.compute-1.amazonaws.com/jenkins/job/PreCommit-HIVE-TRUNK-Build/7015/#showFailuresLink&quot;&lt;/p&gt;

&lt;p&gt;Could you please double check it? Thanks.&lt;/p&gt;</comment>
                            <comment id="15155355" author="gopalv" created="Sat, 20 Feb 2016 03:41:17 +0000"  >&lt;p&gt;Yes, but the failure looks like it&apos;s not from a query at all.&lt;/p&gt;

&lt;div class=&quot;code panel&quot; style=&quot;border-width: 1px;&quot;&gt;&lt;div class=&quot;codeContent panelContent&quot;&gt;
&lt;pre class=&quot;code-java&quot;&gt;
Begin query: stats_only_null.q
Exception: Client Execution failed with error code = 40000 running 
analyze table stats_null_part compute statistics &lt;span class=&quot;code-keyword&quot;&gt;for&lt;/span&gt; columns
&lt;/pre&gt;
&lt;/div&gt;&lt;/div&gt;

&lt;p&gt;The exception being thrown before a query kicks in?&lt;/p&gt;</comment>
                            <comment id="15155368" author="pxiong" created="Sat, 20 Feb 2016 04:01:30 +0000"  >&lt;p&gt;&lt;a href=&quot;https://issues.apache.org/jira/secure/ViewProfile.jspa?name=gopalv&quot; class=&quot;user-hover&quot; rel=&quot;gopalv&quot;&gt;Gopal V&lt;/a&gt;, thanks for your fast response. Please correct me if my understanding is wrong: if this patch breaks any test cases on master, they should be revolved before checked in, right? &lt;img class=&quot;emoticon&quot; src=&quot;https://issues.apache.org/jira/images/icons/emoticons/smile.gif&quot; height=&quot;16&quot; width=&quot;16&quot; align=&quot;absmiddle&quot; alt=&quot;&quot; border=&quot;0&quot;/&gt;&lt;/p&gt;</comment>
                            <comment id="15155372" author="gopalv" created="Sat, 20 Feb 2016 04:14:04 +0000"  >&lt;p&gt;I investigated both failures on CliDriver and came up with nothing.&lt;/p&gt;

&lt;p&gt;Thanks for point out the 2nd failure, I think compute_stats is broken in StatsOptimizer when Tez is enabled.&lt;/p&gt;

&lt;div class=&quot;code panel&quot; style=&quot;border-width: 1px;&quot;&gt;&lt;div class=&quot;codeContent panelContent&quot;&gt;
&lt;pre class=&quot;code-java&quot;&gt;
java.lang.NullPointerException
        at org.apache.hadoop.hive.ql.udf.&lt;span class=&quot;code-keyword&quot;&gt;generic&lt;/span&gt;.GenericUDAFComputeStats$GenericUDAFNumericStatsEvaluator$NumericStatsAgg.estimate(GenericUDAFComputeStats.java:434)
        at org.apache.hadoop.hive.ql.udf.&lt;span class=&quot;code-keyword&quot;&gt;generic&lt;/span&gt;.GenericUDAFComputeStats$GenericUDAFDoubleStatsEvaluator$DoubleStatsAgg.estimate(GenericUDAFComputeStats.java:643)
        at org.apache.hadoop.hive.ql.optimizer.stats.annotation.StatsRulesProcFactory$GroupByStatsRule.checkMapSideAggregation(StatsRulesProcFactory.java:996)
        at org.apache.hadoop.hive.ql.optimizer.stats.annotation.StatsRulesProcFactory$GroupByStatsRule.process(StatsRulesProcFactory.java:726)
        at org.apache.hadoop.hive.ql.lib.DefaultRuleDispatcher.dispatch(DefaultRuleDispatcher.java:90)
&lt;/pre&gt;
&lt;/div&gt;&lt;/div&gt;</comment>
                            <comment id="15155392" author="gopalv" created="Sat, 20 Feb 2016 05:16:03 +0000"  >&lt;p&gt;Pushed addendum to only master.&lt;/p&gt;</comment>
                    </comments>
                <issuelinks>
                            <issuelinktype id="10030">
                    <name>Reference</name>
                                            <outwardlinks description="relates to">
                                        <issuelink>
            <issuekey id="12940743">HIVE-13109</issuekey>
        </issuelink>
                            </outwardlinks>
                                                                <inwardlinks description="is related to">
                                        <issuelink>
            <issuekey id="12742654">HIVE-8188</issuekey>
        </issuelink>
                            </inwardlinks>
                                    </issuelinktype>
                            <issuelinktype id="12310051">
                    <name>Supercedes</name>
                                            <outwardlinks description="supercedes">
                                        <issuelink>
            <issuekey id="12940743">HIVE-13109</issuekey>
        </issuelink>
                            </outwardlinks>
                                                        </issuelinktype>
                    </issuelinks>
                <attachments>
                            <attachment id="12787538" name="HIVE-13021.1.patch" size="878" author="gopalv" created="Thu, 11 Feb 2016 21:53:45 +0000"/>
                            <attachment id="12788820" name="HIVE-13021.addendum.patch" size="3230" author="gopalv" created="Sat, 20 Feb 2016 05:05:52 +0000"/>
                    </attachments>
                <subtasks>
                    </subtasks>
                <customfields>
                                                <customfield id="customfield_12310310" key="com.atlassian.jira.toolkit:attachments">
                        <customfieldname>Attachment count</customfieldname>
                        <customfieldvalues>
                            <customfieldvalue>2.0</customfieldvalue>
                        </customfieldvalues>
                    </customfield>
                                                                                                                                                                                                                                                                                                                                                                                                                                                                                                                                <customfield id="customfield_12310220" key="com.atlassian.jira.ext.charting:firstresponsedate">
                        <customfieldname>Date of First Response</customfieldname>
                        <customfieldvalues>
                            <customfieldvalue>Thu, 11 Feb 2016 23:08:08 +0000</customfieldvalue>

                        </customfieldvalues>
                    </customfield>
                                                                                                                                                                                                                                                                                                                                                                                                                                            <customfield id="customfield_12310420" key="com.pyxis.greenhopper.jira:gh-global-rank">
                        <customfieldname>Global Rank</customfieldname>
                        <customfieldvalues>
                            <customfieldvalue>9223372036854775807</customfieldvalue>
                        </customfieldvalues>
                    </customfield>
                                                                                                                                                    <customfield id="customfield_12312521" key="com.atlassian.jira.toolkit:LastCommentDate">
                        <customfieldname>Last public comment date</customfieldname>
                        <customfieldvalues>
                            40 weeks, 6 days ago
                        </customfieldvalues>
                    </customfield>
                                                                                            <customfield id="customfield_12311820" key="com.pyxis.greenhopper.jira:gh-lexo-rank">
                        <customfieldname>Rank</customfieldname>
                        <customfieldvalues>
                            <customfieldvalue>0|i2sjmf:</customfieldvalue>

                        </customfieldvalues>
                    </customfield>
                                                                <customfield id="customfield_12310920" key="com.pyxis.greenhopper.jira:gh-global-rank">
                        <customfieldname>Rank (Obsolete)</customfieldname>
                        <customfieldvalues>
                            <customfieldvalue>9223372036854775807</customfieldvalue>
                        </customfieldvalues>
                    </customfield>
                                                                <customfield id="customfield_12310192" key="com.atlassian.jira.plugin.system.customfieldtypes:textarea">
                        <customfieldname>Release Note</customfieldname>
                        <customfieldvalues>
                            <customfieldvalue>GenericUDAFEvaluator.isEstimable(agg) always returns false (Gopal V, reviewed by Prasanth Jayachandran)</customfieldvalue>

                        </customfieldvalues>
                    </customfield>
                                                                                                                                                                                                                                                                                                <customfield id="customfield_12310222" key="com.atlassian.jira.ext.charting:timeinstatus">
                        <customfieldname>Time in Status</customfieldname>
                        <customfieldvalues>
                            
                        </customfieldvalues>
                    </customfield>
                                                                                                                        </customfields>
    </item>
</channel>
</rss>