<!-- 
RSS generated by JIRA (6.3.4#6332-sha1:51bc225ef474afe3128b2f66878477f322397b16) at Fri Dec 02 06:05:16 UTC 2016

It is possible to restrict the fields that are returned in this document by specifying the 'field' parameter in your request.
For example, to request only the issue key and summary add field=key&field=summary to the URL of your request.
For example:
https://issues.apache.org/jira/si/jira.issueviews:issue-xml/HIVE-13810/HIVE-13810.xml?field=key&amp;field=summary
-->
<rss version="0.92" >
<channel>
    <title>ASF JIRA</title>
    <link>https://issues.apache.org/jira</link>
    <description>This file is an XML representation of an issue</description>
    <language>en-uk</language>    <build-info>
        <version>6.3.4</version>
        <build-number>6332</build-number>
        <build-date>15-08-2014</build-date>
    </build-info>

<item>
            <title>[HIVE-13810] insert overwrite select from some table fails throwing org.apache.hadoop.security.AccessControlException</title>
                <link>https://issues.apache.org/jira/browse/HIVE-13810</link>
                <project id="12310843" key="HIVE">Hive</project>
                    <description>&lt;p&gt;When running using beeline (as a non hdfs user)&lt;/p&gt;
&lt;div class=&quot;preformatted panel&quot; style=&quot;border-width: 1px;&quot;&gt;&lt;div class=&quot;preformattedContent panelContent&quot;&gt;
&lt;pre&gt; CREATE  EXTERNAL TABLE Batters_txt(
       Player STRING ,
       Team STRING ,
       League STRING ,
       Year SMALLINT,
       Games DOUBLE,
       AB DOUBLE,
       R DOUBLE,
       H DOUBLE,
       Doubles DOUBLE,
       Triples DOUBLE,
       HR DOUBLE,
       RBI DOUBLE,
       SB DOUBLE,
       CS DOUBLE,
       BB DOUBLE,
       SO DOUBLE,
       IBB DOUBLE,
       HBP DOUBLE,
       SH DOUBLE,
       SF DOUBLE,
       GIDP DOUBLE
 )
 location &apos;/user/tableau/Batters&apos;;
 drop table if exists Batters;
 CREATE TABLE Batters (
       Player STRING ,
       Team STRING ,
       League STRING ,
       Year SMALLINT,
       Games DOUBLE,
       AB DOUBLE,
       R DOUBLE,
       H DOUBLE,
       Doubles DOUBLE,
       Triples DOUBLE,
       HR DOUBLE,
       RBI DOUBLE,
       SB DOUBLE,
       CS DOUBLE,
       BB DOUBLE,
       SO DOUBLE,
       IBB DOUBLE,
       HBP DOUBLE,
       SH DOUBLE,
       SF DOUBLE,
       GIDP DOUBLE
       )
 STORED AS orc tblproperties (&quot;orc.compress&quot;=&quot;SNAPPY&quot;);
 insert overwrite table Batters select * from Batters_txt;
&lt;/pre&gt;
&lt;/div&gt;&lt;/div&gt;

&lt;p&gt;runs into the following error:&lt;/p&gt;
&lt;div class=&quot;code panel&quot; style=&quot;border-width: 1px;&quot;&gt;&lt;div class=&quot;codeContent panelContent&quot;&gt;
&lt;pre class=&quot;code-java&quot;&gt;
2016-05-18T19:59:00,883 ERROR [HiveServer2-Background-Pool: &lt;span class=&quot;code-object&quot;&gt;Thread&lt;/span&gt;-306]: operation.Operation (:()) - Error running hive query:
org.apache.hive.service.cli.HiveSQLException: Error &lt;span class=&quot;code-keyword&quot;&gt;while&lt;/span&gt; processing statement: FAILED: Execution Error, &lt;span class=&quot;code-keyword&quot;&gt;return&lt;/span&gt; code 1 from org.apache.hadoop.hive.ql.exec.MoveTask. org.apache.hadoop.security.AccessControlException: User does not belong to hdfs
	at org.apache.hadoop.hdfs.server.namenode.FSDirAttrOp.setOwner(FSDirAttrOp.java:88)
	at org.apache.hadoop.hdfs.server.namenode.FSNamesystem.setOwner(FSNamesystem.java:1706)
	at org.apache.hadoop.hdfs.server.namenode.NameNodeRpcServer.setOwner(NameNodeRpcServer.java:818)
	at org.apache.hadoop.hdfs.protocolPB.ClientNamenodeProtocolServerSideTranslatorPB.setOwner(ClientNamenodeProtocolServerSideTranslatorPB.java:472)
	at org.apache.hadoop.hdfs.protocol.proto.ClientNamenodeProtocolProtos$ClientNamenodeProtocol$2.callBlockingMethod(ClientNamenodeProtocolProtos.java)
	at org.apache.hadoop.ipc.ProtobufRpcEngine$Server$ProtoBufRpcInvoker.call(ProtobufRpcEngine.java:644)
	at org.apache.hadoop.ipc.RPC$Server.call(RPC.java:969)
	at org.apache.hadoop.ipc.Server$Handler$1.run(Server.java:2273)
	at org.apache.hadoop.ipc.Server$Handler$1.run(Server.java:2269)
	at java.security.AccessController.doPrivileged(Native Method)
	at javax.security.auth.Subject.doAs(Subject.java:422)
	at org.apache.hadoop.security.UserGroupInformation.doAs(UserGroupInformation.java:1724)
	at org.apache.hadoop.ipc.Server$Handler.run(Server.java:2267)

	at org.apache.hive.service.cli.operation.Operation.toSQLException(Operation.java:387)
	at org.apache.hive.service.cli.operation.SQLOperation.runQuery(SQLOperation.java:237)
	at org.apache.hive.service.cli.operation.SQLOperation.access$300(SQLOperation.java:90)
	at org.apache.hive.service.cli.operation.SQLOperation$2$1.run(SQLOperation.java:290)
	at java.security.AccessController.doPrivileged(Native Method)
	at javax.security.auth.Subject.doAs(Subject.java:422)
	at org.apache.hadoop.security.UserGroupInformation.doAs(UserGroupInformation.java:1724)
	at org.apache.hive.service.cli.operation.SQLOperation$2.run(SQLOperation.java:303)
	at java.util.concurrent.Executors$RunnableAdapter.call(Executors.java:511)
	at java.util.concurrent.FutureTask.run(FutureTask.java:266)
	at java.util.concurrent.ThreadPoolExecutor.runWorker(ThreadPoolExecutor.java:1142)
	at java.util.concurrent.ThreadPoolExecutor$Worker.run(ThreadPoolExecutor.java:617)
	at java.lang.&lt;span class=&quot;code-object&quot;&gt;Thread&lt;/span&gt;.run(&lt;span class=&quot;code-object&quot;&gt;Thread&lt;/span&gt;.java:745)
Caused by: org.apache.hadoop.hive.ql.metadata.HiveException: org.apache.hadoop.security.AccessControlException: User does not belong to hdfs
	at org.apache.hadoop.hdfs.server.namenode.FSDirAttrOp.setOwner(FSDirAttrOp.java:88)
	at org.apache.hadoop.hdfs.server.namenode.FSNamesystem.setOwner(FSNamesystem.java:1706)
	at org.apache.hadoop.hdfs.server.namenode.NameNodeRpcServer.setOwner(NameNodeRpcServer.java:818)
	at org.apache.hadoop.hdfs.protocolPB.ClientNamenodeProtocolServerSideTranslatorPB.setOwner(ClientNamenodeProtocolServerSideTranslatorPB.java:472)
	at org.apache.hadoop.hdfs.protocol.proto.ClientNamenodeProtocolProtos$ClientNamenodeProtocol$2.callBlockingMethod(ClientNamenodeProtocolProtos.java)
	at org.apache.hadoop.ipc.ProtobufRpcEngine$Server$ProtoBufRpcInvoker.call(ProtobufRpcEngine.java:644)
	at org.apache.hadoop.ipc.RPC$Server.call(RPC.java:969)
	at org.apache.hadoop.ipc.Server$Handler$1.run(Server.java:2273)
	at org.apache.hadoop.ipc.Server$Handler$1.run(Server.java:2269)
	at java.security.AccessController.doPrivileged(Native Method)
	at javax.security.auth.Subject.doAs(Subject.java:422)
	at org.apache.hadoop.security.UserGroupInformation.doAs(UserGroupInformation.java:1724)
	at org.apache.hadoop.ipc.Server$Handler.run(Server.java:2267)

	at org.apache.hadoop.hive.ql.metadata.Hive.moveFile(Hive.java:2896)
	at org.apache.hadoop.hive.ql.metadata.Hive.replaceFiles(Hive.java:3151)
	at org.apache.hadoop.hive.ql.metadata.Hive.loadTable(Hive.java:1803)
	at org.apache.hadoop.hive.ql.exec.MoveTask.execute(MoveTask.java:347)
	at org.apache.hadoop.hive.ql.exec.Task.executeTask(Task.java:197)
	at org.apache.hadoop.hive.ql.exec.TaskRunner.runSequential(TaskRunner.java:100)
	at org.apache.hadoop.hive.ql.Driver.launchTask(Driver.java:1857)
	at org.apache.hadoop.hive.ql.Driver.execute(Driver.java:1561)
	at org.apache.hadoop.hive.ql.Driver.runInternal(Driver.java:1312)
	at org.apache.hadoop.hive.ql.Driver.run(Driver.java:1083)
	at org.apache.hadoop.hive.ql.Driver.run(Driver.java:1076)
	at org.apache.hive.service.cli.operation.SQLOperation.runQuery(SQLOperation.java:235)
	... 11 more
Caused by: org.apache.hadoop.security.AccessControlException: User does not belong to hdfs
	at org.apache.hadoop.hdfs.server.namenode.FSDirAttrOp.setOwner(FSDirAttrOp.java:88)
	at org.apache.hadoop.hdfs.server.namenode.FSNamesystem.setOwner(FSNamesystem.java:1706)
	at org.apache.hadoop.hdfs.server.namenode.NameNodeRpcServer.setOwner(NameNodeRpcServer.java:818)
	at org.apache.hadoop.hdfs.protocolPB.ClientNamenodeProtocolServerSideTranslatorPB.setOwner(ClientNamenodeProtocolServerSideTranslatorPB.java:472)
	at org.apache.hadoop.hdfs.protocol.proto.ClientNamenodeProtocolProtos$ClientNamenodeProtocol$2.callBlockingMethod(ClientNamenodeProtocolProtos.java)
	at org.apache.hadoop.ipc.ProtobufRpcEngine$Server$ProtoBufRpcInvoker.call(ProtobufRpcEngine.java:644)
	at org.apache.hadoop.ipc.RPC$Server.call(RPC.java:969)
	at org.apache.hadoop.ipc.Server$Handler$1.run(Server.java:2273)
	at org.apache.hadoop.ipc.Server$Handler$1.run(Server.java:2269)
	at java.security.AccessController.doPrivileged(Native Method)
	at javax.security.auth.Subject.doAs(Subject.java:422)
	at org.apache.hadoop.security.UserGroupInformation.doAs(UserGroupInformation.java:1724)
	at org.apache.hadoop.ipc.Server$Handler.run(Server.java:2267)

	at sun.reflect.NativeConstructorAccessorImpl.newInstance0(Native Method)
	at sun.reflect.NativeConstructorAccessorImpl.newInstance(NativeConstructorAccessorImpl.java:62)
	at sun.reflect.DelegatingConstructorAccessorImpl.newInstance(DelegatingConstructorAccessorImpl.java:45)
	at java.lang.reflect.Constructor.newInstance(Constructor.java:423)
	at org.apache.hadoop.ipc.RemoteException.instantiateException(RemoteException.java:106)
	at org.apache.hadoop.ipc.RemoteException.unwrapRemoteException(RemoteException.java:73)
	at org.apache.hadoop.hdfs.DFSClient.setOwner(DFSClient.java:2510)
	at org.apache.hadoop.hdfs.DistributedFileSystem$32.doCall(DistributedFileSystem.java:1609)
	at org.apache.hadoop.hdfs.DistributedFileSystem$32.doCall(DistributedFileSystem.java:1605)
	at org.apache.hadoop.fs.FileSystemLinkResolver.resolve(FileSystemLinkResolver.java:81)
	at org.apache.hadoop.hdfs.DistributedFileSystem.setOwner(DistributedFileSystem.java:1605)
	at org.apache.hadoop.hive.io.HdfsUtils.setFullFileStatus(HdfsUtils.java:114)
	at org.apache.hadoop.hive.ql.metadata.Hive$3.call(Hive.java:2875)
	at org.apache.hadoop.hive.ql.metadata.Hive$3.call(Hive.java:2867)
	... 4 more
Caused by: org.apache.hadoop.ipc.RemoteException(org.apache.hadoop.security.AccessControlException): User does not belong to hdfs
	at org.apache.hadoop.hdfs.server.namenode.FSDirAttrOp.setOwner(FSDirAttrOp.java:88)
	at org.apache.hadoop.hdfs.server.namenode.FSNamesystem.setOwner(FSNamesystem.java:1706)
	at org.apache.hadoop.hdfs.server.namenode.NameNodeRpcServer.setOwner(NameNodeRpcServer.java:818)
	at org.apache.hadoop.hdfs.protocolPB.ClientNamenodeProtocolServerSideTranslatorPB.setOwner(ClientNamenodeProtocolServerSideTranslatorPB.java:472)
	at org.apache.hadoop.hdfs.protocol.proto.ClientNamenodeProtocolProtos$ClientNamenodeProtocol$2.callBlockingMethod(ClientNamenodeProtocolProtos.java)
	at org.apache.hadoop.ipc.ProtobufRpcEngine$Server$ProtoBufRpcInvoker.call(ProtobufRpcEngine.java:644)
	at org.apache.hadoop.ipc.RPC$Server.call(RPC.java:969)
	at org.apache.hadoop.ipc.Server$Handler$1.run(Server.java:2273)
	at org.apache.hadoop.ipc.Server$Handler$1.run(Server.java:2269)
	at java.security.AccessController.doPrivileged(Native Method)
	at javax.security.auth.Subject.doAs(Subject.java:422)
	at org.apache.hadoop.security.UserGroupInformation.doAs(UserGroupInformation.java:1724)
	at org.apache.hadoop.ipc.Server$Handler.run(Server.java:2267)

	at org.apache.hadoop.ipc.Client.getRpcResponse(Client.java:1531)
	at org.apache.hadoop.ipc.Client.call(Client.java:1481)
	at org.apache.hadoop.ipc.Client.call(Client.java:1386)
	at org.apache.hadoop.ipc.ProtobufRpcEngine$Invoker.invoke(ProtobufRpcEngine.java:240)
	at com.sun.proxy.$Proxy31.setOwner(Unknown Source)
	at org.apache.hadoop.hdfs.protocolPB.ClientNamenodeProtocolTranslatorPB.setOwner(ClientNamenodeProtocolTranslatorPB.java:417)
	at sun.reflect.NativeMethodAccessorImpl.invoke0(Native Method)
	at sun.reflect.NativeMethodAccessorImpl.invoke(NativeMethodAccessorImpl.java:62)
	at sun.reflect.DelegatingMethodAccessorImpl.invoke(DelegatingMethodAccessorImpl.java:43)
	at java.lang.reflect.Method.invoke(Method.java:498)
	at org.apache.hadoop.io.retry.RetryInvocationHandler.invokeMethod(RetryInvocationHandler.java:256)
	at org.apache.hadoop.io.retry.RetryInvocationHandler.invoke(RetryInvocationHandler.java:104)
	at com.sun.proxy.$Proxy32.setOwner(Unknown Source)
	at org.apache.hadoop.hdfs.DFSClient.setOwner(DFSClient.java:2508)
	... 11 more
&lt;/pre&gt;
&lt;/div&gt;&lt;/div&gt;</description>
                <environment></environment>
        <key id="12971648">HIVE-13810</key>
            <summary>insert overwrite select from some table fails throwing org.apache.hadoop.security.AccessControlException</summary>
                <type id="1" iconUrl="https://issues.apache.org/jira/images/icons/issuetypes/bug.png">Bug</type>
                                            <priority id="3" iconUrl="https://issues.apache.org/jira/images/icons/priorities/major.png">Major</priority>
                        <status id="6" iconUrl="https://issues.apache.org/jira/images/icons/statuses/closed.png" description="The issue is considered finished, the resolution is correct. Issues which are closed can be reopened.">Closed</status>
                    <statusCategory id="3" key="done" colorName="green"/>
                                    <resolution id="1">Fixed</resolution>
                                        <assignee username="hsubramaniyan">Hari Sankar Sivarama Subramaniyan</assignee>
                                    <reporter username="hsubramaniyan">Hari Sankar Sivarama Subramaniyan</reporter>
                        <labels>
                    </labels>
                <created>Fri, 20 May 2016 20:30:38 +0000</created>
                <updated>Tue, 21 Jun 2016 15:08:24 +0000</updated>
                            <resolved>Mon, 23 May 2016 18:06:49 +0000</resolved>
                                                    <fixVersion>2.1.0</fixVersion>
                                        <due></due>
                            <votes>0</votes>
                                    <watches>1</watches>
                                                                <comments>
                            <comment id="15294141" author="hsubramaniyan" created="Fri, 20 May 2016 20:33:37 +0000"  >&lt;p&gt;cc-ing &lt;a href=&quot;https://issues.apache.org/jira/secure/ViewProfile.jspa?name=ashutoshc&quot; class=&quot;user-hover&quot; rel=&quot;ashutoshc&quot;&gt;Ashutosh Chauhan&lt;/a&gt; for review.&lt;/p&gt;</comment>
                            <comment id="15294265" author="ashutoshc" created="Fri, 20 May 2016 21:27:33 +0000"  >&lt;ul&gt;
	&lt;li&gt;If you are setting permission just on dir, then you don&apos;t need to do it recursively. You may pass false flag in there.&lt;/li&gt;
	&lt;li&gt;Don&apos;t swallow exception. Rethrow after logging.&lt;/li&gt;
&lt;/ul&gt;
</comment>
                            <comment id="15294311" author="hsubramaniyan" created="Fri, 20 May 2016 21:47:58 +0000"  >&lt;p&gt;&lt;a href=&quot;https://issues.apache.org/jira/secure/ViewProfile.jspa?name=ashutoshc&quot; class=&quot;user-hover&quot; rel=&quot;ashutoshc&quot;&gt;Ashutosh Chauhan&lt;/a&gt; Makes sense. Realized that I should be rethrowing error soon after I uploaded patch#1. Please see the change in patch#2. Tested with patch#2 as well.&lt;/p&gt;</comment>
                            <comment id="15294342" author="ashutoshc" created="Fri, 20 May 2016 22:01:44 +0000"  >&lt;p&gt;+1&lt;/p&gt;</comment>
                            <comment id="15295711" author="hiveqa" created="Sun, 22 May 2016 20:15:09 +0000"  >

&lt;p&gt;Here are the results of testing the latest attachment:&lt;br/&gt;
&lt;a href=&quot;https://issues.apache.org/jira/secure/attachment/12805322/HIVE-13810.2.patch&quot; class=&quot;external-link&quot; rel=&quot;nofollow&quot;&gt;https://issues.apache.org/jira/secure/attachment/12805322/HIVE-13810.2.patch&lt;/a&gt;&lt;/p&gt;

&lt;p&gt;&lt;font color=&quot;red&quot;&gt;ERROR:&lt;/font&gt; -1 due to no test(s) being added or modified.&lt;/p&gt;

&lt;p&gt;&lt;font color=&quot;red&quot;&gt;ERROR:&lt;/font&gt; -1 due to 56 failed/errored test(s), 9927 tests executed&lt;br/&gt;
&lt;b&gt;Failed tests:&lt;/b&gt;&lt;/p&gt;
&lt;div class=&quot;preformatted panel&quot; style=&quot;border-width: 1px;&quot;&gt;&lt;div class=&quot;preformattedContent panelContent&quot;&gt;
&lt;pre&gt;TestHWISessionManager - did not produce a TEST-*.xml file
TestMiniTezCliDriver-auto_join30.q-vector_decimal_10_0.q-acid_globallimit.q-and-12-more - did not produce a TEST-*.xml file
TestMiniTezCliDriver-auto_sortmerge_join_7.q-orc_merge9.q-tez_union_dynamic_partition.q-and-12-more - did not produce a TEST-*.xml file
TestMiniTezCliDriver-groupby2.q-tez_dynpart_hashjoin_1.q-custom_input_output_format.q-and-12-more - did not produce a TEST-*.xml file
TestMiniTezCliDriver-vectorization_13.q-auto_sortmerge_join_13.q-tez_bmj_schema_evolution.q-and-12-more - did not produce a TEST-*.xml file
TestSparkCliDriver-auto_join9.q-groupby_map_ppr.q-ppd_join3.q-and-12-more - did not produce a TEST-*.xml file
TestSparkCliDriver-auto_join_reordering_values.q-ptf_seqfile.q-auto_join18.q-and-12-more - did not produce a TEST-*.xml file
TestSparkCliDriver-avro_joins.q-join36.q-join1.q-and-12-more - did not produce a TEST-*.xml file
TestSparkCliDriver-groupby3_map.q-skewjoinopt8.q-union_remove_1.q-and-12-more - did not produce a TEST-*.xml file
TestSparkCliDriver-groupby_complex_types.q-groupby_map_ppr_multi_distinct.q-vectorization_16.q-and-12-more - did not produce a TEST-*.xml file
TestSparkCliDriver-join4.q-groupby_cube1.q-auto_join20.q-and-12-more - did not produce a TEST-*.xml file
TestSparkCliDriver-load_dyn_part5.q-load_dyn_part2.q-skewjoinopt16.q-and-12-more - did not produce a TEST-*.xml file
TestSparkCliDriver-multi_insert.q-join5.q-groupby6.q-and-12-more - did not produce a TEST-*.xml file
TestSparkCliDriver-script_pipe.q-stats12.q-auto_join24.q-and-12-more - did not produce a TEST-*.xml file
org.apache.hadoop.hive.cli.TestCliDriver.testCliDriver_ivyDownload
org.apache.hadoop.hive.cli.TestHBaseCliDriver.testCliDriver_hbase_queries
org.apache.hadoop.hive.cli.TestMiniSparkOnYarnCliDriver.testCliDriver_bucket4
org.apache.hadoop.hive.cli.TestMiniSparkOnYarnCliDriver.testCliDriver_bucket5
org.apache.hadoop.hive.cli.TestMiniSparkOnYarnCliDriver.testCliDriver_bucket6
org.apache.hadoop.hive.cli.TestMiniSparkOnYarnCliDriver.testCliDriver_constprog_partitioner
org.apache.hadoop.hive.cli.TestMiniSparkOnYarnCliDriver.testCliDriver_disable_merge_for_bucketing
org.apache.hadoop.hive.cli.TestMiniSparkOnYarnCliDriver.testCliDriver_index_bitmap3
org.apache.hadoop.hive.cli.TestMiniSparkOnYarnCliDriver.testCliDriver_infer_bucket_sort_map_operators
org.apache.hadoop.hive.cli.TestMiniSparkOnYarnCliDriver.testCliDriver_infer_bucket_sort_num_buckets
org.apache.hadoop.hive.cli.TestMiniSparkOnYarnCliDriver.testCliDriver_infer_bucket_sort_reducers_power_two
org.apache.hadoop.hive.cli.TestMiniSparkOnYarnCliDriver.testCliDriver_list_bucket_dml_10
org.apache.hadoop.hive.cli.TestMiniSparkOnYarnCliDriver.testCliDriver_orc_merge1
org.apache.hadoop.hive.cli.TestMiniSparkOnYarnCliDriver.testCliDriver_orc_merge2
org.apache.hadoop.hive.cli.TestMiniSparkOnYarnCliDriver.testCliDriver_orc_merge9
org.apache.hadoop.hive.cli.TestMiniSparkOnYarnCliDriver.testCliDriver_orc_merge_diff_fs
org.apache.hadoop.hive.cli.TestMiniSparkOnYarnCliDriver.testCliDriver_reduce_deduplicate
org.apache.hadoop.hive.cli.TestMiniSparkOnYarnCliDriver.testCliDriver_vector_outer_join1
org.apache.hadoop.hive.cli.TestMiniSparkOnYarnCliDriver.testCliDriver_vector_outer_join2
org.apache.hadoop.hive.cli.TestMiniSparkOnYarnCliDriver.testCliDriver_vector_outer_join3
org.apache.hadoop.hive.cli.TestMiniSparkOnYarnCliDriver.testCliDriver_vector_outer_join4
org.apache.hadoop.hive.cli.TestMiniSparkOnYarnCliDriver.testCliDriver_vector_outer_join5
org.apache.hadoop.hive.cli.TestNegativeMinimrCliDriver.testNegativeCliDriver_minimr_broken_pipe
org.apache.hadoop.hive.cli.TestSparkCliDriver.testCliDriver_groupby7_noskew
org.apache.hadoop.hive.cli.TestSparkCliDriver.testCliDriver_mapreduce2
org.apache.hadoop.hive.cli.TestSparkCliDriver.testCliDriver_multi_insert_move_tasks_share_dependencies
org.apache.hadoop.hive.cli.TestSparkCliDriver.testCliDriver_sample9
org.apache.hadoop.hive.llap.tez.TestConverters.testFragmentSpecToTaskSpec
org.apache.hadoop.hive.llap.tezplugins.TestLlapTaskCommunicator.testFinishableStateUpdateFailure
org.apache.hadoop.hive.metastore.TestFilterHooks.org.apache.hadoop.hive.metastore.TestFilterHooks
org.apache.hadoop.hive.metastore.TestMetaStoreInitListener.testMetaStoreInitListener
org.apache.hadoop.hive.ql.security.TestClientSideAuthorizationProvider.testSimplePrivileges
org.apache.hadoop.hive.ql.security.TestExtendedAcls.org.apache.hadoop.hive.ql.security.TestExtendedAcls
org.apache.hadoop.hive.ql.security.TestFolderPermissions.org.apache.hadoop.hive.ql.security.TestFolderPermissions
org.apache.hadoop.hive.ql.security.TestMetastoreAuthorizationProvider.testSimplePrivileges
org.apache.hadoop.hive.ql.security.TestMultiAuthorizationPreEventListener.org.apache.hadoop.hive.ql.security.TestMultiAuthorizationPreEventListener
org.apache.hadoop.hive.ql.security.TestStorageBasedClientSideAuthorizationProvider.testSimplePrivileges
org.apache.hadoop.hive.ql.security.TestStorageBasedMetastoreAuthorizationProviderWithACL.testSimplePrivileges
org.apache.hive.hcatalog.api.repl.commands.TestCommands.org.apache.hive.hcatalog.api.repl.commands.TestCommands
org.apache.hive.hcatalog.listener.TestDbNotificationListener.dropDatabase
org.apache.hive.service.TestHS2ImpersonationWithRemoteMS.org.apache.hive.service.TestHS2ImpersonationWithRemoteMS
org.apache.hive.spark.client.TestSparkClient.testSyncRpc
&lt;/pre&gt;
&lt;/div&gt;&lt;/div&gt;

&lt;p&gt;Test results: &lt;a href=&quot;http://ec2-54-177-240-2.us-west-1.compute.amazonaws.com/job/PreCommit-HIVE-MASTER-Build/360/testReport&quot; class=&quot;external-link&quot; rel=&quot;nofollow&quot;&gt;http://ec2-54-177-240-2.us-west-1.compute.amazonaws.com/job/PreCommit-HIVE-MASTER-Build/360/testReport&lt;/a&gt;&lt;br/&gt;
Console output: &lt;a href=&quot;http://ec2-54-177-240-2.us-west-1.compute.amazonaws.com/job/PreCommit-HIVE-MASTER-Build/360/console&quot; class=&quot;external-link&quot; rel=&quot;nofollow&quot;&gt;http://ec2-54-177-240-2.us-west-1.compute.amazonaws.com/job/PreCommit-HIVE-MASTER-Build/360/console&lt;/a&gt;&lt;br/&gt;
Test logs: &lt;a href=&quot;http://ec2-50-18-27-0.us-west-1.compute.amazonaws.com/logs/PreCommit-HIVE-MASTER-Build-360/&quot; class=&quot;external-link&quot; rel=&quot;nofollow&quot;&gt;http://ec2-50-18-27-0.us-west-1.compute.amazonaws.com/logs/PreCommit-HIVE-MASTER-Build-360/&lt;/a&gt;&lt;/p&gt;

&lt;p&gt;Messages:&lt;/p&gt;
&lt;div class=&quot;preformatted panel&quot; style=&quot;border-width: 1px;&quot;&gt;&lt;div class=&quot;preformattedContent panelContent&quot;&gt;
&lt;pre&gt;Executing org.apache.hive.ptest.execution.TestCheckPhase
Executing org.apache.hive.ptest.execution.PrepPhase
Executing org.apache.hive.ptest.execution.ExecutionPhase
Executing org.apache.hive.ptest.execution.ReportingPhase
Tests exited with: TestsFailedException: 56 tests failed
&lt;/pre&gt;
&lt;/div&gt;&lt;/div&gt;

&lt;p&gt;This message is automatically generated.&lt;/p&gt;

&lt;p&gt;ATTACHMENT ID: 12805322 - PreCommit-HIVE-MASTER-Build&lt;/p&gt;</comment>
                            <comment id="15296748" author="hsubramaniyan" created="Mon, 23 May 2016 17:55:21 +0000"  >&lt;p&gt;Looked at the failures and didnt look related to the change. Ran the tests locally, they pass.&lt;br/&gt;
Will commit it.&lt;/p&gt;

&lt;p&gt;Thanks&lt;br/&gt;
Hari&lt;/p&gt;</comment>
                    </comments>
                    <attachments>
                            <attachment id="12805295" name="HIVE-13810.1.patch" size="1034" author="hsubramaniyan" created="Fri, 20 May 2016 20:33:37 +0000"/>
                            <attachment id="12805322" name="HIVE-13810.2.patch" size="1095" author="hsubramaniyan" created="Fri, 20 May 2016 21:55:34 +0000"/>
                    </attachments>
                <subtasks>
                    </subtasks>
                <customfields>
                                                <customfield id="customfield_12310310" key="com.atlassian.jira.toolkit:attachments">
                        <customfieldname>Attachment count</customfieldname>
                        <customfieldvalues>
                            <customfieldvalue>2.0</customfieldvalue>
                        </customfieldvalues>
                    </customfield>
                                                                                                                                                                                                                                                                                                                                                                                                                                                                                                                                <customfield id="customfield_12310220" key="com.atlassian.jira.ext.charting:firstresponsedate">
                        <customfieldname>Date of First Response</customfieldname>
                        <customfieldvalues>
                            <customfieldvalue>Fri, 20 May 2016 21:27:33 +0000</customfieldvalue>

                        </customfieldvalues>
                    </customfield>
                                                                                                                                                                                                                                                                                                                                                                                                                                            <customfield id="customfield_12310420" key="com.pyxis.greenhopper.jira:gh-global-rank">
                        <customfieldname>Global Rank</customfieldname>
                        <customfieldvalues>
                            <customfieldvalue>9223372036854775807</customfieldvalue>
                        </customfieldvalues>
                    </customfield>
                                                                                                                                                    <customfield id="customfield_12312521" key="com.atlassian.jira.toolkit:LastCommentDate">
                        <customfieldname>Last public comment date</customfieldname>
                        <customfieldvalues>
                            27 weeks, 3 days ago
                        </customfieldvalues>
                    </customfield>
                                                                                            <customfield id="customfield_12311820" key="com.pyxis.greenhopper.jira:gh-lexo-rank">
                        <customfieldname>Rank</customfieldname>
                        <customfieldvalues>
                            <customfieldvalue>0|i2yaqf:</customfieldvalue>

                        </customfieldvalues>
                    </customfield>
                                                                <customfield id="customfield_12310920" key="com.pyxis.greenhopper.jira:gh-global-rank">
                        <customfieldname>Rank (Obsolete)</customfieldname>
                        <customfieldvalues>
                            <customfieldvalue>9223372036854775807</customfieldvalue>
                        </customfieldvalues>
                    </customfield>
                                                                                                                                                                                                                                                                                                                            <customfield id="customfield_12310222" key="com.atlassian.jira.ext.charting:timeinstatus">
                        <customfieldname>Time in Status</customfieldname>
                        <customfieldvalues>
                            
                        </customfieldvalues>
                    </customfield>
                                                                                                                        </customfields>
    </item>
</channel>
</rss>