<!-- 
RSS generated by JIRA (6.3.4#6332-sha1:51bc225ef474afe3128b2f66878477f322397b16) at Sat Dec 03 00:45:41 UTC 2016

It is possible to restrict the fields that are returned in this document by specifying the 'field' parameter in your request.
For example, to request only the issue key and summary add field=key&field=summary to the URL of your request.
For example:
https://issues.apache.org/jira/si/jira.issueviews:issue-xml/HIVE-1365/HIVE-1365.xml?field=key&amp;field=summary
-->
<rss version="0.92" >
<channel>
    <title>ASF JIRA</title>
    <link>https://issues.apache.org/jira</link>
    <description>This file is an XML representation of an issue</description>
    <language>en-uk</language>    <build-info>
        <version>6.3.4</version>
        <build-number>6332</build-number>
        <build-date>15-08-2014</build-date>
    </build-info>

<item>
            <title>[HIVE-1365] Bug in SMBJoinOperator which may causes a final part  of the results in some cases.</title>
                <link>https://issues.apache.org/jira/browse/HIVE-1365</link>
                <project id="12310843" key="HIVE">Hive</project>
                    <description></description>
                <environment></environment>
        <key id="12465314">HIVE-1365</key>
            <summary>Bug in SMBJoinOperator which may causes a final part  of the results in some cases.</summary>
                <type id="1" iconUrl="https://issues.apache.org/jira/images/icons/issuetypes/bug.png">Bug</type>
                                            <priority id="3" iconUrl="https://issues.apache.org/jira/images/icons/priorities/major.png">Major</priority>
                        <status id="6" iconUrl="https://issues.apache.org/jira/images/icons/statuses/closed.png" description="The issue is considered finished, the resolution is correct. Issues which are closed can be reopened.">Closed</status>
                    <statusCategory id="3" key="done" colorName="green"/>
                                    <resolution id="1">Fixed</resolution>
                                        <assignee username="he yongqiang">He Yongqiang</assignee>
                                    <reporter username="he yongqiang">He Yongqiang</reporter>
                        <labels>
                    </labels>
                <created>Mon, 24 May 2010 22:05:43 +0000</created>
                <updated>Sat, 17 Dec 2011 00:04:04 +0000</updated>
                            <resolved>Tue, 25 May 2010 19:11:34 +0000</resolved>
                                                    <fixVersion>0.6.0</fixVersion>
                                    <component>Query Processor</component>
                        <due></due>
                            <votes>0</votes>
                                    <watches>0</watches>
                                                                <comments>
                            <comment id="12870871" author="he yongqiang" created="Mon, 24 May 2010 22:07:56 +0000"  >&lt;p&gt;added the testcase provided by Siying Dong.&lt;/p&gt;</comment>
                            <comment id="12870890" author="he yongqiang" created="Mon, 24 May 2010 22:46:04 +0000"  >&lt;p&gt;talked with Siying, i need to add another testcase.&lt;/p&gt;</comment>
                            <comment id="12870977" author="he yongqiang" created="Tue, 25 May 2010 03:57:39 +0000"  >&lt;p&gt;added more testcases from Siying.&lt;/p&gt;</comment>
                            <comment id="12871297" author="namit" created="Tue, 25 May 2010 19:11:34 +0000"  >&lt;p&gt;Committed. Thanks Yongqiang&lt;/p&gt;</comment>
                    </comments>
                    <attachments>
                            <attachment id="12445396" name="hive-1365.1.patch" size="22472" author="he yongqiang" created="Mon, 24 May 2010 22:07:56 +0000"/>
                            <attachment id="12445414" name="hive-1365.2.patch" size="163182" author="he yongqiang" created="Tue, 25 May 2010 03:57:39 +0000"/>
                    </attachments>
                <subtasks>
                    </subtasks>
                <customfields>
                                                <customfield id="customfield_12310310" key="com.atlassian.jira.toolkit:attachments">
                        <customfieldname>Attachment count</customfieldname>
                        <customfieldvalues>
                            <customfieldvalue>2.0</customfieldvalue>
                        </customfieldvalues>
                    </customfield>
                                                                                                                                                                                                                                                                                                                                                                                                                                                                                                                                <customfield id="customfield_12310220" key="com.atlassian.jira.ext.charting:firstresponsedate">
                        <customfieldname>Date of First Response</customfieldname>
                        <customfieldvalues>
                            <customfieldvalue>Tue, 25 May 2010 19:11:34 +0000</customfieldvalue>

                        </customfieldvalues>
                    </customfield>
                                                                                                                                                                                                                                                                                                                                                                                                                                            <customfield id="customfield_12310420" key="com.pyxis.greenhopper.jira:gh-global-rank">
                        <customfieldname>Global Rank</customfieldname>
                        <customfieldvalues>
                            <customfieldvalue>72942</customfieldvalue>
                        </customfieldvalues>
                    </customfield>
                                                                <customfield id="customfield_12310191" key="com.atlassian.jira.plugin.system.customfieldtypes:multicheckboxes">
                        <customfieldname>Hadoop Flags</customfieldname>
                        <customfieldvalues>
                                <customfieldvalue key="10343"><![CDATA[Reviewed]]></customfieldvalue>
    
                        </customfieldvalues>
                    </customfield>
                                                                                                                        <customfield id="customfield_12312521" key="com.atlassian.jira.toolkit:LastCommentDate">
                        <customfieldname>Last public comment date</customfieldname>
                        <customfieldvalues>
                            6 years, 28 weeks, 3 days ago
                        </customfieldvalues>
                    </customfield>
                                                                                            <customfield id="customfield_12311820" key="com.pyxis.greenhopper.jira:gh-lexo-rank">
                        <customfieldname>Rank</customfieldname>
                        <customfieldvalues>
                            <customfieldvalue>0|i0lerr:</customfieldvalue>

                        </customfieldvalues>
                    </customfield>
                                                                <customfield id="customfield_12310920" key="com.pyxis.greenhopper.jira:gh-global-rank">
                        <customfieldname>Rank (Obsolete)</customfieldname>
                        <customfieldvalues>
                            <customfieldvalue>123043</customfieldvalue>
                        </customfieldvalues>
                    </customfield>
                                                                                                                                                                                                                                                                                                                            <customfield id="customfield_12310222" key="com.atlassian.jira.ext.charting:timeinstatus">
                        <customfieldname>Time in Status</customfieldname>
                        <customfieldvalues>
                            
                        </customfieldvalues>
                    </customfield>
                                                                                                                        </customfields>
    </item>
</channel>
</rss>