<!-- 
RSS generated by JIRA (6.3.4#6332-sha1:51bc225ef474afe3128b2f66878477f322397b16) at Sat Dec 03 23:29:37 UTC 2016

It is possible to restrict the fields that are returned in this document by specifying the 'field' parameter in your request.
For example, to request only the issue key and summary add field=key&field=summary to the URL of your request.
For example:
https://issues.apache.org/jira/si/jira.issueviews:issue-xml/HIVE-4344/HIVE-4344.xml?field=key&amp;field=summary
-->
<rss version="0.92" >
<channel>
    <title>ASF JIRA</title>
    <link>https://issues.apache.org/jira</link>
    <description>This file is an XML representation of an issue</description>
    <language>en-uk</language>    <build-info>
        <version>6.3.4</version>
        <build-number>6332</build-number>
        <build-date>15-08-2014</build-date>
    </build-info>

<item>
            <title>[HIVE-4344] CREATE VIEW fails when redundant casts are rewritten</title>
                <link>https://issues.apache.org/jira/browse/HIVE-4344</link>
                <project id="12310843" key="HIVE">Hive</project>
                    <description>&lt;p&gt;e.g. create view v as select cast(key as string) from src;&lt;/p&gt;

&lt;p&gt;The rewriter tries to replace both cast(key as string) and key as `src`.`key`, because cast(key as string) is a no-op.&lt;/p&gt;

&lt;p&gt;There may be other cases like this one.&lt;/p&gt;

&lt;p&gt;See &lt;a href=&quot;https://issues.apache.org/jira/browse/HIVE-2439&quot; title=&quot;Upgrade antlr version to 3.4&quot; class=&quot;issue-link&quot; data-issue-key=&quot;HIVE-2439&quot;&gt;&lt;del&gt;HIVE-2439&lt;/del&gt;&lt;/a&gt; for context.&lt;/p&gt;</description>
                <environment></environment>
        <key id="12642172">HIVE-4344</key>
            <summary>CREATE VIEW fails when redundant casts are rewritten</summary>
                <type id="1" iconUrl="https://issues.apache.org/jira/images/icons/issuetypes/bug.png">Bug</type>
                                            <priority id="3" iconUrl="https://issues.apache.org/jira/images/icons/priorities/major.png">Major</priority>
                        <status id="6" iconUrl="https://issues.apache.org/jira/images/icons/statuses/closed.png" description="The issue is considered finished, the resolution is correct. Issues which are closed can be reopened.">Closed</status>
                    <statusCategory id="3" key="done" colorName="green"/>
                                    <resolution id="3">Duplicate</resolution>
                                        <assignee username="sxyuan">Samuel Yuan</assignee>
                                    <reporter username="sxyuan">Samuel Yuan</reporter>
                        <labels>
                    </labels>
                <created>Fri, 12 Apr 2013 02:02:33 +0000</created>
                <updated>Thu, 17 Oct 2013 22:01:43 +0000</updated>
                            <resolved>Wed, 24 Jul 2013 04:04:36 +0000</resolved>
                                    <version>0.11.0</version>
                                    <fixVersion>0.12.0</fixVersion>
                                    <component>Query Processor</component>
                        <due></due>
                            <votes>0</votes>
                                    <watches>4</watches>
                                                                <comments>
                            <comment id="13630735" author="phabricator@reviews.facebook.net" created="Fri, 12 Apr 2013 23:08:13 +0000"  >&lt;p&gt;sxyuan requested code review of &quot;&lt;a href=&quot;https://issues.apache.org/jira/browse/HIVE-4344&quot; title=&quot;CREATE VIEW fails when redundant casts are rewritten&quot; class=&quot;issue-link&quot; data-issue-key=&quot;HIVE-4344&quot;&gt;&lt;del&gt;HIVE-4344&lt;/del&gt;&lt;/a&gt; &lt;span class=&quot;error&quot;&gt;&amp;#91;jira&amp;#93;&lt;/span&gt; CREATE VIEW fails when redundant casts are rewritten&quot;.&lt;/p&gt;

&lt;p&gt;Reviewers: kevinwilfong&lt;/p&gt;

&lt;p&gt;See JIRA for a description of the problem. This change relaxes the constraints on translations. Previously, if a new translation overlaps with an existing one, one must be a prefix or suffix of the other. This allows the case when one is completely contained inside the other.&lt;/p&gt;

&lt;p&gt;TEST PLAN&lt;br/&gt;
  Run tests.&lt;/p&gt;

&lt;p&gt;REVISION DETAIL&lt;br/&gt;
  &lt;a href=&quot;https://reviews.facebook.net/D10221&quot; class=&quot;external-link&quot; rel=&quot;nofollow&quot;&gt;https://reviews.facebook.net/D10221&lt;/a&gt;&lt;/p&gt;

&lt;p&gt;AFFECTED FILES&lt;br/&gt;
  ql/src/test/results/clientpositive/create_view_translate.q.out&lt;br/&gt;
  ql/src/test/queries/clientpositive/create_view_translate.q&lt;br/&gt;
  ql/src/java/org/apache/hadoop/hive/ql/parse/UnparseTranslator.java&lt;/p&gt;

&lt;p&gt;MANAGE HERALD RULES&lt;br/&gt;
  &lt;a href=&quot;https://reviews.facebook.net/herald/view/differential/&quot; class=&quot;external-link&quot; rel=&quot;nofollow&quot;&gt;https://reviews.facebook.net/herald/view/differential/&lt;/a&gt;&lt;/p&gt;

&lt;p&gt;WHY DID I GET THIS EMAIL?&lt;br/&gt;
  &lt;a href=&quot;https://reviews.facebook.net/herald/transcript/24441/&quot; class=&quot;external-link&quot; rel=&quot;nofollow&quot;&gt;https://reviews.facebook.net/herald/transcript/24441/&lt;/a&gt;&lt;/p&gt;

&lt;p&gt;To: kevinwilfong, sxyuan&lt;br/&gt;
Cc: sambavim, JIRA&lt;/p&gt;</comment>
                            <comment id="13633290" author="kevinwilfong" created="Tue, 16 Apr 2013 20:15:26 +0000"  >&lt;p&gt;+1&lt;/p&gt;</comment>
                            <comment id="13717952" author="ashutoshc" created="Wed, 24 Jul 2013 04:04:36 +0000"  >&lt;p&gt;Fixed via &lt;a href=&quot;https://issues.apache.org/jira/browse/HIVE-4547&quot; title=&quot;A complex create view statement fails with new Antlr 3.4&quot; class=&quot;issue-link&quot; data-issue-key=&quot;HIVE-4547&quot;&gt;&lt;del&gt;HIVE-4547&lt;/del&gt;&lt;/a&gt;&lt;/p&gt;</comment>
                    </comments>
                <issuelinks>
                            <issuelinktype id="10030">
                    <name>Reference</name>
                                                                <inwardlinks description="is related to">
                                        <issuelink>
            <issuekey id="12647266">HIVE-4547</issuekey>
        </issuelink>
                            </inwardlinks>
                                    </issuelinktype>
                    </issuelinks>
                <attachments>
                            <attachment id="12578538" name="HIVE-4344.HIVE-4344.HIVE-4344.HIVE-4344.D10221.1.patch" size="9118" author="phabricator@reviews.facebook.net" created="Fri, 12 Apr 2013 23:08:14 +0000"/>
                    </attachments>
                <subtasks>
                    </subtasks>
                <customfields>
                                                <customfield id="customfield_12310310" key="com.atlassian.jira.toolkit:attachments">
                        <customfieldname>Attachment count</customfieldname>
                        <customfieldvalues>
                            <customfieldvalue>1.0</customfieldvalue>
                        </customfieldvalues>
                    </customfield>
                                                                                                                                                                                                                                                                                                                                                                                                                                                                                                                                <customfield id="customfield_12310220" key="com.atlassian.jira.ext.charting:firstresponsedate">
                        <customfieldname>Date of First Response</customfieldname>
                        <customfieldvalues>
                            <customfieldvalue>Fri, 12 Apr 2013 23:08:13 +0000</customfieldvalue>

                        </customfieldvalues>
                    </customfield>
                                                                                                                                                                                                                                                                                                                                                                                                                                            <customfield id="customfield_12310420" key="com.pyxis.greenhopper.jira:gh-global-rank">
                        <customfieldname>Global Rank</customfieldname>
                        <customfieldvalues>
                            <customfieldvalue>322586</customfieldvalue>
                        </customfieldvalues>
                    </customfield>
                                                                                                                                                    <customfield id="customfield_12312521" key="com.atlassian.jira.toolkit:LastCommentDate">
                        <customfieldname>Last public comment date</customfieldname>
                        <customfieldvalues>
                            3 years, 19 weeks, 3 days ago
                        </customfieldvalues>
                    </customfield>
                                                                                            <customfield id="customfield_12311820" key="com.pyxis.greenhopper.jira:gh-lexo-rank">
                        <customfieldname>Rank</customfieldname>
                        <customfieldvalues>
                            <customfieldvalue>0|i1jnof:</customfieldvalue>

                        </customfieldvalues>
                    </customfield>
                                                                <customfield id="customfield_12310920" key="com.pyxis.greenhopper.jira:gh-global-rank">
                        <customfieldname>Rank (Obsolete)</customfieldname>
                        <customfieldvalues>
                            <customfieldvalue>322931</customfieldvalue>
                        </customfieldvalues>
                    </customfield>
                                                                                                                                                                                                                                                                                                                            <customfield id="customfield_12310222" key="com.atlassian.jira.ext.charting:timeinstatus">
                        <customfieldname>Time in Status</customfieldname>
                        <customfieldvalues>
                            
                        </customfieldvalues>
                    </customfield>
                                                                                                                        </customfields>
    </item>
</channel>
</rss>