<!-- 
RSS generated by JIRA (6.3.4#6332-sha1:51bc225ef474afe3128b2f66878477f322397b16) at Fri Dec 02 05:03:44 UTC 2016

It is possible to restrict the fields that are returned in this document by specifying the 'field' parameter in your request.
For example, to request only the issue key and summary add field=key&field=summary to the URL of your request.
For example:
https://issues.apache.org/jira/si/jira.issueviews:issue-xml/HIVE-13542/HIVE-13542.xml?field=key&amp;field=summary
-->
<rss version="0.92" >
<channel>
    <title>ASF JIRA</title>
    <link>https://issues.apache.org/jira</link>
    <description>This file is an XML representation of an issue</description>
    <language>en-uk</language>    <build-info>
        <version>6.3.4</version>
        <build-number>6332</build-number>
        <build-date>15-08-2014</build-date>
    </build-info>

<item>
            <title>[HIVE-13542] Missing stats for tables in TPCDS performance regression suite</title>
                <link>https://issues.apache.org/jira/browse/HIVE-13542</link>
                <project id="12310843" key="HIVE">Hive</project>
                    <description>&lt;p&gt;These are the tables whose stats are missing in data/files/tpcds-perf/metastore_export/csv/TAB_COL_STATS.txt:&lt;/p&gt;

&lt;ul&gt;
	&lt;li&gt;catalog_returns&lt;/li&gt;
	&lt;li&gt;catalog_sales&lt;/li&gt;
	&lt;li&gt;inventory&lt;/li&gt;
	&lt;li&gt;store_returns&lt;/li&gt;
	&lt;li&gt;store_sales&lt;/li&gt;
	&lt;li&gt;web_returns&lt;/li&gt;
	&lt;li&gt;web_sales&lt;/li&gt;
&lt;/ul&gt;


&lt;p&gt;Thanks to &lt;a href=&quot;https://issues.apache.org/jira/secure/ViewProfile.jspa?name=jcamachorodriguez&quot; class=&quot;user-hover&quot; rel=&quot;jcamachorodriguez&quot;&gt;Jesus Camacho Rodriguez&lt;/a&gt; for discovering this issue.&lt;/p&gt;</description>
                <environment></environment>
        <key id="12959818">HIVE-13542</key>
            <summary>Missing stats for tables in TPCDS performance regression suite</summary>
                <type id="1" iconUrl="https://issues.apache.org/jira/images/icons/issuetypes/bug.png">Bug</type>
                                            <priority id="3" iconUrl="https://issues.apache.org/jira/images/icons/priorities/major.png">Major</priority>
                        <status id="6" iconUrl="https://issues.apache.org/jira/images/icons/statuses/closed.png" description="The issue is considered finished, the resolution is correct. Issues which are closed can be reopened.">Closed</status>
                    <statusCategory id="3" key="done" colorName="green"/>
                                    <resolution id="1">Fixed</resolution>
                                        <assignee username="hsubramaniyan">Hari Sankar Sivarama Subramaniyan</assignee>
                                    <reporter username="hsubramaniyan">Hari Sankar Sivarama Subramaniyan</reporter>
                        <labels>
                    </labels>
                <created>Mon, 18 Apr 2016 23:10:21 +0000</created>
                <updated>Tue, 21 Jun 2016 15:12:24 +0000</updated>
                            <resolved>Fri, 6 May 2016 20:56:17 +0000</resolved>
                                    <version>2.0.0</version>
                                    <fixVersion>2.1.0</fixVersion>
                                    <component>Testing Infrastructure</component>
                        <due></due>
                            <votes>0</votes>
                                    <watches>2</watches>
                                                                <comments>
                            <comment id="15246806" author="hsubramaniyan" created="Tue, 19 Apr 2016 00:05:35 +0000"  >&lt;p&gt;cc-ing &lt;a href=&quot;https://issues.apache.org/jira/secure/ViewProfile.jspa?name=jcamachorodriguez&quot; class=&quot;user-hover&quot; rel=&quot;jcamachorodriguez&quot;&gt;Jesus Camacho Rodriguez&lt;/a&gt; for review.&lt;/p&gt;</comment>
                            <comment id="15247892" author="jcamachorodriguez" created="Tue, 19 Apr 2016 14:52:54 +0000"  >&lt;p&gt;Thanks &lt;a href=&quot;https://issues.apache.org/jira/secure/ViewProfile.jspa?name=hsubramaniyan&quot; class=&quot;user-hover&quot; rel=&quot;hsubramaniyan&quot;&gt;Hari Sankar Sivarama Subramaniyan&lt;/a&gt;.&lt;/p&gt;

&lt;p&gt;I have been running some tests using your patch e.g. query7.q. Examining the logs I see the following message that seems to indicate we still have some kind of problem with the stats:&lt;/p&gt;

&lt;div class=&quot;preformatted panel&quot; style=&quot;border-width: 1px;&quot;&gt;&lt;div class=&quot;preformattedContent panelContent&quot;&gt;
&lt;pre&gt;Caused by: org.apache.hadoop.hive.metastore.DeadlineException: The threadlocal Deadline is null, please register it first.
        at org.apache.hadoop.hive.metastore.Deadline.checkTimeout(Deadline.java:149) ~[hive-metastore-2.1.0-SNAPSHOT.jar:2.1.0-SNAPSHOT]
        at org.apache.hadoop.hive.metastore.ObjectStore$7.getJdoResult(ObjectStore.java:6686) ~[hive-metastore-2.1.0-SNAPSHOT.jar:2.1.0-SNAPSHOT]
        at org.apache.hadoop.hive.metastore.ObjectStore$7.getJdoResult(ObjectStore.java:6664) ~[hive-metastore-2.1.0-SNAPSHOT.jar:2.1.0-SNAPSHOT]
        at org.apache.hadoop.hive.metastore.ObjectStore$GetHelper.run(ObjectStore.java:2550) ~[hive-metastore-2.1.0-SNAPSHOT.jar:2.1.0-SNAPSHOT]
        at org.apache.hadoop.hive.metastore.ObjectStore.getTableColumnStatisticsInternal(ObjectStore.java:6663) ~[hive-metastore-2.1.0-SNAPSHOT.jar:2.1.0-SNAPSHOT]
        at org.apache.hadoop.hive.metastore.ObjectStore.getTableColumnStatistics(ObjectStore.java:6657) ~[hive-metastore-2.1.0-SNAPSHOT.jar:2.1.0-SNAPSHOT]
        at org.apache.hadoop.hive.metastore.HiveMetaStore$HMSHandler.get_table_statistics_req(HiveMetaStore.java:4327) ~[hive-metastore-2.1.0-SNAPSHOT.jar:2.1.0-SNAPSHOT]
        at org.apache.hadoop.hive.metastore.HiveMetaStoreClient.getTableColumnStatistics(HiveMetaStoreClient.java:1570) ~[hive-metastore-2.1.0-SNAPSHOT.jar:2.1.0-SNAPSHOT]
        at org.apache.hadoop.hive.ql.metadata.SessionHiveMetaStoreClient.getTableColumnStatistics(SessionHiveMetaStoreClient.java:347) ~[hive-exec-2.1.0-SNAPSHOT.jar:2.1.0-SNAPSHOT]
        at org.apache.hadoop.hive.ql.metadata.Hive.getTableColumnStatistics(Hive.java:3317) ~[hive-exec-2.1.0-SNAPSHOT.jar:2.1.0-SNAPSHOT]
        ... 178 more
2016-04-19T07:23:58,718 ERROR [ee2214e0-ff62-4617-a51c-45dfba3ae1c0 main[]]: calcite.RelOptHiveTable (RelOptHiveTable.java:updateColStats(395)) - No Stats for default@customer_demographics, Columns: cd_demo_sk
2016-04-19T07:23:58,719 WARN  [ee2214e0-ff62-4617-a51c-45dfba3ae1c0 main[]]: parse.CalcitePlanner (CalcitePlanner.java:apply(993)) - Missing column stats (see previous messages), skipping join reordering in CBO
&lt;/pre&gt;
&lt;/div&gt;&lt;/div&gt;

&lt;p&gt;In particular, that column is present in &lt;tt&gt;data/files/tpcds-perf/metastore_export/csv/TAB_COL_STATS.txt&lt;/tt&gt;.&lt;/p&gt;

&lt;p&gt;I could avoid the DeadlineException by setting &lt;tt&gt;hive.metastore.fastpath&lt;/tt&gt; to false in &lt;tt&gt;data/conf/perf-reg/hive-site.xml&lt;/tt&gt;, thus avoiding bypassing the raw store proxy as we are using the ObjectStore in the PerfCliDriver. However, even after doing that, I still see the missing stats message.&lt;/p&gt;</comment>
                            <comment id="15247977" author="hsubramaniyan" created="Tue, 19 Apr 2016 15:25:58 +0000"  >&lt;p&gt;&lt;a href=&quot;https://issues.apache.org/jira/secure/ViewProfile.jspa?name=jcamachorodriguez&quot; class=&quot;user-hover&quot; rel=&quot;jcamachorodriguez&quot;&gt;Jesus Camacho Rodriguez&lt;/a&gt; Thanks.&lt;br/&gt;
It seems there is a corrupt entry in TAB_COL_STATS.txt, can you please replace the line 101 (one with cd_demo_sk) to &lt;/p&gt;

&lt;div class=&quot;code panel&quot; style=&quot;border-width: 1px;&quot;&gt;&lt;div class=&quot;codeContent panelContent&quot;&gt;
&lt;pre class=&quot;code-java&quot;&gt;
&lt;span class=&quot;code-keyword&quot;&gt;default&lt;/span&gt;,customer_demographics,cd_demo_sk,&lt;span class=&quot;code-object&quot;&gt;int&lt;/span&gt;,1,1920800,,,,,1835839,0,,,,,1434571729,6296,_customer_demographics_
&lt;/pre&gt;
&lt;/div&gt;&lt;/div&gt;

&lt;p&gt;and see if it resolves the issue.&lt;/p&gt;

&lt;p&gt;Thanks&lt;br/&gt;
Hari&lt;/p&gt;</comment>
                            <comment id="15248021" author="jcamachorodriguez" created="Tue, 19 Apr 2016 15:48:44 +0000"  >&lt;p&gt;&lt;a href=&quot;https://issues.apache.org/jira/secure/ViewProfile.jspa?name=hsubramaniyan&quot; class=&quot;user-hover&quot; rel=&quot;hsubramaniyan&quot;&gt;Hari Sankar Sivarama Subramaniyan&lt;/a&gt;, still same problem. Can be reproduced running e.g. query7.q.&lt;/p&gt;</comment>
                            <comment id="15252613" author="hsubramaniyan" created="Thu, 21 Apr 2016 20:28:34 +0000"  >&lt;p&gt;&lt;a href=&quot;https://issues.apache.org/jira/secure/ViewProfile.jspa?name=jcamachorodriguez&quot; class=&quot;user-hover&quot; rel=&quot;jcamachorodriguez&quot;&gt;Jesus Camacho Rodriguez&lt;/a&gt; I looked at this after I made the change. This time it looks like a metastore client error and not a problem with the data.&lt;/p&gt;

&lt;div class=&quot;code panel&quot; style=&quot;border-width: 1px;&quot;&gt;&lt;div class=&quot;codeContent panelContent&quot;&gt;
&lt;pre class=&quot;code-java&quot;&gt;
16-04-21T11:45:55,201 DEBUG [f2995fd1-e4fc-4783-86cb-9264f715e540 main[]]: metastore.MetaStoreDirectSql (MetaStoreDirectSql.java:timingTrace(864)) - Direct SQL query in 14.825303ms + 0.086336ms, the query is [select &lt;span class=&quot;code-quote&quot;&gt;&quot;COLUMN_NAME&quot;&lt;/span&gt;, &lt;span class=&quot;code-quote&quot;&gt;&quot;COLUMN_TYPE&quot;&lt;/span&gt;, &lt;span class=&quot;code-quote&quot;&gt;&quot;LONG_LOW_VALUE&quot;&lt;/span&gt;, &lt;span class=&quot;code-quote&quot;&gt;&quot;LONG_HIGH_VALUE&quot;&lt;/span&gt;, &quot;DOUBLE_LOW_VALU\
E&lt;span class=&quot;code-quote&quot;&gt;&quot;, &quot;&lt;/span&gt;DOUBLE_HIGH_VALUE&lt;span class=&quot;code-quote&quot;&gt;&quot;, &quot;&lt;/span&gt;BIG_DECIMAL_LOW_VALUE&lt;span class=&quot;code-quote&quot;&gt;&quot;, &quot;&lt;/span&gt;BIG_DECIMAL_HIGH_VALUE&lt;span class=&quot;code-quote&quot;&gt;&quot;, &quot;&lt;/span&gt;NUM_NULLS&lt;span class=&quot;code-quote&quot;&gt;&quot;, &quot;&lt;/span&gt;NUM_DISTINCTS&lt;span class=&quot;code-quote&quot;&gt;&quot;, &quot;&lt;/span&gt;AVG_COL_LEN&lt;span class=&quot;code-quote&quot;&gt;&quot;, &quot;&lt;/span&gt;MAX_COL_LEN&lt;span class=&quot;code-quote&quot;&gt;&quot;, &quot;&lt;/span&gt;NUM_TRUES&lt;span class=&quot;code-quote&quot;&gt;&quot;, &quot;&lt;/span&gt;NUM_FALSES&lt;span class=&quot;code-quote&quot;&gt;&quot;, &quot;&lt;/span&gt;LAST_ANALYZED&lt;span class=&quot;code-quote&quot;&gt;&quot;  from &quot;&lt;/span&gt;TAB_COL_STATS&lt;span class=&quot;code-quote&quot;&gt;&quot;  where &quot;&lt;/span&gt;DB_NAME&lt;span class=&quot;code-quote&quot;&gt;&quot; = ? and &quot;&lt;/span&gt;TABLE_NAME&lt;span class=&quot;code-quote&quot;&gt;&quot; = ? and &quot;&lt;/span&gt;COLUMN_NAME&quot; in (...)]
2016-04-21T11:45:55,242 WARN  [f2995fd1-e4fc-4783-86cb-9264f715e540 main[]]: metastore.ObjectStore (ObjectStore.java:handleDirectSqlError(2602)) - Direct SQL failed, falling back to ORM
org.apache.hadoop.hive.metastore.api.MetaException: The threadlocal Deadline is &lt;span class=&quot;code-keyword&quot;&gt;null&lt;/span&gt;, please register it first.
        at org.apache.hadoop.hive.metastore.Deadline.newMetaException(Deadline.java:178) ~[hive-metastore-2.1.0-SNAPSHOT.jar:2.1.0-SNAPSHOT]
        at org.apache.hadoop.hive.metastore.Deadline.checkTimeout(Deadline.java:149) ~[hive-metastore-2.1.0-SNAPSHOT.jar:2.1.0-SNAPSHOT]
        at org.apache.hadoop.hive.metastore.MetaStoreDirectSql.makeColumnStats(MetaStoreDirectSql.java:1717) ~[hive-metastore-2.1.0-SNAPSHOT.jar:2.1.0-SNAPSHOT]
        at org.apache.hadoop.hive.metastore.MetaStoreDirectSql.getTableStats(MetaStoreDirectSql.java:1201) ~[hive-metastore-2.1.0-SNAPSHOT.jar:2.1.0-SNAPSHOT]
        at org.apache.hadoop.hive.metastore.ObjectStore$7.getSqlResult(ObjectStore.java:6849) ~[hive-metastore-2.1.0-SNAPSHOT.jar:2.1.0-SNAPSHOT]
        at org.apache.hadoop.hive.metastore.ObjectStore$7.getSqlResult(ObjectStore.java:6846) ~[hive-metastore-2.1.0-SNAPSHOT.jar:2.1.0-SNAPSHOT]
        at org.apache.hadoop.hive.metastore.ObjectStore$GetHelper.run(ObjectStore.java:2567) [hive-metastore-2.1.0-SNAPSHOT.jar:2.1.0-SNAPSHOT]
        at org.apache.hadoop.hive.metastore.ObjectStore.getTableColumnStatisticsInternal(ObjectStore.java:6845) [hive-metastore-2.1.0-SNAPSHOT.jar:2.1.0-SNAPSHOT]
        at org.apache.hadoop.hive.metastore.ObjectStore.getTableColumnStatistics(ObjectStore.java:6839) [hive-metastore-2.1.0-SNAPSHOT.jar:2.1.0-SNAPSHOT]
        at org.apache.hadoop.hive.metastore.HiveMetaStore$HMSHandler.get_table_statistics_req(HiveMetaStore.java:4361) [hive-metastore-2.1.0-SNAPSHOT.jar:2.1.0-SNAPSHOT]
        at org.apache.hadoop.hive.metastore.HiveMetaStoreClient.getTableColumnStatistics(HiveMetaStoreClient.java:1613) [hive-metastore-2.1.0-SNAPSHOT.jar:2.1.0-SNAPSHOT]
        at org.apache.hadoop.hive.ql.metadata.SessionHiveMetaStoreClient.getTableColumnStatistics(SessionHiveMetaStoreClient.java:347) [hive-exec-2.1.0-SNAPSHOT.jar:2.1.0-SNAPSHOT]
        at org.apache.hadoop.hive.ql.metadata.Hive.getTableColumnStatistics(Hive.java:3317) [hive-exec-2.1.0-SNAPSHOT.jar:2.1.0-SNAPSHOT]
        at org.apache.hadoop.hive.ql.stats.StatsUtils.getTableColumnStats(StatsUtils.java:758) [hive-exec-2.1.0-SNAPSHOT.jar:2.1.0-SNAPSHOT]
        at org.apache.hadoop.hive.ql.optimizer.calcite.RelOptHiveTable.updateColStats(RelOptHiveTable.java:302) [hive-exec-2.1.0-SNAPSHOT.jar:2.1.0-SNAPSHOT]
        at org.apache.hadoop.hive.ql.optimizer.calcite.RelOptHiveTable.getColStat(RelOptHiveTable.java:417) [hive-exec-2.1.0-SNAPSHOT.jar:2.1.0-SNAPSHOT]
        at org.apache.hadoop.hive.ql.optimizer.calcite.RelOptHiveTable.getColStat(RelOptHiveTable.java:410) [hive-exec-2.1.0-SNAPSHOT.jar:2.1.0-SNAPSHOT]
        at org.apache.hadoop.hive.ql.optimizer.calcite.reloperators.HiveTableScan.getColStat(HiveTableScan.java:158) [hive-exec-2.1.0-SNAPSHOT.jar:2.1.0-SNAPSHOT]
        at org.apache.hadoop.hive.ql.optimizer.calcite.stats.HiveRelMdDistinctRowCount.getDistinctRowCount(HiveRelMdDistinctRowCount.java:77) [hive-exec-2.1.0-SNAPSHOT.jar:2.1.0-SNAPSHOT]
        at org.apache.hadoop.hive.ql.optimizer.calcite.stats.HiveRelMdDistinctRowCount.getDistinctRowCount(HiveRelMdDistinctRowCount.java:64) [hive-exec-2.1.0-SNAPSHOT.jar:2.1.0-SNAPSHOT]
        at sun.reflect.NativeMethodAccessorImpl.invoke0(Native Method) ~[?:1.7.0_79]
        at sun.reflect.NativeMethodAccessorImpl.invoke(NativeMethodAccessorImpl.java:57) ~[?:1.7.0_79]
        at sun.reflect.DelegatingMethodAccessorImpl.invoke(DelegatingMethodAccessorImpl.java:43) ~[?:1.7.0_79]
        at java.lang.reflect.Method.invoke(Method.java:606) ~[?:1.7.0_79]
&lt;/pre&gt;
&lt;/div&gt;&lt;/div&gt;

&lt;p&gt;It seems  we need to register the Deadline before we can invoke the call on retrieving the table statistics. &lt;a href=&quot;https://issues.apache.org/jira/secure/ViewProfile.jspa?name=sershe&quot; class=&quot;user-hover&quot; rel=&quot;sershe&quot;&gt;Sergey Shelukhin&lt;/a&gt; , looking at the stack trace is it possible to suggest a way to  make the fix at the client side.&lt;/p&gt;

&lt;p&gt;Thanks&lt;br/&gt;
Hari&lt;/p&gt;</comment>
                            <comment id="15270256" author="hsubramaniyan" created="Wed, 4 May 2016 07:35:20 +0000"  >&lt;p&gt;This jira is blocked by the fact that we are do the following:&lt;br/&gt;
1. Move the TestPerfCliDriver to TestMiniTezCliDriver &lt;br/&gt;
2. Move from derby to hbase metastore (as part of point 1).&lt;/p&gt;

&lt;p&gt;I will create a new jira and link it to this one when I start working on it.&lt;br/&gt;
The fix once available for the above points, will invalidate this one.&lt;/p&gt;

&lt;p&gt;Thanks&lt;br/&gt;
Hari&lt;/p&gt;</comment>
                            <comment id="15270429" author="jcamachorodriguez" created="Wed, 4 May 2016 10:02:15 +0000"  >&lt;p&gt;&lt;a href=&quot;https://issues.apache.org/jira/secure/ViewProfile.jspa?name=hsubramaniyan&quot; class=&quot;user-hover&quot; rel=&quot;hsubramaniyan&quot;&gt;Hari Sankar Sivarama Subramaniyan&lt;/a&gt;, &lt;a href=&quot;https://issues.apache.org/jira/secure/ViewProfile.jspa?name=ashutoshc&quot; class=&quot;user-hover&quot; rel=&quot;ashutoshc&quot;&gt;Ashutosh Chauhan&lt;/a&gt;, if this and &lt;a href=&quot;https://issues.apache.org/jira/browse/HIVE-13061&quot; title=&quot;Advance Hadoop Architecture (AHA) - Advance Hive (Umbrella) JIRA -- Enhanced Updates &amp;amp; others&quot; class=&quot;issue-link&quot; data-issue-key=&quot;HIVE-13061&quot;&gt;HIVE-13061&lt;/a&gt; are taking a bit of time, is it possible to set hive.metastore.fastpath to false and add the missing stats so TestPerfCliDriver works properly? That would unblock &lt;a href=&quot;https://issues.apache.org/jira/browse/HIVE-13269&quot; title=&quot;Simplify comparison expressions using column stats&quot; class=&quot;issue-link&quot; data-issue-key=&quot;HIVE-13269&quot;&gt;&lt;del&gt;HIVE-13269&lt;/del&gt;&lt;/a&gt; while TestPerfCliDriver is being migrated, right?&lt;/p&gt;</comment>
                            <comment id="15270504" author="ashutoshc" created="Wed, 4 May 2016 11:48:09 +0000"  >&lt;p&gt;I am fine either ways. &lt;a href=&quot;https://issues.apache.org/jira/secure/ViewProfile.jspa?name=hsubramaniyan&quot; class=&quot;user-hover&quot; rel=&quot;hsubramaniyan&quot;&gt;Hari Sankar Sivarama Subramaniyan&lt;/a&gt; ?&lt;/p&gt;</comment>
                            <comment id="15272902" author="ashutoshc" created="Thu, 5 May 2016 19:21:45 +0000"  >&lt;p&gt;+1 pending tests&lt;/p&gt;</comment>
                            <comment id="15274719" author="ashutoshc" created="Fri, 6 May 2016 20:56:17 +0000"  >&lt;p&gt;Pushed to master. Thanks, &lt;a href=&quot;https://issues.apache.org/jira/secure/ViewProfile.jspa?name=hsubramaniyan&quot; class=&quot;user-hover&quot; rel=&quot;hsubramaniyan&quot;&gt;Hari Sankar Sivarama Subramaniyan&lt;/a&gt;&lt;/p&gt;</comment>
                            <comment id="15275237" author="hiveqa" created="Sat, 7 May 2016 13:31:47 +0000"  >

&lt;p&gt;Here are the results of testing the latest attachment:&lt;br/&gt;
&lt;a href=&quot;https://issues.apache.org/jira/secure/attachment/12802469/HIVE-13542.2.patch&quot; class=&quot;external-link&quot; rel=&quot;nofollow&quot;&gt;https://issues.apache.org/jira/secure/attachment/12802469/HIVE-13542.2.patch&lt;/a&gt;&lt;/p&gt;

&lt;p&gt;&lt;font color=&quot;red&quot;&gt;ERROR:&lt;/font&gt; -1 due to build exiting with an error&lt;/p&gt;

&lt;p&gt;Test results: &lt;a href=&quot;http://ec2-54-177-240-2.us-west-1.compute.amazonaws.com/job/PreCommit-HIVE-MASTER-Build/204/testReport&quot; class=&quot;external-link&quot; rel=&quot;nofollow&quot;&gt;http://ec2-54-177-240-2.us-west-1.compute.amazonaws.com/job/PreCommit-HIVE-MASTER-Build/204/testReport&lt;/a&gt;&lt;br/&gt;
Console output: &lt;a href=&quot;http://ec2-54-177-240-2.us-west-1.compute.amazonaws.com/job/PreCommit-HIVE-MASTER-Build/204/console&quot; class=&quot;external-link&quot; rel=&quot;nofollow&quot;&gt;http://ec2-54-177-240-2.us-west-1.compute.amazonaws.com/job/PreCommit-HIVE-MASTER-Build/204/console&lt;/a&gt;&lt;br/&gt;
Test logs: &lt;a href=&quot;http://ec2-50-18-27-0.us-west-1.compute.amazonaws.com/logs/PreCommit-HIVE-MASTER-Build-204/&quot; class=&quot;external-link&quot; rel=&quot;nofollow&quot;&gt;http://ec2-50-18-27-0.us-west-1.compute.amazonaws.com/logs/PreCommit-HIVE-MASTER-Build-204/&lt;/a&gt;&lt;/p&gt;

&lt;p&gt;Messages:&lt;/p&gt;
&lt;div class=&quot;preformatted panel&quot; style=&quot;border-width: 1px;&quot;&gt;&lt;div class=&quot;preformattedContent panelContent&quot;&gt;
&lt;pre&gt;Executing org.apache.hive.ptest.execution.TestCheckPhase
Executing org.apache.hive.ptest.execution.PrepPhase
Tests exited with: NonZeroExitCodeException
Command &apos;bash /data/hive-ptest/working/scratch/source-prep.sh&apos; failed with exit status 1 and output &apos;+ [[ -n /usr/java/jdk1.7.0_45-cloudera ]]
+ export JAVA_HOME=/usr/java/jdk1.7.0_45-cloudera
+ JAVA_HOME=/usr/java/jdk1.7.0_45-cloudera
+ export PATH=/usr/java/jdk1.7.0_45-cloudera/bin/:/usr/lib64/qt-3.3/bin:/usr/local/apache-maven-3.0.5/bin:/usr/java/jdk1.7.0_45-cloudera/bin:/usr/local/apache-ant-1.9.1/bin:/usr/local/bin:/bin:/usr/bin:/usr/local/sbin:/usr/sbin:/sbin:/home/hiveptest/bin
+ PATH=/usr/java/jdk1.7.0_45-cloudera/bin/:/usr/lib64/qt-3.3/bin:/usr/local/apache-maven-3.0.5/bin:/usr/java/jdk1.7.0_45-cloudera/bin:/usr/local/apache-ant-1.9.1/bin:/usr/local/bin:/bin:/usr/bin:/usr/local/sbin:/usr/sbin:/sbin:/home/hiveptest/bin
+ export &apos;ANT_OPTS=-Xmx1g -XX:MaxPermSize=256m &apos;
+ ANT_OPTS=&apos;-Xmx1g -XX:MaxPermSize=256m &apos;
+ export &apos;M2_OPTS=-Xmx1g -XX:MaxPermSize=256m -Dhttp.proxyHost=localhost -Dhttp.proxyPort=3128&apos;
+ M2_OPTS=&apos;-Xmx1g -XX:MaxPermSize=256m -Dhttp.proxyHost=localhost -Dhttp.proxyPort=3128&apos;
+ cd /data/hive-ptest/working/
+ tee /data/hive-ptest/logs/PreCommit-HIVE-MASTER-Build-204/source-prep.txt
+ [[ false == \t\r\u\e ]]
+ mkdir -p maven ivy
+ [[ git = \s\v\n ]]
+ [[ git = \g\i\t ]]
+ [[ -z master ]]
+ [[ -d apache-github-source-source ]]
+ [[ ! -d apache-github-source-source/.git ]]
+ [[ ! -d apache-github-source-source ]]
+ cd apache-github-source-source
+ git fetch origin
+ git reset --hard HEAD
HEAD is now at 3f3aa2a HIVE-12827: Vectorization: VectorCopyRow/VectorAssignRow/VectorDeserializeRow assign needs explicit isNull[offset] modification (errata.txt)
+ git clean -f -d
+ git checkout master
Already on &apos;master&apos;
+ git reset --hard origin/master
HEAD is now at 3f3aa2a HIVE-12827: Vectorization: VectorCopyRow/VectorAssignRow/VectorDeserializeRow assign needs explicit isNull[offset] modification (errata.txt)
+ git merge --ff-only origin/master
Already up-to-date.
+ git gc
+ patchCommandPath=/data/hive-ptest/working/scratch/smart-apply-patch.sh
+ patchFilePath=/data/hive-ptest/working/scratch/build.patch
+ [[ -f /data/hive-ptest/working/scratch/build.patch ]]
+ chmod +x /data/hive-ptest/working/scratch/smart-apply-patch.sh
+ /data/hive-ptest/working/scratch/smart-apply-patch.sh /data/hive-ptest/working/scratch/build.patch
The patch does not appear to apply with p0, p1, or p2
&apos;
&lt;/pre&gt;
&lt;/div&gt;&lt;/div&gt;

&lt;p&gt;This message is automatically generated.&lt;/p&gt;

&lt;p&gt;ATTACHMENT ID: 12802469 - PreCommit-HIVE-MASTER-Build&lt;/p&gt;</comment>
                    </comments>
                <issuelinks>
                            <issuelinktype id="10032">
                    <name>Blocker</name>
                                            <outwardlinks description="blocks">
                                        <issuelink>
            <issuekey id="12949298">HIVE-13269</issuekey>
        </issuelink>
                            </outwardlinks>
                                                        </issuelinktype>
                            <issuelinktype id="10030">
                    <name>Reference</name>
                                            <outwardlinks description="relates to">
                                        <issuelink>
            <issuekey id="12962101">HIVE-13601</issuekey>
        </issuelink>
                            </outwardlinks>
                                                        </issuelinktype>
                    </issuelinks>
                <attachments>
                            <attachment id="12799396" name="HIVE-13542.1.patch" size="583525" author="hsubramaniyan" created="Tue, 19 Apr 2016 00:05:35 +0000"/>
                            <attachment id="12802469" name="HIVE-13542.2.patch" size="590798" author="hsubramaniyan" created="Thu, 5 May 2016 18:03:01 +0000"/>
                    </attachments>
                <subtasks>
                    </subtasks>
                <customfields>
                                                <customfield id="customfield_12310310" key="com.atlassian.jira.toolkit:attachments">
                        <customfieldname>Attachment count</customfieldname>
                        <customfieldvalues>
                            <customfieldvalue>2.0</customfieldvalue>
                        </customfieldvalues>
                    </customfield>
                                                                                                                                                                                                                                                                                                                                                                                                                                                                                                                                <customfield id="customfield_12310220" key="com.atlassian.jira.ext.charting:firstresponsedate">
                        <customfieldname>Date of First Response</customfieldname>
                        <customfieldvalues>
                            <customfieldvalue>Tue, 19 Apr 2016 14:52:54 +0000</customfieldvalue>

                        </customfieldvalues>
                    </customfield>
                                                                                                                                                                                                                                                                                                                                                                                                                                            <customfield id="customfield_12310420" key="com.pyxis.greenhopper.jira:gh-global-rank">
                        <customfieldname>Global Rank</customfieldname>
                        <customfieldvalues>
                            <customfieldvalue>9223372036854775807</customfieldvalue>
                        </customfieldvalues>
                    </customfield>
                                                                                                                                                    <customfield id="customfield_12312521" key="com.atlassian.jira.toolkit:LastCommentDate">
                        <customfieldname>Last public comment date</customfieldname>
                        <customfieldvalues>
                            29 weeks, 5 days ago
                        </customfieldvalues>
                    </customfield>
                                                                                            <customfield id="customfield_12311820" key="com.pyxis.greenhopper.jira:gh-lexo-rank">
                        <customfieldname>Rank</customfieldname>
                        <customfieldvalues>
                            <customfieldvalue>0|i2wagf:</customfieldvalue>

                        </customfieldvalues>
                    </customfield>
                                                                <customfield id="customfield_12310920" key="com.pyxis.greenhopper.jira:gh-global-rank">
                        <customfieldname>Rank (Obsolete)</customfieldname>
                        <customfieldvalues>
                            <customfieldvalue>9223372036854775807</customfieldvalue>
                        </customfieldvalues>
                    </customfield>
                                                                                                                                                                                                                                                                                                                            <customfield id="customfield_12310222" key="com.atlassian.jira.ext.charting:timeinstatus">
                        <customfieldname>Time in Status</customfieldname>
                        <customfieldvalues>
                            
                        </customfieldvalues>
                    </customfield>
                                                                                                                        </customfields>
    </item>
</channel>
</rss>