<!-- 
RSS generated by JIRA (6.3.4#6332-sha1:51bc225ef474afe3128b2f66878477f322397b16) at Sat Dec 03 23:36:19 UTC 2016

It is possible to restrict the fields that are returned in this document by specifying the 'field' parameter in your request.
For example, to request only the issue key and summary add field=key&field=summary to the URL of your request.
For example:
https://issues.apache.org/jira/si/jira.issueviews:issue-xml/HIVE-12924/HIVE-12924.xml?field=key&amp;field=summary
-->
<rss version="0.92" >
<channel>
    <title>ASF JIRA</title>
    <link>https://issues.apache.org/jira</link>
    <description>This file is an XML representation of an issue</description>
    <language>en-uk</language>    <build-info>
        <version>6.3.4</version>
        <build-number>6332</build-number>
        <build-date>15-08-2014</build-date>
    </build-info>

<item>
            <title>[HIVE-12924] CBO: Calcite Operator To Hive Operator (Calcite Return Path): TestCliDriver groupby_ppr_multi_distinct.q failure</title>
                <link>https://issues.apache.org/jira/browse/HIVE-12924</link>
                <project id="12310843" key="HIVE">Hive</project>
                    <description>&lt;div class=&quot;code panel&quot; style=&quot;border-width: 1px;&quot;&gt;&lt;div class=&quot;codeContent panelContent&quot;&gt;
&lt;pre class=&quot;code-java&quot;&gt;
EXPLAIN EXTENDED
FROM srcpart src
INSERT OVERWRITE TABLE dest1
SELECT substr(src.key,1,1), count(DISTINCT substr(src.value,5)), concat(substr(src.key,1,1),sum(substr(src.value,5))), sum(DISTINCT substr(src.value, 5)), count(DISTINCT src.value)
WHERE src.ds = &apos;2008-04-08&apos;
GROUP BY substr(src.key,1,1)
&lt;/pre&gt;
&lt;/div&gt;&lt;/div&gt;

&lt;p&gt;Ended Job = job_local968043618_0742 with errors&lt;br/&gt;
FAILED: Execution Error, return code 2 from org.apache.hadoop.hive.ql.exec.mr.MapRedTask&lt;/p&gt;</description>
                <environment></environment>
        <key id="12933981">HIVE-12924</key>
            <summary>CBO: Calcite Operator To Hive Operator (Calcite Return Path): TestCliDriver groupby_ppr_multi_distinct.q failure</summary>
                <type id="7" iconUrl="https://issues.apache.org/jira/images/icons/issuetypes/subtask_alternate.png">Sub-task</type>
                            <parent id="12762144">HIVE-9132</parent>
                                    <priority id="3" iconUrl="https://issues.apache.org/jira/images/icons/priorities/major.png">Major</priority>
                        <status id="5" iconUrl="https://issues.apache.org/jira/images/icons/statuses/resolved.png" description="A resolution has been taken, and it is awaiting verification by reporter. From here issues are either reopened, or are closed.">Resolved</status>
                    <statusCategory id="3" key="done" colorName="green"/>
                                    <resolution id="3">Duplicate</resolution>
                                        <assignee username="vgarg">Vineet Garg</assignee>
                                    <reporter username="hsubramaniyan">Hari Sankar Sivarama Subramaniyan</reporter>
                        <labels>
                    </labels>
                <created>Mon, 25 Jan 2016 23:40:54 +0000</created>
                <updated>Thu, 11 Aug 2016 20:41:04 +0000</updated>
                            <resolved>Thu, 11 Aug 2016 20:41:04 +0000</resolved>
                                                                    <component>CBO</component>
                        <due></due>
                            <votes>0</votes>
                                    <watches>3</watches>
                                                                <comments>
                            <comment id="15128904" author="hiveqa" created="Tue, 2 Feb 2016 19:56:55 +0000"  >

&lt;p&gt;Here are the results of testing the latest attachment:&lt;br/&gt;
&lt;a href=&quot;https://issues.apache.org/jira/secure/attachment/12785593/HIVE-12924.1.patch&quot; class=&quot;external-link&quot; rel=&quot;nofollow&quot;&gt;https://issues.apache.org/jira/secure/attachment/12785593/HIVE-12924.1.patch&lt;/a&gt;&lt;/p&gt;

&lt;p&gt;&lt;font color=&quot;red&quot;&gt;ERROR:&lt;/font&gt; -1 due to no test(s) being added or modified.&lt;/p&gt;

&lt;p&gt;&lt;font color=&quot;red&quot;&gt;ERROR:&lt;/font&gt; -1 due to 19 failed/errored test(s), 10049 tests executed&lt;br/&gt;
&lt;b&gt;Failed tests:&lt;/b&gt;&lt;/p&gt;
&lt;div class=&quot;preformatted panel&quot; style=&quot;border-width: 1px;&quot;&gt;&lt;div class=&quot;preformattedContent panelContent&quot;&gt;
&lt;pre&gt;org.apache.hadoop.hive.cli.TestMiniTezCliDriver.org.apache.hadoop.hive.cli.TestMiniTezCliDriver
org.apache.hadoop.hive.cli.TestMiniTezCliDriver.testCliDriver_alter_merge_stats_orc
org.apache.hadoop.hive.cli.TestMiniTezCliDriver.testCliDriver_auto_sortmerge_join_3
org.apache.hadoop.hive.cli.TestMiniTezCliDriver.testCliDriver_dynpart_sort_optimization2
org.apache.hadoop.hive.cli.TestMiniTezCliDriver.testCliDriver_orc_merge_diff_fs
org.apache.hadoop.hive.cli.TestMiniTezCliDriver.testCliDriver_schema_evol_orc_acidvec_mapwork_table
org.apache.hadoop.hive.cli.TestMiniTezCliDriver.testCliDriver_select_dummy_source
org.apache.hadoop.hive.cli.TestMiniTezCliDriver.testCliDriver_tez_bmj_schema_evolution
org.apache.hadoop.hive.cli.TestMiniTezCliDriver.testCliDriver_tez_insert_overwrite_local_directory_1
org.apache.hadoop.hive.cli.TestMiniTezCliDriver.testCliDriver_transform2
org.apache.hadoop.hive.cli.TestMiniTezCliDriver.testCliDriver_update_tmp_table
org.apache.hadoop.hive.cli.TestMiniTezCliDriver.testCliDriver_vector_char_cast
org.apache.hadoop.hive.cli.TestMiniTezCliDriver.testCliDriver_vector_char_mapjoin1
org.apache.hadoop.hive.cli.TestMiniTezCliDriver.testCliDriver_vector_elt
org.apache.hadoop.hive.cli.TestMiniTezCliDriver.testCliDriver_vectorization_15
org.apache.hadoop.hive.cli.TestMiniTezCliDriver.testCliDriver_vectorized_shufflejoin
org.apache.hadoop.hive.cli.TestNegativeCliDriver.testNegativeCliDriver_authorization_uri_import
org.apache.hive.jdbc.TestSSL.testSSLVersion
org.apache.hive.service.cli.TestEmbeddedThriftBinaryCLIService.testExecuteStatementAsync
&lt;/pre&gt;
&lt;/div&gt;&lt;/div&gt;

&lt;p&gt;Test results: &lt;a href=&quot;http://ec2-174-129-184-35.compute-1.amazonaws.com/jenkins/job/PreCommit-HIVE-TRUNK-Build/6841/testReport&quot; class=&quot;external-link&quot; rel=&quot;nofollow&quot;&gt;http://ec2-174-129-184-35.compute-1.amazonaws.com/jenkins/job/PreCommit-HIVE-TRUNK-Build/6841/testReport&lt;/a&gt;&lt;br/&gt;
Console output: &lt;a href=&quot;http://ec2-174-129-184-35.compute-1.amazonaws.com/jenkins/job/PreCommit-HIVE-TRUNK-Build/6841/console&quot; class=&quot;external-link&quot; rel=&quot;nofollow&quot;&gt;http://ec2-174-129-184-35.compute-1.amazonaws.com/jenkins/job/PreCommit-HIVE-TRUNK-Build/6841/console&lt;/a&gt;&lt;br/&gt;
Test logs: &lt;a href=&quot;http://ec2-174-129-184-35.compute-1.amazonaws.com/logs/PreCommit-HIVE-TRUNK-Build-6841/&quot; class=&quot;external-link&quot; rel=&quot;nofollow&quot;&gt;http://ec2-174-129-184-35.compute-1.amazonaws.com/logs/PreCommit-HIVE-TRUNK-Build-6841/&lt;/a&gt;&lt;/p&gt;

&lt;p&gt;Messages:&lt;/p&gt;
&lt;div class=&quot;preformatted panel&quot; style=&quot;border-width: 1px;&quot;&gt;&lt;div class=&quot;preformattedContent panelContent&quot;&gt;
&lt;pre&gt;Executing org.apache.hive.ptest.execution.TestCheckPhase
Executing org.apache.hive.ptest.execution.PrepPhase
Executing org.apache.hive.ptest.execution.ExecutionPhase
Executing org.apache.hive.ptest.execution.ReportingPhase
Tests exited with: TestsFailedException: 19 tests failed
&lt;/pre&gt;
&lt;/div&gt;&lt;/div&gt;

&lt;p&gt;This message is automatically generated.&lt;/p&gt;

&lt;p&gt;ATTACHMENT ID: 12785593 - PreCommit-HIVE-TRUNK-Build&lt;/p&gt;</comment>
                            <comment id="15136002" author="hiveqa" created="Sat, 6 Feb 2016 20:55:24 +0000"  >

&lt;p&gt;Here are the results of testing the latest attachment:&lt;br/&gt;
&lt;a href=&quot;https://issues.apache.org/jira/secure/attachment/12786334/HIVE-12924.2.patch&quot; class=&quot;external-link&quot; rel=&quot;nofollow&quot;&gt;https://issues.apache.org/jira/secure/attachment/12786334/HIVE-12924.2.patch&lt;/a&gt;&lt;/p&gt;

&lt;p&gt;&lt;font color=&quot;red&quot;&gt;ERROR:&lt;/font&gt; -1 due to no test(s) being added or modified.&lt;/p&gt;

&lt;p&gt;&lt;font color=&quot;red&quot;&gt;ERROR:&lt;/font&gt; -1 due to 4 failed/errored test(s), 10052 tests executed&lt;br/&gt;
&lt;b&gt;Failed tests:&lt;/b&gt;&lt;/p&gt;
&lt;div class=&quot;preformatted panel&quot; style=&quot;border-width: 1px;&quot;&gt;&lt;div class=&quot;preformattedContent panelContent&quot;&gt;
&lt;pre&gt;org.apache.hadoop.hive.cli.TestCliDriver.testCliDriver_cbo_rp_groupby3_noskew_multi_distinct
org.apache.hadoop.hive.cli.TestCliDriver.testCliDriver_cbo_rp_udf_percentile2
org.apache.hadoop.hive.cli.TestNegativeCliDriver.testNegativeCliDriver_authorization_uri_import
org.apache.hive.jdbc.TestSSL.testSSLVersion
&lt;/pre&gt;
&lt;/div&gt;&lt;/div&gt;

&lt;p&gt;Test results: &lt;a href=&quot;http://ec2-174-129-184-35.compute-1.amazonaws.com/jenkins/job/PreCommit-HIVE-TRUNK-Build/6888/testReport&quot; class=&quot;external-link&quot; rel=&quot;nofollow&quot;&gt;http://ec2-174-129-184-35.compute-1.amazonaws.com/jenkins/job/PreCommit-HIVE-TRUNK-Build/6888/testReport&lt;/a&gt;&lt;br/&gt;
Console output: &lt;a href=&quot;http://ec2-174-129-184-35.compute-1.amazonaws.com/jenkins/job/PreCommit-HIVE-TRUNK-Build/6888/console&quot; class=&quot;external-link&quot; rel=&quot;nofollow&quot;&gt;http://ec2-174-129-184-35.compute-1.amazonaws.com/jenkins/job/PreCommit-HIVE-TRUNK-Build/6888/console&lt;/a&gt;&lt;br/&gt;
Test logs: &lt;a href=&quot;http://ec2-174-129-184-35.compute-1.amazonaws.com/logs/PreCommit-HIVE-TRUNK-Build-6888/&quot; class=&quot;external-link&quot; rel=&quot;nofollow&quot;&gt;http://ec2-174-129-184-35.compute-1.amazonaws.com/logs/PreCommit-HIVE-TRUNK-Build-6888/&lt;/a&gt;&lt;/p&gt;

&lt;p&gt;Messages:&lt;/p&gt;
&lt;div class=&quot;preformatted panel&quot; style=&quot;border-width: 1px;&quot;&gt;&lt;div class=&quot;preformattedContent panelContent&quot;&gt;
&lt;pre&gt;Executing org.apache.hive.ptest.execution.TestCheckPhase
Executing org.apache.hive.ptest.execution.PrepPhase
Executing org.apache.hive.ptest.execution.ExecutionPhase
Executing org.apache.hive.ptest.execution.ReportingPhase
Tests exited with: TestsFailedException: 4 tests failed
&lt;/pre&gt;
&lt;/div&gt;&lt;/div&gt;

&lt;p&gt;This message is automatically generated.&lt;/p&gt;

&lt;p&gt;ATTACHMENT ID: 12786334 - PreCommit-HIVE-TRUNK-Build&lt;/p&gt;</comment>
                            <comment id="15140035" author="hiveqa" created="Tue, 9 Feb 2016 23:58:48 +0000"  >

&lt;p&gt;Here are the results of testing the latest attachment:&lt;br/&gt;
&lt;a href=&quot;https://issues.apache.org/jira/secure/attachment/12786962/HIVE-12924.3.patch&quot; class=&quot;external-link&quot; rel=&quot;nofollow&quot;&gt;https://issues.apache.org/jira/secure/attachment/12786962/HIVE-12924.3.patch&lt;/a&gt;&lt;/p&gt;

&lt;p&gt;&lt;font color=&quot;red&quot;&gt;ERROR:&lt;/font&gt; -1 due to no test(s) being added or modified.&lt;/p&gt;

&lt;p&gt;&lt;font color=&quot;red&quot;&gt;ERROR:&lt;/font&gt; -1 due to 3 failed/errored test(s), 9768 tests executed&lt;br/&gt;
&lt;b&gt;Failed tests:&lt;/b&gt;&lt;/p&gt;
&lt;div class=&quot;preformatted panel&quot; style=&quot;border-width: 1px;&quot;&gt;&lt;div class=&quot;preformattedContent panelContent&quot;&gt;
&lt;pre&gt;org.apache.hadoop.hive.cli.TestCliDriver.testCliDriver_ivyDownload
org.apache.hadoop.hive.cli.TestNegativeCliDriver.testNegativeCliDriver_authorization_uri_import
org.apache.hive.jdbc.TestSSL.testSSLVersion
&lt;/pre&gt;
&lt;/div&gt;&lt;/div&gt;

&lt;p&gt;Test results: &lt;a href=&quot;http://ec2-174-129-184-35.compute-1.amazonaws.com/jenkins/job/PreCommit-HIVE-TRUNK-Build/6925/testReport&quot; class=&quot;external-link&quot; rel=&quot;nofollow&quot;&gt;http://ec2-174-129-184-35.compute-1.amazonaws.com/jenkins/job/PreCommit-HIVE-TRUNK-Build/6925/testReport&lt;/a&gt;&lt;br/&gt;
Console output: &lt;a href=&quot;http://ec2-174-129-184-35.compute-1.amazonaws.com/jenkins/job/PreCommit-HIVE-TRUNK-Build/6925/console&quot; class=&quot;external-link&quot; rel=&quot;nofollow&quot;&gt;http://ec2-174-129-184-35.compute-1.amazonaws.com/jenkins/job/PreCommit-HIVE-TRUNK-Build/6925/console&lt;/a&gt;&lt;br/&gt;
Test logs: &lt;a href=&quot;http://ec2-174-129-184-35.compute-1.amazonaws.com/logs/PreCommit-HIVE-TRUNK-Build-6925/&quot; class=&quot;external-link&quot; rel=&quot;nofollow&quot;&gt;http://ec2-174-129-184-35.compute-1.amazonaws.com/logs/PreCommit-HIVE-TRUNK-Build-6925/&lt;/a&gt;&lt;/p&gt;

&lt;p&gt;Messages:&lt;/p&gt;
&lt;div class=&quot;preformatted panel&quot; style=&quot;border-width: 1px;&quot;&gt;&lt;div class=&quot;preformattedContent panelContent&quot;&gt;
&lt;pre&gt;Executing org.apache.hive.ptest.execution.TestCheckPhase
Executing org.apache.hive.ptest.execution.PrepPhase
Executing org.apache.hive.ptest.execution.ExecutionPhase
Executing org.apache.hive.ptest.execution.ReportingPhase
Tests exited with: TestsFailedException: 3 tests failed
&lt;/pre&gt;
&lt;/div&gt;&lt;/div&gt;

&lt;p&gt;This message is automatically generated.&lt;/p&gt;

&lt;p&gt;ATTACHMENT ID: 12786962 - PreCommit-HIVE-TRUNK-Build&lt;/p&gt;</comment>
                            <comment id="15140051" author="hsubramaniyan" created="Wed, 10 Feb 2016 00:11:55 +0000"  >&lt;p&gt;The failures are unrelated to the change. cc-ing &lt;a href=&quot;https://issues.apache.org/jira/secure/ViewProfile.jspa?name=jpullokkaran&quot; class=&quot;user-hover&quot; rel=&quot;jpullokkaran&quot;&gt;Laljo John Pullokkaran&lt;/a&gt; for review&lt;/p&gt;</comment>
                            <comment id="15407549" author="hiveqa" created="Thu, 4 Aug 2016 10:37:38 +0000"  >

&lt;p&gt;Here are the results of testing the latest attachment:&lt;br/&gt;
&lt;a href=&quot;https://issues.apache.org/jira/secure/attachment/12786962/HIVE-12924.3.patch&quot; class=&quot;external-link&quot; rel=&quot;nofollow&quot;&gt;https://issues.apache.org/jira/secure/attachment/12786962/HIVE-12924.3.patch&lt;/a&gt;&lt;/p&gt;

&lt;p&gt;&lt;font color=&quot;red&quot;&gt;ERROR:&lt;/font&gt; -1 due to no test(s) being added or modified.&lt;/p&gt;

&lt;p&gt;&lt;font color=&quot;red&quot;&gt;ERROR:&lt;/font&gt; -1 due to 5 failed/errored test(s), 10440 tests executed&lt;br/&gt;
&lt;b&gt;Failed tests:&lt;/b&gt;&lt;/p&gt;
&lt;div class=&quot;preformatted panel&quot; style=&quot;border-width: 1px;&quot;&gt;&lt;div class=&quot;preformattedContent panelContent&quot;&gt;
&lt;pre&gt;TestMsgBusConnection - did not produce a TEST-*.xml file
TestQueryLifeTimeHook - did not produce a TEST-*.xml file
org.apache.hadoop.hive.cli.TestMiniLlapCliDriver.testCliDriver_orc_llap_counters
org.apache.hadoop.hive.llap.tezplugins.TestLlapTaskSchedulerService.testForcedLocalityMultiplePreemptionsSameHost2
org.apache.hive.jdbc.TestJdbcWithMiniHS2.testAddJarConstructorUnCaching
&lt;/pre&gt;
&lt;/div&gt;&lt;/div&gt;

&lt;p&gt;Test results: &lt;a href=&quot;https://builds.apache.org/job/PreCommit-HIVE-MASTER-Build/761/testReport&quot; class=&quot;external-link&quot; rel=&quot;nofollow&quot;&gt;https://builds.apache.org/job/PreCommit-HIVE-MASTER-Build/761/testReport&lt;/a&gt;&lt;br/&gt;
Console output: &lt;a href=&quot;https://builds.apache.org/job/PreCommit-HIVE-MASTER-Build/761/console&quot; class=&quot;external-link&quot; rel=&quot;nofollow&quot;&gt;https://builds.apache.org/job/PreCommit-HIVE-MASTER-Build/761/console&lt;/a&gt;&lt;br/&gt;
Test logs: &lt;a href=&quot;http://ec2-204-236-174-241.us-west-1.compute.amazonaws.com/logs/PreCommit-HIVE-MASTER-Build-761/&quot; class=&quot;external-link&quot; rel=&quot;nofollow&quot;&gt;http://ec2-204-236-174-241.us-west-1.compute.amazonaws.com/logs/PreCommit-HIVE-MASTER-Build-761/&lt;/a&gt;&lt;/p&gt;

&lt;p&gt;Messages:&lt;/p&gt;
&lt;div class=&quot;preformatted panel&quot; style=&quot;border-width: 1px;&quot;&gt;&lt;div class=&quot;preformattedContent panelContent&quot;&gt;
&lt;pre&gt;Executing org.apache.hive.ptest.execution.TestCheckPhase
Executing org.apache.hive.ptest.execution.PrepPhase
Executing org.apache.hive.ptest.execution.ExecutionPhase
Executing org.apache.hive.ptest.execution.ReportingPhase
Tests exited with: TestsFailedException: 5 tests failed
&lt;/pre&gt;
&lt;/div&gt;&lt;/div&gt;

&lt;p&gt;This message is automatically generated.&lt;/p&gt;

&lt;p&gt;ATTACHMENT ID: 12786962 - PreCommit-HIVE-MASTER-Build&lt;/p&gt;</comment>
                            <comment id="15411065" author="vgarg" created="Sun, 7 Aug 2016 20:57:28 +0000"  >&lt;p&gt;This has same issue as &lt;a href=&quot;https://issues.apache.org/jira/browse/HIVE-14396&quot; title=&quot;CBO: Calcite Operator To Hive Operator (Calcite Return Path): TestCliDriver count.q failure&quot; class=&quot;issue-link&quot; data-issue-key=&quot;HIVE-14396&quot;&gt;&lt;del&gt;HIVE-14396&lt;/del&gt;&lt;/a&gt;&apos;s 3) case i.e. bug in lookup for column info for non-distinct parameter. Translate groupby end up creating wrong column name for one of the parameter and later execution engine bails out on not finding that particular column&lt;/p&gt;</comment>
                            <comment id="15417903" author="vgarg" created="Thu, 11 Aug 2016 20:41:04 +0000"  >&lt;p&gt;Marking this as duplicate since this is same issue as &lt;a href=&quot;https://issues.apache.org/jira/browse/HIVE-14396&quot; title=&quot;CBO: Calcite Operator To Hive Operator (Calcite Return Path): TestCliDriver count.q failure&quot; class=&quot;issue-link&quot; data-issue-key=&quot;HIVE-14396&quot;&gt;&lt;del&gt;HIVE-14396&lt;/del&gt;&lt;/a&gt; (issue 3)&lt;/p&gt;</comment>
                    </comments>
                    <attachments>
                            <attachment id="12785593" name="HIVE-12924.1.patch" size="3776" author="hsubramaniyan" created="Mon, 1 Feb 2016 21:02:10 +0000"/>
                            <attachment id="12786334" name="HIVE-12924.2.patch" size="2465" author="hsubramaniyan" created="Thu, 4 Feb 2016 21:15:05 +0000"/>
                            <attachment id="12786962" name="HIVE-12924.3.patch" size="4389" author="hsubramaniyan" created="Tue, 9 Feb 2016 00:27:55 +0000"/>
                    </attachments>
                <subtasks>
                    </subtasks>
                <customfields>
                                                <customfield id="customfield_12310310" key="com.atlassian.jira.toolkit:attachments">
                        <customfieldname>Attachment count</customfieldname>
                        <customfieldvalues>
                            <customfieldvalue>3.0</customfieldvalue>
                        </customfieldvalues>
                    </customfield>
                                                                                                                                                                                                                                                                                                                                                                                                                                                                                                                                <customfield id="customfield_12310220" key="com.atlassian.jira.ext.charting:firstresponsedate">
                        <customfieldname>Date of First Response</customfieldname>
                        <customfieldvalues>
                            <customfieldvalue>Tue, 2 Feb 2016 19:56:55 +0000</customfieldvalue>

                        </customfieldvalues>
                    </customfield>
                                                                                                                                                                                                                                                                                                                                                                                                                                            <customfield id="customfield_12310420" key="com.pyxis.greenhopper.jira:gh-global-rank">
                        <customfieldname>Global Rank</customfieldname>
                        <customfieldvalues>
                            <customfieldvalue>9223372036854775807</customfieldvalue>
                        </customfieldvalues>
                    </customfield>
                                                                                                                                                    <customfield id="customfield_12312521" key="com.atlassian.jira.toolkit:LastCommentDate">
                        <customfieldname>Last public comment date</customfieldname>
                        <customfieldvalues>
                            16 weeks, 2 days ago
                        </customfieldvalues>
                    </customfield>
                                                                                            <customfield id="customfield_12311820" key="com.pyxis.greenhopper.jira:gh-lexo-rank">
                        <customfieldname>Rank</customfieldname>
                        <customfieldvalues>
                            <customfieldvalue>0|i2rybz:</customfieldvalue>

                        </customfieldvalues>
                    </customfield>
                                                                <customfield id="customfield_12310920" key="com.pyxis.greenhopper.jira:gh-global-rank">
                        <customfieldname>Rank (Obsolete)</customfieldname>
                        <customfieldvalues>
                            <customfieldvalue>9223372036854775807</customfieldvalue>
                        </customfieldvalues>
                    </customfield>
                                                                                                                                                                                                                                                                                                                            <customfield id="customfield_12310222" key="com.atlassian.jira.ext.charting:timeinstatus">
                        <customfieldname>Time in Status</customfieldname>
                        <customfieldvalues>
                            
                        </customfieldvalues>
                    </customfield>
                                                                                                                        </customfields>
    </item>
</channel>
</rss>