<!-- 
RSS generated by JIRA (6.3.4#6332-sha1:51bc225ef474afe3128b2f66878477f322397b16) at Sat Dec 03 22:24:08 UTC 2016

It is possible to restrict the fields that are returned in this document by specifying the 'field' parameter in your request.
For example, to request only the issue key and summary add field=key&field=summary to the URL of your request.
For example:
https://issues.apache.org/jira/si/jira.issueviews:issue-xml/HIVE-10713/HIVE-10713.xml?field=key&amp;field=summary
-->
<rss version="0.92" >
<channel>
    <title>ASF JIRA</title>
    <link>https://issues.apache.org/jira</link>
    <description>This file is an XML representation of an issue</description>
    <language>en-uk</language>    <build-info>
        <version>6.3.4</version>
        <build-number>6332</build-number>
        <build-date>15-08-2014</build-date>
    </build-info>

<item>
            <title>[HIVE-10713] Update to HBase 1.0</title>
                <link>https://issues.apache.org/jira/browse/HIVE-10713</link>
                <project id="12310843" key="HIVE">Hive</project>
                    <description>&lt;p&gt;HBase is now 1.0. We should look into upgrading the HBase deps in Hive to 1.0 as well.&lt;/p&gt;</description>
                <environment></environment>
        <key id="12829973">HIVE-10713</key>
            <summary>Update to HBase 1.0</summary>
                <type id="4" iconUrl="https://issues.apache.org/jira/images/icons/issuetypes/improvement.png">Improvement</type>
                                            <priority id="3" iconUrl="https://issues.apache.org/jira/images/icons/priorities/major.png">Major</priority>
                        <status id="5" iconUrl="https://issues.apache.org/jira/images/icons/statuses/resolved.png" description="A resolution has been taken, and it is awaiting verification by reporter. From here issues are either reopened, or are closed.">Resolved</status>
                    <statusCategory id="3" key="done" colorName="green"/>
                                    <resolution id="3">Duplicate</resolution>
                                        <assignee username="swarnim">Swarnim Kulkarni</assignee>
                                    <reporter username="swarnim">Swarnim Kulkarni</reporter>
                        <labels>
                    </labels>
                <created>Thu, 14 May 2015 20:42:35 +0000</created>
                <updated>Tue, 19 May 2015 14:05:58 +0000</updated>
                            <resolved>Tue, 19 May 2015 14:05:58 +0000</resolved>
                                                                    <component>HBase Handler</component>
                        <due></due>
                            <votes>0</votes>
                                    <watches>2</watches>
                                                                <comments>
                            <comment id="14544388" author="ashutoshc" created="Thu, 14 May 2015 21:22:39 +0000"  >&lt;p&gt;If you are feeling adventurous you might want to take on &lt;a href=&quot;https://issues.apache.org/jira/browse/HIVE-10491&quot; title=&quot;Refactor HBaseStorageHandler::configureJobConf() and configureTableJobProperties&quot; class=&quot;issue-link&quot; data-issue-key=&quot;HIVE-10491&quot;&gt;HIVE-10491&lt;/a&gt; : )&lt;/p&gt;</comment>
                            <comment id="14544597" author="swarnim" created="Thu, 14 May 2015 23:16:26 +0000"  >&lt;p&gt;&lt;a href=&quot;https://issues.apache.org/jira/secure/ViewProfile.jspa?name=ashutoshc&quot; class=&quot;user-hover&quot; rel=&quot;ashutoshc&quot;&gt;Ashutosh Chauhan&lt;/a&gt; Lol. Looks a little daunting but sure, I can grab that one and close this one as duplicate of &lt;a href=&quot;https://issues.apache.org/jira/browse/HIVE-10491&quot; title=&quot;Refactor HBaseStorageHandler::configureJobConf() and configureTableJobProperties&quot; class=&quot;issue-link&quot; data-issue-key=&quot;HIVE-10491&quot;&gt;HIVE-10491&lt;/a&gt;. Another reason I was holding off on doing this was because of the move to HBase metastore work that has been going on. Do you think this upgrade might break that?&lt;/p&gt;</comment>
                            <comment id="14544814" author="ashutoshc" created="Fri, 15 May 2015 02:43:19 +0000"  >&lt;p&gt;yeah.. lets close this one as duplicate.  Upgrade shouldn&apos;t break that work. If it does, it will be bug either on our side or there.  Lets move forward to 1.x since promise to not break compatibility is higher there, so that should be easier to maintain from Hive side.&lt;/p&gt;</comment>
                            <comment id="14550484" author="swarnim" created="Tue, 19 May 2015 14:05:46 +0000"  >&lt;p&gt;Closing this one as duplicate of &lt;a href=&quot;https://issues.apache.org/jira/browse/HIVE-10491&quot; title=&quot;Refactor HBaseStorageHandler::configureJobConf() and configureTableJobProperties&quot; class=&quot;issue-link&quot; data-issue-key=&quot;HIVE-10491&quot;&gt;HIVE-10491&lt;/a&gt;&lt;/p&gt;</comment>
                    </comments>
                    <attachments>
                    </attachments>
                <subtasks>
                    </subtasks>
                <customfields>
                                                <customfield id="customfield_12310310" key="com.atlassian.jira.toolkit:attachments">
                        <customfieldname>Attachment count</customfieldname>
                        <customfieldvalues>
                            <customfieldvalue>0.0</customfieldvalue>
                        </customfieldvalues>
                    </customfield>
                                                                                                                                                                                                                                                                                                                                                                                                                                                                                                                                <customfield id="customfield_12310220" key="com.atlassian.jira.ext.charting:firstresponsedate">
                        <customfieldname>Date of First Response</customfieldname>
                        <customfieldvalues>
                            <customfieldvalue>Thu, 14 May 2015 21:22:39 +0000</customfieldvalue>

                        </customfieldvalues>
                    </customfield>
                                                                                                                                                                                                                                                                                                                                                                                                                                            <customfield id="customfield_12310420" key="com.pyxis.greenhopper.jira:gh-global-rank">
                        <customfieldname>Global Rank</customfieldname>
                        <customfieldvalues>
                            <customfieldvalue>9223372036854775807</customfieldvalue>
                        </customfieldvalues>
                    </customfield>
                                                                                                                                                    <customfield id="customfield_12312521" key="com.atlassian.jira.toolkit:LastCommentDate">
                        <customfieldname>Last public comment date</customfieldname>
                        <customfieldvalues>
                            1 year, 28 weeks, 4 days ago
                        </customfieldvalues>
                    </customfield>
                                                                                            <customfield id="customfield_12311820" key="com.pyxis.greenhopper.jira:gh-lexo-rank">
                        <customfieldname>Rank</customfieldname>
                        <customfieldvalues>
                            <customfieldvalue>0|i2er0v:</customfieldvalue>

                        </customfieldvalues>
                    </customfield>
                                                                <customfield id="customfield_12310920" key="com.pyxis.greenhopper.jira:gh-global-rank">
                        <customfieldname>Rank (Obsolete)</customfieldname>
                        <customfieldvalues>
                            <customfieldvalue>9223372036854775807</customfieldvalue>
                        </customfieldvalues>
                    </customfield>
                                                                                                                                                                                                                                                                                                                            <customfield id="customfield_12310222" key="com.atlassian.jira.ext.charting:timeinstatus">
                        <customfieldname>Time in Status</customfieldname>
                        <customfieldvalues>
                            
                        </customfieldvalues>
                    </customfield>
                                                                                                                        </customfields>
    </item>
</channel>
</rss>