<!-- 
RSS generated by JIRA (6.3.4#6332-sha1:51bc225ef474afe3128b2f66878477f322397b16) at Fri Dec 02 11:56:41 UTC 2016

It is possible to restrict the fields that are returned in this document by specifying the 'field' parameter in your request.
For example, to request only the issue key and summary add field=key&field=summary to the URL of your request.
For example:
https://issues.apache.org/jira/si/jira.issueviews:issue-xml/HIVE-13237/HIVE-13237.xml?field=key&amp;field=summary
-->
<rss version="0.92" >
<channel>
    <title>ASF JIRA</title>
    <link>https://issues.apache.org/jira</link>
    <description>This file is an XML representation of an issue</description>
    <language>en-uk</language>    <build-info>
        <version>6.3.4</version>
        <build-number>6332</build-number>
        <build-date>15-08-2014</build-date>
    </build-info>

<item>
            <title>[HIVE-13237] Select parquet struct field with upper case throws NPE</title>
                <link>https://issues.apache.org/jira/browse/HIVE-13237</link>
                <project id="12310843" key="HIVE">Hive</project>
                    <description>&lt;p&gt;Query &quot;select msg.fieldone from test&quot; throws NPE if msg&apos;s fieldone is actually fieldOne:&lt;/p&gt;

&lt;div class=&quot;preformatted panel&quot; style=&quot;border-width: 1px;&quot;&gt;&lt;div class=&quot;preformattedContent panelContent&quot;&gt;
&lt;pre&gt;2016-03-08 17:30:57,772 ERROR [main]: exec.FetchTask (FetchTask.java:initialize(86)) - java.lang.NullPointerException
        at org.apache.hadoop.hive.ql.exec.ExprNodeFieldEvaluator.initialize(ExprNodeFieldEvaluator.java:61)
        at org.apache.hadoop.hive.ql.exec.Operator.initEvaluators(Operator.java:954)
        at org.apache.hadoop.hive.ql.exec.Operator.initEvaluatorsAndReturnStruct(Operator.java:980)
        at org.apache.hadoop.hive.ql.exec.SelectOperator.initializeOp(SelectOperator.java:63)
        at org.apache.hadoop.hive.ql.exec.Operator.initialize(Operator.java:385)
&lt;/pre&gt;
&lt;/div&gt;&lt;/div&gt;</description>
                <environment></environment>
        <key id="12948239">HIVE-13237</key>
            <summary>Select parquet struct field with upper case throws NPE</summary>
                <type id="1" iconUrl="https://issues.apache.org/jira/images/icons/issuetypes/bug.png">Bug</type>
                                            <priority id="4" iconUrl="https://issues.apache.org/jira/images/icons/priorities/minor.png">Minor</priority>
                        <status id="6" iconUrl="https://issues.apache.org/jira/images/icons/statuses/closed.png" description="The issue is considered finished, the resolution is correct. Issues which are closed can be reopened.">Closed</status>
                    <statusCategory id="3" key="done" colorName="green"/>
                                    <resolution id="1">Fixed</resolution>
                                        <assignee username="jxiang">Jimmy Xiang</assignee>
                                    <reporter username="jxiang">Jimmy Xiang</reporter>
                        <labels>
                    </labels>
                <created>Wed, 9 Mar 2016 01:37:50 +0000</created>
                <updated>Tue, 21 Jun 2016 15:43:30 +0000</updated>
                            <resolved>Fri, 11 Mar 2016 15:49:19 +0000</resolved>
                                                    <fixVersion>2.1.0</fixVersion>
                                        <due></due>
                            <votes>0</votes>
                                    <watches>2</watches>
                                                                <comments>
                            <comment id="15186328" author="jxiang" created="Wed, 9 Mar 2016 02:06:59 +0000"  >&lt;p&gt;A simple patch to make sure field looking up is case insensitive.&lt;/p&gt;</comment>
                            <comment id="15186362" author="xuefuz" created="Wed, 9 Mar 2016 02:32:50 +0000"  >&lt;p&gt;Patch looks good to me. &lt;a href=&quot;https://issues.apache.org/jira/secure/ViewProfile.jspa?name=jxiang&quot; class=&quot;user-hover&quot; rel=&quot;jxiang&quot;&gt;Jimmy Xiang&lt;/a&gt;, could you please explain the relationship between the NPE and the patch? Might we do something on the NPE as well?&lt;/p&gt;</comment>
                            <comment id="15186373" author="jxiang" created="Wed, 9 Mar 2016 02:44:08 +0000"  >&lt;p&gt;Thanks a lot for the review. The issue is that when ExprNodeFieldEvaluator initializes:&lt;/p&gt;
&lt;div class=&quot;preformatted panel&quot; style=&quot;border-width: 1px;&quot;&gt;&lt;div class=&quot;preformattedContent panelContent&quot;&gt;
&lt;pre&gt;field = structObjectInspector.getStructFieldRef(expr.getFieldName());
&lt;/pre&gt;
&lt;/div&gt;&lt;/div&gt;
&lt;p&gt;It tries to get the struct field based on the field name. Here, the field name is &quot;fieldone&quot;. The object inspector is ArrayWritableObjectInspector, which saves the name to field mapping to a map. In the map, the name is &quot;fieldOne&quot;,&lt;br/&gt;
so the line above gets a null field.  The patch is to make sure the lookup to be case insensitive.&lt;/p&gt;</comment>
                            <comment id="15190590" author="hiveqa" created="Fri, 11 Mar 2016 07:51:42 +0000"  >

&lt;p&gt;Here are the results of testing the latest attachment:&lt;br/&gt;
&lt;a href=&quot;https://issues.apache.org/jira/secure/attachment/12792166/HIVE-13237.1.patch&quot; class=&quot;external-link&quot; rel=&quot;nofollow&quot;&gt;https://issues.apache.org/jira/secure/attachment/12792166/HIVE-13237.1.patch&lt;/a&gt;&lt;/p&gt;

&lt;p&gt;&lt;font color=&quot;red&quot;&gt;ERROR:&lt;/font&gt; -1 due to no test(s) being added or modified.&lt;/p&gt;

&lt;p&gt;&lt;font color=&quot;red&quot;&gt;ERROR:&lt;/font&gt; -1 due to 4 failed/errored test(s), 9804 tests executed&lt;br/&gt;
&lt;b&gt;Failed tests:&lt;/b&gt;&lt;/p&gt;
&lt;div class=&quot;preformatted panel&quot; style=&quot;border-width: 1px;&quot;&gt;&lt;div class=&quot;preformattedContent panelContent&quot;&gt;
&lt;pre&gt;TestSparkCliDriver-groupby3_map.q-sample2.q-auto_join14.q-and-12-more - did not produce a TEST-*.xml file
TestSparkCliDriver-groupby_map_ppr_multi_distinct.q-table_access_keys_stats.q-groupby4_noskew.q-and-12-more - did not produce a TEST-*.xml file
TestSparkCliDriver-join_rc.q-insert1.q-vectorized_rcfile_columnar.q-and-12-more - did not produce a TEST-*.xml file
TestSparkCliDriver-ppd_join4.q-join9.q-ppd_join3.q-and-12-more - did not produce a TEST-*.xml file
&lt;/pre&gt;
&lt;/div&gt;&lt;/div&gt;

&lt;p&gt;Test results: &lt;a href=&quot;http://ec2-174-129-184-35.compute-1.amazonaws.com/jenkins/job/PreCommit-HIVE-TRUNK-Build/7216/testReport&quot; class=&quot;external-link&quot; rel=&quot;nofollow&quot;&gt;http://ec2-174-129-184-35.compute-1.amazonaws.com/jenkins/job/PreCommit-HIVE-TRUNK-Build/7216/testReport&lt;/a&gt;&lt;br/&gt;
Console output: &lt;a href=&quot;http://ec2-174-129-184-35.compute-1.amazonaws.com/jenkins/job/PreCommit-HIVE-TRUNK-Build/7216/console&quot; class=&quot;external-link&quot; rel=&quot;nofollow&quot;&gt;http://ec2-174-129-184-35.compute-1.amazonaws.com/jenkins/job/PreCommit-HIVE-TRUNK-Build/7216/console&lt;/a&gt;&lt;br/&gt;
Test logs: &lt;a href=&quot;http://ec2-174-129-184-35.compute-1.amazonaws.com/logs/PreCommit-HIVE-TRUNK-Build-7216/&quot; class=&quot;external-link&quot; rel=&quot;nofollow&quot;&gt;http://ec2-174-129-184-35.compute-1.amazonaws.com/logs/PreCommit-HIVE-TRUNK-Build-7216/&lt;/a&gt;&lt;/p&gt;

&lt;p&gt;Messages:&lt;/p&gt;
&lt;div class=&quot;preformatted panel&quot; style=&quot;border-width: 1px;&quot;&gt;&lt;div class=&quot;preformattedContent panelContent&quot;&gt;
&lt;pre&gt;Executing org.apache.hive.ptest.execution.TestCheckPhase
Executing org.apache.hive.ptest.execution.PrepPhase
Executing org.apache.hive.ptest.execution.ExecutionPhase
Executing org.apache.hive.ptest.execution.ReportingPhase
Tests exited with: TestsFailedException: 4 tests failed
&lt;/pre&gt;
&lt;/div&gt;&lt;/div&gt;

&lt;p&gt;This message is automatically generated.&lt;/p&gt;

&lt;p&gt;ATTACHMENT ID: 12792166 - PreCommit-HIVE-TRUNK-Build&lt;/p&gt;</comment>
                            <comment id="15191080" author="jxiang" created="Fri, 11 Mar 2016 15:49:19 +0000"  >&lt;p&gt;Integrated to trunk. Thanks Xuefu for the review.&lt;/p&gt;</comment>
                    </comments>
                    <attachments>
                            <attachment id="12792166" name="HIVE-13237.1.patch" size="1007" author="jxiang" created="Wed, 9 Mar 2016 02:04:02 +0000"/>
                    </attachments>
                <subtasks>
                    </subtasks>
                <customfields>
                                                <customfield id="customfield_12310310" key="com.atlassian.jira.toolkit:attachments">
                        <customfieldname>Attachment count</customfieldname>
                        <customfieldvalues>
                            <customfieldvalue>1.0</customfieldvalue>
                        </customfieldvalues>
                    </customfield>
                                                                                                                                                                                                                                                                                                                                                                                                                                                                                                                                <customfield id="customfield_12310220" key="com.atlassian.jira.ext.charting:firstresponsedate">
                        <customfieldname>Date of First Response</customfieldname>
                        <customfieldvalues>
                            <customfieldvalue>Wed, 9 Mar 2016 02:32:50 +0000</customfieldvalue>

                        </customfieldvalues>
                    </customfield>
                                                                                                                                                                                                                                                                                                                                                                                                                                            <customfield id="customfield_12310420" key="com.pyxis.greenhopper.jira:gh-global-rank">
                        <customfieldname>Global Rank</customfieldname>
                        <customfieldvalues>
                            <customfieldvalue>9223372036854775807</customfieldvalue>
                        </customfieldvalues>
                    </customfield>
                                                                <customfield id="customfield_12310191" key="com.atlassian.jira.plugin.system.customfieldtypes:multicheckboxes">
                        <customfieldname>Hadoop Flags</customfieldname>
                        <customfieldvalues>
                                <customfieldvalue key="10343"><![CDATA[Reviewed]]></customfieldvalue>
    
                        </customfieldvalues>
                    </customfield>
                                                                                                                        <customfield id="customfield_12312521" key="com.atlassian.jira.toolkit:LastCommentDate">
                        <customfieldname>Last public comment date</customfieldname>
                        <customfieldvalues>
                            37 weeks, 6 days ago
                        </customfieldvalues>
                    </customfield>
                                                                                            <customfield id="customfield_12311820" key="com.pyxis.greenhopper.jira:gh-lexo-rank">
                        <customfieldname>Rank</customfieldname>
                        <customfieldvalues>
                            <customfieldvalue>0|i2udgf:</customfieldvalue>

                        </customfieldvalues>
                    </customfield>
                                                                <customfield id="customfield_12310920" key="com.pyxis.greenhopper.jira:gh-global-rank">
                        <customfieldname>Rank (Obsolete)</customfieldname>
                        <customfieldvalues>
                            <customfieldvalue>9223372036854775807</customfieldvalue>
                        </customfieldvalues>
                    </customfield>
                                                                                                                                                                                                                                                                                                                            <customfield id="customfield_12310222" key="com.atlassian.jira.ext.charting:timeinstatus">
                        <customfieldname>Time in Status</customfieldname>
                        <customfieldvalues>
                            
                        </customfieldvalues>
                    </customfield>
                                                                                                                        </customfields>
    </item>
</channel>
</rss>