<!-- 
RSS generated by JIRA (6.3.4#6332-sha1:51bc225ef474afe3128b2f66878477f322397b16) at Sat Dec 03 22:28:23 UTC 2016

It is possible to restrict the fields that are returned in this document by specifying the 'field' parameter in your request.
For example, to request only the issue key and summary add field=key&field=summary to the URL of your request.
For example:
https://issues.apache.org/jira/si/jira.issueviews:issue-xml/HIVE-4195/HIVE-4195.xml?field=key&amp;field=summary
-->
<rss version="0.92" >
<channel>
    <title>ASF JIRA</title>
    <link>https://issues.apache.org/jira</link>
    <description>This file is an XML representation of an issue</description>
    <language>en-uk</language>    <build-info>
        <version>6.3.4</version>
        <build-number>6332</build-number>
        <build-date>15-08-2014</build-date>
    </build-info>

<item>
            <title>[HIVE-4195] Avro SerDe causes incorrect behavior in unrelated tables</title>
                <link>https://issues.apache.org/jira/browse/HIVE-4195</link>
                <project id="12310843" key="HIVE">Hive</project>
                    <description>&lt;p&gt;When I run a file that first creates an Avro table using the Avro SerDe, then immediately creates an LZO text table and inserts data into the LZO table, the resulting LZO table contain Avro data files. When I remove the Avro CREATE TABLE statement, the LZO table contains .lzo files as expected.&lt;/p&gt;

&lt;div class=&quot;preformatted panel&quot; style=&quot;border-width: 1px;&quot;&gt;&lt;div class=&quot;preformattedContent panelContent&quot;&gt;
&lt;pre&gt;DROP TABLE IF EXISTS avro_table;
CREATE EXTERNAL TABLE avro_table
ROW FORMAT SERDE &apos;org.apache.hadoop.hive.serde2.avro.AvroSerDe&apos;
STORED AS
INPUTFORMAT &apos;org.apache.hadoop.hive.ql.io.avro.AvroContainerInputFormat&apos;
OUTPUTFORMAT &apos;org.apache.hadoop.hive.ql.io.avro.AvroContainerOutputFormat&apos;
TBLPROPERTIES (&apos;avro.schema.literal&apos; = &apos;{
&quot;namespace&quot;: &quot;testing.hive.avro.serde&quot;,
&quot;name&quot;: &quot;test_record&quot;,
&quot;type&quot;: &quot;record&quot;,
&quot;fields&quot;: [
{&quot;name&quot;:&quot;int1&quot;, &quot;type&quot;:&quot;long&quot;},
{&quot;name&quot;:&quot;string1&quot;, &quot;type&quot;:&quot;string&quot;}
]
}&apos;);

DROP TABLE IF EXISTS lzo_table;
CREATE EXTERNAL TABLE lzo_table (
id int,
bool_col boolean,
tinyint_col tinyint,
smallint_col smallint,
int_col int,
bigint_col bigint,
float_col float,
double_col double,
date_string_col string,
string_col string,
timestamp_col timestamp)
STORED AS 
INPUTFORMAT &apos;com.hadoop.mapred.DeprecatedLzoTextInputFormat&apos;
OUTPUTFORMAT &apos;org.apache.hadoop.hive.ql.io.HiveIgnoreKeyTextOutputFormat&apos;
;

SET hive.exec.compress.output=true;
SET mapred.output.compression.type=BLOCK;
SET mapred.output.compression.codec=com.hadoop.compression.lzo.LzopCodec;
SET hive.exec.dynamic.partition.mode=nonstrict;
SET hive.exec.dynamic.partition=true;
SET mapred.max.split.size=256000000;
SET hive.input.format=org.apache.hadoop.hive.ql.io.CombineHiveInputFormat;
insert overwrite table lzo_table SELECT id, bool_col, tinyint_col, smallint_col, int_col, bigint_col, float_col, double_col, date_string_col, string_col, timestamp_col FROM src_table;
&lt;/pre&gt;
&lt;/div&gt;&lt;/div&gt;</description>
                <environment></environment>
        <key id="12637342">HIVE-4195</key>
            <summary>Avro SerDe causes incorrect behavior in unrelated tables</summary>
                <type id="1" iconUrl="https://issues.apache.org/jira/images/icons/issuetypes/bug.png">Bug</type>
                                            <priority id="3" iconUrl="https://issues.apache.org/jira/images/icons/priorities/major.png">Major</priority>
                        <status id="5" iconUrl="https://issues.apache.org/jira/images/icons/statuses/resolved.png" description="A resolution has been taken, and it is awaiting verification by reporter. From here issues are either reopened, or are closed.">Resolved</status>
                    <statusCategory id="3" key="done" colorName="green"/>
                                    <resolution id="3">Duplicate</resolution>
                                        <assignee username="-1">Unassigned</assignee>
                                    <reporter username="skye">Skye Wanderman-Milne</reporter>
                        <labels>
                    </labels>
                <created>Sat, 16 Mar 2013 00:44:46 +0000</created>
                <updated>Mon, 6 May 2013 21:22:05 +0000</updated>
                            <resolved>Mon, 6 May 2013 21:22:05 +0000</resolved>
                                                                        <due></due>
                            <votes>0</votes>
                                    <watches>4</watches>
                                                                <comments>
                            <comment id="13604936" author="bennies" created="Mon, 18 Mar 2013 08:27:23 +0000"  >&lt;p&gt;I suspect this is a duplicate of &lt;a href=&quot;https://issues.apache.org/jira/browse/HIVE-3308&quot; title=&quot;Mixing avro and snappy gives null values&quot; class=&quot;issue-link&quot; data-issue-key=&quot;HIVE-3308&quot;&gt;&lt;del&gt;HIVE-3308&lt;/del&gt;&lt;/a&gt;. It&apos;s a really simple patch but hasn&apos;t been commited yet.&lt;/p&gt;</comment>
                            <comment id="13626068" author="ashutoshc" created="Tue, 9 Apr 2013 01:20:33 +0000"  >&lt;p&gt;&lt;a href=&quot;https://issues.apache.org/jira/browse/HIVE-3308&quot; title=&quot;Mixing avro and snappy gives null values&quot; class=&quot;issue-link&quot; data-issue-key=&quot;HIVE-3308&quot;&gt;&lt;del&gt;HIVE-3308&lt;/del&gt;&lt;/a&gt; fixes this issues. Feel free to reopen if you can still reproduce this on trunk.&lt;/p&gt;</comment>
                    </comments>
                <issuelinks>
                            <issuelinktype id="12310000">
                    <name>Duplicate</name>
                                            <outwardlinks description="duplicates">
                                        <issuelink>
            <issuekey id="12600465">HIVE-3308</issuekey>
        </issuelink>
                            </outwardlinks>
                                                        </issuelinktype>
                    </issuelinks>
                <attachments>
                    </attachments>
                <subtasks>
                    </subtasks>
                <customfields>
                                                <customfield id="customfield_12310310" key="com.atlassian.jira.toolkit:attachments">
                        <customfieldname>Attachment count</customfieldname>
                        <customfieldvalues>
                            <customfieldvalue>0.0</customfieldvalue>
                        </customfieldvalues>
                    </customfield>
                                                                                                                                                                                                                                                                                                                                                                                                                                                                                                                                <customfield id="customfield_12310220" key="com.atlassian.jira.ext.charting:firstresponsedate">
                        <customfieldname>Date of First Response</customfieldname>
                        <customfieldvalues>
                            <customfieldvalue>Mon, 18 Mar 2013 08:27:23 +0000</customfieldvalue>

                        </customfieldvalues>
                    </customfield>
                                                                                                                                                                                                                                                                                                                                                                                                                                            <customfield id="customfield_12310420" key="com.pyxis.greenhopper.jira:gh-global-rank">
                        <customfieldname>Global Rank</customfieldname>
                        <customfieldvalues>
                            <customfieldvalue>317834</customfieldvalue>
                        </customfieldvalues>
                    </customfield>
                                                                                                                                                    <customfield id="customfield_12312521" key="com.atlassian.jira.toolkit:LastCommentDate">
                        <customfieldname>Last public comment date</customfieldname>
                        <customfieldvalues>
                            3 years, 34 weeks, 4 days ago
                        </customfieldvalues>
                    </customfield>
                                                                                            <customfield id="customfield_12311820" key="com.pyxis.greenhopper.jira:gh-lexo-rank">
                        <customfieldname>Rank</customfieldname>
                        <customfieldvalues>
                            <customfieldvalue>0|i1iubz:</customfieldvalue>

                        </customfieldvalues>
                    </customfield>
                                                                <customfield id="customfield_12310920" key="com.pyxis.greenhopper.jira:gh-global-rank">
                        <customfieldname>Rank (Obsolete)</customfieldname>
                        <customfieldvalues>
                            <customfieldvalue>318175</customfieldvalue>
                        </customfieldvalues>
                    </customfield>
                                                                                                                                                                                                                                                                                                                            <customfield id="customfield_12310222" key="com.atlassian.jira.ext.charting:timeinstatus">
                        <customfieldname>Time in Status</customfieldname>
                        <customfieldvalues>
                            
                        </customfieldvalues>
                    </customfield>
                                                                                                                        </customfields>
    </item>
</channel>
</rss>