<!-- 
RSS generated by JIRA (6.3.4#6332-sha1:51bc225ef474afe3128b2f66878477f322397b16) at Sat Dec 03 22:40:37 UTC 2016

It is possible to restrict the fields that are returned in this document by specifying the 'field' parameter in your request.
For example, to request only the issue key and summary add field=key&field=summary to the URL of your request.
For example:
https://issues.apache.org/jira/si/jira.issueviews:issue-xml/HIVE-2874/HIVE-2874.xml?field=key&amp;field=summary
-->
<rss version="0.92" >
<channel>
    <title>ASF JIRA</title>
    <link>https://issues.apache.org/jira</link>
    <description>This file is an XML representation of an issue</description>
    <language>en-uk</language>    <build-info>
        <version>6.3.4</version>
        <build-number>6332</build-number>
        <build-date>15-08-2014</build-date>
    </build-info>

<item>
            <title>[HIVE-2874] Renaming external partition changes location</title>
                <link>https://issues.apache.org/jira/browse/HIVE-2874</link>
                <project id="12310843" key="HIVE">Hive</project>
                    <description>&lt;p&gt;Renaming an external partition will change the location of that partition to the default location of a managed partition with the same name.&lt;/p&gt;

&lt;p&gt;E.g. If ex_table is external and has partition part=1 with location /.../managed_table/part=1&lt;/p&gt;

&lt;p&gt;Calling ALTER TABLE ex_table PARTITION (part = &apos;1&apos;) RENAME TO PARTITION (part = &apos;2&apos;);&lt;/p&gt;

&lt;p&gt;Will change the location of the partition to /.../ex_table/part=2&lt;/p&gt;
</description>
                <environment></environment>
        <key id="12546670">HIVE-2874</key>
            <summary>Renaming external partition changes location</summary>
                <type id="1" iconUrl="https://issues.apache.org/jira/images/icons/issuetypes/bug.png">Bug</type>
                                            <priority id="3" iconUrl="https://issues.apache.org/jira/images/icons/priorities/major.png">Major</priority>
                        <status id="6" iconUrl="https://issues.apache.org/jira/images/icons/statuses/closed.png" description="The issue is considered finished, the resolution is correct. Issues which are closed can be reopened.">Closed</status>
                    <statusCategory id="3" key="done" colorName="green"/>
                                    <resolution id="1">Fixed</resolution>
                                        <assignee username="zhenxiao">Zhenxiao Luo</assignee>
                                    <reporter username="kevinwilfong">Kevin Wilfong</reporter>
                        <labels>
                    </labels>
                <created>Thu, 15 Mar 2012 21:56:37 +0000</created>
                <updated>Thu, 10 Jan 2013 19:53:04 +0000</updated>
                            <resolved>Thu, 4 Oct 2012 14:27:58 +0000</resolved>
                                                    <fixVersion>0.10.0</fixVersion>
                                        <due></due>
                            <votes>0</votes>
                                    <watches>4</watches>
                                                                <comments>
                            <comment id="13466410" author="zhenxiao" created="Sun, 30 Sep 2012 04:55:23 +0000"  >&lt;p&gt;if it is an EXTERNAL_TABLE, the table&apos;s location is in StorageDescriptor, the new patch shares the same parent path as the old path.&lt;/p&gt;

&lt;p&gt;If it is a MANAGED_TABLE, the table&apos;s location could be get from Warehouse.&lt;/p&gt;</comment>
                            <comment id="13466413" author="zhenxiao" created="Sun, 30 Sep 2012 05:17:40 +0000"  >&lt;p&gt;Review Request submitted at:&lt;br/&gt;
&lt;a href=&quot;https://reviews.facebook.net/D5751&quot; class=&quot;external-link&quot; rel=&quot;nofollow&quot;&gt;https://reviews.facebook.net/D5751&lt;/a&gt;&lt;/p&gt;</comment>
                            <comment id="13466543" author="namit" created="Sun, 30 Sep 2012 18:27:41 +0000"  >&lt;p&gt;comments on phabrocator&lt;/p&gt;</comment>
                            <comment id="13466587" author="zhenxiao" created="Sun, 30 Sep 2012 22:42:46 +0000"  >&lt;p&gt;@Namit: Thanks for your comments. I updated the patch at:&lt;br/&gt;
&lt;a href=&quot;https://reviews.facebook.net/D5751&quot; class=&quot;external-link&quot; rel=&quot;nofollow&quot;&gt;https://reviews.facebook.net/D5751&lt;/a&gt;&lt;/p&gt;</comment>
                            <comment id="13466628" author="namit" created="Mon, 1 Oct 2012 03:59:23 +0000"  >&lt;p&gt;comments on phabricator&lt;/p&gt;</comment>
                            <comment id="13467404" author="zhenxiao" created="Tue, 2 Oct 2012 02:02:57 +0000"  >&lt;p&gt;@Namit: My understanding in the old patch is incorrect. So, if an external table&apos;s partition is renamed, its location should not change, but I could do select/where using the new partition name. Correct me if my understanding is still wrong.&lt;/p&gt;

&lt;p&gt;I also updated my patch at:&lt;br/&gt;
&lt;a href=&quot;https://reviews.facebook.net/D5751&quot; class=&quot;external-link&quot; rel=&quot;nofollow&quot;&gt;https://reviews.facebook.net/D5751&lt;/a&gt;&lt;/p&gt;</comment>
                            <comment id="13469135" author="namit" created="Thu, 4 Oct 2012 04:17:14 +0000"  >&lt;p&gt;You are right. The location should not change by a rename in external&apos;s table partition.&lt;/p&gt;</comment>
                            <comment id="13469157" author="namit" created="Thu, 4 Oct 2012 05:08:28 +0000"  >&lt;p&gt;+1&lt;/p&gt;</comment>
                            <comment id="13469400" author="namit" created="Thu, 4 Oct 2012 14:27:58 +0000"  >&lt;p&gt;Committed. Thanks Zhenxiao&lt;/p&gt;</comment>
                            <comment id="13548249" author="hudson" created="Wed, 9 Jan 2013 10:24:59 +0000"  >&lt;p&gt;Integrated in Hive-trunk-hadoop2 #54 (See &lt;a href=&quot;https://builds.apache.org/job/Hive-trunk-hadoop2/54/&quot; class=&quot;external-link&quot; rel=&quot;nofollow&quot;&gt;https://builds.apache.org/job/Hive-trunk-hadoop2/54/&lt;/a&gt;)&lt;br/&gt;
    &lt;a href=&quot;https://issues.apache.org/jira/browse/HIVE-2874&quot; title=&quot;Renaming external partition changes location&quot; class=&quot;issue-link&quot; data-issue-key=&quot;HIVE-2874&quot;&gt;&lt;del&gt;HIVE-2874&lt;/del&gt;&lt;/a&gt; Renaming external partition changes location&lt;br/&gt;
(Zhenxiao Luo via namit) (Revision 1394087)&lt;/p&gt;

&lt;p&gt;     Result = ABORTED&lt;br/&gt;
namit : &lt;a href=&quot;http://svn.apache.org/viewcvs.cgi/?root=Apache-SVN&amp;amp;view=rev&amp;amp;rev=1394087&quot; class=&quot;external-link&quot; rel=&quot;nofollow&quot;&gt;http://svn.apache.org/viewcvs.cgi/?root=Apache-SVN&amp;amp;view=rev&amp;amp;rev=1394087&lt;/a&gt;&lt;br/&gt;
Files : &lt;/p&gt;
&lt;ul&gt;
	&lt;li&gt;/hive/trunk/metastore/src/java/org/apache/hadoop/hive/metastore/HiveAlterHandler.java&lt;/li&gt;
	&lt;li&gt;/hive/trunk/ql/src/test/queries/clientpositive/rename_external_partition_location.q&lt;/li&gt;
	&lt;li&gt;/hive/trunk/ql/src/test/results/clientpositive/rename_external_partition_location.q.out&lt;/li&gt;
&lt;/ul&gt;
</comment>
                            <comment id="13550020" author="ashutoshc" created="Thu, 10 Jan 2013 19:53:04 +0000"  >&lt;p&gt;This issue is fixed and released as part of 0.10.0 release. If you find an issue which seems to be related to this one, please create a new jira and link this one with new jira.&lt;/p&gt;</comment>
                    </comments>
                    <attachments>
                            <attachment id="12547149" name="HIVE-2874.1.patch.txt" size="18284" author="zhenxiao" created="Sun, 30 Sep 2012 05:18:21 +0000"/>
                            <attachment id="12547181" name="HIVE-2874.2.patch.txt" size="5883" author="zhenxiao" created="Sun, 30 Sep 2012 22:42:55 +0000"/>
                            <attachment id="12547328" name="HIVE-2874.3.patch.txt" size="10876" author="zhenxiao" created="Tue, 2 Oct 2012 02:03:13 +0000"/>
                    </attachments>
                <subtasks>
                    </subtasks>
                <customfields>
                                                <customfield id="customfield_12310310" key="com.atlassian.jira.toolkit:attachments">
                        <customfieldname>Attachment count</customfieldname>
                        <customfieldvalues>
                            <customfieldvalue>3.0</customfieldvalue>
                        </customfieldvalues>
                    </customfield>
                                                                                                                                                                                                                                                                                                                                                                                                                                                                                                                                <customfield id="customfield_12310220" key="com.atlassian.jira.ext.charting:firstresponsedate">
                        <customfieldname>Date of First Response</customfieldname>
                        <customfieldvalues>
                            <customfieldvalue>Sun, 30 Sep 2012 04:55:23 +0000</customfieldvalue>

                        </customfieldvalues>
                    </customfield>
                                                                                                                                                                                                                                                                                                                                                                                                                                            <customfield id="customfield_12310420" key="com.pyxis.greenhopper.jira:gh-global-rank">
                        <customfieldname>Global Rank</customfieldname>
                        <customfieldvalues>
                            <customfieldvalue>231828</customfieldvalue>
                        </customfieldvalues>
                    </customfield>
                                                                <customfield id="customfield_12310191" key="com.atlassian.jira.plugin.system.customfieldtypes:multicheckboxes">
                        <customfieldname>Hadoop Flags</customfieldname>
                        <customfieldvalues>
                                <customfieldvalue key="10343"><![CDATA[Reviewed]]></customfieldvalue>
    
                        </customfieldvalues>
                    </customfield>
                                                                                                                        <customfield id="customfield_12312521" key="com.atlassian.jira.toolkit:LastCommentDate">
                        <customfieldname>Last public comment date</customfieldname>
                        <customfieldvalues>
                            3 years, 47 weeks, 2 days ago
                        </customfieldvalues>
                    </customfield>
                                                                                            <customfield id="customfield_12311820" key="com.pyxis.greenhopper.jira:gh-lexo-rank">
                        <customfieldname>Rank</customfieldname>
                        <customfieldvalues>
                            <customfieldvalue>0|i00wcf:</customfieldvalue>

                        </customfieldvalues>
                    </customfield>
                                                                <customfield id="customfield_12310920" key="com.pyxis.greenhopper.jira:gh-global-rank">
                        <customfieldname>Rank (Obsolete)</customfieldname>
                        <customfieldvalues>
                            <customfieldvalue>3172</customfieldvalue>
                        </customfieldvalues>
                    </customfield>
                                                                                                                                                                                                                                                                                                                            <customfield id="customfield_12310222" key="com.atlassian.jira.ext.charting:timeinstatus">
                        <customfieldname>Time in Status</customfieldname>
                        <customfieldvalues>
                            
                        </customfieldvalues>
                    </customfield>
                                                                                                                        </customfields>
    </item>
</channel>
</rss>