<!-- 
RSS generated by JIRA (6.3.4#6332-sha1:51bc225ef474afe3128b2f66878477f322397b16) at Sat Dec 03 00:45:34 UTC 2016

It is possible to restrict the fields that are returned in this document by specifying the 'field' parameter in your request.
For example, to request only the issue key and summary add field=key&field=summary to the URL of your request.
For example:
https://issues.apache.org/jira/si/jira.issueviews:issue-xml/HIVE-1364/HIVE-1364.xml?field=key&amp;field=summary
-->
<rss version="0.92" >
<channel>
    <title>ASF JIRA</title>
    <link>https://issues.apache.org/jira</link>
    <description>This file is an XML representation of an issue</description>
    <language>en-uk</language>    <build-info>
        <version>6.3.4</version>
        <build-number>6332</build-number>
        <build-date>15-08-2014</build-date>
    </build-info>

<item>
            <title>[HIVE-1364] Increase the maximum length of various metastore fields, and remove TYPE_NAME from COLUMNS primary key</title>
                <link>https://issues.apache.org/jira/browse/HIVE-1364</link>
                <project id="12310843" key="HIVE">Hive</project>
                    <description>&lt;p&gt;The value component of a SERDEPROPERTIES key/value pair is currently limited&lt;br/&gt;
to a maximum length of 767 characters. I believe that the motivation for limiting the length to &lt;br/&gt;
767 characters is that this value is the maximum allowed length of an index in&lt;br/&gt;
a MySQL database running on the InnoDB engine: &lt;a href=&quot;http://bugs.mysql.com/bug.php?id=13315&quot; class=&quot;external-link&quot; rel=&quot;nofollow&quot;&gt;http://bugs.mysql.com/bug.php?id=13315&lt;/a&gt;&lt;/p&gt;

&lt;ul&gt;
	&lt;li&gt;The Metastore OR mapping currently limits many fields (including SERDEPROPERTIES.PARAM_VALUE) to a maximum length of 767 characters despite the fact that these fields are not indexed.&lt;/li&gt;
	&lt;li&gt;The maximum length of a VARCHAR value in MySQL 5.0.3 and later is 65,535.&lt;/li&gt;
	&lt;li&gt;We can expect many users to hit the 767 character limit on SERDEPROPERTIES.PARAM_VALUE when using the hbase.columns.mapping serdeproperty to map a table that has many columns.&lt;/li&gt;
&lt;/ul&gt;


&lt;p&gt;I propose increasing the maximum allowed length of SERDEPROPERTIES.PARAM_VALUE to 8192.&lt;/p&gt;
</description>
                <environment></environment>
        <key id="12465284">HIVE-1364</key>
            <summary>Increase the maximum length of various metastore fields, and remove TYPE_NAME from COLUMNS primary key</summary>
                <type id="1" iconUrl="https://issues.apache.org/jira/images/icons/issuetypes/bug.png">Bug</type>
                                            <priority id="3" iconUrl="https://issues.apache.org/jira/images/icons/priorities/major.png">Major</priority>
                        <status id="6" iconUrl="https://issues.apache.org/jira/images/icons/statuses/closed.png" description="The issue is considered finished, the resolution is correct. Issues which are closed can be reopened.">Closed</status>
                    <statusCategory id="3" key="done" colorName="green"/>
                                    <resolution id="1">Fixed</resolution>
                                        <assignee username="cwsteinbach">Carl Steinbach</assignee>
                                    <reporter username="cwsteinbach">Carl Steinbach</reporter>
                        <labels>
                    </labels>
                <created>Mon, 24 May 2010 16:32:53 +0000</created>
                <updated>Tue, 27 Oct 2015 16:27:42 +0000</updated>
                            <resolved>Wed, 6 Oct 2010 20:43:50 +0000</resolved>
                                    <version>0.5.0</version>
                                    <fixVersion>0.6.0</fixVersion>
                                    <component>Metastore</component>
                        <due></due>
                            <votes>0</votes>
                                    <watches>4</watches>
                                                                <comments>
                            <comment id="12870752" author="cwsteinbach" created="Mon, 24 May 2010 18:12:57 +0000"  >&lt;p&gt;The max length of a VARCHAR in Oracle (9i/10g/11g) is 4000 bytes, so&lt;br/&gt;
I suppose it makes sense to use 4000 as the default size for string properties&lt;br/&gt;
that we don&apos;t need to index.&lt;/p&gt;</comment>
                            <comment id="12879092" author="prasadc" created="Tue, 15 Jun 2010 19:45:45 +0000"  >&lt;p&gt;it used to be much higher in the beginning but quite a few users reported problems on some mysql dbs. 767 seemed to work most dbs. before committing this can someone test this on some different dbs (with and without UTF encoding)?&lt;/p&gt;</comment>
                            <comment id="12879093" author="jvs" created="Tue, 15 Jun 2010 19:54:02 +0000"  >&lt;p&gt;Couldn&apos;t we just use a LOB?  So far so good with views (except for the Oracle mapping which we still need to address to get it to use CLOB instead of LONG VARCHAR).&lt;/p&gt;</comment>
                            <comment id="12879635" author="jvs" created="Thu, 17 Jun 2010 02:32:55 +0000"  >&lt;p&gt;Also, PART_NAME in table PARTITIONS needs to remain as is, since it is covered by an index.&lt;/p&gt;</comment>
                            <comment id="12879639" author="cwsteinbach" created="Thu, 17 Jun 2010 02:44:10 +0000"  >&lt;p&gt;&lt;a href=&quot;https://issues.apache.org/jira/browse/HIVE-1364&quot; title=&quot;Increase the maximum length of various metastore fields, and remove TYPE_NAME from COLUMNS primary key&quot; class=&quot;issue-link&quot; data-issue-key=&quot;HIVE-1364&quot;&gt;&lt;del&gt;HIVE-1364&lt;/del&gt;&lt;/a&gt;.2.patch.txt:&lt;/p&gt;
&lt;ul&gt;
	&lt;li&gt;Change PARTITIONS.PART_NAME max length back to 767&lt;/li&gt;
&lt;/ul&gt;
</comment>
                            <comment id="12879643" author="cwsteinbach" created="Thu, 17 Jun 2010 02:55:37 +0000"  >&lt;p&gt;@Prasad: It&apos;s possible that people who ran into problems were before were using a version of MySQL older than 5.0.3. These versions supported a 255 byte max length for VARCHARs. It&apos;s also possible that older versions of the package.jdo mapping contained more indexes, in which case the 767 byte limit holds. Also, UTF encoding should not make a difference since these are byte lengths, not character lengths.&lt;/p&gt;

&lt;p&gt;@John: I think using LOBs is the right approach, but perhaps we should handle that problem in a different ticket? I don&apos;t think we can just change the mapping to use LOB instead of VARCHAR, and will instead have to add a new LOB column, deprecate the old VARCHAR column, and create an accessor that is capable of using either column.&lt;/p&gt;</comment>
                            <comment id="12879648" author="jvs" created="Thu, 17 Jun 2010 03:27:52 +0000"  >&lt;p&gt;I&apos;m not sure we need to use the deprecation approach.  In Java land, it&apos;s all just String regardless of the underlying character precision in the DB.&lt;/p&gt;

&lt;p&gt;For existing metastores, people are already going to need to run upgrade SQL commands against their metastore DB&apos;s when upgrading to 0.6 because of the new support for views.  We can just add on to those scripts.&lt;/p&gt;</comment>
                            <comment id="12881324" author="athusoo" created="Tue, 22 Jun 2010 19:47:46 +0000"  >&lt;p&gt;Also why do we make everything 4000 bytes - I presume things like ftype will never hit that limit.&lt;/p&gt;

&lt;p&gt;Also changes to upgrade SQL should also be a part of the patch, no? Where are the scripts for the view change located?&lt;/p&gt;
</comment>
                            <comment id="12881361" author="jvs" created="Tue, 22 Jun 2010 21:08:46 +0000"  >&lt;p&gt;Currently the view scripts are only in the wiki:&lt;/p&gt;

&lt;p&gt;&lt;a href=&quot;http://wiki.apache.org/hadoop/Hive/ViewDev#Metastore_Upgrades&quot; class=&quot;external-link&quot; rel=&quot;nofollow&quot;&gt;http://wiki.apache.org/hadoop/Hive/ViewDev#Metastore_Upgrades&lt;/a&gt;&lt;/p&gt;

&lt;p&gt;Per discussion with Ashish, we should open a separate JIRA issue for (at a minimum) packaging up example MySQL migration scripts (cumulative across all schema changes from 0.5 to 0.6) and explaining what to do with them in the release notes.  Carl, do you want to take that on as part of release mgmt?&lt;/p&gt;
</comment>
                            <comment id="12881416" author="cwsteinbach" created="Tue, 22 Jun 2010 22:29:21 +0000"  >&lt;blockquote&gt;&lt;p&gt;Also why do we make everything 4000 bytes - I presume things like ftype will never hit that limit.&lt;/p&gt;&lt;/blockquote&gt;

&lt;p&gt;Currently the ORM is the de facto enforcement mechanism for string length limitations. I think this is a bad approach since 1) users can work around it by manually altering the underlying tables, and 2) the limits are stated in terms of bytes so the actual length restriction in terms of number of characters will depend on the character set of the underlying DB. In light of this I bumped every size limit to 4000 bytes, and also because I did not want to try to predict which property length limit someone would next bump into. I&apos;m willing to revert these limits to their original values. Are there any properties besides ftype which you want me to revert? Should I revert everything except SERDEPROPERTIES.PARAM_VALUE?&lt;/p&gt;

&lt;blockquote&gt;&lt;p&gt;Also changes to upgrade SQL should also be a part of the patch, no? Where are the scripts for the view change located?&lt;/p&gt;&lt;/blockquote&gt;

&lt;p&gt;I&apos;ll update the patch with the necessary scripts. Should these go in bin/ or somewhere under metastore/ ?&lt;/p&gt;

&lt;p&gt;@John: Yes, I think this falls under the responsibility of the release manager. I will take care of it.&lt;/p&gt;




&lt;p&gt;I think the current approach of using the ORM as the de facto enforcement mechanism for checking &lt;/p&gt;</comment>
                            <comment id="12891447" author="cwsteinbach" created="Fri, 23 Jul 2010 01:52:27 +0000"  >&lt;p&gt;MetaStore upgrade scripts are covered in &lt;a href=&quot;https://issues.apache.org/jira/browse/HIVE-1427&quot; title=&quot;Provide metastore schema migration scripts (0.5 -&amp;gt; 0.6)&quot; class=&quot;issue-link&quot; data-issue-key=&quot;HIVE-1427&quot;&gt;&lt;del&gt;HIVE-1427&lt;/del&gt;&lt;/a&gt;.&lt;/p&gt;

&lt;p&gt;@ John &amp;amp; Ashish: Please tell me how you want me to change this patch. I&apos;m willing to revert these limits to their original values. Are there any properties besides ftype which you want me to revert? Should I revert everything except SERDEPROPERTIES.PARAM_VALUE?&lt;/p&gt;</comment>
                            <comment id="12891753" author="jvs" created="Fri, 23 Jul 2010 19:30:09 +0000"  >&lt;p&gt;I think we should go ahead with changing everything.  Even ftype could get large for complex nested types, right Ashish?&lt;/p&gt;

&lt;p&gt;But I really think if we&apos;re going to do this, we should go to LOB unless I&apos;m wrong about it being possible to do in-place.&lt;/p&gt;

&lt;p&gt;Side note:  I recently found out that in InnoDB (at least the version in use at Facebook), the first 512 bytes of each LOB is stored inline in the row, and there&apos;s an overall inline row limit of 8K, or something like that.  So a table with a lot of LOB columns can still hit a limit, which is annoying.&lt;/p&gt;</comment>
                            <comment id="12908592" author="jvs" created="Mon, 13 Sep 2010 02:44:45 +0000"  >&lt;p&gt;See &lt;a href=&quot;https://issues.apache.org/jira/browse/HIVE-1632&quot; title=&quot;Column length not sufficient for large STRUCT definitions&quot; class=&quot;issue-link&quot; data-issue-key=&quot;HIVE-1632&quot;&gt;&lt;del&gt;HIVE-1632&lt;/del&gt;&lt;/a&gt; for an ftype use case.&lt;/p&gt;</comment>
                            <comment id="12909395" author="jvs" created="Tue, 14 Sep 2010 19:18:51 +0000"  >&lt;p&gt;Just hit a case where TYPE_NAME in the COLUMNS table (limit 128 characters) was waaay too short.  Is there a good reason the type name is part of the primary key for the COLUMNS table?&lt;/p&gt;</comment>
                            <comment id="12910361" author="jvs" created="Thu, 16 Sep 2010 22:28:16 +0000"  >&lt;p&gt;(Actually TYPE_NAME is what was needed for &lt;a href=&quot;https://issues.apache.org/jira/browse/HIVE-1632&quot; title=&quot;Column length not sufficient for large STRUCT definitions&quot; class=&quot;issue-link&quot; data-issue-key=&quot;HIVE-1632&quot;&gt;&lt;del&gt;HIVE-1632&lt;/del&gt;&lt;/a&gt;, not FTYPE, but I think we should address both.)&lt;/p&gt;</comment>
                            <comment id="12910368" author="jvs" created="Thu, 16 Sep 2010 22:34:09 +0000"  >&lt;p&gt;Canceling patch since I think we should widen TYPE_NAME and also drop it from the PRIMARY KEY on the COLUMNS table.&lt;/p&gt;</comment>
                            <comment id="12914162" author="hbasereviewboard" created="Thu, 23 Sep 2010 18:54:44 +0000"  >&lt;p&gt;Message from: &quot;Carl Steinbach&quot; &amp;lt;carl@cloudera.com&amp;gt;&lt;/p&gt;

&lt;p&gt;-----------------------------------------------------------&lt;br/&gt;
This is an automatically generated e-mail. To reply, visit:&lt;br/&gt;
&lt;a href=&quot;http://review.cloudera.org/r/895/&quot; class=&quot;external-link&quot; rel=&quot;nofollow&quot;&gt;http://review.cloudera.org/r/895/&lt;/a&gt;&lt;br/&gt;
-----------------------------------------------------------&lt;/p&gt;

&lt;p&gt;Review request for Hive Developers and John Sichi.&lt;/p&gt;


&lt;p&gt;Summary&lt;br/&gt;
-------&lt;/p&gt;

&lt;p&gt;The patch increases the length of various properties in the Metastore OR mapping. Properties which are currently indexed, or which we may want to index in the future were increased to a length of 767 bytes. Properties which are not indexed and which we are unlikely to ever want to index were increased to a max length of 4000 bytes. I also removed the PK constraint on the COLUMNS.TYPE_NAME field.&lt;/p&gt;


&lt;p&gt;This addresses bug &lt;a href=&quot;https://issues.apache.org/jira/browse/HIVE-1364&quot; title=&quot;Increase the maximum length of various metastore fields, and remove TYPE_NAME from COLUMNS primary key&quot; class=&quot;issue-link&quot; data-issue-key=&quot;HIVE-1364&quot;&gt;&lt;del&gt;HIVE-1364&lt;/del&gt;&lt;/a&gt;.&lt;br/&gt;
    &lt;a href=&quot;http://issues.apache.org/jira/browse/HIVE-1364&quot; class=&quot;external-link&quot; rel=&quot;nofollow&quot;&gt;http://issues.apache.org/jira/browse/HIVE-1364&lt;/a&gt;&lt;/p&gt;


&lt;p&gt;Diffs&lt;/p&gt;
&lt;hr /&gt;

&lt;p&gt;  metastore/src/model/package.jdo 527f4b2 &lt;/p&gt;

&lt;p&gt;Diff: &lt;a href=&quot;http://review.cloudera.org/r/895/diff&quot; class=&quot;external-link&quot; rel=&quot;nofollow&quot;&gt;http://review.cloudera.org/r/895/diff&lt;/a&gt;&lt;/p&gt;


&lt;p&gt;Testing&lt;br/&gt;
-------&lt;/p&gt;


&lt;p&gt;Thanks,&lt;/p&gt;

&lt;p&gt;Carl&lt;/p&gt;

</comment>
                            <comment id="12914196" author="jvs" created="Thu, 23 Sep 2010 19:51:11 +0000"  >&lt;p&gt;Per discussion in IRC, we should not change the precision for identifiers.  Here&apos;s the revert list (plus one change for MStorageDescriptor&apos;s TYPE_NAME).&lt;/p&gt;

&lt;p&gt;MFieldSchema&lt;br/&gt;
FNAME&lt;/p&gt;

&lt;p&gt;MType&lt;br/&gt;
TYPE_NAME&lt;br/&gt;
FIELD_NAME&lt;/p&gt;

&lt;p&gt;MTable&lt;br/&gt;
TBL_NAME&lt;br/&gt;
PKEY_NAME&lt;br/&gt;
PARAM_KEY&lt;br/&gt;
TBL_TYPE&lt;/p&gt;

&lt;p&gt;MSerDeInfo&lt;br/&gt;
NAME&lt;br/&gt;
PARAM_KEY&lt;/p&gt;

&lt;p&gt;MOrder&lt;br/&gt;
COL_NAME&lt;/p&gt;

&lt;p&gt;MStorageDescriptor&lt;br/&gt;
COLUMN_NAME (all instances)&lt;br/&gt;
PARAM_KEY&lt;br/&gt;
TYPE_NAME should actually be 4000 since it&apos;s really a type signature, not a type name, and we&apos;re getting rid of the indexing for it&lt;/p&gt;

&lt;p&gt;MPartition&lt;br/&gt;
PARAM_KEY&lt;/p&gt;

&lt;p&gt;MIndex&lt;br/&gt;
INDEX_NAME&lt;br/&gt;
PARAM_KEY&lt;/p&gt;</comment>
                            <comment id="12914241" author="cwsteinbach" created="Thu, 23 Sep 2010 21:45:26 +0000"  >&lt;p&gt;Updated version of the patch with changes requested by John.&lt;/p&gt;</comment>
                            <comment id="12914251" author="hbasereviewboard" created="Thu, 23 Sep 2010 21:58:33 +0000"  >&lt;p&gt;Message from: &quot;Carl Steinbach&quot; &amp;lt;carl@cloudera.com&amp;gt;&lt;/p&gt;

&lt;p&gt;-----------------------------------------------------------&lt;br/&gt;
This is an automatically generated e-mail. To reply, visit:&lt;br/&gt;
&lt;a href=&quot;http://review.cloudera.org/r/895/&quot; class=&quot;external-link&quot; rel=&quot;nofollow&quot;&gt;http://review.cloudera.org/r/895/&lt;/a&gt;&lt;br/&gt;
-----------------------------------------------------------&lt;/p&gt;

&lt;p&gt;(Updated 2010-09-23 14:45:46.673298)&lt;/p&gt;


&lt;p&gt;Review request for Hive Developers and John Sichi.&lt;/p&gt;


&lt;p&gt;Summary&lt;br/&gt;
-------&lt;/p&gt;

&lt;p&gt;The patch increases the length of various properties in the Metastore OR mapping. Properties which are currently indexed, or which we may want to index in the future were increased to a length of 767 bytes. Properties which are not indexed and which we are unlikely to ever want to index were increased to a max length of 4000 bytes. I also removed the PK constraint on the COLUMNS.TYPE_NAME field.&lt;/p&gt;


&lt;p&gt;This addresses bug &lt;a href=&quot;https://issues.apache.org/jira/browse/HIVE-1364&quot; title=&quot;Increase the maximum length of various metastore fields, and remove TYPE_NAME from COLUMNS primary key&quot; class=&quot;issue-link&quot; data-issue-key=&quot;HIVE-1364&quot;&gt;&lt;del&gt;HIVE-1364&lt;/del&gt;&lt;/a&gt;.&lt;br/&gt;
    &lt;a href=&quot;http://issues.apache.org/jira/browse/HIVE-1364&quot; class=&quot;external-link&quot; rel=&quot;nofollow&quot;&gt;http://issues.apache.org/jira/browse/HIVE-1364&lt;/a&gt;&lt;/p&gt;


&lt;p&gt;Diffs (updated)&lt;/p&gt;
&lt;hr /&gt;

&lt;p&gt;  metastore/src/model/package.jdo 527f4b2 &lt;/p&gt;

&lt;p&gt;Diff: &lt;a href=&quot;http://review.cloudera.org/r/895/diff&quot; class=&quot;external-link&quot; rel=&quot;nofollow&quot;&gt;http://review.cloudera.org/r/895/diff&lt;/a&gt;&lt;/p&gt;


&lt;p&gt;Testing&lt;br/&gt;
-------&lt;/p&gt;


&lt;p&gt;Thanks,&lt;/p&gt;

&lt;p&gt;Carl&lt;/p&gt;

</comment>
                            <comment id="12914311" author="jvs" created="Fri, 24 Sep 2010 01:32:19 +0000"  >&lt;p&gt;+1 from me pending metastore testing by Paul.&lt;/p&gt;</comment>
                            <comment id="12918356" author="namit" created="Wed, 6 Oct 2010 00:44:13 +0000"  >&lt;p&gt;We tested this on our production metastore db.&lt;br/&gt;
The downtime should be acceptable - I will start the tests&lt;/p&gt;

&lt;p&gt;+1&lt;/p&gt;</comment>
                            <comment id="12918673" author="namit" created="Wed, 6 Oct 2010 20:43:50 +0000"  >&lt;p&gt;Committed to both 0.6 and trunk. Thanks Carl&lt;/p&gt;</comment>
                            <comment id="14123532" author="dumpster" created="Fri, 5 Sep 2014 20:37:52 +0000"  >&lt;p&gt;I think this should be re-opened.&lt;/p&gt;

&lt;p&gt;The current limit is at 4000. This is proving to be insufficient for our own big-data work, while using nested/hierarchical JSON files (some nodes have 16K of structs within them).&lt;/p&gt;

&lt;p&gt;If possible, a more generous limit should be set--our minimum would be 6500 as of today. We modified it to be 32000 (via MySQL) and it appears works well so far.&lt;/p&gt;

&lt;p&gt;Cheers!&lt;/p&gt;</comment>
                            <comment id="14976608" author="teabot" created="Tue, 27 Oct 2015 15:57:49 +0000"  >&lt;p&gt;Echoing &lt;a href=&quot;https://issues.apache.org/jira/secure/ViewProfile.jspa?name=dumpster&quot; class=&quot;user-hover&quot; rel=&quot;dumpster&quot;&gt;David Beveridge&lt;/a&gt;&apos;s comment, we too are hitting this limit (also with nested JSON) and are having to alter these tables by hand. Given that the purpose of these columns is to hold very loosely defined configuration values it seems rather limiting to impose such a relatively low length bound. Can we not use CLOB-like types as for example as used by &lt;tt&gt;TBLS.VIEW_EXPANDED_TEXT&lt;/tt&gt;?&lt;/p&gt;

&lt;p&gt;I&apos;d suggest that the candidates for type change are:&lt;/p&gt;

&lt;ul&gt;
	&lt;li&gt;&lt;tt&gt;COLUMNS_V2.TYPE_NAME&lt;/tt&gt;&lt;/li&gt;
	&lt;li&gt;&lt;tt&gt;TABLE_PARAMS.PARAM_VALUE&lt;/tt&gt;&lt;/li&gt;
	&lt;li&gt;&lt;tt&gt;SERDE_PARAMS.PARAM_VALUE&lt;/tt&gt;&lt;/li&gt;
	&lt;li&gt;&lt;tt&gt;SD_PARAMS.PARAM_VALUE&lt;/tt&gt;&lt;/li&gt;
&lt;/ul&gt;


&lt;p&gt;Finally, will this limitation persist in the work resulting from &lt;a href=&quot;https://issues.apache.org/jira/browse/HIVE-9452&quot; title=&quot;Use HBase to store Hive metadata&quot; class=&quot;issue-link&quot; data-issue-key=&quot;HIVE-9452&quot;&gt;HIVE-9452&lt;/a&gt;?&lt;/p&gt;</comment>
                            <comment id="14976661" author="teabot" created="Tue, 27 Oct 2015 16:27:42 +0000"  >&lt;p&gt;I created a new issue relating to my previous comment: &lt;a href=&quot;https://issues.apache.org/jira/browse/HIVE-12274&quot; title=&quot;Increase width of columns used for general configuration in the metastore.&quot; class=&quot;issue-link&quot; data-issue-key=&quot;HIVE-12274&quot;&gt;HIVE-12274&lt;/a&gt;&lt;/p&gt;</comment>
                    </comments>
                <issuelinks>
                            <issuelinktype id="10032">
                    <name>Blocker</name>
                                            <outwardlinks description="blocks">
                                        <issuelink>
            <issuekey id="12467637">HIVE-1427</issuekey>
        </issuelink>
                            </outwardlinks>
                                                        </issuelinktype>
                            <issuelinktype id="10030">
                    <name>Reference</name>
                                            <outwardlinks description="relates to">
                                        <issuelink>
            <issuekey id="12467636">HIVE-1426</issuekey>
        </issuelink>
            <issuelink>
            <issuekey id="12467637">HIVE-1427</issuekey>
        </issuelink>
                            </outwardlinks>
                                                        </issuelinktype>
                            <issuelinktype id="10001">
                    <name>dependent</name>
                                                                <inwardlinks description="is depended upon by">
                                        <issuelink>
            <issuekey id="12473944">HIVE-1632</issuekey>
        </issuelink>
                            </inwardlinks>
                                    </issuelinktype>
                    </issuelinks>
                <attachments>
                            <attachment id="12447307" name="HIVE-1364.2.patch.txt" size="4382" author="cwsteinbach" created="Thu, 17 Jun 2010 02:44:10 +0000"/>
                            <attachment id="12455399" name="HIVE-1364.3.backport-060.patch.txt" size="9121" author="cwsteinbach" created="Thu, 23 Sep 2010 18:30:51 +0000"/>
                            <attachment id="12455398" name="HIVE-1364.3.patch.txt" size="10304" author="cwsteinbach" created="Thu, 23 Sep 2010 18:30:51 +0000"/>
                            <attachment id="12455429" name="HIVE-1364.4.backport-060.patch.txt" size="6384" author="cwsteinbach" created="Thu, 23 Sep 2010 21:45:26 +0000"/>
                            <attachment id="12455428" name="HIVE-1364.4.patch.txt" size="6766" author="cwsteinbach" created="Thu, 23 Sep 2010 21:45:26 +0000"/>
                            <attachment id="12447166" name="HIVE-1364.patch" size="4719" author="cwsteinbach" created="Tue, 15 Jun 2010 19:33:32 +0000"/>
                    </attachments>
                <subtasks>
                    </subtasks>
                <customfields>
                                                <customfield id="customfield_12310310" key="com.atlassian.jira.toolkit:attachments">
                        <customfieldname>Attachment count</customfieldname>
                        <customfieldvalues>
                            <customfieldvalue>6.0</customfieldvalue>
                        </customfieldvalues>
                    </customfield>
                                                                                                                                                                                                                                                                                                                                                                                                                                                                                                                                <customfield id="customfield_12310220" key="com.atlassian.jira.ext.charting:firstresponsedate">
                        <customfieldname>Date of First Response</customfieldname>
                        <customfieldvalues>
                            <customfieldvalue>Tue, 15 Jun 2010 19:45:45 +0000</customfieldvalue>

                        </customfieldvalues>
                    </customfield>
                                                                                                                                                                                                                                                                                                                                                                                                                                            <customfield id="customfield_12310420" key="com.pyxis.greenhopper.jira:gh-global-rank">
                        <customfieldname>Global Rank</customfieldname>
                        <customfieldvalues>
                            <customfieldvalue>72943</customfieldvalue>
                        </customfieldvalues>
                    </customfield>
                                                                <customfield id="customfield_12310191" key="com.atlassian.jira.plugin.system.customfieldtypes:multicheckboxes">
                        <customfieldname>Hadoop Flags</customfieldname>
                        <customfieldvalues>
                                <customfieldvalue key="10343"><![CDATA[Reviewed]]></customfieldvalue>
    
                        </customfieldvalues>
                    </customfield>
                                                                                                                        <customfield id="customfield_12312521" key="com.atlassian.jira.toolkit:LastCommentDate">
                        <customfieldname>Last public comment date</customfieldname>
                        <customfieldvalues>
                            1 year, 5 weeks, 3 days ago
                        </customfieldvalues>
                    </customfield>
                                                                                            <customfield id="customfield_12311820" key="com.pyxis.greenhopper.jira:gh-lexo-rank">
                        <customfieldname>Rank</customfieldname>
                        <customfieldvalues>
                            <customfieldvalue>0|i0lerj:</customfieldvalue>

                        </customfieldvalues>
                    </customfield>
                                                                <customfield id="customfield_12310920" key="com.pyxis.greenhopper.jira:gh-global-rank">
                        <customfieldname>Rank (Obsolete)</customfieldname>
                        <customfieldvalues>
                            <customfieldvalue>123042</customfieldvalue>
                        </customfieldvalues>
                    </customfield>
                                                                                                                                                                                                                                        <customfield id="customfield_12310230" key="com.atlassian.jira.plugin.system.customfieldtypes:textfield">
                        <customfieldname>Tags</customfieldname>
                        <customfieldvalues>
                            <customfieldvalue>mysql serdeproperties jpox length</customfieldvalue>

                        </customfieldvalues>
                    </customfield>
                                                                                                                        <customfield id="customfield_12310222" key="com.atlassian.jira.ext.charting:timeinstatus">
                        <customfieldname>Time in Status</customfieldname>
                        <customfieldvalues>
                            
                        </customfieldvalues>
                    </customfield>
                                                                                                                        </customfields>
    </item>
</channel>
</rss>