<!-- 
RSS generated by JIRA (6.3.4#6332-sha1:51bc225ef474afe3128b2f66878477f322397b16) at Fri Dec 02 11:34:06 UTC 2016

It is possible to restrict the fields that are returned in this document by specifying the 'field' parameter in your request.
For example, to request only the issue key and summary add field=key&field=summary to the URL of your request.
For example:
https://issues.apache.org/jira/si/jira.issueviews:issue-xml/HIVE-13151/HIVE-13151.xml?field=key&amp;field=summary
-->
<rss version="0.92" >
<channel>
    <title>ASF JIRA</title>
    <link>https://issues.apache.org/jira</link>
    <description>This file is an XML representation of an issue</description>
    <language>en-uk</language>    <build-info>
        <version>6.3.4</version>
        <build-number>6332</build-number>
        <build-date>15-08-2014</build-date>
    </build-info>

<item>
            <title>[HIVE-13151] Clean up UGI objects in FileSystem cache for transactions</title>
                <link>https://issues.apache.org/jira/browse/HIVE-13151</link>
                <project id="12310843" key="HIVE">Hive</project>
                    <description>&lt;p&gt;One issue with FileSystem.CACHE is that it does not clean itself. The key in that cache includes UGI object. When new UGI objects are created and used with the FileSystem api, new entries get added to the cache.&lt;/p&gt;

&lt;p&gt;We need to manually clean up those UGI objects once they are no longer in use.&lt;/p&gt;</description>
                <environment></environment>
        <key id="12944007">HIVE-13151</key>
            <summary>Clean up UGI objects in FileSystem cache for transactions</summary>
                <type id="1" iconUrl="https://issues.apache.org/jira/images/icons/issuetypes/bug.png">Bug</type>
                                            <priority id="3" iconUrl="https://issues.apache.org/jira/images/icons/priorities/major.png">Major</priority>
                        <status id="6" iconUrl="https://issues.apache.org/jira/images/icons/statuses/closed.png" description="The issue is considered finished, the resolution is correct. Issues which are closed can be reopened.">Closed</status>
                    <statusCategory id="3" key="done" colorName="green"/>
                                    <resolution id="1">Fixed</resolution>
                                        <assignee username="wzheng">Wei Zheng</assignee>
                                    <reporter username="wzheng">Wei Zheng</reporter>
                        <labels>
                    </labels>
                <created>Wed, 24 Feb 2016 23:04:20 +0000</created>
                <updated>Tue, 21 Jun 2016 15:43:53 +0000</updated>
                            <resolved>Fri, 25 Mar 2016 05:39:28 +0000</resolved>
                                    <version>2.0.0</version>
                                    <fixVersion>1.3.0</fixVersion>
                    <fixVersion>2.1.0</fixVersion>
                    <fixVersion>2.0.1</fixVersion>
                                    <component>Hive</component>
                        <due></due>
                            <votes>0</votes>
                                    <watches>6</watches>
                                                                <comments>
                            <comment id="15166489" author="wzheng" created="Thu, 25 Feb 2016 01:16:16 +0000"  >&lt;p&gt;To be specific, if we don&apos;t clean up the UGI info, we will end up having a lot of FileSystem$Cache$Key entries.&lt;/p&gt;</comment>
                            <comment id="15168942" author="hiveqa" created="Fri, 26 Feb 2016 12:58:10 +0000"  >

&lt;p&gt;Here are the results of testing the latest attachment:&lt;br/&gt;
&lt;a href=&quot;https://issues.apache.org/jira/secure/attachment/12790038/HIVE-13151.1.patch&quot; class=&quot;external-link&quot; rel=&quot;nofollow&quot;&gt;https://issues.apache.org/jira/secure/attachment/12790038/HIVE-13151.1.patch&lt;/a&gt;&lt;/p&gt;

&lt;p&gt;&lt;font color=&quot;red&quot;&gt;ERROR:&lt;/font&gt; -1 due to no test(s) being added or modified.&lt;/p&gt;

&lt;p&gt;&lt;font color=&quot;red&quot;&gt;ERROR:&lt;/font&gt; -1 due to 20 failed/errored test(s), 9799 tests executed&lt;br/&gt;
&lt;b&gt;Failed tests:&lt;/b&gt;&lt;/p&gt;
&lt;div class=&quot;preformatted panel&quot; style=&quot;border-width: 1px;&quot;&gt;&lt;div class=&quot;preformattedContent panelContent&quot;&gt;
&lt;pre&gt;TestMiniTezCliDriver-auto_sortmerge_join_13.q-tez_self_join.q-alter_merge_2_orc.q-and-12-more - did not produce a TEST-*.xml file
TestSparkCliDriver-timestamp_lazy.q-bucketsortoptimize_insert_4.q-date_udf.q-and-12-more - did not produce a TEST-*.xml file
org.apache.hadoop.hive.cli.TestMiniTezCliDriver.org.apache.hadoop.hive.cli.TestMiniTezCliDriver
org.apache.hadoop.hive.cli.TestMiniTezCliDriver.testCliDriver_auto_join30
org.apache.hadoop.hive.cli.TestMiniTezCliDriver.testCliDriver_auto_sortmerge_join_11
org.apache.hadoop.hive.cli.TestMiniTezCliDriver.testCliDriver_filter_join_breaktask
org.apache.hadoop.hive.cli.TestMiniTezCliDriver.testCliDriver_insert_into1
org.apache.hadoop.hive.cli.TestMiniTezCliDriver.testCliDriver_mergejoin
org.apache.hadoop.hive.cli.TestMiniTezCliDriver.testCliDriver_metadata_only_queries_with_filters
org.apache.hadoop.hive.cli.TestMiniTezCliDriver.testCliDriver_scriptfile1
org.apache.hadoop.hive.cli.TestMiniTezCliDriver.testCliDriver_tez_join
org.apache.hadoop.hive.cli.TestMiniTezCliDriver.testCliDriver_tez_union_dynamic_partition
org.apache.hadoop.hive.cli.TestMiniTezCliDriver.testCliDriver_union3
org.apache.hadoop.hive.cli.TestMiniTezCliDriver.testCliDriver_vector_aggregate_without_gby
org.apache.hadoop.hive.cli.TestMiniTezCliDriver.testCliDriver_vector_data_types
org.apache.hadoop.hive.cli.TestMiniTezCliDriver.testCliDriver_vector_decimal_precision
org.apache.hadoop.hive.cli.TestMiniTezCliDriver.testCliDriver_vectorization_nested_udf
org.apache.hadoop.hive.cli.TestMiniTezCliDriver.testCliDriver_vectorized_math_funcs
org.apache.hadoop.hive.cli.TestNegativeCliDriver.testNegativeCliDriver_authorization_uri_import
org.apache.hive.jdbc.TestSSL.testSSLVersion
&lt;/pre&gt;
&lt;/div&gt;&lt;/div&gt;

&lt;p&gt;Test results: &lt;a href=&quot;http://ec2-174-129-184-35.compute-1.amazonaws.com/jenkins/job/PreCommit-HIVE-TRUNK-Build/7097/testReport&quot; class=&quot;external-link&quot; rel=&quot;nofollow&quot;&gt;http://ec2-174-129-184-35.compute-1.amazonaws.com/jenkins/job/PreCommit-HIVE-TRUNK-Build/7097/testReport&lt;/a&gt;&lt;br/&gt;
Console output: &lt;a href=&quot;http://ec2-174-129-184-35.compute-1.amazonaws.com/jenkins/job/PreCommit-HIVE-TRUNK-Build/7097/console&quot; class=&quot;external-link&quot; rel=&quot;nofollow&quot;&gt;http://ec2-174-129-184-35.compute-1.amazonaws.com/jenkins/job/PreCommit-HIVE-TRUNK-Build/7097/console&lt;/a&gt;&lt;br/&gt;
Test logs: &lt;a href=&quot;http://ec2-174-129-184-35.compute-1.amazonaws.com/logs/PreCommit-HIVE-TRUNK-Build-7097/&quot; class=&quot;external-link&quot; rel=&quot;nofollow&quot;&gt;http://ec2-174-129-184-35.compute-1.amazonaws.com/logs/PreCommit-HIVE-TRUNK-Build-7097/&lt;/a&gt;&lt;/p&gt;

&lt;p&gt;Messages:&lt;/p&gt;
&lt;div class=&quot;preformatted panel&quot; style=&quot;border-width: 1px;&quot;&gt;&lt;div class=&quot;preformattedContent panelContent&quot;&gt;
&lt;pre&gt;Executing org.apache.hive.ptest.execution.TestCheckPhase
Executing org.apache.hive.ptest.execution.PrepPhase
Executing org.apache.hive.ptest.execution.ExecutionPhase
Executing org.apache.hive.ptest.execution.ReportingPhase
Tests exited with: TestsFailedException: 20 tests failed
&lt;/pre&gt;
&lt;/div&gt;&lt;/div&gt;

&lt;p&gt;This message is automatically generated.&lt;/p&gt;

&lt;p&gt;ATTACHMENT ID: 12790038 - PreCommit-HIVE-TRUNK-Build&lt;/p&gt;</comment>
                            <comment id="15170904" author="hiveqa" created="Sun, 28 Feb 2016 06:12:58 +0000"  >

&lt;p&gt;Here are the results of testing the latest attachment:&lt;br/&gt;
&lt;a href=&quot;https://issues.apache.org/jira/secure/attachment/12790235/HIVE-13151.2.patch&quot; class=&quot;external-link&quot; rel=&quot;nofollow&quot;&gt;https://issues.apache.org/jira/secure/attachment/12790235/HIVE-13151.2.patch&lt;/a&gt;&lt;/p&gt;

&lt;p&gt;&lt;font color=&quot;green&quot;&gt;SUCCESS:&lt;/font&gt; +1 due to 1 test(s) being added or modified.&lt;/p&gt;

&lt;p&gt;&lt;font color=&quot;red&quot;&gt;ERROR:&lt;/font&gt; -1 due to 3 failed/errored test(s), 9827 tests executed&lt;br/&gt;
&lt;b&gt;Failed tests:&lt;/b&gt;&lt;/p&gt;
&lt;div class=&quot;preformatted panel&quot; style=&quot;border-width: 1px;&quot;&gt;&lt;div class=&quot;preformattedContent panelContent&quot;&gt;
&lt;pre&gt;org.apache.hadoop.hive.cli.TestNegativeCliDriver.testNegativeCliDriver_authorization_uri_import
org.apache.hive.hcatalog.hbase.TestPigHBaseStorageHandler.org.apache.hive.hcatalog.hbase.TestPigHBaseStorageHandler
org.apache.hive.jdbc.TestSSL.testSSLVersion
&lt;/pre&gt;
&lt;/div&gt;&lt;/div&gt;

&lt;p&gt;Test results: &lt;a href=&quot;http://ec2-174-129-184-35.compute-1.amazonaws.com/jenkins/job/PreCommit-HIVE-TRUNK-Build/7118/testReport&quot; class=&quot;external-link&quot; rel=&quot;nofollow&quot;&gt;http://ec2-174-129-184-35.compute-1.amazonaws.com/jenkins/job/PreCommit-HIVE-TRUNK-Build/7118/testReport&lt;/a&gt;&lt;br/&gt;
Console output: &lt;a href=&quot;http://ec2-174-129-184-35.compute-1.amazonaws.com/jenkins/job/PreCommit-HIVE-TRUNK-Build/7118/console&quot; class=&quot;external-link&quot; rel=&quot;nofollow&quot;&gt;http://ec2-174-129-184-35.compute-1.amazonaws.com/jenkins/job/PreCommit-HIVE-TRUNK-Build/7118/console&lt;/a&gt;&lt;br/&gt;
Test logs: &lt;a href=&quot;http://ec2-174-129-184-35.compute-1.amazonaws.com/logs/PreCommit-HIVE-TRUNK-Build-7118/&quot; class=&quot;external-link&quot; rel=&quot;nofollow&quot;&gt;http://ec2-174-129-184-35.compute-1.amazonaws.com/logs/PreCommit-HIVE-TRUNK-Build-7118/&lt;/a&gt;&lt;/p&gt;

&lt;p&gt;Messages:&lt;/p&gt;
&lt;div class=&quot;preformatted panel&quot; style=&quot;border-width: 1px;&quot;&gt;&lt;div class=&quot;preformattedContent panelContent&quot;&gt;
&lt;pre&gt;Executing org.apache.hive.ptest.execution.TestCheckPhase
Executing org.apache.hive.ptest.execution.PrepPhase
Executing org.apache.hive.ptest.execution.ExecutionPhase
Executing org.apache.hive.ptest.execution.ReportingPhase
Tests exited with: TestsFailedException: 3 tests failed
&lt;/pre&gt;
&lt;/div&gt;&lt;/div&gt;

&lt;p&gt;This message is automatically generated.&lt;/p&gt;

&lt;p&gt;ATTACHMENT ID: 12790235 - PreCommit-HIVE-TRUNK-Build&lt;/p&gt;</comment>
                            <comment id="15172417" author="wzheng" created="Mon, 29 Feb 2016 19:06:51 +0000"  >&lt;p&gt;Test failures don&apos;t look related and I cannot reproduce locally.&lt;/p&gt;

&lt;p&gt;Upload patch 3 with exactly same content as patch 2, to trigger another QA run.&lt;/p&gt;</comment>
                            <comment id="15202986" author="hiveqa" created="Sat, 19 Mar 2016 22:01:55 +0000"  >

&lt;p&gt;Here are the results of testing the latest attachment:&lt;br/&gt;
&lt;a href=&quot;https://issues.apache.org/jira/secure/attachment/12794049/HIVE-13151.3.patch&quot; class=&quot;external-link&quot; rel=&quot;nofollow&quot;&gt;https://issues.apache.org/jira/secure/attachment/12794049/HIVE-13151.3.patch&lt;/a&gt;&lt;/p&gt;

&lt;p&gt;&lt;font color=&quot;green&quot;&gt;SUCCESS:&lt;/font&gt; +1 due to 1 test(s) being added or modified.&lt;/p&gt;

&lt;p&gt;&lt;font color=&quot;red&quot;&gt;ERROR:&lt;/font&gt; -1 due to 7 failed/errored test(s), 9808 tests executed&lt;br/&gt;
&lt;b&gt;Failed tests:&lt;/b&gt;&lt;/p&gt;
&lt;div class=&quot;preformatted panel&quot; style=&quot;border-width: 1px;&quot;&gt;&lt;div class=&quot;preformattedContent panelContent&quot;&gt;
&lt;pre&gt;TestMiniTezCliDriver-vector_coalesce.q-auto_sortmerge_join_7.q-dynamic_partition_pruning.q-and-12-more - did not produce a TEST-*.xml file
TestSparkCliDriver-groupby3_map.q-sample2.q-auto_join14.q-and-12-more - did not produce a TEST-*.xml file
TestSparkCliDriver-groupby_map_ppr_multi_distinct.q-table_access_keys_stats.q-groupby4_noskew.q-and-12-more - did not produce a TEST-*.xml file
TestSparkCliDriver-join_rc.q-insert1.q-vectorized_rcfile_columnar.q-and-12-more - did not produce a TEST-*.xml file
TestSparkCliDriver-ppd_join4.q-join9.q-ppd_join3.q-and-12-more - did not produce a TEST-*.xml file
TestSparkCliDriver-timestamp_lazy.q-bucketsortoptimize_insert_4.q-date_udf.q-and-12-more - did not produce a TEST-*.xml file
org.apache.hive.jdbc.TestJdbcWithLocalClusterSpark.testTempTable
&lt;/pre&gt;
&lt;/div&gt;&lt;/div&gt;

&lt;p&gt;Test results: &lt;a href=&quot;http://ec2-174-129-184-35.compute-1.amazonaws.com/jenkins/job/PreCommit-HIVE-TRUNK-Build/7314/testReport&quot; class=&quot;external-link&quot; rel=&quot;nofollow&quot;&gt;http://ec2-174-129-184-35.compute-1.amazonaws.com/jenkins/job/PreCommit-HIVE-TRUNK-Build/7314/testReport&lt;/a&gt;&lt;br/&gt;
Console output: &lt;a href=&quot;http://ec2-174-129-184-35.compute-1.amazonaws.com/jenkins/job/PreCommit-HIVE-TRUNK-Build/7314/console&quot; class=&quot;external-link&quot; rel=&quot;nofollow&quot;&gt;http://ec2-174-129-184-35.compute-1.amazonaws.com/jenkins/job/PreCommit-HIVE-TRUNK-Build/7314/console&lt;/a&gt;&lt;br/&gt;
Test logs: &lt;a href=&quot;http://ec2-174-129-184-35.compute-1.amazonaws.com/logs/PreCommit-HIVE-TRUNK-Build-7314/&quot; class=&quot;external-link&quot; rel=&quot;nofollow&quot;&gt;http://ec2-174-129-184-35.compute-1.amazonaws.com/logs/PreCommit-HIVE-TRUNK-Build-7314/&lt;/a&gt;&lt;/p&gt;

&lt;p&gt;Messages:&lt;/p&gt;
&lt;div class=&quot;preformatted panel&quot; style=&quot;border-width: 1px;&quot;&gt;&lt;div class=&quot;preformattedContent panelContent&quot;&gt;
&lt;pre&gt;Executing org.apache.hive.ptest.execution.TestCheckPhase
Executing org.apache.hive.ptest.execution.PrepPhase
Executing org.apache.hive.ptest.execution.ExecutionPhase
Executing org.apache.hive.ptest.execution.ReportingPhase
Tests exited with: TestsFailedException: 7 tests failed
&lt;/pre&gt;
&lt;/div&gt;&lt;/div&gt;

&lt;p&gt;This message is automatically generated.&lt;/p&gt;

&lt;p&gt;ATTACHMENT ID: 12794049 - PreCommit-HIVE-TRUNK-Build&lt;/p&gt;</comment>
                            <comment id="15205150" author="wzheng" created="Mon, 21 Mar 2016 21:11:08 +0000"  >&lt;p&gt;Test failure for testTempTable doesn&apos;t seem related.&lt;/p&gt;

&lt;p&gt;&lt;a href=&quot;https://issues.apache.org/jira/secure/ViewProfile.jspa?name=ekoifman&quot; class=&quot;user-hover&quot; rel=&quot;ekoifman&quot;&gt;Eugene Koifman&lt;/a&gt; Can you take a look?&lt;/p&gt;</comment>
                            <comment id="15205392" author="ekoifman" created="Mon, 21 Mar 2016 23:57:28 +0000"  >&lt;p&gt;Shouldn&apos;t this be solved in Hadoop?  If anything else is using UGI the cache will still leak.  What do other submodules do?&lt;/p&gt;


&lt;p&gt;1. TestTxnCommands2 - seems to have unused imports added&lt;br/&gt;
2. Would it make sense to include CompactionInfo.getFullPartitionName() in the error message for more context?  (Worker/Initiator/Cleaner - basically throughout)&lt;/p&gt;</comment>
                            <comment id="15205436" author="wzheng" created="Tue, 22 Mar 2016 00:21:52 +0000"  >&lt;blockquote&gt;
&lt;p&gt;Shouldn&apos;t this be solved in Hadoop? If anything else is using UGI the cache will still leak. What do other submodules do?&lt;/p&gt;&lt;/blockquote&gt;
&lt;p&gt;&lt;a href=&quot;https://issues.apache.org/jira/secure/ViewProfile.jspa?name=thejas&quot; class=&quot;user-hover&quot; rel=&quot;thejas&quot;&gt;Thejas M Nair&lt;/a&gt; Can you comment on this?&lt;/p&gt;</comment>
                            <comment id="15205863" author="thejas" created="Tue, 22 Mar 2016 06:05:03 +0000"  >&lt;blockquote&gt;&lt;p&gt;Shouldn&apos;t this be solved in Hadoop? If anything else is using UGI the cache will still leak.&lt;/p&gt;&lt;/blockquote&gt;
&lt;p&gt;AFAIK all of them end up calling closeAllForUgi to avoid the &apos;cache&apos; leak.&lt;/p&gt;

&lt;p&gt;I heard long ago about some new interfaces that would change this. Not sure if that was a concrete proposal. cc &lt;a href=&quot;https://issues.apache.org/jira/secure/ViewProfile.jspa?name=sanjay.radia&quot; class=&quot;user-hover&quot; rel=&quot;sanjay.radia&quot;&gt;Sanjay Radia&lt;/a&gt; &lt;a href=&quot;https://issues.apache.org/jira/secure/ViewProfile.jspa?name=jnp&quot; class=&quot;user-hover&quot; rel=&quot;jnp&quot;&gt;Jitendra Nath Pandey&lt;/a&gt;&lt;/p&gt;</comment>
                            <comment id="15206920" author="ekoifman" created="Tue, 22 Mar 2016 18:08:11 +0000"  >&lt;p&gt;I talked to Thejas and now I understand this better.&lt;/p&gt;


&lt;p&gt;&lt;a href=&quot;https://issues.apache.org/jira/secure/ViewProfile.jspa?name=wzheng&quot; class=&quot;user-hover&quot; rel=&quot;wzheng&quot;&gt;Wei Zheng&lt;/a&gt;&lt;br/&gt;
+1 on the patch&lt;/p&gt;</comment>
                            <comment id="15206923" author="ekoifman" created="Tue, 22 Mar 2016 18:08:38 +0000"  >&lt;p&gt;That is +1 modulo my comments above&lt;/p&gt;</comment>
                            <comment id="15206981" author="wzheng" created="Tue, 22 Mar 2016 18:30:59 +0000"  >&lt;p&gt;Upload patch 4 for test&lt;/p&gt;</comment>
                            <comment id="15211163" author="hiveqa" created="Fri, 25 Mar 2016 00:04:47 +0000"  >

&lt;p&gt;Here are the results of testing the latest attachment:&lt;br/&gt;
&lt;a href=&quot;https://issues.apache.org/jira/secure/attachment/12794812/HIVE-13151.4.patch&quot; class=&quot;external-link&quot; rel=&quot;nofollow&quot;&gt;https://issues.apache.org/jira/secure/attachment/12794812/HIVE-13151.4.patch&lt;/a&gt;&lt;/p&gt;

&lt;p&gt;&lt;font color=&quot;green&quot;&gt;SUCCESS:&lt;/font&gt; +1 due to 1 test(s) being added or modified.&lt;/p&gt;

&lt;p&gt;&lt;font color=&quot;red&quot;&gt;ERROR:&lt;/font&gt; -1 due to 7 failed/errored test(s), 9821 tests executed&lt;br/&gt;
&lt;b&gt;Failed tests:&lt;/b&gt;&lt;/p&gt;
&lt;div class=&quot;preformatted panel&quot; style=&quot;border-width: 1px;&quot;&gt;&lt;div class=&quot;preformattedContent panelContent&quot;&gt;
&lt;pre&gt;TestParseNegative - did not produce a TEST-*.xml file
TestSparkCliDriver-groupby3_map.q-sample2.q-auto_join14.q-and-12-more - did not produce a TEST-*.xml file
TestSparkCliDriver-groupby_map_ppr_multi_distinct.q-table_access_keys_stats.q-groupby4_noskew.q-and-12-more - did not produce a TEST-*.xml file
TestSparkCliDriver-join_rc.q-insert1.q-vectorized_rcfile_columnar.q-and-12-more - did not produce a TEST-*.xml file
TestSparkCliDriver-ppd_join4.q-join9.q-ppd_join3.q-and-12-more - did not produce a TEST-*.xml file
TestSparkCliDriver-timestamp_lazy.q-bucketsortoptimize_insert_4.q-date_udf.q-and-12-more - did not produce a TEST-*.xml file
org.apache.hadoop.hive.cli.TestMiniLlapCliDriver.testCliDriver_llap_udf
&lt;/pre&gt;
&lt;/div&gt;&lt;/div&gt;

&lt;p&gt;Test results: &lt;a href=&quot;http://ec2-174-129-184-35.compute-1.amazonaws.com/jenkins/job/PreCommit-HIVE-TRUNK-Build/7358/testReport&quot; class=&quot;external-link&quot; rel=&quot;nofollow&quot;&gt;http://ec2-174-129-184-35.compute-1.amazonaws.com/jenkins/job/PreCommit-HIVE-TRUNK-Build/7358/testReport&lt;/a&gt;&lt;br/&gt;
Console output: &lt;a href=&quot;http://ec2-174-129-184-35.compute-1.amazonaws.com/jenkins/job/PreCommit-HIVE-TRUNK-Build/7358/console&quot; class=&quot;external-link&quot; rel=&quot;nofollow&quot;&gt;http://ec2-174-129-184-35.compute-1.amazonaws.com/jenkins/job/PreCommit-HIVE-TRUNK-Build/7358/console&lt;/a&gt;&lt;br/&gt;
Test logs: &lt;a href=&quot;http://ec2-174-129-184-35.compute-1.amazonaws.com/logs/PreCommit-HIVE-TRUNK-Build-7358/&quot; class=&quot;external-link&quot; rel=&quot;nofollow&quot;&gt;http://ec2-174-129-184-35.compute-1.amazonaws.com/logs/PreCommit-HIVE-TRUNK-Build-7358/&lt;/a&gt;&lt;/p&gt;

&lt;p&gt;Messages:&lt;/p&gt;
&lt;div class=&quot;preformatted panel&quot; style=&quot;border-width: 1px;&quot;&gt;&lt;div class=&quot;preformattedContent panelContent&quot;&gt;
&lt;pre&gt;Executing org.apache.hive.ptest.execution.TestCheckPhase
Executing org.apache.hive.ptest.execution.PrepPhase
Executing org.apache.hive.ptest.execution.ExecutionPhase
Executing org.apache.hive.ptest.execution.ReportingPhase
Tests exited with: TestsFailedException: 7 tests failed
&lt;/pre&gt;
&lt;/div&gt;&lt;/div&gt;

&lt;p&gt;This message is automatically generated.&lt;/p&gt;

&lt;p&gt;ATTACHMENT ID: 12794812 - PreCommit-HIVE-TRUNK-Build&lt;/p&gt;</comment>
                            <comment id="15211429" author="wzheng" created="Fri, 25 Mar 2016 05:15:54 +0000"  >&lt;p&gt;patch 4 has been committed but it has some mistakes. ADDENDUM patch will solve that.&lt;/p&gt;</comment>
                            <comment id="15211450" author="wzheng" created="Fri, 25 Mar 2016 05:39:28 +0000"  >&lt;p&gt;Committed to master and branch-1&lt;/p&gt;</comment>
                            <comment id="15218669" author="sushanth" created="Wed, 30 Mar 2016 19:34:52 +0000"  >&lt;p&gt;Thanks, Wei - this was an important leak to plug!&lt;/p&gt;</comment>
                            <comment id="15218671" author="sushanth" created="Wed, 30 Mar 2016 19:36:14 +0000"  >&lt;p&gt;&lt;a href=&quot;https://issues.apache.org/jira/secure/ViewProfile.jspa?name=sershe&quot; class=&quot;user-hover&quot; rel=&quot;sershe&quot;&gt;Sergey Shelukhin&lt;/a&gt;/&lt;a href=&quot;https://issues.apache.org/jira/secure/ViewProfile.jspa?name=wzheng&quot; class=&quot;user-hover&quot; rel=&quot;wzheng&quot;&gt;Wei Zheng&lt;/a&gt; : I think this should be tracked for 2.0.1 as well as it&apos;s a pretty common leak. Thoughts?&lt;/p&gt;</comment>
                            <comment id="15218870" author="wzheng" created="Wed, 30 Mar 2016 21:08:50 +0000"  >&lt;p&gt;&lt;a href=&quot;https://issues.apache.org/jira/secure/ViewProfile.jspa?name=sushanth&quot; class=&quot;user-hover&quot; rel=&quot;sushanth&quot;&gt;Sushanth Sowmyan&lt;/a&gt; Agree. I missed that one. It is branch-2 right? I will commit it there as well.&lt;/p&gt;</comment>
                            <comment id="15219022" author="sushanth" created="Wed, 30 Mar 2016 23:01:33 +0000"  >&lt;p&gt;branch-2.0 is the branch for 2.0.1&lt;/p&gt;</comment>
                            <comment id="15219026" author="wzheng" created="Wed, 30 Mar 2016 23:03:15 +0000"  >&lt;p&gt;Thanks. Committed to branch-2.0 &lt;img class=&quot;emoticon&quot; src=&quot;https://issues.apache.org/jira/images/icons/emoticons/smile.gif&quot; height=&quot;16&quot; width=&quot;16&quot; align=&quot;absmiddle&quot; alt=&quot;&quot; border=&quot;0&quot;/&gt;&lt;/p&gt;</comment>
                    </comments>
                    <attachments>
                            <attachment id="12790038" name="HIVE-13151.1.patch" size="5387" author="wzheng" created="Fri, 26 Feb 2016 01:12:37 +0000"/>
                            <attachment id="12790235" name="HIVE-13151.2.patch" size="8278" author="wzheng" created="Fri, 26 Feb 2016 22:11:58 +0000"/>
                            <attachment id="12794049" name="HIVE-13151.3.patch" size="8278" author="wzheng" created="Thu, 17 Mar 2016 19:57:14 +0000"/>
                            <attachment id="12794812" name="HIVE-13151.4.patch" size="7884" author="wzheng" created="Tue, 22 Mar 2016 18:30:59 +0000"/>
                            <attachment id="12795364" name="HIVE-13151.ADDENDUM.patch" size="2551" author="wzheng" created="Fri, 25 Mar 2016 05:15:54 +0000"/>
                            <attachment id="12796630" name="HIVE-13151.branch-1.patch" size="7748" author="wzheng" created="Sat, 2 Apr 2016 00:23:28 +0000"/>
                    </attachments>
                <subtasks>
                    </subtasks>
                <customfields>
                                                <customfield id="customfield_12310310" key="com.atlassian.jira.toolkit:attachments">
                        <customfieldname>Attachment count</customfieldname>
                        <customfieldvalues>
                            <customfieldvalue>6.0</customfieldvalue>
                        </customfieldvalues>
                    </customfield>
                                                                                                                                                                                                                                                                                                                                                                                                                                                                                                                                <customfield id="customfield_12310220" key="com.atlassian.jira.ext.charting:firstresponsedate">
                        <customfieldname>Date of First Response</customfieldname>
                        <customfieldvalues>
                            <customfieldvalue>Fri, 26 Feb 2016 12:58:10 +0000</customfieldvalue>

                        </customfieldvalues>
                    </customfield>
                                                                                                                                                                                                                                                                                                                                                                                                                                            <customfield id="customfield_12310420" key="com.pyxis.greenhopper.jira:gh-global-rank">
                        <customfieldname>Global Rank</customfieldname>
                        <customfieldvalues>
                            <customfieldvalue>9223372036854775807</customfieldvalue>
                        </customfieldvalues>
                    </customfield>
                                                                                                                                                    <customfield id="customfield_12312521" key="com.atlassian.jira.toolkit:LastCommentDate">
                        <customfieldname>Last public comment date</customfieldname>
                        <customfieldvalues>
                            35 weeks, 1 day ago
                        </customfieldvalues>
                    </customfield>
                                                                                            <customfield id="customfield_12311820" key="com.pyxis.greenhopper.jira:gh-lexo-rank">
                        <customfieldname>Rank</customfieldname>
                        <customfieldvalues>
                            <customfieldvalue>0|i2tnw7:</customfieldvalue>

                        </customfieldvalues>
                    </customfield>
                                                                <customfield id="customfield_12310920" key="com.pyxis.greenhopper.jira:gh-global-rank">
                        <customfieldname>Rank (Obsolete)</customfieldname>
                        <customfieldvalues>
                            <customfieldvalue>9223372036854775807</customfieldvalue>
                        </customfieldvalues>
                    </customfield>
                                                                                                                                                                                                                                                                    <customfield id="customfield_12310320" key="com.atlassian.jira.plugin.system.customfieldtypes:multiversion">
                        <customfieldname>Target Version/s</customfieldname>
                        <customfieldvalues>
                                <customfieldvalue>12334886</customfieldvalue>
    
                        </customfieldvalues>
                    </customfield>
                                                                                            <customfield id="customfield_12310222" key="com.atlassian.jira.ext.charting:timeinstatus">
                        <customfieldname>Time in Status</customfieldname>
                        <customfieldvalues>
                            
                        </customfieldvalues>
                    </customfield>
                                                                                                                        </customfields>
    </item>
</channel>
</rss>