<!-- 
RSS generated by JIRA (6.3.4#6332-sha1:51bc225ef474afe3128b2f66878477f322397b16) at Sat Dec 03 23:52:33 UTC 2016

It is possible to restrict the fields that are returned in this document by specifying the 'field' parameter in your request.
For example, to request only the issue key and summary add field=key&field=summary to the URL of your request.
For example:
https://issues.apache.org/jira/si/jira.issueviews:issue-xml/HIVE-1953/HIVE-1953.xml?field=key&amp;field=summary
-->
<rss version="0.92" >
<channel>
    <title>ASF JIRA</title>
    <link>https://issues.apache.org/jira</link>
    <description>This file is an XML representation of an issue</description>
    <language>en-uk</language>    <build-info>
        <version>6.3.4</version>
        <build-number>6332</build-number>
        <build-date>15-08-2014</build-date>
    </build-info>

<item>
            <title>[HIVE-1953] Hive should process comments in CliDriver</title>
                <link>https://issues.apache.org/jira/browse/HIVE-1953</link>
                <project id="12310843" key="HIVE">Hive</project>
                    <description>&lt;p&gt;If you put commend before a set command, it will faile. &lt;/p&gt;

&lt;p&gt;Like this:&lt;br/&gt;
&amp;#8211; TestSerDe is a user defined serde where the default delimiter is Ctrl-B&lt;br/&gt;
&amp;#8211; the user is overwriting it with ctrlC&lt;br/&gt;
set hive.input.format=org.apache.hadoop.hive.ql.io.HiveInputFormat;&lt;/p&gt;

&lt;p&gt;Hive should process the comment in CliDriver, and ignore the comment right away, instead of passing it to the downstream processors.&lt;/p&gt;</description>
                <environment></environment>
        <key id="12497619">HIVE-1953</key>
            <summary>Hive should process comments in CliDriver</summary>
                <type id="4" iconUrl="https://issues.apache.org/jira/images/icons/issuetypes/improvement.png">Improvement</type>
                                            <priority id="3" iconUrl="https://issues.apache.org/jira/images/icons/priorities/major.png">Major</priority>
                        <status id="6" iconUrl="https://issues.apache.org/jira/images/icons/statuses/closed.png" description="The issue is considered finished, the resolution is correct. Issues which are closed can be reopened.">Closed</status>
                    <statusCategory id="3" key="done" colorName="green"/>
                                    <resolution id="1">Fixed</resolution>
                                        <assignee username="vikram.dixit">Vikram Dixit K</assignee>
                                    <reporter username="he yongqiang">He Yongqiang</reporter>
                        <labels>
                    </labels>
                <created>Thu, 3 Feb 2011 21:11:55 +0000</created>
                <updated>Thu, 16 May 2013 21:10:22 +0000</updated>
                            <resolved>Tue, 9 Apr 2013 05:46:20 +0000</resolved>
                                                    <fixVersion>0.11.0</fixVersion>
                                        <due></due>
                            <votes>1</votes>
                                    <watches>9</watches>
                                                                <comments>
                            <comment id="13087599" author="salbiz" created="Fri, 19 Aug 2011 08:07:52 +0000"  >&lt;p&gt;no tests added since the clientpositive suite runs through Driver.run() and not cliDriver for testcase files.&lt;/p&gt;</comment>
                            <comment id="13087600" author="jiraposter@reviews.apache.org" created="Fri, 19 Aug 2011 08:11:27 +0000"  >
&lt;p&gt;-----------------------------------------------------------&lt;br/&gt;
This is an automatically generated e-mail. To reply, visit:&lt;br/&gt;
&lt;a href=&quot;https://reviews.apache.org/r/1587/&quot; class=&quot;external-link&quot; rel=&quot;nofollow&quot;&gt;https://reviews.apache.org/r/1587/&lt;/a&gt;&lt;br/&gt;
-----------------------------------------------------------&lt;/p&gt;

&lt;p&gt;Review request for hive and Yongqiang He.&lt;/p&gt;


&lt;p&gt;Summary&lt;br/&gt;
-------&lt;/p&gt;

&lt;p&gt;skip comments in cliDriver.main() instead of passing down to command processors.&lt;/p&gt;


&lt;p&gt;This addresses bug &lt;a href=&quot;https://issues.apache.org/jira/browse/HIVE-1953&quot; title=&quot;Hive should process comments in CliDriver&quot; class=&quot;issue-link&quot; data-issue-key=&quot;HIVE-1953&quot;&gt;&lt;del&gt;HIVE-1953&lt;/del&gt;&lt;/a&gt;.&lt;br/&gt;
    &lt;a href=&quot;https://issues.apache.org/jira/browse/HIVE-1953&quot; class=&quot;external-link&quot; rel=&quot;nofollow&quot;&gt;https://issues.apache.org/jira/browse/HIVE-1953&lt;/a&gt;&lt;/p&gt;


&lt;p&gt;Diffs&lt;/p&gt;
&lt;hr /&gt;

&lt;p&gt;  cli/src/java/org/apache/hadoop/hive/cli/CliDriver.java a2976b5 &lt;/p&gt;

&lt;p&gt;Diff: &lt;a href=&quot;https://reviews.apache.org/r/1587/diff&quot; class=&quot;external-link&quot; rel=&quot;nofollow&quot;&gt;https://reviews.apache.org/r/1587/diff&lt;/a&gt;&lt;/p&gt;


&lt;p&gt;Testing&lt;br/&gt;
-------&lt;/p&gt;

&lt;p&gt;tested build, since the test suite goes through driver, adding a query file test case did not work.&lt;/p&gt;


&lt;p&gt;Thanks,&lt;/p&gt;

&lt;p&gt;Syed&lt;/p&gt;
</comment>
                            <comment id="13087975" author="jiraposter@reviews.apache.org" created="Fri, 19 Aug 2011 21:09:27 +0000"  >
&lt;p&gt;-----------------------------------------------------------&lt;br/&gt;
This is an automatically generated e-mail. To reply, visit:&lt;br/&gt;
&lt;a href=&quot;https://reviews.apache.org/r/1587/#review1564&quot; class=&quot;external-link&quot; rel=&quot;nofollow&quot;&gt;https://reviews.apache.org/r/1587/#review1564&lt;/a&gt;&lt;br/&gt;
-----------------------------------------------------------&lt;/p&gt;


&lt;p&gt;Currently if you type something like&lt;/p&gt;

&lt;p&gt;EXPLAIN SELECT &quot;abcd&lt;br/&gt;
&amp;#8211;&lt;br/&gt;
efgh&quot; as field from invites;&lt;/p&gt;

&lt;p&gt;the string &quot;abcd\n-&lt;del&gt;\nefgh&quot;with the newlines is accepted&lt;/del&gt;&lt;del&gt;this diff removes the line with the &quot;&lt;/del&gt;-&quot; which seems incorrect.&lt;/p&gt;

&lt;ul class=&quot;alternate&quot; type=&quot;square&quot;&gt;
	&lt;li&gt;Charles&lt;/li&gt;
&lt;/ul&gt;



&lt;p&gt;On 2011-08-19 08:10:32, Syed Albiz wrote:&lt;/p&gt;
&lt;blockquote&gt;&lt;p&gt;&lt;/p&gt;&lt;/blockquote&gt;
&lt;blockquote&gt;&lt;p&gt;-----------------------------------------------------------&lt;/p&gt;&lt;/blockquote&gt;
&lt;blockquote&gt;&lt;p&gt;This is an automatically generated e-mail. To reply, visit:&lt;/p&gt;&lt;/blockquote&gt;
&lt;blockquote&gt;&lt;p&gt;&lt;a href=&quot;https://reviews.apache.org/r/1587/&quot; class=&quot;external-link&quot; rel=&quot;nofollow&quot;&gt;https://reviews.apache.org/r/1587/&lt;/a&gt;&lt;/p&gt;&lt;/blockquote&gt;
&lt;blockquote&gt;&lt;p&gt;-----------------------------------------------------------&lt;/p&gt;&lt;/blockquote&gt;
&lt;blockquote&gt;&lt;p&gt;&lt;/p&gt;&lt;/blockquote&gt;
&lt;blockquote&gt;&lt;p&gt;(Updated 2011-08-19 08:10:32)&lt;/p&gt;&lt;/blockquote&gt;
&lt;blockquote&gt;&lt;p&gt;&lt;/p&gt;&lt;/blockquote&gt;
&lt;blockquote&gt;&lt;p&gt;&lt;/p&gt;&lt;/blockquote&gt;
&lt;blockquote&gt;&lt;p&gt;Review request for hive and Yongqiang He.&lt;/p&gt;&lt;/blockquote&gt;
&lt;blockquote&gt;&lt;p&gt;&lt;/p&gt;&lt;/blockquote&gt;
&lt;blockquote&gt;&lt;p&gt;&lt;/p&gt;&lt;/blockquote&gt;
&lt;blockquote&gt;&lt;p&gt;Summary&lt;/p&gt;&lt;/blockquote&gt;
&lt;blockquote&gt;&lt;p&gt;-------&lt;/p&gt;&lt;/blockquote&gt;
&lt;blockquote&gt;&lt;p&gt;&lt;/p&gt;&lt;/blockquote&gt;
&lt;blockquote&gt;&lt;p&gt;skip comments in cliDriver.main() instead of passing down to command processors.&lt;/p&gt;&lt;/blockquote&gt;
&lt;blockquote&gt;&lt;p&gt;&lt;/p&gt;&lt;/blockquote&gt;
&lt;blockquote&gt;&lt;p&gt;&lt;/p&gt;&lt;/blockquote&gt;
&lt;blockquote&gt;&lt;p&gt;This addresses bug &lt;a href=&quot;https://issues.apache.org/jira/browse/HIVE-1953&quot; title=&quot;Hive should process comments in CliDriver&quot; class=&quot;issue-link&quot; data-issue-key=&quot;HIVE-1953&quot;&gt;&lt;del&gt;HIVE-1953&lt;/del&gt;&lt;/a&gt;.&lt;/p&gt;&lt;/blockquote&gt;
&lt;blockquote&gt;&lt;p&gt;&lt;a href=&quot;https://issues.apache.org/jira/browse/HIVE-1953&quot; class=&quot;external-link&quot; rel=&quot;nofollow&quot;&gt;https://issues.apache.org/jira/browse/HIVE-1953&lt;/a&gt;&lt;/p&gt;&lt;/blockquote&gt;
&lt;blockquote&gt;&lt;p&gt;&lt;/p&gt;&lt;/blockquote&gt;
&lt;blockquote&gt;&lt;p&gt;&lt;/p&gt;&lt;/blockquote&gt;
&lt;blockquote&gt;&lt;p&gt;Diffs&lt;/p&gt;&lt;/blockquote&gt;
&lt;blockquote&gt;&lt;p&gt;-----&lt;/p&gt;&lt;/blockquote&gt;
&lt;blockquote&gt;&lt;p&gt;&lt;/p&gt;&lt;/blockquote&gt;
&lt;blockquote&gt;&lt;p&gt;cli/src/java/org/apache/hadoop/hive/cli/CliDriver.java a2976b5 &lt;/p&gt;&lt;/blockquote&gt;
&lt;blockquote&gt;&lt;p&gt;&lt;/p&gt;&lt;/blockquote&gt;
&lt;blockquote&gt;&lt;p&gt;Diff: &lt;a href=&quot;https://reviews.apache.org/r/1587/diff&quot; class=&quot;external-link&quot; rel=&quot;nofollow&quot;&gt;https://reviews.apache.org/r/1587/diff&lt;/a&gt;&lt;/p&gt;&lt;/blockquote&gt;
&lt;blockquote&gt;&lt;p&gt;&lt;/p&gt;&lt;/blockquote&gt;
&lt;blockquote&gt;&lt;p&gt;&lt;/p&gt;&lt;/blockquote&gt;
&lt;blockquote&gt;&lt;p&gt;Testing&lt;/p&gt;&lt;/blockquote&gt;
&lt;blockquote&gt;&lt;p&gt;-------&lt;/p&gt;&lt;/blockquote&gt;
&lt;blockquote&gt;&lt;p&gt;&lt;/p&gt;&lt;/blockquote&gt;
&lt;blockquote&gt;&lt;p&gt;tested build, since the test suite goes through driver, adding a query file test case did not work.&lt;/p&gt;&lt;/blockquote&gt;
&lt;blockquote&gt;&lt;p&gt;&lt;/p&gt;&lt;/blockquote&gt;
&lt;blockquote&gt;&lt;p&gt;&lt;/p&gt;&lt;/blockquote&gt;
&lt;blockquote&gt;&lt;p&gt;Thanks,&lt;/p&gt;&lt;/blockquote&gt;
&lt;blockquote&gt;&lt;p&gt;&lt;/p&gt;&lt;/blockquote&gt;
&lt;blockquote&gt;&lt;p&gt;Syed&lt;/p&gt;&lt;/blockquote&gt;
&lt;blockquote&gt;&lt;p&gt;&lt;/p&gt;&lt;/blockquote&gt;
&lt;blockquote&gt;&lt;p&gt;&lt;/p&gt;&lt;/blockquote&gt;
</comment>
                            <comment id="13088096" author="jiraposter@reviews.apache.org" created="Sat, 20 Aug 2011 00:49:27 +0000"  >

&lt;blockquote&gt;&lt;p&gt;On 2011-08-19 21:08:09, Charles Chen wrote:&lt;/p&gt;&lt;/blockquote&gt;
&lt;blockquote&gt;&lt;p&gt;&amp;gt; Currently if you type something like&lt;/p&gt;&lt;/blockquote&gt;
&lt;blockquote&gt;&lt;p&gt;&amp;gt; &lt;/p&gt;&lt;/blockquote&gt;
&lt;blockquote&gt;&lt;p&gt;&amp;gt; EXPLAIN SELECT &quot;abcd&lt;/p&gt;&lt;/blockquote&gt;
&lt;blockquote&gt;&lt;p&gt;&amp;gt; &amp;#8211;&lt;/p&gt;&lt;/blockquote&gt;
&lt;blockquote&gt;&lt;p&gt;&amp;gt; efgh&quot; as field from invites;&lt;/p&gt;&lt;/blockquote&gt;
&lt;blockquote&gt;&lt;p&gt;&amp;gt; &lt;/p&gt;&lt;/blockquote&gt;
&lt;blockquote&gt;&lt;p&gt;&amp;gt; the string &quot;abcd\n-&lt;del&gt;\nefgh&quot;with the newlines is accepted&lt;/del&gt;&lt;del&gt;this diff removes the line with the &quot;&lt;/del&gt;-&quot; which seems incorrect.&lt;/p&gt;&lt;/blockquote&gt;

&lt;p&gt;Good point. Similarly, if you try something like EXPLAIN SELECT &quot;abcd;&lt;br/&gt;
it fails right now because the cliDriver tokenizes end of statements on semi-colons. The problem here is that cliDriver only partially tokenizes the input before passing it to the Driver which tokenizes things correctly. There is a workaround here which is to add a recognized escape before the --, but that should not be necessary.&lt;/p&gt;


&lt;ul class=&quot;alternate&quot; type=&quot;square&quot;&gt;
	&lt;li&gt;Syed&lt;/li&gt;
&lt;/ul&gt;



&lt;p&gt;-----------------------------------------------------------&lt;br/&gt;
This is an automatically generated e-mail. To reply, visit:&lt;br/&gt;
&lt;a href=&quot;https://reviews.apache.org/r/1587/#review1564&quot; class=&quot;external-link&quot; rel=&quot;nofollow&quot;&gt;https://reviews.apache.org/r/1587/#review1564&lt;/a&gt;&lt;br/&gt;
-----------------------------------------------------------&lt;/p&gt;


&lt;p&gt;On 2011-08-19 08:10:32, Syed Albiz wrote:&lt;/p&gt;
&lt;blockquote&gt;&lt;p&gt;&lt;/p&gt;&lt;/blockquote&gt;
&lt;blockquote&gt;&lt;p&gt;-----------------------------------------------------------&lt;/p&gt;&lt;/blockquote&gt;
&lt;blockquote&gt;&lt;p&gt;This is an automatically generated e-mail. To reply, visit:&lt;/p&gt;&lt;/blockquote&gt;
&lt;blockquote&gt;&lt;p&gt;&lt;a href=&quot;https://reviews.apache.org/r/1587/&quot; class=&quot;external-link&quot; rel=&quot;nofollow&quot;&gt;https://reviews.apache.org/r/1587/&lt;/a&gt;&lt;/p&gt;&lt;/blockquote&gt;
&lt;blockquote&gt;&lt;p&gt;-----------------------------------------------------------&lt;/p&gt;&lt;/blockquote&gt;
&lt;blockquote&gt;&lt;p&gt;&lt;/p&gt;&lt;/blockquote&gt;
&lt;blockquote&gt;&lt;p&gt;(Updated 2011-08-19 08:10:32)&lt;/p&gt;&lt;/blockquote&gt;
&lt;blockquote&gt;&lt;p&gt;&lt;/p&gt;&lt;/blockquote&gt;
&lt;blockquote&gt;&lt;p&gt;&lt;/p&gt;&lt;/blockquote&gt;
&lt;blockquote&gt;&lt;p&gt;Review request for hive and Yongqiang He.&lt;/p&gt;&lt;/blockquote&gt;
&lt;blockquote&gt;&lt;p&gt;&lt;/p&gt;&lt;/blockquote&gt;
&lt;blockquote&gt;&lt;p&gt;&lt;/p&gt;&lt;/blockquote&gt;
&lt;blockquote&gt;&lt;p&gt;Summary&lt;/p&gt;&lt;/blockquote&gt;
&lt;blockquote&gt;&lt;p&gt;-------&lt;/p&gt;&lt;/blockquote&gt;
&lt;blockquote&gt;&lt;p&gt;&lt;/p&gt;&lt;/blockquote&gt;
&lt;blockquote&gt;&lt;p&gt;skip comments in cliDriver.main() instead of passing down to command processors.&lt;/p&gt;&lt;/blockquote&gt;
&lt;blockquote&gt;&lt;p&gt;&lt;/p&gt;&lt;/blockquote&gt;
&lt;blockquote&gt;&lt;p&gt;&lt;/p&gt;&lt;/blockquote&gt;
&lt;blockquote&gt;&lt;p&gt;This addresses bug &lt;a href=&quot;https://issues.apache.org/jira/browse/HIVE-1953&quot; title=&quot;Hive should process comments in CliDriver&quot; class=&quot;issue-link&quot; data-issue-key=&quot;HIVE-1953&quot;&gt;&lt;del&gt;HIVE-1953&lt;/del&gt;&lt;/a&gt;.&lt;/p&gt;&lt;/blockquote&gt;
&lt;blockquote&gt;&lt;p&gt;&lt;a href=&quot;https://issues.apache.org/jira/browse/HIVE-1953&quot; class=&quot;external-link&quot; rel=&quot;nofollow&quot;&gt;https://issues.apache.org/jira/browse/HIVE-1953&lt;/a&gt;&lt;/p&gt;&lt;/blockquote&gt;
&lt;blockquote&gt;&lt;p&gt;&lt;/p&gt;&lt;/blockquote&gt;
&lt;blockquote&gt;&lt;p&gt;&lt;/p&gt;&lt;/blockquote&gt;
&lt;blockquote&gt;&lt;p&gt;Diffs&lt;/p&gt;&lt;/blockquote&gt;
&lt;blockquote&gt;&lt;p&gt;-----&lt;/p&gt;&lt;/blockquote&gt;
&lt;blockquote&gt;&lt;p&gt;&lt;/p&gt;&lt;/blockquote&gt;
&lt;blockquote&gt;&lt;p&gt;cli/src/java/org/apache/hadoop/hive/cli/CliDriver.java a2976b5 &lt;/p&gt;&lt;/blockquote&gt;
&lt;blockquote&gt;&lt;p&gt;&lt;/p&gt;&lt;/blockquote&gt;
&lt;blockquote&gt;&lt;p&gt;Diff: &lt;a href=&quot;https://reviews.apache.org/r/1587/diff&quot; class=&quot;external-link&quot; rel=&quot;nofollow&quot;&gt;https://reviews.apache.org/r/1587/diff&lt;/a&gt;&lt;/p&gt;&lt;/blockquote&gt;
&lt;blockquote&gt;&lt;p&gt;&lt;/p&gt;&lt;/blockquote&gt;
&lt;blockquote&gt;&lt;p&gt;&lt;/p&gt;&lt;/blockquote&gt;
&lt;blockquote&gt;&lt;p&gt;Testing&lt;/p&gt;&lt;/blockquote&gt;
&lt;blockquote&gt;&lt;p&gt;-------&lt;/p&gt;&lt;/blockquote&gt;
&lt;blockquote&gt;&lt;p&gt;&lt;/p&gt;&lt;/blockquote&gt;
&lt;blockquote&gt;&lt;p&gt;tested build, since the test suite goes through driver, adding a query file test case did not work.&lt;/p&gt;&lt;/blockquote&gt;
&lt;blockquote&gt;&lt;p&gt;&lt;/p&gt;&lt;/blockquote&gt;
&lt;blockquote&gt;&lt;p&gt;&lt;/p&gt;&lt;/blockquote&gt;
&lt;blockquote&gt;&lt;p&gt;Thanks,&lt;/p&gt;&lt;/blockquote&gt;
&lt;blockquote&gt;&lt;p&gt;&lt;/p&gt;&lt;/blockquote&gt;
&lt;blockquote&gt;&lt;p&gt;Syed&lt;/p&gt;&lt;/blockquote&gt;
&lt;blockquote&gt;&lt;p&gt;&lt;/p&gt;&lt;/blockquote&gt;
&lt;blockquote&gt;&lt;p&gt;&lt;/p&gt;&lt;/blockquote&gt;
</comment>
                            <comment id="13624001" author="vikram.dixit" created="Fri, 5 Apr 2013 19:54:01 +0000"  >&lt;p&gt;Fixes the comments issue in CliDriver. I have added a test to demonstrate the issue suggested below and find the result to be similar to what mysql produces.&lt;/p&gt;</comment>
                            <comment id="13624557" author="ashutoshc" created="Sun, 7 Apr 2013 00:48:25 +0000"  >&lt;p&gt;&lt;a href=&quot;https://issues.apache.org/jira/secure/ViewProfile.jspa?name=vikram.dixit&quot; class=&quot;user-hover&quot; rel=&quot;vikram.dixit&quot;&gt;Vikram Dixit K&lt;/a&gt; Can you create a phabricator / RB entry for the patch ?&lt;/p&gt;</comment>
                            <comment id="13626046" author="vikram.dixit" created="Tue, 9 Apr 2013 00:53:23 +0000"  >&lt;p&gt;Fixes to play well with more styles.&lt;/p&gt;</comment>
                            <comment id="13626050" author="vikram.dixit" created="Tue, 9 Apr 2013 00:59:03 +0000"  >&lt;p&gt;review board request.&lt;/p&gt;

&lt;p&gt;&lt;a href=&quot;https://reviews.apache.org/r/10330/&quot; class=&quot;external-link&quot; rel=&quot;nofollow&quot;&gt;https://reviews.apache.org/r/10330/&lt;/a&gt;&lt;/p&gt;

&lt;p&gt;Kindly let me know comments and feedback.&lt;/p&gt;

&lt;p&gt;Thanks&lt;br/&gt;
Vikram.&lt;/p&gt;</comment>
                            <comment id="13626235" author="vikram.dixit" created="Tue, 9 Apr 2013 05:10:30 +0000"  >&lt;p&gt;Addressed comments.&lt;/p&gt;

&lt;p&gt;Thanks&lt;br/&gt;
Vikram.&lt;/p&gt;</comment>
                            <comment id="13626244" author="navis" created="Tue, 9 Apr 2013 05:28:02 +0000"  >&lt;p&gt;Lastly, could you add a newline in test file? Lint will complain about it.&lt;/p&gt;</comment>
                            <comment id="13626259" author="navis" created="Tue, 9 Apr 2013 05:46:20 +0000"  >&lt;p&gt;Committed. Thanks, Vikram&lt;/p&gt;</comment>
                            <comment id="13626267" author="vikram.dixit" created="Tue, 9 Apr 2013 06:02:14 +0000"  >&lt;p&gt;Hi Navis,&lt;/p&gt;

&lt;p&gt;I had mentioned when I uploaded the patch that the unit tests needed to be&lt;br/&gt;
run with -Doverwrite=true before commit. I had not attached the results for&lt;br/&gt;
all the tests. Luckily, however have the results. Attaching them as well.&lt;br/&gt;
This needs to go in as well. Basically the tests have some extraneous&lt;br/&gt;
comments in the prehook/post hook appearing in the output.&lt;/p&gt;

&lt;p&gt;+ Vikram.&lt;/p&gt;






&lt;p&gt;&amp;#8211; &lt;br/&gt;
Nothing better than when appreciated for hard work.&lt;br/&gt;
-Mark&lt;/p&gt;</comment>
                            <comment id="13626268" author="vikram.dixit" created="Tue, 9 Apr 2013 06:03:18 +0000"  >&lt;p&gt;Hi &lt;a href=&quot;https://issues.apache.org/jira/secure/ViewProfile.jspa?name=navis&quot; class=&quot;user-hover&quot; rel=&quot;navis&quot;&gt;Navis&lt;/a&gt;&lt;/p&gt;

&lt;p&gt;I had mentioned in the review board request that the patch needs to be run with -Doverwrite=true for tests affected by this change. Luckily, I had a full run of the tests but hadn&apos;t uploaded them for concern that the tests are a moving target and the suite of tests can be run before commit with -Doverwrite=true. I am attaching the outputs of these tests here for commit as well since they cleanly apply against trunk.&lt;/p&gt;

&lt;p&gt;Thanks&lt;br/&gt;
Vikram.&lt;/p&gt;</comment>
                            <comment id="13626279" author="navis" created="Tue, 9 Apr 2013 06:17:04 +0000"  >&lt;p&gt;Regretfully I forgot that test is running via Driver. Running all tests changed in these two days.&lt;/p&gt;</comment>
                            <comment id="13626295" author="navis" created="Tue, 9 Apr 2013 06:33:42 +0000"  >&lt;p&gt;Committed, I should be more careful.&lt;/p&gt;</comment>
                            <comment id="13626714" author="namit" created="Tue, 9 Apr 2013 15:26:56 +0000"  >&lt;p&gt;&lt;a href=&quot;https://issues.apache.org/jira/secure/ViewProfile.jspa?name=navis&quot; class=&quot;user-hover&quot; rel=&quot;navis&quot;&gt;Navis&lt;/a&gt;, are a lot of tests failing due to this ?&lt;/p&gt;</comment>
                            <comment id="13626936" author="hudson" created="Tue, 9 Apr 2013 18:44:28 +0000"  >&lt;p&gt;Integrated in Hive-trunk-h0.21 #2053 (See &lt;a href=&quot;https://builds.apache.org/job/Hive-trunk-h0.21/2053/&quot; class=&quot;external-link&quot; rel=&quot;nofollow&quot;&gt;https://builds.apache.org/job/Hive-trunk-h0.21/2053/&lt;/a&gt;)&lt;br/&gt;
    Missing test results from &lt;a href=&quot;https://issues.apache.org/jira/browse/HIVE-1953&quot; title=&quot;Hive should process comments in CliDriver&quot; class=&quot;issue-link&quot; data-issue-key=&quot;HIVE-1953&quot;&gt;&lt;del&gt;HIVE-1953&lt;/del&gt;&lt;/a&gt; (Vikram Dixit K via Navis) (Revision 1465903)&lt;br/&gt;
&lt;a href=&quot;https://issues.apache.org/jira/browse/HIVE-1953&quot; title=&quot;Hive should process comments in CliDriver&quot; class=&quot;issue-link&quot; data-issue-key=&quot;HIVE-1953&quot;&gt;&lt;del&gt;HIVE-1953&lt;/del&gt;&lt;/a&gt; Hive should process comments in CliDriver (Vikram Dixit K via Navis) (Revision 1465890)&lt;/p&gt;

&lt;p&gt;     Result = FAILURE&lt;br/&gt;
navis : &lt;a href=&quot;http://svn.apache.org/viewcvs.cgi/?root=Apache-SVN&amp;amp;view=rev&amp;amp;rev=1465903&quot; class=&quot;external-link&quot; rel=&quot;nofollow&quot;&gt;http://svn.apache.org/viewcvs.cgi/?root=Apache-SVN&amp;amp;view=rev&amp;amp;rev=1465903&lt;/a&gt;&lt;br/&gt;
Files : &lt;/p&gt;
&lt;ul&gt;
	&lt;li&gt;/hive/trunk/ql/src/test/queries/clientpositive/alter_table_serde.q&lt;/li&gt;
	&lt;li&gt;/hive/trunk/ql/src/test/results/clientpositive/add_part_exist.q.out&lt;/li&gt;
	&lt;li&gt;/hive/trunk/ql/src/test/results/clientpositive/add_partition_no_whitelist.q.out&lt;/li&gt;
	&lt;li&gt;/hive/trunk/ql/src/test/results/clientpositive/add_partition_with_whitelist.q.out&lt;/li&gt;
	&lt;li&gt;/hive/trunk/ql/src/test/results/clientpositive/alias_casted_column.q.out&lt;/li&gt;
	&lt;li&gt;/hive/trunk/ql/src/test/results/clientpositive/allcolref_in_udf.q.out&lt;/li&gt;
	&lt;li&gt;/hive/trunk/ql/src/test/results/clientpositive/alter1.q.out&lt;/li&gt;
	&lt;li&gt;/hive/trunk/ql/src/test/results/clientpositive/alter2.q.out&lt;/li&gt;
	&lt;li&gt;/hive/trunk/ql/src/test/results/clientpositive/alter3.q.out&lt;/li&gt;
	&lt;li&gt;/hive/trunk/ql/src/test/results/clientpositive/alter4.q.out&lt;/li&gt;
	&lt;li&gt;/hive/trunk/ql/src/test/results/clientpositive/alter5.q.out&lt;/li&gt;
	&lt;li&gt;/hive/trunk/ql/src/test/results/clientpositive/alter_numbuckets_partitioned_table.q.out&lt;/li&gt;
	&lt;li&gt;/hive/trunk/ql/src/test/results/clientpositive/alter_numbuckets_partitioned_table2.q.out&lt;/li&gt;
	&lt;li&gt;/hive/trunk/ql/src/test/results/clientpositive/alter_partition_clusterby_sortby.q.out&lt;/li&gt;
	&lt;li&gt;/hive/trunk/ql/src/test/results/clientpositive/alter_partition_coltype.q.out&lt;/li&gt;
	&lt;li&gt;/hive/trunk/ql/src/test/results/clientpositive/alter_partition_protect_mode.q.out&lt;/li&gt;
	&lt;li&gt;/hive/trunk/ql/src/test/results/clientpositive/alter_partition_with_whitelist.q.out&lt;/li&gt;
	&lt;li&gt;/hive/trunk/ql/src/test/results/clientpositive/alter_rename_partition.q.out&lt;/li&gt;
	&lt;li&gt;/hive/trunk/ql/src/test/results/clientpositive/alter_rename_partition_authorization.q.out&lt;/li&gt;
	&lt;li&gt;/hive/trunk/ql/src/test/results/clientpositive/alter_table_serde.q.out&lt;/li&gt;
	&lt;li&gt;/hive/trunk/ql/src/test/results/clientpositive/alter_table_serde2.q.out&lt;/li&gt;
	&lt;li&gt;/hive/trunk/ql/src/test/results/clientpositive/ambiguous_col.q.out&lt;/li&gt;
	&lt;li&gt;/hive/trunk/ql/src/test/results/clientpositive/archive_multi.q.out&lt;/li&gt;
	&lt;li&gt;/hive/trunk/ql/src/test/results/clientpositive/authorization_1.q.out&lt;/li&gt;
	&lt;li&gt;/hive/trunk/ql/src/test/results/clientpositive/authorization_2.q.out&lt;/li&gt;
	&lt;li&gt;/hive/trunk/ql/src/test/results/clientpositive/authorization_3.q.out&lt;/li&gt;
	&lt;li&gt;/hive/trunk/ql/src/test/results/clientpositive/authorization_4.q.out&lt;/li&gt;
	&lt;li&gt;/hive/trunk/ql/src/test/results/clientpositive/authorization_5.q.out&lt;/li&gt;
	&lt;li&gt;/hive/trunk/ql/src/test/results/clientpositive/authorization_6.q.out&lt;/li&gt;
	&lt;li&gt;/hive/trunk/ql/src/test/results/clientpositive/auto_join14_hadoop20.q.out&lt;/li&gt;
	&lt;li&gt;/hive/trunk/ql/src/test/results/clientpositive/auto_join25.q.out&lt;/li&gt;
	&lt;li&gt;/hive/trunk/ql/src/test/results/clientpositive/auto_smb_mapjoin_14.q.out&lt;/li&gt;
	&lt;li&gt;/hive/trunk/ql/src/test/results/clientpositive/auto_sortmerge_join_1.q.out&lt;/li&gt;
	&lt;li&gt;/hive/trunk/ql/src/test/results/clientpositive/auto_sortmerge_join_10.q.out&lt;/li&gt;
	&lt;li&gt;/hive/trunk/ql/src/test/results/clientpositive/auto_sortmerge_join_2.q.out&lt;/li&gt;
	&lt;li&gt;/hive/trunk/ql/src/test/results/clientpositive/auto_sortmerge_join_3.q.out&lt;/li&gt;
	&lt;li&gt;/hive/trunk/ql/src/test/results/clientpositive/auto_sortmerge_join_4.q.out&lt;/li&gt;
	&lt;li&gt;/hive/trunk/ql/src/test/results/clientpositive/auto_sortmerge_join_5.q.out&lt;/li&gt;
	&lt;li&gt;/hive/trunk/ql/src/test/results/clientpositive/auto_sortmerge_join_6.q.out&lt;/li&gt;
	&lt;li&gt;/hive/trunk/ql/src/test/results/clientpositive/auto_sortmerge_join_7.q.out&lt;/li&gt;
	&lt;li&gt;/hive/trunk/ql/src/test/results/clientpositive/auto_sortmerge_join_8.q.out&lt;/li&gt;
	&lt;li&gt;/hive/trunk/ql/src/test/results/clientpositive/auto_sortmerge_join_9.q.out&lt;/li&gt;
	&lt;li&gt;/hive/trunk/ql/src/test/results/clientpositive/autogen_colalias.q.out&lt;/li&gt;
	&lt;li&gt;/hive/trunk/ql/src/test/results/clientpositive/avro_change_schema.q.out&lt;/li&gt;
	&lt;li&gt;/hive/trunk/ql/src/test/results/clientpositive/avro_compression_enabled.q.out&lt;/li&gt;
	&lt;li&gt;/hive/trunk/ql/src/test/results/clientpositive/avro_evolved_schemas.q.out&lt;/li&gt;
	&lt;li&gt;/hive/trunk/ql/src/test/results/clientpositive/avro_joins.q.out&lt;/li&gt;
	&lt;li&gt;/hive/trunk/ql/src/test/results/clientpositive/avro_nullable_fields.q.out&lt;/li&gt;
	&lt;li&gt;/hive/trunk/ql/src/test/results/clientpositive/avro_sanity_test.q.out&lt;/li&gt;
	&lt;li&gt;/hive/trunk/ql/src/test/results/clientpositive/avro_schema_error_message.q.out&lt;/li&gt;
	&lt;li&gt;/hive/trunk/ql/src/test/results/clientpositive/ba_table1.q.out&lt;/li&gt;
	&lt;li&gt;/hive/trunk/ql/src/test/results/clientpositive/ba_table2.q.out&lt;/li&gt;
	&lt;li&gt;/hive/trunk/ql/src/test/results/clientpositive/ba_table3.q.out&lt;/li&gt;
	&lt;li&gt;/hive/trunk/ql/src/test/results/clientpositive/ba_table_udfs.q.out&lt;/li&gt;
	&lt;li&gt;/hive/trunk/ql/src/test/results/clientpositive/ba_table_union.q.out&lt;/li&gt;
	&lt;li&gt;/hive/trunk/ql/src/test/results/clientpositive/binary_output_format.q.out&lt;/li&gt;
	&lt;li&gt;/hive/trunk/ql/src/test/results/clientpositive/binary_table_bincolserde.q.out&lt;/li&gt;
	&lt;li&gt;/hive/trunk/ql/src/test/results/clientpositive/binary_table_colserde.q.out&lt;/li&gt;
	&lt;li&gt;/hive/trunk/ql/src/test/results/clientpositive/bucket_groupby.q.out&lt;/li&gt;
	&lt;li&gt;/hive/trunk/ql/src/test/results/clientpositive/bucket_map_join_1.q.out&lt;/li&gt;
	&lt;li&gt;/hive/trunk/ql/src/test/results/clientpositive/bucket_map_join_2.q.out&lt;/li&gt;
	&lt;li&gt;/hive/trunk/ql/src/test/results/clientpositive/bucketcontext_1.q.out&lt;/li&gt;
	&lt;li&gt;/hive/trunk/ql/src/test/results/clientpositive/bucketcontext_2.q.out&lt;/li&gt;
	&lt;li&gt;/hive/trunk/ql/src/test/results/clientpositive/bucketcontext_3.q.out&lt;/li&gt;
	&lt;li&gt;/hive/trunk/ql/src/test/results/clientpositive/bucketcontext_4.q.out&lt;/li&gt;
	&lt;li&gt;/hive/trunk/ql/src/test/results/clientpositive/bucketcontext_5.q.out&lt;/li&gt;
	&lt;li&gt;/hive/trunk/ql/src/test/results/clientpositive/bucketcontext_6.q.out&lt;/li&gt;
	&lt;li&gt;/hive/trunk/ql/src/test/results/clientpositive/bucketcontext_7.q.out&lt;/li&gt;
	&lt;li&gt;/hive/trunk/ql/src/test/results/clientpositive/bucketcontext_8.q.out&lt;/li&gt;
	&lt;li&gt;/hive/trunk/ql/src/test/results/clientpositive/bucketmapjoin1.q.out&lt;/li&gt;
	&lt;li&gt;/hive/trunk/ql/src/test/results/clientpositive/bucketmapjoin10.q.out&lt;/li&gt;
	&lt;li&gt;/hive/trunk/ql/src/test/results/clientpositive/bucketmapjoin11.q.out&lt;/li&gt;
	&lt;li&gt;/hive/trunk/ql/src/test/results/clientpositive/bucketmapjoin12.q.out&lt;/li&gt;
	&lt;li&gt;/hive/trunk/ql/src/test/results/clientpositive/bucketmapjoin13.q.out&lt;/li&gt;
	&lt;li&gt;/hive/trunk/ql/src/test/results/clientpositive/bucketmapjoin2.q.out&lt;/li&gt;
	&lt;li&gt;/hive/trunk/ql/src/test/results/clientpositive/bucketmapjoin8.q.out&lt;/li&gt;
	&lt;li&gt;/hive/trunk/ql/src/test/results/clientpositive/bucketmapjoin9.q.out&lt;/li&gt;
	&lt;li&gt;/hive/trunk/ql/src/test/results/clientpositive/bucketmapjoin_negative3.q.out&lt;/li&gt;
	&lt;li&gt;/hive/trunk/ql/src/test/results/clientpositive/column_access_stats.q.out&lt;/li&gt;
	&lt;li&gt;/hive/trunk/ql/src/test/results/clientpositive/combine2_hadoop20.q.out&lt;/li&gt;
	&lt;li&gt;/hive/trunk/ql/src/test/results/clientpositive/compute_stats_binary.q.out&lt;/li&gt;
	&lt;li&gt;/hive/trunk/ql/src/test/results/clientpositive/compute_stats_boolean.q.out&lt;/li&gt;
	&lt;li&gt;/hive/trunk/ql/src/test/results/clientpositive/compute_stats_double.q.out&lt;/li&gt;
	&lt;li&gt;/hive/trunk/ql/src/test/results/clientpositive/compute_stats_empty_table.q.out&lt;/li&gt;
	&lt;li&gt;/hive/trunk/ql/src/test/results/clientpositive/compute_stats_long.q.out&lt;/li&gt;
	&lt;li&gt;/hive/trunk/ql/src/test/results/clientpositive/compute_stats_string.q.out&lt;/li&gt;
	&lt;li&gt;/hive/trunk/ql/src/test/results/clientpositive/convert_enum_to_string.q.out&lt;/li&gt;
	&lt;li&gt;/hive/trunk/ql/src/test/results/clientpositive/create_alter_list_bucketing_table1.q.out&lt;/li&gt;
	&lt;li&gt;/hive/trunk/ql/src/test/results/clientpositive/create_big_view.q.out&lt;/li&gt;
	&lt;li&gt;/hive/trunk/ql/src/test/results/clientpositive/create_like2.q.out&lt;/li&gt;
	&lt;li&gt;/hive/trunk/ql/src/test/results/clientpositive/create_like_tbl_props.q.out&lt;/li&gt;
	&lt;li&gt;/hive/trunk/ql/src/test/results/clientpositive/create_like_view.q.out&lt;/li&gt;
	&lt;li&gt;/hive/trunk/ql/src/test/results/clientpositive/create_or_replace_view.q.out&lt;/li&gt;
	&lt;li&gt;/hive/trunk/ql/src/test/results/clientpositive/create_view.q.out&lt;/li&gt;
	&lt;li&gt;/hive/trunk/ql/src/test/results/clientpositive/create_view_partitioned.q.out&lt;/li&gt;
	&lt;li&gt;/hive/trunk/ql/src/test/results/clientpositive/cross_join.q.out&lt;/li&gt;
	&lt;li&gt;/hive/trunk/ql/src/test/results/clientpositive/ctas_hadoop20.q.out&lt;/li&gt;
	&lt;li&gt;/hive/trunk/ql/src/test/results/clientpositive/ctas_uses_database_location.q.out&lt;/li&gt;
	&lt;li&gt;/hive/trunk/ql/src/test/results/clientpositive/database.q.out&lt;/li&gt;
	&lt;li&gt;/hive/trunk/ql/src/test/results/clientpositive/database_drop.q.out&lt;/li&gt;
	&lt;li&gt;/hive/trunk/ql/src/test/results/clientpositive/decimal_udf.q.out&lt;/li&gt;
	&lt;li&gt;/hive/trunk/ql/src/test/results/clientpositive/describe_comment_indent.q.out&lt;/li&gt;
	&lt;li&gt;/hive/trunk/ql/src/test/results/clientpositive/describe_pretty.q.out&lt;/li&gt;
	&lt;li&gt;/hive/trunk/ql/src/test/results/clientpositive/describe_syntax.q.out&lt;/li&gt;
	&lt;li&gt;/hive/trunk/ql/src/test/results/clientpositive/describe_xpath.q.out&lt;/li&gt;
	&lt;li&gt;/hive/trunk/ql/src/test/results/clientpositive/diff_part_input_formats.q.out&lt;/li&gt;
	&lt;li&gt;/hive/trunk/ql/src/test/results/clientpositive/driverhook.q.out&lt;/li&gt;
	&lt;li&gt;/hive/trunk/ql/src/test/results/clientpositive/drop_database_removes_partition_dirs.q.out&lt;/li&gt;
	&lt;li&gt;/hive/trunk/ql/src/test/results/clientpositive/drop_index_removes_partition_dirs.q.out&lt;/li&gt;
	&lt;li&gt;/hive/trunk/ql/src/test/results/clientpositive/drop_partitions_ignore_protection.q.out&lt;/li&gt;
	&lt;li&gt;/hive/trunk/ql/src/test/results/clientpositive/drop_table_removes_partition_dirs.q.out&lt;/li&gt;
	&lt;li&gt;/hive/trunk/ql/src/test/results/clientpositive/escape_clusterby1.q.out&lt;/li&gt;
	&lt;li&gt;/hive/trunk/ql/src/test/results/clientpositive/escape_distributeby1.q.out&lt;/li&gt;
	&lt;li&gt;/hive/trunk/ql/src/test/results/clientpositive/escape_orderby1.q.out&lt;/li&gt;
	&lt;li&gt;/hive/trunk/ql/src/test/results/clientpositive/escape_sortby1.q.out&lt;/li&gt;
	&lt;li&gt;/hive/trunk/ql/src/test/results/clientpositive/explain_dependency.q.out&lt;/li&gt;
	&lt;li&gt;/hive/trunk/ql/src/test/results/clientpositive/explain_dependency2.q.out&lt;/li&gt;
	&lt;li&gt;/hive/trunk/ql/src/test/results/clientpositive/global_limit.q.out&lt;/li&gt;
	&lt;li&gt;/hive/trunk/ql/src/test/results/clientpositive/groupby10.q.out&lt;/li&gt;
	&lt;li&gt;/hive/trunk/ql/src/test/results/clientpositive/groupby_distinct_samekey.q.out&lt;/li&gt;
	&lt;li&gt;/hive/trunk/ql/src/test/results/clientpositive/groupby_grouping_sets2.q.out&lt;/li&gt;
	&lt;li&gt;/hive/trunk/ql/src/test/results/clientpositive/groupby_grouping_sets3.q.out&lt;/li&gt;
	&lt;li&gt;/hive/trunk/ql/src/test/results/clientpositive/groupby_grouping_sets4.q.out&lt;/li&gt;
	&lt;li&gt;/hive/trunk/ql/src/test/results/clientpositive/groupby_grouping_sets5.q.out&lt;/li&gt;
	&lt;li&gt;/hive/trunk/ql/src/test/results/clientpositive/groupby_multi_insert_common_distinct.q.out&lt;/li&gt;
	&lt;li&gt;/hive/trunk/ql/src/test/results/clientpositive/groupby_multi_single_reducer3.q.out&lt;/li&gt;
	&lt;li&gt;/hive/trunk/ql/src/test/results/clientpositive/groupby_position.q.out&lt;/li&gt;
	&lt;li&gt;/hive/trunk/ql/src/test/results/clientpositive/groupby_ppd.q.out&lt;/li&gt;
	&lt;li&gt;/hive/trunk/ql/src/test/results/clientpositive/groupby_sort_1.q.out&lt;/li&gt;
	&lt;li&gt;/hive/trunk/ql/src/test/results/clientpositive/groupby_sort_10.q.out&lt;/li&gt;
	&lt;li&gt;/hive/trunk/ql/src/test/results/clientpositive/groupby_sort_2.q.out&lt;/li&gt;
	&lt;li&gt;/hive/trunk/ql/src/test/results/clientpositive/groupby_sort_3.q.out&lt;/li&gt;
	&lt;li&gt;/hive/trunk/ql/src/test/results/clientpositive/groupby_sort_4.q.out&lt;/li&gt;
	&lt;li&gt;/hive/trunk/ql/src/test/results/clientpositive/groupby_sort_5.q.out&lt;/li&gt;
	&lt;li&gt;/hive/trunk/ql/src/test/results/clientpositive/groupby_sort_6.q.out&lt;/li&gt;
	&lt;li&gt;/hive/trunk/ql/src/test/results/clientpositive/groupby_sort_7.q.out&lt;/li&gt;
	&lt;li&gt;/hive/trunk/ql/src/test/results/clientpositive/groupby_sort_8.q.out&lt;/li&gt;
	&lt;li&gt;/hive/trunk/ql/src/test/results/clientpositive/groupby_sort_9.q.out&lt;/li&gt;
	&lt;li&gt;/hive/trunk/ql/src/test/results/clientpositive/groupby_sort_skew_1.q.out&lt;/li&gt;
	&lt;li&gt;/hive/trunk/ql/src/test/results/clientpositive/groupby_sort_test_1.q.out&lt;/li&gt;
	&lt;li&gt;/hive/trunk/ql/src/test/results/clientpositive/hiveprofiler_script0.q.out&lt;/li&gt;
	&lt;li&gt;/hive/trunk/ql/src/test/results/clientpositive/hiveprofiler_union0.q.out&lt;/li&gt;
	&lt;li&gt;/hive/trunk/ql/src/test/results/clientpositive/index_auto.q.out&lt;/li&gt;
	&lt;li&gt;/hive/trunk/ql/src/test/results/clientpositive/index_auto_empty.q.out&lt;/li&gt;
	&lt;li&gt;/hive/trunk/ql/src/test/results/clientpositive/index_auto_file_format.q.out&lt;/li&gt;
	&lt;li&gt;/hive/trunk/ql/src/test/results/clientpositive/index_auto_mult_tables.q.out&lt;/li&gt;
	&lt;li&gt;/hive/trunk/ql/src/test/results/clientpositive/index_auto_mult_tables_compact.q.out&lt;/li&gt;
	&lt;li&gt;/hive/trunk/ql/src/test/results/clientpositive/index_auto_multiple.q.out&lt;/li&gt;
	&lt;li&gt;/hive/trunk/ql/src/test/results/clientpositive/index_auto_partitioned.q.out&lt;/li&gt;
	&lt;li&gt;/hive/trunk/ql/src/test/results/clientpositive/index_auto_self_join.q.out&lt;/li&gt;
	&lt;li&gt;/hive/trunk/ql/src/test/results/clientpositive/index_auto_unused.q.out&lt;/li&gt;
	&lt;li&gt;/hive/trunk/ql/src/test/results/clientpositive/index_auto_update.q.out&lt;/li&gt;
	&lt;li&gt;/hive/trunk/ql/src/test/results/clientpositive/index_bitmap_auto.q.out&lt;/li&gt;
	&lt;li&gt;/hive/trunk/ql/src/test/results/clientpositive/index_bitmap_auto_partitioned.q.out&lt;/li&gt;
	&lt;li&gt;/hive/trunk/ql/src/test/results/clientpositive/index_bitmap_compression.q.out&lt;/li&gt;
	&lt;li&gt;/hive/trunk/ql/src/test/results/clientpositive/index_compression.q.out&lt;/li&gt;
	&lt;li&gt;/hive/trunk/ql/src/test/results/clientpositive/index_stale.q.out&lt;/li&gt;
	&lt;li&gt;/hive/trunk/ql/src/test/results/clientpositive/index_stale_partitioned.q.out&lt;/li&gt;
	&lt;li&gt;/hive/trunk/ql/src/test/results/clientpositive/infer_bucket_sort.q.out&lt;/li&gt;
	&lt;li&gt;/hive/trunk/ql/src/test/results/clientpositive/infer_bucket_sort_convert_join.q.out&lt;/li&gt;
	&lt;li&gt;/hive/trunk/ql/src/test/results/clientpositive/infer_bucket_sort_grouping_operators.q.out&lt;/li&gt;
	&lt;li&gt;/hive/trunk/ql/src/test/results/clientpositive/infer_bucket_sort_multi_insert.q.out&lt;/li&gt;
	&lt;li&gt;/hive/trunk/ql/src/test/results/clientpositive/infer_const_type.q.out&lt;/li&gt;
	&lt;li&gt;/hive/trunk/ql/src/test/results/clientpositive/init_file.q.out&lt;/li&gt;
	&lt;li&gt;/hive/trunk/ql/src/test/results/clientpositive/innerjoin.q.out&lt;/li&gt;
	&lt;li&gt;/hive/trunk/ql/src/test/results/clientpositive/input12_hadoop20.q.out&lt;/li&gt;
	&lt;li&gt;/hive/trunk/ql/src/test/results/clientpositive/input16.q.out&lt;/li&gt;
	&lt;li&gt;/hive/trunk/ql/src/test/results/clientpositive/input39_hadoop20.q.out&lt;/li&gt;
	&lt;li&gt;/hive/trunk/ql/src/test/results/clientpositive/input_part10.q.out&lt;/li&gt;
	&lt;li&gt;/hive/trunk/ql/src/test/results/clientpositive/inputddl4.q.out&lt;/li&gt;
	&lt;li&gt;/hive/trunk/ql/src/test/results/clientpositive/inputddl5.q.out&lt;/li&gt;
	&lt;li&gt;/hive/trunk/ql/src/test/results/clientpositive/inputddl6.q.out&lt;/li&gt;
	&lt;li&gt;/hive/trunk/ql/src/test/results/clientpositive/inputddl7.q.out&lt;/li&gt;
	&lt;li&gt;/hive/trunk/ql/src/test/results/clientpositive/insert1.q.out&lt;/li&gt;
	&lt;li&gt;/hive/trunk/ql/src/test/results/clientpositive/join14_hadoop20.q.out&lt;/li&gt;
	&lt;li&gt;/hive/trunk/ql/src/test/results/clientpositive/join28.q.out&lt;/li&gt;
	&lt;li&gt;/hive/trunk/ql/src/test/results/clientpositive/join29.q.out&lt;/li&gt;
	&lt;li&gt;/hive/trunk/ql/src/test/results/clientpositive/join31.q.out&lt;/li&gt;
	&lt;li&gt;/hive/trunk/ql/src/test/results/clientpositive/join32.q.out&lt;/li&gt;
	&lt;li&gt;/hive/trunk/ql/src/test/results/clientpositive/join33.q.out&lt;/li&gt;
	&lt;li&gt;/hive/trunk/ql/src/test/results/clientpositive/join34.q.out&lt;/li&gt;
	&lt;li&gt;/hive/trunk/ql/src/test/results/clientpositive/join35.q.out&lt;/li&gt;
	&lt;li&gt;/hive/trunk/ql/src/test/results/clientpositive/join41.q.out&lt;/li&gt;
	&lt;li&gt;/hive/trunk/ql/src/test/results/clientpositive/join_filters_overlap.q.out&lt;/li&gt;
	&lt;li&gt;/hive/trunk/ql/src/test/results/clientpositive/join_nullsafe.q.out&lt;/li&gt;
	&lt;li&gt;/hive/trunk/ql/src/test/results/clientpositive/join_vc.q.out&lt;/li&gt;
	&lt;li&gt;/hive/trunk/ql/src/test/results/clientpositive/join_view.q.out&lt;/li&gt;
	&lt;li&gt;/hive/trunk/ql/src/test/results/clientpositive/keyword_1.q.out&lt;/li&gt;
	&lt;li&gt;/hive/trunk/ql/src/test/results/clientpositive/lateral_view.q.out&lt;/li&gt;
	&lt;li&gt;/hive/trunk/ql/src/test/results/clientpositive/lateral_view_cp.q.out&lt;/li&gt;
	&lt;li&gt;/hive/trunk/ql/src/test/results/clientpositive/leadlag.q.out&lt;/li&gt;
	&lt;li&gt;/hive/trunk/ql/src/test/results/clientpositive/leadlag_queries.q.out&lt;/li&gt;
	&lt;li&gt;/hive/trunk/ql/src/test/results/clientpositive/load_dyn_part14.q.out&lt;/li&gt;
	&lt;li&gt;/hive/trunk/ql/src/test/results/clientpositive/mapjoin1.q.out&lt;/li&gt;
	&lt;li&gt;/hive/trunk/ql/src/test/results/clientpositive/mapjoin_mapjoin.q.out&lt;/li&gt;
	&lt;li&gt;/hive/trunk/ql/src/test/results/clientpositive/mapjoin_subquery.q.out&lt;/li&gt;
	&lt;li&gt;/hive/trunk/ql/src/test/results/clientpositive/mapjoin_subquery2.q.out&lt;/li&gt;
	&lt;li&gt;/hive/trunk/ql/src/test/results/clientpositive/merge_dynamic_partition4.q.out&lt;/li&gt;
	&lt;li&gt;/hive/trunk/ql/src/test/results/clientpositive/merge_dynamic_partition5.q.out&lt;/li&gt;
	&lt;li&gt;/hive/trunk/ql/src/test/results/clientpositive/mergejoins_mixed.q.out&lt;/li&gt;
	&lt;li&gt;/hive/trunk/ql/src/test/results/clientpositive/metadataonly1.q.out&lt;/li&gt;
	&lt;li&gt;/hive/trunk/ql/src/test/results/clientpositive/multiMapJoin1.q.out&lt;/li&gt;
	&lt;li&gt;/hive/trunk/ql/src/test/results/clientpositive/nomore_ambiguous_table_col.q.out&lt;/li&gt;
	&lt;li&gt;/hive/trunk/ql/src/test/results/clientpositive/nonblock_op_deduplicate.q.out&lt;/li&gt;
	&lt;li&gt;/hive/trunk/ql/src/test/results/clientpositive/nonmr_fetch.q.out&lt;/li&gt;
	&lt;li&gt;/hive/trunk/ql/src/test/results/clientpositive/orc_empty_strings.q.out&lt;/li&gt;
	&lt;li&gt;/hive/trunk/ql/src/test/results/clientpositive/part_inherit_tbl_props.q.out&lt;/li&gt;
	&lt;li&gt;/hive/trunk/ql/src/test/results/clientpositive/part_inherit_tbl_props_with_star.q.out&lt;/li&gt;
	&lt;li&gt;/hive/trunk/ql/src/test/results/clientpositive/partition_wise_fileformat10.q.out&lt;/li&gt;
	&lt;li&gt;/hive/trunk/ql/src/test/results/clientpositive/partition_wise_fileformat11.q.out&lt;/li&gt;
	&lt;li&gt;/hive/trunk/ql/src/test/results/clientpositive/partition_wise_fileformat12.q.out&lt;/li&gt;
	&lt;li&gt;/hive/trunk/ql/src/test/results/clientpositive/partition_wise_fileformat13.q.out&lt;/li&gt;
	&lt;li&gt;/hive/trunk/ql/src/test/results/clientpositive/partition_wise_fileformat14.q.out&lt;/li&gt;
	&lt;li&gt;/hive/trunk/ql/src/test/results/clientpositive/partition_wise_fileformat15.q.out&lt;/li&gt;
	&lt;li&gt;/hive/trunk/ql/src/test/results/clientpositive/partition_wise_fileformat16.q.out&lt;/li&gt;
	&lt;li&gt;/hive/trunk/ql/src/test/results/clientpositive/partition_wise_fileformat8.q.out&lt;/li&gt;
	&lt;li&gt;/hive/trunk/ql/src/test/results/clientpositive/partition_wise_fileformat9.q.out&lt;/li&gt;
	&lt;li&gt;/hive/trunk/ql/src/test/results/clientpositive/plan_json.q.out&lt;/li&gt;
	&lt;li&gt;/hive/trunk/ql/src/test/results/clientpositive/ppd_constant_where.q.out&lt;/li&gt;
	&lt;li&gt;/hive/trunk/ql/src/test/results/clientpositive/ppd_repeated_alias.q.out&lt;/li&gt;
	&lt;li&gt;/hive/trunk/ql/src/test/results/clientpositive/ppd_union_view.q.out&lt;/li&gt;
	&lt;li&gt;/hive/trunk/ql/src/test/results/clientpositive/protectmode.q.out&lt;/li&gt;
	&lt;li&gt;/hive/trunk/ql/src/test/results/clientpositive/ptf.q.out&lt;/li&gt;
	&lt;li&gt;/hive/trunk/ql/src/test/results/clientpositive/ptf_decimal.q.out&lt;/li&gt;
	&lt;li&gt;/hive/trunk/ql/src/test/results/clientpositive/ptf_general_queries.q.out&lt;/li&gt;
	&lt;li&gt;/hive/trunk/ql/src/test/results/clientpositive/ptf_npath.q.out&lt;/li&gt;
	&lt;li&gt;/hive/trunk/ql/src/test/results/clientpositive/ptf_rcfile.q.out&lt;/li&gt;
	&lt;li&gt;/hive/trunk/ql/src/test/results/clientpositive/ptf_seqfile.q.out&lt;/li&gt;
	&lt;li&gt;/hive/trunk/ql/src/test/results/clientpositive/rand_partitionpruner1.q.out&lt;/li&gt;
	&lt;li&gt;/hive/trunk/ql/src/test/results/clientpositive/rand_partitionpruner2.q.out&lt;/li&gt;
	&lt;li&gt;/hive/trunk/ql/src/test/results/clientpositive/rand_partitionpruner3.q.out&lt;/li&gt;
	&lt;li&gt;/hive/trunk/ql/src/test/results/clientpositive/rcfile_merge1.q.out&lt;/li&gt;
	&lt;li&gt;/hive/trunk/ql/src/test/results/clientpositive/reducesink_dedup.q.out&lt;/li&gt;
	&lt;li&gt;/hive/trunk/ql/src/test/results/clientpositive/rename_column.q.out&lt;/li&gt;
	&lt;li&gt;/hive/trunk/ql/src/test/results/clientpositive/rename_partition_location.q.out&lt;/li&gt;
	&lt;li&gt;/hive/trunk/ql/src/test/results/clientpositive/rename_table_location.q.out&lt;/li&gt;
	&lt;li&gt;/hive/trunk/ql/src/test/results/clientpositive/sample1.q.out&lt;/li&gt;
	&lt;li&gt;/hive/trunk/ql/src/test/results/clientpositive/sample10.q.out&lt;/li&gt;
	&lt;li&gt;/hive/trunk/ql/src/test/results/clientpositive/sample2.q.out&lt;/li&gt;
	&lt;li&gt;/hive/trunk/ql/src/test/results/clientpositive/sample3.q.out&lt;/li&gt;
	&lt;li&gt;/hive/trunk/ql/src/test/results/clientpositive/sample4.q.out&lt;/li&gt;
	&lt;li&gt;/hive/trunk/ql/src/test/results/clientpositive/sample5.q.out&lt;/li&gt;
	&lt;li&gt;/hive/trunk/ql/src/test/results/clientpositive/sample6.q.out&lt;/li&gt;
	&lt;li&gt;/hive/trunk/ql/src/test/results/clientpositive/sample7.q.out&lt;/li&gt;
	&lt;li&gt;/hive/trunk/ql/src/test/results/clientpositive/sample8.q.out&lt;/li&gt;
	&lt;li&gt;/hive/trunk/ql/src/test/results/clientpositive/sample_islocalmode_hook_hadoop20.q.out&lt;/li&gt;
	&lt;li&gt;/hive/trunk/ql/src/test/results/clientpositive/script_env_var1.q.out&lt;/li&gt;
	&lt;li&gt;/hive/trunk/ql/src/test/results/clientpositive/script_env_var2.q.out&lt;/li&gt;
	&lt;li&gt;/hive/trunk/ql/src/test/results/clientpositive/script_pipe.q.out&lt;/li&gt;
	&lt;li&gt;/hive/trunk/ql/src/test/results/clientpositive/semicolon.q.out&lt;/li&gt;
	&lt;li&gt;/hive/trunk/ql/src/test/results/clientpositive/show_columns.q.out&lt;/li&gt;
	&lt;li&gt;/hive/trunk/ql/src/test/results/clientpositive/show_create_table_alter.q.out&lt;/li&gt;
	&lt;li&gt;/hive/trunk/ql/src/test/results/clientpositive/show_create_table_db_table.q.out&lt;/li&gt;
	&lt;li&gt;/hive/trunk/ql/src/test/results/clientpositive/show_create_table_delimited.q.out&lt;/li&gt;
	&lt;li&gt;/hive/trunk/ql/src/test/results/clientpositive/show_create_table_partitioned.q.out&lt;/li&gt;
	&lt;li&gt;/hive/trunk/ql/src/test/results/clientpositive/show_create_table_serde.q.out&lt;/li&gt;
	&lt;li&gt;/hive/trunk/ql/src/test/results/clientpositive/show_create_table_view.q.out&lt;/li&gt;
	&lt;li&gt;/hive/trunk/ql/src/test/results/clientpositive/show_tables.q.out&lt;/li&gt;
	&lt;li&gt;/hive/trunk/ql/src/test/results/clientpositive/skewjoinopt1.q.out&lt;/li&gt;
	&lt;li&gt;/hive/trunk/ql/src/test/results/clientpositive/skewjoinopt10.q.out&lt;/li&gt;
	&lt;li&gt;/hive/trunk/ql/src/test/results/clientpositive/skewjoinopt11.q.out&lt;/li&gt;
	&lt;li&gt;/hive/trunk/ql/src/test/results/clientpositive/skewjoinopt12.q.out&lt;/li&gt;
	&lt;li&gt;/hive/trunk/ql/src/test/results/clientpositive/skewjoinopt13.q.out&lt;/li&gt;
	&lt;li&gt;/hive/trunk/ql/src/test/results/clientpositive/skewjoinopt14.q.out&lt;/li&gt;
	&lt;li&gt;/hive/trunk/ql/src/test/results/clientpositive/skewjoinopt15.q.out&lt;/li&gt;
	&lt;li&gt;/hive/trunk/ql/src/test/results/clientpositive/skewjoinopt16.q.out&lt;/li&gt;
	&lt;li&gt;/hive/trunk/ql/src/test/results/clientpositive/skewjoinopt17.q.out&lt;/li&gt;
	&lt;li&gt;/hive/trunk/ql/src/test/results/clientpositive/skewjoinopt18.q.out&lt;/li&gt;
	&lt;li&gt;/hive/trunk/ql/src/test/results/clientpositive/skewjoinopt19.q.out&lt;/li&gt;
	&lt;li&gt;/hive/trunk/ql/src/test/results/clientpositive/skewjoinopt2.q.out&lt;/li&gt;
	&lt;li&gt;/hive/trunk/ql/src/test/results/clientpositive/skewjoinopt20.q.out&lt;/li&gt;
	&lt;li&gt;/hive/trunk/ql/src/test/results/clientpositive/skewjoinopt3.q.out&lt;/li&gt;
	&lt;li&gt;/hive/trunk/ql/src/test/results/clientpositive/skewjoinopt4.q.out&lt;/li&gt;
	&lt;li&gt;/hive/trunk/ql/src/test/results/clientpositive/skewjoinopt5.q.out&lt;/li&gt;
	&lt;li&gt;/hive/trunk/ql/src/test/results/clientpositive/skewjoinopt6.q.out&lt;/li&gt;
	&lt;li&gt;/hive/trunk/ql/src/test/results/clientpositive/skewjoinopt7.q.out&lt;/li&gt;
	&lt;li&gt;/hive/trunk/ql/src/test/results/clientpositive/skewjoinopt8.q.out&lt;/li&gt;
	&lt;li&gt;/hive/trunk/ql/src/test/results/clientpositive/skewjoinopt9.q.out&lt;/li&gt;
	&lt;li&gt;/hive/trunk/ql/src/test/results/clientpositive/smb_mapjoin9.q.out&lt;/li&gt;
	&lt;li&gt;/hive/trunk/ql/src/test/results/clientpositive/smb_mapjoin_10.q.out&lt;/li&gt;
	&lt;li&gt;/hive/trunk/ql/src/test/results/clientpositive/smb_mapjoin_11.q.out&lt;/li&gt;
	&lt;li&gt;/hive/trunk/ql/src/test/results/clientpositive/smb_mapjoin_12.q.out&lt;/li&gt;
	&lt;li&gt;/hive/trunk/ql/src/test/results/clientpositive/smb_mapjoin_13.q.out&lt;/li&gt;
	&lt;li&gt;/hive/trunk/ql/src/test/results/clientpositive/smb_mapjoin_14.q.out&lt;/li&gt;
	&lt;li&gt;/hive/trunk/ql/src/test/results/clientpositive/smb_mapjoin_15.q.out&lt;/li&gt;
	&lt;li&gt;/hive/trunk/ql/src/test/results/clientpositive/smb_mapjoin_16.q.out&lt;/li&gt;
	&lt;li&gt;/hive/trunk/ql/src/test/results/clientpositive/smb_mapjoin_17.q.out&lt;/li&gt;
	&lt;li&gt;/hive/trunk/ql/src/test/results/clientpositive/smb_mapjoin_18.q.out&lt;/li&gt;
	&lt;li&gt;/hive/trunk/ql/src/test/results/clientpositive/smb_mapjoin_19.q.out&lt;/li&gt;
	&lt;li&gt;/hive/trunk/ql/src/test/results/clientpositive/smb_mapjoin_20.q.out&lt;/li&gt;
	&lt;li&gt;/hive/trunk/ql/src/test/results/clientpositive/smb_mapjoin_21.q.out&lt;/li&gt;
	&lt;li&gt;/hive/trunk/ql/src/test/results/clientpositive/smb_mapjoin_22.q.out&lt;/li&gt;
	&lt;li&gt;/hive/trunk/ql/src/test/results/clientpositive/sort_merge_join_desc_1.q.out&lt;/li&gt;
	&lt;li&gt;/hive/trunk/ql/src/test/results/clientpositive/sort_merge_join_desc_2.q.out&lt;/li&gt;
	&lt;li&gt;/hive/trunk/ql/src/test/results/clientpositive/sort_merge_join_desc_3.q.out&lt;/li&gt;
	&lt;li&gt;/hive/trunk/ql/src/test/results/clientpositive/sort_merge_join_desc_4.q.out&lt;/li&gt;
	&lt;li&gt;/hive/trunk/ql/src/test/results/clientpositive/sort_merge_join_desc_5.q.out&lt;/li&gt;
	&lt;li&gt;/hive/trunk/ql/src/test/results/clientpositive/sort_merge_join_desc_6.q.out&lt;/li&gt;
	&lt;li&gt;/hive/trunk/ql/src/test/results/clientpositive/sort_merge_join_desc_7.q.out&lt;/li&gt;
	&lt;li&gt;/hive/trunk/ql/src/test/results/clientpositive/stats1.q.out&lt;/li&gt;
	&lt;li&gt;/hive/trunk/ql/src/test/results/clientpositive/stats18.q.out&lt;/li&gt;
	&lt;li&gt;/hive/trunk/ql/src/test/results/clientpositive/stats19.q.out&lt;/li&gt;
	&lt;li&gt;/hive/trunk/ql/src/test/results/clientpositive/stats20.q.out&lt;/li&gt;
	&lt;li&gt;/hive/trunk/ql/src/test/results/clientpositive/stats_aggregator_error_1.q.out&lt;/li&gt;
	&lt;li&gt;/hive/trunk/ql/src/test/results/clientpositive/stats_empty_dyn_part.q.out&lt;/li&gt;
	&lt;li&gt;/hive/trunk/ql/src/test/results/clientpositive/stats_empty_partition.q.out&lt;/li&gt;
	&lt;li&gt;/hive/trunk/ql/src/test/results/clientpositive/stats_noscan_1.q.out&lt;/li&gt;
	&lt;li&gt;/hive/trunk/ql/src/test/results/clientpositive/stats_noscan_2.q.out&lt;/li&gt;
	&lt;li&gt;/hive/trunk/ql/src/test/results/clientpositive/stats_partscan_1.q.out&lt;/li&gt;
	&lt;li&gt;/hive/trunk/ql/src/test/results/clientpositive/stats_publisher_error_1.q.out&lt;/li&gt;
	&lt;li&gt;/hive/trunk/ql/src/test/results/clientpositive/table_access_keys_stats.q.out&lt;/li&gt;
	&lt;li&gt;/hive/trunk/ql/src/test/results/clientpositive/timestamp_udf.q.out&lt;/li&gt;
	&lt;li&gt;/hive/trunk/ql/src/test/results/clientpositive/transform2.q.out&lt;/li&gt;
	&lt;li&gt;/hive/trunk/ql/src/test/results/clientpositive/truncate_table.q.out&lt;/li&gt;
	&lt;li&gt;/hive/trunk/ql/src/test/results/clientpositive/type_widening.q.out&lt;/li&gt;
	&lt;li&gt;/hive/trunk/ql/src/test/results/clientpositive/udaf_percentile_approx.q.out&lt;/li&gt;
	&lt;li&gt;/hive/trunk/ql/src/test/results/clientpositive/udf_array_contains.q.out&lt;/li&gt;
	&lt;li&gt;/hive/trunk/ql/src/test/results/clientpositive/udf_bin.q.out&lt;/li&gt;
	&lt;li&gt;/hive/trunk/ql/src/test/results/clientpositive/udf_case.q.out&lt;/li&gt;
	&lt;li&gt;/hive/trunk/ql/src/test/results/clientpositive/udf_concat_ws.q.out&lt;/li&gt;
	&lt;li&gt;/hive/trunk/ql/src/test/results/clientpositive/udf_conv.q.out&lt;/li&gt;
	&lt;li&gt;/hive/trunk/ql/src/test/results/clientpositive/udf_format_number.q.out&lt;/li&gt;
	&lt;li&gt;/hive/trunk/ql/src/test/results/clientpositive/udf_get_json_object.q.out&lt;/li&gt;
	&lt;li&gt;/hive/trunk/ql/src/test/results/clientpositive/udf_hex.q.out&lt;/li&gt;
	&lt;li&gt;/hive/trunk/ql/src/test/results/clientpositive/udf_if.q.out&lt;/li&gt;
	&lt;li&gt;/hive/trunk/ql/src/test/results/clientpositive/udf_java_method.q.out&lt;/li&gt;
	&lt;li&gt;/hive/trunk/ql/src/test/results/clientpositive/udf_length.q.out&lt;/li&gt;
	&lt;li&gt;/hive/trunk/ql/src/test/results/clientpositive/udf_map_keys.q.out&lt;/li&gt;
	&lt;li&gt;/hive/trunk/ql/src/test/results/clientpositive/udf_map_values.q.out&lt;/li&gt;
	&lt;li&gt;/hive/trunk/ql/src/test/results/clientpositive/udf_negative.q.out&lt;/li&gt;
	&lt;li&gt;/hive/trunk/ql/src/test/results/clientpositive/udf_not.q.out&lt;/li&gt;
	&lt;li&gt;/hive/trunk/ql/src/test/results/clientpositive/udf_percentile.q.out&lt;/li&gt;
	&lt;li&gt;/hive/trunk/ql/src/test/results/clientpositive/udf_positive.q.out&lt;/li&gt;
	&lt;li&gt;/hive/trunk/ql/src/test/results/clientpositive/udf_printf.q.out&lt;/li&gt;
	&lt;li&gt;/hive/trunk/ql/src/test/results/clientpositive/udf_reverse.q.out&lt;/li&gt;
	&lt;li&gt;/hive/trunk/ql/src/test/results/clientpositive/udf_round_2.q.out&lt;/li&gt;
	&lt;li&gt;/hive/trunk/ql/src/test/results/clientpositive/udf_round_3.q.out&lt;/li&gt;
	&lt;li&gt;/hive/trunk/ql/src/test/results/clientpositive/udf_sort_array.q.out&lt;/li&gt;
	&lt;li&gt;/hive/trunk/ql/src/test/results/clientpositive/udf_substr.q.out&lt;/li&gt;
	&lt;li&gt;/hive/trunk/ql/src/test/results/clientpositive/udf_substring.q.out&lt;/li&gt;
	&lt;li&gt;/hive/trunk/ql/src/test/results/clientpositive/udf_to_unix_timestamp.q.out&lt;/li&gt;
	&lt;li&gt;/hive/trunk/ql/src/test/results/clientpositive/udf_translate.q.out&lt;/li&gt;
	&lt;li&gt;/hive/trunk/ql/src/test/results/clientpositive/udf_unhex.q.out&lt;/li&gt;
	&lt;li&gt;/hive/trunk/ql/src/test/results/clientpositive/udtf_json_tuple.q.out&lt;/li&gt;
	&lt;li&gt;/hive/trunk/ql/src/test/results/clientpositive/udtf_parse_url_tuple.q.out&lt;/li&gt;
	&lt;li&gt;/hive/trunk/ql/src/test/results/clientpositive/union.q.out&lt;/li&gt;
	&lt;li&gt;/hive/trunk/ql/src/test/results/clientpositive/union10.q.out&lt;/li&gt;
	&lt;li&gt;/hive/trunk/ql/src/test/results/clientpositive/union11.q.out&lt;/li&gt;
	&lt;li&gt;/hive/trunk/ql/src/test/results/clientpositive/union12.q.out&lt;/li&gt;
	&lt;li&gt;/hive/trunk/ql/src/test/results/clientpositive/union13.q.out&lt;/li&gt;
	&lt;li&gt;/hive/trunk/ql/src/test/results/clientpositive/union14.q.out&lt;/li&gt;
	&lt;li&gt;/hive/trunk/ql/src/test/results/clientpositive/union15.q.out&lt;/li&gt;
	&lt;li&gt;/hive/trunk/ql/src/test/results/clientpositive/union17.q.out&lt;/li&gt;
	&lt;li&gt;/hive/trunk/ql/src/test/results/clientpositive/union18.q.out&lt;/li&gt;
	&lt;li&gt;/hive/trunk/ql/src/test/results/clientpositive/union19.q.out&lt;/li&gt;
	&lt;li&gt;/hive/trunk/ql/src/test/results/clientpositive/union2.q.out&lt;/li&gt;
	&lt;li&gt;/hive/trunk/ql/src/test/results/clientpositive/union20.q.out&lt;/li&gt;
	&lt;li&gt;/hive/trunk/ql/src/test/results/clientpositive/union21.q.out&lt;/li&gt;
	&lt;li&gt;/hive/trunk/ql/src/test/results/clientpositive/union22.q.out&lt;/li&gt;
	&lt;li&gt;/hive/trunk/ql/src/test/results/clientpositive/union32.q.out&lt;/li&gt;
	&lt;li&gt;/hive/trunk/ql/src/test/results/clientpositive/union33.q.out&lt;/li&gt;
	&lt;li&gt;/hive/trunk/ql/src/test/results/clientpositive/union4.q.out&lt;/li&gt;
	&lt;li&gt;/hive/trunk/ql/src/test/results/clientpositive/union5.q.out&lt;/li&gt;
	&lt;li&gt;/hive/trunk/ql/src/test/results/clientpositive/union6.q.out&lt;/li&gt;
	&lt;li&gt;/hive/trunk/ql/src/test/results/clientpositive/union7.q.out&lt;/li&gt;
	&lt;li&gt;/hive/trunk/ql/src/test/results/clientpositive/union8.q.out&lt;/li&gt;
	&lt;li&gt;/hive/trunk/ql/src/test/results/clientpositive/union9.q.out&lt;/li&gt;
	&lt;li&gt;/hive/trunk/ql/src/test/results/clientpositive/union_null.q.out&lt;/li&gt;
	&lt;li&gt;/hive/trunk/ql/src/test/results/clientpositive/union_remove_6.q.out&lt;/li&gt;
	&lt;li&gt;/hive/trunk/ql/src/test/results/clientpositive/unset_table_view_property.q.out&lt;/li&gt;
	&lt;li&gt;/hive/trunk/ql/src/test/results/clientpositive/view.q.out&lt;/li&gt;
	&lt;li&gt;/hive/trunk/ql/src/test/results/clientpositive/windowing.q.out&lt;/li&gt;
	&lt;li&gt;/hive/trunk/ql/src/test/results/clientpositive/windowing_columnPruning.q.out&lt;/li&gt;
	&lt;li&gt;/hive/trunk/ql/src/test/results/clientpositive/windowing_expressions.q.out&lt;/li&gt;
	&lt;li&gt;/hive/trunk/ql/src/test/results/clientpositive/windowing_rank.q.out&lt;/li&gt;
&lt;/ul&gt;


&lt;p&gt;navis : &lt;a href=&quot;http://svn.apache.org/viewcvs.cgi/?root=Apache-SVN&amp;amp;view=rev&amp;amp;rev=1465890&quot; class=&quot;external-link&quot; rel=&quot;nofollow&quot;&gt;http://svn.apache.org/viewcvs.cgi/?root=Apache-SVN&amp;amp;view=rev&amp;amp;rev=1465890&lt;/a&gt;&lt;br/&gt;
Files : &lt;/p&gt;
&lt;ul&gt;
	&lt;li&gt;/hive/trunk/cli/src/java/org/apache/hadoop/hive/cli/CliDriver.java&lt;/li&gt;
	&lt;li&gt;/hive/trunk/ql/src/test/queries/clientpositive/comments.q&lt;/li&gt;
	&lt;li&gt;/hive/trunk/ql/src/test/results/clientpositive/comments.q.out&lt;/li&gt;
&lt;/ul&gt;
</comment>
                            <comment id="13627032" author="hudson" created="Tue, 9 Apr 2013 20:15:34 +0000"  >&lt;p&gt;Integrated in Hive-trunk-hadoop2 #148 (See &lt;a href=&quot;https://builds.apache.org/job/Hive-trunk-hadoop2/148/&quot; class=&quot;external-link&quot; rel=&quot;nofollow&quot;&gt;https://builds.apache.org/job/Hive-trunk-hadoop2/148/&lt;/a&gt;)&lt;br/&gt;
    Missing test results from &lt;a href=&quot;https://issues.apache.org/jira/browse/HIVE-1953&quot; title=&quot;Hive should process comments in CliDriver&quot; class=&quot;issue-link&quot; data-issue-key=&quot;HIVE-1953&quot;&gt;&lt;del&gt;HIVE-1953&lt;/del&gt;&lt;/a&gt; (Vikram Dixit K via Navis) (Revision 1465903)&lt;br/&gt;
&lt;a href=&quot;https://issues.apache.org/jira/browse/HIVE-1953&quot; title=&quot;Hive should process comments in CliDriver&quot; class=&quot;issue-link&quot; data-issue-key=&quot;HIVE-1953&quot;&gt;&lt;del&gt;HIVE-1953&lt;/del&gt;&lt;/a&gt; Hive should process comments in CliDriver (Vikram Dixit K via Navis) (Revision 1465890)&lt;/p&gt;

&lt;p&gt;     Result = FAILURE&lt;br/&gt;
navis : &lt;a href=&quot;http://svn.apache.org/viewcvs.cgi/?root=Apache-SVN&amp;amp;view=rev&amp;amp;rev=1465903&quot; class=&quot;external-link&quot; rel=&quot;nofollow&quot;&gt;http://svn.apache.org/viewcvs.cgi/?root=Apache-SVN&amp;amp;view=rev&amp;amp;rev=1465903&lt;/a&gt;&lt;br/&gt;
Files : &lt;/p&gt;
&lt;ul&gt;
	&lt;li&gt;/hive/trunk/ql/src/test/queries/clientpositive/alter_table_serde.q&lt;/li&gt;
	&lt;li&gt;/hive/trunk/ql/src/test/results/clientpositive/add_part_exist.q.out&lt;/li&gt;
	&lt;li&gt;/hive/trunk/ql/src/test/results/clientpositive/add_partition_no_whitelist.q.out&lt;/li&gt;
	&lt;li&gt;/hive/trunk/ql/src/test/results/clientpositive/add_partition_with_whitelist.q.out&lt;/li&gt;
	&lt;li&gt;/hive/trunk/ql/src/test/results/clientpositive/alias_casted_column.q.out&lt;/li&gt;
	&lt;li&gt;/hive/trunk/ql/src/test/results/clientpositive/allcolref_in_udf.q.out&lt;/li&gt;
	&lt;li&gt;/hive/trunk/ql/src/test/results/clientpositive/alter1.q.out&lt;/li&gt;
	&lt;li&gt;/hive/trunk/ql/src/test/results/clientpositive/alter2.q.out&lt;/li&gt;
	&lt;li&gt;/hive/trunk/ql/src/test/results/clientpositive/alter3.q.out&lt;/li&gt;
	&lt;li&gt;/hive/trunk/ql/src/test/results/clientpositive/alter4.q.out&lt;/li&gt;
	&lt;li&gt;/hive/trunk/ql/src/test/results/clientpositive/alter5.q.out&lt;/li&gt;
	&lt;li&gt;/hive/trunk/ql/src/test/results/clientpositive/alter_numbuckets_partitioned_table.q.out&lt;/li&gt;
	&lt;li&gt;/hive/trunk/ql/src/test/results/clientpositive/alter_numbuckets_partitioned_table2.q.out&lt;/li&gt;
	&lt;li&gt;/hive/trunk/ql/src/test/results/clientpositive/alter_partition_clusterby_sortby.q.out&lt;/li&gt;
	&lt;li&gt;/hive/trunk/ql/src/test/results/clientpositive/alter_partition_coltype.q.out&lt;/li&gt;
	&lt;li&gt;/hive/trunk/ql/src/test/results/clientpositive/alter_partition_protect_mode.q.out&lt;/li&gt;
	&lt;li&gt;/hive/trunk/ql/src/test/results/clientpositive/alter_partition_with_whitelist.q.out&lt;/li&gt;
	&lt;li&gt;/hive/trunk/ql/src/test/results/clientpositive/alter_rename_partition.q.out&lt;/li&gt;
	&lt;li&gt;/hive/trunk/ql/src/test/results/clientpositive/alter_rename_partition_authorization.q.out&lt;/li&gt;
	&lt;li&gt;/hive/trunk/ql/src/test/results/clientpositive/alter_table_serde.q.out&lt;/li&gt;
	&lt;li&gt;/hive/trunk/ql/src/test/results/clientpositive/alter_table_serde2.q.out&lt;/li&gt;
	&lt;li&gt;/hive/trunk/ql/src/test/results/clientpositive/ambiguous_col.q.out&lt;/li&gt;
	&lt;li&gt;/hive/trunk/ql/src/test/results/clientpositive/archive_multi.q.out&lt;/li&gt;
	&lt;li&gt;/hive/trunk/ql/src/test/results/clientpositive/authorization_1.q.out&lt;/li&gt;
	&lt;li&gt;/hive/trunk/ql/src/test/results/clientpositive/authorization_2.q.out&lt;/li&gt;
	&lt;li&gt;/hive/trunk/ql/src/test/results/clientpositive/authorization_3.q.out&lt;/li&gt;
	&lt;li&gt;/hive/trunk/ql/src/test/results/clientpositive/authorization_4.q.out&lt;/li&gt;
	&lt;li&gt;/hive/trunk/ql/src/test/results/clientpositive/authorization_5.q.out&lt;/li&gt;
	&lt;li&gt;/hive/trunk/ql/src/test/results/clientpositive/authorization_6.q.out&lt;/li&gt;
	&lt;li&gt;/hive/trunk/ql/src/test/results/clientpositive/auto_join14_hadoop20.q.out&lt;/li&gt;
	&lt;li&gt;/hive/trunk/ql/src/test/results/clientpositive/auto_join25.q.out&lt;/li&gt;
	&lt;li&gt;/hive/trunk/ql/src/test/results/clientpositive/auto_smb_mapjoin_14.q.out&lt;/li&gt;
	&lt;li&gt;/hive/trunk/ql/src/test/results/clientpositive/auto_sortmerge_join_1.q.out&lt;/li&gt;
	&lt;li&gt;/hive/trunk/ql/src/test/results/clientpositive/auto_sortmerge_join_10.q.out&lt;/li&gt;
	&lt;li&gt;/hive/trunk/ql/src/test/results/clientpositive/auto_sortmerge_join_2.q.out&lt;/li&gt;
	&lt;li&gt;/hive/trunk/ql/src/test/results/clientpositive/auto_sortmerge_join_3.q.out&lt;/li&gt;
	&lt;li&gt;/hive/trunk/ql/src/test/results/clientpositive/auto_sortmerge_join_4.q.out&lt;/li&gt;
	&lt;li&gt;/hive/trunk/ql/src/test/results/clientpositive/auto_sortmerge_join_5.q.out&lt;/li&gt;
	&lt;li&gt;/hive/trunk/ql/src/test/results/clientpositive/auto_sortmerge_join_6.q.out&lt;/li&gt;
	&lt;li&gt;/hive/trunk/ql/src/test/results/clientpositive/auto_sortmerge_join_7.q.out&lt;/li&gt;
	&lt;li&gt;/hive/trunk/ql/src/test/results/clientpositive/auto_sortmerge_join_8.q.out&lt;/li&gt;
	&lt;li&gt;/hive/trunk/ql/src/test/results/clientpositive/auto_sortmerge_join_9.q.out&lt;/li&gt;
	&lt;li&gt;/hive/trunk/ql/src/test/results/clientpositive/autogen_colalias.q.out&lt;/li&gt;
	&lt;li&gt;/hive/trunk/ql/src/test/results/clientpositive/avro_change_schema.q.out&lt;/li&gt;
	&lt;li&gt;/hive/trunk/ql/src/test/results/clientpositive/avro_compression_enabled.q.out&lt;/li&gt;
	&lt;li&gt;/hive/trunk/ql/src/test/results/clientpositive/avro_evolved_schemas.q.out&lt;/li&gt;
	&lt;li&gt;/hive/trunk/ql/src/test/results/clientpositive/avro_joins.q.out&lt;/li&gt;
	&lt;li&gt;/hive/trunk/ql/src/test/results/clientpositive/avro_nullable_fields.q.out&lt;/li&gt;
	&lt;li&gt;/hive/trunk/ql/src/test/results/clientpositive/avro_sanity_test.q.out&lt;/li&gt;
	&lt;li&gt;/hive/trunk/ql/src/test/results/clientpositive/avro_schema_error_message.q.out&lt;/li&gt;
	&lt;li&gt;/hive/trunk/ql/src/test/results/clientpositive/ba_table1.q.out&lt;/li&gt;
	&lt;li&gt;/hive/trunk/ql/src/test/results/clientpositive/ba_table2.q.out&lt;/li&gt;
	&lt;li&gt;/hive/trunk/ql/src/test/results/clientpositive/ba_table3.q.out&lt;/li&gt;
	&lt;li&gt;/hive/trunk/ql/src/test/results/clientpositive/ba_table_udfs.q.out&lt;/li&gt;
	&lt;li&gt;/hive/trunk/ql/src/test/results/clientpositive/ba_table_union.q.out&lt;/li&gt;
	&lt;li&gt;/hive/trunk/ql/src/test/results/clientpositive/binary_output_format.q.out&lt;/li&gt;
	&lt;li&gt;/hive/trunk/ql/src/test/results/clientpositive/binary_table_bincolserde.q.out&lt;/li&gt;
	&lt;li&gt;/hive/trunk/ql/src/test/results/clientpositive/binary_table_colserde.q.out&lt;/li&gt;
	&lt;li&gt;/hive/trunk/ql/src/test/results/clientpositive/bucket_groupby.q.out&lt;/li&gt;
	&lt;li&gt;/hive/trunk/ql/src/test/results/clientpositive/bucket_map_join_1.q.out&lt;/li&gt;
	&lt;li&gt;/hive/trunk/ql/src/test/results/clientpositive/bucket_map_join_2.q.out&lt;/li&gt;
	&lt;li&gt;/hive/trunk/ql/src/test/results/clientpositive/bucketcontext_1.q.out&lt;/li&gt;
	&lt;li&gt;/hive/trunk/ql/src/test/results/clientpositive/bucketcontext_2.q.out&lt;/li&gt;
	&lt;li&gt;/hive/trunk/ql/src/test/results/clientpositive/bucketcontext_3.q.out&lt;/li&gt;
	&lt;li&gt;/hive/trunk/ql/src/test/results/clientpositive/bucketcontext_4.q.out&lt;/li&gt;
	&lt;li&gt;/hive/trunk/ql/src/test/results/clientpositive/bucketcontext_5.q.out&lt;/li&gt;
	&lt;li&gt;/hive/trunk/ql/src/test/results/clientpositive/bucketcontext_6.q.out&lt;/li&gt;
	&lt;li&gt;/hive/trunk/ql/src/test/results/clientpositive/bucketcontext_7.q.out&lt;/li&gt;
	&lt;li&gt;/hive/trunk/ql/src/test/results/clientpositive/bucketcontext_8.q.out&lt;/li&gt;
	&lt;li&gt;/hive/trunk/ql/src/test/results/clientpositive/bucketmapjoin1.q.out&lt;/li&gt;
	&lt;li&gt;/hive/trunk/ql/src/test/results/clientpositive/bucketmapjoin10.q.out&lt;/li&gt;
	&lt;li&gt;/hive/trunk/ql/src/test/results/clientpositive/bucketmapjoin11.q.out&lt;/li&gt;
	&lt;li&gt;/hive/trunk/ql/src/test/results/clientpositive/bucketmapjoin12.q.out&lt;/li&gt;
	&lt;li&gt;/hive/trunk/ql/src/test/results/clientpositive/bucketmapjoin13.q.out&lt;/li&gt;
	&lt;li&gt;/hive/trunk/ql/src/test/results/clientpositive/bucketmapjoin2.q.out&lt;/li&gt;
	&lt;li&gt;/hive/trunk/ql/src/test/results/clientpositive/bucketmapjoin8.q.out&lt;/li&gt;
	&lt;li&gt;/hive/trunk/ql/src/test/results/clientpositive/bucketmapjoin9.q.out&lt;/li&gt;
	&lt;li&gt;/hive/trunk/ql/src/test/results/clientpositive/bucketmapjoin_negative3.q.out&lt;/li&gt;
	&lt;li&gt;/hive/trunk/ql/src/test/results/clientpositive/column_access_stats.q.out&lt;/li&gt;
	&lt;li&gt;/hive/trunk/ql/src/test/results/clientpositive/combine2_hadoop20.q.out&lt;/li&gt;
	&lt;li&gt;/hive/trunk/ql/src/test/results/clientpositive/compute_stats_binary.q.out&lt;/li&gt;
	&lt;li&gt;/hive/trunk/ql/src/test/results/clientpositive/compute_stats_boolean.q.out&lt;/li&gt;
	&lt;li&gt;/hive/trunk/ql/src/test/results/clientpositive/compute_stats_double.q.out&lt;/li&gt;
	&lt;li&gt;/hive/trunk/ql/src/test/results/clientpositive/compute_stats_empty_table.q.out&lt;/li&gt;
	&lt;li&gt;/hive/trunk/ql/src/test/results/clientpositive/compute_stats_long.q.out&lt;/li&gt;
	&lt;li&gt;/hive/trunk/ql/src/test/results/clientpositive/compute_stats_string.q.out&lt;/li&gt;
	&lt;li&gt;/hive/trunk/ql/src/test/results/clientpositive/convert_enum_to_string.q.out&lt;/li&gt;
	&lt;li&gt;/hive/trunk/ql/src/test/results/clientpositive/create_alter_list_bucketing_table1.q.out&lt;/li&gt;
	&lt;li&gt;/hive/trunk/ql/src/test/results/clientpositive/create_big_view.q.out&lt;/li&gt;
	&lt;li&gt;/hive/trunk/ql/src/test/results/clientpositive/create_like2.q.out&lt;/li&gt;
	&lt;li&gt;/hive/trunk/ql/src/test/results/clientpositive/create_like_tbl_props.q.out&lt;/li&gt;
	&lt;li&gt;/hive/trunk/ql/src/test/results/clientpositive/create_like_view.q.out&lt;/li&gt;
	&lt;li&gt;/hive/trunk/ql/src/test/results/clientpositive/create_or_replace_view.q.out&lt;/li&gt;
	&lt;li&gt;/hive/trunk/ql/src/test/results/clientpositive/create_view.q.out&lt;/li&gt;
	&lt;li&gt;/hive/trunk/ql/src/test/results/clientpositive/create_view_partitioned.q.out&lt;/li&gt;
	&lt;li&gt;/hive/trunk/ql/src/test/results/clientpositive/cross_join.q.out&lt;/li&gt;
	&lt;li&gt;/hive/trunk/ql/src/test/results/clientpositive/ctas_hadoop20.q.out&lt;/li&gt;
	&lt;li&gt;/hive/trunk/ql/src/test/results/clientpositive/ctas_uses_database_location.q.out&lt;/li&gt;
	&lt;li&gt;/hive/trunk/ql/src/test/results/clientpositive/database.q.out&lt;/li&gt;
	&lt;li&gt;/hive/trunk/ql/src/test/results/clientpositive/database_drop.q.out&lt;/li&gt;
	&lt;li&gt;/hive/trunk/ql/src/test/results/clientpositive/decimal_udf.q.out&lt;/li&gt;
	&lt;li&gt;/hive/trunk/ql/src/test/results/clientpositive/describe_comment_indent.q.out&lt;/li&gt;
	&lt;li&gt;/hive/trunk/ql/src/test/results/clientpositive/describe_pretty.q.out&lt;/li&gt;
	&lt;li&gt;/hive/trunk/ql/src/test/results/clientpositive/describe_syntax.q.out&lt;/li&gt;
	&lt;li&gt;/hive/trunk/ql/src/test/results/clientpositive/describe_xpath.q.out&lt;/li&gt;
	&lt;li&gt;/hive/trunk/ql/src/test/results/clientpositive/diff_part_input_formats.q.out&lt;/li&gt;
	&lt;li&gt;/hive/trunk/ql/src/test/results/clientpositive/driverhook.q.out&lt;/li&gt;
	&lt;li&gt;/hive/trunk/ql/src/test/results/clientpositive/drop_database_removes_partition_dirs.q.out&lt;/li&gt;
	&lt;li&gt;/hive/trunk/ql/src/test/results/clientpositive/drop_index_removes_partition_dirs.q.out&lt;/li&gt;
	&lt;li&gt;/hive/trunk/ql/src/test/results/clientpositive/drop_partitions_ignore_protection.q.out&lt;/li&gt;
	&lt;li&gt;/hive/trunk/ql/src/test/results/clientpositive/drop_table_removes_partition_dirs.q.out&lt;/li&gt;
	&lt;li&gt;/hive/trunk/ql/src/test/results/clientpositive/escape_clusterby1.q.out&lt;/li&gt;
	&lt;li&gt;/hive/trunk/ql/src/test/results/clientpositive/escape_distributeby1.q.out&lt;/li&gt;
	&lt;li&gt;/hive/trunk/ql/src/test/results/clientpositive/escape_orderby1.q.out&lt;/li&gt;
	&lt;li&gt;/hive/trunk/ql/src/test/results/clientpositive/escape_sortby1.q.out&lt;/li&gt;
	&lt;li&gt;/hive/trunk/ql/src/test/results/clientpositive/explain_dependency.q.out&lt;/li&gt;
	&lt;li&gt;/hive/trunk/ql/src/test/results/clientpositive/explain_dependency2.q.out&lt;/li&gt;
	&lt;li&gt;/hive/trunk/ql/src/test/results/clientpositive/global_limit.q.out&lt;/li&gt;
	&lt;li&gt;/hive/trunk/ql/src/test/results/clientpositive/groupby10.q.out&lt;/li&gt;
	&lt;li&gt;/hive/trunk/ql/src/test/results/clientpositive/groupby_distinct_samekey.q.out&lt;/li&gt;
	&lt;li&gt;/hive/trunk/ql/src/test/results/clientpositive/groupby_grouping_sets2.q.out&lt;/li&gt;
	&lt;li&gt;/hive/trunk/ql/src/test/results/clientpositive/groupby_grouping_sets3.q.out&lt;/li&gt;
	&lt;li&gt;/hive/trunk/ql/src/test/results/clientpositive/groupby_grouping_sets4.q.out&lt;/li&gt;
	&lt;li&gt;/hive/trunk/ql/src/test/results/clientpositive/groupby_grouping_sets5.q.out&lt;/li&gt;
	&lt;li&gt;/hive/trunk/ql/src/test/results/clientpositive/groupby_multi_insert_common_distinct.q.out&lt;/li&gt;
	&lt;li&gt;/hive/trunk/ql/src/test/results/clientpositive/groupby_multi_single_reducer3.q.out&lt;/li&gt;
	&lt;li&gt;/hive/trunk/ql/src/test/results/clientpositive/groupby_position.q.out&lt;/li&gt;
	&lt;li&gt;/hive/trunk/ql/src/test/results/clientpositive/groupby_ppd.q.out&lt;/li&gt;
	&lt;li&gt;/hive/trunk/ql/src/test/results/clientpositive/groupby_sort_1.q.out&lt;/li&gt;
	&lt;li&gt;/hive/trunk/ql/src/test/results/clientpositive/groupby_sort_10.q.out&lt;/li&gt;
	&lt;li&gt;/hive/trunk/ql/src/test/results/clientpositive/groupby_sort_2.q.out&lt;/li&gt;
	&lt;li&gt;/hive/trunk/ql/src/test/results/clientpositive/groupby_sort_3.q.out&lt;/li&gt;
	&lt;li&gt;/hive/trunk/ql/src/test/results/clientpositive/groupby_sort_4.q.out&lt;/li&gt;
	&lt;li&gt;/hive/trunk/ql/src/test/results/clientpositive/groupby_sort_5.q.out&lt;/li&gt;
	&lt;li&gt;/hive/trunk/ql/src/test/results/clientpositive/groupby_sort_6.q.out&lt;/li&gt;
	&lt;li&gt;/hive/trunk/ql/src/test/results/clientpositive/groupby_sort_7.q.out&lt;/li&gt;
	&lt;li&gt;/hive/trunk/ql/src/test/results/clientpositive/groupby_sort_8.q.out&lt;/li&gt;
	&lt;li&gt;/hive/trunk/ql/src/test/results/clientpositive/groupby_sort_9.q.out&lt;/li&gt;
	&lt;li&gt;/hive/trunk/ql/src/test/results/clientpositive/groupby_sort_skew_1.q.out&lt;/li&gt;
	&lt;li&gt;/hive/trunk/ql/src/test/results/clientpositive/groupby_sort_test_1.q.out&lt;/li&gt;
	&lt;li&gt;/hive/trunk/ql/src/test/results/clientpositive/hiveprofiler_script0.q.out&lt;/li&gt;
	&lt;li&gt;/hive/trunk/ql/src/test/results/clientpositive/hiveprofiler_union0.q.out&lt;/li&gt;
	&lt;li&gt;/hive/trunk/ql/src/test/results/clientpositive/index_auto.q.out&lt;/li&gt;
	&lt;li&gt;/hive/trunk/ql/src/test/results/clientpositive/index_auto_empty.q.out&lt;/li&gt;
	&lt;li&gt;/hive/trunk/ql/src/test/results/clientpositive/index_auto_file_format.q.out&lt;/li&gt;
	&lt;li&gt;/hive/trunk/ql/src/test/results/clientpositive/index_auto_mult_tables.q.out&lt;/li&gt;
	&lt;li&gt;/hive/trunk/ql/src/test/results/clientpositive/index_auto_mult_tables_compact.q.out&lt;/li&gt;
	&lt;li&gt;/hive/trunk/ql/src/test/results/clientpositive/index_auto_multiple.q.out&lt;/li&gt;
	&lt;li&gt;/hive/trunk/ql/src/test/results/clientpositive/index_auto_partitioned.q.out&lt;/li&gt;
	&lt;li&gt;/hive/trunk/ql/src/test/results/clientpositive/index_auto_self_join.q.out&lt;/li&gt;
	&lt;li&gt;/hive/trunk/ql/src/test/results/clientpositive/index_auto_unused.q.out&lt;/li&gt;
	&lt;li&gt;/hive/trunk/ql/src/test/results/clientpositive/index_auto_update.q.out&lt;/li&gt;
	&lt;li&gt;/hive/trunk/ql/src/test/results/clientpositive/index_bitmap_auto.q.out&lt;/li&gt;
	&lt;li&gt;/hive/trunk/ql/src/test/results/clientpositive/index_bitmap_auto_partitioned.q.out&lt;/li&gt;
	&lt;li&gt;/hive/trunk/ql/src/test/results/clientpositive/index_bitmap_compression.q.out&lt;/li&gt;
	&lt;li&gt;/hive/trunk/ql/src/test/results/clientpositive/index_compression.q.out&lt;/li&gt;
	&lt;li&gt;/hive/trunk/ql/src/test/results/clientpositive/index_stale.q.out&lt;/li&gt;
	&lt;li&gt;/hive/trunk/ql/src/test/results/clientpositive/index_stale_partitioned.q.out&lt;/li&gt;
	&lt;li&gt;/hive/trunk/ql/src/test/results/clientpositive/infer_bucket_sort.q.out&lt;/li&gt;
	&lt;li&gt;/hive/trunk/ql/src/test/results/clientpositive/infer_bucket_sort_convert_join.q.out&lt;/li&gt;
	&lt;li&gt;/hive/trunk/ql/src/test/results/clientpositive/infer_bucket_sort_grouping_operators.q.out&lt;/li&gt;
	&lt;li&gt;/hive/trunk/ql/src/test/results/clientpositive/infer_bucket_sort_multi_insert.q.out&lt;/li&gt;
	&lt;li&gt;/hive/trunk/ql/src/test/results/clientpositive/infer_const_type.q.out&lt;/li&gt;
	&lt;li&gt;/hive/trunk/ql/src/test/results/clientpositive/init_file.q.out&lt;/li&gt;
	&lt;li&gt;/hive/trunk/ql/src/test/results/clientpositive/innerjoin.q.out&lt;/li&gt;
	&lt;li&gt;/hive/trunk/ql/src/test/results/clientpositive/input12_hadoop20.q.out&lt;/li&gt;
	&lt;li&gt;/hive/trunk/ql/src/test/results/clientpositive/input16.q.out&lt;/li&gt;
	&lt;li&gt;/hive/trunk/ql/src/test/results/clientpositive/input39_hadoop20.q.out&lt;/li&gt;
	&lt;li&gt;/hive/trunk/ql/src/test/results/clientpositive/input_part10.q.out&lt;/li&gt;
	&lt;li&gt;/hive/trunk/ql/src/test/results/clientpositive/inputddl4.q.out&lt;/li&gt;
	&lt;li&gt;/hive/trunk/ql/src/test/results/clientpositive/inputddl5.q.out&lt;/li&gt;
	&lt;li&gt;/hive/trunk/ql/src/test/results/clientpositive/inputddl6.q.out&lt;/li&gt;
	&lt;li&gt;/hive/trunk/ql/src/test/results/clientpositive/inputddl7.q.out&lt;/li&gt;
	&lt;li&gt;/hive/trunk/ql/src/test/results/clientpositive/insert1.q.out&lt;/li&gt;
	&lt;li&gt;/hive/trunk/ql/src/test/results/clientpositive/join14_hadoop20.q.out&lt;/li&gt;
	&lt;li&gt;/hive/trunk/ql/src/test/results/clientpositive/join28.q.out&lt;/li&gt;
	&lt;li&gt;/hive/trunk/ql/src/test/results/clientpositive/join29.q.out&lt;/li&gt;
	&lt;li&gt;/hive/trunk/ql/src/test/results/clientpositive/join31.q.out&lt;/li&gt;
	&lt;li&gt;/hive/trunk/ql/src/test/results/clientpositive/join32.q.out&lt;/li&gt;
	&lt;li&gt;/hive/trunk/ql/src/test/results/clientpositive/join33.q.out&lt;/li&gt;
	&lt;li&gt;/hive/trunk/ql/src/test/results/clientpositive/join34.q.out&lt;/li&gt;
	&lt;li&gt;/hive/trunk/ql/src/test/results/clientpositive/join35.q.out&lt;/li&gt;
	&lt;li&gt;/hive/trunk/ql/src/test/results/clientpositive/join41.q.out&lt;/li&gt;
	&lt;li&gt;/hive/trunk/ql/src/test/results/clientpositive/join_filters_overlap.q.out&lt;/li&gt;
	&lt;li&gt;/hive/trunk/ql/src/test/results/clientpositive/join_nullsafe.q.out&lt;/li&gt;
	&lt;li&gt;/hive/trunk/ql/src/test/results/clientpositive/join_vc.q.out&lt;/li&gt;
	&lt;li&gt;/hive/trunk/ql/src/test/results/clientpositive/join_view.q.out&lt;/li&gt;
	&lt;li&gt;/hive/trunk/ql/src/test/results/clientpositive/keyword_1.q.out&lt;/li&gt;
	&lt;li&gt;/hive/trunk/ql/src/test/results/clientpositive/lateral_view.q.out&lt;/li&gt;
	&lt;li&gt;/hive/trunk/ql/src/test/results/clientpositive/lateral_view_cp.q.out&lt;/li&gt;
	&lt;li&gt;/hive/trunk/ql/src/test/results/clientpositive/leadlag.q.out&lt;/li&gt;
	&lt;li&gt;/hive/trunk/ql/src/test/results/clientpositive/leadlag_queries.q.out&lt;/li&gt;
	&lt;li&gt;/hive/trunk/ql/src/test/results/clientpositive/load_dyn_part14.q.out&lt;/li&gt;
	&lt;li&gt;/hive/trunk/ql/src/test/results/clientpositive/mapjoin1.q.out&lt;/li&gt;
	&lt;li&gt;/hive/trunk/ql/src/test/results/clientpositive/mapjoin_mapjoin.q.out&lt;/li&gt;
	&lt;li&gt;/hive/trunk/ql/src/test/results/clientpositive/mapjoin_subquery.q.out&lt;/li&gt;
	&lt;li&gt;/hive/trunk/ql/src/test/results/clientpositive/mapjoin_subquery2.q.out&lt;/li&gt;
	&lt;li&gt;/hive/trunk/ql/src/test/results/clientpositive/merge_dynamic_partition4.q.out&lt;/li&gt;
	&lt;li&gt;/hive/trunk/ql/src/test/results/clientpositive/merge_dynamic_partition5.q.out&lt;/li&gt;
	&lt;li&gt;/hive/trunk/ql/src/test/results/clientpositive/mergejoins_mixed.q.out&lt;/li&gt;
	&lt;li&gt;/hive/trunk/ql/src/test/results/clientpositive/metadataonly1.q.out&lt;/li&gt;
	&lt;li&gt;/hive/trunk/ql/src/test/results/clientpositive/multiMapJoin1.q.out&lt;/li&gt;
	&lt;li&gt;/hive/trunk/ql/src/test/results/clientpositive/nomore_ambiguous_table_col.q.out&lt;/li&gt;
	&lt;li&gt;/hive/trunk/ql/src/test/results/clientpositive/nonblock_op_deduplicate.q.out&lt;/li&gt;
	&lt;li&gt;/hive/trunk/ql/src/test/results/clientpositive/nonmr_fetch.q.out&lt;/li&gt;
	&lt;li&gt;/hive/trunk/ql/src/test/results/clientpositive/orc_empty_strings.q.out&lt;/li&gt;
	&lt;li&gt;/hive/trunk/ql/src/test/results/clientpositive/part_inherit_tbl_props.q.out&lt;/li&gt;
	&lt;li&gt;/hive/trunk/ql/src/test/results/clientpositive/part_inherit_tbl_props_with_star.q.out&lt;/li&gt;
	&lt;li&gt;/hive/trunk/ql/src/test/results/clientpositive/partition_wise_fileformat10.q.out&lt;/li&gt;
	&lt;li&gt;/hive/trunk/ql/src/test/results/clientpositive/partition_wise_fileformat11.q.out&lt;/li&gt;
	&lt;li&gt;/hive/trunk/ql/src/test/results/clientpositive/partition_wise_fileformat12.q.out&lt;/li&gt;
	&lt;li&gt;/hive/trunk/ql/src/test/results/clientpositive/partition_wise_fileformat13.q.out&lt;/li&gt;
	&lt;li&gt;/hive/trunk/ql/src/test/results/clientpositive/partition_wise_fileformat14.q.out&lt;/li&gt;
	&lt;li&gt;/hive/trunk/ql/src/test/results/clientpositive/partition_wise_fileformat15.q.out&lt;/li&gt;
	&lt;li&gt;/hive/trunk/ql/src/test/results/clientpositive/partition_wise_fileformat16.q.out&lt;/li&gt;
	&lt;li&gt;/hive/trunk/ql/src/test/results/clientpositive/partition_wise_fileformat8.q.out&lt;/li&gt;
	&lt;li&gt;/hive/trunk/ql/src/test/results/clientpositive/partition_wise_fileformat9.q.out&lt;/li&gt;
	&lt;li&gt;/hive/trunk/ql/src/test/results/clientpositive/plan_json.q.out&lt;/li&gt;
	&lt;li&gt;/hive/trunk/ql/src/test/results/clientpositive/ppd_constant_where.q.out&lt;/li&gt;
	&lt;li&gt;/hive/trunk/ql/src/test/results/clientpositive/ppd_repeated_alias.q.out&lt;/li&gt;
	&lt;li&gt;/hive/trunk/ql/src/test/results/clientpositive/ppd_union_view.q.out&lt;/li&gt;
	&lt;li&gt;/hive/trunk/ql/src/test/results/clientpositive/protectmode.q.out&lt;/li&gt;
	&lt;li&gt;/hive/trunk/ql/src/test/results/clientpositive/ptf.q.out&lt;/li&gt;
	&lt;li&gt;/hive/trunk/ql/src/test/results/clientpositive/ptf_decimal.q.out&lt;/li&gt;
	&lt;li&gt;/hive/trunk/ql/src/test/results/clientpositive/ptf_general_queries.q.out&lt;/li&gt;
	&lt;li&gt;/hive/trunk/ql/src/test/results/clientpositive/ptf_npath.q.out&lt;/li&gt;
	&lt;li&gt;/hive/trunk/ql/src/test/results/clientpositive/ptf_rcfile.q.out&lt;/li&gt;
	&lt;li&gt;/hive/trunk/ql/src/test/results/clientpositive/ptf_seqfile.q.out&lt;/li&gt;
	&lt;li&gt;/hive/trunk/ql/src/test/results/clientpositive/rand_partitionpruner1.q.out&lt;/li&gt;
	&lt;li&gt;/hive/trunk/ql/src/test/results/clientpositive/rand_partitionpruner2.q.out&lt;/li&gt;
	&lt;li&gt;/hive/trunk/ql/src/test/results/clientpositive/rand_partitionpruner3.q.out&lt;/li&gt;
	&lt;li&gt;/hive/trunk/ql/src/test/results/clientpositive/rcfile_merge1.q.out&lt;/li&gt;
	&lt;li&gt;/hive/trunk/ql/src/test/results/clientpositive/reducesink_dedup.q.out&lt;/li&gt;
	&lt;li&gt;/hive/trunk/ql/src/test/results/clientpositive/rename_column.q.out&lt;/li&gt;
	&lt;li&gt;/hive/trunk/ql/src/test/results/clientpositive/rename_partition_location.q.out&lt;/li&gt;
	&lt;li&gt;/hive/trunk/ql/src/test/results/clientpositive/rename_table_location.q.out&lt;/li&gt;
	&lt;li&gt;/hive/trunk/ql/src/test/results/clientpositive/sample1.q.out&lt;/li&gt;
	&lt;li&gt;/hive/trunk/ql/src/test/results/clientpositive/sample10.q.out&lt;/li&gt;
	&lt;li&gt;/hive/trunk/ql/src/test/results/clientpositive/sample2.q.out&lt;/li&gt;
	&lt;li&gt;/hive/trunk/ql/src/test/results/clientpositive/sample3.q.out&lt;/li&gt;
	&lt;li&gt;/hive/trunk/ql/src/test/results/clientpositive/sample4.q.out&lt;/li&gt;
	&lt;li&gt;/hive/trunk/ql/src/test/results/clientpositive/sample5.q.out&lt;/li&gt;
	&lt;li&gt;/hive/trunk/ql/src/test/results/clientpositive/sample6.q.out&lt;/li&gt;
	&lt;li&gt;/hive/trunk/ql/src/test/results/clientpositive/sample7.q.out&lt;/li&gt;
	&lt;li&gt;/hive/trunk/ql/src/test/results/clientpositive/sample8.q.out&lt;/li&gt;
	&lt;li&gt;/hive/trunk/ql/src/test/results/clientpositive/sample_islocalmode_hook_hadoop20.q.out&lt;/li&gt;
	&lt;li&gt;/hive/trunk/ql/src/test/results/clientpositive/script_env_var1.q.out&lt;/li&gt;
	&lt;li&gt;/hive/trunk/ql/src/test/results/clientpositive/script_env_var2.q.out&lt;/li&gt;
	&lt;li&gt;/hive/trunk/ql/src/test/results/clientpositive/script_pipe.q.out&lt;/li&gt;
	&lt;li&gt;/hive/trunk/ql/src/test/results/clientpositive/semicolon.q.out&lt;/li&gt;
	&lt;li&gt;/hive/trunk/ql/src/test/results/clientpositive/show_columns.q.out&lt;/li&gt;
	&lt;li&gt;/hive/trunk/ql/src/test/results/clientpositive/show_create_table_alter.q.out&lt;/li&gt;
	&lt;li&gt;/hive/trunk/ql/src/test/results/clientpositive/show_create_table_db_table.q.out&lt;/li&gt;
	&lt;li&gt;/hive/trunk/ql/src/test/results/clientpositive/show_create_table_delimited.q.out&lt;/li&gt;
	&lt;li&gt;/hive/trunk/ql/src/test/results/clientpositive/show_create_table_partitioned.q.out&lt;/li&gt;
	&lt;li&gt;/hive/trunk/ql/src/test/results/clientpositive/show_create_table_serde.q.out&lt;/li&gt;
	&lt;li&gt;/hive/trunk/ql/src/test/results/clientpositive/show_create_table_view.q.out&lt;/li&gt;
	&lt;li&gt;/hive/trunk/ql/src/test/results/clientpositive/show_tables.q.out&lt;/li&gt;
	&lt;li&gt;/hive/trunk/ql/src/test/results/clientpositive/skewjoinopt1.q.out&lt;/li&gt;
	&lt;li&gt;/hive/trunk/ql/src/test/results/clientpositive/skewjoinopt10.q.out&lt;/li&gt;
	&lt;li&gt;/hive/trunk/ql/src/test/results/clientpositive/skewjoinopt11.q.out&lt;/li&gt;
	&lt;li&gt;/hive/trunk/ql/src/test/results/clientpositive/skewjoinopt12.q.out&lt;/li&gt;
	&lt;li&gt;/hive/trunk/ql/src/test/results/clientpositive/skewjoinopt13.q.out&lt;/li&gt;
	&lt;li&gt;/hive/trunk/ql/src/test/results/clientpositive/skewjoinopt14.q.out&lt;/li&gt;
	&lt;li&gt;/hive/trunk/ql/src/test/results/clientpositive/skewjoinopt15.q.out&lt;/li&gt;
	&lt;li&gt;/hive/trunk/ql/src/test/results/clientpositive/skewjoinopt16.q.out&lt;/li&gt;
	&lt;li&gt;/hive/trunk/ql/src/test/results/clientpositive/skewjoinopt17.q.out&lt;/li&gt;
	&lt;li&gt;/hive/trunk/ql/src/test/results/clientpositive/skewjoinopt18.q.out&lt;/li&gt;
	&lt;li&gt;/hive/trunk/ql/src/test/results/clientpositive/skewjoinopt19.q.out&lt;/li&gt;
	&lt;li&gt;/hive/trunk/ql/src/test/results/clientpositive/skewjoinopt2.q.out&lt;/li&gt;
	&lt;li&gt;/hive/trunk/ql/src/test/results/clientpositive/skewjoinopt20.q.out&lt;/li&gt;
	&lt;li&gt;/hive/trunk/ql/src/test/results/clientpositive/skewjoinopt3.q.out&lt;/li&gt;
	&lt;li&gt;/hive/trunk/ql/src/test/results/clientpositive/skewjoinopt4.q.out&lt;/li&gt;
	&lt;li&gt;/hive/trunk/ql/src/test/results/clientpositive/skewjoinopt5.q.out&lt;/li&gt;
	&lt;li&gt;/hive/trunk/ql/src/test/results/clientpositive/skewjoinopt6.q.out&lt;/li&gt;
	&lt;li&gt;/hive/trunk/ql/src/test/results/clientpositive/skewjoinopt7.q.out&lt;/li&gt;
	&lt;li&gt;/hive/trunk/ql/src/test/results/clientpositive/skewjoinopt8.q.out&lt;/li&gt;
	&lt;li&gt;/hive/trunk/ql/src/test/results/clientpositive/skewjoinopt9.q.out&lt;/li&gt;
	&lt;li&gt;/hive/trunk/ql/src/test/results/clientpositive/smb_mapjoin9.q.out&lt;/li&gt;
	&lt;li&gt;/hive/trunk/ql/src/test/results/clientpositive/smb_mapjoin_10.q.out&lt;/li&gt;
	&lt;li&gt;/hive/trunk/ql/src/test/results/clientpositive/smb_mapjoin_11.q.out&lt;/li&gt;
	&lt;li&gt;/hive/trunk/ql/src/test/results/clientpositive/smb_mapjoin_12.q.out&lt;/li&gt;
	&lt;li&gt;/hive/trunk/ql/src/test/results/clientpositive/smb_mapjoin_13.q.out&lt;/li&gt;
	&lt;li&gt;/hive/trunk/ql/src/test/results/clientpositive/smb_mapjoin_14.q.out&lt;/li&gt;
	&lt;li&gt;/hive/trunk/ql/src/test/results/clientpositive/smb_mapjoin_15.q.out&lt;/li&gt;
	&lt;li&gt;/hive/trunk/ql/src/test/results/clientpositive/smb_mapjoin_16.q.out&lt;/li&gt;
	&lt;li&gt;/hive/trunk/ql/src/test/results/clientpositive/smb_mapjoin_17.q.out&lt;/li&gt;
	&lt;li&gt;/hive/trunk/ql/src/test/results/clientpositive/smb_mapjoin_18.q.out&lt;/li&gt;
	&lt;li&gt;/hive/trunk/ql/src/test/results/clientpositive/smb_mapjoin_19.q.out&lt;/li&gt;
	&lt;li&gt;/hive/trunk/ql/src/test/results/clientpositive/smb_mapjoin_20.q.out&lt;/li&gt;
	&lt;li&gt;/hive/trunk/ql/src/test/results/clientpositive/smb_mapjoin_21.q.out&lt;/li&gt;
	&lt;li&gt;/hive/trunk/ql/src/test/results/clientpositive/smb_mapjoin_22.q.out&lt;/li&gt;
	&lt;li&gt;/hive/trunk/ql/src/test/results/clientpositive/sort_merge_join_desc_1.q.out&lt;/li&gt;
	&lt;li&gt;/hive/trunk/ql/src/test/results/clientpositive/sort_merge_join_desc_2.q.out&lt;/li&gt;
	&lt;li&gt;/hive/trunk/ql/src/test/results/clientpositive/sort_merge_join_desc_3.q.out&lt;/li&gt;
	&lt;li&gt;/hive/trunk/ql/src/test/results/clientpositive/sort_merge_join_desc_4.q.out&lt;/li&gt;
	&lt;li&gt;/hive/trunk/ql/src/test/results/clientpositive/sort_merge_join_desc_5.q.out&lt;/li&gt;
	&lt;li&gt;/hive/trunk/ql/src/test/results/clientpositive/sort_merge_join_desc_6.q.out&lt;/li&gt;
	&lt;li&gt;/hive/trunk/ql/src/test/results/clientpositive/sort_merge_join_desc_7.q.out&lt;/li&gt;
	&lt;li&gt;/hive/trunk/ql/src/test/results/clientpositive/stats1.q.out&lt;/li&gt;
	&lt;li&gt;/hive/trunk/ql/src/test/results/clientpositive/stats18.q.out&lt;/li&gt;
	&lt;li&gt;/hive/trunk/ql/src/test/results/clientpositive/stats19.q.out&lt;/li&gt;
	&lt;li&gt;/hive/trunk/ql/src/test/results/clientpositive/stats20.q.out&lt;/li&gt;
	&lt;li&gt;/hive/trunk/ql/src/test/results/clientpositive/stats_aggregator_error_1.q.out&lt;/li&gt;
	&lt;li&gt;/hive/trunk/ql/src/test/results/clientpositive/stats_empty_dyn_part.q.out&lt;/li&gt;
	&lt;li&gt;/hive/trunk/ql/src/test/results/clientpositive/stats_empty_partition.q.out&lt;/li&gt;
	&lt;li&gt;/hive/trunk/ql/src/test/results/clientpositive/stats_noscan_1.q.out&lt;/li&gt;
	&lt;li&gt;/hive/trunk/ql/src/test/results/clientpositive/stats_noscan_2.q.out&lt;/li&gt;
	&lt;li&gt;/hive/trunk/ql/src/test/results/clientpositive/stats_partscan_1.q.out&lt;/li&gt;
	&lt;li&gt;/hive/trunk/ql/src/test/results/clientpositive/stats_publisher_error_1.q.out&lt;/li&gt;
	&lt;li&gt;/hive/trunk/ql/src/test/results/clientpositive/table_access_keys_stats.q.out&lt;/li&gt;
	&lt;li&gt;/hive/trunk/ql/src/test/results/clientpositive/timestamp_udf.q.out&lt;/li&gt;
	&lt;li&gt;/hive/trunk/ql/src/test/results/clientpositive/transform2.q.out&lt;/li&gt;
	&lt;li&gt;/hive/trunk/ql/src/test/results/clientpositive/truncate_table.q.out&lt;/li&gt;
	&lt;li&gt;/hive/trunk/ql/src/test/results/clientpositive/type_widening.q.out&lt;/li&gt;
	&lt;li&gt;/hive/trunk/ql/src/test/results/clientpositive/udaf_percentile_approx.q.out&lt;/li&gt;
	&lt;li&gt;/hive/trunk/ql/src/test/results/clientpositive/udf_array_contains.q.out&lt;/li&gt;
	&lt;li&gt;/hive/trunk/ql/src/test/results/clientpositive/udf_bin.q.out&lt;/li&gt;
	&lt;li&gt;/hive/trunk/ql/src/test/results/clientpositive/udf_case.q.out&lt;/li&gt;
	&lt;li&gt;/hive/trunk/ql/src/test/results/clientpositive/udf_concat_ws.q.out&lt;/li&gt;
	&lt;li&gt;/hive/trunk/ql/src/test/results/clientpositive/udf_conv.q.out&lt;/li&gt;
	&lt;li&gt;/hive/trunk/ql/src/test/results/clientpositive/udf_format_number.q.out&lt;/li&gt;
	&lt;li&gt;/hive/trunk/ql/src/test/results/clientpositive/udf_get_json_object.q.out&lt;/li&gt;
	&lt;li&gt;/hive/trunk/ql/src/test/results/clientpositive/udf_hex.q.out&lt;/li&gt;
	&lt;li&gt;/hive/trunk/ql/src/test/results/clientpositive/udf_if.q.out&lt;/li&gt;
	&lt;li&gt;/hive/trunk/ql/src/test/results/clientpositive/udf_java_method.q.out&lt;/li&gt;
	&lt;li&gt;/hive/trunk/ql/src/test/results/clientpositive/udf_length.q.out&lt;/li&gt;
	&lt;li&gt;/hive/trunk/ql/src/test/results/clientpositive/udf_map_keys.q.out&lt;/li&gt;
	&lt;li&gt;/hive/trunk/ql/src/test/results/clientpositive/udf_map_values.q.out&lt;/li&gt;
	&lt;li&gt;/hive/trunk/ql/src/test/results/clientpositive/udf_negative.q.out&lt;/li&gt;
	&lt;li&gt;/hive/trunk/ql/src/test/results/clientpositive/udf_not.q.out&lt;/li&gt;
	&lt;li&gt;/hive/trunk/ql/src/test/results/clientpositive/udf_percentile.q.out&lt;/li&gt;
	&lt;li&gt;/hive/trunk/ql/src/test/results/clientpositive/udf_positive.q.out&lt;/li&gt;
	&lt;li&gt;/hive/trunk/ql/src/test/results/clientpositive/udf_printf.q.out&lt;/li&gt;
	&lt;li&gt;/hive/trunk/ql/src/test/results/clientpositive/udf_reverse.q.out&lt;/li&gt;
	&lt;li&gt;/hive/trunk/ql/src/test/results/clientpositive/udf_round_2.q.out&lt;/li&gt;
	&lt;li&gt;/hive/trunk/ql/src/test/results/clientpositive/udf_round_3.q.out&lt;/li&gt;
	&lt;li&gt;/hive/trunk/ql/src/test/results/clientpositive/udf_sort_array.q.out&lt;/li&gt;
	&lt;li&gt;/hive/trunk/ql/src/test/results/clientpositive/udf_substr.q.out&lt;/li&gt;
	&lt;li&gt;/hive/trunk/ql/src/test/results/clientpositive/udf_substring.q.out&lt;/li&gt;
	&lt;li&gt;/hive/trunk/ql/src/test/results/clientpositive/udf_to_unix_timestamp.q.out&lt;/li&gt;
	&lt;li&gt;/hive/trunk/ql/src/test/results/clientpositive/udf_translate.q.out&lt;/li&gt;
	&lt;li&gt;/hive/trunk/ql/src/test/results/clientpositive/udf_unhex.q.out&lt;/li&gt;
	&lt;li&gt;/hive/trunk/ql/src/test/results/clientpositive/udtf_json_tuple.q.out&lt;/li&gt;
	&lt;li&gt;/hive/trunk/ql/src/test/results/clientpositive/udtf_parse_url_tuple.q.out&lt;/li&gt;
	&lt;li&gt;/hive/trunk/ql/src/test/results/clientpositive/union.q.out&lt;/li&gt;
	&lt;li&gt;/hive/trunk/ql/src/test/results/clientpositive/union10.q.out&lt;/li&gt;
	&lt;li&gt;/hive/trunk/ql/src/test/results/clientpositive/union11.q.out&lt;/li&gt;
	&lt;li&gt;/hive/trunk/ql/src/test/results/clientpositive/union12.q.out&lt;/li&gt;
	&lt;li&gt;/hive/trunk/ql/src/test/results/clientpositive/union13.q.out&lt;/li&gt;
	&lt;li&gt;/hive/trunk/ql/src/test/results/clientpositive/union14.q.out&lt;/li&gt;
	&lt;li&gt;/hive/trunk/ql/src/test/results/clientpositive/union15.q.out&lt;/li&gt;
	&lt;li&gt;/hive/trunk/ql/src/test/results/clientpositive/union17.q.out&lt;/li&gt;
	&lt;li&gt;/hive/trunk/ql/src/test/results/clientpositive/union18.q.out&lt;/li&gt;
	&lt;li&gt;/hive/trunk/ql/src/test/results/clientpositive/union19.q.out&lt;/li&gt;
	&lt;li&gt;/hive/trunk/ql/src/test/results/clientpositive/union2.q.out&lt;/li&gt;
	&lt;li&gt;/hive/trunk/ql/src/test/results/clientpositive/union20.q.out&lt;/li&gt;
	&lt;li&gt;/hive/trunk/ql/src/test/results/clientpositive/union21.q.out&lt;/li&gt;
	&lt;li&gt;/hive/trunk/ql/src/test/results/clientpositive/union22.q.out&lt;/li&gt;
	&lt;li&gt;/hive/trunk/ql/src/test/results/clientpositive/union32.q.out&lt;/li&gt;
	&lt;li&gt;/hive/trunk/ql/src/test/results/clientpositive/union33.q.out&lt;/li&gt;
	&lt;li&gt;/hive/trunk/ql/src/test/results/clientpositive/union4.q.out&lt;/li&gt;
	&lt;li&gt;/hive/trunk/ql/src/test/results/clientpositive/union5.q.out&lt;/li&gt;
	&lt;li&gt;/hive/trunk/ql/src/test/results/clientpositive/union6.q.out&lt;/li&gt;
	&lt;li&gt;/hive/trunk/ql/src/test/results/clientpositive/union7.q.out&lt;/li&gt;
	&lt;li&gt;/hive/trunk/ql/src/test/results/clientpositive/union8.q.out&lt;/li&gt;
	&lt;li&gt;/hive/trunk/ql/src/test/results/clientpositive/union9.q.out&lt;/li&gt;
	&lt;li&gt;/hive/trunk/ql/src/test/results/clientpositive/union_null.q.out&lt;/li&gt;
	&lt;li&gt;/hive/trunk/ql/src/test/results/clientpositive/union_remove_6.q.out&lt;/li&gt;
	&lt;li&gt;/hive/trunk/ql/src/test/results/clientpositive/unset_table_view_property.q.out&lt;/li&gt;
	&lt;li&gt;/hive/trunk/ql/src/test/results/clientpositive/view.q.out&lt;/li&gt;
	&lt;li&gt;/hive/trunk/ql/src/test/results/clientpositive/windowing.q.out&lt;/li&gt;
	&lt;li&gt;/hive/trunk/ql/src/test/results/clientpositive/windowing_columnPruning.q.out&lt;/li&gt;
	&lt;li&gt;/hive/trunk/ql/src/test/results/clientpositive/windowing_expressions.q.out&lt;/li&gt;
	&lt;li&gt;/hive/trunk/ql/src/test/results/clientpositive/windowing_rank.q.out&lt;/li&gt;
&lt;/ul&gt;


&lt;p&gt;navis : &lt;a href=&quot;http://svn.apache.org/viewcvs.cgi/?root=Apache-SVN&amp;amp;view=rev&amp;amp;rev=1465890&quot; class=&quot;external-link&quot; rel=&quot;nofollow&quot;&gt;http://svn.apache.org/viewcvs.cgi/?root=Apache-SVN&amp;amp;view=rev&amp;amp;rev=1465890&lt;/a&gt;&lt;br/&gt;
Files : &lt;/p&gt;
&lt;ul&gt;
	&lt;li&gt;/hive/trunk/cli/src/java/org/apache/hadoop/hive/cli/CliDriver.java&lt;/li&gt;
	&lt;li&gt;/hive/trunk/ql/src/test/queries/clientpositive/comments.q&lt;/li&gt;
	&lt;li&gt;/hive/trunk/ql/src/test/results/clientpositive/comments.q.out&lt;/li&gt;
&lt;/ul&gt;
</comment>
                    </comments>
                <issuelinks>
                            <issuelinktype id="12310000">
                    <name>Duplicate</name>
                                                                <inwardlinks description="is duplicated by">
                                        <issuelink>
            <issuekey id="12496621">HIVE-1926</issuekey>
        </issuelink>
                            </inwardlinks>
                                    </issuelinktype>
                    </issuelinks>
                <attachments>
                            <attachment id="12490933" name="HIVE-1953.1.patch" size="1018" author="salbiz" created="Fri, 19 Aug 2011 08:07:52 +0000"/>
                            <attachment id="12577269" name="HIVE-1953.2.patch" size="4636" author="vikram.dixit" created="Fri, 5 Apr 2013 19:54:01 +0000"/>
                            <attachment id="12577666" name="HIVE-1953.3.patch" size="4392" author="vikram.dixit" created="Tue, 9 Apr 2013 00:53:23 +0000"/>
                            <attachment id="12577707" name="HIVE-1953.4.patch" size="4832" author="vikram.dixit" created="Tue, 9 Apr 2013 05:10:04 +0000"/>
                            <attachment id="12577718" name="HIVE-1953.tests.update.patch" size="989997" author="vikram.dixit" created="Tue, 9 Apr 2013 06:03:18 +0000"/>
                            <attachment id="12577717" name="HIVE-1953.tests.update.patch" size="989997" author="vikram.dixit" created="Tue, 9 Apr 2013 06:02:15 +0000"/>
                    </attachments>
                <subtasks>
                    </subtasks>
                <customfields>
                                                <customfield id="customfield_12310310" key="com.atlassian.jira.toolkit:attachments">
                        <customfieldname>Attachment count</customfieldname>
                        <customfieldvalues>
                            <customfieldvalue>6.0</customfieldvalue>
                        </customfieldvalues>
                    </customfield>
                                                                                                                                                                                                                                                                                                                                                                                                                                                                                                                                <customfield id="customfield_12310220" key="com.atlassian.jira.ext.charting:firstresponsedate">
                        <customfieldname>Date of First Response</customfieldname>
                        <customfieldvalues>
                            <customfieldvalue>Fri, 19 Aug 2011 08:07:52 +0000</customfieldvalue>

                        </customfieldvalues>
                    </customfield>
                                                                                                                                                                                                                                                                                                                                                                                                                                            <customfield id="customfield_12310420" key="com.pyxis.greenhopper.jira:gh-global-rank">
                        <customfieldname>Global Rank</customfieldname>
                        <customfieldvalues>
                            <customfieldvalue>42322</customfieldvalue>
                        </customfieldvalues>
                    </customfield>
                                                                                                                                                    <customfield id="customfield_12312521" key="com.atlassian.jira.toolkit:LastCommentDate">
                        <customfieldname>Last public comment date</customfieldname>
                        <customfieldvalues>
                            3 years, 34 weeks, 4 days ago
                        </customfieldvalues>
                    </customfield>
                                                                                            <customfield id="customfield_12311820" key="com.pyxis.greenhopper.jira:gh-lexo-rank">
                        <customfieldname>Rank</customfieldname>
                        <customfieldvalues>
                            <customfieldvalue>0|i08nf3:</customfieldvalue>

                        </customfieldvalues>
                    </customfield>
                                                                <customfield id="customfield_12310920" key="com.pyxis.greenhopper.jira:gh-global-rank">
                        <customfieldname>Rank (Obsolete)</customfieldname>
                        <customfieldvalues>
                            <customfieldvalue>48393</customfieldvalue>
                        </customfieldvalues>
                    </customfield>
                                                                                                                                                                                                                                                                                                                            <customfield id="customfield_12310222" key="com.atlassian.jira.ext.charting:timeinstatus">
                        <customfieldname>Time in Status</customfieldname>
                        <customfieldvalues>
                            
                        </customfieldvalues>
                    </customfield>
                                                                                                                        </customfields>
    </item>
</channel>
</rss>