<!-- 
RSS generated by JIRA (6.3.4#6332-sha1:51bc225ef474afe3128b2f66878477f322397b16) at Sat Dec 03 22:30:56 UTC 2016

It is possible to restrict the fields that are returned in this document by specifying the 'field' parameter in your request.
For example, to request only the issue key and summary add field=key&field=summary to the URL of your request.
For example:
https://issues.apache.org/jira/si/jira.issueviews:issue-xml/HIVE-3217/HIVE-3217.xml?field=key&amp;field=summary
-->
<rss version="0.92" >
<channel>
    <title>ASF JIRA</title>
    <link>https://issues.apache.org/jira</link>
    <description>This file is an XML representation of an issue</description>
    <language>en-uk</language>    <build-info>
        <version>6.3.4</version>
        <build-number>6332</build-number>
        <build-date>15-08-2014</build-date>
    </build-info>

<item>
            <title>[HIVE-3217] Implement HiveDatabaseMetaData.getFunctions() to retrieve registered UDFs. </title>
                <link>https://issues.apache.org/jira/browse/HIVE-3217</link>
                <project id="12310843" key="HIVE">Hive</project>
                    <description>&lt;p&gt;Hive JDBC support currently throws UnsupportedException when getFunctions() is called. Hive CL provides a SHOW FUNCTIONS command to return the names of all registered UDFs. By getting a SQL Statement from the connection, getFunctions can execute( &quot;SHOW FUNCTIONS&quot;) to retrieve all the registered functions (including those registered through create temporary function).&lt;/p&gt;</description>
                <environment></environment>
        <key id="12596479">HIVE-3217</key>
            <summary>Implement HiveDatabaseMetaData.getFunctions() to retrieve registered UDFs. </summary>
                <type id="4" iconUrl="https://issues.apache.org/jira/images/icons/issuetypes/improvement.png">Improvement</type>
                                            <priority id="3" iconUrl="https://issues.apache.org/jira/images/icons/priorities/major.png">Major</priority>
                        <status id="5" iconUrl="https://issues.apache.org/jira/images/icons/statuses/resolved.png" description="A resolution has been taken, and it is awaiting verification by reporter. From here issues are either reopened, or are closed.">Resolved</status>
                    <statusCategory id="3" key="done" colorName="green"/>
                                    <resolution id="3">Duplicate</resolution>
                                        <assignee username="rding">Richard Ding</assignee>
                                    <reporter username="rding">Richard Ding</reporter>
                        <labels>
                    </labels>
                <created>Sat, 30 Jun 2012 00:13:57 +0000</created>
                <updated>Tue, 11 Aug 2015 01:29:14 +0000</updated>
                            <resolved>Wed, 3 Jun 2015 23:04:22 +0000</resolved>
                                    <version>0.9.0</version>
                                                    <component>JDBC</component>
                        <due></due>
                            <votes>0</votes>
                                    <watches>4</watches>
                                                                <comments>
                            <comment id="13404335" author="rding" created="Sat, 30 Jun 2012 00:16:35 +0000"  >&lt;p&gt;Attaching patch.&lt;/p&gt;</comment>
                            <comment id="14093716" author="thejas" created="Tue, 12 Aug 2014 04:31:48 +0000"  >&lt;p&gt;&lt;a href=&quot;https://issues.apache.org/jira/secure/ViewProfile.jspa?name=rding&quot; class=&quot;user-hover&quot; rel=&quot;rding&quot;&gt;Richard Ding&lt;/a&gt; Thanks for the fix!&lt;br/&gt;
The package under &quot;jdbc/src/java/org/apache/hadoop/hive/jdbc/&quot; is for HiveServer1, the one for HiveServer2 is under &quot;jdbc/src/java/org/apache/hive/jdbc/&quot; . This patch updates the driver for HiveServer1, not HiveServer2. Because of the known issues in HIveServer1, it is not actively maintained and will be removed at some point. Would you like to change the patch to support HiveSErver2 ?&lt;/p&gt;</comment>
                            <comment id="14571801" author="tfriedr" created="Wed, 3 Jun 2015 23:04:22 +0000"  >&lt;p&gt;The getFunctions method in HiveDatabaseMetaData was implemented for HS2 with &lt;a href=&quot;https://issues.apache.org/jira/browse/HIVE-2935&quot; title=&quot;Implement HiveServer2&quot; class=&quot;issue-link&quot; data-issue-key=&quot;HIVE-2935&quot;&gt;&lt;del&gt;HIVE-2935&lt;/del&gt;&lt;/a&gt;.&lt;/p&gt;</comment>
                    </comments>
                <issuelinks>
                            <issuelinktype id="10032">
                    <name>Blocker</name>
                                            <outwardlinks description="blocks">
                                        <issuelink>
            <issuekey id="12854026">HIVE-11516</issuekey>
        </issuelink>
                            </outwardlinks>
                                                        </issuelinktype>
                            <issuelinktype id="12310000">
                    <name>Duplicate</name>
                                            <outwardlinks description="duplicates">
                                        <issuelink>
            <issuekey id="12550255">HIVE-2935</issuekey>
        </issuelink>
                            </outwardlinks>
                                                        </issuelinktype>
                            <issuelinktype id="10030">
                    <name>Reference</name>
                                            <outwardlinks description="relates to">
                                        <issuelink>
            <issuekey id="12733172">HIVE-7676</issuekey>
        </issuelink>
                            </outwardlinks>
                                                        </issuelinktype>
                    </issuelinks>
                <attachments>
                            <attachment id="12534075" name="HIVE-3217.patch" size="7330" author="rding" created="Sat, 30 Jun 2012 00:16:35 +0000"/>
                    </attachments>
                <subtasks>
                    </subtasks>
                <customfields>
                                                <customfield id="customfield_12310310" key="com.atlassian.jira.toolkit:attachments">
                        <customfieldname>Attachment count</customfieldname>
                        <customfieldvalues>
                            <customfieldvalue>1.0</customfieldvalue>
                        </customfieldvalues>
                    </customfield>
                                                                                                                                                                                                                                                                                                                                                                                                                                                                                                                                <customfield id="customfield_12310220" key="com.atlassian.jira.ext.charting:firstresponsedate">
                        <customfieldname>Date of First Response</customfieldname>
                        <customfieldvalues>
                            <customfieldvalue>Tue, 12 Aug 2014 04:31:48 +0000</customfieldvalue>

                        </customfieldvalues>
                    </customfield>
                                                                                                                                                                                                                                                                                                                                                                                                                                            <customfield id="customfield_12310420" key="com.pyxis.greenhopper.jira:gh-global-rank">
                        <customfieldname>Global Rank</customfieldname>
                        <customfieldvalues>
                            <customfieldvalue>247665</customfieldvalue>
                        </customfieldvalues>
                    </customfield>
                                                                                                                                                    <customfield id="customfield_12312521" key="com.atlassian.jira.toolkit:LastCommentDate">
                        <customfieldname>Last public comment date</customfieldname>
                        <customfieldvalues>
                            1 year, 26 weeks, 2 days ago
                        </customfieldvalues>
                    </customfield>
                                                                                            <customfield id="customfield_12311820" key="com.pyxis.greenhopper.jira:gh-lexo-rank">
                        <customfieldname>Rank</customfieldname>
                        <customfieldvalues>
                            <customfieldvalue>0|i08nkv:</customfieldvalue>

                        </customfieldvalues>
                    </customfield>
                                                                <customfield id="customfield_12310920" key="com.pyxis.greenhopper.jira:gh-global-rank">
                        <customfieldname>Rank (Obsolete)</customfieldname>
                        <customfieldvalues>
                            <customfieldvalue>48419</customfieldvalue>
                        </customfieldvalues>
                    </customfield>
                                                                                                                                                                                                                                                                                                                            <customfield id="customfield_12310222" key="com.atlassian.jira.ext.charting:timeinstatus">
                        <customfieldname>Time in Status</customfieldname>
                        <customfieldvalues>
                            
                        </customfieldvalues>
                    </customfield>
                                                                                                                        </customfields>
    </item>
</channel>
</rss>