<!-- 
RSS generated by JIRA (6.3.4#6332-sha1:51bc225ef474afe3128b2f66878477f322397b16) at Sun Dec 04 00:10:23 UTC 2016

It is possible to restrict the fields that are returned in this document by specifying the 'field' parameter in your request.
For example, to request only the issue key and summary add field=key&field=summary to the URL of your request.
For example:
https://issues.apache.org/jira/si/jira.issueviews:issue-xml/HIVE-6218/HIVE-6218.xml?field=key&amp;field=summary
-->
<rss version="0.92" >
<channel>
    <title>ASF JIRA</title>
    <link>https://issues.apache.org/jira</link>
    <description>This file is an XML representation of an issue</description>
    <language>en-uk</language>    <build-info>
        <version>6.3.4</version>
        <build-number>6332</build-number>
        <build-date>15-08-2014</build-date>
    </build-info>

<item>
            <title>[HIVE-6218] Stats for row-count not getting updated with Tez insert + dbclass=counter</title>
                <link>https://issues.apache.org/jira/browse/HIVE-6218</link>
                <project id="12310843" key="HIVE">Hive</project>
                    <description>&lt;p&gt;Inserting data into hive with Tez,  the stats on row-count is not getting updated when using the counter dbclass.&lt;/p&gt;

&lt;p&gt;To reproduce, run &quot;ANALYZE TABLE store_sales COMPUTE STATISTICS;&quot; with tez as the execution engine.&lt;/p&gt;</description>
                <environment></environment>
        <key id="12689387">HIVE-6218</key>
            <summary>Stats for row-count not getting updated with Tez insert + dbclass=counter</summary>
                <type id="1" iconUrl="https://issues.apache.org/jira/images/icons/issuetypes/bug.png">Bug</type>
                                            <priority id="4" iconUrl="https://issues.apache.org/jira/images/icons/priorities/minor.png">Minor</priority>
                        <status id="5" iconUrl="https://issues.apache.org/jira/images/icons/statuses/resolved.png" description="A resolution has been taken, and it is awaiting verification by reporter. From here issues are either reopened, or are closed.">Resolved</status>
                    <statusCategory id="3" key="done" colorName="green"/>
                                    <resolution id="1">Fixed</resolution>
                                        <assignee username="hagleitn">Gunther Hagleitner</assignee>
                                    <reporter username="gopalv">Gopal V</reporter>
                        <labels>
                    </labels>
                <created>Thu, 16 Jan 2014 22:47:35 +0000</created>
                <updated>Wed, 12 Feb 2014 05:21:18 +0000</updated>
                            <resolved>Wed, 12 Feb 2014 05:21:18 +0000</resolved>
                                    <version>0.13.0</version>
                                    <fixVersion>0.13.0</fixVersion>
                                    <component>Statistics</component>
                    <component>Tez</component>
                        <due></due>
                            <votes>0</votes>
                                    <watches>3</watches>
                                                                <comments>
                            <comment id="13880805" author="hagleitn" created="Fri, 24 Jan 2014 08:22:55 +0000"  >&lt;p&gt;Looked into this. Turns out that the problem is that we&apos;re running analyze as MR via Tez&apos; yarn runner. That one drops the required counters on the floor. Best fix is to probably just do the stats computation directly in Tez. I&apos;ll get on that.&lt;/p&gt;</comment>
                            <comment id="13885072" author="hagleitn" created="Wed, 29 Jan 2014 06:41:40 +0000"  >&lt;p&gt;rb: &lt;a href=&quot;https://reviews.apache.org/r/17484/&quot; class=&quot;external-link&quot; rel=&quot;nofollow&quot;&gt;https://reviews.apache.org/r/17484/&lt;/a&gt;&lt;/p&gt;</comment>
                            <comment id="13885402" author="hiveqa" created="Wed, 29 Jan 2014 14:59:46 +0000"  >

&lt;p&gt;&lt;font color=&quot;red&quot;&gt;Overall&lt;/font&gt;: -1 at least one tests failed&lt;/p&gt;

&lt;p&gt;Here are the results of testing the latest attachment:&lt;br/&gt;
&lt;a href=&quot;https://issues.apache.org/jira/secure/attachment/12625802/HIVE-6218.1.patch&quot; class=&quot;external-link&quot; rel=&quot;nofollow&quot;&gt;https://issues.apache.org/jira/secure/attachment/12625802/HIVE-6218.1.patch&lt;/a&gt;&lt;/p&gt;

&lt;p&gt;&lt;font color=&quot;red&quot;&gt;ERROR:&lt;/font&gt; -1 due to 2 failed/errored test(s), 4972 tests executed&lt;br/&gt;
&lt;b&gt;Failed tests:&lt;/b&gt;&lt;/p&gt;
&lt;div class=&quot;preformatted panel&quot; style=&quot;border-width: 1px;&quot;&gt;&lt;div class=&quot;preformattedContent panelContent&quot;&gt;
&lt;pre&gt;org.apache.hadoop.hive.cli.TestCliDriver.testCliDriver_stats_partscan_1
org.apache.hadoop.hive.cli.TestMinimrCliDriver.testCliDriver_bucket_num_reducers
&lt;/pre&gt;
&lt;/div&gt;&lt;/div&gt;

&lt;p&gt;Test results: &lt;a href=&quot;http://bigtop01.cloudera.org:8080/job/PreCommit-HIVE-Build/1097/testReport&quot; class=&quot;external-link&quot; rel=&quot;nofollow&quot;&gt;http://bigtop01.cloudera.org:8080/job/PreCommit-HIVE-Build/1097/testReport&lt;/a&gt;&lt;br/&gt;
Console output: &lt;a href=&quot;http://bigtop01.cloudera.org:8080/job/PreCommit-HIVE-Build/1097/console&quot; class=&quot;external-link&quot; rel=&quot;nofollow&quot;&gt;http://bigtop01.cloudera.org:8080/job/PreCommit-HIVE-Build/1097/console&lt;/a&gt;&lt;/p&gt;

&lt;p&gt;Messages:&lt;/p&gt;
&lt;div class=&quot;preformatted panel&quot; style=&quot;border-width: 1px;&quot;&gt;&lt;div class=&quot;preformattedContent panelContent&quot;&gt;
&lt;pre&gt;Executing org.apache.hive.ptest.execution.PrepPhase
Executing org.apache.hive.ptest.execution.ExecutionPhase
Executing org.apache.hive.ptest.execution.ReportingPhase
Tests exited with: TestsFailedException: 2 tests failed
&lt;/pre&gt;
&lt;/div&gt;&lt;/div&gt;

&lt;p&gt;This message is automatically generated.&lt;/p&gt;

&lt;p&gt;ATTACHMENT ID: 12625802&lt;/p&gt;</comment>
                            <comment id="13886180" author="hagleitn" created="Thu, 30 Jan 2014 02:11:08 +0000"  >&lt;p&gt;Fix issues w/ unit tests in .2&lt;/p&gt;</comment>
                            <comment id="13887575" author="hiveqa" created="Fri, 31 Jan 2014 09:07:50 +0000"  >

&lt;p&gt;&lt;font color=&quot;green&quot;&gt;Overall&lt;/font&gt;: +1 all checks pass&lt;/p&gt;

&lt;p&gt;Here are the results of testing the latest attachment:&lt;br/&gt;
&lt;a href=&quot;https://issues.apache.org/jira/secure/attachment/12626042/HIVE-6218.2.patch&quot; class=&quot;external-link&quot; rel=&quot;nofollow&quot;&gt;https://issues.apache.org/jira/secure/attachment/12626042/HIVE-6218.2.patch&lt;/a&gt;&lt;/p&gt;

&lt;p&gt;&lt;font color=&quot;green&quot;&gt;SUCCESS:&lt;/font&gt; +1 4980 tests passed&lt;/p&gt;

&lt;p&gt;Test results: &lt;a href=&quot;http://bigtop01.cloudera.org:8080/job/PreCommit-HIVE-Build/1124/testReport&quot; class=&quot;external-link&quot; rel=&quot;nofollow&quot;&gt;http://bigtop01.cloudera.org:8080/job/PreCommit-HIVE-Build/1124/testReport&lt;/a&gt;&lt;br/&gt;
Console output: &lt;a href=&quot;http://bigtop01.cloudera.org:8080/job/PreCommit-HIVE-Build/1124/console&quot; class=&quot;external-link&quot; rel=&quot;nofollow&quot;&gt;http://bigtop01.cloudera.org:8080/job/PreCommit-HIVE-Build/1124/console&lt;/a&gt;&lt;/p&gt;

&lt;p&gt;Messages:&lt;/p&gt;
&lt;div class=&quot;preformatted panel&quot; style=&quot;border-width: 1px;&quot;&gt;&lt;div class=&quot;preformattedContent panelContent&quot;&gt;
&lt;pre&gt;Executing org.apache.hive.ptest.execution.PrepPhase
Executing org.apache.hive.ptest.execution.ExecutionPhase
Executing org.apache.hive.ptest.execution.ReportingPhase
&lt;/pre&gt;
&lt;/div&gt;&lt;/div&gt;

&lt;p&gt;This message is automatically generated.&lt;/p&gt;

&lt;p&gt;ATTACHMENT ID: 12626042&lt;/p&gt;</comment>
                            <comment id="13893858" author="vikram.dixit" created="Thu, 6 Feb 2014 21:55:23 +0000"  >&lt;p&gt;+1&lt;/p&gt;</comment>
                            <comment id="13897056" author="hagleitn" created="Mon, 10 Feb 2014 21:42:31 +0000"  >&lt;p&gt;.3 is rebased. Needed to update the golden files since the output has changed since this patch was created.&lt;/p&gt;</comment>
                            <comment id="13898574" author="hiveqa" created="Wed, 12 Feb 2014 00:52:24 +0000"  >

&lt;p&gt;&lt;font color=&quot;red&quot;&gt;Overall&lt;/font&gt;: -1 at least one tests failed&lt;/p&gt;

&lt;p&gt;Here are the results of testing the latest attachment:&lt;br/&gt;
&lt;a href=&quot;https://issues.apache.org/jira/secure/attachment/12628066/HIVE-6218.3.patch&quot; class=&quot;external-link&quot; rel=&quot;nofollow&quot;&gt;https://issues.apache.org/jira/secure/attachment/12628066/HIVE-6218.3.patch&lt;/a&gt;&lt;/p&gt;

&lt;p&gt;&lt;font color=&quot;red&quot;&gt;ERROR:&lt;/font&gt; -1 due to 1 failed/errored test(s), 5086 tests executed&lt;br/&gt;
&lt;b&gt;Failed tests:&lt;/b&gt;&lt;/p&gt;
&lt;div class=&quot;preformatted panel&quot; style=&quot;border-width: 1px;&quot;&gt;&lt;div class=&quot;preformattedContent panelContent&quot;&gt;
&lt;pre&gt;org.apache.hadoop.hive.cli.TestCliDriver.testCliDriver_authorization_revoke_table_priv
&lt;/pre&gt;
&lt;/div&gt;&lt;/div&gt;

&lt;p&gt;Test results: &lt;a href=&quot;http://bigtop01.cloudera.org:8080/job/PreCommit-HIVE-Build/1275/testReport&quot; class=&quot;external-link&quot; rel=&quot;nofollow&quot;&gt;http://bigtop01.cloudera.org:8080/job/PreCommit-HIVE-Build/1275/testReport&lt;/a&gt;&lt;br/&gt;
Console output: &lt;a href=&quot;http://bigtop01.cloudera.org:8080/job/PreCommit-HIVE-Build/1275/console&quot; class=&quot;external-link&quot; rel=&quot;nofollow&quot;&gt;http://bigtop01.cloudera.org:8080/job/PreCommit-HIVE-Build/1275/console&lt;/a&gt;&lt;/p&gt;

&lt;p&gt;Messages:&lt;/p&gt;
&lt;div class=&quot;preformatted panel&quot; style=&quot;border-width: 1px;&quot;&gt;&lt;div class=&quot;preformattedContent panelContent&quot;&gt;
&lt;pre&gt;Executing org.apache.hive.ptest.execution.PrepPhase
Executing org.apache.hive.ptest.execution.ExecutionPhase
Executing org.apache.hive.ptest.execution.ReportingPhase
Tests exited with: TestsFailedException: 1 tests failed
&lt;/pre&gt;
&lt;/div&gt;&lt;/div&gt;

&lt;p&gt;This message is automatically generated.&lt;/p&gt;

&lt;p&gt;ATTACHMENT ID: 12628066&lt;/p&gt;</comment>
                            <comment id="13898810" author="hagleitn" created="Wed, 12 Feb 2014 05:21:18 +0000"  >&lt;p&gt;Committed to trunk.&lt;/p&gt;</comment>
                    </comments>
                <issuelinks>
                            <issuelinktype id="12310000">
                    <name>Duplicate</name>
                                            <outwardlinks description="duplicates">
                                        <issuelink>
            <issuekey id="12690901">HIVE-6295</issuekey>
        </issuelink>
                            </outwardlinks>
                                                        </issuelinktype>
                    </issuelinks>
                <attachments>
                            <attachment id="12625802" name="HIVE-6218.1.patch" size="153189" author="hagleitn" created="Wed, 29 Jan 2014 06:37:05 +0000"/>
                            <attachment id="12626042" name="HIVE-6218.2.patch" size="153838" author="hagleitn" created="Thu, 30 Jan 2014 02:11:08 +0000"/>
                            <attachment id="12628066" name="HIVE-6218.3.patch" size="170035" author="hagleitn" created="Mon, 10 Feb 2014 21:42:31 +0000"/>
                    </attachments>
                <subtasks>
                    </subtasks>
                <customfields>
                                                <customfield id="customfield_12310310" key="com.atlassian.jira.toolkit:attachments">
                        <customfieldname>Attachment count</customfieldname>
                        <customfieldvalues>
                            <customfieldvalue>3.0</customfieldvalue>
                        </customfieldvalues>
                    </customfield>
                                                                                                                                                                                                                                                                                                                                                                                                                                                                                                                                <customfield id="customfield_12310220" key="com.atlassian.jira.ext.charting:firstresponsedate">
                        <customfieldname>Date of First Response</customfieldname>
                        <customfieldvalues>
                            <customfieldvalue>Fri, 24 Jan 2014 08:22:55 +0000</customfieldvalue>

                        </customfieldvalues>
                    </customfield>
                                                                                                                                                                                                                                                                                                                                                                                                                                            <customfield id="customfield_12310420" key="com.pyxis.greenhopper.jira:gh-global-rank">
                        <customfieldname>Global Rank</customfieldname>
                        <customfieldvalues>
                            <customfieldvalue>368354</customfieldvalue>
                        </customfieldvalues>
                    </customfield>
                                                                                                                                                    <customfield id="customfield_12312521" key="com.atlassian.jira.toolkit:LastCommentDate">
                        <customfieldname>Last public comment date</customfieldname>
                        <customfieldvalues>
                            2 years, 42 weeks, 3 days ago
                        </customfieldvalues>
                    </customfield>
                                                                                            <customfield id="customfield_12311820" key="com.pyxis.greenhopper.jira:gh-lexo-rank">
                        <customfieldname>Rank</customfieldname>
                        <customfieldvalues>
                            <customfieldvalue>0|i1rhnb:</customfieldvalue>

                        </customfieldvalues>
                    </customfield>
                                                                <customfield id="customfield_12310920" key="com.pyxis.greenhopper.jira:gh-global-rank">
                        <customfieldname>Rank (Obsolete)</customfieldname>
                        <customfieldvalues>
                            <customfieldvalue>368659</customfieldvalue>
                        </customfieldvalues>
                    </customfield>
                                                                                                                                                                                                                                        <customfield id="customfield_12310230" key="com.atlassian.jira.plugin.system.customfieldtypes:textfield">
                        <customfieldname>Tags</customfieldname>
                        <customfieldvalues>
                            <customfieldvalue>tez</customfieldvalue>

                        </customfieldvalues>
                    </customfield>
                                                                                                                        <customfield id="customfield_12310222" key="com.atlassian.jira.ext.charting:timeinstatus">
                        <customfieldname>Time in Status</customfieldname>
                        <customfieldvalues>
                            
                        </customfieldvalues>
                    </customfield>
                                                                                                                        </customfields>
    </item>
</channel>
</rss>