<!-- 
RSS generated by JIRA (6.3.4#6332-sha1:51bc225ef474afe3128b2f66878477f322397b16) at Sat Dec 03 23:56:57 UTC 2016

It is possible to restrict the fields that are returned in this document by specifying the 'field' parameter in your request.
For example, to request only the issue key and summary add field=key&field=summary to the URL of your request.
For example:
https://issues.apache.org/jira/si/jira.issueviews:issue-xml/HIVE-4586/HIVE-4586.xml?field=key&amp;field=summary
-->
<rss version="0.92" >
<channel>
    <title>ASF JIRA</title>
    <link>https://issues.apache.org/jira</link>
    <description>This file is an XML representation of an issue</description>
    <language>en-uk</language>    <build-info>
        <version>6.3.4</version>
        <build-number>6332</build-number>
        <build-date>15-08-2014</build-date>
    </build-info>

<item>
            <title>[HIVE-4586] [HCatalog] WebHCat should return 404 error for undefined resource</title>
                <link>https://issues.apache.org/jira/browse/HIVE-4586</link>
                <project id="12310843" key="HIVE">Hive</project>
                    <description></description>
                <environment></environment>
        <key id="12648771">HIVE-4586</key>
            <summary>[HCatalog] WebHCat should return 404 error for undefined resource</summary>
                <type id="1" iconUrl="https://issues.apache.org/jira/images/icons/issuetypes/bug.png">Bug</type>
                                            <priority id="3" iconUrl="https://issues.apache.org/jira/images/icons/priorities/major.png">Major</priority>
                        <status id="6" iconUrl="https://issues.apache.org/jira/images/icons/statuses/closed.png" description="The issue is considered finished, the resolution is correct. Issues which are closed can be reopened.">Closed</status>
                    <statusCategory id="3" key="done" colorName="green"/>
                                    <resolution id="1">Fixed</resolution>
                                        <assignee username="daijy">Daniel Dai</assignee>
                                    <reporter username="daijy">Daniel Dai</reporter>
                        <labels>
                    </labels>
                <created>Wed, 22 May 2013 00:04:06 +0000</created>
                <updated>Tue, 15 Oct 2013 23:29:29 +0000</updated>
                            <resolved>Tue, 3 Sep 2013 19:56:31 +0000</resolved>
                                    <version>0.11.0</version>
                                    <fixVersion>0.12.0</fixVersion>
                                    <component>HCatalog</component>
                        <due></due>
                            <votes>0</votes>
                                    <watches>5</watches>
                                                                <comments>
                            <comment id="13663611" author="daijy" created="Wed, 22 May 2013 00:06:13 +0000"  >&lt;p&gt;If user request a resource which is not exist, webhcat returns a 500 error:&lt;br/&gt;
eg, &lt;a href=&quot;http://localhost:50111/templeton/v1/ddl/databae/abc?user.name=hcat&quot; class=&quot;external-link&quot; rel=&quot;nofollow&quot;&gt;http://localhost:50111/templeton/v1/ddl/databae/abc?user.name=hcat&lt;/a&gt;, misspell &quot;database&quot;&lt;/p&gt;

&lt;p&gt;This should be 400 instead.&lt;/p&gt;</comment>
                            <comment id="13663613" author="daijy" created="Wed, 22 May 2013 00:07:30 +0000"  >&lt;p&gt;Here is what WebHCat does after patch:&lt;br/&gt;
1. If misspell on the resource name, get 400&lt;br/&gt;
2. If database schema name is wrong, get 404&lt;br/&gt;
3. If some internal error (such as HCatException), get 500&lt;/p&gt;</comment>
                            <comment id="13663625" author="daijy" created="Wed, 22 May 2013 00:26:28 +0000"  >&lt;p&gt;Change case 1 to 404 as well.&lt;/p&gt;</comment>
                            <comment id="13688709" author="ekoifman" created="Thu, 20 Jun 2013 00:43:44 +0000"  >&lt;p&gt;+1&lt;/p&gt;</comment>
                            <comment id="13689270" author="sepreece" created="Thu, 20 Jun 2013 14:20:26 +0000"  >&lt;p&gt;+1&lt;/p&gt;</comment>
                            <comment id="13715432" author="ekoifman" created="Mon, 22 Jul 2013 17:40:38 +0000"  >&lt;p&gt;Does this affect WebHCat e2e tests?  (recorded results)&lt;/p&gt;</comment>
                            <comment id="13721189" author="alangates" created="Fri, 26 Jul 2013 20:41:25 +0000"  >&lt;p&gt;Applying the patch results in a significant number of checkstyle failures.&lt;/p&gt;</comment>
                            <comment id="13721352" author="alangates" created="Fri, 26 Jul 2013 23:09:24 +0000"  >&lt;p&gt;Turns out the checkstyle problem is separate.  Returning this to patch available.&lt;/p&gt;</comment>
                            <comment id="13721650" author="alangates" created="Sat, 27 Jul 2013 15:06:04 +0000"  >&lt;p&gt;When I run the unit tests on this I see Test org.apache.hcatalog.templeton.TestWebHCatE2e failing.  Other than that everything looks good.&lt;/p&gt;</comment>
                            <comment id="13721754" author="ekoifman" created="Sat, 27 Jul 2013 21:05:53 +0000"  >&lt;p&gt;That test suite was added after Daniel made the patch&lt;/p&gt;</comment>
                            <comment id="13731367" author="alangates" created="Tue, 6 Aug 2013 22:13:46 +0000"  >&lt;p&gt;That&apos;s fine, but the test still needs to pass once the code is checked in.  A new version of the patch needs to be provided that doesn&apos;t break that test.&lt;/p&gt;</comment>
                            <comment id="13732223" author="daijy" created="Wed, 7 Aug 2013 17:58:09 +0000"  >&lt;p&gt;&lt;a href=&quot;https://issues.apache.org/jira/browse/HIVE-4586&quot; title=&quot;[HCatalog] WebHCat should return 404 error for undefined resource&quot; class=&quot;issue-link&quot; data-issue-key=&quot;HIVE-4586&quot;&gt;&lt;del&gt;HIVE-4586&lt;/del&gt;&lt;/a&gt;-2.patch resync with trunk and fix unit test failure.&lt;/p&gt;</comment>
                            <comment id="13742674" author="ekoifman" created="Fri, 16 Aug 2013 22:31:10 +0000"  >&lt;p&gt;+1&lt;/p&gt;</comment>
                            <comment id="13756991" author="daijy" created="Tue, 3 Sep 2013 19:56:31 +0000"  >&lt;p&gt;Patch committed to trunk.&lt;/p&gt;</comment>
                            <comment id="13757778" author="hudson" created="Wed, 4 Sep 2013 13:52:47 +0000"  >&lt;p&gt;FAILURE: Integrated in Hive-trunk-hadoop2 #403 (See &lt;a href=&quot;https://builds.apache.org/job/Hive-trunk-hadoop2/403/&quot; class=&quot;external-link&quot; rel=&quot;nofollow&quot;&gt;https://builds.apache.org/job/Hive-trunk-hadoop2/403/&lt;/a&gt;)&lt;br/&gt;
&lt;a href=&quot;https://issues.apache.org/jira/browse/HIVE-4586&quot; title=&quot;[HCatalog] WebHCat should return 404 error for undefined resource&quot; class=&quot;issue-link&quot; data-issue-key=&quot;HIVE-4586&quot;&gt;&lt;del&gt;HIVE-4586&lt;/del&gt;&lt;/a&gt; - WebHCat should return 404 error for undefined resource (Daniel Dai) (daijy: &lt;a href=&quot;http://svn.apache.org/viewcvs.cgi/?root=Apache-SVN&amp;amp;view=rev&amp;amp;rev=1519818&quot; class=&quot;external-link&quot; rel=&quot;nofollow&quot;&gt;http://svn.apache.org/viewcvs.cgi/?root=Apache-SVN&amp;amp;view=rev&amp;amp;rev=1519818&lt;/a&gt;)&lt;/p&gt;
&lt;ul&gt;
	&lt;li&gt;/hive/trunk/RELEASE_NOTES.txt&lt;/li&gt;
	&lt;li&gt;/hive/trunk/hcatalog/webhcat/svr/src/main/java/org/apache/hcatalog/templeton/CatchallExceptionMapper.java&lt;/li&gt;
	&lt;li&gt;/hive/trunk/hcatalog/webhcat/svr/src/test/java/org/apache/hcatalog/templeton/TestWebHCatE2e.java&lt;/li&gt;
&lt;/ul&gt;
</comment>
                            <comment id="13757854" author="hudson" created="Wed, 4 Sep 2013 15:16:15 +0000"  >&lt;p&gt;FAILURE: Integrated in Hive-trunk-hadoop2-ptest #83 (See &lt;a href=&quot;https://builds.apache.org/job/Hive-trunk-hadoop2-ptest/83/&quot; class=&quot;external-link&quot; rel=&quot;nofollow&quot;&gt;https://builds.apache.org/job/Hive-trunk-hadoop2-ptest/83/&lt;/a&gt;)&lt;br/&gt;
&lt;a href=&quot;https://issues.apache.org/jira/browse/HIVE-4586&quot; title=&quot;[HCatalog] WebHCat should return 404 error for undefined resource&quot; class=&quot;issue-link&quot; data-issue-key=&quot;HIVE-4586&quot;&gt;&lt;del&gt;HIVE-4586&lt;/del&gt;&lt;/a&gt; - WebHCat should return 404 error for undefined resource (Daniel Dai) (daijy: &lt;a href=&quot;http://svn.apache.org/viewcvs.cgi/?root=Apache-SVN&amp;amp;view=rev&amp;amp;rev=1519818&quot; class=&quot;external-link&quot; rel=&quot;nofollow&quot;&gt;http://svn.apache.org/viewcvs.cgi/?root=Apache-SVN&amp;amp;view=rev&amp;amp;rev=1519818&lt;/a&gt;)&lt;/p&gt;
&lt;ul&gt;
	&lt;li&gt;/hive/trunk/RELEASE_NOTES.txt&lt;/li&gt;
	&lt;li&gt;/hive/trunk/hcatalog/webhcat/svr/src/main/java/org/apache/hcatalog/templeton/CatchallExceptionMapper.java&lt;/li&gt;
	&lt;li&gt;/hive/trunk/hcatalog/webhcat/svr/src/test/java/org/apache/hcatalog/templeton/TestWebHCatE2e.java&lt;/li&gt;
&lt;/ul&gt;
</comment>
                            <comment id="13757957" author="hudson" created="Wed, 4 Sep 2013 17:03:17 +0000"  >&lt;p&gt;FAILURE: Integrated in Hive-trunk-hadoop1-ptest #150 (See &lt;a href=&quot;https://builds.apache.org/job/Hive-trunk-hadoop1-ptest/150/&quot; class=&quot;external-link&quot; rel=&quot;nofollow&quot;&gt;https://builds.apache.org/job/Hive-trunk-hadoop1-ptest/150/&lt;/a&gt;)&lt;br/&gt;
&lt;a href=&quot;https://issues.apache.org/jira/browse/HIVE-4586&quot; title=&quot;[HCatalog] WebHCat should return 404 error for undefined resource&quot; class=&quot;issue-link&quot; data-issue-key=&quot;HIVE-4586&quot;&gt;&lt;del&gt;HIVE-4586&lt;/del&gt;&lt;/a&gt; - WebHCat should return 404 error for undefined resource (Daniel Dai) (daijy: &lt;a href=&quot;http://svn.apache.org/viewcvs.cgi/?root=Apache-SVN&amp;amp;view=rev&amp;amp;rev=1519818&quot; class=&quot;external-link&quot; rel=&quot;nofollow&quot;&gt;http://svn.apache.org/viewcvs.cgi/?root=Apache-SVN&amp;amp;view=rev&amp;amp;rev=1519818&lt;/a&gt;)&lt;/p&gt;
&lt;ul&gt;
	&lt;li&gt;/hive/trunk/RELEASE_NOTES.txt&lt;/li&gt;
	&lt;li&gt;/hive/trunk/hcatalog/webhcat/svr/src/main/java/org/apache/hcatalog/templeton/CatchallExceptionMapper.java&lt;/li&gt;
	&lt;li&gt;/hive/trunk/hcatalog/webhcat/svr/src/test/java/org/apache/hcatalog/templeton/TestWebHCatE2e.java&lt;/li&gt;
&lt;/ul&gt;
</comment>
                            <comment id="13758027" author="hudson" created="Wed, 4 Sep 2013 17:43:12 +0000"  >&lt;p&gt;SUCCESS: Integrated in Hive-trunk-h0.21 #2309 (See &lt;a href=&quot;https://builds.apache.org/job/Hive-trunk-h0.21/2309/&quot; class=&quot;external-link&quot; rel=&quot;nofollow&quot;&gt;https://builds.apache.org/job/Hive-trunk-h0.21/2309/&lt;/a&gt;)&lt;br/&gt;
&lt;a href=&quot;https://issues.apache.org/jira/browse/HIVE-4586&quot; title=&quot;[HCatalog] WebHCat should return 404 error for undefined resource&quot; class=&quot;issue-link&quot; data-issue-key=&quot;HIVE-4586&quot;&gt;&lt;del&gt;HIVE-4586&lt;/del&gt;&lt;/a&gt; - WebHCat should return 404 error for undefined resource (Daniel Dai) (daijy: &lt;a href=&quot;http://svn.apache.org/viewcvs.cgi/?root=Apache-SVN&amp;amp;view=rev&amp;amp;rev=1519818&quot; class=&quot;external-link&quot; rel=&quot;nofollow&quot;&gt;http://svn.apache.org/viewcvs.cgi/?root=Apache-SVN&amp;amp;view=rev&amp;amp;rev=1519818&lt;/a&gt;)&lt;/p&gt;
&lt;ul&gt;
	&lt;li&gt;/hive/trunk/RELEASE_NOTES.txt&lt;/li&gt;
	&lt;li&gt;/hive/trunk/hcatalog/webhcat/svr/src/main/java/org/apache/hcatalog/templeton/CatchallExceptionMapper.java&lt;/li&gt;
	&lt;li&gt;/hive/trunk/hcatalog/webhcat/svr/src/test/java/org/apache/hcatalog/templeton/TestWebHCatE2e.java&lt;/li&gt;
&lt;/ul&gt;
</comment>
                            <comment id="13795901" author="ashutoshc" created="Tue, 15 Oct 2013 23:29:29 +0000"  >&lt;p&gt;This issue has been fixed and released as part of 0.12 release. If you find further issues, please create a new jira and link it to this one.&lt;/p&gt;</comment>
                    </comments>
                <issuelinks>
                            <issuelinktype id="12310000">
                    <name>Duplicate</name>
                                                                <inwardlinks description="is duplicated by">
                                        <issuelink>
            <issuekey id="12658782">HIVE-4893</issuekey>
        </issuelink>
                            </inwardlinks>
                                    </issuelinktype>
                    </issuelinks>
                <attachments>
                            <attachment id="12584207" name="HIVE-4586-1.patch" size="991" author="daijy" created="Wed, 22 May 2013 00:25:59 +0000"/>
                            <attachment id="12596666" name="HIVE-4586-2.patch" size="2870" author="daijy" created="Wed, 7 Aug 2013 17:58:09 +0000"/>
                    </attachments>
                <subtasks>
                    </subtasks>
                <customfields>
                                                <customfield id="customfield_12310310" key="com.atlassian.jira.toolkit:attachments">
                        <customfieldname>Attachment count</customfieldname>
                        <customfieldvalues>
                            <customfieldvalue>2.0</customfieldvalue>
                        </customfieldvalues>
                    </customfield>
                                                                                                                                                                                                                                                                                                                                                                                                                                                                                                                                <customfield id="customfield_12310220" key="com.atlassian.jira.ext.charting:firstresponsedate">
                        <customfieldname>Date of First Response</customfieldname>
                        <customfieldvalues>
                            <customfieldvalue>Thu, 20 Jun 2013 00:43:44 +0000</customfieldvalue>

                        </customfieldvalues>
                    </customfield>
                                                                                                                                                                                                                                                                                                                                                                                                                                            <customfield id="customfield_12310420" key="com.pyxis.greenhopper.jira:gh-global-rank">
                        <customfieldname>Global Rank</customfieldname>
                        <customfieldvalues>
                            <customfieldvalue>329101</customfieldvalue>
                        </customfieldvalues>
                    </customfield>
                                                                <customfield id="customfield_12310191" key="com.atlassian.jira.plugin.system.customfieldtypes:multicheckboxes">
                        <customfieldname>Hadoop Flags</customfieldname>
                        <customfieldvalues>
                                <customfieldvalue key="10343"><![CDATA[Reviewed]]></customfieldvalue>
    
                        </customfieldvalues>
                    </customfield>
                                                                                                                        <customfield id="customfield_12312521" key="com.atlassian.jira.toolkit:LastCommentDate">
                        <customfieldname>Last public comment date</customfieldname>
                        <customfieldvalues>
                            3 years, 7 weeks, 4 days ago
                        </customfieldvalues>
                    </customfield>
                                                                                            <customfield id="customfield_12311820" key="com.pyxis.greenhopper.jira:gh-lexo-rank">
                        <customfieldname>Rank</customfieldname>
                        <customfieldvalues>
                            <customfieldvalue>0|i1ks3j:</customfieldvalue>

                        </customfieldvalues>
                    </customfield>
                                                                <customfield id="customfield_12310920" key="com.pyxis.greenhopper.jira:gh-global-rank">
                        <customfieldname>Rank (Obsolete)</customfieldname>
                        <customfieldvalues>
                            <customfieldvalue>329441</customfieldvalue>
                        </customfieldvalues>
                    </customfield>
                                                                                                                                                                                                                                                                                                                            <customfield id="customfield_12310222" key="com.atlassian.jira.ext.charting:timeinstatus">
                        <customfieldname>Time in Status</customfieldname>
                        <customfieldvalues>
                            
                        </customfieldvalues>
                    </customfield>
                                                                                                                        </customfields>
    </item>
</channel>
</rss>