<!-- 
RSS generated by JIRA (6.3.4#6332-sha1:51bc225ef474afe3128b2f66878477f322397b16) at Sat Dec 03 01:03:36 UTC 2016

It is possible to restrict the fields that are returned in this document by specifying the 'field' parameter in your request.
For example, to request only the issue key and summary add field=key&field=summary to the URL of your request.
For example:
https://issues.apache.org/jira/si/jira.issueviews:issue-xml/HIVE-1399/HIVE-1399.xml?field=key&amp;field=summary
-->
<rss version="0.92" >
<channel>
    <title>ASF JIRA</title>
    <link>https://issues.apache.org/jira</link>
    <description>This file is an XML representation of an issue</description>
    <language>en-uk</language>    <build-info>
        <version>6.3.4</version>
        <build-number>6332</build-number>
        <build-date>15-08-2014</build-date>
    </build-info>

<item>
            <title>[HIVE-1399] Nested UDAFs cause Hive Internal Error (NullPointerException)</title>
                <link>https://issues.apache.org/jira/browse/HIVE-1399</link>
                <project id="12310843" key="HIVE">Hive</project>
                    <description>&lt;p&gt;This query does not make &quot;real-world&quot; sense, and I&apos;m guessing it&apos;s not even supported by HQL/SQL, but I&apos;m pretty sure that it shouldn&apos;t be causing an internal error with a NullPointerException. &quot;normal&quot; just has one column called &quot;val&quot;. I&apos;m running on trunk, svn updated 5 minutes ago, ant clean package.&lt;/p&gt;

&lt;p&gt;SELECT percentile(val, percentile(val, 0.5)) FROM normal;&lt;/p&gt;

&lt;p&gt;FAILED: Hive Internal Error: java.lang.NullPointerException(null)&lt;br/&gt;
java.lang.NullPointerException&lt;br/&gt;
	at org.apache.hadoop.hive.ql.plan.ExprNodeGenericFuncDesc.newInstance(ExprNodeGenericFuncDesc.java:153)&lt;br/&gt;
	at org.apache.hadoop.hive.ql.parse.TypeCheckProcFactory$DefaultExprProcessor.getXpathOrFuncExprNodeDesc(TypeCheckProcFactory.java:587)&lt;br/&gt;
	at org.apache.hadoop.hive.ql.parse.TypeCheckProcFactory$DefaultExprProcessor.process(TypeCheckProcFactory.java:708)&lt;br/&gt;
	at org.apache.hadoop.hive.ql.lib.DefaultRuleDispatcher.dispatch(DefaultRuleDispatcher.java:89)&lt;br/&gt;
	at org.apache.hadoop.hive.ql.lib.DefaultGraphWalker.dispatch(DefaultGraphWalker.java:88)&lt;br/&gt;
	at org.apache.hadoop.hive.ql.lib.DefaultGraphWalker.walk(DefaultGraphWalker.java:128)&lt;br/&gt;
	at org.apache.hadoop.hive.ql.lib.DefaultGraphWalker.startWalking(DefaultGraphWalker.java:102)&lt;br/&gt;
	at org.apache.hadoop.hive.ql.parse.SemanticAnalyzer.genExprNodeDesc(SemanticAnalyzer.java:6241)&lt;br/&gt;
	at org.apache.hadoop.hive.ql.parse.SemanticAnalyzer.genGroupByPlanMapGroupByOperator(SemanticAnalyzer.java:2301)&lt;br/&gt;
	at org.apache.hadoop.hive.ql.parse.SemanticAnalyzer.genGroupByPlanMapAggr1MR(SemanticAnalyzer.java:2860)&lt;br/&gt;
	at org.apache.hadoop.hive.ql.parse.SemanticAnalyzer.genBodyPlan(SemanticAnalyzer.java:5002)&lt;br/&gt;
	at org.apache.hadoop.hive.ql.parse.SemanticAnalyzer.genPlan(SemanticAnalyzer.java:5524)&lt;br/&gt;
	at org.apache.hadoop.hive.ql.parse.SemanticAnalyzer.analyzeInternal(SemanticAnalyzer.java:6055)&lt;br/&gt;
	at org.apache.hadoop.hive.ql.parse.BaseSemanticAnalyzer.analyze(BaseSemanticAnalyzer.java:126)&lt;br/&gt;
	at org.apache.hadoop.hive.ql.Driver.compile(Driver.java:304)&lt;br/&gt;
	at org.apache.hadoop.hive.ql.Driver.run(Driver.java:377)&lt;br/&gt;
	at org.apache.hadoop.hive.cli.CliDriver.processCmd(CliDriver.java:138)&lt;br/&gt;
	at org.apache.hadoop.hive.cli.CliDriver.processLine(CliDriver.java:197)&lt;br/&gt;
	at org.apache.hadoop.hive.cli.CliDriver.main(CliDriver.java:303)&lt;br/&gt;
	at sun.reflect.NativeMethodAccessorImpl.invoke0(Native Method)&lt;br/&gt;
	at sun.reflect.NativeMethodAccessorImpl.invoke(NativeMethodAccessorImpl.java:39)&lt;br/&gt;
	at sun.reflect.DelegatingMethodAccessorImpl.invoke(DelegatingMethodAccessorImpl.java:25)&lt;br/&gt;
	at java.lang.reflect.Method.invoke(Method.java:597)&lt;br/&gt;
	at org.apache.hadoop.util.RunJar.main(RunJar.java:156)&lt;/p&gt;



&lt;p&gt;I&apos;ve also recreated this error with a GenericUDAF I&apos;m writing, and also with the following:&lt;/p&gt;

&lt;p&gt;SELECT percentile(val, percentile()) FROM normal;   &lt;br/&gt;
SELECT avg(variance(dob_year)) FROM somedata;     // this makes no sense, but still a NullPointerException&lt;/p&gt;</description>
                <environment></environment>
        <key id="12466678">HIVE-1399</key>
            <summary>Nested UDAFs cause Hive Internal Error (NullPointerException)</summary>
                <type id="1" iconUrl="https://issues.apache.org/jira/images/icons/issuetypes/bug.png">Bug</type>
                                            <priority id="3" iconUrl="https://issues.apache.org/jira/images/icons/priorities/major.png">Major</priority>
                        <status id="6" iconUrl="https://issues.apache.org/jira/images/icons/statuses/closed.png" description="The issue is considered finished, the resolution is correct. Issues which are closed can be reopened.">Closed</status>
                    <statusCategory id="3" key="done" colorName="green"/>
                                    <resolution id="1">Fixed</resolution>
                                        <assignee username="afokken">Adam Fokken</assignee>
                                    <reporter username="mayanklahiri">Mayank Lahiri</reporter>
                        <labels>
                    </labels>
                <created>Thu, 10 Jun 2010 18:21:25 +0000</created>
                <updated>Fri, 11 Jan 2013 00:25:59 +0000</updated>
                            <resolved>Fri, 11 Jan 2013 00:25:50 +0000</resolved>
                                    <version>0.9.0</version>
                                    <fixVersion>0.10.0</fixVersion>
                                    <component>Query Processor</component>
                        <due></due>
                            <votes>1</votes>
                                    <watches>9</watches>
                                                                <comments>
                            <comment id="13119097" author="jiraposter@reviews.apache.org" created="Sun, 2 Oct 2011 22:54:34 +0000"  >
&lt;p&gt;-----------------------------------------------------------&lt;br/&gt;
This is an automatically generated e-mail. To reply, visit:&lt;br/&gt;
&lt;a href=&quot;https://reviews.apache.org/r/2146/&quot; class=&quot;external-link&quot; rel=&quot;nofollow&quot;&gt;https://reviews.apache.org/r/2146/&lt;/a&gt;&lt;br/&gt;
-----------------------------------------------------------&lt;/p&gt;

&lt;p&gt;Review request for hive.&lt;/p&gt;


&lt;p&gt;Summary&lt;br/&gt;
-------&lt;/p&gt;

&lt;p&gt;&lt;a href=&quot;https://issues.apache.org/jira/browse/HIVE-1399&quot; title=&quot;Nested UDAFs cause Hive Internal Error (NullPointerException)&quot; class=&quot;issue-link&quot; data-issue-key=&quot;HIVE-1399&quot;&gt;&lt;del&gt;HIVE-1399&lt;/del&gt;&lt;/a&gt; - fix for null pointer with nested UDAFs&lt;/p&gt;


&lt;p&gt;This addresses bug &lt;a href=&quot;https://issues.apache.org/jira/browse/HIVE-1399&quot; title=&quot;Nested UDAFs cause Hive Internal Error (NullPointerException)&quot; class=&quot;issue-link&quot; data-issue-key=&quot;HIVE-1399&quot;&gt;&lt;del&gt;HIVE-1399&lt;/del&gt;&lt;/a&gt;.&lt;br/&gt;
    &lt;a href=&quot;https://issues.apache.org/jira/browse/HIVE-1399&quot; class=&quot;external-link&quot; rel=&quot;nofollow&quot;&gt;https://issues.apache.org/jira/browse/HIVE-1399&lt;/a&gt;&lt;/p&gt;


&lt;p&gt;Diffs&lt;/p&gt;
&lt;hr /&gt;

&lt;p&gt;  ql/src/java/org/apache/hadoop/hive/ql/parse/ErrorMsg.java 2798eaa &lt;br/&gt;
  ql/src/java/org/apache/hadoop/hive/ql/parse/TypeCheckProcFactory.java 0fd4eb9 &lt;br/&gt;
  ql/src/test/queries/clientnegative/udaf_not_supported1.q e69de29 &lt;br/&gt;
  ql/src/test/results/clientnegative/udaf_not_supported1.q.out e69de29 &lt;/p&gt;

&lt;p&gt;Diff: &lt;a href=&quot;https://reviews.apache.org/r/2146/diff&quot; class=&quot;external-link&quot; rel=&quot;nofollow&quot;&gt;https://reviews.apache.org/r/2146/diff&lt;/a&gt;&lt;/p&gt;


&lt;p&gt;Testing&lt;br/&gt;
-------&lt;/p&gt;


&lt;p&gt;Thanks,&lt;/p&gt;

&lt;p&gt;Adam&lt;/p&gt;
</comment>
                            <comment id="13128455" author="ashutoshc" created="Sun, 16 Oct 2011 17:30:11 +0000"  >&lt;p&gt;Looks good to me.&lt;br/&gt;
@Adam&lt;br/&gt;
You need to mark the issue as Patch Available so that it shows up in patch queue for commit.&lt;/p&gt;
</comment>
                            <comment id="13129090" author="jiraposter@reviews.apache.org" created="Mon, 17 Oct 2011 19:05:10 +0000"  >
&lt;p&gt;-----------------------------------------------------------&lt;br/&gt;
This is an automatically generated e-mail. To reply, visit:&lt;br/&gt;
&lt;a href=&quot;https://reviews.apache.org/r/2146/#review2625&quot; class=&quot;external-link&quot; rel=&quot;nofollow&quot;&gt;https://reviews.apache.org/r/2146/#review2625&lt;/a&gt;&lt;br/&gt;
-----------------------------------------------------------&lt;/p&gt;



&lt;p&gt;ql/src/java/org/apache/hadoop/hive/ql/parse/ErrorMsg.java&lt;br/&gt;
&amp;lt;&lt;a href=&quot;https://reviews.apache.org/r/2146/#comment5933&quot; class=&quot;external-link&quot; rel=&quot;nofollow&quot;&gt;https://reviews.apache.org/r/2146/#comment5933&lt;/a&gt;&amp;gt;&lt;/p&gt;

&lt;p&gt;    Need a better error message here since&lt;/p&gt;

&lt;p&gt;    (a) this validation rule applies to builtin aggregate function such as SUM also (so we should just refer to &quot;aggregate functions&quot; rather than UDAF&apos;s)&lt;/p&gt;

&lt;p&gt;    (b) this error message also shows up if you try to use an aggregate function in the WHERE clause (or anywhere other than SELECT/HAVING)&lt;/p&gt;

&lt;p&gt;    So either we need to discriminate the two contexts, or else come up with a wording that covers both without causing confusion.&lt;/p&gt;



&lt;ul class=&quot;alternate&quot; type=&quot;square&quot;&gt;
	&lt;li&gt;John&lt;/li&gt;
&lt;/ul&gt;



&lt;p&gt;On 2011-10-02 22:54:26, Adam Fokken wrote:&lt;/p&gt;
&lt;blockquote&gt;&lt;p&gt;&lt;/p&gt;&lt;/blockquote&gt;
&lt;blockquote&gt;&lt;p&gt;-----------------------------------------------------------&lt;/p&gt;&lt;/blockquote&gt;
&lt;blockquote&gt;&lt;p&gt;This is an automatically generated e-mail. To reply, visit:&lt;/p&gt;&lt;/blockquote&gt;
&lt;blockquote&gt;&lt;p&gt;&lt;a href=&quot;https://reviews.apache.org/r/2146/&quot; class=&quot;external-link&quot; rel=&quot;nofollow&quot;&gt;https://reviews.apache.org/r/2146/&lt;/a&gt;&lt;/p&gt;&lt;/blockquote&gt;
&lt;blockquote&gt;&lt;p&gt;-----------------------------------------------------------&lt;/p&gt;&lt;/blockquote&gt;
&lt;blockquote&gt;&lt;p&gt;&lt;/p&gt;&lt;/blockquote&gt;
&lt;blockquote&gt;&lt;p&gt;(Updated 2011-10-02 22:54:26)&lt;/p&gt;&lt;/blockquote&gt;
&lt;blockquote&gt;&lt;p&gt;&lt;/p&gt;&lt;/blockquote&gt;
&lt;blockquote&gt;&lt;p&gt;&lt;/p&gt;&lt;/blockquote&gt;
&lt;blockquote&gt;&lt;p&gt;Review request for hive.&lt;/p&gt;&lt;/blockquote&gt;
&lt;blockquote&gt;&lt;p&gt;&lt;/p&gt;&lt;/blockquote&gt;
&lt;blockquote&gt;&lt;p&gt;&lt;/p&gt;&lt;/blockquote&gt;
&lt;blockquote&gt;&lt;p&gt;Summary&lt;/p&gt;&lt;/blockquote&gt;
&lt;blockquote&gt;&lt;p&gt;-------&lt;/p&gt;&lt;/blockquote&gt;
&lt;blockquote&gt;&lt;p&gt;&lt;/p&gt;&lt;/blockquote&gt;
&lt;blockquote&gt;&lt;p&gt;&lt;a href=&quot;https://issues.apache.org/jira/browse/HIVE-1399&quot; title=&quot;Nested UDAFs cause Hive Internal Error (NullPointerException)&quot; class=&quot;issue-link&quot; data-issue-key=&quot;HIVE-1399&quot;&gt;&lt;del&gt;HIVE-1399&lt;/del&gt;&lt;/a&gt; - fix for null pointer with nested UDAFs&lt;/p&gt;&lt;/blockquote&gt;
&lt;blockquote&gt;&lt;p&gt;&lt;/p&gt;&lt;/blockquote&gt;
&lt;blockquote&gt;&lt;p&gt;&lt;/p&gt;&lt;/blockquote&gt;
&lt;blockquote&gt;&lt;p&gt;This addresses bug &lt;a href=&quot;https://issues.apache.org/jira/browse/HIVE-1399&quot; title=&quot;Nested UDAFs cause Hive Internal Error (NullPointerException)&quot; class=&quot;issue-link&quot; data-issue-key=&quot;HIVE-1399&quot;&gt;&lt;del&gt;HIVE-1399&lt;/del&gt;&lt;/a&gt;.&lt;/p&gt;&lt;/blockquote&gt;
&lt;blockquote&gt;&lt;p&gt;&lt;a href=&quot;https://issues.apache.org/jira/browse/HIVE-1399&quot; class=&quot;external-link&quot; rel=&quot;nofollow&quot;&gt;https://issues.apache.org/jira/browse/HIVE-1399&lt;/a&gt;&lt;/p&gt;&lt;/blockquote&gt;
&lt;blockquote&gt;&lt;p&gt;&lt;/p&gt;&lt;/blockquote&gt;
&lt;blockquote&gt;&lt;p&gt;&lt;/p&gt;&lt;/blockquote&gt;
&lt;blockquote&gt;&lt;p&gt;Diffs&lt;/p&gt;&lt;/blockquote&gt;
&lt;blockquote&gt;&lt;p&gt;-----&lt;/p&gt;&lt;/blockquote&gt;
&lt;blockquote&gt;&lt;p&gt;&lt;/p&gt;&lt;/blockquote&gt;
&lt;blockquote&gt;&lt;p&gt;ql/src/java/org/apache/hadoop/hive/ql/parse/ErrorMsg.java 2798eaa &lt;/p&gt;&lt;/blockquote&gt;
&lt;blockquote&gt;&lt;p&gt;ql/src/java/org/apache/hadoop/hive/ql/parse/TypeCheckProcFactory.java 0fd4eb9 &lt;/p&gt;&lt;/blockquote&gt;
&lt;blockquote&gt;&lt;p&gt;ql/src/test/queries/clientnegative/udaf_not_supported1.q e69de29 &lt;/p&gt;&lt;/blockquote&gt;
&lt;blockquote&gt;&lt;p&gt;ql/src/test/results/clientnegative/udaf_not_supported1.q.out e69de29 &lt;/p&gt;&lt;/blockquote&gt;
&lt;blockquote&gt;&lt;p&gt;&lt;/p&gt;&lt;/blockquote&gt;
&lt;blockquote&gt;&lt;p&gt;Diff: &lt;a href=&quot;https://reviews.apache.org/r/2146/diff&quot; class=&quot;external-link&quot; rel=&quot;nofollow&quot;&gt;https://reviews.apache.org/r/2146/diff&lt;/a&gt;&lt;/p&gt;&lt;/blockquote&gt;
&lt;blockquote&gt;&lt;p&gt;&lt;/p&gt;&lt;/blockquote&gt;
&lt;blockquote&gt;&lt;p&gt;&lt;/p&gt;&lt;/blockquote&gt;
&lt;blockquote&gt;&lt;p&gt;Testing&lt;/p&gt;&lt;/blockquote&gt;
&lt;blockquote&gt;&lt;p&gt;-------&lt;/p&gt;&lt;/blockquote&gt;
&lt;blockquote&gt;&lt;p&gt;&lt;/p&gt;&lt;/blockquote&gt;
&lt;blockquote&gt;&lt;p&gt;&lt;/p&gt;&lt;/blockquote&gt;
&lt;blockquote&gt;&lt;p&gt;Thanks,&lt;/p&gt;&lt;/blockquote&gt;
&lt;blockquote&gt;&lt;p&gt;&lt;/p&gt;&lt;/blockquote&gt;
&lt;blockquote&gt;&lt;p&gt;Adam&lt;/p&gt;&lt;/blockquote&gt;
&lt;blockquote&gt;&lt;p&gt;&lt;/p&gt;&lt;/blockquote&gt;
&lt;blockquote&gt;&lt;p&gt;&lt;/p&gt;&lt;/blockquote&gt;
</comment>
                            <comment id="13129091" author="jvs" created="Mon, 17 Oct 2011 19:05:18 +0000"  >&lt;p&gt;Other than error message details, patch looks good.&lt;/p&gt;</comment>
                            <comment id="13184682" author="shrijeet" created="Thu, 12 Jan 2012 02:53:00 +0000"  >&lt;p&gt;Hello folks. I think there are more issues. I saw an NPE today on a query which did not have a nested UDAF. I applied the patch and it gave me &quot;not allowed error&quot; . Here is the query : &lt;/p&gt;

&lt;div class=&quot;preformatted panel&quot; style=&quot;border-width: 1px;&quot;&gt;&lt;div class=&quot;preformattedContent panelContent&quot;&gt;
&lt;pre&gt;select p_id as pid, 
       sum(1) as reqs
from table
where date = 20120110
and (p_id = 15368 or p_id = 15369 or p_id = 15370)
group by p_id, 
       sum(1)
&lt;/pre&gt;
&lt;/div&gt;&lt;/div&gt;

&lt;p&gt;What am I missing here. This should be allowed, no?&lt;/p&gt;</comment>
                            <comment id="13184683" author="shrijeet" created="Thu, 12 Jan 2012 02:54:56 +0000"  >&lt;p&gt;My version is 0.8-r2 . Last commit : 0f94fa57d516a8c994dacc1d62c6eab9854f368e&lt;/p&gt;</comment>
                            <comment id="13402762" author="appodictic" created="Thu, 28 Jun 2012 01:29:18 +0000"  >&lt;p&gt;All. This patch looks good. Lets not let this sit over an error message. &lt;/p&gt;

&lt;blockquote&gt;
&lt;p&gt;Aggregate functions should not be nested and can not be in a clause other than a SELECT or HAVING clause. &lt;/p&gt;&lt;/blockquote&gt;</comment>
                            <comment id="13527307" author="ashutoshc" created="Sun, 9 Dec 2012 00:37:01 +0000"  >&lt;p&gt;I agree. Ed, your error message looks appropriate to me. Can you update the patch with that? After that, please commit the patch if tests pass.&lt;/p&gt;</comment>
                            <comment id="13550491" author="brocknoland" created="Thu, 10 Jan 2013 22:08:41 +0000"  >&lt;p&gt;Hi Adam,&lt;/p&gt;

&lt;p&gt;I haven&apos;t seen an update in a while. Do you mind if I take this up?&lt;/p&gt;

&lt;p&gt;Brock&lt;/p&gt;</comment>
                            <comment id="13550517" author="ashutoshc" created="Thu, 10 Jan 2013 22:33:57 +0000"  >&lt;p&gt;Sure, please go ahead.&lt;/p&gt;</comment>
                            <comment id="13550532" author="afokken" created="Thu, 10 Jan 2013 22:48:12 +0000"  >&lt;p&gt;Yes. Please do.&lt;/p&gt;
</comment>
                            <comment id="13550546" author="brocknoland" created="Thu, 10 Jan 2013 22:59:55 +0000"  >&lt;p&gt;OK great! I&apos;ll have an updated patch shortly. Doesn&apos;t look like I have privileges to assign the jira to myself.&lt;/p&gt;</comment>
                            <comment id="13550579" author="brocknoland" created="Fri, 11 Jan 2013 00:05:06 +0000"  >&lt;p&gt;Hi,&lt;/p&gt;

&lt;p&gt;I think we can close this issue and link it to &lt;a href=&quot;https://issues.apache.org/jira/browse/HIVE-2956&quot; title=&quot;[hive] Provide error message when using UDAF in the place of UDF instead of throwing NPE&quot; class=&quot;issue-link&quot; data-issue-key=&quot;HIVE-2956&quot;&gt;&lt;del&gt;HIVE-2956&lt;/del&gt;&lt;/a&gt;. &lt;a href=&quot;https://issues.apache.org/jira/browse/HIVE-2956&quot; title=&quot;[hive] Provide error message when using UDAF in the place of UDF instead of throwing NPE&quot; class=&quot;issue-link&quot; data-issue-key=&quot;HIVE-2956&quot;&gt;&lt;del&gt;HIVE-2956&lt;/del&gt;&lt;/a&gt; has resolved this issue.&lt;/p&gt;

&lt;p&gt;For example, the below output comes from a trunk build:&lt;/p&gt;

&lt;div class=&quot;preformatted panel&quot; style=&quot;border-width: 1px;&quot;&gt;&lt;div class=&quot;preformattedContent panelContent&quot;&gt;
&lt;pre&gt;hive&amp;gt; select avg(avg(key)) from src;                      
FAILED: SemanticException [Error 10128]: Line 1:11 Not yet supported place for UDAF &apos;avg&apos;
&lt;/pre&gt;
&lt;/div&gt;&lt;/div&gt;</comment>
                            <comment id="13550599" author="ashutoshc" created="Fri, 11 Jan 2013 00:25:50 +0000"  >&lt;p&gt;Fixed via &lt;a href=&quot;https://issues.apache.org/jira/browse/HIVE-2956&quot; title=&quot;[hive] Provide error message when using UDAF in the place of UDF instead of throwing NPE&quot; class=&quot;issue-link&quot; data-issue-key=&quot;HIVE-2956&quot;&gt;&lt;del&gt;HIVE-2956&lt;/del&gt;&lt;/a&gt;&lt;/p&gt;</comment>
                    </comments>
                    <attachments>
                            <attachment id="12499371" name="HIVE-1399.1.patch.txt" size="2345" author="afokken" created="Mon, 17 Oct 2011 14:02:47 +0000"/>
                    </attachments>
                <subtasks>
                    </subtasks>
                <customfields>
                                                <customfield id="customfield_12310310" key="com.atlassian.jira.toolkit:attachments">
                        <customfieldname>Attachment count</customfieldname>
                        <customfieldvalues>
                            <customfieldvalue>1.0</customfieldvalue>
                        </customfieldvalues>
                    </customfield>
                                                                                                                                                                                                                                                                                                                                                                                                                                                                                                                                <customfield id="customfield_12310220" key="com.atlassian.jira.ext.charting:firstresponsedate">
                        <customfieldname>Date of First Response</customfieldname>
                        <customfieldvalues>
                            <customfieldvalue>Sun, 2 Oct 2011 22:54:34 +0000</customfieldvalue>

                        </customfieldvalues>
                    </customfield>
                                                                                                                                                                                                                                                                                                                                                                                                                                            <customfield id="customfield_12310420" key="com.pyxis.greenhopper.jira:gh-global-rank">
                        <customfieldname>Global Rank</customfieldname>
                        <customfieldvalues>
                            <customfieldvalue>42513</customfieldvalue>
                        </customfieldvalues>
                    </customfield>
                                                                                                                                                    <customfield id="customfield_12312521" key="com.atlassian.jira.toolkit:LastCommentDate">
                        <customfieldname>Last public comment date</customfieldname>
                        <customfieldvalues>
                            3 years, 47 weeks, 1 day ago
                        </customfieldvalues>
                    </customfield>
                                                                                            <customfield id="customfield_12311820" key="com.pyxis.greenhopper.jira:gh-lexo-rank">
                        <customfieldname>Rank</customfieldname>
                        <customfieldvalues>
                            <customfieldvalue>0|i0lew7:</customfieldvalue>

                        </customfieldvalues>
                    </customfield>
                                                                <customfield id="customfield_12310920" key="com.pyxis.greenhopper.jira:gh-global-rank">
                        <customfieldname>Rank (Obsolete)</customfieldname>
                        <customfieldvalues>
                            <customfieldvalue>123063</customfieldvalue>
                        </customfieldvalues>
                    </customfield>
                                                                                                                                                                                                                                                                                                                            <customfield id="customfield_12310222" key="com.atlassian.jira.ext.charting:timeinstatus">
                        <customfieldname>Time in Status</customfieldname>
                        <customfieldvalues>
                            
                        </customfieldvalues>
                    </customfield>
                                                                                                                        </customfields>
    </item>
</channel>
</rss>