<!-- 
RSS generated by JIRA (6.3.4#6332-sha1:51bc225ef474afe3128b2f66878477f322397b16) at Fri Dec 02 11:48:41 UTC 2016

It is possible to restrict the fields that are returned in this document by specifying the 'field' parameter in your request.
For example, to request only the issue key and summary add field=key&field=summary to the URL of your request.
For example:
https://issues.apache.org/jira/si/jira.issueviews:issue-xml/HIVE-12673/HIVE-12673.xml?field=key&amp;field=summary
-->
<rss version="0.92" >
<channel>
    <title>ASF JIRA</title>
    <link>https://issues.apache.org/jira</link>
    <description>This file is an XML representation of an issue</description>
    <language>en-uk</language>    <build-info>
        <version>6.3.4</version>
        <build-number>6332</build-number>
        <build-date>15-08-2014</build-date>
    </build-info>

<item>
            <title>[HIVE-12673] Orcfiledump throws NPE when no files are available</title>
                <link>https://issues.apache.org/jira/browse/HIVE-12673</link>
                <project id="12310843" key="HIVE">Hive</project>
                    <description>&lt;div class=&quot;preformatted panel&quot; style=&quot;border-width: 1px;&quot;&gt;&lt;div class=&quot;preformattedContent panelContent&quot;&gt;
&lt;pre&gt;

Exception in thread &quot;main&quot; java.lang.NullPointerException
	at org.codehaus.jettison.json.JSONTokener.more(JSONTokener.java:106)
	at org.codehaus.jettison.json.JSONTokener.next(JSONTokener.java:116)
	at org.codehaus.jettison.json.JSONTokener.nextClean(JSONTokener.java:170)
	at org.codehaus.jettison.json.JSONObject.&amp;lt;init&amp;gt;(JSONObject.java:185)
	at org.codehaus.jettison.json.JSONObject.&amp;lt;init&amp;gt;(JSONObject.java:293)
	at org.apache.hadoop.hive.ql.io.orc.JsonFileDump.printJsonMetaData(JsonFileDump.java:197)
	at org.apache.hadoop.hive.ql.io.orc.FileDump.main(FileDump.java:107)
	at sun.reflect.NativeMethodAccessorImpl.invoke0(Native Method)
	at sun.reflect.NativeMethodAccessorImpl.invoke(NativeMethodAccessorImpl.java:62)
	at sun.reflect.DelegatingMethodAccessorImpl.invoke(DelegatingMethodAccessorImpl.java:43)
	at java.lang.reflect.Method.invoke(Method.java:497)
	at org.apache.hadoop.util.RunJar.run(RunJar.java:221)
	at org.apache.hadoop.util.RunJar.main(RunJar.java:136)
&lt;/pre&gt;
&lt;/div&gt;&lt;/div&gt;

&lt;p&gt;hive --orcfiledump -j -p /tmp/orc/inventory/inv_date_sk=2452654&lt;/p&gt;</description>
                <environment></environment>
        <key id="12921816">HIVE-12673</key>
            <summary>Orcfiledump throws NPE when no files are available</summary>
                <type id="1" iconUrl="https://issues.apache.org/jira/images/icons/issuetypes/bug.png">Bug</type>
                                            <priority id="3" iconUrl="https://issues.apache.org/jira/images/icons/priorities/major.png">Major</priority>
                        <status id="6" iconUrl="https://issues.apache.org/jira/images/icons/statuses/closed.png" description="The issue is considered finished, the resolution is correct. Issues which are closed can be reopened.">Closed</status>
                    <statusCategory id="3" key="done" colorName="green"/>
                                    <resolution id="1">Fixed</resolution>
                                        <assignee username="rajesh.balamohan">Rajesh Balamohan</assignee>
                                    <reporter username="rajesh.balamohan">Rajesh Balamohan</reporter>
                        <labels>
                    </labels>
                <created>Mon, 14 Dec 2015 23:14:54 +0000</created>
                <updated>Tue, 21 Jun 2016 15:52:38 +0000</updated>
                            <resolved>Tue, 16 Feb 2016 18:51:55 +0000</resolved>
                                                    <fixVersion>1.3.0</fixVersion>
                    <fixVersion>2.1.0</fixVersion>
                                        <due></due>
                            <votes>0</votes>
                                    <watches>2</watches>
                                                                <comments>
                            <comment id="15056949" author="rajesh.balamohan" created="Mon, 14 Dec 2015 23:17:15 +0000"  >&lt;p&gt;&lt;a href=&quot;https://issues.apache.org/jira/secure/ViewProfile.jspa?name=prasanth_j&quot; class=&quot;user-hover&quot; rel=&quot;prasanth_j&quot;&gt;Prasanth Jayachandran&lt;/a&gt; - Please review when you find time&lt;/p&gt;</comment>
                            <comment id="15056982" author="prasanth_j" created="Mon, 14 Dec 2015 23:37:57 +0000"  >&lt;p&gt;The problem is JSONObject is in incomplete state. I think we should fix that. &lt;/p&gt;

&lt;p&gt;1) If the files list is empty or null return at the beginning of the function&lt;br/&gt;
2) line:208. Add else condition and do writer.endObject() to finish the object as &apos;done&apos;&lt;/p&gt;</comment>
                            <comment id="15057002" author="rajesh.balamohan" created="Mon, 14 Dec 2015 23:59:33 +0000"  >&lt;p&gt;Exiting early from printJsonMetaData when files are not present.&lt;/p&gt;</comment>
                            <comment id="15057069" author="prasanth_j" created="Tue, 15 Dec 2015 00:39:22 +0000"  >&lt;p&gt;+1&lt;/p&gt;</comment>
                            <comment id="15144960" author="prasanth_j" created="Fri, 12 Feb 2016 18:00:38 +0000"  >&lt;p&gt;Reuploading for Precommit run&lt;/p&gt;</comment>
                            <comment id="15145061" author="rajesh.balamohan" created="Fri, 12 Feb 2016 18:53:54 +0000"  >&lt;p&gt;rebasing the patch.&lt;/p&gt;</comment>
                            <comment id="15147787" author="prasanth_j" created="Mon, 15 Feb 2016 20:50:26 +0000"  >&lt;p&gt;Not sure why this patch was not picked by Precommit QA. Retrying again.&lt;/p&gt;</comment>
                            <comment id="15148474" author="hiveqa" created="Tue, 16 Feb 2016 11:23:23 +0000"  >

&lt;p&gt;Here are the results of testing the latest attachment:&lt;br/&gt;
&lt;a href=&quot;https://issues.apache.org/jira/secure/attachment/12787981/HIVE-12673.3.patch&quot; class=&quot;external-link&quot; rel=&quot;nofollow&quot;&gt;https://issues.apache.org/jira/secure/attachment/12787981/HIVE-12673.3.patch&lt;/a&gt;&lt;/p&gt;

&lt;p&gt;&lt;font color=&quot;red&quot;&gt;ERROR:&lt;/font&gt; -1 due to no test(s) being added or modified.&lt;/p&gt;

&lt;p&gt;&lt;font color=&quot;red&quot;&gt;ERROR:&lt;/font&gt; -1 due to 7 failed/errored test(s), 9772 tests executed&lt;br/&gt;
&lt;b&gt;Failed tests:&lt;/b&gt;&lt;/p&gt;
&lt;div class=&quot;preformatted panel&quot; style=&quot;border-width: 1px;&quot;&gt;&lt;div class=&quot;preformattedContent panelContent&quot;&gt;
&lt;pre&gt;TestHBaseNegativeCliDriver - did not produce a TEST-*.xml file
TestMiniTezCliDriver-schema_evol_text_nonvec_mapwork_table.q-orc_vectorization_ppd.q-vector_left_outer_join2.q-and-12-more - did not produce a TEST-*.xml file
org.apache.hadoop.hive.cli.TestCliDriver.testCliDriver_partition_coltype_literals
org.apache.hadoop.hive.cli.TestNegativeCliDriver.testNegativeCliDriver_authorization_uri_import
org.apache.hadoop.hive.metastore.TestMetaStoreAuthorization.testMetaStoreAuthorization
org.apache.hadoop.hive.ql.security.TestExtendedAcls.org.apache.hadoop.hive.ql.security.TestExtendedAcls
org.apache.hive.jdbc.TestSSL.testSSLVersion
&lt;/pre&gt;
&lt;/div&gt;&lt;/div&gt;

&lt;p&gt;Test results: &lt;a href=&quot;http://ec2-174-129-184-35.compute-1.amazonaws.com/jenkins/job/PreCommit-HIVE-TRUNK-Build/6999/testReport&quot; class=&quot;external-link&quot; rel=&quot;nofollow&quot;&gt;http://ec2-174-129-184-35.compute-1.amazonaws.com/jenkins/job/PreCommit-HIVE-TRUNK-Build/6999/testReport&lt;/a&gt;&lt;br/&gt;
Console output: &lt;a href=&quot;http://ec2-174-129-184-35.compute-1.amazonaws.com/jenkins/job/PreCommit-HIVE-TRUNK-Build/6999/console&quot; class=&quot;external-link&quot; rel=&quot;nofollow&quot;&gt;http://ec2-174-129-184-35.compute-1.amazonaws.com/jenkins/job/PreCommit-HIVE-TRUNK-Build/6999/console&lt;/a&gt;&lt;br/&gt;
Test logs: &lt;a href=&quot;http://ec2-174-129-184-35.compute-1.amazonaws.com/logs/PreCommit-HIVE-TRUNK-Build-6999/&quot; class=&quot;external-link&quot; rel=&quot;nofollow&quot;&gt;http://ec2-174-129-184-35.compute-1.amazonaws.com/logs/PreCommit-HIVE-TRUNK-Build-6999/&lt;/a&gt;&lt;/p&gt;

&lt;p&gt;Messages:&lt;/p&gt;
&lt;div class=&quot;preformatted panel&quot; style=&quot;border-width: 1px;&quot;&gt;&lt;div class=&quot;preformattedContent panelContent&quot;&gt;
&lt;pre&gt;Executing org.apache.hive.ptest.execution.TestCheckPhase
Executing org.apache.hive.ptest.execution.PrepPhase
Executing org.apache.hive.ptest.execution.ExecutionPhase
Executing org.apache.hive.ptest.execution.ReportingPhase
Tests exited with: TestsFailedException: 7 tests failed
&lt;/pre&gt;
&lt;/div&gt;&lt;/div&gt;

&lt;p&gt;This message is automatically generated.&lt;/p&gt;

&lt;p&gt;ATTACHMENT ID: 12787981 - PreCommit-HIVE-TRUNK-Build&lt;/p&gt;</comment>
                            <comment id="15149086" author="prasanth_j" created="Tue, 16 Feb 2016 18:51:55 +0000"  >&lt;p&gt;Test failures are unrelated. Committed patch to branch-1 and master. Thanks &lt;a href=&quot;https://issues.apache.org/jira/secure/ViewProfile.jspa?name=rajesh.balamohan&quot; class=&quot;user-hover&quot; rel=&quot;rajesh.balamohan&quot;&gt;Rajesh Balamohan&lt;/a&gt; for the patch!&lt;/p&gt;</comment>
                    </comments>
                    <attachments>
                            <attachment id="12777609" name="HIVE-12673.1.patch" size="1117" author="rajesh.balamohan" created="Mon, 14 Dec 2015 23:17:15 +0000"/>
                            <attachment id="12787690" name="HIVE-12673.2.patch" size="678" author="prasanth_j" created="Fri, 12 Feb 2016 18:00:38 +0000"/>
                            <attachment id="12777618" name="HIVE-12673.2.patch" size="678" author="rajesh.balamohan" created="Mon, 14 Dec 2015 23:59:33 +0000"/>
                            <attachment id="12787981" name="HIVE-12673.3.patch" size="687" author="prasanth_j" created="Mon, 15 Feb 2016 20:50:26 +0000"/>
                            <attachment id="12787700" name="HIVE-12673.3.rebased.patch" size="687" author="rajesh.balamohan" created="Fri, 12 Feb 2016 18:53:54 +0000"/>
                    </attachments>
                <subtasks>
                    </subtasks>
                <customfields>
                                                <customfield id="customfield_12310310" key="com.atlassian.jira.toolkit:attachments">
                        <customfieldname>Attachment count</customfieldname>
                        <customfieldvalues>
                            <customfieldvalue>5.0</customfieldvalue>
                        </customfieldvalues>
                    </customfield>
                                                                                                                                                                                                                                                                                                                                                                                                                                                                                                                                <customfield id="customfield_12310220" key="com.atlassian.jira.ext.charting:firstresponsedate">
                        <customfieldname>Date of First Response</customfieldname>
                        <customfieldvalues>
                            <customfieldvalue>Mon, 14 Dec 2015 23:37:57 +0000</customfieldvalue>

                        </customfieldvalues>
                    </customfield>
                                                                                                                                                                                                                                                                                                                                                                                                                                            <customfield id="customfield_12310420" key="com.pyxis.greenhopper.jira:gh-global-rank">
                        <customfieldname>Global Rank</customfieldname>
                        <customfieldvalues>
                            <customfieldvalue>9223372036854775807</customfieldvalue>
                        </customfieldvalues>
                    </customfield>
                                                                                                                                                    <customfield id="customfield_12312521" key="com.atlassian.jira.toolkit:LastCommentDate">
                        <customfieldname>Last public comment date</customfieldname>
                        <customfieldvalues>
                            41 weeks, 2 days ago
                        </customfieldvalues>
                    </customfield>
                                                                                            <customfield id="customfield_12311820" key="com.pyxis.greenhopper.jira:gh-lexo-rank">
                        <customfieldname>Rank</customfieldname>
                        <customfieldvalues>
                            <customfieldvalue>0|i2pvtb:</customfieldvalue>

                        </customfieldvalues>
                    </customfield>
                                                                <customfield id="customfield_12310920" key="com.pyxis.greenhopper.jira:gh-global-rank">
                        <customfieldname>Rank (Obsolete)</customfieldname>
                        <customfieldvalues>
                            <customfieldvalue>9223372036854775807</customfieldvalue>
                        </customfieldvalues>
                    </customfield>
                                                                                                                                                                                                                                                                                                                            <customfield id="customfield_12310222" key="com.atlassian.jira.ext.charting:timeinstatus">
                        <customfieldname>Time in Status</customfieldname>
                        <customfieldvalues>
                            
                        </customfieldvalues>
                    </customfield>
                                                                                                                        </customfields>
    </item>
</channel>
</rss>