<!-- 
RSS generated by JIRA (6.3.4#6332-sha1:51bc225ef474afe3128b2f66878477f322397b16) at Sun Dec 04 00:25:59 UTC 2016

It is possible to restrict the fields that are returned in this document by specifying the 'field' parameter in your request.
For example, to request only the issue key and summary add field=key&field=summary to the URL of your request.
For example:
https://issues.apache.org/jira/si/jira.issueviews:issue-xml/HIVE-4752/HIVE-4752.xml?field=key&amp;field=summary
-->
<rss version="0.92" >
<channel>
    <title>ASF JIRA</title>
    <link>https://issues.apache.org/jira</link>
    <description>This file is an XML representation of an issue</description>
    <language>en-uk</language>    <build-info>
        <version>6.3.4</version>
        <build-number>6332</build-number>
        <build-date>15-08-2014</build-date>
    </build-info>

<item>
            <title>[HIVE-4752] Add support for hs2 api to use thrift over http</title>
                <link>https://issues.apache.org/jira/browse/HIVE-4752</link>
                <project id="12310843" key="HIVE">Hive</project>
                    <description>&lt;p&gt;Hiveserver2 acts as service on the cluster for external applications. One way to implement access control to services on a hadoop cluster to have a gateway server authorizes service requests before forwarding them to the server. The &lt;a href=&quot;http://wiki.apache.org/incubator/knox&quot; class=&quot;external-link&quot; rel=&quot;nofollow&quot;&gt;knox project &lt;/a&gt; has taken this approach to simplify cluster security management.&lt;/p&gt;

&lt;p&gt;Other services on hadoop cluster such as webhdfs and webhcat already use HTTP. Having hiveserver2 also support thrift over http transport will enable securing hiveserver2 as well using the same approach.&lt;/p&gt;
</description>
                <environment></environment>
        <key id="12653568">HIVE-4752</key>
            <summary>Add support for hs2 api to use thrift over http</summary>
                <type id="2" iconUrl="https://issues.apache.org/jira/images/icons/issuetypes/newfeature.png">New Feature</type>
                                            <priority id="3" iconUrl="https://issues.apache.org/jira/images/icons/priorities/major.png">Major</priority>
                        <status id="1" iconUrl="https://issues.apache.org/jira/images/icons/statuses/open.png" description="The issue is open and ready for the assignee to start work on it.">Open</status>
                    <statusCategory id="2" key="new" colorName="blue-gray"/>
                                    <resolution id="-1">Unresolved</resolution>
                                        <assignee username="vgumashta">Vaibhav Gumashta</assignee>
                                    <reporter username="thejas">Thejas M Nair</reporter>
                        <labels>
                    </labels>
                <created>Tue, 18 Jun 2013 20:36:26 +0000</created>
                <updated>Fri, 4 Sep 2015 21:33:21 +0000</updated>
                                            <version>0.13.0</version>
                                                    <component>HiveServer2</component>
                        <due></due>
                            <votes>0</votes>
                                    <watches>7</watches>
                                                                                                            <comments>
                            <comment id="13687154" author="thejas" created="Tue, 18 Jun 2013 20:37:29 +0000"  >&lt;p&gt;This mode would be configurable, and default configuration will use the current thrift-serialization + thrift-tcp transport.&lt;/p&gt;</comment>
                            <comment id="13787867" author="thejas" created="Mon, 7 Oct 2013 02:24:39 +0000"  >&lt;p&gt;Preparing for 0.12 release. Removing fix version of 0.12 for those that are not in 0.12 branch.&lt;/p&gt;</comment>
                            <comment id="14731475" author="austinlee" created="Fri, 4 Sep 2015 21:33:21 +0000"  >&lt;p&gt;Are there any plans to add similar support for the metastore to use Thrift over HTTP?&lt;/p&gt;</comment>
                    </comments>
                <issuelinks>
                            <issuelinktype id="12310000">
                    <name>Duplicate</name>
                                            <outwardlinks description="duplicates">
                                        <issuelink>
            <issuekey id="12632647">HIVE-4026</issuekey>
        </issuelink>
                            </outwardlinks>
                                                        </issuelinktype>
                    </issuelinks>
                <attachments>
                    </attachments>
                <subtasks>
                            <subtask id="12653814">HIVE-4763</subtask>
                            <subtask id="12679292">HIVE-5826</subtask>
                            <subtask id="12653815">HIVE-4764</subtask>
                            <subtask id="12691150">HIVE-6306</subtask>
                            <subtask id="12692640">HIVE-6350</subtask>
                            <subtask id="12692641">HIVE-6351</subtask>
                            <subtask id="12700917">HIVE-6625</subtask>
                            <subtask id="12691474">HIVE-6318</subtask>
                            <subtask id="12695470">HIVE-6445</subtask>
                            <subtask id="12746342">HIVE-8377</subtask>
                            <subtask id="12669305">HIVE-5312</subtask>
                    </subtasks>
                <customfields>
                                                <customfield id="customfield_12310310" key="com.atlassian.jira.toolkit:attachments">
                        <customfieldname>Attachment count</customfieldname>
                        <customfieldvalues>
                            <customfieldvalue>0.0</customfieldvalue>
                        </customfieldvalues>
                    </customfield>
                                                                                                                                                                                                                                                                                                                                                                                                                                                                                                                                <customfield id="customfield_12310220" key="com.atlassian.jira.ext.charting:firstresponsedate">
                        <customfieldname>Date of First Response</customfieldname>
                        <customfieldvalues>
                            <customfieldvalue>Fri, 4 Sep 2015 21:33:21 +0000</customfieldvalue>

                        </customfieldvalues>
                    </customfield>
                                                                                                                                                                                                                                                                                                                                                                                                                                            <customfield id="customfield_12310420" key="com.pyxis.greenhopper.jira:gh-global-rank">
                        <customfieldname>Global Rank</customfieldname>
                        <customfieldvalues>
                            <customfieldvalue>333845</customfieldvalue>
                        </customfieldvalues>
                    </customfield>
                                                                                                                                                    <customfield id="customfield_12312521" key="com.atlassian.jira.toolkit:LastCommentDate">
                        <customfieldname>Last public comment date</customfieldname>
                        <customfieldvalues>
                            1 year, 13 weeks, 1 day ago
                        </customfieldvalues>
                    </customfield>
                                                                                            <customfield id="customfield_12311820" key="com.pyxis.greenhopper.jira:gh-lexo-rank">
                        <customfieldname>Rank</customfieldname>
                        <customfieldvalues>
                            <customfieldvalue>0|i1ll8v:</customfieldvalue>

                        </customfieldvalues>
                    </customfield>
                                                                <customfield id="customfield_12310920" key="com.pyxis.greenhopper.jira:gh-global-rank">
                        <customfieldname>Rank (Obsolete)</customfieldname>
                        <customfieldvalues>
                            <customfieldvalue>334172</customfieldvalue>
                        </customfieldvalues>
                    </customfield>
                                                                                                                                                                                                                                                                                                                                                                                                                </customfields>
    </item>
</channel>
</rss>