<!-- 
RSS generated by JIRA (6.3.4#6332-sha1:51bc225ef474afe3128b2f66878477f322397b16) at Sat Dec 03 23:58:14 UTC 2016

It is possible to restrict the fields that are returned in this document by specifying the 'field' parameter in your request.
For example, to request only the issue key and summary add field=key&field=summary to the URL of your request.
For example:
https://issues.apache.org/jira/si/jira.issueviews:issue-xml/HIVE-707/HIVE-707.xml?field=key&amp;field=summary
-->
<rss version="0.92" >
<channel>
    <title>ASF JIRA</title>
    <link>https://issues.apache.org/jira</link>
    <description>This file is an XML representation of an issue</description>
    <language>en-uk</language>    <build-info>
        <version>6.3.4</version>
        <build-number>6332</build-number>
        <build-date>15-08-2014</build-date>
    </build-info>

<item>
            <title>[HIVE-707] add group_concat</title>
                <link>https://issues.apache.org/jira/browse/HIVE-707</link>
                <project id="12310843" key="HIVE">Hive</project>
                    <description>&lt;p&gt;Moving the discussion to a new jira:&lt;/p&gt;

&lt;p&gt;I&apos;ve implemented group_cat() in a rush, and found something difficult to slove:&lt;br/&gt;
1. function group_cat() has a internal order by clause, currently, we can&apos;t implement such an aggregation in hive.&lt;br/&gt;
2. when the strings will be group concated are too large, in another words, if data skew appears, there is often not enough memory to store such a big result.&lt;/p&gt;</description>
                <environment></environment>
        <key id="12431705">HIVE-707</key>
            <summary>add group_concat</summary>
                <type id="2" iconUrl="https://issues.apache.org/jira/images/icons/issuetypes/newfeature.png">New Feature</type>
                                            <priority id="3" iconUrl="https://issues.apache.org/jira/images/icons/priorities/major.png">Major</priority>
                        <status id="1" iconUrl="https://issues.apache.org/jira/images/icons/statuses/open.png" description="The issue is open and ready for the assignee to start work on it.">Open</status>
                    <statusCategory id="2" key="new" colorName="blue-gray"/>
                                    <resolution id="-1">Unresolved</resolution>
                                        <assignee username="coderplay">Min Zhou</assignee>
                                    <reporter username="namit">Namit Jain</reporter>
                        <labels>
                    </labels>
                <created>Wed, 29 Jul 2009 15:50:44 +0000</created>
                <updated>Fri, 4 Jul 2014 09:32:16 +0000</updated>
                                                                            <component>Query Processor</component>
                        <due></due>
                            <votes>6</votes>
                                    <watches>11</watches>
                                                                <comments>
                            <comment id="12736689" author="namit" created="Wed, 29 Jul 2009 16:22:46 +0000"  >&lt;p&gt;I am assuming you mean: group_concat() in mysql&lt;/p&gt;

&lt;p&gt;2.  should not be a probelm:&lt;/p&gt;

&lt;p&gt;From MySQL documentation,&lt;/p&gt;

&lt;p&gt;The result is truncated to the maximum length that is given by the group_concat_max_len  system variable, which has a default value of 1024. The value can be set higher, although the effective maximum length of the return value is constrained by the value of max_allowed_packet. The syntax to change the value of group_concat_max_len at runtime is as follows, where val  is an unsigned integer:&lt;/p&gt;

&lt;p&gt;SET &lt;span class=&quot;error&quot;&gt;&amp;#91;GLOBAL | SESSION&amp;#93;&lt;/span&gt; group_concat_max_len = val&lt;/p&gt;

&lt;p&gt;We can also add a new configuration parameter for the maximum length&lt;/p&gt;</comment>
                            <comment id="12736695" author="namit" created="Wed, 29 Jul 2009 16:34:50 +0000"  >&lt;p&gt;I agree 1. is a problem - we dont have any good way to handle the order by.&lt;/p&gt;

&lt;p&gt;A workaround would be to first sort the results in a sub-query and then have the group_concat outside the sub-query. But, syntactially, it is more painful.&lt;br/&gt;
Is there a requirement for the ordering ?&lt;/p&gt;


&lt;p&gt;Separator can be handled as a configuration parameter like the maximum length.&lt;/p&gt;

&lt;p&gt;Other option is to treat group_concat() specially, all the way from the parser - I dont like it because it is kind of hacky.&lt;br/&gt;
I think, first we should find out whether anyone needs ORDER BY in the group_concat and then think about it.&lt;/p&gt;


</comment>
                            <comment id="12736737" author="athusoo" created="Wed, 29 Jul 2009 18:21:27 +0000"  >&lt;p&gt;Found the JIRA...&lt;/p&gt;

&lt;p&gt;Since group by is done in the reducer you could just use the trick that is used in &lt;/p&gt;

&lt;p&gt;distribute by x sort by y &lt;/p&gt;

&lt;p&gt;when we do MAP and REDUCE operators. By setting up reduce sink in a similar way you  would be able to ensure that each reducer gets the rows for a value of x in the sorted order of y. You can look at how we generate plans for the transform operator and use the same strategy in group by code.&lt;/p&gt;

&lt;p&gt;That should work and of course in this case we have to turn of any map/side aggregation?&lt;/p&gt;</comment>
                            <comment id="12736796" author="namit" created="Wed, 29 Jul 2009 20:22:30 +0000"  >&lt;p&gt;I agree - but I think it can be done in a follow-up jira, since the two are kind of independent&lt;/p&gt;</comment>
                            <comment id="12737360" author="zshao" created="Thu, 30 Jul 2009 23:49:09 +0000"  >&lt;p&gt;Shall we do the follow-up jira to provide the capability before we do this?&lt;br/&gt;
Without the follow-up jira, the group_concat is non-deterministic, so it&apos;s harder to write a test.&lt;/p&gt;</comment>
                            <comment id="12935458" author="jimblomo" created="Wed, 24 Nov 2010 19:57:47 +0000"  >&lt;p&gt;Also discussed in &lt;a href=&quot;http://www.mail-archive.com/hive-user@hadoop.apache.org/msg02854.html&quot; class=&quot;external-link&quot; rel=&quot;nofollow&quot;&gt;http://www.mail-archive.com/hive-user@hadoop.apache.org/msg02854.html&lt;/a&gt;&lt;/p&gt;</comment>
                            <comment id="12935463" author="hammer" created="Wed, 24 Nov 2010 20:02:36 +0000"  >&lt;p&gt;Hey,&lt;/p&gt;

&lt;p&gt;Given that this JIRA has been opened three separate times, and that I have received a recent request for it in IRC, I think it would be worth bumping to near the top of the queue.&lt;/p&gt;

&lt;p&gt;Thanks,&lt;br/&gt;
Jeff&lt;/p&gt;</comment>
                            <comment id="13068182" author="guyan" created="Wed, 20 Jul 2011 06:54:17 +0000"  >&lt;p&gt;hi all, this issue will be resolved?&lt;/p&gt;</comment>
                            <comment id="13593428" author="ph4t" created="Tue, 5 Mar 2013 14:21:00 +0000"  >&lt;p&gt;You could use the currently undocumented union_map function as a workaround... Try :&lt;br/&gt;
concat_ws(&apos; &apos;, map_keys(UNION_MAP(MAP(your_column, &apos;dummy&apos;))))&lt;/p&gt;</comment>
                            <comment id="14052301" author="synckey" created="Fri, 4 Jul 2014 09:32:16 +0000"  >&lt;p&gt;&lt;a href=&quot;https://issues.apache.org/jira/secure/ViewProfile.jspa?name=ph4t&quot; class=&quot;user-hover&quot; rel=&quot;ph4t&quot;&gt;Svetozar Misljencevic&lt;/a&gt;&lt;br/&gt;
I use this concat_ws(&apos; &apos;, map_keys(UNION_MAP(MAP(your_column, &apos;dummy&apos;)))) method instead of group_concat,but I got a error like this&lt;/p&gt;
&lt;div class=&quot;code panel&quot; style=&quot;border-width: 1px;&quot;&gt;&lt;div class=&quot;codeContent panelContent&quot;&gt;
&lt;pre class=&quot;code-java&quot;&gt;&lt;/pre&gt;
&lt;/div&gt;&lt;/div&gt;
&lt;p&gt;FAILED: SemanticException &lt;span class=&quot;error&quot;&gt;&amp;#91;Error 10011&amp;#93;&lt;/span&gt;: Line 172:30 Invalid function &apos;UNION_MAP&apos;&lt;/p&gt;
{/code}
&lt;p&gt;should I add some jars ?&lt;/p&gt;</comment>
                    </comments>
                <issuelinks>
                            <issuelinktype id="12310000">
                    <name>Duplicate</name>
                                                                <inwardlinks description="is duplicated by">
                                        <issuelink>
            <issuekey id="12430738">HIVE-650</issuekey>
        </issuelink>
            <issuelink>
            <issuekey id="12475749">HIVE-1689</issuekey>
        </issuelink>
                            </inwardlinks>
                                    </issuelinktype>
                            <issuelinktype id="10030">
                    <name>Reference</name>
                                                                <inwardlinks description="is related to">
                                        <issuelink>
            <issuekey id="12431568">HIVE-699</issuekey>
        </issuelink>
                            </inwardlinks>
                                    </issuelinktype>
                    </issuelinks>
                <attachments>
                    </attachments>
                <subtasks>
                    </subtasks>
                <customfields>
                                                <customfield id="customfield_12310310" key="com.atlassian.jira.toolkit:attachments">
                        <customfieldname>Attachment count</customfieldname>
                        <customfieldvalues>
                            <customfieldvalue>0.0</customfieldvalue>
                        </customfieldvalues>
                    </customfield>
                                                                                                                                                                                                                                                                                                                                                                                                                                                                                                                                <customfield id="customfield_12310220" key="com.atlassian.jira.ext.charting:firstresponsedate">
                        <customfieldname>Date of First Response</customfieldname>
                        <customfieldvalues>
                            <customfieldvalue>Wed, 29 Jul 2009 18:21:27 +0000</customfieldvalue>

                        </customfieldvalues>
                    </customfield>
                                                                                                                                                                                                                                                                                                                                                                                                                                            <customfield id="customfield_12310420" key="com.pyxis.greenhopper.jira:gh-global-rank">
                        <customfieldname>Global Rank</customfieldname>
                        <customfieldvalues>
                            <customfieldvalue>42755</customfieldvalue>
                        </customfieldvalues>
                    </customfield>
                                                                                                                                                    <customfield id="customfield_12312521" key="com.atlassian.jira.toolkit:LastCommentDate">
                        <customfieldname>Last public comment date</customfieldname>
                        <customfieldvalues>
                            2 years, 22 weeks, 1 day ago
                        </customfieldvalues>
                    </customfield>
                                                                                            <customfield id="customfield_12311820" key="com.pyxis.greenhopper.jira:gh-lexo-rank">
                        <customfieldname>Rank</customfieldname>
                        <customfieldvalues>
                            <customfieldvalue>0|i0lbbz:</customfieldvalue>

                        </customfieldvalues>
                    </customfield>
                                                                <customfield id="customfield_12310920" key="com.pyxis.greenhopper.jira:gh-global-rank">
                        <customfieldname>Rank (Obsolete)</customfieldname>
                        <customfieldvalues>
                            <customfieldvalue>122486</customfieldvalue>
                        </customfieldvalues>
                    </customfield>
                                                                                                                                                                                                                                                                                                                                                                                                                </customfields>
    </item>
</channel>
</rss>