<!-- 
RSS generated by JIRA (6.3.4#6332-sha1:51bc225ef474afe3128b2f66878477f322397b16) at Fri Dec 02 05:00:54 UTC 2016

It is possible to restrict the fields that are returned in this document by specifying the 'field' parameter in your request.
For example, to request only the issue key and summary add field=key&field=summary to the URL of your request.
For example:
https://issues.apache.org/jira/si/jira.issueviews:issue-xml/HIVE-15124/HIVE-15124.xml?field=key&amp;field=summary
-->
<rss version="0.92" >
<channel>
    <title>ASF JIRA</title>
    <link>https://issues.apache.org/jira</link>
    <description>This file is an XML representation of an issue</description>
    <language>en-uk</language>    <build-info>
        <version>6.3.4</version>
        <build-number>6332</build-number>
        <build-date>15-08-2014</build-date>
    </build-info>

<item>
            <title>[HIVE-15124] Fix OrcInputFormat to use reader&apos;s schema for include boolean array</title>
                <link>https://issues.apache.org/jira/browse/HIVE-15124</link>
                <project id="12310843" key="HIVE">Hive</project>
                    <description>&lt;p&gt;Currently, the OrcInputFormat uses the file&apos;s schema rather than the reader&apos;s schema. This means that SchemaEvolution fails with an ArrayIndexOutOfBoundsException if a partition has a different schema than the table.&lt;/p&gt;
</description>
                <environment></environment>
        <key id="13017919">HIVE-15124</key>
            <summary>Fix OrcInputFormat to use reader&apos;s schema for include boolean array</summary>
                <type id="1" iconUrl="https://issues.apache.org/jira/images/icons/issuetypes/bug.png">Bug</type>
                                            <priority id="3" iconUrl="https://issues.apache.org/jira/images/icons/priorities/major.png">Major</priority>
                        <status id="5" iconUrl="https://issues.apache.org/jira/images/icons/statuses/resolved.png" description="A resolution has been taken, and it is awaiting verification by reporter. From here issues are either reopened, or are closed.">Resolved</status>
                    <statusCategory id="3" key="done" colorName="green"/>
                                    <resolution id="1">Fixed</resolution>
                                        <assignee username="owen.omalley">Owen O&apos;Malley</assignee>
                                    <reporter username="owen.omalley">Owen O&apos;Malley</reporter>
                        <labels>
                    </labels>
                <created>Fri, 4 Nov 2016 03:07:08 +0000</created>
                <updated>Tue, 29 Nov 2016 23:17:57 +0000</updated>
                            <resolved>Tue, 29 Nov 2016 23:17:57 +0000</resolved>
                                    <version>1.2.1</version>
                                    <fixVersion>2.2.0</fixVersion>
                                    <component>ORC</component>
                        <due></due>
                            <votes>0</votes>
                                    <watches>5</watches>
                                                                <comments>
                            <comment id="15637138" author="githubbot" created="Fri, 4 Nov 2016 17:48:09 +0000"  >&lt;p&gt;GitHub user omalley opened a pull request:&lt;/p&gt;

&lt;p&gt;    &lt;a href=&quot;https://github.com/apache/hive/pull/110&quot; class=&quot;external-link&quot; rel=&quot;nofollow&quot;&gt;https://github.com/apache/hive/pull/110&lt;/a&gt;&lt;/p&gt;

&lt;p&gt;    &lt;a href=&quot;https://issues.apache.org/jira/browse/HIVE-15124&quot; title=&quot;Fix OrcInputFormat to use reader&amp;#39;s schema for include boolean array&quot; class=&quot;issue-link&quot; data-issue-key=&quot;HIVE-15124&quot;&gt;&lt;del&gt;HIVE-15124&lt;/del&gt;&lt;/a&gt;. Fix OrcInputFormat to use reader&apos;s schema for include boolean array&lt;/p&gt;



&lt;p&gt;You can merge this pull request into a Git repository by running:&lt;/p&gt;

&lt;p&gt;    $ git pull &lt;a href=&quot;https://github.com/omalley/hive&quot; class=&quot;external-link&quot; rel=&quot;nofollow&quot;&gt;https://github.com/omalley/hive&lt;/a&gt; hive-15124-master&lt;/p&gt;

&lt;p&gt;Alternatively you can review and apply these changes as the patch at:&lt;/p&gt;

&lt;p&gt;    &lt;a href=&quot;https://github.com/apache/hive/pull/110.patch&quot; class=&quot;external-link&quot; rel=&quot;nofollow&quot;&gt;https://github.com/apache/hive/pull/110.patch&lt;/a&gt;&lt;/p&gt;

&lt;p&gt;To close this pull request, make a commit to your master/trunk branch&lt;br/&gt;
with (at least) the following in the commit message:&lt;/p&gt;

&lt;p&gt;    This closes #110&lt;/p&gt;

&lt;hr /&gt;
&lt;p&gt;commit b5ca81f31eb5a27911b1d692d8eaf4e4f6dc695d&lt;br/&gt;
Author: Owen O&apos;Malley &amp;lt;omalley@apache.org&amp;gt;&lt;br/&gt;
Date:   2016-11-04T17:45:56Z&lt;/p&gt;

&lt;p&gt;    &lt;a href=&quot;https://issues.apache.org/jira/browse/HIVE-15124&quot; title=&quot;Fix OrcInputFormat to use reader&amp;#39;s schema for include boolean array&quot; class=&quot;issue-link&quot; data-issue-key=&quot;HIVE-15124&quot;&gt;&lt;del&gt;HIVE-15124&lt;/del&gt;&lt;/a&gt;. Fix OrcInputFormat to use reader&apos;s schema for include boolean&lt;br/&gt;
    array.&lt;/p&gt;

&lt;hr /&gt;</comment>
                            <comment id="15637259" author="prasanth_j" created="Fri, 4 Nov 2016 18:27:43 +0000"  >&lt;p&gt;The logic looks good to me. +1&lt;br/&gt;
Will be good to have some test cases. &lt;/p&gt;</comment>
                            <comment id="15684078" author="owen.omalley" created="Mon, 21 Nov 2016 16:54:22 +0000"  >&lt;p&gt;This is the patch from the pull request.&lt;/p&gt;</comment>
                            <comment id="15684573" author="hiveqa" created="Mon, 21 Nov 2016 20:02:52 +0000"  >

&lt;p&gt;Here are the results of testing the latest attachment:&lt;br/&gt;
&lt;a href=&quot;https://issues.apache.org/jira/secure/attachment/12839838/HIVE-15124.patch&quot; class=&quot;external-link&quot; rel=&quot;nofollow&quot;&gt;https://issues.apache.org/jira/secure/attachment/12839838/HIVE-15124.patch&lt;/a&gt;&lt;/p&gt;

&lt;p&gt;&lt;font color=&quot;green&quot;&gt;SUCCESS:&lt;/font&gt; +1 due to 1 test(s) being added or modified.&lt;/p&gt;

&lt;p&gt;&lt;font color=&quot;red&quot;&gt;ERROR:&lt;/font&gt; -1 due to 78 failed/errored test(s), 10704 tests executed&lt;br/&gt;
&lt;b&gt;Failed tests:&lt;/b&gt;&lt;/p&gt;
&lt;div class=&quot;preformatted panel&quot; style=&quot;border-width: 1px;&quot;&gt;&lt;div class=&quot;preformattedContent panelContent&quot;&gt;
&lt;pre&gt;TestSparkCliDriver - did not produce a TEST-*.xml file (likely timed out) (batchId=101)
	[skewjoinopt19.q,order.q,join_merge_multi_expressions.q,skewjoinopt10.q,union5.q,insert_into1.q,vectorized_math_funcs.q,vectorization_4.q,vectorization_2.q,skewjoinopt6.q,decimal_1_1.q,join14.q,outer_join_ppr.q,rcfile_bigdata.q,load_dyn_part10.q]
org.apache.hadoop.hive.cli.TestMiniLlapCliDriver.testCliDriver[orc_llap_counters1] (batchId=131)
org.apache.hadoop.hive.cli.TestMiniLlapCliDriver.testCliDriver[orc_llap_counters] (batchId=135)
org.apache.hadoop.hive.cli.TestMiniLlapCliDriver.testCliDriver[orc_ppd_basic] (batchId=131)
org.apache.hadoop.hive.cli.TestMiniLlapCliDriver.testCliDriver[orc_ppd_schema_evol_3a] (batchId=133)
org.apache.hadoop.hive.cli.TestMiniLlapCliDriver.testCliDriver[transform_ppr2] (batchId=133)
org.apache.hadoop.hive.cli.TestMiniLlapLocalCliDriver.testCliDriver[join_acid_non_acid] (batchId=150)
org.apache.hadoop.hive.cli.TestMiniLlapLocalCliDriver.testCliDriver[union_fast_stats] (batchId=145)
org.apache.hadoop.hive.cli.TestMiniLlapLocalCliDriver.testCliDriver[vector_partition_diff_num_cols] (batchId=146)
org.apache.hadoop.hive.cli.TestMiniTezCliDriver.testCliDriver[explainanalyze_2] (batchId=91)
org.apache.hadoop.hive.cli.TestSparkCliDriver.org.apache.hadoop.hive.cli.TestSparkCliDriver (batchId=94)
org.apache.hadoop.hive.ql.TestAcidOnTez.testMapJoinOnTez (batchId=199)
org.apache.hadoop.hive.ql.TestAcidOnTez.testMergeJoinOnMR (batchId=199)
org.apache.hadoop.hive.ql.TestAcidOnTez.testMergeJoinOnTez (batchId=199)
org.apache.hadoop.hive.ql.TestAcidOnTezWithSplitUpdate.testMapJoinOnMR (batchId=203)
org.apache.hadoop.hive.ql.TestAcidOnTezWithSplitUpdate.testMapJoinOnTez (batchId=203)
org.apache.hadoop.hive.ql.TestAcidOnTezWithSplitUpdate.testMergeJoinOnMR (batchId=203)
org.apache.hadoop.hive.ql.TestAcidOnTezWithSplitUpdate.testMergeJoinOnTez (batchId=203)
org.apache.hadoop.hive.ql.TestTxnCommands2.testACIDwithSchemaEvolutionAndCompaction (batchId=257)
org.apache.hadoop.hive.ql.TestTxnCommands2.testAcidWithSchemaEvolution (batchId=257)
org.apache.hadoop.hive.ql.TestTxnCommands2.testETLSplitStrategyForACID (batchId=257)
org.apache.hadoop.hive.ql.TestTxnCommands2.testNonAcidToAcidConversion2 (batchId=257)
org.apache.hadoop.hive.ql.TestTxnCommands2.testNonAcidToAcidConversion3 (batchId=257)
org.apache.hadoop.hive.ql.TestTxnCommands2.testOriginalFileReaderWhenNonAcidConvertedToAcid (batchId=257)
org.apache.hadoop.hive.ql.TestTxnCommands2WithSplitUpdate.testACIDwithSchemaEvolutionAndCompaction (batchId=267)
org.apache.hadoop.hive.ql.TestTxnCommands2WithSplitUpdate.testAcidWithSchemaEvolution (batchId=267)
org.apache.hadoop.hive.ql.TestTxnCommands2WithSplitUpdate.testBucketizedInputFormat (batchId=267)
org.apache.hadoop.hive.ql.TestTxnCommands2WithSplitUpdate.testCompactWithDelete (batchId=267)
org.apache.hadoop.hive.ql.TestTxnCommands2WithSplitUpdate.testDeleteIn (batchId=267)
org.apache.hadoop.hive.ql.TestTxnCommands2WithSplitUpdate.testDynamicPartitionsMerge (batchId=267)
org.apache.hadoop.hive.ql.TestTxnCommands2WithSplitUpdate.testDynamicPartitionsMerge2 (batchId=267)
org.apache.hadoop.hive.ql.TestTxnCommands2WithSplitUpdate.testETLSplitStrategyForACID (batchId=267)
org.apache.hadoop.hive.ql.TestTxnCommands2WithSplitUpdate.testMerge (batchId=267)
org.apache.hadoop.hive.ql.TestTxnCommands2WithSplitUpdate.testMerge2 (batchId=267)
org.apache.hadoop.hive.ql.TestTxnCommands2WithSplitUpdate.testMerge3 (batchId=267)
org.apache.hadoop.hive.ql.TestTxnCommands2WithSplitUpdate.testMergeDeleteUpdate (batchId=267)
org.apache.hadoop.hive.ql.TestTxnCommands2WithSplitUpdate.testMergeUpdateDelete (batchId=267)
org.apache.hadoop.hive.ql.TestTxnCommands2WithSplitUpdate.testMergeWithPredicate (batchId=267)
org.apache.hadoop.hive.ql.TestTxnCommands2WithSplitUpdate.testMultiInsertStatement (batchId=267)
org.apache.hadoop.hive.ql.TestTxnCommands2WithSplitUpdate.testNoHistory (batchId=267)
org.apache.hadoop.hive.ql.TestTxnCommands2WithSplitUpdate.testNonAcidToAcidConversion2 (batchId=267)
org.apache.hadoop.hive.ql.TestTxnCommands2WithSplitUpdate.testNonAcidToAcidConversion3 (batchId=267)
org.apache.hadoop.hive.ql.TestTxnCommands2WithSplitUpdate.testNonAcidToAcidSplitUpdateConversion1 (batchId=267)
org.apache.hadoop.hive.ql.TestTxnCommands2WithSplitUpdate.testNonAcidToAcidSplitUpdateConversion2 (batchId=267)
org.apache.hadoop.hive.ql.TestTxnCommands2WithSplitUpdate.testNonAcidToAcidSplitUpdateConversion3 (batchId=267)
org.apache.hadoop.hive.ql.TestTxnCommands2WithSplitUpdate.testOrcNoPPD (batchId=267)
org.apache.hadoop.hive.ql.TestTxnCommands2WithSplitUpdate.testOrcPPD (batchId=267)
org.apache.hadoop.hive.ql.TestTxnCommands2WithSplitUpdate.testOriginalFileReaderWhenNonAcidConvertedToAcid (batchId=267)
org.apache.hadoop.hive.ql.TestTxnCommands2WithSplitUpdate.testUpdateMixedCase (batchId=267)
org.apache.hadoop.hive.ql.TestTxnCommands2WithSplitUpdate.updateDeletePartitioned (batchId=267)
org.apache.hadoop.hive.ql.TestTxnCommands2WithSplitUpdate.writeBetweenWorkerAndCleaner (batchId=267)
org.apache.hadoop.hive.ql.TestTxnCommands2WithSplitUpdateAndVectorization.testACIDwithSchemaEvolutionAndCompaction (batchId=264)
org.apache.hadoop.hive.ql.TestTxnCommands2WithSplitUpdateAndVectorization.testAcidWithSchemaEvolution (batchId=264)
org.apache.hadoop.hive.ql.TestTxnCommands2WithSplitUpdateAndVectorization.testBucketizedInputFormat (batchId=264)
org.apache.hadoop.hive.ql.TestTxnCommands2WithSplitUpdateAndVectorization.testCompactWithDelete (batchId=264)
org.apache.hadoop.hive.ql.TestTxnCommands2WithSplitUpdateAndVectorization.testDeleteIn (batchId=264)
org.apache.hadoop.hive.ql.TestTxnCommands2WithSplitUpdateAndVectorization.testDynamicPartitionsMerge (batchId=264)
org.apache.hadoop.hive.ql.TestTxnCommands2WithSplitUpdateAndVectorization.testDynamicPartitionsMerge2 (batchId=264)
org.apache.hadoop.hive.ql.TestTxnCommands2WithSplitUpdateAndVectorization.testETLSplitStrategyForACID (batchId=264)
org.apache.hadoop.hive.ql.TestTxnCommands2WithSplitUpdateAndVectorization.testMerge (batchId=264)
org.apache.hadoop.hive.ql.TestTxnCommands2WithSplitUpdateAndVectorization.testMerge2 (batchId=264)
org.apache.hadoop.hive.ql.TestTxnCommands2WithSplitUpdateAndVectorization.testMerge3 (batchId=264)
org.apache.hadoop.hive.ql.TestTxnCommands2WithSplitUpdateAndVectorization.testMergeDeleteUpdate (batchId=264)
org.apache.hadoop.hive.ql.TestTxnCommands2WithSplitUpdateAndVectorization.testMergeUpdateDelete (batchId=264)
org.apache.hadoop.hive.ql.TestTxnCommands2WithSplitUpdateAndVectorization.testMergeWithPredicate (batchId=264)
org.apache.hadoop.hive.ql.TestTxnCommands2WithSplitUpdateAndVectorization.testMultiInsertStatement (batchId=264)
org.apache.hadoop.hive.ql.TestTxnCommands2WithSplitUpdateAndVectorization.testNoHistory (batchId=264)
org.apache.hadoop.hive.ql.TestTxnCommands2WithSplitUpdateAndVectorization.testNonAcidToAcidConversion2 (batchId=264)
org.apache.hadoop.hive.ql.TestTxnCommands2WithSplitUpdateAndVectorization.testNonAcidToAcidConversion3 (batchId=264)
org.apache.hadoop.hive.ql.TestTxnCommands2WithSplitUpdateAndVectorization.testNonAcidToAcidSplitUpdateConversion1 (batchId=264)
org.apache.hadoop.hive.ql.TestTxnCommands2WithSplitUpdateAndVectorization.testNonAcidToAcidSplitUpdateConversion2 (batchId=264)
org.apache.hadoop.hive.ql.TestTxnCommands2WithSplitUpdateAndVectorization.testNonAcidToAcidSplitUpdateConversion3 (batchId=264)
org.apache.hadoop.hive.ql.TestTxnCommands2WithSplitUpdateAndVectorization.testOrcNoPPD (batchId=264)
org.apache.hadoop.hive.ql.TestTxnCommands2WithSplitUpdateAndVectorization.testOrcPPD (batchId=264)
org.apache.hadoop.hive.ql.TestTxnCommands2WithSplitUpdateAndVectorization.testOriginalFileReaderWhenNonAcidConvertedToAcid (batchId=264)
org.apache.hadoop.hive.ql.TestTxnCommands2WithSplitUpdateAndVectorization.testUpdateMixedCase (batchId=264)
org.apache.hadoop.hive.ql.TestTxnCommands2WithSplitUpdateAndVectorization.updateDeletePartitioned (batchId=264)
org.apache.hadoop.hive.ql.TestTxnCommands2WithSplitUpdateAndVectorization.writeBetweenWorkerAndCleaner (batchId=264)
&lt;/pre&gt;
&lt;/div&gt;&lt;/div&gt;

&lt;p&gt;Test results: &lt;a href=&quot;https://builds.apache.org/job/PreCommit-HIVE-Build/2229/testReport&quot; class=&quot;external-link&quot; rel=&quot;nofollow&quot;&gt;https://builds.apache.org/job/PreCommit-HIVE-Build/2229/testReport&lt;/a&gt;&lt;br/&gt;
Console output: &lt;a href=&quot;https://builds.apache.org/job/PreCommit-HIVE-Build/2229/console&quot; class=&quot;external-link&quot; rel=&quot;nofollow&quot;&gt;https://builds.apache.org/job/PreCommit-HIVE-Build/2229/console&lt;/a&gt;&lt;br/&gt;
Test logs: &lt;a href=&quot;http://104.198.109.242/logs/PreCommit-HIVE-Build-2229/&quot; class=&quot;external-link&quot; rel=&quot;nofollow&quot;&gt;http://104.198.109.242/logs/PreCommit-HIVE-Build-2229/&lt;/a&gt;&lt;/p&gt;

&lt;p&gt;Messages:&lt;/p&gt;
&lt;div class=&quot;preformatted panel&quot; style=&quot;border-width: 1px;&quot;&gt;&lt;div class=&quot;preformattedContent panelContent&quot;&gt;
&lt;pre&gt;Executing org.apache.hive.ptest.execution.TestCheckPhase
Executing org.apache.hive.ptest.execution.PrepPhase
Executing org.apache.hive.ptest.execution.ExecutionPhase
Executing org.apache.hive.ptest.execution.ReportingPhase
Tests exited with: TestsFailedException: 78 tests failed
&lt;/pre&gt;
&lt;/div&gt;&lt;/div&gt;

&lt;p&gt;This message is automatically generated.&lt;/p&gt;

&lt;p&gt;ATTACHMENT ID: 12839838 - PreCommit-HIVE-Build&lt;/p&gt;</comment>
                            <comment id="15691673" author="owen.omalley" created="Wed, 23 Nov 2016 23:40:23 +0000"  >&lt;p&gt;As reflected in the pull request, I needed to fix some of the expected output and another context where the llap server was using the wrong schema for the include vector.&lt;/p&gt;</comment>
                            <comment id="15692025" author="hiveqa" created="Thu, 24 Nov 2016 03:04:18 +0000"  >

&lt;p&gt;Here are the results of testing the latest attachment:&lt;br/&gt;
&lt;a href=&quot;https://issues.apache.org/jira/secure/attachment/12840345/HIVE-15124.patch&quot; class=&quot;external-link&quot; rel=&quot;nofollow&quot;&gt;https://issues.apache.org/jira/secure/attachment/12840345/HIVE-15124.patch&lt;/a&gt;&lt;/p&gt;

&lt;p&gt;&lt;font color=&quot;green&quot;&gt;SUCCESS:&lt;/font&gt; +1 due to 1 test(s) being added or modified.&lt;/p&gt;

&lt;p&gt;&lt;font color=&quot;red&quot;&gt;ERROR:&lt;/font&gt; -1 due to 6 failed/errored test(s), 10720 tests executed&lt;br/&gt;
&lt;b&gt;Failed tests:&lt;/b&gt;&lt;/p&gt;
&lt;div class=&quot;preformatted panel&quot; style=&quot;border-width: 1px;&quot;&gt;&lt;div class=&quot;preformattedContent panelContent&quot;&gt;
&lt;pre&gt;TestSparkCliDriver - did not produce a TEST-*.xml file (likely timed out) (batchId=95)
	[ptf_general_queries.q,auto_join_reordering_values.q,sample2.q,join1.q,decimal_join.q,mapjoin_subquery2.q,join32_lessSize.q,mapjoin1.q,order2.q,skewjoinopt18.q,union_remove_18.q,join25.q,groupby9.q,bucketsortoptimize_insert_6.q,ctas.q]
org.apache.hadoop.hive.cli.TestMiniLlapCliDriver.testCliDriver[transform_ppr2] (batchId=133)
org.apache.hadoop.hive.cli.TestMiniLlapLocalCliDriver.testCliDriver[join_acid_non_acid] (batchId=150)
org.apache.hadoop.hive.cli.TestMiniLlapLocalCliDriver.testCliDriver[union_fast_stats] (batchId=145)
org.apache.hadoop.hive.cli.TestMiniTezCliDriver.testCliDriver[explainanalyze_2] (batchId=91)
org.apache.hadoop.hive.cli.TestMiniTezCliDriver.testCliDriver[explainanalyze_4] (batchId=91)
&lt;/pre&gt;
&lt;/div&gt;&lt;/div&gt;

&lt;p&gt;Test results: &lt;a href=&quot;https://builds.apache.org/job/PreCommit-HIVE-Build/2274/testReport&quot; class=&quot;external-link&quot; rel=&quot;nofollow&quot;&gt;https://builds.apache.org/job/PreCommit-HIVE-Build/2274/testReport&lt;/a&gt;&lt;br/&gt;
Console output: &lt;a href=&quot;https://builds.apache.org/job/PreCommit-HIVE-Build/2274/console&quot; class=&quot;external-link&quot; rel=&quot;nofollow&quot;&gt;https://builds.apache.org/job/PreCommit-HIVE-Build/2274/console&lt;/a&gt;&lt;br/&gt;
Test logs: &lt;a href=&quot;http://104.198.109.242/logs/PreCommit-HIVE-Build-2274/&quot; class=&quot;external-link&quot; rel=&quot;nofollow&quot;&gt;http://104.198.109.242/logs/PreCommit-HIVE-Build-2274/&lt;/a&gt;&lt;/p&gt;

&lt;p&gt;Messages:&lt;/p&gt;
&lt;div class=&quot;preformatted panel&quot; style=&quot;border-width: 1px;&quot;&gt;&lt;div class=&quot;preformattedContent panelContent&quot;&gt;
&lt;pre&gt;Executing org.apache.hive.ptest.execution.TestCheckPhase
Executing org.apache.hive.ptest.execution.PrepPhase
Executing org.apache.hive.ptest.execution.ExecutionPhase
Executing org.apache.hive.ptest.execution.ReportingPhase
Tests exited with: TestsFailedException: 6 tests failed
&lt;/pre&gt;
&lt;/div&gt;&lt;/div&gt;

&lt;p&gt;This message is automatically generated.&lt;/p&gt;

&lt;p&gt;ATTACHMENT ID: 12840345 - PreCommit-HIVE-Build&lt;/p&gt;</comment>
                            <comment id="15702355" author="owen.omalley" created="Mon, 28 Nov 2016 16:14:27 +0000"  >&lt;p&gt;Updated two more expected output files. The pull request has the changes separated out.&lt;/p&gt;</comment>
                            <comment id="15702531" author="hiveqa" created="Mon, 28 Nov 2016 17:15:27 +0000"  >

&lt;p&gt;Here are the results of testing the latest attachment:&lt;br/&gt;
&lt;a href=&quot;https://issues.apache.org/jira/secure/attachment/12840664/HIVE-15124.patch&quot; class=&quot;external-link&quot; rel=&quot;nofollow&quot;&gt;https://issues.apache.org/jira/secure/attachment/12840664/HIVE-15124.patch&lt;/a&gt;&lt;/p&gt;

&lt;p&gt;&lt;font color=&quot;green&quot;&gt;SUCCESS:&lt;/font&gt; +1 due to 1 test(s) being added or modified.&lt;/p&gt;

&lt;p&gt;&lt;font color=&quot;red&quot;&gt;ERROR:&lt;/font&gt; -1 due to 8 failed/errored test(s), 10735 tests executed&lt;br/&gt;
&lt;b&gt;Failed tests:&lt;/b&gt;&lt;/p&gt;
&lt;div class=&quot;preformatted panel&quot; style=&quot;border-width: 1px;&quot;&gt;&lt;div class=&quot;preformattedContent panelContent&quot;&gt;
&lt;pre&gt;org.apache.hadoop.hive.cli.TestCliDriver.testCliDriver[sample2] (batchId=5)
org.apache.hadoop.hive.cli.TestCliDriver.testCliDriver[sample4] (batchId=15)
org.apache.hadoop.hive.cli.TestCliDriver.testCliDriver[sample6] (batchId=60)
org.apache.hadoop.hive.cli.TestCliDriver.testCliDriver[sample7] (batchId=59)
org.apache.hadoop.hive.cli.TestCliDriver.testCliDriver[sample9] (batchId=38)
org.apache.hadoop.hive.cli.TestMiniLlapCliDriver.testCliDriver[transform_ppr2] (batchId=133)
org.apache.hadoop.hive.cli.TestMiniTezCliDriver.testCliDriver[explainanalyze_2] (batchId=91)
org.apache.hadoop.hive.cli.TestMiniTezCliDriver.testCliDriver[explainanalyze_4] (batchId=91)
&lt;/pre&gt;
&lt;/div&gt;&lt;/div&gt;

&lt;p&gt;Test results: &lt;a href=&quot;https://builds.apache.org/job/PreCommit-HIVE-Build/2297/testReport&quot; class=&quot;external-link&quot; rel=&quot;nofollow&quot;&gt;https://builds.apache.org/job/PreCommit-HIVE-Build/2297/testReport&lt;/a&gt;&lt;br/&gt;
Console output: &lt;a href=&quot;https://builds.apache.org/job/PreCommit-HIVE-Build/2297/console&quot; class=&quot;external-link&quot; rel=&quot;nofollow&quot;&gt;https://builds.apache.org/job/PreCommit-HIVE-Build/2297/console&lt;/a&gt;&lt;br/&gt;
Test logs: &lt;a href=&quot;http://104.198.109.242/logs/PreCommit-HIVE-Build-2297/&quot; class=&quot;external-link&quot; rel=&quot;nofollow&quot;&gt;http://104.198.109.242/logs/PreCommit-HIVE-Build-2297/&lt;/a&gt;&lt;/p&gt;

&lt;p&gt;Messages:&lt;/p&gt;
&lt;div class=&quot;preformatted panel&quot; style=&quot;border-width: 1px;&quot;&gt;&lt;div class=&quot;preformattedContent panelContent&quot;&gt;
&lt;pre&gt;Executing org.apache.hive.ptest.execution.TestCheckPhase
Executing org.apache.hive.ptest.execution.PrepPhase
Executing org.apache.hive.ptest.execution.ExecutionPhase
Executing org.apache.hive.ptest.execution.ReportingPhase
Tests exited with: TestsFailedException: 8 tests failed
&lt;/pre&gt;
&lt;/div&gt;&lt;/div&gt;

&lt;p&gt;This message is automatically generated.&lt;/p&gt;

&lt;p&gt;ATTACHMENT ID: 12840664 - PreCommit-HIVE-Build&lt;/p&gt;</comment>
                            <comment id="15702842" author="owen.omalley" created="Mon, 28 Nov 2016 19:20:09 +0000"  >&lt;p&gt;&lt;b&gt;Sigh&lt;/b&gt; reverted previous change.&lt;/p&gt;</comment>
                            <comment id="15703273" author="hiveqa" created="Mon, 28 Nov 2016 22:01:22 +0000"  >

&lt;p&gt;Here are the results of testing the latest attachment:&lt;br/&gt;
&lt;a href=&quot;https://issues.apache.org/jira/secure/attachment/12840697/HIVE-15124.patch&quot; class=&quot;external-link&quot; rel=&quot;nofollow&quot;&gt;https://issues.apache.org/jira/secure/attachment/12840697/HIVE-15124.patch&lt;/a&gt;&lt;/p&gt;

&lt;p&gt;&lt;font color=&quot;green&quot;&gt;SUCCESS:&lt;/font&gt; +1 due to 1 test(s) being added or modified.&lt;/p&gt;

&lt;p&gt;&lt;font color=&quot;red&quot;&gt;ERROR:&lt;/font&gt; -1 due to 7 failed/errored test(s), 10736 tests executed&lt;br/&gt;
&lt;b&gt;Failed tests:&lt;/b&gt;&lt;/p&gt;
&lt;div class=&quot;preformatted panel&quot; style=&quot;border-width: 1px;&quot;&gt;&lt;div class=&quot;preformattedContent panelContent&quot;&gt;
&lt;pre&gt;org.apache.hadoop.hive.cli.TestCliDriver.testCliDriver[sample2] (batchId=5)
org.apache.hadoop.hive.cli.TestCliDriver.testCliDriver[sample4] (batchId=15)
org.apache.hadoop.hive.cli.TestCliDriver.testCliDriver[sample6] (batchId=60)
org.apache.hadoop.hive.cli.TestCliDriver.testCliDriver[sample7] (batchId=59)
org.apache.hadoop.hive.cli.TestCliDriver.testCliDriver[sample9] (batchId=38)
org.apache.hadoop.hive.cli.TestMiniLlapCliDriver.testCliDriver[transform_ppr2] (batchId=133)
org.apache.hive.jdbc.TestJdbcWithLocalClusterSpark.testTempTable (batchId=213)
&lt;/pre&gt;
&lt;/div&gt;&lt;/div&gt;

&lt;p&gt;Test results: &lt;a href=&quot;https://builds.apache.org/job/PreCommit-HIVE-Build/2304/testReport&quot; class=&quot;external-link&quot; rel=&quot;nofollow&quot;&gt;https://builds.apache.org/job/PreCommit-HIVE-Build/2304/testReport&lt;/a&gt;&lt;br/&gt;
Console output: &lt;a href=&quot;https://builds.apache.org/job/PreCommit-HIVE-Build/2304/console&quot; class=&quot;external-link&quot; rel=&quot;nofollow&quot;&gt;https://builds.apache.org/job/PreCommit-HIVE-Build/2304/console&lt;/a&gt;&lt;br/&gt;
Test logs: &lt;a href=&quot;http://104.198.109.242/logs/PreCommit-HIVE-Build-2304/&quot; class=&quot;external-link&quot; rel=&quot;nofollow&quot;&gt;http://104.198.109.242/logs/PreCommit-HIVE-Build-2304/&lt;/a&gt;&lt;/p&gt;

&lt;p&gt;Messages:&lt;/p&gt;
&lt;div class=&quot;preformatted panel&quot; style=&quot;border-width: 1px;&quot;&gt;&lt;div class=&quot;preformattedContent panelContent&quot;&gt;
&lt;pre&gt;Executing org.apache.hive.ptest.execution.TestCheckPhase
Executing org.apache.hive.ptest.execution.PrepPhase
Executing org.apache.hive.ptest.execution.ExecutionPhase
Executing org.apache.hive.ptest.execution.ReportingPhase
Tests exited with: TestsFailedException: 7 tests failed
&lt;/pre&gt;
&lt;/div&gt;&lt;/div&gt;

&lt;p&gt;This message is automatically generated.&lt;/p&gt;

&lt;p&gt;ATTACHMENT ID: 12840697 - PreCommit-HIVE-Build&lt;/p&gt;</comment>
                            <comment id="15704710" author="prasanth_j" created="Tue, 29 Nov 2016 08:51:19 +0000"  >&lt;p&gt;+1&lt;/p&gt;</comment>
                            <comment id="15706879" author="owen.omalley" created="Tue, 29 Nov 2016 23:17:57 +0000"  >&lt;p&gt;I just committed this. Thanks for the review, Prasanth.&lt;/p&gt;</comment>
                    </comments>
                    <attachments>
                            <attachment id="12840697" name="HIVE-15124.patch" size="75995" author="owen.omalley" created="Mon, 28 Nov 2016 19:20:09 +0000"/>
                            <attachment id="12840664" name="HIVE-15124.patch" size="78767" author="owen.omalley" created="Mon, 28 Nov 2016 16:14:27 +0000"/>
                            <attachment id="12840345" name="HIVE-15124.patch" size="75995" author="owen.omalley" created="Wed, 23 Nov 2016 23:40:23 +0000"/>
                            <attachment id="12839838" name="HIVE-15124.patch" size="41632" author="owen.omalley" created="Mon, 21 Nov 2016 16:54:21 +0000"/>
                    </attachments>
                <subtasks>
                    </subtasks>
                <customfields>
                                                <customfield id="customfield_12310310" key="com.atlassian.jira.toolkit:attachments">
                        <customfieldname>Attachment count</customfieldname>
                        <customfieldvalues>
                            <customfieldvalue>4.0</customfieldvalue>
                        </customfieldvalues>
                    </customfield>
                                                                                                                                                                                                                                                                                                                                                                                                                                                                                                                                <customfield id="customfield_12310220" key="com.atlassian.jira.ext.charting:firstresponsedate">
                        <customfieldname>Date of First Response</customfieldname>
                        <customfieldvalues>
                            <customfieldvalue>Fri, 4 Nov 2016 17:48:09 +0000</customfieldvalue>

                        </customfieldvalues>
                    </customfield>
                                                                                                                                                                                                                                                                                                                                                                                                                                            <customfield id="customfield_12310420" key="com.pyxis.greenhopper.jira:gh-global-rank">
                        <customfieldname>Global Rank</customfieldname>
                        <customfieldvalues>
                            <customfieldvalue>9223372036854775807</customfieldvalue>
                        </customfieldvalues>
                    </customfield>
                                                                                                                                                    <customfield id="customfield_12312521" key="com.atlassian.jira.toolkit:LastCommentDate">
                        <customfieldname>Last public comment date</customfieldname>
                        <customfieldvalues>
                            2 days ago
                        </customfieldvalues>
                    </customfield>
                                                                                            <customfield id="customfield_12311820" key="com.pyxis.greenhopper.jira:gh-lexo-rank">
                        <customfieldname>Rank</customfieldname>
                        <customfieldvalues>
                            <customfieldvalue>0|i35uin:</customfieldvalue>

                        </customfieldvalues>
                    </customfield>
                                                                <customfield id="customfield_12310920" key="com.pyxis.greenhopper.jira:gh-global-rank">
                        <customfieldname>Rank (Obsolete)</customfieldname>
                        <customfieldvalues>
                            <customfieldvalue>9223372036854775807</customfieldvalue>
                        </customfieldvalues>
                    </customfield>
                                                                                                                                                                                                                                                                                                                            <customfield id="customfield_12310222" key="com.atlassian.jira.ext.charting:timeinstatus">
                        <customfieldname>Time in Status</customfieldname>
                        <customfieldvalues>
                            
                        </customfieldvalues>
                    </customfield>
                                                                                                                        </customfields>
    </item>
</channel>
</rss>