<!-- 
RSS generated by JIRA (6.3.4#6332-sha1:51bc225ef474afe3128b2f66878477f322397b16) at Sun Dec 04 00:19:03 UTC 2016

It is possible to restrict the fields that are returned in this document by specifying the 'field' parameter in your request.
For example, to request only the issue key and summary add field=key&field=summary to the URL of your request.
For example:
https://issues.apache.org/jira/si/jira.issueviews:issue-xml/HIVE-922/HIVE-922.xml?field=key&amp;field=summary
-->
<rss version="0.92" >
<channel>
    <title>ASF JIRA</title>
    <link>https://issues.apache.org/jira</link>
    <description>This file is an XML representation of an issue</description>
    <language>en-uk</language>    <build-info>
        <version>6.3.4</version>
        <build-number>6332</build-number>
        <build-date>15-08-2014</build-date>
    </build-info>

<item>
            <title>[HIVE-922] partition specific file format should be supported</title>
                <link>https://issues.apache.org/jira/browse/HIVE-922</link>
                <project id="12310843" key="HIVE">Hive</project>
                    <description></description>
                <environment></environment>
        <key id="12440347">HIVE-922</key>
            <summary>partition specific file format should be supported</summary>
                <type id="2" iconUrl="https://issues.apache.org/jira/images/icons/issuetypes/newfeature.png">New Feature</type>
                                            <priority id="3" iconUrl="https://issues.apache.org/jira/images/icons/priorities/major.png">Major</priority>
                        <status id="6" iconUrl="https://issues.apache.org/jira/images/icons/statuses/closed.png" description="The issue is considered finished, the resolution is correct. Issues which are closed can be reopened.">Closed</status>
                    <statusCategory id="3" key="done" colorName="green"/>
                                    <resolution id="1">Fixed</resolution>
                                        <assignee username="he yongqiang">He Yongqiang</assignee>
                                    <reporter username="namit">Namit Jain</reporter>
                        <labels>
                    </labels>
                <created>Tue, 10 Nov 2009 22:41:24 +0000</created>
                <updated>Tue, 2 Aug 2016 21:55:41 +0000</updated>
                            <resolved>Thu, 12 Nov 2009 21:37:05 +0000</resolved>
                                                    <fixVersion>0.5.0</fixVersion>
                                    <component>Query Processor</component>
                        <due></due>
                            <votes>0</votes>
                                    <watches>0</watches>
                                                                <comments>
                            <comment id="12776373" author="he yongqiang" created="Wed, 11 Nov 2009 08:30:12 +0000"  >&lt;p&gt;The patch introduced one new command: &lt;br/&gt;
ALTER TABLE tbl SET FILEFORMAT TEXTFILE|SEQUENCEFILE|RCFILE| INPUTFORMAT &apos; inputformat class&apos; OUTPUTFORMAT &quot;outformat class&quot; &lt;/p&gt;</comment>
                            <comment id="12776555" author="namit" created="Wed, 11 Nov 2009 18:12:42 +0000"  >&lt;p&gt;I haven&apos;t taken a look at the code changes yet - but in the test, can you also add a statement that selects from multiple partitions accessing different formats.&lt;/p&gt;

&lt;p&gt;Along with, &lt;br/&gt;
select key from partition_test_partitioned where dt=100;&lt;br/&gt;
select key from partition_test_partitioned where dt=101;&lt;br/&gt;
select key from partition_test_partitioned where dt=102;&lt;/p&gt;


&lt;p&gt;please add &lt;/p&gt;

&lt;p&gt;select key from partition_test_partitioned where dt &amp;gt;=100 and dt &amp;lt;= 102;&lt;/p&gt;</comment>
                            <comment id="12776567" author="he yongqiang" created="Wed, 11 Nov 2009 18:46:22 +0000"  >&lt;p&gt;Thanks, Namit. hive-922-2009-11-11.patch added the query.&lt;/p&gt;</comment>
                            <comment id="12776797" author="namit" created="Thu, 12 Nov 2009 02:19:13 +0000"  >&lt;p&gt;Reviewed with Yongqiang: minor comments&lt;/p&gt;

&lt;p&gt;1. Undo changes in thrift generated file Partition.java&lt;br/&gt;
2. Don&apos;t import static in DDLSemanticAnalyzer.java&lt;br/&gt;
3. Don&apos;t throw ClassNotFoundException - convert it to HiveException&lt;br/&gt;
4. Dont use transients in partitionDesc&lt;/p&gt;</comment>
                            <comment id="12777099" author="he yongqiang" created="Thu, 12 Nov 2009 18:26:59 +0000"  >&lt;p&gt;Thanks, Namit!&lt;br/&gt;
hive-922-2009-11-12.patch integrates the comments.&lt;/p&gt;</comment>
                            <comment id="12777225" author="namit" created="Thu, 12 Nov 2009 21:37:05 +0000"  >&lt;p&gt;Committed. Thanks Yongqiang&lt;/p&gt;</comment>
                    </comments>
                <issuelinks>
                            <issuelinktype id="10032">
                    <name>Blocker</name>
                                                                <inwardlinks description="is blocked by">
                                        <issuelink>
            <issuekey id="12442003">HIVE-957</issuekey>
        </issuelink>
                            </inwardlinks>
                                    </issuelinktype>
                            <issuelinktype id="12310000">
                    <name>Duplicate</name>
                                            <outwardlinks description="duplicates">
                                        <issuelink>
            <issuekey id="12440220">HIVE-918</issuekey>
        </issuelink>
                            </outwardlinks>
                                                        </issuelinktype>
                            <issuelinktype id="10030">
                    <name>Reference</name>
                                            <outwardlinks description="relates to">
                                        <issuelink>
            <issuekey id="12994391">HIVE-14406</issuekey>
        </issuelink>
            <issuelink>
            <issuekey id="12442003">HIVE-957</issuekey>
        </issuelink>
                            </outwardlinks>
                                                        </issuelinktype>
                    </issuelinks>
                <attachments>
                            <attachment id="12424582" name="hive-922-2009-11-10-4.patch" size="1038419" author="he yongqiang" created="Wed, 11 Nov 2009 08:30:12 +0000"/>
                            <attachment id="12424631" name="hive-922-2009-11-11.patch" size="1039794" author="he yongqiang" created="Wed, 11 Nov 2009 18:45:47 +0000"/>
                            <attachment id="12424741" name="hive-922-2009-11-12.patch" size="1014507" author="he yongqiang" created="Thu, 12 Nov 2009 18:26:59 +0000"/>
                    </attachments>
                <subtasks>
                    </subtasks>
                <customfields>
                                                <customfield id="customfield_12310310" key="com.atlassian.jira.toolkit:attachments">
                        <customfieldname>Attachment count</customfieldname>
                        <customfieldvalues>
                            <customfieldvalue>3.0</customfieldvalue>
                        </customfieldvalues>
                    </customfield>
                                                                                                                                                                                                                                                                                                                                                                                                                                                                                                                                <customfield id="customfield_12310220" key="com.atlassian.jira.ext.charting:firstresponsedate">
                        <customfieldname>Date of First Response</customfieldname>
                        <customfieldvalues>
                            <customfieldvalue>Wed, 11 Nov 2009 08:30:12 +0000</customfieldvalue>

                        </customfieldvalues>
                    </customfield>
                                                                                                                                                                                                                                                                                                                                                                                                                                            <customfield id="customfield_12310420" key="com.pyxis.greenhopper.jira:gh-global-rank">
                        <customfieldname>Global Rank</customfieldname>
                        <customfieldvalues>
                            <customfieldvalue>73212</customfieldvalue>
                        </customfieldvalues>
                    </customfield>
                                                                <customfield id="customfield_12310191" key="com.atlassian.jira.plugin.system.customfieldtypes:multicheckboxes">
                        <customfieldname>Hadoop Flags</customfieldname>
                        <customfieldvalues>
                                <customfieldvalue key="10343"><![CDATA[Reviewed]]></customfieldvalue>
    
                        </customfieldvalues>
                    </customfield>
                                                                                                                        <customfield id="customfield_12312521" key="com.atlassian.jira.toolkit:LastCommentDate">
                        <customfieldname>Last public comment date</customfieldname>
                        <customfieldvalues>
                            7 years, 4 weeks, 2 days ago
                        </customfieldvalues>
                    </customfield>
                                                                                            <customfield id="customfield_12311820" key="com.pyxis.greenhopper.jira:gh-lexo-rank">
                        <customfieldname>Rank</customfieldname>
                        <customfieldvalues>
                            <customfieldvalue>0|i0lcgn:</customfieldvalue>

                        </customfieldvalues>
                    </customfield>
                                                                <customfield id="customfield_12310920" key="com.pyxis.greenhopper.jira:gh-global-rank">
                        <customfieldname>Rank (Obsolete)</customfieldname>
                        <customfieldvalues>
                            <customfieldvalue>122669</customfieldvalue>
                        </customfieldvalues>
                    </customfield>
                                                                                                                                                                                                                                                                                                                            <customfield id="customfield_12310222" key="com.atlassian.jira.ext.charting:timeinstatus">
                        <customfieldname>Time in Status</customfieldname>
                        <customfieldvalues>
                            
                        </customfieldvalues>
                    </customfield>
                                                                                                                        </customfields>
    </item>
</channel>
</rss>