<!-- 
RSS generated by JIRA (6.3.4#6332-sha1:51bc225ef474afe3128b2f66878477f322397b16) at Sat Dec 03 00:10:16 UTC 2016

It is possible to restrict the fields that are returned in this document by specifying the 'field' parameter in your request.
For example, to request only the issue key and summary add field=key&field=summary to the URL of your request.
For example:
https://issues.apache.org/jira/si/jira.issueviews:issue-xml/HIVE-2650/HIVE-2650.xml?field=key&amp;field=summary
-->
<rss version="0.92" >
<channel>
    <title>ASF JIRA</title>
    <link>https://issues.apache.org/jira</link>
    <description>This file is an XML representation of an issue</description>
    <language>en-uk</language>    <build-info>
        <version>6.3.4</version>
        <build-number>6332</build-number>
        <build-date>15-08-2014</build-date>
    </build-info>

<item>
            <title>[HIVE-2650] Parallel test commands that include cd fail</title>
                <link>https://issues.apache.org/jira/browse/HIVE-2650</link>
                <project id="12310843" key="HIVE">Hive</project>
                    <description>&lt;p&gt;Parallel test commands that include cd fail.&lt;/p&gt;</description>
                <environment></environment>
        <key id="12534851">HIVE-2650</key>
            <summary>Parallel test commands that include cd fail</summary>
                <type id="1" iconUrl="https://issues.apache.org/jira/images/icons/issuetypes/bug.png">Bug</type>
                                            <priority id="3" iconUrl="https://issues.apache.org/jira/images/icons/priorities/major.png">Major</priority>
                        <status id="6" iconUrl="https://issues.apache.org/jira/images/icons/statuses/closed.png" description="The issue is considered finished, the resolution is correct. Issues which are closed can be reopened.">Closed</status>
                    <statusCategory id="3" key="done" colorName="green"/>
                                    <resolution id="1">Fixed</resolution>
                                        <assignee username="mareksapota_fb">Marek Sapota</assignee>
                                    <reporter username="mareksapota_fb">Marek Sapota</reporter>
                        <labels>
                    </labels>
                <created>Mon, 12 Dec 2011 23:21:32 +0000</created>
                <updated>Mon, 30 Apr 2012 21:11:22 +0000</updated>
                            <resolved>Tue, 13 Dec 2011 00:30:53 +0000</resolved>
                                                    <fixVersion>0.9.0</fixVersion>
                                    <component>Testing Infrastructure</component>
                        <due></due>
                            <votes>0</votes>
                                    <watches>0</watches>
                                                                <comments>
                            <comment id="13167939" author="phabricator@reviews.facebook.net" created="Mon, 12 Dec 2011 23:25:30 +0000"  >&lt;p&gt;mareksapotafb updated the revision &quot;&lt;a href=&quot;https://issues.apache.org/jira/browse/HIVE-2650&quot; title=&quot;Parallel test commands that include cd fail&quot; class=&quot;issue-link&quot; data-issue-key=&quot;HIVE-2650&quot;&gt;&lt;del&gt;HIVE-2650&lt;/del&gt;&lt;/a&gt; &lt;span class=&quot;error&quot;&gt;&amp;#91;jira&amp;#93;&lt;/span&gt; Parallel tests fail if master directory is not present&quot;.&lt;br/&gt;
Reviewers: JIRA, jsichi&lt;/p&gt;

&lt;p&gt;  Sent patch to the right JIRA issue.&lt;/p&gt;

&lt;p&gt;REVISION DETAIL&lt;br/&gt;
  &lt;a href=&quot;https://reviews.facebook.net/D801&quot; class=&quot;external-link&quot; rel=&quot;nofollow&quot;&gt;https://reviews.facebook.net/D801&lt;/a&gt;&lt;/p&gt;

&lt;p&gt;AFFECTED FILES&lt;br/&gt;
  testutils/ptest/Ssh.py&lt;/p&gt;</comment>
                            <comment id="13167986" author="phabricator@reviews.facebook.net" created="Tue, 13 Dec 2011 00:29:30 +0000"  >&lt;p&gt;jsichi has commented on the revision &quot;&lt;a href=&quot;https://issues.apache.org/jira/browse/HIVE-2650&quot; title=&quot;Parallel test commands that include cd fail&quot; class=&quot;issue-link&quot; data-issue-key=&quot;HIVE-2650&quot;&gt;&lt;del&gt;HIVE-2650&lt;/del&gt;&lt;/a&gt; &lt;span class=&quot;error&quot;&gt;&amp;#91;jira&amp;#93;&lt;/span&gt; Parallel test commands that include cd fail&quot;.&lt;/p&gt;

&lt;p&gt;  +1, tested for realz this time.&lt;/p&gt;

&lt;p&gt;REVISION DETAIL&lt;br/&gt;
  &lt;a href=&quot;https://reviews.facebook.net/D801&quot; class=&quot;external-link&quot; rel=&quot;nofollow&quot;&gt;https://reviews.facebook.net/D801&lt;/a&gt;&lt;/p&gt;</comment>
                            <comment id="13167988" author="jvs" created="Tue, 13 Dec 2011 00:30:53 +0000"  >&lt;p&gt;Committed to trunk, thanks Marek!&lt;/p&gt;</comment>
                            <comment id="13167990" author="phabricator@reviews.facebook.net" created="Tue, 13 Dec 2011 00:31:30 +0000"  >&lt;p&gt;jsichi has accepted the revision &quot;&lt;a href=&quot;https://issues.apache.org/jira/browse/HIVE-2650&quot; title=&quot;Parallel test commands that include cd fail&quot; class=&quot;issue-link&quot; data-issue-key=&quot;HIVE-2650&quot;&gt;&lt;del&gt;HIVE-2650&lt;/del&gt;&lt;/a&gt; &lt;span class=&quot;error&quot;&gt;&amp;#91;jira&amp;#93;&lt;/span&gt; Parallel test commands that include cd fail&quot;.&lt;/p&gt;

&lt;p&gt;REVISION DETAIL&lt;br/&gt;
  &lt;a href=&quot;https://reviews.facebook.net/D801&quot; class=&quot;external-link&quot; rel=&quot;nofollow&quot;&gt;https://reviews.facebook.net/D801&lt;/a&gt;&lt;/p&gt;</comment>
                            <comment id="13167992" author="phabricator@reviews.facebook.net" created="Tue, 13 Dec 2011 00:33:30 +0000"  >&lt;p&gt;mareksapotafb has committed the revision &quot;&lt;a href=&quot;https://issues.apache.org/jira/browse/HIVE-2650&quot; title=&quot;Parallel test commands that include cd fail&quot; class=&quot;issue-link&quot; data-issue-key=&quot;HIVE-2650&quot;&gt;&lt;del&gt;HIVE-2650&lt;/del&gt;&lt;/a&gt; &lt;span class=&quot;error&quot;&gt;&amp;#91;jira&amp;#93;&lt;/span&gt; Parallel test commands that include cd fail&quot;.&lt;/p&gt;

&lt;p&gt;REVISION DETAIL&lt;br/&gt;
  &lt;a href=&quot;https://reviews.facebook.net/D801&quot; class=&quot;external-link&quot; rel=&quot;nofollow&quot;&gt;https://reviews.facebook.net/D801&lt;/a&gt;&lt;/p&gt;

&lt;p&gt;COMMIT&lt;br/&gt;
  &lt;a href=&quot;https://reviews.facebook.net/rHIVE1213519&quot; class=&quot;external-link&quot; rel=&quot;nofollow&quot;&gt;https://reviews.facebook.net/rHIVE1213519&lt;/a&gt;&lt;/p&gt;</comment>
                            <comment id="13168106" author="hudson" created="Tue, 13 Dec 2011 03:39:21 +0000"  >&lt;p&gt;Integrated in Hive-trunk-h0.23.0 #19 (See &lt;a href=&quot;https://builds.apache.org/job/Hive-trunk-h0.23.0/19/&quot; class=&quot;external-link&quot; rel=&quot;nofollow&quot;&gt;https://builds.apache.org/job/Hive-trunk-h0.23.0/19/&lt;/a&gt;)&lt;br/&gt;
    &lt;a href=&quot;https://issues.apache.org/jira/browse/HIVE-2650&quot; title=&quot;Parallel test commands that include cd fail&quot; class=&quot;issue-link&quot; data-issue-key=&quot;HIVE-2650&quot;&gt;&lt;del&gt;HIVE-2650&lt;/del&gt;&lt;/a&gt; &lt;span class=&quot;error&quot;&gt;&amp;#91;jira&amp;#93;&lt;/span&gt; Parallel test commands that include cd fail&lt;br/&gt;
(Marek Sapota via John Sichi)&lt;/p&gt;

&lt;p&gt;Summary: Add quotes around bash -c to fix commands using cd.&lt;/p&gt;

&lt;p&gt;Test Plan: EMPTY&lt;/p&gt;

&lt;p&gt;Reviewers: JIRA, jsichi&lt;/p&gt;

&lt;p&gt;Reviewed By: jsichi&lt;/p&gt;

&lt;p&gt;CC: mareksapotafb, jsichi&lt;/p&gt;

&lt;p&gt;Differential Revision: 801&lt;/p&gt;

&lt;p&gt;jvs : &lt;a href=&quot;http://svn.apache.org/viewcvs.cgi/?root=Apache-SVN&amp;amp;view=rev&amp;amp;rev=1213519&quot; class=&quot;external-link&quot; rel=&quot;nofollow&quot;&gt;http://svn.apache.org/viewcvs.cgi/?root=Apache-SVN&amp;amp;view=rev&amp;amp;rev=1213519&lt;/a&gt;&lt;br/&gt;
Files : &lt;/p&gt;
&lt;ul&gt;
	&lt;li&gt;/hive/trunk/testutils/ptest/Ssh.py&lt;/li&gt;
&lt;/ul&gt;
</comment>
                            <comment id="13168187" author="hudson" created="Tue, 13 Dec 2011 07:21:07 +0000"  >&lt;p&gt;Integrated in Hive-trunk-h0.21 #1142 (See &lt;a href=&quot;https://builds.apache.org/job/Hive-trunk-h0.21/1142/&quot; class=&quot;external-link&quot; rel=&quot;nofollow&quot;&gt;https://builds.apache.org/job/Hive-trunk-h0.21/1142/&lt;/a&gt;)&lt;br/&gt;
    &lt;a href=&quot;https://issues.apache.org/jira/browse/HIVE-2650&quot; title=&quot;Parallel test commands that include cd fail&quot; class=&quot;issue-link&quot; data-issue-key=&quot;HIVE-2650&quot;&gt;&lt;del&gt;HIVE-2650&lt;/del&gt;&lt;/a&gt; &lt;span class=&quot;error&quot;&gt;&amp;#91;jira&amp;#93;&lt;/span&gt; Parallel test commands that include cd fail&lt;br/&gt;
(Marek Sapota via John Sichi)&lt;/p&gt;

&lt;p&gt;Summary: Add quotes around bash -c to fix commands using cd.&lt;/p&gt;

&lt;p&gt;Test Plan: EMPTY&lt;/p&gt;

&lt;p&gt;Reviewers: JIRA, jsichi&lt;/p&gt;

&lt;p&gt;Reviewed By: jsichi&lt;/p&gt;

&lt;p&gt;CC: mareksapotafb, jsichi&lt;/p&gt;

&lt;p&gt;Differential Revision: 801&lt;/p&gt;

&lt;p&gt;jvs : &lt;a href=&quot;http://svn.apache.org/viewcvs.cgi/?root=Apache-SVN&amp;amp;view=rev&amp;amp;rev=1213519&quot; class=&quot;external-link&quot; rel=&quot;nofollow&quot;&gt;http://svn.apache.org/viewcvs.cgi/?root=Apache-SVN&amp;amp;view=rev&amp;amp;rev=1213519&lt;/a&gt;&lt;br/&gt;
Files : &lt;/p&gt;
&lt;ul&gt;
	&lt;li&gt;/hive/trunk/testutils/ptest/Ssh.py&lt;/li&gt;
&lt;/ul&gt;
</comment>
                            <comment id="13265258" author="ashutoshc" created="Mon, 30 Apr 2012 21:11:22 +0000"  >&lt;p&gt;This issue is closed now. It was released with the fix in 0.9.0. If there is a problem, please open a new jira and link this one with that.&lt;/p&gt;</comment>
                    </comments>
                    <attachments>
                            <attachment id="12507093" name="ASF.LICENSE.NOT.GRANTED--HIVE-2650.D801.2.patch" size="490" author="phabricator@reviews.facebook.net" created="Mon, 12 Dec 2011 23:25:31 +0000"/>
                            <attachment id="12507101" name="HIVE-2650.D801.2.patch" size="490" author="mareksapota_fb" created="Tue, 13 Dec 2011 00:40:38 +0000"/>
                    </attachments>
                <subtasks>
                    </subtasks>
                <customfields>
                                                <customfield id="customfield_12310310" key="com.atlassian.jira.toolkit:attachments">
                        <customfieldname>Attachment count</customfieldname>
                        <customfieldvalues>
                            <customfieldvalue>2.0</customfieldvalue>
                        </customfieldvalues>
                    </customfield>
                                                                                                                                                                                                                                                                                                                                                                                                                                                                                                                                <customfield id="customfield_12310220" key="com.atlassian.jira.ext.charting:firstresponsedate">
                        <customfieldname>Date of First Response</customfieldname>
                        <customfieldvalues>
                            <customfieldvalue>Mon, 12 Dec 2011 23:25:30 +0000</customfieldvalue>

                        </customfieldvalues>
                    </customfield>
                                                                                                                                                                                                                                                                                                                                                                                                                                            <customfield id="customfield_12310420" key="com.pyxis.greenhopper.jira:gh-global-rank">
                        <customfieldname>Global Rank</customfieldname>
                        <customfieldvalues>
                            <customfieldvalue>220535</customfieldvalue>
                        </customfieldvalues>
                    </customfield>
                                                                <customfield id="customfield_12310191" key="com.atlassian.jira.plugin.system.customfieldtypes:multicheckboxes">
                        <customfieldname>Hadoop Flags</customfieldname>
                        <customfieldvalues>
                                <customfieldvalue key="10343"><![CDATA[Reviewed]]></customfieldvalue>
    
                        </customfieldvalues>
                    </customfield>
                                                                                                                        <customfield id="customfield_12312521" key="com.atlassian.jira.toolkit:LastCommentDate">
                        <customfieldname>Last public comment date</customfieldname>
                        <customfieldvalues>
                            4 years, 31 weeks, 4 days ago
                        </customfieldvalues>
                    </customfield>
                                                                                            <customfield id="customfield_12311820" key="com.pyxis.greenhopper.jira:gh-lexo-rank">
                        <customfieldname>Rank</customfieldname>
                        <customfieldvalues>
                            <customfieldvalue>0|i0lkzr:</customfieldvalue>

                        </customfieldvalues>
                    </customfield>
                                                                <customfield id="customfield_12310920" key="com.pyxis.greenhopper.jira:gh-global-rank">
                        <customfieldname>Rank (Obsolete)</customfieldname>
                        <customfieldvalues>
                            <customfieldvalue>124051</customfieldvalue>
                        </customfieldvalues>
                    </customfield>
                                                                                                                                                                                                                                                                                                                            <customfield id="customfield_12310222" key="com.atlassian.jira.ext.charting:timeinstatus">
                        <customfieldname>Time in Status</customfieldname>
                        <customfieldvalues>
                            
                        </customfieldvalues>
                    </customfield>
                                                                                                                        </customfields>
    </item>
</channel>
</rss>