<!-- 
RSS generated by JIRA (6.3.4#6332-sha1:51bc225ef474afe3128b2f66878477f322397b16) at Sun Dec 04 00:30:40 UTC 2016

It is possible to restrict the fields that are returned in this document by specifying the 'field' parameter in your request.
For example, to request only the issue key and summary add field=key&field=summary to the URL of your request.
For example:
https://issues.apache.org/jira/si/jira.issueviews:issue-xml/HIVE-869/HIVE-869.xml?field=key&amp;field=summary
-->
<rss version="0.92" >
<channel>
    <title>ASF JIRA</title>
    <link>https://issues.apache.org/jira</link>
    <description>This file is an XML representation of an issue</description>
    <language>en-uk</language>    <build-info>
        <version>6.3.4</version>
        <build-number>6332</build-number>
        <build-date>15-08-2014</build-date>
    </build-info>

<item>
            <title>[HIVE-869] Allow ScriptOperator to consume not all input data</title>
                <link>https://issues.apache.org/jira/browse/HIVE-869</link>
                <project id="12310843" key="HIVE">Hive</project>
                    <description>&lt;p&gt;The ScriptOperator (SELECT TRANSFORM(a, b, c) USING &apos;myscript&apos; AS (d, e, f) ...) has a problem:&lt;br/&gt;
If the user script exits without consuming all data from standard input, then we will report an error even if the exit code from the user script is 0.&lt;/p&gt;

&lt;p&gt;We want to have an option, when enabled, ScriptOperator will return successfully in that case.&lt;/p&gt;

&lt;p&gt;If the option is not enabled, then we should stick to the current behavior.&lt;/p&gt;

&lt;p&gt;The option can be called: &quot;hive.exec.script.allow.partial.consumption &quot;.&lt;/p&gt;</description>
                <environment></environment>
        <key id="12437319">HIVE-869</key>
            <summary>Allow ScriptOperator to consume not all input data</summary>
                <type id="2" iconUrl="https://issues.apache.org/jira/images/icons/issuetypes/newfeature.png">New Feature</type>
                                            <priority id="3" iconUrl="https://issues.apache.org/jira/images/icons/priorities/major.png">Major</priority>
                        <status id="6" iconUrl="https://issues.apache.org/jira/images/icons/statuses/closed.png" description="The issue is considered finished, the resolution is correct. Issues which are closed can be reopened.">Closed</status>
                    <statusCategory id="3" key="done" colorName="green"/>
                                    <resolution id="1">Fixed</resolution>
                                        <assignee username="pauly">Paul Yang</assignee>
                                    <reporter username="zshao">Zheng Shao</reporter>
                        <labels>
                    </labels>
                <created>Mon, 5 Oct 2009 21:49:48 +0000</created>
                <updated>Sat, 17 Dec 2011 00:05:21 +0000</updated>
                            <resolved>Mon, 12 Oct 2009 19:06:50 +0000</resolved>
                                    <version>0.5.0</version>
                                    <fixVersion>0.5.0</fixVersion>
                                        <due></due>
                            <votes>0</votes>
                                    <watches>0</watches>
                                                                <comments>
                            <comment id="12763793" author="pauly" created="Fri, 9 Oct 2009 03:28:13 +0000"  >&lt;p&gt;Option renamed to: &quot;hive.script.ignore.broken.pipe.exception&quot; to be consistent with the message.&lt;/p&gt;</comment>
                            <comment id="12763859" author="zshao" created="Fri, 9 Oct 2009 06:12:11 +0000"  >&lt;p&gt;@&lt;a href=&quot;https://issues.apache.org/jira/browse/HIVE-869&quot; title=&quot;Allow ScriptOperator to consume not all input data&quot; class=&quot;issue-link&quot; data-issue-key=&quot;HIVE-869&quot;&gt;&lt;del&gt;HIVE-869&lt;/del&gt;&lt;/a&gt;.1.patch:Overall looks great!&lt;/p&gt;

&lt;p&gt;3 minor issues:&lt;/p&gt;

&lt;p&gt;1. We might want to change the query:&lt;br/&gt;
&quot;SELECT TRANSFORM&lt;img class=&quot;emoticon&quot; src=&quot;https://issues.apache.org/jira/images/icons/emoticons/star_yellow.gif&quot; height=&quot;16&quot; width=&quot;16&quot; align=&quot;absmiddle&quot; alt=&quot;&quot; border=&quot;0&quot;/&gt; USING &apos;true&apos; AS a, b, c FROM src LIMIT 1&quot;&lt;br/&gt;
to:&lt;br/&gt;
&quot;SELECT TRANSFORM&lt;img class=&quot;emoticon&quot; src=&quot;https://issues.apache.org/jira/images/icons/emoticons/star_yellow.gif&quot; height=&quot;16&quot; width=&quot;16&quot; align=&quot;absmiddle&quot; alt=&quot;&quot; border=&quot;0&quot;/&gt; USING &apos;true&apos; AS a, b, c FROM (SELECT * FROM src LIMIT 1) tmp&quot;&lt;br/&gt;
This makes sure there is a single input line to &quot;true&quot; and very possibly it will die in &quot;close&quot;.&lt;br/&gt;
This applies to the query both in positive and negative tests.&lt;/p&gt;

&lt;p&gt;2. &lt;br/&gt;
+        LOG.error(&quot;Got broken pipe: ignoring exception and setting operator to done&quot;);&lt;br/&gt;
Let&apos;s write this:&lt;br/&gt;
+        LOG.warn(&quot;Got broken pipe: ignoring exception and setting operator to done&quot;);&lt;/p&gt;

&lt;p&gt;3.&lt;br/&gt;
Let&apos;s add a line in the error message when writing out this and the error is broken pipe:&lt;br/&gt;
+        LOG.error(&quot;Error in writing to script: &quot; + e.getMessage() + &quot;);&lt;br/&gt;
if (error is brokenpipe) &lt;/p&gt;
{
LOG.info(&quot;The script did not consume all input data. This is considered as an error.&quot;);
LOG.info(&quot;set &quot; + HiveConf.IGNOREBROKENPIPE.getName() + &quot;=true; to ignore it.&quot;);
}</comment>
                            <comment id="12763895" author="indigoviolet" created="Fri, 9 Oct 2009 07:54:23 +0000"  >&lt;p&gt;Reading the patch very cursorily made it seem as if we weren&apos;t checking the exit status of the script. Checking that the exit code was 0 is absolutely essential, or we&apos;ll mask real errors. &lt;/p&gt;

&lt;p&gt;If we&apos;re actually checking that the script exists with success, then it seems like the option is misnamed- should be more like&lt;/p&gt;

&lt;p&gt;hive.script.allow.partial.consumption &lt;/p&gt;

&lt;p&gt;or something like that.&lt;/p&gt;</comment>
                            <comment id="12764188" author="pauly" created="Fri, 9 Oct 2009 20:29:26 +0000"  >&lt;ul&gt;
	&lt;li&gt;Changed LOG.error to LOG.warn for &quot;Got broken...&quot;&lt;/li&gt;
	&lt;li&gt;Added info message for when there is a broken pipe but hive.hive.script.allow.partial.consumption isn&apos;t set&lt;/li&gt;
	&lt;li&gt;Test query updated&lt;/li&gt;
&lt;/ul&gt;


&lt;ul&gt;
	&lt;li&gt;Modified exception handling so that script return code is evaluated even with a broken pipe&lt;/li&gt;
	&lt;li&gt;Renamed hive.script.ignore.broken.pipe.exception to hive.hive.script.allow.partial.consumption&lt;/li&gt;
	&lt;li&gt;Added negative test case to verify failure when hive.hive.script.allow.partial.consumption is set with bad return code&lt;/li&gt;
&lt;/ul&gt;
</comment>
                            <comment id="12764201" author="namit" created="Fri, 9 Oct 2009 21:01:52 +0000"  >&lt;p&gt;Can you put the new parameter in hive-default.xml ?&lt;/p&gt;</comment>
                            <comment id="12764235" author="pauly" created="Fri, 9 Oct 2009 22:33:28 +0000"  >&lt;ul&gt;
	&lt;li&gt;Added hive.exec.script.allow.partial.consumption entry to hive-default.xml&lt;/li&gt;
&lt;/ul&gt;
</comment>
                            <comment id="12764268" author="zshao" created="Sat, 10 Oct 2009 00:20:33 +0000"  >&lt;p&gt;@&lt;a href=&quot;https://issues.apache.org/jira/browse/HIVE-869&quot; title=&quot;Allow ScriptOperator to consume not all input data&quot; class=&quot;issue-link&quot; data-issue-key=&quot;HIVE-869&quot;&gt;&lt;del&gt;HIVE-869&lt;/del&gt;&lt;/a&gt;.3.patch:&lt;/p&gt;

&lt;p&gt;+1. Code looks good. Will correct the following indentation and commit.&lt;/p&gt;

&lt;div class=&quot;code panel&quot; style=&quot;border-width: 1px;&quot;&gt;&lt;div class=&quot;codeContent panelContent&quot;&gt;
&lt;pre class=&quot;code-java&quot;&gt;
+      &lt;span class=&quot;code-keyword&quot;&gt;if&lt;/span&gt;(isBrokenPipeException(e) &amp;amp;&amp;amp; allowPartialConsumption()) {
+        setDone(&lt;span class=&quot;code-keyword&quot;&gt;true&lt;/span&gt;);
+        LOG.warn(&lt;span class=&quot;code-quote&quot;&gt;&quot;Got broken pipe during write: ignoring exception and setting &lt;span class=&quot;code-keyword&quot;&gt;operator&lt;/span&gt; to done&quot;&lt;/span&gt;);
+      } &lt;span class=&quot;code-keyword&quot;&gt;else&lt;/span&gt; {
+          LOG.error(&lt;span class=&quot;code-quote&quot;&gt;&quot;Error in writing to script: &quot;&lt;/span&gt; + e.getMessage());
+          &lt;span class=&quot;code-keyword&quot;&gt;if&lt;/span&gt;(isBrokenPipeException(e)) {
+            displayBrokenPipeInfo();
+          }
+          scriptError = e;
+          &lt;span class=&quot;code-keyword&quot;&gt;throw&lt;/span&gt; &lt;span class=&quot;code-keyword&quot;&gt;new&lt;/span&gt; HiveException(e);
+      }
&lt;/pre&gt;
&lt;/div&gt;&lt;/div&gt;</comment>
                            <comment id="12764272" author="indigoviolet" created="Sat, 10 Oct 2009 00:40:42 +0000"  >&lt;p&gt;thanks. this will be very useful&lt;/p&gt;</comment>
                            <comment id="12764281" author="zshao" created="Sat, 10 Oct 2009 01:28:34 +0000"  >&lt;p&gt;@&lt;a href=&quot;https://issues.apache.org/jira/browse/HIVE-869&quot; title=&quot;Allow ScriptOperator to consume not all input data&quot; class=&quot;issue-link&quot; data-issue-key=&quot;HIVE-869&quot;&gt;&lt;del&gt;HIVE-869&lt;/del&gt;&lt;/a&gt;.3.patch: &lt;/p&gt;

&lt;p&gt;script_pipe.q failed.&lt;/p&gt;
&lt;div class=&quot;code panel&quot; style=&quot;border-width: 1px;&quot;&gt;&lt;div class=&quot;codeContent panelContent&quot;&gt;
&lt;pre class=&quot;code-java&quot;&gt;
test.17.2.1.log:    [junit] Begin query: script_pipe.q
test.17.2.1.log:    [junit] junit.framework.AssertionFailedError: Client execution results failed with error code = 1
&lt;/pre&gt;
&lt;/div&gt;&lt;/div&gt;
&lt;p&gt;Can you check?&lt;/p&gt;</comment>
                            <comment id="12764406" author="pauly" created="Sun, 11 Oct 2009 01:00:48 +0000"  >&lt;p&gt;Odd, I ran the test again and it works fine over here. I&apos;ll come by your desk on Monday to see what&apos;s going on.&lt;/p&gt;</comment>
                            <comment id="12764790" author="zshao" created="Mon, 12 Oct 2009 19:06:50 +0000"  >&lt;p&gt;Tested again and it passed the test.&lt;br/&gt;
Committed. Thanks Paul!&lt;/p&gt;</comment>
                    </comments>
                <issuelinks>
                            <issuelinktype id="12310000">
                    <name>Duplicate</name>
                                                                <inwardlinks description="is duplicated by">
                                        <issuelink>
            <issuekey id="12422027">HIVE-386</issuekey>
        </issuelink>
                            </inwardlinks>
                                    </issuelinktype>
                    </issuelinks>
                <attachments>
                            <attachment id="12421697" name="HIVE-869.1.patch" size="12430" author="pauly" created="Fri, 9 Oct 2009 03:28:13 +0000"/>
                            <attachment id="12421769" name="HIVE-869.2.patch" size="15056" author="pauly" created="Fri, 9 Oct 2009 20:29:26 +0000"/>
                            <attachment id="12421782" name="HIVE-869.3.patch" size="15864" author="pauly" created="Fri, 9 Oct 2009 22:33:28 +0000"/>
                    </attachments>
                <subtasks>
                    </subtasks>
                <customfields>
                                                <customfield id="customfield_12310310" key="com.atlassian.jira.toolkit:attachments">
                        <customfieldname>Attachment count</customfieldname>
                        <customfieldvalues>
                            <customfieldvalue>3.0</customfieldvalue>
                        </customfieldvalues>
                    </customfield>
                                                                                                                                                                                                                                                                                                                                                                                                                                                                                                                                <customfield id="customfield_12310220" key="com.atlassian.jira.ext.charting:firstresponsedate">
                        <customfieldname>Date of First Response</customfieldname>
                        <customfieldvalues>
                            <customfieldvalue>Fri, 9 Oct 2009 03:28:13 +0000</customfieldvalue>

                        </customfieldvalues>
                    </customfield>
                                                                                                                                                                                                                                                                                                                                                                                                                                            <customfield id="customfield_12310420" key="com.pyxis.greenhopper.jira:gh-global-rank">
                        <customfieldname>Global Rank</customfieldname>
                        <customfieldvalues>
                            <customfieldvalue>73252</customfieldvalue>
                        </customfieldvalues>
                    </customfield>
                                                                <customfield id="customfield_12310191" key="com.atlassian.jira.plugin.system.customfieldtypes:multicheckboxes">
                        <customfieldname>Hadoop Flags</customfieldname>
                        <customfieldvalues>
                                <customfieldvalue key="10343"><![CDATA[Reviewed]]></customfieldvalue>
    
                        </customfieldvalues>
                    </customfield>
                                                                                                                        <customfield id="customfield_12312521" key="com.atlassian.jira.toolkit:LastCommentDate">
                        <customfieldname>Last public comment date</customfieldname>
                        <customfieldvalues>
                            7 years, 8 weeks, 5 days ago
                        </customfieldvalues>
                    </customfield>
                                                                                            <customfield id="customfield_12311820" key="com.pyxis.greenhopper.jira:gh-lexo-rank">
                        <customfieldname>Rank</customfieldname>
                        <customfieldvalues>
                            <customfieldvalue>0|i0lc5r:</customfieldvalue>

                        </customfieldvalues>
                    </customfield>
                                                                <customfield id="customfield_12310920" key="com.pyxis.greenhopper.jira:gh-global-rank">
                        <customfieldname>Rank (Obsolete)</customfieldname>
                        <customfieldvalues>
                            <customfieldvalue>122620</customfieldvalue>
                        </customfieldvalues>
                    </customfield>
                                                                <customfield id="customfield_12310192" key="com.atlassian.jira.plugin.system.customfieldtypes:textarea">
                        <customfieldname>Release Note</customfieldname>
                        <customfieldvalues>
                            <customfieldvalue>&lt;a href=&quot;https://issues.apache.org/jira/browse/HIVE-869&quot; title=&quot;Allow ScriptOperator to consume not all input data&quot; class=&quot;issue-link&quot; data-issue-key=&quot;HIVE-869&quot;&gt;&lt;strike&gt;HIVE-869&lt;/strike&gt;&lt;/a&gt;. Allow ScriptOperator to consume not all input data. (Paul Yang via zshao)</customfieldvalue>

                        </customfieldvalues>
                    </customfield>
                                                                                                                                                                                                                                                                                                <customfield id="customfield_12310222" key="com.atlassian.jira.ext.charting:timeinstatus">
                        <customfieldname>Time in Status</customfieldname>
                        <customfieldvalues>
                            
                        </customfieldvalues>
                    </customfield>
                                                                                                                        </customfields>
    </item>
</channel>
</rss>