<!-- 
RSS generated by JIRA (6.3.4#6332-sha1:51bc225ef474afe3128b2f66878477f322397b16) at Sat Dec 03 23:22:41 UTC 2016

It is possible to restrict the fields that are returned in this document by specifying the 'field' parameter in your request.
For example, to request only the issue key and summary add field=key&field=summary to the URL of your request.
For example:
https://issues.apache.org/jira/si/jira.issueviews:issue-xml/HIVE-8218/HIVE-8218.xml?field=key&amp;field=summary
-->
<rss version="0.92" >
<channel>
    <title>ASF JIRA</title>
    <link>https://issues.apache.org/jira</link>
    <description>This file is an XML representation of an issue</description>
    <language>en-uk</language>    <build-info>
        <version>6.3.4</version>
        <build-number>6332</build-number>
        <build-date>15-08-2014</build-date>
    </build-info>

<item>
            <title>[HIVE-8218] function registry shared across sessions in HiveServer2</title>
                <link>https://issues.apache.org/jira/browse/HIVE-8218</link>
                <project id="12310843" key="HIVE">Hive</project>
                    <description>&lt;p&gt;FunctionRegistry.mFunctions is static. That mean that in HS2 case, all users will have same set of valid udfs. Ie, add/delete temporary function by one user would affect the namespace of other users.&lt;/p&gt;</description>
                <environment></environment>
        <key id="12743302">HIVE-8218</key>
            <summary>function registry shared across sessions in HiveServer2</summary>
                <type id="1" iconUrl="https://issues.apache.org/jira/images/icons/issuetypes/bug.png">Bug</type>
                                            <priority id="3" iconUrl="https://issues.apache.org/jira/images/icons/priorities/major.png">Major</priority>
                        <status id="5" iconUrl="https://issues.apache.org/jira/images/icons/statuses/resolved.png" description="A resolution has been taken, and it is awaiting verification by reporter. From here issues are either reopened, or are closed.">Resolved</status>
                    <statusCategory id="3" key="done" colorName="green"/>
                                    <resolution id="3">Duplicate</resolution>
                                        <assignee username="-1">Unassigned</assignee>
                                    <reporter username="thejas">Thejas M Nair</reporter>
                        <labels>
                    </labels>
                <created>Mon, 22 Sep 2014 19:40:26 +0000</created>
                <updated>Fri, 8 May 2015 22:38:30 +0000</updated>
                            <resolved>Fri, 8 May 2015 22:37:46 +0000</resolved>
                                                                    <component>HiveServer2</component>
                    <component>UDF</component>
                        <due></due>
                            <votes>1</votes>
                                    <watches>5</watches>
                                                                <comments>
                            <comment id="14143681" author="thejas" created="Mon, 22 Sep 2014 19:41:16 +0000"  >&lt;p&gt;Adding comment from &lt;a href=&quot;https://issues.apache.org/jira/secure/ViewProfile.jspa?name=jdere&quot; class=&quot;user-hover&quot; rel=&quot;jdere&quot;&gt;Jason Dere&lt;/a&gt; in &lt;a href=&quot;https://issues.apache.org/jira/browse/HIVE-8094&quot; title=&quot;add LIKE keyword support for SHOW FUNCTIONS&quot; class=&quot;issue-link&quot; data-issue-key=&quot;HIVE-8094&quot;&gt;&lt;del&gt;HIVE-8094&lt;/del&gt;&lt;/a&gt;&lt;br/&gt;
I think you&apos;re right about your comment about FunctionRegistry.mFunctions and HS2. So all users would be able to see the temp functions that have been created in HS2. I suspect you may not be able to use them however, if the jar has not been added to the session&apos;s classloader then the actual MR tasks may not be able to resolve UDF classes.&lt;/p&gt;</comment>
                            <comment id="14143704" author="peter_liu" created="Mon, 22 Sep 2014 19:58:26 +0000"  >&lt;p&gt;I think such case could more likely happen to permanent UDFs instead of temp UDFs. &lt;/p&gt;

&lt;p&gt;One comment is users better to upload their Jar files to HDFS instead of use &apos;add jar&apos; before creating permanent UDFs.&lt;/p&gt;</comment>
                            <comment id="14535786" author="jdere" created="Fri, 8 May 2015 22:38:30 +0000"  >&lt;p&gt;This should be fixed by &lt;a href=&quot;https://issues.apache.org/jira/browse/HIVE-2573&quot; title=&quot;Create per-session function registry &quot; class=&quot;issue-link&quot; data-issue-key=&quot;HIVE-2573&quot;&gt;&lt;del&gt;HIVE-2573&lt;/del&gt;&lt;/a&gt;&lt;/p&gt;</comment>
                    </comments>
                <issuelinks>
                            <issuelinktype id="10032">
                    <name>Blocker</name>
                                                                <inwardlinks description="is blocked by">
                                        <issuelink>
            <issuekey id="12531100">HIVE-2573</issuekey>
        </issuelink>
                            </inwardlinks>
                                    </issuelinktype>
                            <issuelinktype id="12310000">
                    <name>Duplicate</name>
                                            <outwardlinks description="duplicates">
                                        <issuelink>
            <issuekey id="12531100">HIVE-2573</issuekey>
        </issuelink>
                            </outwardlinks>
                                                        </issuelinktype>
                            <issuelinktype id="10030">
                    <name>Reference</name>
                                            <outwardlinks description="relates to">
                                        <issuelink>
            <issuekey id="12761548">HIVE-9095</issuekey>
        </issuelink>
                            </outwardlinks>
                                                        </issuelinktype>
                    </issuelinks>
                <attachments>
                    </attachments>
                <subtasks>
                    </subtasks>
                <customfields>
                                                <customfield id="customfield_12310310" key="com.atlassian.jira.toolkit:attachments">
                        <customfieldname>Attachment count</customfieldname>
                        <customfieldvalues>
                            <customfieldvalue>0.0</customfieldvalue>
                        </customfieldvalues>
                    </customfield>
                                                                                                                                                                                                                                                                                                                                                                                                                                                                                                                                <customfield id="customfield_12310220" key="com.atlassian.jira.ext.charting:firstresponsedate">
                        <customfieldname>Date of First Response</customfieldname>
                        <customfieldvalues>
                            <customfieldvalue>Mon, 22 Sep 2014 19:58:26 +0000</customfieldvalue>

                        </customfieldvalues>
                    </customfield>
                                                                                                                                                                                                                                                                                                                                                                                                                                            <customfield id="customfield_12310420" key="com.pyxis.greenhopper.jira:gh-global-rank">
                        <customfieldname>Global Rank</customfieldname>
                        <customfieldvalues>
                            <customfieldvalue>9223372036854775807</customfieldvalue>
                        </customfieldvalues>
                    </customfield>
                                                                                                                                                    <customfield id="customfield_12312521" key="com.atlassian.jira.toolkit:LastCommentDate">
                        <customfieldname>Last public comment date</customfieldname>
                        <customfieldvalues>
                            1 year, 30 weeks, 1 day ago
                        </customfieldvalues>
                    </customfield>
                                                                                            <customfield id="customfield_12311820" key="com.pyxis.greenhopper.jira:gh-lexo-rank">
                        <customfieldname>Rank</customfieldname>
                        <customfieldvalues>
                            <customfieldvalue>0|i20csf:</customfieldvalue>

                        </customfieldvalues>
                    </customfield>
                                                                <customfield id="customfield_12310920" key="com.pyxis.greenhopper.jira:gh-global-rank">
                        <customfieldname>Rank (Obsolete)</customfieldname>
                        <customfieldvalues>
                            <customfieldvalue>9223372036854775807</customfieldvalue>
                        </customfieldvalues>
                    </customfield>
                                                                                                                                                                                                                                                                                                                            <customfield id="customfield_12310222" key="com.atlassian.jira.ext.charting:timeinstatus">
                        <customfieldname>Time in Status</customfieldname>
                        <customfieldvalues>
                            
                        </customfieldvalues>
                    </customfield>
                                                                                                                        </customfields>
    </item>
</channel>
</rss>