<!-- 
RSS generated by JIRA (6.3.4#6332-sha1:51bc225ef474afe3128b2f66878477f322397b16) at Fri Dec 02 11:35:27 UTC 2016

It is possible to restrict the fields that are returned in this document by specifying the 'field' parameter in your request.
For example, to request only the issue key and summary add field=key&field=summary to the URL of your request.
For example:
https://issues.apache.org/jira/si/jira.issueviews:issue-xml/HIVE-14367/HIVE-14367.xml?field=key&amp;field=summary
-->
<rss version="0.92" >
<channel>
    <title>ASF JIRA</title>
    <link>https://issues.apache.org/jira</link>
    <description>This file is an XML representation of an issue</description>
    <language>en-uk</language>    <build-info>
        <version>6.3.4</version>
        <build-number>6332</build-number>
        <build-date>15-08-2014</build-date>
    </build-info>

<item>
            <title>[HIVE-14367] Estimated size for constant nulls is 0</title>
                <link>https://issues.apache.org/jira/browse/HIVE-14367</link>
                <project id="12310843" key="HIVE">Hive</project>
                    <description>&lt;p&gt;since type is incorrectly assumed as void.&lt;/p&gt;</description>
                <environment></environment>
        <key id="12993124">HIVE-14367</key>
            <summary>Estimated size for constant nulls is 0</summary>
                <type id="1" iconUrl="https://issues.apache.org/jira/images/icons/issuetypes/bug.png">Bug</type>
                                            <priority id="3" iconUrl="https://issues.apache.org/jira/images/icons/priorities/major.png">Major</priority>
                        <status id="5" iconUrl="https://issues.apache.org/jira/images/icons/statuses/resolved.png" description="A resolution has been taken, and it is awaiting verification by reporter. From here issues are either reopened, or are closed.">Resolved</status>
                    <statusCategory id="3" key="done" colorName="green"/>
                                    <resolution id="1">Fixed</resolution>
                                        <assignee username="ashutoshc">Ashutosh Chauhan</assignee>
                                    <reporter username="ashutoshc">Ashutosh Chauhan</reporter>
                        <labels>
                    </labels>
                <created>Thu, 28 Jul 2016 02:20:54 +0000</created>
                <updated>Mon, 1 Aug 2016 07:47:05 +0000</updated>
                            <resolved>Mon, 1 Aug 2016 07:46:56 +0000</resolved>
                                    <version>2.0.0</version>
                    <version>2.1.0</version>
                                    <fixVersion>2.2.0</fixVersion>
                                    <component>Physical Optimizer</component>
                    <component>Statistics</component>
                        <due></due>
                            <votes>0</votes>
                                    <watches>1</watches>
                                                                <comments>
                            <comment id="15397890" author="ashutoshc" created="Thu, 28 Jul 2016 17:48:42 +0000"  >&lt;p&gt;&lt;a href=&quot;https://reviews.apache.org/r/50575/&quot; class=&quot;external-link&quot; rel=&quot;nofollow&quot;&gt;https://reviews.apache.org/r/50575/&lt;/a&gt; &lt;br/&gt;
&lt;a href=&quot;https://issues.apache.org/jira/secure/ViewProfile.jspa?name=jcamachorodriguez&quot; class=&quot;user-hover&quot; rel=&quot;jcamachorodriguez&quot;&gt;Jesus Camacho Rodriguez&lt;/a&gt; Can you take a look?&lt;/p&gt;</comment>
                            <comment id="15399548" author="jcamachorodriguez" created="Fri, 29 Jul 2016 15:48:50 +0000"  >&lt;p&gt;+1 pending the change in RB and passing QA&lt;/p&gt;</comment>
                            <comment id="15400521" author="hiveqa" created="Sat, 30 Jul 2016 07:34:24 +0000"  >

&lt;p&gt;Here are the results of testing the latest attachment:&lt;br/&gt;
&lt;a href=&quot;https://issues.apache.org/jira/secure/attachment/12821119/HIVE-14367.1.patch&quot; class=&quot;external-link&quot; rel=&quot;nofollow&quot;&gt;https://issues.apache.org/jira/secure/attachment/12821119/HIVE-14367.1.patch&lt;/a&gt;&lt;/p&gt;

&lt;p&gt;&lt;font color=&quot;green&quot;&gt;SUCCESS:&lt;/font&gt; +1 due to 1 test(s) being added or modified.&lt;/p&gt;

&lt;p&gt;&lt;font color=&quot;red&quot;&gt;ERROR:&lt;/font&gt; -1 due to 122 failed/errored test(s), 10386 tests executed&lt;br/&gt;
&lt;b&gt;Failed tests:&lt;/b&gt;&lt;/p&gt;
&lt;div class=&quot;preformatted panel&quot; style=&quot;border-width: 1px;&quot;&gt;&lt;div class=&quot;preformattedContent panelContent&quot;&gt;
&lt;pre&gt;TestMsgBusConnection - did not produce a TEST-*.xml file
org.apache.hadoop.hive.cli.TestCliDriver.testCliDriver_acid_table_stats
org.apache.hadoop.hive.cli.TestCliDriver.testCliDriver_autoColumnStats_4
org.apache.hadoop.hive.cli.TestCliDriver.testCliDriver_autoColumnStats_7
org.apache.hadoop.hive.cli.TestCliDriver.testCliDriver_autoColumnStats_9
org.apache.hadoop.hive.cli.TestCliDriver.testCliDriver_avro_nullable_union
org.apache.hadoop.hive.cli.TestCliDriver.testCliDriver_cbo_rp_groupby3_noskew_multi_distinct
org.apache.hadoop.hive.cli.TestCliDriver.testCliDriver_cbo_rp_udaf_percentile_approx_23
org.apache.hadoop.hive.cli.TestCliDriver.testCliDriver_constantfolding
org.apache.hadoop.hive.cli.TestCliDriver.testCliDriver_create_genericudaf
org.apache.hadoop.hive.cli.TestCliDriver.testCliDriver_decimal_precision
org.apache.hadoop.hive.cli.TestCliDriver.testCliDriver_decimal_udf
org.apache.hadoop.hive.cli.TestCliDriver.testCliDriver_fetch_aggregation
org.apache.hadoop.hive.cli.TestCliDriver.testCliDriver_fold_case
org.apache.hadoop.hive.cli.TestCliDriver.testCliDriver_groupby3
org.apache.hadoop.hive.cli.TestCliDriver.testCliDriver_groupby3_map
org.apache.hadoop.hive.cli.TestCliDriver.testCliDriver_groupby3_map_multi_distinct
org.apache.hadoop.hive.cli.TestCliDriver.testCliDriver_groupby3_map_skew
org.apache.hadoop.hive.cli.TestCliDriver.testCliDriver_groupby3_noskew
org.apache.hadoop.hive.cli.TestCliDriver.testCliDriver_groupby3_noskew_multi_distinct
org.apache.hadoop.hive.cli.TestCliDriver.testCliDriver_interval_arithmetic
org.apache.hadoop.hive.cli.TestCliDriver.testCliDriver_list_bucket_dml_13
org.apache.hadoop.hive.cli.TestCliDriver.testCliDriver_literal_decimal
org.apache.hadoop.hive.cli.TestCliDriver.testCliDriver_metadataonly1
org.apache.hadoop.hive.cli.TestCliDriver.testCliDriver_num_op_type_conv
org.apache.hadoop.hive.cli.TestCliDriver.testCliDriver_reduceSinkDeDuplication_pRS_key_empty
org.apache.hadoop.hive.cli.TestCliDriver.testCliDriver_remove_exprs_stats
org.apache.hadoop.hive.cli.TestCliDriver.testCliDriver_stats_list_bucket
org.apache.hadoop.hive.cli.TestCliDriver.testCliDriver_subquery_in
org.apache.hadoop.hive.cli.TestCliDriver.testCliDriver_subquery_multiinsert
org.apache.hadoop.hive.cli.TestCliDriver.testCliDriver_subquery_notin
org.apache.hadoop.hive.cli.TestCliDriver.testCliDriver_udaf_number_format
org.apache.hadoop.hive.cli.TestCliDriver.testCliDriver_udaf_percentile_approx_23
org.apache.hadoop.hive.cli.TestCliDriver.testCliDriver_udf3
org.apache.hadoop.hive.cli.TestCliDriver.testCliDriver_udf4
org.apache.hadoop.hive.cli.TestCliDriver.testCliDriver_udf7
org.apache.hadoop.hive.cli.TestCliDriver.testCliDriver_udf8
org.apache.hadoop.hive.cli.TestCliDriver.testCliDriver_udf_case
org.apache.hadoop.hive.cli.TestCliDriver.testCliDriver_udf_coalesce
org.apache.hadoop.hive.cli.TestCliDriver.testCliDriver_udf_elt
org.apache.hadoop.hive.cli.TestCliDriver.testCliDriver_udf_greatest
org.apache.hadoop.hive.cli.TestCliDriver.testCliDriver_udf_if
org.apache.hadoop.hive.cli.TestCliDriver.testCliDriver_udf_instr
org.apache.hadoop.hive.cli.TestCliDriver.testCliDriver_udf_least
org.apache.hadoop.hive.cli.TestCliDriver.testCliDriver_udf_locate
org.apache.hadoop.hive.cli.TestCliDriver.testCliDriver_udf_trunc
org.apache.hadoop.hive.cli.TestCliDriver.testCliDriver_udf_when
org.apache.hadoop.hive.cli.TestCliDriver.testCliDriver_udtf_stack
org.apache.hadoop.hive.cli.TestCliDriver.testCliDriver_union_remove_6_subq
org.apache.hadoop.hive.cli.TestCliDriver.testCliDriver_vector_aggregate_9
org.apache.hadoop.hive.cli.TestCliDriver.testCliDriver_vector_aggregate_without_gby
org.apache.hadoop.hive.cli.TestCliDriver.testCliDriver_vector_decimal_precision
org.apache.hadoop.hive.cli.TestCliDriver.testCliDriver_vector_decimal_udf
org.apache.hadoop.hive.cli.TestCliDriver.testCliDriver_vector_elt
org.apache.hadoop.hive.cli.TestCliDriver.testCliDriver_vector_interval_arithmetic
org.apache.hadoop.hive.cli.TestCliDriver.testCliDriver_vector_null_projection
org.apache.hadoop.hive.cli.TestCliDriver.testCliDriver_vector_nvl
org.apache.hadoop.hive.cli.TestCliDriver.testCliDriver_vector_udf1
org.apache.hadoop.hive.cli.TestCliDriver.testCliDriver_vectorization_0
org.apache.hadoop.hive.cli.TestCliDriver.testCliDriver_vectorization_pushdown
org.apache.hadoop.hive.cli.TestCliDriver.testCliDriver_vectorization_short_regress
org.apache.hadoop.hive.cli.TestCliDriver.testCliDriver_vectorized_distinct_gby
org.apache.hadoop.hive.cli.TestCliDriver.testCliDriver_vectorized_mapjoin
org.apache.hadoop.hive.cli.TestCliDriver.testCliDriver_vectorized_shufflejoin
org.apache.hadoop.hive.cli.TestCliDriver.testCliDriver_vectorized_timestamp_funcs
org.apache.hadoop.hive.cli.TestContribCliDriver.testCliDriver_udaf_example_avg
org.apache.hadoop.hive.cli.TestContribCliDriver.testCliDriver_udaf_example_max
org.apache.hadoop.hive.cli.TestContribCliDriver.testCliDriver_udaf_example_max_n
org.apache.hadoop.hive.cli.TestContribCliDriver.testCliDriver_udaf_example_min
org.apache.hadoop.hive.cli.TestContribCliDriver.testCliDriver_udaf_example_min_n
org.apache.hadoop.hive.cli.TestMiniLlapCliDriver.testCliDriver_dynamic_partition_pruning
org.apache.hadoop.hive.cli.TestMiniLlapCliDriver.testCliDriver_vectorized_dynamic_partition_pruning
org.apache.hadoop.hive.cli.TestMiniTezCliDriver.testCliDriver_cbo_gby_empty
org.apache.hadoop.hive.cli.TestMiniTezCliDriver.testCliDriver_cbo_subq_in
org.apache.hadoop.hive.cli.TestMiniTezCliDriver.testCliDriver_cbo_subq_not_in
org.apache.hadoop.hive.cli.TestMiniTezCliDriver.testCliDriver_cbo_udf_udaf
org.apache.hadoop.hive.cli.TestMiniTezCliDriver.testCliDriver_dynamic_partition_pruning
org.apache.hadoop.hive.cli.TestMiniTezCliDriver.testCliDriver_explainuser_1
org.apache.hadoop.hive.cli.TestMiniTezCliDriver.testCliDriver_explainuser_3
org.apache.hadoop.hive.cli.TestMiniTezCliDriver.testCliDriver_groupby3
org.apache.hadoop.hive.cli.TestMiniTezCliDriver.testCliDriver_metadataonly1
org.apache.hadoop.hive.cli.TestMiniTezCliDriver.testCliDriver_subquery_in
org.apache.hadoop.hive.cli.TestMiniTezCliDriver.testCliDriver_vector_aggregate_9
org.apache.hadoop.hive.cli.TestMiniTezCliDriver.testCliDriver_vector_aggregate_without_gby
org.apache.hadoop.hive.cli.TestMiniTezCliDriver.testCliDriver_vector_decimal_precision
org.apache.hadoop.hive.cli.TestMiniTezCliDriver.testCliDriver_vector_decimal_udf
org.apache.hadoop.hive.cli.TestMiniTezCliDriver.testCliDriver_vector_interval_arithmetic
org.apache.hadoop.hive.cli.TestMiniTezCliDriver.testCliDriver_vector_null_projection
org.apache.hadoop.hive.cli.TestMiniTezCliDriver.testCliDriver_vectorization_0
org.apache.hadoop.hive.cli.TestMiniTezCliDriver.testCliDriver_vectorization_pushdown
org.apache.hadoop.hive.cli.TestMiniTezCliDriver.testCliDriver_vectorization_short_regress
org.apache.hadoop.hive.cli.TestMiniTezCliDriver.testCliDriver_vectorized_distinct_gby
org.apache.hadoop.hive.cli.TestMiniTezCliDriver.testCliDriver_vectorized_dynamic_partition_pruning
org.apache.hadoop.hive.cli.TestMiniTezCliDriver.testCliDriver_vectorized_mapjoin
org.apache.hadoop.hive.cli.TestMiniTezCliDriver.testCliDriver_vectorized_shufflejoin
org.apache.hadoop.hive.cli.TestMiniTezCliDriver.testCliDriver_vectorized_timestamp_funcs
org.apache.hadoop.hive.cli.TestNegativeCliDriver.testNegativeCliDriver_avro_non_nullable_union
org.apache.hadoop.hive.cli.TestNegativeCliDriver.testNegativeCliDriver_udf_assert_true
org.apache.hadoop.hive.cli.TestPerfCliDriver.testPerfCliDriver_query13
org.apache.hadoop.hive.cli.TestPerfCliDriver.testPerfCliDriver_query28
org.apache.hadoop.hive.cli.TestSparkCliDriver.testCliDriver_annotate_stats_join
org.apache.hadoop.hive.cli.TestSparkCliDriver.testCliDriver_cbo_gby_empty
org.apache.hadoop.hive.cli.TestSparkCliDriver.testCliDriver_cbo_subq_in
org.apache.hadoop.hive.cli.TestSparkCliDriver.testCliDriver_cbo_subq_not_in
org.apache.hadoop.hive.cli.TestSparkCliDriver.testCliDriver_cbo_udf_udaf
org.apache.hadoop.hive.cli.TestSparkCliDriver.testCliDriver_groupby3
org.apache.hadoop.hive.cli.TestSparkCliDriver.testCliDriver_groupby3_map
org.apache.hadoop.hive.cli.TestSparkCliDriver.testCliDriver_groupby3_map_multi_distinct
org.apache.hadoop.hive.cli.TestSparkCliDriver.testCliDriver_groupby3_map_skew
org.apache.hadoop.hive.cli.TestSparkCliDriver.testCliDriver_groupby3_noskew
org.apache.hadoop.hive.cli.TestSparkCliDriver.testCliDriver_groupby3_noskew_multi_distinct
org.apache.hadoop.hive.cli.TestSparkCliDriver.testCliDriver_subquery_in
org.apache.hadoop.hive.cli.TestSparkCliDriver.testCliDriver_union_remove_6_subq
org.apache.hadoop.hive.cli.TestSparkCliDriver.testCliDriver_vectorization_0
org.apache.hadoop.hive.cli.TestSparkCliDriver.testCliDriver_vectorization_pushdown
org.apache.hadoop.hive.cli.TestSparkCliDriver.testCliDriver_vectorization_short_regress
org.apache.hadoop.hive.cli.TestSparkCliDriver.testCliDriver_vectorized_mapjoin
org.apache.hadoop.hive.cli.TestSparkCliDriver.testCliDriver_vectorized_shufflejoin
org.apache.hadoop.hive.cli.TestSparkCliDriver.testCliDriver_vectorized_timestamp_funcs
org.apache.hadoop.hive.llap.tezplugins.TestLlapTaskSchedulerService.testDelayedLocalityNodeCommErrorImmediateAllocation
org.apache.hadoop.hive.metastore.TestHiveMetaStoreTxns.stringifyValidTxns
org.apache.hadoop.hive.metastore.TestHiveMetaStoreTxns.testTxnRange
&lt;/pre&gt;
&lt;/div&gt;&lt;/div&gt;

&lt;p&gt;Test results: &lt;a href=&quot;https://builds.apache.org/job/PreCommit-HIVE-MASTER-Build/693/testReport&quot; class=&quot;external-link&quot; rel=&quot;nofollow&quot;&gt;https://builds.apache.org/job/PreCommit-HIVE-MASTER-Build/693/testReport&lt;/a&gt;&lt;br/&gt;
Console output: &lt;a href=&quot;https://builds.apache.org/job/PreCommit-HIVE-MASTER-Build/693/console&quot; class=&quot;external-link&quot; rel=&quot;nofollow&quot;&gt;https://builds.apache.org/job/PreCommit-HIVE-MASTER-Build/693/console&lt;/a&gt;&lt;br/&gt;
Test logs: &lt;a href=&quot;http://ec2-204-236-174-241.us-west-1.compute.amazonaws.com/logs/PreCommit-HIVE-MASTER-Build-693/&quot; class=&quot;external-link&quot; rel=&quot;nofollow&quot;&gt;http://ec2-204-236-174-241.us-west-1.compute.amazonaws.com/logs/PreCommit-HIVE-MASTER-Build-693/&lt;/a&gt;&lt;/p&gt;

&lt;p&gt;Messages:&lt;/p&gt;
&lt;div class=&quot;preformatted panel&quot; style=&quot;border-width: 1px;&quot;&gt;&lt;div class=&quot;preformattedContent panelContent&quot;&gt;
&lt;pre&gt;Executing org.apache.hive.ptest.execution.TestCheckPhase
Executing org.apache.hive.ptest.execution.PrepPhase
Executing org.apache.hive.ptest.execution.ExecutionPhase
Executing org.apache.hive.ptest.execution.ReportingPhase
Tests exited with: TestsFailedException: 122 tests failed
&lt;/pre&gt;
&lt;/div&gt;&lt;/div&gt;

&lt;p&gt;This message is automatically generated.&lt;/p&gt;

&lt;p&gt;ATTACHMENT ID: 12821119 - PreCommit-HIVE-MASTER-Build&lt;/p&gt;</comment>
                            <comment id="15401610" author="hiveqa" created="Mon, 1 Aug 2016 06:46:54 +0000"  >

&lt;p&gt;Here are the results of testing the latest attachment:&lt;br/&gt;
&lt;a href=&quot;https://issues.apache.org/jira/secure/attachment/12821199/HIVE-14367.4.patch&quot; class=&quot;external-link&quot; rel=&quot;nofollow&quot;&gt;https://issues.apache.org/jira/secure/attachment/12821199/HIVE-14367.4.patch&lt;/a&gt;&lt;/p&gt;

&lt;p&gt;&lt;font color=&quot;green&quot;&gt;SUCCESS:&lt;/font&gt; +1 due to 1 test(s) being added or modified.&lt;/p&gt;

&lt;p&gt;&lt;font color=&quot;red&quot;&gt;ERROR:&lt;/font&gt; -1 due to 8 failed/errored test(s), 10418 tests executed&lt;br/&gt;
&lt;b&gt;Failed tests:&lt;/b&gt;&lt;/p&gt;
&lt;div class=&quot;preformatted panel&quot; style=&quot;border-width: 1px;&quot;&gt;&lt;div class=&quot;preformattedContent panelContent&quot;&gt;
&lt;pre&gt;TestMsgBusConnection - did not produce a TEST-*.xml file
org.apache.hadoop.hive.cli.TestCliDriver.testCliDriver_acid_table_stats
org.apache.hadoop.hive.cli.TestCliDriver.testCliDriver_avro_nullable_union
org.apache.hadoop.hive.cli.TestCliDriver.testCliDriver_list_bucket_dml_12
org.apache.hadoop.hive.cli.TestMiniLlapCliDriver.testCliDriver_orc_llap_counters
org.apache.hadoop.hive.cli.TestNegativeCliDriver.testNegativeCliDriver_avro_non_nullable_union
org.apache.hadoop.hive.metastore.TestHiveMetaStoreTxns.stringifyValidTxns
org.apache.hadoop.hive.metastore.TestHiveMetaStoreTxns.testTxnRange
&lt;/pre&gt;
&lt;/div&gt;&lt;/div&gt;

&lt;p&gt;Test results: &lt;a href=&quot;https://builds.apache.org/job/PreCommit-HIVE-MASTER-Build/717/testReport&quot; class=&quot;external-link&quot; rel=&quot;nofollow&quot;&gt;https://builds.apache.org/job/PreCommit-HIVE-MASTER-Build/717/testReport&lt;/a&gt;&lt;br/&gt;
Console output: &lt;a href=&quot;https://builds.apache.org/job/PreCommit-HIVE-MASTER-Build/717/console&quot; class=&quot;external-link&quot; rel=&quot;nofollow&quot;&gt;https://builds.apache.org/job/PreCommit-HIVE-MASTER-Build/717/console&lt;/a&gt;&lt;br/&gt;
Test logs: &lt;a href=&quot;http://ec2-204-236-174-241.us-west-1.compute.amazonaws.com/logs/PreCommit-HIVE-MASTER-Build-717/&quot; class=&quot;external-link&quot; rel=&quot;nofollow&quot;&gt;http://ec2-204-236-174-241.us-west-1.compute.amazonaws.com/logs/PreCommit-HIVE-MASTER-Build-717/&lt;/a&gt;&lt;/p&gt;

&lt;p&gt;Messages:&lt;/p&gt;
&lt;div class=&quot;preformatted panel&quot; style=&quot;border-width: 1px;&quot;&gt;&lt;div class=&quot;preformattedContent panelContent&quot;&gt;
&lt;pre&gt;Executing org.apache.hive.ptest.execution.TestCheckPhase
Executing org.apache.hive.ptest.execution.PrepPhase
Executing org.apache.hive.ptest.execution.ExecutionPhase
Executing org.apache.hive.ptest.execution.ReportingPhase
Tests exited with: TestsFailedException: 8 tests failed
&lt;/pre&gt;
&lt;/div&gt;&lt;/div&gt;

&lt;p&gt;This message is automatically generated.&lt;/p&gt;

&lt;p&gt;ATTACHMENT ID: 12821199 - PreCommit-HIVE-MASTER-Build&lt;/p&gt;</comment>
                            <comment id="15401666" author="ashutoshc" created="Mon, 1 Aug 2016 07:46:57 +0000"  >&lt;p&gt;Pushed to master.&lt;/p&gt;</comment>
                    </comments>
                    <attachments>
                            <attachment id="12821119" name="HIVE-14367.1.patch" size="117800" author="ashutoshc" created="Sat, 30 Jul 2016 00:02:25 +0000"/>
                            <attachment id="12820642" name="HIVE-14367.1.patch" size="31021" author="ashutoshc" created="Thu, 28 Jul 2016 04:58:31 +0000"/>
                            <attachment id="12821171" name="HIVE-14367.2.patch" size="297376" author="ashutoshc" created="Sat, 30 Jul 2016 20:12:38 +0000"/>
                            <attachment id="12821181" name="HIVE-14367.3.patch" size="511645" author="ashutoshc" created="Sun, 31 Jul 2016 01:10:14 +0000"/>
                            <attachment id="12821199" name="HIVE-14367.4.patch" size="642703" author="ashutoshc" created="Sun, 31 Jul 2016 05:56:57 +0000"/>
                    </attachments>
                <subtasks>
                    </subtasks>
                <customfields>
                                                <customfield id="customfield_12310310" key="com.atlassian.jira.toolkit:attachments">
                        <customfieldname>Attachment count</customfieldname>
                        <customfieldvalues>
                            <customfieldvalue>5.0</customfieldvalue>
                        </customfieldvalues>
                    </customfield>
                                                                                                                                                                                                                                                                                                                                                                                                                                                                                                                                <customfield id="customfield_12310220" key="com.atlassian.jira.ext.charting:firstresponsedate">
                        <customfieldname>Date of First Response</customfieldname>
                        <customfieldvalues>
                            <customfieldvalue>Fri, 29 Jul 2016 15:48:50 +0000</customfieldvalue>

                        </customfieldvalues>
                    </customfield>
                                                                                                                                                                                                                                                                                                                                                                                                                                            <customfield id="customfield_12310420" key="com.pyxis.greenhopper.jira:gh-global-rank">
                        <customfieldname>Global Rank</customfieldname>
                        <customfieldvalues>
                            <customfieldvalue>9223372036854775807</customfieldvalue>
                        </customfieldvalues>
                    </customfield>
                                                                                                                                                    <customfield id="customfield_12312521" key="com.atlassian.jira.toolkit:LastCommentDate">
                        <customfieldname>Last public comment date</customfieldname>
                        <customfieldvalues>
                            17 weeks, 4 days ago
                        </customfieldvalues>
                    </customfield>
                                                                                            <customfield id="customfield_12311820" key="com.pyxis.greenhopper.jira:gh-lexo-rank">
                        <customfieldname>Rank</customfieldname>
                        <customfieldvalues>
                            <customfieldvalue>0|i31lrz:</customfieldvalue>

                        </customfieldvalues>
                    </customfield>
                                                                <customfield id="customfield_12310920" key="com.pyxis.greenhopper.jira:gh-global-rank">
                        <customfieldname>Rank (Obsolete)</customfieldname>
                        <customfieldvalues>
                            <customfieldvalue>9223372036854775807</customfieldvalue>
                        </customfieldvalues>
                    </customfield>
                                                                                                                                                                                                                                                                                                                            <customfield id="customfield_12310222" key="com.atlassian.jira.ext.charting:timeinstatus">
                        <customfieldname>Time in Status</customfieldname>
                        <customfieldvalues>
                            
                        </customfieldvalues>
                    </customfield>
                                                                                                                        </customfields>
    </item>
</channel>
</rss>