<!-- 
RSS generated by JIRA (6.3.4#6332-sha1:51bc225ef474afe3128b2f66878477f322397b16) at Fri Dec 02 23:33:29 UTC 2016

It is possible to restrict the fields that are returned in this document by specifying the 'field' parameter in your request.
For example, to request only the issue key and summary add field=key&field=summary to the URL of your request.
For example:
https://issues.apache.org/jira/si/jira.issueviews:issue-xml/HIVE-1628/HIVE-1628.xml?field=key&amp;field=summary
-->
<rss version="0.92" >
<channel>
    <title>ASF JIRA</title>
    <link>https://issues.apache.org/jira</link>
    <description>This file is an XML representation of an issue</description>
    <language>en-uk</language>    <build-info>
        <version>6.3.4</version>
        <build-number>6332</build-number>
        <build-date>15-08-2014</build-date>
    </build-info>

<item>
            <title>[HIVE-1628] Fix Base64TextInputFormat to be compatible with commons codec 1.4</title>
                <link>https://issues.apache.org/jira/browse/HIVE-1628</link>
                <project id="12310843" key="HIVE">Hive</project>
                    <description>&lt;p&gt;Commons-codec 1.4 made an incompatible change to the Base64 class that made line-wrapping default (boo!). This breaks the Base64TextInputFormat in contrib. This patch adds some simple reflection to use the new constructor that uses the old behavior.&lt;/p&gt;</description>
                <environment></environment>
        <key id="12473838">HIVE-1628</key>
            <summary>Fix Base64TextInputFormat to be compatible with commons codec 1.4</summary>
                <type id="1" iconUrl="https://issues.apache.org/jira/images/icons/issuetypes/bug.png">Bug</type>
                                            <priority id="3" iconUrl="https://issues.apache.org/jira/images/icons/priorities/major.png">Major</priority>
                        <status id="6" iconUrl="https://issues.apache.org/jira/images/icons/statuses/closed.png" description="The issue is considered finished, the resolution is correct. Issues which are closed can be reopened.">Closed</status>
                    <statusCategory id="3" key="done" colorName="green"/>
                                    <resolution id="1">Fixed</resolution>
                                        <assignee username="tlipcon">Todd Lipcon</assignee>
                                    <reporter username="tlipcon">Todd Lipcon</reporter>
                        <labels>
                    </labels>
                <created>Fri, 10 Sep 2010 18:35:55 +0000</created>
                <updated>Sat, 17 Dec 2011 00:01:08 +0000</updated>
                            <resolved>Mon, 20 Sep 2010 21:41:07 +0000</resolved>
                                    <version>0.6.0</version>
                    <version>0.7.0</version>
                                    <fixVersion>0.7.0</fixVersion>
                                    <component>Contrib</component>
                        <due></due>
                            <votes>0</votes>
                                    <watches>1</watches>
                                                                <comments>
                            <comment id="12908141" author="tlipcon" created="Fri, 10 Sep 2010 18:58:11 +0000"  >&lt;p&gt;Oops, I just noticed I posted the wrong patch! sorry, one sec...&lt;/p&gt;</comment>
                            <comment id="12908145" author="tlipcon" created="Fri, 10 Sep 2010 19:04:41 +0000"  >&lt;p&gt;Here are the correct patches.&lt;/p&gt;</comment>
                            <comment id="12912634" author="jvs" created="Mon, 20 Sep 2010 18:40:17 +0000"  >&lt;p&gt;+1.  Will commit if tests pass.&lt;/p&gt;</comment>
                            <comment id="12912726" author="jvs" created="Mon, 20 Sep 2010 21:41:07 +0000"  >&lt;p&gt;Committed (trunk only).  Thanks Todd!&lt;/p&gt;</comment>
                    </comments>
                    <attachments>
                            <attachment id="12454322" name="hive-1628-0.5.txt" size="3371" author="tlipcon" created="Fri, 10 Sep 2010 19:04:41 +0000"/>
                            <attachment id="12454318" name="hive-1628-0.5.txt" size="2570" author="tlipcon" created="Fri, 10 Sep 2010 18:56:09 +0000"/>
                            <attachment id="12454321" name="hive-1628.txt" size="3101" author="tlipcon" created="Fri, 10 Sep 2010 19:04:41 +0000"/>
                            <attachment id="12454317" name="hive-1628.txt" size="2300" author="tlipcon" created="Fri, 10 Sep 2010 18:56:09 +0000"/>
                    </attachments>
                <subtasks>
                    </subtasks>
                <customfields>
                                                <customfield id="customfield_12310310" key="com.atlassian.jira.toolkit:attachments">
                        <customfieldname>Attachment count</customfieldname>
                        <customfieldvalues>
                            <customfieldvalue>4.0</customfieldvalue>
                        </customfieldvalues>
                    </customfield>
                                                                                                                                                                                                                                                                                                                                                                                                                                                                                                                                <customfield id="customfield_12310220" key="com.atlassian.jira.ext.charting:firstresponsedate">
                        <customfieldname>Date of First Response</customfieldname>
                        <customfieldvalues>
                            <customfieldvalue>Mon, 20 Sep 2010 18:40:17 +0000</customfieldvalue>

                        </customfieldvalues>
                    </customfield>
                                                                                                                                                                                                                                                                                                                                                                                                                                            <customfield id="customfield_12310420" key="com.pyxis.greenhopper.jira:gh-global-rank">
                        <customfieldname>Global Rank</customfieldname>
                        <customfieldvalues>
                            <customfieldvalue>72806</customfieldvalue>
                        </customfieldvalues>
                    </customfield>
                                                                <customfield id="customfield_12310191" key="com.atlassian.jira.plugin.system.customfieldtypes:multicheckboxes">
                        <customfieldname>Hadoop Flags</customfieldname>
                        <customfieldvalues>
                                <customfieldvalue key="10343"><![CDATA[Reviewed]]></customfieldvalue>
    
                        </customfieldvalues>
                    </customfield>
                                                                                                                        <customfield id="customfield_12312521" key="com.atlassian.jira.toolkit:LastCommentDate">
                        <customfieldname>Last public comment date</customfieldname>
                        <customfieldvalues>
                            6 years, 11 weeks, 4 days ago
                        </customfieldvalues>
                    </customfield>
                                                                                            <customfield id="customfield_12311820" key="com.pyxis.greenhopper.jira:gh-lexo-rank">
                        <customfieldname>Rank</customfieldname>
                        <customfieldvalues>
                            <customfieldvalue>0|i0lg2v:</customfieldvalue>

                        </customfieldvalues>
                    </customfield>
                                                                <customfield id="customfield_12310920" key="com.pyxis.greenhopper.jira:gh-global-rank">
                        <customfieldname>Rank (Obsolete)</customfieldname>
                        <customfieldvalues>
                            <customfieldvalue>123255</customfieldvalue>
                        </customfieldvalues>
                    </customfield>
                                                                                                                                                                                                                                                                                                                            <customfield id="customfield_12310222" key="com.atlassian.jira.ext.charting:timeinstatus">
                        <customfieldname>Time in Status</customfieldname>
                        <customfieldvalues>
                            
                        </customfieldvalues>
                    </customfield>
                                                                                                                        </customfields>
    </item>
</channel>
</rss>