<!-- 
RSS generated by JIRA (6.3.4#6332-sha1:51bc225ef474afe3128b2f66878477f322397b16) at Sat Dec 03 23:03:43 UTC 2016

It is possible to restrict the fields that are returned in this document by specifying the 'field' parameter in your request.
For example, to request only the issue key and summary add field=key&field=summary to the URL of your request.
For example:
https://issues.apache.org/jira/si/jira.issueviews:issue-xml/HIVE-9739/HIVE-9739.xml?field=key&amp;field=summary
-->
<rss version="0.92" >
<channel>
    <title>ASF JIRA</title>
    <link>https://issues.apache.org/jira</link>
    <description>This file is an XML representation of an issue</description>
    <language>en-uk</language>    <build-info>
        <version>6.3.4</version>
        <build-number>6332</build-number>
        <build-date>15-08-2014</build-date>
    </build-info>

<item>
            <title>[HIVE-9739] Various queries fails with Tez/ORC file org.apache.hadoop.hive.ql.exec.tez.TezTask due to Caused by: java.lang.ClassCastException</title>
                <link>https://issues.apache.org/jira/browse/HIVE-9739</link>
                <project id="12310843" key="HIVE">Hive</project>
                    <description>&lt;p&gt;This fails when using Tez and ORC. &lt;/p&gt;

&lt;p&gt;It will run when text files are used or text/ORC and MapReduce and not Tez used.&lt;/p&gt;

&lt;p&gt;Is this another example of a type issue per &lt;a href=&quot;https://issues.apache.org/jira/browse/HIVE-9735&quot; class=&quot;external-link&quot; rel=&quot;nofollow&quot;&gt;https://issues.apache.org/jira/browse/HIVE-9735&lt;/a&gt;&lt;/p&gt;

&lt;p&gt;select rnum, c1, c2 from tset1 as t1 where exists ( select c1 from tset2 where c1 = t1.c1 )&lt;/p&gt;

&lt;p&gt;This will run in both Tez and MapReduce using a text file&lt;/p&gt;

&lt;p&gt;select rnum, c1, c2 from t_tset1 as t1 where exists ( select c1 from t_tset2 where c1 = t1.c1 )&lt;/p&gt;


&lt;p&gt;Caused by: java.lang.RuntimeException: org.apache.hadoop.hive.ql.metadata.HiveException: Hive Runtime Error while processing row &lt;br/&gt;
	at org.apache.hadoop.hive.ql.exec.tez.MapRecordSource.processRow(MapRecordSource.java:91)&lt;br/&gt;
	at org.apache.hadoop.hive.ql.exec.tez.MapRecordSource.pushRecord(MapRecordSource.java:68)&lt;br/&gt;
	at org.apache.hadoop.hive.ql.exec.tez.MapRecordProcessor.run(MapRecordProcessor.java:294)&lt;br/&gt;
	at org.apache.hadoop.hive.ql.exec.tez.TezProcessor.initializeAndRunProcessor(TezProcessor.java:163)&lt;br/&gt;
	... 13 more&lt;br/&gt;
Caused by: org.apache.hadoop.hive.ql.metadata.HiveException: Hive Runtime Error while processing row &lt;br/&gt;
	at org.apache.hadoop.hive.ql.exec.vector.VectorMapOperator.process(VectorMapOperator.java:52)&lt;br/&gt;
	at org.apache.hadoop.hive.ql.exec.tez.MapRecordSource.processRow(MapRecordSource.java:83)&lt;br/&gt;
	... 16 more&lt;br/&gt;
Caused by: org.apache.hadoop.hive.ql.metadata.HiveException: Unexpected exception: org.apache.hadoop.hive.serde2.io.HiveCharWritable cannot be cast to org.apache.hadoop.hive.common.type.HiveChar&lt;br/&gt;
	at org.apache.hadoop.hive.ql.exec.MapJoinOperator.processOp(MapJoinOperator.java:311)&lt;br/&gt;
	at org.apache.hadoop.hive.ql.exec.vector.VectorMapJoinOperator.processOp(VectorMapJoinOperator.java:249)&lt;br/&gt;
	at org.apache.hadoop.hive.ql.exec.Operator.forward(Operator.java:815)&lt;br/&gt;
	at org.apache.hadoop.hive.ql.exec.vector.VectorFilterOperator.processOp(VectorFilterOperator.java:111)&lt;br/&gt;
	at org.apache.hadoop.hive.ql.exec.Operator.forward(Operator.java:815)&lt;br/&gt;
	at org.apache.hadoop.hive.ql.exec.TableScanOperator.processOp(TableScanOperator.java:95)&lt;br/&gt;
	at org.apache.hadoop.hive.ql.exec.MapOperator$MapOpCtx.forward(MapOperator.java:157)&lt;br/&gt;
	at org.apache.hadoop.hive.ql.exec.vector.VectorMapOperator.process(VectorMapOperator.java:45)&lt;br/&gt;
	... 17 more&lt;br/&gt;
Caused by: java.lang.ClassCastException: org.apache.hadoop.hive.serde2.io.HiveCharWritable cannot be cast to org.apache.hadoop.hive.common.type.HiveChar&lt;br/&gt;
	at org.apache.hadoop.hive.ql.exec.vector.VectorColumnAssignFactory$18.assignObjectValue(VectorColumnAssignFactory.java:432)&lt;br/&gt;
	at org.apache.hadoop.hive.ql.exec.vector.VectorMapJoinOperator.internalForward(VectorMapJoinOperator.java:196)&lt;br/&gt;
	at org.apache.hadoop.hive.ql.exec.CommonJoinOperator.genAllOneUniqueJoinObject(CommonJoinOperator.java:670)&lt;br/&gt;
	at org.apache.hadoop.hive.ql.exec.CommonJoinOperator.checkAndGenObject(CommonJoinOperator.java:748)&lt;br/&gt;
	at org.apache.hadoop.hive.ql.exec.MapJoinOperator.processOp(MapJoinOperator.java:299)&lt;br/&gt;
	... 24 more&lt;/p&gt;

&lt;p&gt;create table  if not exists T_TSET1 (RNUM int , C1 int, C2 char(3))&lt;br/&gt;
 ROW FORMAT DELIMITED FIELDS TERMINATED BY &apos;|&apos; LINES TERMINATED BY &apos;\n&apos; &lt;br/&gt;
 STORED AS textfile ;&lt;/p&gt;

&lt;p&gt;create table  if not exists T_TSET1 (RNUM int , C1 int, C2 char(3))&lt;br/&gt;
 STORED AS ORC ;&lt;/p&gt;


&lt;p&gt;create table  if not exists T_TSET2 (RNUM int , C1 int, C2 char(3))&lt;br/&gt;
 ROW FORMAT DELIMITED FIELDS TERMINATED BY &apos;|&apos; LINES TERMINATED BY &apos;\n&apos; &lt;br/&gt;
 STORED AS textfile ;&lt;/p&gt;


&lt;p&gt;TSET1 data&lt;/p&gt;

&lt;p&gt;0|10|AAA&lt;br/&gt;
1|10|AAA&lt;br/&gt;
2|10|AAA&lt;br/&gt;
3|20|BBB&lt;br/&gt;
4|30|CCC&lt;br/&gt;
5|40|DDD&lt;br/&gt;
6|50|\N&lt;br/&gt;
7|60|\N&lt;br/&gt;
8|\N|AAA&lt;br/&gt;
9|\N|AAA&lt;br/&gt;
10|\N|\N&lt;br/&gt;
11|\N|\N&lt;/p&gt;

&lt;p&gt;TSET2 DATA&lt;/p&gt;

&lt;p&gt;0|10|AAA&lt;br/&gt;
1|10|AAA&lt;br/&gt;
2|40|DDD&lt;br/&gt;
3|50|EEE&lt;br/&gt;
4|60|FFF&lt;/p&gt;</description>
                <environment></environment>
        <key id="12776452">HIVE-9739</key>
            <summary>Various queries fails with Tez/ORC file org.apache.hadoop.hive.ql.exec.tez.TezTask due to Caused by: java.lang.ClassCastException</summary>
                <type id="1" iconUrl="https://issues.apache.org/jira/images/icons/issuetypes/bug.png">Bug</type>
                                            <priority id="3" iconUrl="https://issues.apache.org/jira/images/icons/priorities/major.png">Major</priority>
                        <status id="5" iconUrl="https://issues.apache.org/jira/images/icons/statuses/resolved.png" description="A resolution has been taken, and it is awaiting verification by reporter. From here issues are either reopened, or are closed.">Resolved</status>
                    <statusCategory id="3" key="done" colorName="green"/>
                                    <resolution id="3">Duplicate</resolution>
                                        <assignee username="mmccline">Matt McCline</assignee>
                                    <reporter username="the6campbells">N Campbell</reporter>
                        <labels>
                    </labels>
                <created>Fri, 20 Feb 2015 14:28:49 +0000</created>
                <updated>Wed, 20 Jan 2016 09:35:18 +0000</updated>
                            <resolved>Thu, 12 Mar 2015 20:05:55 +0000</resolved>
                                                                    <component>SQL</component>
                        <due></due>
                            <votes>0</votes>
                                    <watches>5</watches>
                                                                <comments>
                            <comment id="14329561" author="ashutoshc" created="Fri, 20 Feb 2015 21:11:01 +0000"  >&lt;p&gt;This looks unrelated to &lt;a href=&quot;https://issues.apache.org/jira/browse/HIVE-9735&quot; title=&quot;aggregate ( smalllint ) fails when ORC file used ava.lang.ClassCastException: java.lang.Long cannot be cast to java.lang.Short&quot; class=&quot;issue-link&quot; data-issue-key=&quot;HIVE-9735&quot;&gt;&lt;del&gt;HIVE-9735&lt;/del&gt;&lt;/a&gt;&lt;/p&gt;</comment>
                            <comment id="14329761" author="jdere" created="Fri, 20 Feb 2015 23:34:49 +0000"  >&lt;p&gt;Are you using Hive 0.14? It looks like this might be the same issue as &lt;a href=&quot;https://issues.apache.org/jira/browse/HIVE-9249&quot; title=&quot;java.lang.ClassCastException: org.apache.hadoop.hive.serde2.io.HiveVarcharWritable cannot be cast to org.apache.hadoop.hive.common.type.HiveVarchar when joining tables&quot; class=&quot;issue-link&quot; data-issue-key=&quot;HIVE-9249&quot;&gt;&lt;del&gt;HIVE-9249&lt;/del&gt;&lt;/a&gt;&lt;br/&gt;
Since this looks like an issue during vectorization, one workaround (if you cannot use a later Hive version) might be to try with hive.vectorized.execution.enabled=false&lt;/p&gt;</comment>
                            <comment id="14357884" author="hagleitn" created="Thu, 12 Mar 2015 00:43:41 +0000"  >&lt;p&gt;&lt;a href=&quot;https://issues.apache.org/jira/secure/ViewProfile.jspa?name=mmccline&quot; class=&quot;user-hover&quot; rel=&quot;mmccline&quot;&gt;Matt McCline&lt;/a&gt; can you confirm this is the same as &lt;a href=&quot;https://issues.apache.org/jira/browse/HIVE-9249&quot; title=&quot;java.lang.ClassCastException: org.apache.hadoop.hive.serde2.io.HiveVarcharWritable cannot be cast to org.apache.hadoop.hive.common.type.HiveVarchar when joining tables&quot; class=&quot;issue-link&quot; data-issue-key=&quot;HIVE-9249&quot;&gt;&lt;del&gt;HIVE-9249&lt;/del&gt;&lt;/a&gt;?&lt;/p&gt;</comment>
                            <comment id="14359259" author="mmccline" created="Thu, 12 Mar 2015 19:53:12 +0000"  >&lt;p&gt;&lt;a href=&quot;https://issues.apache.org/jira/secure/ViewProfile.jspa?name=hagleitn&quot; class=&quot;user-hover&quot; rel=&quot;hagleitn&quot;&gt;Gunther Hagleitner&lt;/a&gt;]  Yes, the call stack look exactly the same as &lt;a href=&quot;https://issues.apache.org/jira/browse/HIVE-9249&quot; title=&quot;java.lang.ClassCastException: org.apache.hadoop.hive.serde2.io.HiveVarcharWritable cannot be cast to org.apache.hadoop.hive.common.type.HiveVarchar when joining tables&quot; class=&quot;issue-link&quot; data-issue-key=&quot;HIVE-9249&quot;&gt;&lt;del&gt;HIVE-9249&lt;/del&gt;&lt;/a&gt;.  Jason is correct &amp;#8211; only work around without a patch is to turn off vectorization.&lt;/p&gt;</comment>
                            <comment id="15108285" author="rajeshhadoop" created="Wed, 20 Jan 2016 09:35:18 +0000"  >&lt;p&gt;We have similar  kind of issue where when we use execution framework as TEZ and using ORC table, where as same works in MR .  We use HIVE-0.13 . What would be cause for it.&lt;br/&gt;
======&lt;br/&gt;
Map 1: &lt;del&gt;/&lt;/del&gt;	Map 3: 0/43	Reducer 2: 0/999	&lt;br/&gt;
Status: Failed&lt;br/&gt;
Vertex failed, vertexName=Map 3, vertexId=vertex_1451301880705_219610_2_01, diagnostics=[Task failed, taskId=task_1451301880705_219610_2_01_000002, diagnostics=[AttemptID:attempt_1451301880705_219610_2_01_000002_0 Info:Error: java.lang.RuntimeException: java.lang.RuntimeException: org.apache.hadoop.hive.ql.metadata.HiveException: Hive Runtime Error while processing row &lt;br/&gt;
	at org.apache.hadoop.hive.ql.exec.tez.TezProcessor.run(TezProcessor.java:188)&lt;br/&gt;
	at org.apache.tez.runtime.LogicalIOProcessorRuntimeTask.run(LogicalIOProcessorRuntimeTask.java:307)&lt;br/&gt;
	at org.apache.hadoop.mapred.YarnTezDagChild$5.run(YarnTezDagChild.java:564)&lt;br/&gt;
	at java.security.AccessController.doPrivileged(Native Method)&lt;br/&gt;
	at javax.security.auth.Subject.doAs(Subject.java:415)&lt;br/&gt;
	at org.apache.hadoop.security.UserGroupInformation.doAs(UserGroupInformation.java:1650)&lt;br/&gt;
	at org.apache.hadoop.mapred.YarnTezDagChild.main(YarnTezDagChild.java:553)&lt;br/&gt;
Caused by: java.lang.RuntimeException: org.apache.hadoop.hive.ql.metadata.HiveException: Hive Runtime Error while processing row &lt;br/&gt;
	at org.apache.hadoop.hive.ql.exec.tez.MapRecordProcessor.processRow(MapRecordProcessor.java:195)&lt;br/&gt;
	at org.apache.hadoop.hive.ql.exec.tez.MapRecordProcessor.run(MapRecordProcessor.java:161)&lt;br/&gt;
	at org.apache.hadoop.hive.ql.exec.tez.TezProcessor.run(TezProcessor.java:165)&lt;br/&gt;
	... 6 more&lt;br/&gt;
Caused by: org.apache.hadoop.hive.ql.metadata.HiveException: Hive Runtime Error while processing row &lt;br/&gt;
	at org.apache.hadoop.hive.ql.exec.vector.VectorMapOperator.process(VectorMapOperator.java:45)&lt;br/&gt;
	at org.apache.hadoop.hive.ql.exec.tez.MapRecordProcessor.processRow(MapRecordProcessor.java:183)&lt;br/&gt;
	... 8 more&lt;br/&gt;
Caused by: java.lang.ArrayIndexOutOfBoundsException: 127&lt;br/&gt;
	at org.apache.hadoop.hive.ql.exec.vector.expressions.LongColumnInList.evaluate(LongColumnInList.java:64)&lt;br/&gt;
	at org.apache.hadoop.hive.ql.exec.vector.expressions.VectorExpression.evaluateChildren(VectorExpression.java:112)&lt;br/&gt;
	at org.apache.hadoop.hive.ql.exec.vector.expressions.SelectColumnIsFalse.evaluate(SelectColumnIsFalse.java:45)&lt;br/&gt;
	at org.apache.hadoop.hive.ql.exec.vector.VectorFilterOperator.processOp(VectorFilterOperator.java:91)&lt;br/&gt;
	at org.apache.hadoop.hive.ql.exec.Operator.forward(Operator.java:793)&lt;br/&gt;
	at org.apache.hadoop.hive.ql.exec.TableScanOperator.processOp(TableScanOperator.java:92)&lt;br/&gt;
	at org.apache.hadoop.hive.ql.exec.Operator.forward(Operator.java:793)&lt;br/&gt;
	at org.apache.hadoop.hive.ql.exec.vector.VectorMapOperator.process(VectorMapOperator.java:43)&lt;br/&gt;
	... 9 more&lt;/p&gt;

&lt;p&gt;Container released by application, AttemptID:attempt_1451301880705_219610_2_01_000002_1 Info:Error: java.lang.RuntimeException: java.lang.RuntimeException: org.apache.hadoop.hive.ql.metadata.HiveException: Hive Runtime Error while processing row &lt;br/&gt;
	at org.apache.hadoop.hive.ql.exec.tez.TezProcessor.run(TezProcessor.java:188)&lt;br/&gt;
	at org.apache.tez.runtime.LogicalIOProcessorRuntimeTask.run(LogicalIOProcessorRuntimeTask.java:307)&lt;br/&gt;
	at org.apache.hadoop.mapred.YarnTezDagChild$5.run(YarnTezDagChild.java:564)&lt;br/&gt;
	at java.security.AccessController.doPrivileged(Native Method)&lt;br/&gt;
	at javax.security.auth.Subject.doAs(Subject.java:415)&lt;br/&gt;
	at org.apache.hadoop.security.UserGroupInformation.doAs(UserGroupInformation.java:1650)&lt;br/&gt;
	at org.apache.hadoop.mapred.YarnTezDagChild.main(YarnTezDagChild.java:553)&lt;br/&gt;
Caused by: java.lang.RuntimeException: org.apache.hadoop.hive.ql.metadata.HiveException: Hive Runtime Error while processing row &lt;br/&gt;
	at org.apache.hadoop.hive.ql.exec.tez.MapRecordProcessor.processRow(MapRecordProcessor.java:195)&lt;br/&gt;
	at org.apache.hadoop.hive.ql.exec.tez.MapRecordProcessor.run(MapRecordProcessor.java:161)&lt;br/&gt;
	at org.apache.hadoop.hive.ql.exec.tez.TezProcessor.run(TezProcessor.java:165)&lt;br/&gt;
	... 6 more&lt;br/&gt;
...&lt;/p&gt;</comment>
                    </comments>
                <issuelinks>
                            <issuelinktype id="12310000">
                    <name>Duplicate</name>
                                            <outwardlinks description="duplicates">
                                        <issuelink>
            <issuekey id="12764767">HIVE-9249</issuekey>
        </issuelink>
                            </outwardlinks>
                                                        </issuelinktype>
                    </issuelinks>
                <attachments>
                    </attachments>
                <subtasks>
                    </subtasks>
                <customfields>
                                                <customfield id="customfield_12310310" key="com.atlassian.jira.toolkit:attachments">
                        <customfieldname>Attachment count</customfieldname>
                        <customfieldvalues>
                            <customfieldvalue>0.0</customfieldvalue>
                        </customfieldvalues>
                    </customfield>
                                                                                                                                                                                                                                                                                                                                                                                                                                                                                                                                <customfield id="customfield_12310220" key="com.atlassian.jira.ext.charting:firstresponsedate">
                        <customfieldname>Date of First Response</customfieldname>
                        <customfieldvalues>
                            <customfieldvalue>Fri, 20 Feb 2015 21:11:01 +0000</customfieldvalue>

                        </customfieldvalues>
                    </customfield>
                                                                                                                                                                                                                                                                                                                                                                                                                                            <customfield id="customfield_12310420" key="com.pyxis.greenhopper.jira:gh-global-rank">
                        <customfieldname>Global Rank</customfieldname>
                        <customfieldvalues>
                            <customfieldvalue>9223372036854775807</customfieldvalue>
                        </customfieldvalues>
                    </customfield>
                                                                                                                                                    <customfield id="customfield_12312521" key="com.atlassian.jira.toolkit:LastCommentDate">
                        <customfieldname>Last public comment date</customfieldname>
                        <customfieldvalues>
                            45 weeks, 3 days ago
                        </customfieldvalues>
                    </customfield>
                                                                                            <customfield id="customfield_12311820" key="com.pyxis.greenhopper.jira:gh-lexo-rank">
                        <customfieldname>Rank</customfieldname>
                        <customfieldvalues>
                            <customfieldvalue>0|i25uwv:</customfieldvalue>

                        </customfieldvalues>
                    </customfield>
                                                                <customfield id="customfield_12310920" key="com.pyxis.greenhopper.jira:gh-global-rank">
                        <customfieldname>Rank (Obsolete)</customfieldname>
                        <customfieldvalues>
                            <customfieldvalue>9223372036854775807</customfieldvalue>
                        </customfieldvalues>
                    </customfield>
                                                                                                                                                                                                                                                                                                                            <customfield id="customfield_12310222" key="com.atlassian.jira.ext.charting:timeinstatus">
                        <customfieldname>Time in Status</customfieldname>
                        <customfieldvalues>
                            
                        </customfieldvalues>
                    </customfield>
                                                                                                                        </customfields>
    </item>
</channel>
</rss>