<!-- 
RSS generated by JIRA (6.3.4#6332-sha1:51bc225ef474afe3128b2f66878477f322397b16) at Fri Dec 02 11:46:01 UTC 2016

It is possible to restrict the fields that are returned in this document by specifying the 'field' parameter in your request.
For example, to request only the issue key and summary add field=key&field=summary to the URL of your request.
For example:
https://issues.apache.org/jira/si/jira.issueviews:issue-xml/HIVE-13184/HIVE-13184.xml?field=key&amp;field=summary
-->
<rss version="0.92" >
<channel>
    <title>ASF JIRA</title>
    <link>https://issues.apache.org/jira</link>
    <description>This file is an XML representation of an issue</description>
    <language>en-uk</language>    <build-info>
        <version>6.3.4</version>
        <build-number>6332</build-number>
        <build-date>15-08-2014</build-date>
    </build-info>

<item>
            <title>[HIVE-13184] LLAP: DAG credentials (e.g. HBase tokens) are not passed to the tasks in Tez plugin</title>
                <link>https://issues.apache.org/jira/browse/HIVE-13184</link>
                <project id="12310843" key="HIVE">Hive</project>
                    <description>&lt;p&gt;NO PRECOMMIT TESTS&lt;/p&gt;</description>
                <environment></environment>
        <key id="12945619">HIVE-13184</key>
            <summary>LLAP: DAG credentials (e.g. HBase tokens) are not passed to the tasks in Tez plugin</summary>
                <type id="1" iconUrl="https://issues.apache.org/jira/images/icons/issuetypes/bug.png">Bug</type>
                                            <priority id="3" iconUrl="https://issues.apache.org/jira/images/icons/priorities/major.png">Major</priority>
                        <status id="6" iconUrl="https://issues.apache.org/jira/images/icons/statuses/closed.png" description="The issue is considered finished, the resolution is correct. Issues which are closed can be reopened.">Closed</status>
                    <statusCategory id="3" key="done" colorName="green"/>
                                    <resolution id="1">Fixed</resolution>
                                        <assignee username="sershe">Sergey Shelukhin</assignee>
                                    <reporter username="sershe">Sergey Shelukhin</reporter>
                        <labels>
                    </labels>
                <created>Mon, 29 Feb 2016 21:27:56 +0000</created>
                <updated>Tue, 21 Jun 2016 15:43:43 +0000</updated>
                            <resolved>Tue, 26 Apr 2016 06:27:10 +0000</resolved>
                                                    <fixVersion>2.1.0</fixVersion>
                                        <due></due>
                            <votes>0</votes>
                                    <watches>3</watches>
                                                                <comments>
                            <comment id="15172647" author="sershe" created="Mon, 29 Feb 2016 21:29:08 +0000"  >&lt;p&gt;Targeting 2.0.1 for now, depends on an unreleased Tez patch.&lt;/p&gt;</comment>
                            <comment id="15172687" author="sershe" created="Mon, 29 Feb 2016 21:56:23 +0000"  >&lt;p&gt;&lt;a href=&quot;https://issues.apache.org/jira/secure/ViewProfile.jspa?name=sseth&quot; class=&quot;user-hover&quot; rel=&quot;sseth&quot;&gt;Siddharth Seth&lt;/a&gt; can you take a look? This uses the new API&lt;/p&gt;</comment>
                            <comment id="15172865" author="sseth" created="Mon, 29 Feb 2016 23:29:43 +0000"  >&lt;p&gt;+1&lt;/p&gt;</comment>
                            <comment id="15257631" author="sseth" created="Tue, 26 Apr 2016 06:27:10 +0000"  >&lt;p&gt;Jenkins run on &lt;a href=&quot;https://issues.apache.org/jira/browse/HIVE-13097&quot; title=&quot;[Umbrella] Changes dependent on Tez 0.8.3&quot; class=&quot;issue-link&quot; data-issue-key=&quot;HIVE-13097&quot;&gt;&lt;del&gt;HIVE-13097&lt;/del&gt;&lt;/a&gt;.&lt;/p&gt;</comment>
                            <comment id="15260889" author="sershe" created="Wed, 27 Apr 2016 20:39:39 +0000"  >&lt;p&gt;The bugfix would require upgrading 2.0.1 to Tez 0.8.3 and porting a bunch of other changes. Moving out; LLAP on HBase is not an important enough scenario, and the other tokens (e.g. for HDFS) are still propagated correctly.&lt;/p&gt;</comment>
                    </comments>
                <issuelinks>
                            <issuelinktype id="10032">
                    <name>Blocker</name>
                                                                <inwardlinks description="is blocked by">
                                        <issuelink>
            <issuekey id="12945579">TEZ-3151</issuekey>
        </issuelink>
                            </inwardlinks>
                                    </issuelinktype>
                            <issuelinktype id="10030">
                    <name>Reference</name>
                                            <outwardlinks description="relates to">
                                        <issuelink>
            <issuekey id="12940583">HIVE-13097</issuekey>
        </issuelink>
                            </outwardlinks>
                                                        </issuelinktype>
                    </issuelinks>
                <attachments>
                            <attachment id="12790606" name="HIVE-13184.01.patch" size="1472" author="sershe" created="Mon, 29 Feb 2016 23:28:19 +0000"/>
                            <attachment id="12790581" name="HIVE-13184.patch" size="1455" author="sershe" created="Mon, 29 Feb 2016 21:56:23 +0000"/>
                    </attachments>
                <subtasks>
                    </subtasks>
                <customfields>
                                                <customfield id="customfield_12310310" key="com.atlassian.jira.toolkit:attachments">
                        <customfieldname>Attachment count</customfieldname>
                        <customfieldvalues>
                            <customfieldvalue>2.0</customfieldvalue>
                        </customfieldvalues>
                    </customfield>
                                                                                                                                                                                                                                                                                                                                                                                                                                                                                                                                <customfield id="customfield_12310220" key="com.atlassian.jira.ext.charting:firstresponsedate">
                        <customfieldname>Date of First Response</customfieldname>
                        <customfieldvalues>
                            <customfieldvalue>Mon, 29 Feb 2016 23:29:43 +0000</customfieldvalue>

                        </customfieldvalues>
                    </customfield>
                                                                                                                                                                                                                                                                                                                                                                                                                                            <customfield id="customfield_12310420" key="com.pyxis.greenhopper.jira:gh-global-rank">
                        <customfieldname>Global Rank</customfieldname>
                        <customfieldvalues>
                            <customfieldvalue>9223372036854775807</customfieldvalue>
                        </customfieldvalues>
                    </customfield>
                                                                                                                                                    <customfield id="customfield_12312521" key="com.atlassian.jira.toolkit:LastCommentDate">
                        <customfieldname>Last public comment date</customfieldname>
                        <customfieldvalues>
                            31 weeks, 1 day ago
                        </customfieldvalues>
                    </customfield>
                                                                                            <customfield id="customfield_12311820" key="com.pyxis.greenhopper.jira:gh-lexo-rank">
                        <customfieldname>Rank</customfieldname>
                        <customfieldvalues>
                            <customfieldvalue>0|i2txtz:</customfieldvalue>

                        </customfieldvalues>
                    </customfield>
                                                                <customfield id="customfield_12310920" key="com.pyxis.greenhopper.jira:gh-global-rank">
                        <customfieldname>Rank (Obsolete)</customfieldname>
                        <customfieldvalues>
                            <customfieldvalue>9223372036854775807</customfieldvalue>
                        </customfieldvalues>
                    </customfield>
                                                                                                                                                                                                                                                                                                                            <customfield id="customfield_12310222" key="com.atlassian.jira.ext.charting:timeinstatus">
                        <customfieldname>Time in Status</customfieldname>
                        <customfieldvalues>
                            
                        </customfieldvalues>
                    </customfield>
                                                                                                                        </customfields>
    </item>
</channel>
</rss>