<!-- 
RSS generated by JIRA (6.3.4#6332-sha1:51bc225ef474afe3128b2f66878477f322397b16) at Sat Dec 03 23:36:11 UTC 2016

It is possible to restrict the fields that are returned in this document by specifying the 'field' parameter in your request.
For example, to request only the issue key and summary add field=key&field=summary to the URL of your request.
For example:
https://issues.apache.org/jira/si/jira.issueviews:issue-xml/HIVE-9476/HIVE-9476.xml?field=key&amp;field=summary
-->
<rss version="0.92" >
<channel>
    <title>ASF JIRA</title>
    <link>https://issues.apache.org/jira</link>
    <description>This file is an XML representation of an issue</description>
    <language>en-uk</language>    <build-info>
        <version>6.3.4</version>
        <build-number>6332</build-number>
        <build-date>15-08-2014</build-date>
    </build-info>

<item>
            <title>[HIVE-9476] Beeline fails to start on trunk</title>
                <link>https://issues.apache.org/jira/browse/HIVE-9476</link>
                <project id="12310843" key="HIVE">Hive</project>
                    <description>&lt;div class=&quot;code panel&quot; style=&quot;border-width: 1px;&quot;&gt;&lt;div class=&quot;codeContent panelContent&quot;&gt;
&lt;pre class=&quot;code-java&quot;&gt;
vgumashta:hive vgumashta$ beeline --verbose=&lt;span class=&quot;code-keyword&quot;&gt;true&lt;/span&gt;
[ERROR] Terminal initialization failed; falling back to unsupported
java.lang.IncompatibleClassChangeError: Found class jline.Terminal, but &lt;span class=&quot;code-keyword&quot;&gt;interface&lt;/span&gt; was expected
	at jline.TerminalFactory.create(TerminalFactory.java:101)
	at jline.TerminalFactory.get(TerminalFactory.java:158)
	at org.apache.hive.beeline.BeeLineOpts.&amp;lt;init&amp;gt;(BeeLineOpts.java:73)
	at org.apache.hive.beeline.BeeLine.&amp;lt;init&amp;gt;(BeeLine.java:117)
	at org.apache.hive.beeline.BeeLine.mainWithInputRedirection(BeeLine.java:469)
	at org.apache.hive.beeline.BeeLine.main(BeeLine.java:453)
	at sun.reflect.NativeMethodAccessorImpl.invoke0(Native Method)
	at sun.reflect.NativeMethodAccessorImpl.invoke(NativeMethodAccessorImpl.java:57)
	at sun.reflect.DelegatingMethodAccessorImpl.invoke(DelegatingMethodAccessorImpl.java:43)
	at java.lang.reflect.Method.invoke(Method.java:606)
	at org.apache.hadoop.util.RunJar.main(RunJar.java:212)

Exception in thread &lt;span class=&quot;code-quote&quot;&gt;&quot;main&quot;&lt;/span&gt; java.lang.IncompatibleClassChangeError: Found class jline.Terminal, but &lt;span class=&quot;code-keyword&quot;&gt;interface&lt;/span&gt; was expected
	at org.apache.hive.beeline.BeeLineOpts.&amp;lt;init&amp;gt;(BeeLineOpts.java:101)
	at org.apache.hive.beeline.BeeLine.&amp;lt;init&amp;gt;(BeeLine.java:117)
	at org.apache.hive.beeline.BeeLine.mainWithInputRedirection(BeeLine.java:469)
	at org.apache.hive.beeline.BeeLine.main(BeeLine.java:453)
	at sun.reflect.NativeMethodAccessorImpl.invoke0(Native Method)
	at sun.reflect.NativeMethodAccessorImpl.invoke(NativeMethodAccessorImpl.java:57)
	at sun.reflect.DelegatingMethodAccessorImpl.invoke(DelegatingMethodAccessorImpl.java:43)
	at java.lang.reflect.Method.invoke(Method.java:606)
	at org.apache.hadoop.util.RunJar.main(RunJar.java:212)
&lt;/pre&gt;
&lt;/div&gt;&lt;/div&gt;

&lt;p&gt;Working fine on 14.1. &lt;/p&gt;</description>
                <environment></environment>
        <key id="12770278">HIVE-9476</key>
            <summary>Beeline fails to start on trunk</summary>
                <type id="1" iconUrl="https://issues.apache.org/jira/images/icons/issuetypes/bug.png">Bug</type>
                                            <priority id="1" iconUrl="https://issues.apache.org/jira/images/icons/priorities/blocker.png">Blocker</priority>
                        <status id="5" iconUrl="https://issues.apache.org/jira/images/icons/statuses/resolved.png" description="A resolution has been taken, and it is awaiting verification by reporter. From here issues are either reopened, or are closed.">Resolved</status>
                    <statusCategory id="3" key="done" colorName="green"/>
                                    <resolution id="3">Duplicate</resolution>
                                        <assignee username="damien.carol">Damien Carol</assignee>
                                    <reporter username="vgumashta">Vaibhav Gumashta</reporter>
                        <labels>
                    </labels>
                <created>Tue, 27 Jan 2015 06:34:34 +0000</created>
                <updated>Thu, 12 Feb 2015 23:40:44 +0000</updated>
                            <resolved>Tue, 27 Jan 2015 13:26:44 +0000</resolved>
                                    <version>0.15.0</version>
                                    <fixVersion>1.1.0</fixVersion>
                                    <component>Beeline</component>
                        <due></due>
                            <votes>0</votes>
                                    <watches>2</watches>
                                                                <comments>
                            <comment id="14293485" author="damien.carol" created="Tue, 27 Jan 2015 13:20:35 +0000"  >&lt;p&gt;It&apos;s due to incompatible version of JLine between Hadoop and Hive.&lt;br/&gt;
Use this quick workaround :&lt;br/&gt;
&lt;tt&gt;noformat&lt;/tt&gt;&lt;br/&gt;
export HADOOP_USER_CLASSPATH_FIRST=true&lt;br/&gt;
&lt;tt&gt;noformat&lt;/tt&gt;&lt;/p&gt;</comment>
                            <comment id="14293489" author="damien.carol" created="Tue, 27 Jan 2015 13:24:29 +0000"  >&lt;p&gt;I think we should close this one as a workaround already exists and it will be fixed by &lt;a href=&quot;https://issues.apache.org/jira/browse/YARN-2815&quot; title=&quot;Remove jline from hadoop-yarn-server-common&quot; class=&quot;issue-link&quot; data-issue-key=&quot;YARN-2815&quot;&gt;&lt;del&gt;YARN-2815&lt;/del&gt;&lt;/a&gt;.&lt;br/&gt;
Also &lt;a href=&quot;https://issues.apache.org/jira/browse/HIVE-9405&quot; title=&quot;Upgrade to Hadoop 2.7 when released&quot; class=&quot;issue-link&quot; data-issue-key=&quot;HIVE-9405&quot;&gt;&lt;del&gt;HIVE-9405&lt;/del&gt;&lt;/a&gt; will fix this issue.&lt;/p&gt;</comment>
                            <comment id="14301968" author="vgumashta" created="Mon, 2 Feb 2015 21:30:25 +0000"  >&lt;p&gt;Thanks &lt;a href=&quot;https://issues.apache.org/jira/secure/ViewProfile.jspa?name=damien.carol&quot; class=&quot;user-hover&quot; rel=&quot;damien.carol&quot;&gt;Damien Carol&lt;/a&gt;.&lt;/p&gt;</comment>
                    </comments>
                <issuelinks>
                            <issuelinktype id="12310000">
                    <name>Duplicate</name>
                                            <outwardlinks description="duplicates">
                                        <issuelink>
            <issuekey id="12756550">HIVE-8918</issuekey>
        </issuelink>
            <issuelink>
            <issuekey id="12768323">HIVE-9405</issuekey>
        </issuelink>
                            </outwardlinks>
                                                        </issuelinktype>
                            <issuelinktype id="10030">
                    <name>Reference</name>
                                            <outwardlinks description="relates to">
                                        <issuelink>
            <issuekey id="12753272">YARN-2815</issuekey>
        </issuelink>
            <issuelink>
            <issuekey id="12750620">HIVE-8609</issuekey>
        </issuelink>
                            </outwardlinks>
                                                        </issuelinktype>
                    </issuelinks>
                <attachments>
                    </attachments>
                <subtasks>
                    </subtasks>
                <customfields>
                                                <customfield id="customfield_12310310" key="com.atlassian.jira.toolkit:attachments">
                        <customfieldname>Attachment count</customfieldname>
                        <customfieldvalues>
                            <customfieldvalue>0.0</customfieldvalue>
                        </customfieldvalues>
                    </customfield>
                                                                                                                                                                                                                                                                                                                                                                                                                                                                                                                                <customfield id="customfield_12310220" key="com.atlassian.jira.ext.charting:firstresponsedate">
                        <customfieldname>Date of First Response</customfieldname>
                        <customfieldvalues>
                            <customfieldvalue>Tue, 27 Jan 2015 13:20:35 +0000</customfieldvalue>

                        </customfieldvalues>
                    </customfield>
                                                                                                                                                                                                                                                                                                                                                                                                                                            <customfield id="customfield_12310420" key="com.pyxis.greenhopper.jira:gh-global-rank">
                        <customfieldname>Global Rank</customfieldname>
                        <customfieldvalues>
                            <customfieldvalue>9223372036854775807</customfieldvalue>
                        </customfieldvalues>
                    </customfield>
                                                                                                                                                    <customfield id="customfield_12312521" key="com.atlassian.jira.toolkit:LastCommentDate">
                        <customfieldname>Last public comment date</customfieldname>
                        <customfieldvalues>
                            1 year, 43 weeks, 5 days ago
                        </customfieldvalues>
                    </customfield>
                                                                                            <customfield id="customfield_12311820" key="com.pyxis.greenhopper.jira:gh-lexo-rank">
                        <customfieldname>Rank</customfieldname>
                        <customfieldvalues>
                            <customfieldvalue>0|i24twn:</customfieldvalue>

                        </customfieldvalues>
                    </customfield>
                                                                <customfield id="customfield_12310920" key="com.pyxis.greenhopper.jira:gh-global-rank">
                        <customfieldname>Rank (Obsolete)</customfieldname>
                        <customfieldvalues>
                            <customfieldvalue>9223372036854775807</customfieldvalue>
                        </customfieldvalues>
                    </customfield>
                                                                                                                                                                                                                                                                                                                            <customfield id="customfield_12310222" key="com.atlassian.jira.ext.charting:timeinstatus">
                        <customfieldname>Time in Status</customfieldname>
                        <customfieldvalues>
                            
                        </customfieldvalues>
                    </customfield>
                                                                                                                        </customfields>
    </item>
</channel>
</rss>