<!-- 
RSS generated by JIRA (6.3.4#6332-sha1:51bc225ef474afe3128b2f66878477f322397b16) at Fri Dec 02 06:01:24 UTC 2016

It is possible to restrict the fields that are returned in this document by specifying the 'field' parameter in your request.
For example, to request only the issue key and summary add field=key&field=summary to the URL of your request.
For example:
https://issues.apache.org/jira/si/jira.issueviews:issue-xml/HIVE-14359/HIVE-14359.xml?field=key&amp;field=summary
-->
<rss version="0.92" >
<channel>
    <title>ASF JIRA</title>
    <link>https://issues.apache.org/jira</link>
    <description>This file is an XML representation of an issue</description>
    <language>en-uk</language>    <build-info>
        <version>6.3.4</version>
        <build-number>6332</build-number>
        <build-date>15-08-2014</build-date>
    </build-info>

<item>
            <title>[HIVE-14359] Hive on Spark might fail in HS2 with LDAP authentication in a kerberized cluster</title>
                <link>https://issues.apache.org/jira/browse/HIVE-14359</link>
                <project id="12310843" key="HIVE">Hive</project>
                    <description>&lt;p&gt;When HS2 is used as a gateway for the LDAP users to access and run the queries in kerberized cluster, it&apos;s authentication mode is configured as LDAP and at this time, HoS might fail by the same reason as &lt;a href=&quot;https://issues.apache.org/jira/browse/HIVE-10594&quot; title=&quot;Remote Spark client doesn&amp;#39;t use Kerberos keytab to authenticate [Spark Branch]&quot; class=&quot;issue-link&quot; data-issue-key=&quot;HIVE-10594&quot;&gt;&lt;del&gt;HIVE-10594&lt;/del&gt;&lt;/a&gt;. &lt;br/&gt;
hive.server2.authentication is not a proper property to determine if a cluster is kerberized, instead hadoop.security.authentication should be used.&lt;/p&gt;

&lt;p&gt;The failure is in spark client communicating with rest of hadoop as it assumes kerberos does not need to be used.&lt;/p&gt;</description>
                <environment></environment>
        <key id="12992943">HIVE-14359</key>
            <summary>Hive on Spark might fail in HS2 with LDAP authentication in a kerberized cluster</summary>
                <type id="1" iconUrl="https://issues.apache.org/jira/images/icons/issuetypes/bug.png">Bug</type>
                                            <priority id="3" iconUrl="https://issues.apache.org/jira/images/icons/priorities/major.png">Major</priority>
                        <status id="5" iconUrl="https://issues.apache.org/jira/images/icons/statuses/resolved.png" description="A resolution has been taken, and it is awaiting verification by reporter. From here issues are either reopened, or are closed.">Resolved</status>
                    <statusCategory id="3" key="done" colorName="green"/>
                                    <resolution id="1">Fixed</resolution>
                                        <assignee username="ctang.ma">Chaoyu Tang</assignee>
                                    <reporter username="ctang.ma">Chaoyu Tang</reporter>
                        <labels>
                    </labels>
                <created>Wed, 27 Jul 2016 14:36:46 +0000</created>
                <updated>Thu, 18 Aug 2016 15:57:59 +0000</updated>
                            <resolved>Fri, 29 Jul 2016 13:32:28 +0000</resolved>
                                                    <fixVersion>2.2.0</fixVersion>
                    <fixVersion>2.1.1</fixVersion>
                                        <due></due>
                            <votes>0</votes>
                                    <watches>3</watches>
                                                                <comments>
                            <comment id="15395808" author="ctang.ma" created="Wed, 27 Jul 2016 15:01:54 +0000"  >&lt;p&gt;&lt;a href=&quot;https://issues.apache.org/jira/secure/ViewProfile.jspa?name=xuefuz&quot; class=&quot;user-hover&quot; rel=&quot;xuefuz&quot;&gt;Xuefu Zhang&lt;/a&gt;, &lt;a href=&quot;https://issues.apache.org/jira/secure/ViewProfile.jspa?name=csun&quot; class=&quot;user-hover&quot; rel=&quot;csun&quot;&gt;Chao Sun&lt;/a&gt; could you review the patch? It is straightforward. Thanks&lt;/p&gt;</comment>
                            <comment id="15395882" author="xuefuz" created="Wed, 27 Jul 2016 15:54:03 +0000"  >&lt;p&gt;+1. Just curious, the change in direct sql code is not related to this, but nice to have?&lt;/p&gt;</comment>
                            <comment id="15395888" author="ctang.ma" created="Wed, 27 Jul 2016 15:57:24 +0000"  >&lt;p&gt;Sorry, that is not related. regenerate a patch.&lt;/p&gt;</comment>
                            <comment id="15395896" author="ctang.ma" created="Wed, 27 Jul 2016 16:01:58 +0000"  >&lt;p&gt;Attach a new &lt;a href=&quot;https://issues.apache.org/jira/browse/HIVE-14359&quot; title=&quot;Hive on Spark might fail in HS2 with LDAP authentication in a kerberized cluster&quot; class=&quot;issue-link&quot; data-issue-key=&quot;HIVE-14359&quot;&gt;&lt;del&gt;HIVE-14359&lt;/del&gt;&lt;/a&gt;.patch with unrelated directsql changes removed.&lt;/p&gt;</comment>
                            <comment id="15395903" author="xuefuz" created="Wed, 27 Jul 2016 16:04:56 +0000"  >&lt;p&gt;+1&lt;/p&gt;</comment>
                            <comment id="15398557" author="hiveqa" created="Fri, 29 Jul 2016 01:34:53 +0000"  >

&lt;p&gt;Here are the results of testing the latest attachment:&lt;br/&gt;
&lt;a href=&quot;https://issues.apache.org/jira/secure/attachment/12820494/HIVE-14359.patch&quot; class=&quot;external-link&quot; rel=&quot;nofollow&quot;&gt;https://issues.apache.org/jira/secure/attachment/12820494/HIVE-14359.patch&lt;/a&gt;&lt;/p&gt;

&lt;p&gt;&lt;font color=&quot;red&quot;&gt;ERROR:&lt;/font&gt; -1 due to no test(s) being added or modified.&lt;/p&gt;

&lt;p&gt;&lt;font color=&quot;red&quot;&gt;ERROR:&lt;/font&gt; -1 due to 5 failed/errored test(s), 10378 tests executed&lt;br/&gt;
&lt;b&gt;Failed tests:&lt;/b&gt;&lt;/p&gt;
&lt;div class=&quot;preformatted panel&quot; style=&quot;border-width: 1px;&quot;&gt;&lt;div class=&quot;preformattedContent panelContent&quot;&gt;
&lt;pre&gt;TestMsgBusConnection - did not produce a TEST-*.xml file
org.apache.hadoop.hive.cli.TestCliDriver.testCliDriver_avro_nullable_union
org.apache.hadoop.hive.cli.TestCliDriver.testCliDriver_stats_list_bucket
org.apache.hadoop.hive.cli.TestCliDriver.testCliDriver_subquery_multiinsert
org.apache.hadoop.hive.cli.TestNegativeCliDriver.testNegativeCliDriver_avro_non_nullable_union
&lt;/pre&gt;
&lt;/div&gt;&lt;/div&gt;

&lt;p&gt;Test results: &lt;a href=&quot;https://builds.apache.org/job/PreCommit-HIVE-MASTER-Build/678/testReport&quot; class=&quot;external-link&quot; rel=&quot;nofollow&quot;&gt;https://builds.apache.org/job/PreCommit-HIVE-MASTER-Build/678/testReport&lt;/a&gt;&lt;br/&gt;
Console output: &lt;a href=&quot;https://builds.apache.org/job/PreCommit-HIVE-MASTER-Build/678/console&quot; class=&quot;external-link&quot; rel=&quot;nofollow&quot;&gt;https://builds.apache.org/job/PreCommit-HIVE-MASTER-Build/678/console&lt;/a&gt;&lt;br/&gt;
Test logs: &lt;a href=&quot;http://ec2-204-236-174-241.us-west-1.compute.amazonaws.com/logs/PreCommit-HIVE-MASTER-Build-678/&quot; class=&quot;external-link&quot; rel=&quot;nofollow&quot;&gt;http://ec2-204-236-174-241.us-west-1.compute.amazonaws.com/logs/PreCommit-HIVE-MASTER-Build-678/&lt;/a&gt;&lt;/p&gt;

&lt;p&gt;Messages:&lt;/p&gt;
&lt;div class=&quot;preformatted panel&quot; style=&quot;border-width: 1px;&quot;&gt;&lt;div class=&quot;preformattedContent panelContent&quot;&gt;
&lt;pre&gt;Executing org.apache.hive.ptest.execution.TestCheckPhase
Executing org.apache.hive.ptest.execution.PrepPhase
Executing org.apache.hive.ptest.execution.ExecutionPhase
Executing org.apache.hive.ptest.execution.ReportingPhase
Tests exited with: TestsFailedException: 5 tests failed
&lt;/pre&gt;
&lt;/div&gt;&lt;/div&gt;

&lt;p&gt;This message is automatically generated.&lt;/p&gt;

&lt;p&gt;ATTACHMENT ID: 12820494 - PreCommit-HIVE-MASTER-Build&lt;/p&gt;</comment>
                            <comment id="15399317" author="ctang.ma" created="Fri, 29 Jul 2016 13:10:34 +0000"  >&lt;p&gt;The failed tests are aged and not related to this patch.&lt;/p&gt;</comment>
                            <comment id="15399347" author="ctang.ma" created="Fri, 29 Jul 2016 13:32:28 +0000"  >&lt;p&gt;Committed to 2.2.0 and 2.1.1. Thanks &lt;a href=&quot;https://issues.apache.org/jira/secure/ViewProfile.jspa?name=xuefuz&quot; class=&quot;user-hover&quot; rel=&quot;xuefuz&quot;&gt;Xuefu Zhang&lt;/a&gt; for review.&lt;/p&gt;</comment>
                    </comments>
                    <attachments>
                            <attachment id="12820494" name="HIVE-14359.patch" size="1111" author="ctang.ma" created="Wed, 27 Jul 2016 16:01:58 +0000"/>
                    </attachments>
                <subtasks>
                    </subtasks>
                <customfields>
                                                <customfield id="customfield_12310310" key="com.atlassian.jira.toolkit:attachments">
                        <customfieldname>Attachment count</customfieldname>
                        <customfieldvalues>
                            <customfieldvalue>1.0</customfieldvalue>
                        </customfieldvalues>
                    </customfield>
                                                                                                                                                                                                                                                                                                                                                                                                                                                                                                                                <customfield id="customfield_12310220" key="com.atlassian.jira.ext.charting:firstresponsedate">
                        <customfieldname>Date of First Response</customfieldname>
                        <customfieldvalues>
                            <customfieldvalue>Wed, 27 Jul 2016 15:54:03 +0000</customfieldvalue>

                        </customfieldvalues>
                    </customfield>
                                                                                                                                                                                                                                                                                                                                                                                                                                            <customfield id="customfield_12310420" key="com.pyxis.greenhopper.jira:gh-global-rank">
                        <customfieldname>Global Rank</customfieldname>
                        <customfieldvalues>
                            <customfieldvalue>9223372036854775807</customfieldvalue>
                        </customfieldvalues>
                    </customfield>
                                                                                                                                                    <customfield id="customfield_12312521" key="com.atlassian.jira.toolkit:LastCommentDate">
                        <customfieldname>Last public comment date</customfieldname>
                        <customfieldvalues>
                            17 weeks, 6 days ago
                        </customfieldvalues>
                    </customfield>
                                                                                            <customfield id="customfield_12311820" key="com.pyxis.greenhopper.jira:gh-lexo-rank">
                        <customfieldname>Rank</customfieldname>
                        <customfieldvalues>
                            <customfieldvalue>0|i31knr:</customfieldvalue>

                        </customfieldvalues>
                    </customfield>
                                                                <customfield id="customfield_12310920" key="com.pyxis.greenhopper.jira:gh-global-rank">
                        <customfieldname>Rank (Obsolete)</customfieldname>
                        <customfieldvalues>
                            <customfieldvalue>9223372036854775807</customfieldvalue>
                        </customfieldvalues>
                    </customfield>
                                                                                                                                                                                                                                                                                                                            <customfield id="customfield_12310222" key="com.atlassian.jira.ext.charting:timeinstatus">
                        <customfieldname>Time in Status</customfieldname>
                        <customfieldvalues>
                            
                        </customfieldvalues>
                    </customfield>
                                                                                                                        </customfields>
    </item>
</channel>
</rss>