<!-- 
RSS generated by JIRA (6.3.4#6332-sha1:51bc225ef474afe3128b2f66878477f322397b16) at Sun Dec 04 00:22:52 UTC 2016

It is possible to restrict the fields that are returned in this document by specifying the 'field' parameter in your request.
For example, to request only the issue key and summary add field=key&field=summary to the URL of your request.
For example:
https://issues.apache.org/jira/si/jira.issueviews:issue-xml/HIVE-538/HIVE-538.xml?field=key&amp;field=summary
-->
<rss version="0.92" >
<channel>
    <title>ASF JIRA</title>
    <link>https://issues.apache.org/jira</link>
    <description>This file is an XML representation of an issue</description>
    <language>en-uk</language>    <build-info>
        <version>6.3.4</version>
        <build-number>6332</build-number>
        <build-date>15-08-2014</build-date>
    </build-info>

<item>
            <title>[HIVE-538] make hive_jdbc.jar self-containing</title>
                <link>https://issues.apache.org/jira/browse/HIVE-538</link>
                <project id="12310843" key="HIVE">Hive</project>
                    <description>&lt;p&gt;Currently, most jars in hive/build/dist/lib and the hadoop-*-core.jar are required in the classpath to run jdbc applications on hive. We need to do atleast the following to get rid of most unnecessary dependencies:&lt;br/&gt;
1. get rid of dynamic serde and use a standard serialization format, maybe tab separated, json or avro&lt;br/&gt;
2. dont use hadoop configuration parameters&lt;br/&gt;
3. repackage thrift and fb303 classes into hive_jdbc.jar&lt;/p&gt;</description>
                <environment></environment>
        <key id="12427046">HIVE-538</key>
            <summary>make hive_jdbc.jar self-containing</summary>
                <type id="4" iconUrl="https://issues.apache.org/jira/images/icons/issuetypes/improvement.png">Improvement</type>
                                            <priority id="3" iconUrl="https://issues.apache.org/jira/images/icons/priorities/major.png">Major</priority>
                        <status id="6" iconUrl="https://issues.apache.org/jira/images/icons/statuses/closed.png" description="The issue is considered finished, the resolution is correct. Issues which are closed can be reopened.">Closed</status>
                    <statusCategory id="3" key="done" colorName="green"/>
                                    <resolution id="1">Fixed</resolution>
                                        <assignee username="njw45">Nick White</assignee>
                                    <reporter username="rsm">Raghotham Murthy</reporter>
                        <labels>
                    </labels>
                <created>Wed, 3 Jun 2009 18:13:08 +0000</created>
                <updated>Thu, 13 Nov 2014 19:43:41 +0000</updated>
                            <resolved>Fri, 6 Jun 2014 19:54:07 +0000</resolved>
                                    <version>0.3.0</version>
                    <version>0.4.0</version>
                    <version>0.6.0</version>
                    <version>0.13.0</version>
                                    <fixVersion>0.14.0</fixVersion>
                                    <component>JDBC</component>
                        <due></due>
                            <votes>0</votes>
                                    <watches>9</watches>
                                                                <comments>
                            <comment id="12896746" author="billgraham" created="Tue, 10 Aug 2010 00:15:57 +0000"  >&lt;p&gt;From a purely empirical approach it appears that the following jars are currently required to use the hive JDBC driver (version 0.5.0):&lt;/p&gt;

&lt;div class=&quot;preformatted panel&quot; style=&quot;border-width: 1px;&quot;&gt;&lt;div class=&quot;preformattedContent panelContent&quot;&gt;
&lt;pre&gt;dist/lib/hive-exec-0.7.0.jar
dist/lib/hive-jdbc-0.7.0.jar
dist/lib/hive-metastore-0.7.0.jar
dist/lib/hive-service-0.7.0.jar
dist/lib/libfb303.jar
dist/lib/libthrift.jar

hadoop-core-{version}.jar
&lt;/pre&gt;
&lt;/div&gt;&lt;/div&gt;

&lt;p&gt;I propose modifying the build process to combine the classes from the first set of jars into one single jar. That way users only need to add the hadoop-core jar and and hive-jdbc-combined jar to their classpath. As other dependencies are removed or refactored away, we could thin out what goes in the jar. &lt;/p&gt;

&lt;p&gt;I can take on this JIRA if others agree with the approach.&lt;/p&gt;

</comment>
                            <comment id="13239048" author="ashutoshc" created="Tue, 27 Mar 2012 00:18:11 +0000"  >&lt;p&gt;@Bill,&lt;br/&gt;
Your approach sounds reasonable to me. Will you like to work on this? You can reference my patch at &lt;a href=&quot;https://issues.apache.org/jira/browse/HIVE-2900&quot; title=&quot;Add target for fatjar&quot; class=&quot;issue-link&quot; data-issue-key=&quot;HIVE-2900&quot;&gt;&lt;del&gt;HIVE-2900&lt;/del&gt;&lt;/a&gt; for how to do repackaging easily. &lt;/p&gt;</comment>
                            <comment id="13239062" author="billgraham" created="Tue, 27 Mar 2012 00:29:53 +0000"  >&lt;p&gt;@Ashutosh I&apos;m no longer actively using Hive these days, so it would be quite an effort for me to get set up again to contribute. Sorry, but I need to rescind my offer to take this one on. &lt;img class=&quot;emoticon&quot; src=&quot;https://issues.apache.org/jira/images/icons/emoticons/sad.gif&quot; height=&quot;16&quot; width=&quot;16&quot; align=&quot;absmiddle&quot; alt=&quot;&quot; border=&quot;0&quot;/&gt;&lt;/p&gt;</comment>
                            <comment id="13242746" author="phabricator@reviews.facebook.net" created="Fri, 30 Mar 2012 21:09:22 +0000"  >&lt;p&gt;ashutoshc requested code review of &quot;&lt;a href=&quot;https://issues.apache.org/jira/browse/HIVE-538&quot; title=&quot;make hive_jdbc.jar self-containing&quot; class=&quot;issue-link&quot; data-issue-key=&quot;HIVE-538&quot;&gt;&lt;del&gt;HIVE-538&lt;/del&gt;&lt;/a&gt; &lt;span class=&quot;error&quot;&gt;&amp;#91;jira&amp;#93;&lt;/span&gt; make hive_jdbc.jar self-containing&quot;.&lt;br/&gt;
Reviewers: JIRA&lt;/p&gt;

&lt;p&gt;  &lt;a href=&quot;https://issues.apache.org/jira/browse/HIVE-538&quot; class=&quot;external-link&quot; rel=&quot;nofollow&quot;&gt;https://issues.apache.org/jira/browse/HIVE-538&lt;/a&gt;&lt;/p&gt;

&lt;p&gt;  This patch introduces two new targets:&lt;/p&gt;

&lt;p&gt;  a) jar-jdbc-combined : This target generates a jar file containing all the hive jars required for jdbc driver.&lt;br/&gt;
  b) jar-jdbc-rt-deps  : This target generates a jar file which contains all the hive runtime dependcies in a single jar.&lt;/p&gt;

&lt;p&gt;  Currently, most jars in hive/build/dist/lib and the hadoop-*-core.jar are required in the classpath to run jdbc applications on hive. We need to do atleast the following to get rid of most unnecessary dependencies:&lt;br/&gt;
  1. get rid of dynamic serde and use a standard serialization format, maybe tab separated, json or avro&lt;br/&gt;
  2. dont use hadoop configuration parameters&lt;br/&gt;
  3. repackage thrift and fb303 classes into hive_jdbc.jar&lt;/p&gt;

&lt;p&gt;TEST PLAN&lt;br/&gt;
  EMPTY&lt;/p&gt;

&lt;p&gt;REVISION DETAIL&lt;br/&gt;
  &lt;a href=&quot;https://reviews.facebook.net/D2553&quot; class=&quot;external-link&quot; rel=&quot;nofollow&quot;&gt;https://reviews.facebook.net/D2553&lt;/a&gt;&lt;/p&gt;

&lt;p&gt;AFFECTED FILES&lt;br/&gt;
  build.xml&lt;br/&gt;
  ivy/libraries.properties&lt;br/&gt;
  ivy.xml&lt;/p&gt;

&lt;p&gt;MANAGE HERALD DIFFERENTIAL RULES&lt;br/&gt;
  &lt;a href=&quot;https://reviews.facebook.net/herald/view/differential/&quot; class=&quot;external-link&quot; rel=&quot;nofollow&quot;&gt;https://reviews.facebook.net/herald/view/differential/&lt;/a&gt;&lt;/p&gt;

&lt;p&gt;WHY DID I GET THIS EMAIL?&lt;br/&gt;
  &lt;a href=&quot;https://reviews.facebook.net/herald/transcript/5799/&quot; class=&quot;external-link&quot; rel=&quot;nofollow&quot;&gt;https://reviews.facebook.net/herald/transcript/5799/&lt;/a&gt;&lt;/p&gt;

&lt;p&gt;Tip: use the X-Herald-Rules header to filter Herald messages in your client.&lt;/p&gt;</comment>
                            <comment id="13242752" author="ashutoshc" created="Fri, 30 Mar 2012 21:13:50 +0000"  >&lt;p&gt; Patch for generating artifacts for jdbc drivers which makes it easier for folks using jdbc driver to include it in their projects. Note two noticeable omissions from hive-jdbc-rt-deps.jar datanucleus-core.jar and datanucleus-rdbms.jar If those are packaged in same jar then datanucleus have trouble loading them, so I excluded those. As a result, those still needs to put in application&apos;s classpath separately &lt;/p&gt;</comment>
                            <comment id="13253100" author="ashutoshc" created="Fri, 13 Apr 2012 04:35:21 +0000"  >&lt;p&gt;Ready for review.&lt;/p&gt;</comment>
                            <comment id="13254511" author="phabricator@reviews.facebook.net" created="Mon, 16 Apr 2012 05:18:18 +0000"  >&lt;p&gt;njain has commented on the revision &quot;&lt;a href=&quot;https://issues.apache.org/jira/browse/HIVE-538&quot; title=&quot;make hive_jdbc.jar self-containing&quot; class=&quot;issue-link&quot; data-issue-key=&quot;HIVE-538&quot;&gt;&lt;del&gt;HIVE-538&lt;/del&gt;&lt;/a&gt; &lt;span class=&quot;error&quot;&gt;&amp;#91;jira&amp;#93;&lt;/span&gt; make hive_jdbc.jar self-containing&quot;.&lt;/p&gt;

&lt;p&gt;INLINE COMMENTS&lt;br/&gt;
  build.xml:1262 Do you want to change it to jdo*api*&lt;/p&gt;

&lt;p&gt;REVISION DETAIL&lt;br/&gt;
  &lt;a href=&quot;https://reviews.facebook.net/D2553&quot; class=&quot;external-link&quot; rel=&quot;nofollow&quot;&gt;https://reviews.facebook.net/D2553&lt;/a&gt;&lt;/p&gt;</comment>
                            <comment id="13255822" author="phabricator@reviews.facebook.net" created="Tue, 17 Apr 2012 18:53:14 +0000"  >&lt;p&gt;ashutoshc has commented on the revision &quot;&lt;a href=&quot;https://issues.apache.org/jira/browse/HIVE-538&quot; title=&quot;make hive_jdbc.jar self-containing&quot; class=&quot;issue-link&quot; data-issue-key=&quot;HIVE-538&quot;&gt;&lt;del&gt;HIVE-538&lt;/del&gt;&lt;/a&gt; &lt;span class=&quot;error&quot;&gt;&amp;#91;jira&amp;#93;&lt;/span&gt; make hive_jdbc.jar self-containing&quot;.&lt;/p&gt;

&lt;p&gt;INLINE COMMENTS&lt;br/&gt;
  build.xml:1262 I dont see any advantage of it. But, since it wont make a difference I will do it any case.&lt;/p&gt;

&lt;p&gt;REVISION DETAIL&lt;br/&gt;
  &lt;a href=&quot;https://reviews.facebook.net/D2553&quot; class=&quot;external-link&quot; rel=&quot;nofollow&quot;&gt;https://reviews.facebook.net/D2553&lt;/a&gt;&lt;/p&gt;</comment>
                            <comment id="13255823" author="phabricator@reviews.facebook.net" created="Tue, 17 Apr 2012 18:53:16 +0000"  >&lt;p&gt;ashutoshc updated the revision &quot;&lt;a href=&quot;https://issues.apache.org/jira/browse/HIVE-538&quot; title=&quot;make hive_jdbc.jar self-containing&quot; class=&quot;issue-link&quot; data-issue-key=&quot;HIVE-538&quot;&gt;&lt;del&gt;HIVE-538&lt;/del&gt;&lt;/a&gt; &lt;span class=&quot;error&quot;&gt;&amp;#91;jira&amp;#93;&lt;/span&gt; make hive_jdbc.jar self-containing&quot;.&lt;br/&gt;
Reviewers: JIRA&lt;/p&gt;

&lt;p&gt;  Addressing Namit&apos;s comments.&lt;br/&gt;
  Rebased to trunk.&lt;/p&gt;

&lt;p&gt;REVISION DETAIL&lt;br/&gt;
  &lt;a href=&quot;https://reviews.facebook.net/D2553&quot; class=&quot;external-link&quot; rel=&quot;nofollow&quot;&gt;https://reviews.facebook.net/D2553&lt;/a&gt;&lt;/p&gt;

&lt;p&gt;AFFECTED FILES&lt;br/&gt;
  build.xml&lt;br/&gt;
  ivy/libraries.properties&lt;br/&gt;
  ivy.xml&lt;/p&gt;</comment>
                            <comment id="13971569" author="njw45" created="Wed, 16 Apr 2014 15:46:34 +0000"  >&lt;p&gt;This should be easier to implement now Hive uses Maven as a build system - you could make the JDBC driver project use the shade plugin (&lt;a href=&quot;https://maven.apache.org/plugins/maven-shade-plugin/shade-mojo.html&quot; class=&quot;external-link&quot; rel=&quot;nofollow&quot;&gt;https://maven.apache.org/plugins/maven-shade-plugin/shade-mojo.html&lt;/a&gt;).&lt;/p&gt;</comment>
                            <comment id="13971570" author="rmurthy@fb.com" created="Wed, 16 Apr 2014 15:48:21 +0000"  >&lt;p&gt;Hi, Raghu Murthy is no longer at Facebook so this email address is no longer being monitored. If you need assistance, please contact another person who is currently at the company or peeps@fb.com.&lt;/p&gt;</comment>
                            <comment id="13972851" author="njw45" created="Thu, 17 Apr 2014 11:32:34 +0000"  >&lt;p&gt;I&apos;ve attached a patch that builds a self-containing jar -&lt;/p&gt;</comment>
                            <comment id="13973198" author="ashutoshc" created="Thu, 17 Apr 2014 17:54:03 +0000"  >&lt;p&gt;&lt;a href=&quot;https://issues.apache.org/jira/secure/ViewProfile.jspa?name=njw45&quot; class=&quot;user-hover&quot; rel=&quot;njw45&quot;&gt;Nick White&lt;/a&gt; Can you take a look at &lt;a href=&quot;https://issues.apache.org/jira/browse/HIVE-6593&quot; title=&quot;Create a maven assembly for hive-jdbc&quot; class=&quot;issue-link&quot; data-issue-key=&quot;HIVE-6593&quot;&gt;&lt;del&gt;HIVE-6593&lt;/del&gt;&lt;/a&gt; to see if it satisfies your needs?&lt;/p&gt;</comment>
                            <comment id="13975767" author="njw45" created="Mon, 21 Apr 2014 17:42:43 +0000"  >&lt;p&gt;&lt;a href=&quot;https://issues.apache.org/jira/secure/ViewProfile.jspa?name=ashutoshc&quot; class=&quot;user-hover&quot; rel=&quot;ashutoshc&quot;&gt;Ashutosh Chauhan&lt;/a&gt; not really, it manually lists some dependencies (not the transitive ones) instead of using maven to work them out, and creates a tar.gz of many jars, not a single jar with all the dependencies in. A tar.gz can&apos;t easily integrate with maven; it&apos;s easy to add this complete jar as a dependency to a third-party maven project as it&apos;s published with a distinct classifier.&lt;/p&gt;</comment>
                            <comment id="13975771" author="njw45" created="Mon, 21 Apr 2014 17:47:16 +0000"  >&lt;p&gt;also, duplicating hive-jdbc&apos;s dependencies in an xml file in a different project will increase maintenance costs, as these two lists will have to be manually kept in sync.&lt;/p&gt;</comment>
                            <comment id="13983617" author="ashutoshc" created="Mon, 28 Apr 2014 21:47:49 +0000"  >&lt;p&gt;I think name of jar should be &lt;/p&gt;
&lt;div class=&quot;preformatted panel&quot; style=&quot;border-width: 1px;&quot;&gt;&lt;div class=&quot;preformattedContent panelContent&quot;&gt;
&lt;pre&gt; apache-hive-${project.version}-jdbc-client.jar &lt;/pre&gt;
&lt;/div&gt;&lt;/div&gt;
&lt;p&gt; instead of &lt;/p&gt;
&lt;div class=&quot;preformatted panel&quot; style=&quot;border-width: 1px;&quot;&gt;&lt;div class=&quot;preformattedContent panelContent&quot;&gt;
&lt;pre&gt; apache-hive-${project.version}-jdbc.jar &lt;/pre&gt;
&lt;/div&gt;&lt;/div&gt;
&lt;p&gt;Currently hadoop classes are excluded from this uber jar but adds in other transitive deps. Seems like we have few options of what to put in this jdbc jar:&lt;/p&gt;
&lt;ul&gt;
	&lt;li&gt;One which is currently implemented in patch : all deps excluding hadoop.&lt;/li&gt;
	&lt;li&gt;Only hive classes in there.&lt;/li&gt;
	&lt;li&gt;All deps including hadoop.&lt;/li&gt;
&lt;/ul&gt;


&lt;p&gt;I don&apos;t have good sense whats the best choice here. &lt;a href=&quot;https://issues.apache.org/jira/secure/ViewProfile.jspa?name=brocknoland&quot; class=&quot;user-hover&quot; rel=&quot;brocknoland&quot;&gt;Brock Noland&lt;/a&gt; / &lt;a href=&quot;https://issues.apache.org/jira/secure/ViewProfile.jspa?name=vgumashta&quot; class=&quot;user-hover&quot; rel=&quot;vgumashta&quot;&gt;Vaibhav Gumashta&lt;/a&gt; / &lt;a href=&quot;https://issues.apache.org/jira/secure/ViewProfile.jspa?name=prasadm&quot; class=&quot;user-hover&quot; rel=&quot;prasadm&quot;&gt;Prasad Mujumdar&lt;/a&gt; / &lt;a href=&quot;https://issues.apache.org/jira/secure/ViewProfile.jspa?name=thejas&quot; class=&quot;user-hover&quot; rel=&quot;thejas&quot;&gt;Thejas M Nair&lt;/a&gt; Do you guys have an opinion on this?&lt;/p&gt;</comment>
                            <comment id="13983684" author="brocknoland" created="Mon, 28 Apr 2014 22:32:19 +0000"  >&lt;p&gt;I&apos;d prefer either 1 or 3 and that we shade all non-hive deps.&lt;/p&gt;</comment>
                            <comment id="13983886" author="thejas" created="Tue, 29 Apr 2014 02:21:23 +0000"  >&lt;p&gt;The hadoop dependencies for jdbc client are needed only when kerberos authentication is used. However, it is a small set of hadoop jars that are needed, and their transitive dependencies are not needed. In case of hadoop 1.x, it is just hadoop-core*jar that is needed. I am not sure of the exact dependency in hadoop-2.x .&lt;/p&gt;

&lt;p&gt;I am fine with option 1. But if we can do option 3, with the minimal set of hadoop jars requried, that would be awesome.&lt;/p&gt;</comment>
                            <comment id="14014414" author="ashutoshc" created="Sat, 31 May 2014 00:18:39 +0000"  >&lt;p&gt;+1&lt;/p&gt;</comment>
                            <comment id="14020291" author="ashutoshc" created="Fri, 6 Jun 2014 19:54:07 +0000"  >&lt;p&gt;Committed to trunk. Thanks, Nick!&lt;/p&gt;</comment>
                            <comment id="14058185" author="ekoifman" created="Fri, 11 Jul 2014 01:08:27 +0000"  >&lt;p&gt;the current build system produces 2 jdbc jars:&lt;br/&gt;
hive-jdbc-0.14.0-SNAPSHOT-standalone.jar - the 51MB uber jar&lt;br/&gt;
hive-jdbc-0.14.0-SNAPSHOT.jar - the 135K jar&lt;/p&gt;

&lt;p&gt;The pom file hive-jdbc-0.14.0-SNAPSHOT.pom (which I will attach) does not mention the hive-jdbc-0.14.0-SNAPSHOT-standalone.jar at all. Standalone jar is not part of hive tar bundle either.  How is the end user supposed to access this standalone jar?&lt;/p&gt;</comment>
                            <comment id="14058557" author="njw45" created="Fri, 11 Jul 2014 08:45:09 +0000"  >&lt;p&gt;&lt;a href=&quot;https://issues.apache.org/jira/secure/ViewProfile.jspa?name=ekoifman&quot; class=&quot;user-hover&quot; rel=&quot;ekoifman&quot;&gt;Eugene Koifman&lt;/a&gt; Are you adding the driver as a dependency to a Maven project? If so, you should probably add the non-standalone version so you have more control over transitive dependency versioning. I&apos;d use the standalone jar as an end-user download, e.g. if you want to drop it into an existing app (e.g. &lt;a href=&quot;http://squirrel-sql.sourceforge.net&quot; class=&quot;external-link&quot; rel=&quot;nofollow&quot;&gt;http://squirrel-sql.sourceforge.net&lt;/a&gt;, Sqoop). Or is your question - &quot;where is the standalone jar automatically published to?&quot;?&lt;/p&gt;</comment>
                            <comment id="14058873" author="ekoifman" created="Fri, 11 Jul 2014 15:07:44 +0000"  >&lt;p&gt;yes, &quot;where is it published to&quot;?  It seems like one would have to build Hive to get it.&lt;/p&gt;</comment>
                            <comment id="14211017" author="thejas" created="Thu, 13 Nov 2014 19:43:41 +0000"  >&lt;p&gt;This has been fixed in 0.14 release. Please open new jira if you see any issues.&lt;/p&gt;</comment>
                    </comments>
                <issuelinks>
                            <issuelinktype id="12310000">
                    <name>Duplicate</name>
                                                                <inwardlinks description="is duplicated by">
                                        <issuelink>
            <issuekey id="12599586">HIVE-3285</issuekey>
        </issuelink>
                            </inwardlinks>
                                    </issuelinktype>
                            <issuelinktype id="10030">
                    <name>Reference</name>
                                                                <inwardlinks description="is related to">
                                        <issuelink>
            <issuekey id="12726433">HIVE-7376</issuekey>
        </issuelink>
            <issuelink>
            <issuekey id="12744243">HIVE-8270</issuekey>
        </issuelink>
            <issuelink>
            <issuekey id="12699551">HIVE-6593</issuekey>
        </issuelink>
                            </inwardlinks>
                                    </issuelinktype>
                    </issuelinks>
                <attachments>
                            <attachment id="12520670" name="ASF.LICENSE.NOT.GRANTED--HIVE-538.D2553.1.patch" size="5235" author="phabricator@reviews.facebook.net" created="Fri, 30 Mar 2012 21:09:23 +0000"/>
                            <attachment id="12523001" name="ASF.LICENSE.NOT.GRANTED--HIVE-538.D2553.2.patch" size="5233" author="phabricator@reviews.facebook.net" created="Tue, 17 Apr 2012 18:53:17 +0000"/>
                            <attachment id="12640663" name="HIVE-538.patch" size="5272" author="njw45" created="Thu, 17 Apr 2014 17:48:37 +0000"/>
                    </attachments>
                <subtasks>
                    </subtasks>
                <customfields>
                                                <customfield id="customfield_12310310" key="com.atlassian.jira.toolkit:attachments">
                        <customfieldname>Attachment count</customfieldname>
                        <customfieldvalues>
                            <customfieldvalue>3.0</customfieldvalue>
                        </customfieldvalues>
                    </customfield>
                                                                                                                                                                                                                                                                                                                                                                                                                                                                                                                                <customfield id="customfield_12310220" key="com.atlassian.jira.ext.charting:firstresponsedate">
                        <customfieldname>Date of First Response</customfieldname>
                        <customfieldvalues>
                            <customfieldvalue>Tue, 10 Aug 2010 00:15:57 +0000</customfieldvalue>

                        </customfieldvalues>
                    </customfield>
                                                                                                                                                                                                                                                                                                                                                                                                                                            <customfield id="customfield_12310420" key="com.pyxis.greenhopper.jira:gh-global-rank">
                        <customfieldname>Global Rank</customfieldname>
                        <customfieldvalues>
                            <customfieldvalue>42811</customfieldvalue>
                        </customfieldvalues>
                    </customfield>
                                                                                                                                                    <customfield id="customfield_12312521" key="com.atlassian.jira.toolkit:LastCommentDate">
                        <customfieldname>Last public comment date</customfieldname>
                        <customfieldvalues>
                            2 years, 3 weeks, 2 days ago
                        </customfieldvalues>
                    </customfield>
                                                                                            <customfield id="customfield_12311820" key="com.pyxis.greenhopper.jira:gh-lexo-rank">
                        <customfieldname>Rank</customfieldname>
                        <customfieldvalues>
                            <customfieldvalue>0|i08oif:</customfieldvalue>

                        </customfieldvalues>
                    </customfield>
                                                                <customfield id="customfield_12310920" key="com.pyxis.greenhopper.jira:gh-global-rank">
                        <customfieldname>Rank (Obsolete)</customfieldname>
                        <customfieldvalues>
                            <customfieldvalue>48570</customfieldvalue>
                        </customfieldvalues>
                    </customfield>
                                                                                                                                                                                                                                                                                                                            <customfield id="customfield_12310222" key="com.atlassian.jira.ext.charting:timeinstatus">
                        <customfieldname>Time in Status</customfieldname>
                        <customfieldvalues>
                            
                        </customfieldvalues>
                    </customfield>
                                                                                                                        </customfields>
    </item>
</channel>
</rss>