<!-- 
RSS generated by JIRA (6.3.4#6332-sha1:51bc225ef474afe3128b2f66878477f322397b16) at Sat Dec 03 22:26:05 UTC 2016

It is possible to restrict the fields that are returned in this document by specifying the 'field' parameter in your request.
For example, to request only the issue key and summary add field=key&field=summary to the URL of your request.
For example:
https://issues.apache.org/jira/si/jira.issueviews:issue-xml/HIVE-4949/HIVE-4949.xml?field=key&amp;field=summary
-->
<rss version="0.92" >
<channel>
    <title>ASF JIRA</title>
    <link>https://issues.apache.org/jira</link>
    <description>This file is an XML representation of an issue</description>
    <language>en-uk</language>    <build-info>
        <version>6.3.4</version>
        <build-number>6332</build-number>
        <build-date>15-08-2014</build-date>
    </build-info>

<item>
            <title>[HIVE-4949] ant test -Dtestcase cannot execute some tests</title>
                <link>https://issues.apache.org/jira/browse/HIVE-4949</link>
                <project id="12310843" key="HIVE">Hive</project>
                    <description>&lt;p&gt;The following&lt;/p&gt;
&lt;div class=&quot;preformatted panel&quot; style=&quot;border-width: 1px;&quot;&gt;&lt;div class=&quot;preformattedContent panelContent&quot;&gt;
&lt;pre&gt;$ ant test -Dtestcase=TestHadoop20SAuthBridge
&lt;/pre&gt;
&lt;/div&gt;&lt;/div&gt;
&lt;p&gt;does not execute a test.&lt;/p&gt;</description>
                <environment></environment>
        <key id="12660287">HIVE-4949</key>
            <summary>ant test -Dtestcase cannot execute some tests</summary>
                <type id="1" iconUrl="https://issues.apache.org/jira/images/icons/issuetypes/bug.png">Bug</type>
                                            <priority id="3" iconUrl="https://issues.apache.org/jira/images/icons/priorities/major.png">Major</priority>
                        <status id="5" iconUrl="https://issues.apache.org/jira/images/icons/statuses/resolved.png" description="A resolution has been taken, and it is awaiting verification by reporter. From here issues are either reopened, or are closed.">Resolved</status>
                    <statusCategory id="3" key="done" colorName="green"/>
                                    <resolution id="3">Duplicate</resolution>
                                        <assignee username="-1">Unassigned</assignee>
                                    <reporter username="brocknoland">Brock Noland</reporter>
                        <labels>
                    </labels>
                <created>Sun, 28 Jul 2013 16:22:04 +0000</created>
                <updated>Mon, 19 Aug 2013 15:28:50 +0000</updated>
                            <resolved>Mon, 19 Aug 2013 15:28:50 +0000</resolved>
                                                                        <due></due>
                            <votes>0</votes>
                                    <watches>2</watches>
                                                                <comments>
                            <comment id="13728111" author="yhuai" created="Fri, 2 Aug 2013 21:01:34 +0000"  >&lt;p&gt;TestHadoop20SAuthBridge has a compile error. But the test will continue regardless this error. This test will not be tested and you cannot see it in test report. I am trying to make the build stops when compile error happens (&lt;a href=&quot;https://issues.apache.org/jira/browse/HIVE-4979&quot; title=&quot;If any compiling error exists, test-shims should stop&quot; class=&quot;issue-link&quot; data-issue-key=&quot;HIVE-4979&quot;&gt;HIVE-4979&lt;/a&gt;). Then &lt;a href=&quot;https://issues.apache.org/jira/browse/HIVE-4980&quot; title=&quot;Fix the compiling error in TestHadoop20SAuthBridge&quot; class=&quot;issue-link&quot; data-issue-key=&quot;HIVE-4980&quot;&gt;&lt;del&gt;HIVE-4980&lt;/del&gt;&lt;/a&gt; will fix the compile error.&lt;/p&gt;</comment>
                            <comment id="13743855" author="yhuai" created="Mon, 19 Aug 2013 14:36:08 +0000"  >&lt;p&gt;&lt;a href=&quot;https://issues.apache.org/jira/browse/HIVE-4980&quot; title=&quot;Fix the compiling error in TestHadoop20SAuthBridge&quot; class=&quot;issue-link&quot; data-issue-key=&quot;HIVE-4980&quot;&gt;&lt;del&gt;HIVE-4980&lt;/del&gt;&lt;/a&gt; has fixed the compile error in TestHadoop20SAuthBridge. We can see it in the testreport, e.g. &lt;a href=&quot;https://builds.apache.org/job/Hive-trunk-h0.21/2275/testReport/org.apache.hadoop.hive.thrift/&quot; class=&quot;external-link&quot; rel=&quot;nofollow&quot;&gt;https://builds.apache.org/job/Hive-trunk-h0.21/2275/testReport/org.apache.hadoop.hive.thrift/&lt;/a&gt;&lt;/p&gt;

&lt;p&gt;Shall we resolve this jira?&lt;/p&gt;

&lt;p&gt;btw, I still cannot fix &lt;a href=&quot;https://issues.apache.org/jira/browse/HIVE-4979&quot; title=&quot;If any compiling error exists, test-shims should stop&quot; class=&quot;issue-link&quot; data-issue-key=&quot;HIVE-4979&quot;&gt;HIVE-4979&lt;/a&gt; with a small change...&lt;/p&gt;</comment>
                            <comment id="13743889" author="brocknoland" created="Mon, 19 Aug 2013 15:14:48 +0000"  >&lt;p&gt;I&apos;d love to see this one resolved. Do you want to take it up?&lt;/p&gt;</comment>
                            <comment id="13743901" author="yhuai" created="Mon, 19 Aug 2013 15:28:50 +0000"  >&lt;p&gt;TestHadoop20SAuthBridge was not tested because there was a compile error which was reported in &lt;a href=&quot;https://issues.apache.org/jira/browse/HIVE-4976&quot; title=&quot;TestHadoop20SAuthBridge needs to be updated after HIVE-3255&quot; class=&quot;issue-link&quot; data-issue-key=&quot;HIVE-4976&quot;&gt;HIVE-4976&lt;/a&gt;. &lt;a href=&quot;https://issues.apache.org/jira/browse/HIVE-4980&quot; title=&quot;Fix the compiling error in TestHadoop20SAuthBridge&quot; class=&quot;issue-link&quot; data-issue-key=&quot;HIVE-4980&quot;&gt;&lt;del&gt;HIVE-4980&lt;/del&gt;&lt;/a&gt; has fixed the compile error. I am resolving this jira as &quot;Duplicate&quot;.&lt;/p&gt;</comment>
                    </comments>
                <issuelinks>
                            <issuelinktype id="12310000">
                    <name>Duplicate</name>
                                            <outwardlinks description="duplicates">
                                        <issuelink>
            <issuekey id="12661255">HIVE-4980</issuekey>
        </issuelink>
                            </outwardlinks>
                                                        </issuelinktype>
                            <issuelinktype id="10030">
                    <name>Reference</name>
                                            <outwardlinks description="relates to">
                                        <issuelink>
            <issuekey id="12661200">HIVE-4976</issuekey>
        </issuelink>
                            </outwardlinks>
                                                        </issuelinktype>
                            <issuelinktype id="10001">
                    <name>dependent</name>
                                                                <inwardlinks description="is depended upon by">
                                        <issuelink>
            <issuekey id="12659966">HIVE-4941</issuekey>
        </issuelink>
                            </inwardlinks>
                                    </issuelinktype>
                    </issuelinks>
                <attachments>
                    </attachments>
                <subtasks>
                    </subtasks>
                <customfields>
                                                <customfield id="customfield_12310310" key="com.atlassian.jira.toolkit:attachments">
                        <customfieldname>Attachment count</customfieldname>
                        <customfieldvalues>
                            <customfieldvalue>0.0</customfieldvalue>
                        </customfieldvalues>
                    </customfield>
                                                                                                                                                                                                                                                                                                                                                                                                                                                                                                                                <customfield id="customfield_12310220" key="com.atlassian.jira.ext.charting:firstresponsedate">
                        <customfieldname>Date of First Response</customfieldname>
                        <customfieldvalues>
                            <customfieldvalue>Fri, 2 Aug 2013 21:01:34 +0000</customfieldvalue>

                        </customfieldvalues>
                    </customfield>
                                                                                                                                                                                                                                                                                                                                                                                                                                            <customfield id="customfield_12310420" key="com.pyxis.greenhopper.jira:gh-global-rank">
                        <customfieldname>Global Rank</customfieldname>
                        <customfieldvalues>
                            <customfieldvalue>340479</customfieldvalue>
                        </customfieldvalues>
                    </customfield>
                                                                                                                                                    <customfield id="customfield_12312521" key="com.atlassian.jira.toolkit:LastCommentDate">
                        <customfieldname>Last public comment date</customfieldname>
                        <customfieldvalues>
                            3 years, 15 weeks, 5 days ago
                        </customfieldvalues>
                    </customfield>
                                                                                            <customfield id="customfield_12311820" key="com.pyxis.greenhopper.jira:gh-lexo-rank">
                        <customfieldname>Rank</customfieldname>
                        <customfieldvalues>
                            <customfieldvalue>0|i1mq1j:</customfieldvalue>

                        </customfieldvalues>
                    </customfield>
                                                                <customfield id="customfield_12310920" key="com.pyxis.greenhopper.jira:gh-global-rank">
                        <customfieldname>Rank (Obsolete)</customfieldname>
                        <customfieldvalues>
                            <customfieldvalue>340797</customfieldvalue>
                        </customfieldvalues>
                    </customfield>
                                                                                                                                                                                                                                                                                                                            <customfield id="customfield_12310222" key="com.atlassian.jira.ext.charting:timeinstatus">
                        <customfieldname>Time in Status</customfieldname>
                        <customfieldvalues>
                            
                        </customfieldvalues>
                    </customfield>
                                                                                                                        </customfields>
    </item>
</channel>
</rss>