<!-- 
RSS generated by JIRA (6.3.4#6332-sha1:51bc225ef474afe3128b2f66878477f322397b16) at Sat Dec 03 23:52:55 UTC 2016

It is possible to restrict the fields that are returned in this document by specifying the 'field' parameter in your request.
For example, to request only the issue key and summary add field=key&field=summary to the URL of your request.
For example:
https://issues.apache.org/jira/si/jira.issueviews:issue-xml/HIVE-11977/HIVE-11977.xml?field=key&amp;field=summary
-->
<rss version="0.92" >
<channel>
    <title>ASF JIRA</title>
    <link>https://issues.apache.org/jira</link>
    <description>This file is an XML representation of an issue</description>
    <language>en-uk</language>    <build-info>
        <version>6.3.4</version>
        <build-number>6332</build-number>
        <build-date>15-08-2014</build-date>
    </build-info>

<item>
            <title>[HIVE-11977] Hive should handle an external avro table with zero length files present</title>
                <link>https://issues.apache.org/jira/browse/HIVE-11977</link>
                <project id="12310843" key="HIVE">Hive</project>
                    <description>&lt;p&gt;If a zero length file is in the top level directory housing an external avro table,  all hive queries on the table fail.&lt;/p&gt;

&lt;p&gt;This issue is that org.apache.hadoop.hive.ql.io.avro.AvroGenericRecordReader creates a new org.apache.avro.file.DataFileReader and DataFileReader throws an exception when trying to read an empty file (because the empty file lacks the magic number marking it as avro).  &lt;/p&gt;

&lt;p&gt;AvroGenericRecordReader should detect an empty file and then behave reasonably.&lt;/p&gt;

&lt;p&gt;Caused by: java.io.IOException: Not a data file.&lt;br/&gt;
at org.apache.avro.file.DataFileStream.initialize(DataFileStream.java:102)&lt;br/&gt;
at org.apache.avro.file.DataFileReader.&amp;lt;init&amp;gt;(DataFileReader.java:97)&lt;br/&gt;
at org.apache.hadoop.hive.ql.io.avro.AvroGenericRecordReader.&amp;lt;init&amp;gt;(AvroGenericRecordReader.java:81)&lt;br/&gt;
at org.apache.hadoop.hive.ql.io.avro.AvroContainerInputFormat.getRecordReader(AvroContainerInputFormat.java:51)&lt;br/&gt;
at org.apache.hadoop.hive.ql.io.HiveInputFormat.getRecordReader(HiveInputFormat.java:246)&lt;br/&gt;
... 25 more&lt;/p&gt;</description>
                <environment></environment>
        <key id="12901102">HIVE-11977</key>
            <summary>Hive should handle an external avro table with zero length files present</summary>
                <type id="1" iconUrl="https://issues.apache.org/jira/images/icons/issuetypes/bug.png">Bug</type>
                                            <priority id="3" iconUrl="https://issues.apache.org/jira/images/icons/priorities/major.png">Major</priority>
                        <status id="6" iconUrl="https://issues.apache.org/jira/images/icons/statuses/closed.png" description="The issue is considered finished, the resolution is correct. Issues which are closed can be reopened.">Closed</status>
                    <statusCategory id="3" key="done" colorName="green"/>
                                    <resolution id="1">Fixed</resolution>
                                        <assignee username="dossett@gmail.com">Aaron Dossett</assignee>
                                    <reporter username="dossett@gmail.com">Aaron Dossett</reporter>
                        <labels>
                    </labels>
                <created>Mon, 28 Sep 2015 18:25:52 +0000</created>
                <updated>Tue, 16 Feb 2016 23:51:55 +0000</updated>
                            <resolved>Wed, 7 Oct 2015 16:26:00 +0000</resolved>
                                    <version>0.14.0</version>
                    <version>1.0.0</version>
                    <version>1.2.0</version>
                    <version>1.1.0</version>
                    <version>1.2.1</version>
                                    <fixVersion>2.0.0</fixVersion>
                                    <component>Serializers/Deserializers</component>
                        <due></due>
                            <votes>0</votes>
                                    <watches>5</watches>
                                                                <comments>
                            <comment id="14933731" author="dossett@gmail.com" created="Mon, 28 Sep 2015 18:29:03 +0000"  >&lt;p&gt;Uploading my first take at a fix.  I am working on adding appropriate unit / integration tests, but any feedback would be welcome in the meantime.&lt;/p&gt;</comment>
                            <comment id="14936101" author="hiveqa" created="Tue, 29 Sep 2015 23:36:23 +0000"  >

&lt;p&gt;&lt;font color=&quot;red&quot;&gt;Overall&lt;/font&gt;: -1 no tests executed&lt;/p&gt;

&lt;p&gt;Here are the results of testing the latest attachment:&lt;br/&gt;
&lt;a href=&quot;https://issues.apache.org/jira/secure/attachment/12764065/HIVE-11977.patch&quot; class=&quot;external-link&quot; rel=&quot;nofollow&quot;&gt;https://issues.apache.org/jira/secure/attachment/12764065/HIVE-11977.patch&lt;/a&gt;&lt;/p&gt;

&lt;p&gt;Test results: &lt;a href=&quot;http://ec2-174-129-184-35.compute-1.amazonaws.com/jenkins/job/PreCommit-HIVE-TRUNK-Build/5462/testReport&quot; class=&quot;external-link&quot; rel=&quot;nofollow&quot;&gt;http://ec2-174-129-184-35.compute-1.amazonaws.com/jenkins/job/PreCommit-HIVE-TRUNK-Build/5462/testReport&lt;/a&gt;&lt;br/&gt;
Console output: &lt;a href=&quot;http://ec2-174-129-184-35.compute-1.amazonaws.com/jenkins/job/PreCommit-HIVE-TRUNK-Build/5462/console&quot; class=&quot;external-link&quot; rel=&quot;nofollow&quot;&gt;http://ec2-174-129-184-35.compute-1.amazonaws.com/jenkins/job/PreCommit-HIVE-TRUNK-Build/5462/console&lt;/a&gt;&lt;br/&gt;
Test logs: &lt;a href=&quot;http://ec2-174-129-184-35.compute-1.amazonaws.com/logs/PreCommit-HIVE-TRUNK-Build-5462/&quot; class=&quot;external-link&quot; rel=&quot;nofollow&quot;&gt;http://ec2-174-129-184-35.compute-1.amazonaws.com/logs/PreCommit-HIVE-TRUNK-Build-5462/&lt;/a&gt;&lt;/p&gt;

&lt;p&gt;Messages:&lt;/p&gt;
&lt;div class=&quot;preformatted panel&quot; style=&quot;border-width: 1px;&quot;&gt;&lt;div class=&quot;preformattedContent panelContent&quot;&gt;
&lt;pre&gt;Executing org.apache.hive.ptest.execution.PrepPhase
Tests exited with: NonZeroExitCodeException
Command &apos;bash /data/hive-ptest/working/scratch/source-prep.sh&apos; failed with exit status 1 and output &apos;+ [[ -n /usr/java/jdk1.7.0_45-cloudera ]]
+ export JAVA_HOME=/usr/java/jdk1.7.0_45-cloudera
+ JAVA_HOME=/usr/java/jdk1.7.0_45-cloudera
+ export PATH=/usr/java/jdk1.7.0_45-cloudera/bin/:/usr/local/apache-maven-3.0.5/bin:/usr/java/jdk1.7.0_45-cloudera/bin:/usr/local/apache-ant-1.9.1/bin:/usr/local/bin:/bin:/usr/bin:/usr/local/sbin:/usr/sbin:/sbin:/home/hiveptest/bin
+ PATH=/usr/java/jdk1.7.0_45-cloudera/bin/:/usr/local/apache-maven-3.0.5/bin:/usr/java/jdk1.7.0_45-cloudera/bin:/usr/local/apache-ant-1.9.1/bin:/usr/local/bin:/bin:/usr/bin:/usr/local/sbin:/usr/sbin:/sbin:/home/hiveptest/bin
+ export &apos;ANT_OPTS=-Xmx1g -XX:MaxPermSize=256m &apos;
+ ANT_OPTS=&apos;-Xmx1g -XX:MaxPermSize=256m &apos;
+ export &apos;M2_OPTS=-Xmx1g -XX:MaxPermSize=256m -Dhttp.proxyHost=localhost -Dhttp.proxyPort=3128&apos;
+ M2_OPTS=&apos;-Xmx1g -XX:MaxPermSize=256m -Dhttp.proxyHost=localhost -Dhttp.proxyPort=3128&apos;
+ cd /data/hive-ptest/working/
+ tee /data/hive-ptest/logs/PreCommit-HIVE-TRUNK-Build-5462/source-prep.txt
+ [[ false == \t\r\u\e ]]
+ mkdir -p maven ivy
+ [[ git = \s\v\n ]]
+ [[ git = \g\i\t ]]
+ [[ -z master ]]
+ [[ -d apache-github-source-source ]]
+ [[ ! -d apache-github-source-source/.git ]]
+ [[ ! -d apache-github-source-source ]]
+ cd apache-github-source-source
+ git fetch origin
From https://github.com/apache/hive
   dc130f0..1636292  branch-1   -&amp;gt; origin/branch-1
   a5ffa71..6a8d7e4  master     -&amp;gt; origin/master
+ git reset --hard HEAD
HEAD is now at a5ffa71 HIVE-11724 : WebHcat get jobs to order jobs on time order with latest at top (Kiran Kumar Kolli, reviewed by Hari Subramaniyan)
+ git clean -f -d
Removing ql/src/java/org/apache/hadoop/hive/ql/optimizer/calcite/HiveHepPlannerContext.java
Removing ql/src/java/org/apache/hadoop/hive/ql/optimizer/calcite/HiveVolcanoPlannerContext.java
Removing ql/src/java/org/apache/hadoop/hive/ql/optimizer/calcite/rules/HiveRulesRegistry.java
+ git checkout master
Already on &apos;master&apos;
Your branch is behind &apos;origin/master&apos; by 3 commits, and can be fast-forwarded.
+ git reset --hard origin/master
HEAD is now at 6a8d7e4 HIVE-11819 : HiveServer2 catches OOMs on request threads (Sergey Shelukhin, reviewed by Vaibhav Gumashta)
+ git merge --ff-only origin/master
Already up-to-date.
+ git gc
+ patchCommandPath=/data/hive-ptest/working/scratch/smart-apply-patch.sh
+ patchFilePath=/data/hive-ptest/working/scratch/build.patch
+ [[ -f /data/hive-ptest/working/scratch/build.patch ]]
+ chmod +x /data/hive-ptest/working/scratch/smart-apply-patch.sh
+ /data/hive-ptest/working/scratch/smart-apply-patch.sh /data/hive-ptest/working/scratch/build.patch
patch: **** malformed patch at line 34: @@ -146,7 +156,7 @@ private boolean pathIsInPartition(Path split, String partitionPath) {

patch: **** malformed patch at line 34: @@ -146,7 +156,7 @@ private boolean pathIsInPartition(Path split, String partitionPath) {

patch: **** malformed patch at line 34: @@ -146,7 +156,7 @@ private boolean pathIsInPartition(Path split, String partitionPath) {

The patch does not appear to apply with p0, p1, or p2
+ exit 1
&apos;
&lt;/pre&gt;
&lt;/div&gt;&lt;/div&gt;

&lt;p&gt;This message is automatically generated.&lt;/p&gt;

&lt;p&gt;ATTACHMENT ID: 12764065 - PreCommit-HIVE-TRUNK-Build&lt;/p&gt;</comment>
                            <comment id="14936249" author="dossett@gmail.com" created="Wed, 30 Sep 2015 02:06:54 +0000"  >&lt;p&gt;Attached a second patch that includes a unit test and better patch formatting&lt;/p&gt;</comment>
                            <comment id="14941548" author="ashutoshc" created="Fri, 2 Oct 2015 18:42:15 +0000"  >&lt;p&gt;Thanks for patch &lt;a href=&quot;https://issues.apache.org/jira/secure/ViewProfile.jspa?name=dossett&quot; class=&quot;user-hover&quot; rel=&quot;dossett&quot;&gt;Aaron Dossett&lt;/a&gt; &lt;br/&gt;
A 0-length file is an invalid Avro file, as in Avro&apos;s &lt;tt&gt;DataFileWriter&lt;/tt&gt; will always write MAGIC header for version. Thats the reason &lt;tt&gt;DataFileReader&lt;/tt&gt; expects it and throws up when it doesn&apos;t get one.&lt;br/&gt;
It seems these 0 length files got there because of some faulty generator process. Isn&apos;t it better to just not generate those 0 length files. Or, alternatively, delete these faulty files.&lt;/p&gt;</comment>
                            <comment id="14941603" author="dossett@gmail.com" created="Fri, 2 Oct 2015 19:21:37 +0000"  >&lt;p&gt;&lt;a href=&quot;https://issues.apache.org/jira/secure/ViewProfile.jspa?name=ashutoshc&quot; class=&quot;user-hover&quot; rel=&quot;ashutoshc&quot;&gt;Ashutosh Chauhan&lt;/a&gt; Thank you for your response! My thought is that any process for generating this data could have failure scenarios that result in zero length files, this was the case when I initially ran into this issue.  A file was opened on HDFS and &quot;held&quot; as zero length file before data was written to it, and it crashed before any data could be written.  The consequences of these cases, that the entire table is unreadable (based on my experience), seems disproportionate to the actual problem.  Likewise, a process deleting empty files could expose small windows where the table was unusable.&lt;/p&gt;

&lt;p&gt;Would adding a warning and/or adding an option like &lt;tt&gt;hive.exec.orc.skip.corrupt.data&lt;/tt&gt; be more appropriate than silently ignoring the files?  This is my first foray into Hive internals, so perhaps that orc option is not an exact comparison to this situation, but as a user it seems similar.&lt;/p&gt;

&lt;p&gt;Thank you again for the response and your feedback!&lt;/p&gt;</comment>
                            <comment id="14941648" author="ashutoshc" created="Fri, 2 Oct 2015 19:50:01 +0000"  >&lt;p&gt;If I understand correctly, reason you are suggesting is Reader should be resilient to such invalid files, If so, I think better place to skip such files is Avro&apos;s native reader itself. &lt;br/&gt;
That way all of Avro user gets advantage of this, not just Hive. e.g, If you read that data directly (i.e., outside of Hive) than this fix will again be needed.&lt;/p&gt;</comment>
                            <comment id="14941665" author="dossett@gmail.com" created="Fri, 2 Oct 2015 20:02:20 +0000"  >&lt;p&gt;Thanks, &lt;a href=&quot;https://issues.apache.org/jira/secure/ViewProfile.jspa?name=ashutoshc&quot; class=&quot;user-hover&quot; rel=&quot;ashutoshc&quot;&gt;Ashutosh Chauhan&lt;/a&gt;, I checked the Avro JIRA based on your suggestion.  The Avro project declined that option in &lt;a href=&quot;https://issues.apache.org/jira/browse/AVRO-1530&quot; title=&quot;Java DataFileStream does not allow distinguishing between empty files and corrupt files&quot; class=&quot;issue-link&quot; data-issue-key=&quot;AVRO-1530&quot;&gt;&lt;del&gt;AVRO-1530&lt;/del&gt;&lt;/a&gt; and suggested clients ignore zero length files.  That also led me to &lt;a href=&quot;https://issues.apache.org/jira/browse/HIVE-7316&quot; title=&quot;Hive fails on zero length files&quot; class=&quot;issue-link&quot; data-issue-key=&quot;HIVE-7316&quot;&gt;&lt;del&gt;HIVE-7316&lt;/del&gt;&lt;/a&gt;, which my issue duplicates.&lt;/p&gt;

&lt;p&gt;&lt;a href=&quot;https://issues.apache.org/jira/secure/ViewProfile.jspa?name=brocknoland&quot; class=&quot;user-hover&quot; rel=&quot;brocknoland&quot;&gt;Brock Noland&lt;/a&gt; Your thoughts, since you are on both of the above JIRAs?&lt;/p&gt;</comment>
                            <comment id="14945460" author="ashutoshc" created="Tue, 6 Oct 2015 17:57:46 +0000"  >&lt;p&gt;Alas, its unfortunate that Avro project chose to inflict pain on their users, instead of making their reader robust. I am fine with having this fix in Hive. &lt;br/&gt;
Btw, have you tested this on cluster? Also,  you need to name your patch as per &lt;a href=&quot;https://cwiki.apache.org/confluence/display/Hive/Hive+PreCommit+Patch+Testing&quot; class=&quot;external-link&quot; rel=&quot;nofollow&quot;&gt;https://cwiki.apache.org/confluence/display/Hive/Hive+PreCommit+Patch+Testing&lt;/a&gt; to trigger QA run and then making status as &quot;Patch Available&quot;&lt;/p&gt;</comment>
                            <comment id="14945487" author="dossett@gmail.com" created="Tue, 6 Oct 2015 18:09:25 +0000"  >&lt;p&gt;Thank you all around, &lt;a href=&quot;https://issues.apache.org/jira/secure/ViewProfile.jspa?name=ashutoshc&quot; class=&quot;user-hover&quot; rel=&quot;ashutoshc&quot;&gt;Ashutosh Chauhan&lt;/a&gt;!  Yes, I have tested this on local clusters and we are planning to deploy it to production next week as well.  I will resubmit my patch, thank you for that pointer&lt;/p&gt;</comment>
                            <comment id="14946093" author="hiveqa" created="Wed, 7 Oct 2015 00:57:30 +0000"  >

&lt;p&gt;&lt;font color=&quot;red&quot;&gt;Overall&lt;/font&gt;: -1 at least one tests failed&lt;/p&gt;

&lt;p&gt;Here are the results of testing the latest attachment:&lt;br/&gt;
&lt;a href=&quot;https://issues.apache.org/jira/secure/attachment/12765213/HIVE-11977.2.patch&quot; class=&quot;external-link&quot; rel=&quot;nofollow&quot;&gt;https://issues.apache.org/jira/secure/attachment/12765213/HIVE-11977.2.patch&lt;/a&gt;&lt;/p&gt;

&lt;p&gt;&lt;font color=&quot;green&quot;&gt;SUCCESS:&lt;/font&gt; +1 due to 1 test(s) being added or modified.&lt;/p&gt;

&lt;p&gt;&lt;font color=&quot;red&quot;&gt;ERROR:&lt;/font&gt; -1 due to 3 failed/errored test(s), 9651 tests executed&lt;br/&gt;
&lt;b&gt;Failed tests:&lt;/b&gt;&lt;/p&gt;
&lt;div class=&quot;preformatted panel&quot; style=&quot;border-width: 1px;&quot;&gt;&lt;div class=&quot;preformattedContent panelContent&quot;&gt;
&lt;pre&gt;org.apache.hive.hcatalog.api.TestHCatClient.testTableSchemaPropagation
org.apache.hive.hcatalog.hbase.TestPigHBaseStorageHandler.org.apache.hive.hcatalog.hbase.TestPigHBaseStorageHandler
org.apache.hive.jdbc.TestSSL.testSSLVersion
&lt;/pre&gt;
&lt;/div&gt;&lt;/div&gt;

&lt;p&gt;Test results: &lt;a href=&quot;http://ec2-174-129-184-35.compute-1.amazonaws.com/jenkins/job/PreCommit-HIVE-TRUNK-Build/5551/testReport&quot; class=&quot;external-link&quot; rel=&quot;nofollow&quot;&gt;http://ec2-174-129-184-35.compute-1.amazonaws.com/jenkins/job/PreCommit-HIVE-TRUNK-Build/5551/testReport&lt;/a&gt;&lt;br/&gt;
Console output: &lt;a href=&quot;http://ec2-174-129-184-35.compute-1.amazonaws.com/jenkins/job/PreCommit-HIVE-TRUNK-Build/5551/console&quot; class=&quot;external-link&quot; rel=&quot;nofollow&quot;&gt;http://ec2-174-129-184-35.compute-1.amazonaws.com/jenkins/job/PreCommit-HIVE-TRUNK-Build/5551/console&lt;/a&gt;&lt;br/&gt;
Test logs: &lt;a href=&quot;http://ec2-174-129-184-35.compute-1.amazonaws.com/logs/PreCommit-HIVE-TRUNK-Build-5551/&quot; class=&quot;external-link&quot; rel=&quot;nofollow&quot;&gt;http://ec2-174-129-184-35.compute-1.amazonaws.com/logs/PreCommit-HIVE-TRUNK-Build-5551/&lt;/a&gt;&lt;/p&gt;

&lt;p&gt;Messages:&lt;/p&gt;
&lt;div class=&quot;preformatted panel&quot; style=&quot;border-width: 1px;&quot;&gt;&lt;div class=&quot;preformattedContent panelContent&quot;&gt;
&lt;pre&gt;Executing org.apache.hive.ptest.execution.TestCheckPhase
Executing org.apache.hive.ptest.execution.PrepPhase
Executing org.apache.hive.ptest.execution.ExecutionPhase
Executing org.apache.hive.ptest.execution.ReportingPhase
Tests exited with: TestsFailedException: 3 tests failed
&lt;/pre&gt;
&lt;/div&gt;&lt;/div&gt;

&lt;p&gt;This message is automatically generated.&lt;/p&gt;

&lt;p&gt;ATTACHMENT ID: 12765213 - PreCommit-HIVE-TRUNK-Build&lt;/p&gt;</comment>
                            <comment id="14946396" author="ashutoshc" created="Wed, 7 Oct 2015 07:08:33 +0000"  >&lt;p&gt;+1&lt;/p&gt;</comment>
                            <comment id="14947146" author="ashutoshc" created="Wed, 7 Oct 2015 16:26:01 +0000"  >&lt;p&gt;Pushed to master. Thanks, Aaron!&lt;/p&gt;</comment>
                            <comment id="15001506" author="sershe" created="Thu, 12 Nov 2015 02:12:09 +0000"  >&lt;p&gt;Should this issue be backported to branch-1? It looks like a bug.&lt;/p&gt;</comment>
                            <comment id="15025457" author="brocknoland" created="Tue, 24 Nov 2015 21:31:13 +0000"  >&lt;p&gt;&lt;a href=&quot;https://issues.apache.org/jira/secure/ViewProfile.jspa?name=dossett&quot; class=&quot;user-hover&quot; rel=&quot;dossett&quot;&gt;Aaron Dossett&lt;/a&gt; Sorry, I just saw this ping! I moved my mail account and had not yet configured my rules appropiately. This patch looks good! Nice work&lt;/p&gt;


&lt;p&gt;&lt;a href=&quot;https://issues.apache.org/jira/secure/ViewProfile.jspa?name=sershe&quot; class=&quot;user-hover&quot; rel=&quot;sershe&quot;&gt;Sergey Shelukhin&lt;/a&gt; - agreed, it&apos;d be great to see this in 1.x.&lt;/p&gt;</comment>
                    </comments>
                <issuelinks>
                            <issuelinktype id="12310000">
                    <name>Duplicate</name>
                                            <outwardlinks description="duplicates">
                                        <issuelink>
            <issuekey id="12724541">HIVE-7316</issuekey>
        </issuelink>
                            </outwardlinks>
                                                        </issuelinktype>
                            <issuelinktype id="10030">
                    <name>Reference</name>
                                            <outwardlinks description="relates to">
                                        <issuelink>
            <issuekey id="12919839">HIVE-12607</issuekey>
        </issuelink>
            <issuelink>
            <issuekey id="12723199">AVRO-1530</issuekey>
        </issuelink>
                            </outwardlinks>
                                                        </issuelinktype>
                    </issuelinks>
                <attachments>
                            <attachment id="12765213" name="HIVE-11977.2.patch" size="4353" author="dossett@gmail.com" created="Tue, 6 Oct 2015 18:13:01 +0000"/>
                            <attachment id="12764065" name="HIVE-11977.patch" size="2043" author="dossett@gmail.com" created="Mon, 28 Sep 2015 18:30:58 +0000"/>
                    </attachments>
                <subtasks>
                    </subtasks>
                <customfields>
                                                <customfield id="customfield_12310310" key="com.atlassian.jira.toolkit:attachments">
                        <customfieldname>Attachment count</customfieldname>
                        <customfieldvalues>
                            <customfieldvalue>2.0</customfieldvalue>
                        </customfieldvalues>
                    </customfield>
                                                                                                                                                                                                                                                                                                                                                                                                                                                                                                                                <customfield id="customfield_12310220" key="com.atlassian.jira.ext.charting:firstresponsedate">
                        <customfieldname>Date of First Response</customfieldname>
                        <customfieldvalues>
                            <customfieldvalue>Tue, 29 Sep 2015 23:36:23 +0000</customfieldvalue>

                        </customfieldvalues>
                    </customfield>
                                                                                                                                                                                                                                                                                                                                                                                                                                            <customfield id="customfield_12310420" key="com.pyxis.greenhopper.jira:gh-global-rank">
                        <customfieldname>Global Rank</customfieldname>
                        <customfieldvalues>
                            <customfieldvalue>9223372036854775807</customfieldvalue>
                        </customfieldvalues>
                    </customfield>
                                                                                                                                                    <customfield id="customfield_12312521" key="com.atlassian.jira.toolkit:LastCommentDate">
                        <customfieldname>Last public comment date</customfieldname>
                        <customfieldvalues>
                            1 year, 1 week, 4 days ago
                        </customfieldvalues>
                    </customfield>
                                                                                            <customfield id="customfield_12311820" key="com.pyxis.greenhopper.jira:gh-lexo-rank">
                        <customfieldname>Rank</customfieldname>
                        <customfieldvalues>
                            <customfieldvalue>0|i2mdcn:</customfieldvalue>

                        </customfieldvalues>
                    </customfield>
                                                                <customfield id="customfield_12310920" key="com.pyxis.greenhopper.jira:gh-global-rank">
                        <customfieldname>Rank (Obsolete)</customfieldname>
                        <customfieldvalues>
                            <customfieldvalue>9223372036854775807</customfieldvalue>
                        </customfieldvalues>
                    </customfield>
                                                                                                                                                                                                                                                                    <customfield id="customfield_12310320" key="com.atlassian.jira.plugin.system.customfieldtypes:multiversion">
                        <customfieldname>Target Version/s</customfieldname>
                        <customfieldvalues>
                                <customfieldvalue>12332154</customfieldvalue>
    
                        </customfieldvalues>
                    </customfield>
                                                                                            <customfield id="customfield_12310222" key="com.atlassian.jira.ext.charting:timeinstatus">
                        <customfieldname>Time in Status</customfieldname>
                        <customfieldvalues>
                            
                        </customfieldvalues>
                    </customfield>
                                                                                                                        </customfields>
    </item>
</channel>
</rss>