<!-- 
RSS generated by JIRA (6.3.4#6332-sha1:51bc225ef474afe3128b2f66878477f322397b16) at Sat Dec 03 22:30:35 UTC 2016

It is possible to restrict the fields that are returned in this document by specifying the 'field' parameter in your request.
For example, to request only the issue key and summary add field=key&field=summary to the URL of your request.
For example:
https://issues.apache.org/jira/si/jira.issueviews:issue-xml/HIVE-11036/HIVE-11036.xml?field=key&amp;field=summary
-->
<rss version="0.92" >
<channel>
    <title>ASF JIRA</title>
    <link>https://issues.apache.org/jira</link>
    <description>This file is an XML representation of an issue</description>
    <language>en-uk</language>    <build-info>
        <version>6.3.4</version>
        <build-number>6332</build-number>
        <build-date>15-08-2014</build-date>
    </build-info>

<item>
            <title>[HIVE-11036] Race condition in DataNucleus makes Metastore to hang</title>
                <link>https://issues.apache.org/jira/browse/HIVE-11036</link>
                <project id="12310843" key="HIVE">Hive</project>
                    <description>&lt;p&gt;Under moderate to high concurrent query workload Metastore gets deadlocked in DataNucleus&lt;/p&gt;</description>
                <environment></environment>
        <key id="12838580">HIVE-11036</key>
            <summary>Race condition in DataNucleus makes Metastore to hang</summary>
                <type id="1" iconUrl="https://issues.apache.org/jira/images/icons/issuetypes/bug.png">Bug</type>
                                            <priority id="3" iconUrl="https://issues.apache.org/jira/images/icons/priorities/major.png">Major</priority>
                        <status id="5" iconUrl="https://issues.apache.org/jira/images/icons/statuses/resolved.png" description="A resolution has been taken, and it is awaiting verification by reporter. From here issues are either reopened, or are closed.">Resolved</status>
                    <statusCategory id="3" key="done" colorName="green"/>
                                    <resolution id="3">Duplicate</resolution>
                                        <assignee username="ashutoshc">Ashutosh Chauhan</assignee>
                                    <reporter username="taksaito">Takahiko Saito</reporter>
                        <labels>
                    </labels>
                <created>Wed, 17 Jun 2015 20:34:47 +0000</created>
                <updated>Mon, 16 Nov 2015 19:56:02 +0000</updated>
                            <resolved>Mon, 16 Nov 2015 19:56:02 +0000</resolved>
                                    <version>0.14.0</version>
                    <version>1.0.0</version>
                    <version>1.2.0</version>
                    <version>1.1.0</version>
                                                    <component>Metastore</component>
                        <due></due>
                            <votes>0</votes>
                                    <watches>3</watches>
                                                                <comments>
                            <comment id="14590532" author="ashutoshc" created="Wed, 17 Jun 2015 20:35:42 +0000"  >&lt;p&gt;For stack trace see: &lt;a href=&quot;http://www.datanucleus.org/servlet/jira/browse/NUCRDBMS-837&quot; class=&quot;external-link&quot; rel=&quot;nofollow&quot;&gt;http://www.datanucleus.org/servlet/jira/browse/NUCRDBMS-837&lt;/a&gt;&lt;br/&gt;
This has been fixed in : &lt;a href=&quot;http://www.datanucleus.org/servlet/jira/browse/NUCRDBMS-887&quot; class=&quot;external-link&quot; rel=&quot;nofollow&quot;&gt;http://www.datanucleus.org/servlet/jira/browse/NUCRDBMS-887&lt;/a&gt;&lt;/p&gt;</comment>
                            <comment id="14590538" author="ashutoshc" created="Wed, 17 Jun 2015 20:38:40 +0000"  >&lt;p&gt;I am preparing a patch to upgrade DN to 4.x line, will post that soon.&lt;/p&gt;</comment>
                            <comment id="14591199" author="hiveqa" created="Thu, 18 Jun 2015 03:54:06 +0000"  >

&lt;p&gt;&lt;font color=&quot;red&quot;&gt;Overall&lt;/font&gt;: -1 no tests executed&lt;/p&gt;

&lt;p&gt;Here are the results of testing the latest attachment:&lt;br/&gt;
&lt;a href=&quot;https://issues.apache.org/jira/secure/attachment/12740218/HIVE-11036.patch&quot; class=&quot;external-link&quot; rel=&quot;nofollow&quot;&gt;https://issues.apache.org/jira/secure/attachment/12740218/HIVE-11036.patch&lt;/a&gt;&lt;/p&gt;

&lt;p&gt;Test results: &lt;a href=&quot;http://ec2-174-129-184-35.compute-1.amazonaws.com/jenkins/job/PreCommit-HIVE-TRUNK-Build/4295/testReport&quot; class=&quot;external-link&quot; rel=&quot;nofollow&quot;&gt;http://ec2-174-129-184-35.compute-1.amazonaws.com/jenkins/job/PreCommit-HIVE-TRUNK-Build/4295/testReport&lt;/a&gt;&lt;br/&gt;
Console output: &lt;a href=&quot;http://ec2-174-129-184-35.compute-1.amazonaws.com/jenkins/job/PreCommit-HIVE-TRUNK-Build/4295/console&quot; class=&quot;external-link&quot; rel=&quot;nofollow&quot;&gt;http://ec2-174-129-184-35.compute-1.amazonaws.com/jenkins/job/PreCommit-HIVE-TRUNK-Build/4295/console&lt;/a&gt;&lt;br/&gt;
Test logs: &lt;a href=&quot;http://ec2-174-129-184-35.compute-1.amazonaws.com/logs/PreCommit-HIVE-TRUNK-Build-4295/&quot; class=&quot;external-link&quot; rel=&quot;nofollow&quot;&gt;http://ec2-174-129-184-35.compute-1.amazonaws.com/logs/PreCommit-HIVE-TRUNK-Build-4295/&lt;/a&gt;&lt;/p&gt;

&lt;p&gt;Messages:&lt;/p&gt;
&lt;div class=&quot;preformatted panel&quot; style=&quot;border-width: 1px;&quot;&gt;&lt;div class=&quot;preformattedContent panelContent&quot;&gt;
&lt;pre&gt;**** This message was trimmed, see log for full details ****
    [mkdir] Created dir: /data/hive-ptest/working/apache-github-source-source/hcatalog/target/tmp
    [mkdir] Created dir: /data/hive-ptest/working/apache-github-source-source/hcatalog/target/warehouse
    [mkdir] Created dir: /data/hive-ptest/working/apache-github-source-source/hcatalog/target/tmp/conf
     [copy] Copying 11 files to /data/hive-ptest/working/apache-github-source-source/hcatalog/target/tmp/conf
[INFO] Executed tasks
[INFO] 
[INFO] --- maven-site-plugin:3.3:attach-descriptor (attach-descriptor) @ hive-hcatalog ---
[INFO] 
[INFO] --- maven-install-plugin:2.4:install (default-install) @ hive-hcatalog ---
[INFO] Installing /data/hive-ptest/working/apache-github-source-source/hcatalog/pom.xml to /home/hiveptest/.m2/repository/org/apache/hive/hcatalog/hive-hcatalog/2.0.0-SNAPSHOT/hive-hcatalog-2.0.0-SNAPSHOT.pom
[INFO]                                                                         
[INFO] ------------------------------------------------------------------------
[INFO] Building Hive HCatalog Core 2.0.0-SNAPSHOT
[INFO] ------------------------------------------------------------------------
[INFO] 
[INFO] --- maven-clean-plugin:2.5:clean (default-clean) @ hive-hcatalog-core ---
[INFO] Deleting /data/hive-ptest/working/apache-github-source-source/hcatalog/core/target
[INFO] Deleting /data/hive-ptest/working/apache-github-source-source/hcatalog/core (includes = [datanucleus.log, derby.log], excludes = [])
[INFO] 
[INFO] --- maven-enforcer-plugin:1.3.1:enforce (enforce-no-snapshots) @ hive-hcatalog-core ---
[INFO] 
[INFO] --- maven-remote-resources-plugin:1.5:process (default) @ hive-hcatalog-core ---
[INFO] 
[INFO] --- maven-resources-plugin:2.6:resources (default-resources) @ hive-hcatalog-core ---
[INFO] Using &apos;UTF-8&apos; encoding to copy filtered resources.
[INFO] skip non existing resourceDirectory /data/hive-ptest/working/apache-github-source-source/hcatalog/core/src/main/resources
[INFO] Copying 3 resources
[INFO] 
[INFO] --- maven-antrun-plugin:1.7:run (define-classpath) @ hive-hcatalog-core ---
[INFO] Executing tasks

main:
[INFO] Executed tasks
[INFO] 
[INFO] --- maven-compiler-plugin:3.1:compile (default-compile) @ hive-hcatalog-core ---
[INFO] Compiling 79 source files to /data/hive-ptest/working/apache-github-source-source/hcatalog/core/target/classes
[WARNING] /data/hive-ptest/working/apache-github-source-source/hcatalog/core/src/main/java/org/apache/hive/hcatalog/mapreduce/InternalUtil.java: Some input files use or override a deprecated API.
[WARNING] /data/hive-ptest/working/apache-github-source-source/hcatalog/core/src/main/java/org/apache/hive/hcatalog/mapreduce/InternalUtil.java: Recompile with -Xlint:deprecation for details.
[WARNING] /data/hive-ptest/working/apache-github-source-source/hcatalog/core/src/main/java/org/apache/hive/hcatalog/mapreduce/HCatBaseInputFormat.java: Some input files use unchecked or unsafe operations.
[WARNING] /data/hive-ptest/working/apache-github-source-source/hcatalog/core/src/main/java/org/apache/hive/hcatalog/mapreduce/HCatBaseInputFormat.java: Recompile with -Xlint:unchecked for details.
[INFO] 
[INFO] --- maven-resources-plugin:2.6:testResources (default-testResources) @ hive-hcatalog-core ---
[INFO] Using &apos;UTF-8&apos; encoding to copy filtered resources.
[INFO] skip non existing resourceDirectory /data/hive-ptest/working/apache-github-source-source/hcatalog/core/src/test/resources
[INFO] Copying 3 resources
[INFO] 
[INFO] --- maven-antrun-plugin:1.7:run (setup-test-dirs) @ hive-hcatalog-core ---
[INFO] Executing tasks

main:
    [mkdir] Created dir: /data/hive-ptest/working/apache-github-source-source/hcatalog/core/target/tmp
    [mkdir] Created dir: /data/hive-ptest/working/apache-github-source-source/hcatalog/core/target/warehouse
    [mkdir] Created dir: /data/hive-ptest/working/apache-github-source-source/hcatalog/core/target/tmp/conf
     [copy] Copying 11 files to /data/hive-ptest/working/apache-github-source-source/hcatalog/core/target/tmp/conf
[INFO] Executed tasks
[INFO] 
[INFO] --- maven-compiler-plugin:3.1:testCompile (default-testCompile) @ hive-hcatalog-core ---
[INFO] Compiling 38 source files to /data/hive-ptest/working/apache-github-source-source/hcatalog/core/target/test-classes
[WARNING] /data/hive-ptest/working/apache-github-source-source/hcatalog/core/src/test/java/org/apache/hive/hcatalog/mapreduce/TestHCatPartitioned.java: Some input files use or override a deprecated API.
[WARNING] /data/hive-ptest/working/apache-github-source-source/hcatalog/core/src/test/java/org/apache/hive/hcatalog/mapreduce/TestHCatPartitioned.java: Recompile with -Xlint:deprecation for details.
[INFO] 
[INFO] --- maven-surefire-plugin:2.16:test (default-test) @ hive-hcatalog-core ---
[INFO] Tests are skipped.
[INFO] 
[INFO] --- maven-jar-plugin:2.2:jar (default-jar) @ hive-hcatalog-core ---
[INFO] Building jar: /data/hive-ptest/working/apache-github-source-source/hcatalog/core/target/hive-hcatalog-core-2.0.0-SNAPSHOT.jar
[INFO] 
[INFO] --- maven-site-plugin:3.3:attach-descriptor (attach-descriptor) @ hive-hcatalog-core ---
[INFO] 
[INFO] --- maven-jar-plugin:2.2:test-jar (default) @ hive-hcatalog-core ---
[INFO] Building jar: /data/hive-ptest/working/apache-github-source-source/hcatalog/core/target/hive-hcatalog-core-2.0.0-SNAPSHOT-tests.jar
[INFO] 
[INFO] --- maven-install-plugin:2.4:install (default-install) @ hive-hcatalog-core ---
[INFO] Installing /data/hive-ptest/working/apache-github-source-source/hcatalog/core/target/hive-hcatalog-core-2.0.0-SNAPSHOT.jar to /home/hiveptest/.m2/repository/org/apache/hive/hcatalog/hive-hcatalog-core/2.0.0-SNAPSHOT/hive-hcatalog-core-2.0.0-SNAPSHOT.jar
[INFO] Installing /data/hive-ptest/working/apache-github-source-source/hcatalog/core/pom.xml to /home/hiveptest/.m2/repository/org/apache/hive/hcatalog/hive-hcatalog-core/2.0.0-SNAPSHOT/hive-hcatalog-core-2.0.0-SNAPSHOT.pom
[INFO] Installing /data/hive-ptest/working/apache-github-source-source/hcatalog/core/target/hive-hcatalog-core-2.0.0-SNAPSHOT-tests.jar to /home/hiveptest/.m2/repository/org/apache/hive/hcatalog/hive-hcatalog-core/2.0.0-SNAPSHOT/hive-hcatalog-core-2.0.0-SNAPSHOT-tests.jar
[INFO]                                                                         
[INFO] ------------------------------------------------------------------------
[INFO] Building Hive HCatalog Pig Adapter 2.0.0-SNAPSHOT
[INFO] ------------------------------------------------------------------------
[INFO] 
[INFO] --- maven-clean-plugin:2.5:clean (default-clean) @ hive-hcatalog-pig-adapter ---
[INFO] Deleting /data/hive-ptest/working/apache-github-source-source/hcatalog/hcatalog-pig-adapter/target
[INFO] Deleting /data/hive-ptest/working/apache-github-source-source/hcatalog/hcatalog-pig-adapter (includes = [datanucleus.log, derby.log], excludes = [])
[INFO] 
[INFO] --- maven-enforcer-plugin:1.3.1:enforce (enforce-no-snapshots) @ hive-hcatalog-pig-adapter ---
[INFO] 
[INFO] --- maven-remote-resources-plugin:1.5:process (default) @ hive-hcatalog-pig-adapter ---
[INFO] 
[INFO] --- maven-resources-plugin:2.6:resources (default-resources) @ hive-hcatalog-pig-adapter ---
[INFO] Using &apos;UTF-8&apos; encoding to copy filtered resources.
[INFO] skip non existing resourceDirectory /data/hive-ptest/working/apache-github-source-source/hcatalog/hcatalog-pig-adapter/src/main/resources
[INFO] Copying 3 resources
[INFO] 
[INFO] --- maven-antrun-plugin:1.7:run (define-classpath) @ hive-hcatalog-pig-adapter ---
[INFO] Executing tasks

main:
[INFO] Executed tasks
[INFO] 
[INFO] --- maven-compiler-plugin:3.1:compile (default-compile) @ hive-hcatalog-pig-adapter ---
[INFO] Compiling 5 source files to /data/hive-ptest/working/apache-github-source-source/hcatalog/hcatalog-pig-adapter/target/classes
[WARNING] /data/hive-ptest/working/apache-github-source-source/hcatalog/hcatalog-pig-adapter/src/main/java/org/apache/hive/hcatalog/pig/HCatLoader.java: Some input files use or override a deprecated API.
[WARNING] /data/hive-ptest/working/apache-github-source-source/hcatalog/hcatalog-pig-adapter/src/main/java/org/apache/hive/hcatalog/pig/HCatLoader.java: Recompile with -Xlint:deprecation for details.
[WARNING] /data/hive-ptest/working/apache-github-source-source/hcatalog/hcatalog-pig-adapter/src/main/java/org/apache/hive/hcatalog/pig/HCatBaseStorer.java: /data/hive-ptest/working/apache-github-source-source/hcatalog/hcatalog-pig-adapter/src/main/java/org/apache/hive/hcatalog/pig/HCatBaseStorer.java uses unchecked or unsafe operations.
[WARNING] /data/hive-ptest/working/apache-github-source-source/hcatalog/hcatalog-pig-adapter/src/main/java/org/apache/hive/hcatalog/pig/HCatBaseStorer.java: Recompile with -Xlint:unchecked for details.
[INFO] 
[INFO] --- maven-resources-plugin:2.6:testResources (default-testResources) @ hive-hcatalog-pig-adapter ---
[INFO] Using &apos;UTF-8&apos; encoding to copy filtered resources.
[INFO] skip non existing resourceDirectory /data/hive-ptest/working/apache-github-source-source/hcatalog/hcatalog-pig-adapter/src/test/resources
[INFO] Copying 3 resources
[INFO] 
[INFO] --- maven-antrun-plugin:1.7:run (setup-test-dirs) @ hive-hcatalog-pig-adapter ---
[INFO] Executing tasks

main:
    [mkdir] Created dir: /data/hive-ptest/working/apache-github-source-source/hcatalog/hcatalog-pig-adapter/target/tmp
    [mkdir] Created dir: /data/hive-ptest/working/apache-github-source-source/hcatalog/hcatalog-pig-adapter/target/warehouse
    [mkdir] Created dir: /data/hive-ptest/working/apache-github-source-source/hcatalog/hcatalog-pig-adapter/target/tmp/conf
     [copy] Copying 11 files to /data/hive-ptest/working/apache-github-source-source/hcatalog/hcatalog-pig-adapter/target/tmp/conf
[INFO] Executed tasks
[INFO] 
[INFO] --- maven-compiler-plugin:3.1:testCompile (default-testCompile) @ hive-hcatalog-pig-adapter ---
[INFO] Compiling 13 source files to /data/hive-ptest/working/apache-github-source-source/hcatalog/hcatalog-pig-adapter/target/test-classes
[WARNING] /data/hive-ptest/working/apache-github-source-source/hcatalog/hcatalog-pig-adapter/src/test/java/org/apache/hive/hcatalog/pig/TestPigHCatUtil.java: /data/hive-ptest/working/apache-github-source-source/hcatalog/hcatalog-pig-adapter/src/test/java/org/apache/hive/hcatalog/pig/TestPigHCatUtil.java uses or overrides a deprecated API.
[WARNING] /data/hive-ptest/working/apache-github-source-source/hcatalog/hcatalog-pig-adapter/src/test/java/org/apache/hive/hcatalog/pig/TestPigHCatUtil.java: Recompile with -Xlint:deprecation for details.
[INFO] 
[INFO] --- maven-surefire-plugin:2.16:test (default-test) @ hive-hcatalog-pig-adapter ---
[INFO] Tests are skipped.
[INFO] 
[INFO] --- maven-jar-plugin:2.2:jar (default-jar) @ hive-hcatalog-pig-adapter ---
[INFO] Building jar: /data/hive-ptest/working/apache-github-source-source/hcatalog/hcatalog-pig-adapter/target/hive-hcatalog-pig-adapter-2.0.0-SNAPSHOT.jar
[INFO] 
[INFO] --- maven-site-plugin:3.3:attach-descriptor (attach-descriptor) @ hive-hcatalog-pig-adapter ---
[INFO] 
[INFO] --- maven-install-plugin:2.4:install (default-install) @ hive-hcatalog-pig-adapter ---
[INFO] Installing /data/hive-ptest/working/apache-github-source-source/hcatalog/hcatalog-pig-adapter/target/hive-hcatalog-pig-adapter-2.0.0-SNAPSHOT.jar to /home/hiveptest/.m2/repository/org/apache/hive/hcatalog/hive-hcatalog-pig-adapter/2.0.0-SNAPSHOT/hive-hcatalog-pig-adapter-2.0.0-SNAPSHOT.jar
[INFO] Installing /data/hive-ptest/working/apache-github-source-source/hcatalog/hcatalog-pig-adapter/pom.xml to /home/hiveptest/.m2/repository/org/apache/hive/hcatalog/hive-hcatalog-pig-adapter/2.0.0-SNAPSHOT/hive-hcatalog-pig-adapter-2.0.0-SNAPSHOT.pom
[INFO]                                                                         
[INFO] ------------------------------------------------------------------------
[INFO] Building Hive HCatalog Server Extensions 2.0.0-SNAPSHOT
[INFO] ------------------------------------------------------------------------
Downloading: http://repo.maven.apache.org/maven2/javax/jms/jms/1.1/jms-1.1.pom
                              
Downloaded: http://repo.maven.apache.org/maven2/javax/jms/jms/1.1/jms-1.1.pom (0 B at 0.0 KB/sec)
Downloading: http://repo.maven.apache.org/maven2/javax/jms/jms/1.1/jms-1.1.jar
                              
[INFO] ------------------------------------------------------------------------
[INFO] Reactor Summary:
[INFO] 
[INFO] Hive .............................................. SUCCESS [16.522s]
[INFO] Hive Shims Common ................................. SUCCESS [13.063s]
[INFO] Hive Shims 0.20S .................................. SUCCESS [3.211s]
[INFO] Hive Shims 0.23 ................................... SUCCESS [11.942s]
[INFO] Hive Shims Scheduler .............................. SUCCESS [2.041s]
[INFO] Hive Shims ........................................ SUCCESS [2.861s]
[INFO] Hive Common ....................................... SUCCESS [17.626s]
[INFO] Hive Serde ........................................ SUCCESS [18.683s]
[INFO] Hive Metastore .................................... SUCCESS [40.897s]
[INFO] Hive Ant Utilities ................................ SUCCESS [2.245s]
[INFO] Spark Remote Client ............................... SUCCESS [22.496s]
[INFO] Hive Query Language ............................... SUCCESS [2:53.731s]
[INFO] Hive Service ...................................... SUCCESS [9.172s]
[INFO] Hive Accumulo Handler ............................. SUCCESS [6.880s]
[INFO] Hive JDBC ......................................... SUCCESS [17.779s]
[INFO] Hive Beeline ...................................... SUCCESS [3.707s]
[INFO] Hive CLI .......................................... SUCCESS [3.082s]
[INFO] Hive Contrib ...................................... SUCCESS [2.615s]
[INFO] Hive HBase Handler ................................ SUCCESS [7.629s]
[INFO] Hive HCatalog ..................................... SUCCESS [0.801s]
[INFO] Hive HCatalog Core ................................ SUCCESS [2.774s]
[INFO] Hive HCatalog Pig Adapter ......................... SUCCESS [3.258s]
[INFO] Hive HCatalog Server Extensions ................... FAILURE [0.418s]
[INFO] Hive HCatalog Webhcat Java Client ................. SKIPPED
[INFO] Hive HCatalog Webhcat ............................. SKIPPED
[INFO] Hive HCatalog Streaming ........................... SKIPPED
[INFO] Hive HWI .......................................... SKIPPED
[INFO] Hive ODBC ......................................... SKIPPED
[INFO] Hive Shims Aggregator ............................. SKIPPED
[INFO] Hive TestUtils .................................... SKIPPED
[INFO] Hive Packaging .................................... SKIPPED
[INFO] ------------------------------------------------------------------------
[INFO] BUILD FAILURE
[INFO] ------------------------------------------------------------------------
[INFO] Total time: 6:26.259s
[INFO] Finished at: Wed Jun 17 23:54:03 EDT 2015
[INFO] Final Memory: 207M/764M
[INFO] ------------------------------------------------------------------------
[ERROR] Failed to execute goal on project hive-hcatalog-server-extensions: Could not resolve dependencies for project org.apache.hive.hcatalog:hive-hcatalog-server-extensions:jar:2.0.0-SNAPSHOT: Could not find artifact javax.jms:jms:jar:1.1 in central (http://repo.maven.apache.org/maven2) -&amp;gt; [Help 1]
[ERROR] 
[ERROR] To see the full stack trace of the errors, re-run Maven with the -e switch.
[ERROR] Re-run Maven using the -X switch to enable full debug logging.
[ERROR] 
[ERROR] For more information about the errors and possible solutions, please read the following articles:
[ERROR] [Help 1] http://cwiki.apache.org/confluence/display/MAVEN/DependencyResolutionException
[ERROR] 
[ERROR] After correcting the problems, you can resume the build with the command
[ERROR]   mvn &amp;lt;goals&amp;gt; -rf :hive-hcatalog-server-extensions
+ exit 1
&apos;
&lt;/pre&gt;
&lt;/div&gt;&lt;/div&gt;

&lt;p&gt;This message is automatically generated.&lt;/p&gt;

&lt;p&gt;ATTACHMENT ID: 12740218 - PreCommit-HIVE-TRUNK-Build&lt;/p&gt;</comment>
                            <comment id="15007212" author="ashutoshc" created="Mon, 16 Nov 2015 19:56:02 +0000"  >&lt;p&gt;Marking this as duplicate, since &lt;a href=&quot;https://issues.apache.org/jira/browse/HIVE-6113&quot; title=&quot;Upgrade DataNucleus [was: Unable to instantiate org.apache.hadoop.hive.metastore.HiveMetaStoreClient]&quot; class=&quot;issue-link&quot; data-issue-key=&quot;HIVE-6113&quot;&gt;&lt;del&gt;HIVE-6113&lt;/del&gt;&lt;/a&gt; has more discussion.&lt;/p&gt;</comment>
                    </comments>
                <issuelinks>
                            <issuelinktype id="12310000">
                    <name>Duplicate</name>
                                                                <inwardlinks description="is duplicated by">
                                        <issuelink>
            <issuekey id="12686504">HIVE-6113</issuekey>
        </issuelink>
                            </inwardlinks>
                                    </issuelinktype>
                    </issuelinks>
                <attachments>
                            <attachment id="12740218" name="HIVE-11036.patch" size="5770" author="ashutoshc" created="Wed, 17 Jun 2015 21:39:15 +0000"/>
                    </attachments>
                <subtasks>
                    </subtasks>
                <customfields>
                                                <customfield id="customfield_12310310" key="com.atlassian.jira.toolkit:attachments">
                        <customfieldname>Attachment count</customfieldname>
                        <customfieldvalues>
                            <customfieldvalue>1.0</customfieldvalue>
                        </customfieldvalues>
                    </customfield>
                                                                                                                                                                                                                                                                                                                                                                                                                                                                                                                                <customfield id="customfield_12310220" key="com.atlassian.jira.ext.charting:firstresponsedate">
                        <customfieldname>Date of First Response</customfieldname>
                        <customfieldvalues>
                            <customfieldvalue>Wed, 17 Jun 2015 20:35:42 +0000</customfieldvalue>

                        </customfieldvalues>
                    </customfield>
                                                                                                                                                                                                                                                                                                                                                                                                                                            <customfield id="customfield_12310420" key="com.pyxis.greenhopper.jira:gh-global-rank">
                        <customfieldname>Global Rank</customfieldname>
                        <customfieldvalues>
                            <customfieldvalue>9223372036854775807</customfieldvalue>
                        </customfieldvalues>
                    </customfield>
                                                                                                                                                    <customfield id="customfield_12312521" key="com.atlassian.jira.toolkit:LastCommentDate">
                        <customfieldname>Last public comment date</customfieldname>
                        <customfieldvalues>
                            1 year, 2 weeks, 5 days ago
                        </customfieldvalues>
                    </customfield>
                                                                                            <customfield id="customfield_12311820" key="com.pyxis.greenhopper.jira:gh-lexo-rank">
                        <customfieldname>Rank</customfieldname>
                        <customfieldvalues>
                            <customfieldvalue>0|i2g68n:</customfieldvalue>

                        </customfieldvalues>
                    </customfield>
                                                                <customfield id="customfield_12310920" key="com.pyxis.greenhopper.jira:gh-global-rank">
                        <customfieldname>Rank (Obsolete)</customfieldname>
                        <customfieldvalues>
                            <customfieldvalue>9223372036854775807</customfieldvalue>
                        </customfieldvalues>
                    </customfield>
                                                                                                                                                                                                                                                                                                                            <customfield id="customfield_12310222" key="com.atlassian.jira.ext.charting:timeinstatus">
                        <customfieldname>Time in Status</customfieldname>
                        <customfieldvalues>
                            
                        </customfieldvalues>
                    </customfield>
                                                                                                                        </customfields>
    </item>
</channel>
</rss>