<!-- 
RSS generated by JIRA (6.3.4#6332-sha1:51bc225ef474afe3128b2f66878477f322397b16) at Sun Dec 04 00:19:56 UTC 2016

It is possible to restrict the fields that are returned in this document by specifying the 'field' parameter in your request.
For example, to request only the issue key and summary add field=key&field=summary to the URL of your request.
For example:
https://issues.apache.org/jira/si/jira.issueviews:issue-xml/TEZ-2629/TEZ-2629.xml?field=key&amp;field=summary
-->
<rss version="0.92" >
<channel>
    <title>ASF JIRA</title>
    <link>https://issues.apache.org/jira</link>
    <description>This file is an XML representation of an issue</description>
    <language>en-uk</language>    <build-info>
        <version>6.3.4</version>
        <build-number>6332</build-number>
        <build-date>15-08-2014</build-date>
    </build-info>

<item>
            <title>[TEZ-2629] LimitExceededException in Tez client when DAG has exceeds the default max counters</title>
                <link>https://issues.apache.org/jira/browse/TEZ-2629</link>
                <project id="12314426" key="TEZ">Apache Tez</project>
                    <description>&lt;p&gt;Original issue was &lt;a href=&quot;https://issues.apache.org/jira/browse/HIVE-11303&quot; title=&quot;Getting Tez LimitExceededException after dag execution on large query&quot; class=&quot;issue-link&quot; data-issue-key=&quot;HIVE-11303&quot;&gt;&lt;del&gt;HIVE-11303&lt;/del&gt;&lt;/a&gt;, seeing LimitExceededException when the client tries to get the counters for a completed job:&lt;/p&gt;

&lt;div class=&quot;preformatted panel&quot; style=&quot;border-width: 1px;&quot;&gt;&lt;div class=&quot;preformattedContent panelContent&quot;&gt;
&lt;pre&gt;2015-07-17 18:18:11,830 INFO  [main]: counters.Limits (Limits.java:ensureInitialized(59)) - Counter limits initialized with parameters:  GROUP_NAME_MAX=256, MAX_GROUPS=500, COUNTER_NAME_MAX=64, MAX_COUNTERS=1200
2015-07-17 18:18:11,841 ERROR [main]: exec.Task (TezTask.java:execute(189)) - Failed to execute tez graph.
org.apache.tez.common.counters.LimitExceededException: Too many counters: 1201 max=1200
        at org.apache.tez.common.counters.Limits.checkCounters(Limits.java:87)
        at org.apache.tez.common.counters.Limits.incrCounters(Limits.java:94)
        at org.apache.tez.common.counters.AbstractCounterGroup.addCounter(AbstractCounterGroup.java:76)
        at org.apache.tez.common.counters.AbstractCounterGroup.addCounterImpl(AbstractCounterGroup.java:93)
        at org.apache.tez.common.counters.AbstractCounterGroup.findCounter(AbstractCounterGroup.java:104)
        at org.apache.tez.dag.api.DagTypeConverters.convertTezCountersFromProto(DagTypeConverters.java:567)
        at org.apache.tez.dag.api.client.DAGStatus.getDAGCounters(DAGStatus.java:148)
        at org.apache.hadoop.hive.ql.exec.tez.TezTask.execute(TezTask.java:175)
        at org.apache.hadoop.hive.ql.exec.Task.executeTask(Task.java:160)
        at org.apache.hadoop.hive.ql.exec.TaskRunner.runSequential(TaskRunner.java:89)
        at org.apache.hadoop.hive.ql.Driver.launchTask(Driver.java:1673)
        at org.apache.hadoop.hive.ql.Driver.execute(Driver.java:1432)
        at org.apache.hadoop.hive.ql.Driver.runInternal(Driver.java:1213)
        at org.apache.hadoop.hive.ql.Driver.run(Driver.java:1064)
        at org.apache.hadoop.hive.ql.Driver.run(Driver.java:1054)
        at org.apache.hadoop.hive.cli.CliDriver.processLocalCmd(CliDriver.java:213)
        at org.apache.hadoop.hive.cli.CliDriver.processCmd(CliDriver.java:165)
        at org.apache.hadoop.hive.cli.CliDriver.processLine(CliDriver.java:376)
        at org.apache.hadoop.hive.cli.CliDriver.processLine(CliDriver.java:311)
        at org.apache.hadoop.hive.cli.CliDriver.processReader(CliDriver.java:409)
        at org.apache.hadoop.hive.cli.CliDriver.processFile(CliDriver.java:425)
        at org.apache.hadoop.hive.cli.CliDriver.executeDriver(CliDriver.java:714)
        at org.apache.hadoop.hive.cli.CliDriver.run(CliDriver.java:681)
        at org.apache.hadoop.hive.cli.CliDriver.main(CliDriver.java:621)
        at sun.reflect.NativeMethodAccessorImpl.invoke0(Native Method)
        at sun.reflect.NativeMethodAccessorImpl.invoke(NativeMethodAccessorImpl.java:62)
        at sun.reflect.DelegatingMethodAccessorImpl.invoke(DelegatingMethodAccessorImpl.java:43)
        at java.lang.reflect.Method.invoke(Method.java:497)
        at org.apache.hadoop.util.RunJar.run(RunJar.java:221)
        at org.apache.hadoop.util.RunJar.main(RunJar.java:136)
&lt;/pre&gt;
&lt;/div&gt;&lt;/div&gt;

&lt;p&gt;It looks like Limits.ensureInitialized() is defaulting to an empty configuration, resulting in COUNTERS_MAX being set to the default of 1200 (even though Hive&apos;s configuration specified tez.counters.max=16000).&lt;/p&gt;

&lt;p&gt;Per &lt;a href=&quot;https://issues.apache.org/jira/secure/ViewProfile.jspa?name=sseth&quot; class=&quot;user-hover&quot; rel=&quot;sseth&quot;&gt;Siddharth Seth&lt;/a&gt;:&lt;/p&gt;
&lt;blockquote&gt;
&lt;p&gt;I think the Tez client does need to make this call to setup the Configuration correctly. We do this for the AM and the executing task - which is why it works. Could you please open a Tez jira for this ?&lt;br/&gt;
Also, Limits is making use of Configuration instead of TezConfiguration for default initialization, which implies changes to tez-site on the local node won&apos;t be picked up.&lt;/p&gt;&lt;/blockquote&gt;</description>
                <environment></environment>
        <key id="12846414">TEZ-2629</key>
            <summary>LimitExceededException in Tez client when DAG has exceeds the default max counters</summary>
                <type id="1" iconUrl="https://issues.apache.org/jira/images/icons/issuetypes/bug.png">Bug</type>
                                            <priority id="3" iconUrl="https://issues.apache.org/jira/images/icons/priorities/major.png">Major</priority>
                        <status id="6" iconUrl="https://issues.apache.org/jira/images/icons/statuses/closed.png" description="The issue is considered finished, the resolution is correct. Issues which are closed can be reopened.">Closed</status>
                    <statusCategory id="3" key="done" colorName="green"/>
                                    <resolution id="1">Fixed</resolution>
                                        <assignee username="sseth">Siddharth Seth</assignee>
                                    <reporter username="jdere">Jason Dere</reporter>
                        <labels>
                    </labels>
                <created>Tue, 21 Jul 2015 00:51:03 +0000</created>
                <updated>Tue, 1 Sep 2015 21:31:07 +0000</updated>
                            <resolved>Thu, 20 Aug 2015 18:46:56 +0000</resolved>
                                    <version>0.5.0</version>
                    <version>0.6.0</version>
                    <version>0.7.0</version>
                                    <fixVersion>0.8.0-alpha</fixVersion>
                    <fixVersion>0.7.1</fixVersion>
                    <fixVersion>0.5.5</fixVersion>
                    <fixVersion>0.6.3</fixVersion>
                                        <due></due>
                            <votes>0</votes>
                                    <watches>4</watches>
                                                                <comments>
                            <comment id="14694196" author="sseth" created="Wed, 12 Aug 2015 21:24:17 +0000"  >&lt;p&gt;Patch to set Limits on the client side. This gets messy when multiple clients are created within the same JVM - since Limits sets this up only once.&lt;/p&gt;

&lt;p&gt;&lt;a href=&quot;https://issues.apache.org/jira/secure/ViewProfile.jspa?name=hitesh&quot; class=&quot;user-hover&quot; rel=&quot;hitesh&quot;&gt;Hitesh Shah&lt;/a&gt; - please review.&lt;/p&gt;</comment>
                            <comment id="14694412" author="tezqa" created="Wed, 12 Aug 2015 23:37:28 +0000"  >&lt;p&gt;&lt;font color=&quot;green&quot;&gt;+1 overall&lt;/font&gt;.  Here are the results of testing the latest attachment&lt;br/&gt;
  &lt;a href=&quot;http://issues.apache.org/jira/secure/attachment/12750162/TEZ-2629.1.txt&quot; class=&quot;external-link&quot; rel=&quot;nofollow&quot;&gt;http://issues.apache.org/jira/secure/attachment/12750162/TEZ-2629.1.txt&lt;/a&gt;&lt;br/&gt;
  against master revision 0bb3445.&lt;/p&gt;

&lt;p&gt;    &lt;font color=&quot;green&quot;&gt;+1 @author&lt;/font&gt;.  The patch does not contain any @author tags.&lt;/p&gt;

&lt;p&gt;    &lt;font color=&quot;green&quot;&gt;+1 tests included&lt;/font&gt;.  The patch appears to include 1 new or modified test files.&lt;/p&gt;

&lt;p&gt;    &lt;font color=&quot;green&quot;&gt;+1 javac&lt;/font&gt;.  The applied patch does not increase the total number of javac compiler warnings.&lt;/p&gt;

&lt;p&gt;    &lt;font color=&quot;green&quot;&gt;+1 javadoc&lt;/font&gt;.  There were no new javadoc warning messages.&lt;/p&gt;

&lt;p&gt;    &lt;font color=&quot;green&quot;&gt;+1 findbugs&lt;/font&gt;.  The patch does not introduce any new Findbugs (version 3.0.1) warnings.&lt;/p&gt;

&lt;p&gt;    &lt;font color=&quot;green&quot;&gt;+1 release audit&lt;/font&gt;.  The applied patch does not increase the total number of release audit warnings.&lt;/p&gt;

&lt;p&gt;    &lt;font color=&quot;green&quot;&gt;+1 core tests&lt;/font&gt;.  The patch passed unit tests in .&lt;/p&gt;

&lt;p&gt;Test results: &lt;a href=&quot;https://builds.apache.org/job/PreCommit-TEZ-Build/982//testReport/&quot; class=&quot;external-link&quot; rel=&quot;nofollow&quot;&gt;https://builds.apache.org/job/PreCommit-TEZ-Build/982//testReport/&lt;/a&gt;&lt;br/&gt;
Console output: &lt;a href=&quot;https://builds.apache.org/job/PreCommit-TEZ-Build/982//console&quot; class=&quot;external-link&quot; rel=&quot;nofollow&quot;&gt;https://builds.apache.org/job/PreCommit-TEZ-Build/982//console&lt;/a&gt;&lt;/p&gt;

&lt;p&gt;This message is automatically generated.&lt;/p&gt;</comment>
                            <comment id="14702207" author="hitesh" created="Wed, 19 Aug 2015 00:12:02 +0000"  >&lt;p&gt;+1&lt;/p&gt;</comment>
                            <comment id="14705531" author="sseth" created="Thu, 20 Aug 2015 18:41:30 +0000"  >&lt;p&gt;Additional patches for different branches.&lt;/p&gt;

&lt;p&gt;Thanks for the review. Committing.&lt;/p&gt;</comment>
                    </comments>
                <issuelinks>
                            <issuelinktype id="12310000">
                    <name>Duplicate</name>
                                                                <inwardlinks description="is duplicated by">
                                        <issuelink>
            <issuekey id="12846413">HIVE-11324</issuekey>
        </issuelink>
                            </inwardlinks>
                                    </issuelinktype>
                            <issuelinktype id="10030">
                    <name>Reference</name>
                                            <outwardlinks description="relates to">
                                        <issuelink>
            <issuekey id="12846042">HIVE-11303</issuekey>
        </issuelink>
                            </outwardlinks>
                                                        </issuelinktype>
                    </issuelinks>
                <attachments>
                            <attachment id="12750162" name="TEZ-2629.1.txt" size="9739" author="sseth" created="Wed, 12 Aug 2015 21:24:17 +0000"/>
                            <attachment id="12751552" name="TEZ-2629_branch05_1.txt" size="9814" author="sseth" created="Thu, 20 Aug 2015 18:41:29 +0000"/>
                            <attachment id="12751553" name="TEZ-2629_branch06_1.txt" size="9847" author="sseth" created="Thu, 20 Aug 2015 18:41:30 +0000"/>
                            <attachment id="12751554" name="TEZ-2629_branch07_1.txt" size="9932" author="sseth" created="Thu, 20 Aug 2015 18:41:30 +0000"/>
                    </attachments>
                <subtasks>
                    </subtasks>
                <customfields>
                                                <customfield id="customfield_12310310" key="com.atlassian.jira.toolkit:attachments">
                        <customfieldname>Attachment count</customfieldname>
                        <customfieldvalues>
                            <customfieldvalue>4.0</customfieldvalue>
                        </customfieldvalues>
                    </customfield>
                                                                                                                                                                                                                                                                                                                                                                                                                                                                                                                                <customfield id="customfield_12310220" key="com.atlassian.jira.ext.charting:firstresponsedate">
                        <customfieldname>Date of First Response</customfieldname>
                        <customfieldvalues>
                            <customfieldvalue>Wed, 12 Aug 2015 21:24:17 +0000</customfieldvalue>

                        </customfieldvalues>
                    </customfield>
                                                                                                                                                                                                                                                                                                                                                                                                                                            <customfield id="customfield_12310420" key="com.pyxis.greenhopper.jira:gh-global-rank">
                        <customfieldname>Global Rank</customfieldname>
                        <customfieldvalues>
                            <customfieldvalue>9223372036854775807</customfieldvalue>
                        </customfieldvalues>
                    </customfield>
                                                                                                                                                    <customfield id="customfield_12312521" key="com.atlassian.jira.toolkit:LastCommentDate">
                        <customfieldname>Last public comment date</customfieldname>
                        <customfieldvalues>
                            1 year, 15 weeks, 2 days ago
                        </customfieldvalues>
                    </customfield>
                                                                                            <customfield id="customfield_12311820" key="com.pyxis.greenhopper.jira:gh-lexo-rank">
                        <customfieldname>Rank</customfieldname>
                        <customfieldvalues>
                            <customfieldvalue>0|i2hh3j:</customfieldvalue>

                        </customfieldvalues>
                    </customfield>
                                                                <customfield id="customfield_12310920" key="com.pyxis.greenhopper.jira:gh-global-rank">
                        <customfieldname>Rank (Obsolete)</customfieldname>
                        <customfieldvalues>
                            <customfieldvalue>9223372036854775807</customfieldvalue>
                        </customfieldvalues>
                    </customfield>
                                                                                                                                                                                                                                        <customfield id="customfield_12310320" key="com.atlassian.jira.plugin.system.customfieldtypes:multiversion">
                        <customfieldname>Target Version/s</customfieldname>
                        <customfieldvalues>
                                <customfieldvalue>12333119</customfieldvalue>
    
                        </customfieldvalues>
                    </customfield>
                                                                                            <customfield id="customfield_12310222" key="com.atlassian.jira.ext.charting:timeinstatus">
                        <customfieldname>Time in Status</customfieldname>
                        <customfieldvalues>
                            
                        </customfieldvalues>
                    </customfield>
                                                                                                                        </customfields>
    </item>
</channel>
</rss>