<!-- 
RSS generated by JIRA (6.3.4#6332-sha1:51bc225ef474afe3128b2f66878477f322397b16) at Sun Nov 20 14:40:54 UTC 2016

It is possible to restrict the fields that are returned in this document by specifying the 'field' parameter in your request.
For example, to request only the issue key and summary add field=key&field=summary to the URL of your request.
For example:
https://issues.apache.org/jira/si/jira.issueviews:issue-xml/IO-124/IO-124.xml?field=key&amp;field=summary
-->
<rss version="0.92" >
<channel>
    <title>ASF JIRA</title>
    <link>https://issues.apache.org/jira</link>
    <description>This file is an XML representation of an issue</description>
    <language>en-uk</language>    <build-info>
        <version>6.3.4</version>
        <build-number>6332</build-number>
        <build-date>15-08-2014</build-date>
    </build-info>

<item>
            <title>[IO-124] fix website permissions</title>
                <link>https://issues.apache.org/jira/browse/IO-124</link>
                <project id="12310477" key="IO">Commons IO</project>
                    <description>&lt;p&gt;&lt;a href=&quot;http://jakarta.apache.org/commons/io/api-release/index.html&quot; class=&quot;external-link&quot; rel=&quot;nofollow&quot;&gt;http://jakarta.apache.org/commons/io/api-release/index.html&lt;/a&gt;&lt;/p&gt;

&lt;p&gt;says:&lt;/p&gt;

&lt;p&gt;Forbidden&lt;/p&gt;

&lt;p&gt;You don&apos;t have permission to access /commons/io/api-release/index.html on this server.&lt;br/&gt;
Apache/2.3.0-dev (Unix) Server at jakarta.apache.org Port 80&lt;/p&gt;</description>
                <environment></environment>
        <key id="12372867">IO-124</key>
            <summary>fix website permissions</summary>
                <type id="1" iconUrl="https://issues.apache.org/jira/images/icons/issuetypes/bug.png">Bug</type>
                                            <priority id="3" iconUrl="https://issues.apache.org/jira/images/icons/priorities/major.png">Major</priority>
                        <status id="6" iconUrl="https://issues.apache.org/jira/images/icons/statuses/closed.png" description="The issue is considered finished, the resolution is correct. Issues which are closed can be reopened.">Closed</status>
                    <statusCategory id="3" key="done" colorName="green"/>
                                    <resolution id="1">Fixed</resolution>
                                        <assignee username="-1">Unassigned</assignee>
                                    <reporter username="godmar">Godmar Back</reporter>
                        <labels>
                    </labels>
                <created>Tue, 3 Jul 2007 03:41:26 +0000</created>
                <updated>Wed, 14 Mar 2012 00:21:50 +0000</updated>
                            <resolved>Tue, 3 Jul 2007 13:59:01 +0000</resolved>
                                                    <fixVersion>1.3.2</fixVersion>
                                        <due></due>
                            <votes>0</votes>
                                    <watches>0</watches>
                                                                <comments>
                            <comment id="12509769" author="jochen@apache.org" created="Tue, 3 Jul 2007 07:25:38 +0000"  >&lt;p&gt;Anybody got an explanation? I have just repeated what I already did yesterday:&lt;/p&gt;

&lt;p&gt;  &lt;span class=&quot;error&quot;&gt;&amp;#91;jochen@minotaur /www/jakarta.apache.org/commons/io&amp;#93;&lt;/span&gt;$ find . -type d -exec chmod 775 {} \;&lt;br/&gt;
  &lt;span class=&quot;error&quot;&gt;&amp;#91;jochen@minotaur /www/jakarta.apache.org/commons/io&amp;#93;&lt;/span&gt;$ find . -type f -exec chmod 664 {} \;&lt;br/&gt;
  &lt;span class=&quot;error&quot;&gt;&amp;#91;jochen@minotaur /www/jakarta.apache.org/commons/io&amp;#93;&lt;/span&gt;$ chgrp -R jakarta .&lt;/p&gt;

&lt;p&gt;No effect. Apart from that, the problem also seems to impact the site, because&lt;/p&gt;

&lt;p&gt;   &lt;a href=&quot;http://jakarta.apache.org/commons/io/&quot; class=&quot;external-link&quot; rel=&quot;nofollow&quot;&gt;http://jakarta.apache.org/commons/io/&lt;/a&gt;&lt;/p&gt;

&lt;p&gt;and&lt;/p&gt;

&lt;p&gt;  &lt;a href=&quot;http://people.apache.org/~jochen/commons-io/site/&quot; class=&quot;external-link&quot; rel=&quot;nofollow&quot;&gt;http://people.apache.org/~jochen/commons-io/site/&lt;/a&gt;&lt;/p&gt;

&lt;p&gt;look drastically different.&lt;/p&gt;
</comment>
                            <comment id="12509878" author="jochen@apache.org" created="Tue, 3 Jul 2007 13:59:01 +0000"  >&lt;p&gt;Seems there has been a syncing issue. Both URL&apos;s are now shown as expected.&lt;/p&gt;</comment>
                    </comments>
                    <attachments>
                    </attachments>
                <subtasks>
                    </subtasks>
                <customfields>
                                                <customfield id="customfield_12310310" key="com.atlassian.jira.toolkit:attachments">
                        <customfieldname>Attachment count</customfieldname>
                        <customfieldvalues>
                            <customfieldvalue>0.0</customfieldvalue>
                        </customfieldvalues>
                    </customfield>
                                                                                                                                                                                                                                                                                                                                                                                                                                                                                                                                <customfield id="customfield_12310220" key="com.atlassian.jira.ext.charting:firstresponsedate">
                        <customfieldname>Date of First Response</customfieldname>
                        <customfieldvalues>
                            <customfieldvalue>Tue, 3 Jul 2007 07:25:38 +0000</customfieldvalue>

                        </customfieldvalues>
                    </customfield>
                                                                                                                                                                                                                                                                                                                                                                                                                                            <customfield id="customfield_12310420" key="com.pyxis.greenhopper.jira:gh-global-rank">
                        <customfieldname>Global Rank</customfieldname>
                        <customfieldvalues>
                            <customfieldvalue>139569</customfieldvalue>
                        </customfieldvalues>
                    </customfield>
                                                                                                                        <customfield id="customfield_12312521" key="com.atlassian.jira.toolkit:LastCommentDate">
                        <customfieldname>Last public comment date</customfieldname>
                        <customfieldvalues>
                            9 years, 21 weeks, 5 days ago
                        </customfieldvalues>
                    </customfield>
                                                                                            <customfield id="customfield_12311820" key="com.pyxis.greenhopper.jira:gh-lexo-rank">
                        <customfieldname>Rank</customfieldname>
                        <customfieldvalues>
                            <customfieldvalue>0|i0smcf:</customfieldvalue>

                        </customfieldvalues>
                    </customfield>
                                                                <customfield id="customfield_12310920" key="com.pyxis.greenhopper.jira:gh-global-rank">
                        <customfieldname>Rank (Obsolete)</customfieldname>
                        <customfieldvalues>
                            <customfieldvalue>165097</customfieldvalue>
                        </customfieldvalues>
                    </customfield>
                                                                                                                                                                                                                                        <customfield id="customfield_12310222" key="com.atlassian.jira.ext.charting:timeinstatus">
                        <customfieldname>Time in Status</customfieldname>
                        <customfieldvalues>
                            
                        </customfieldvalues>
                    </customfield>
                                                                                                                        </customfields>
    </item>
</channel>
</rss>