<!-- 
RSS generated by JIRA (6.3.4#6332-sha1:51bc225ef474afe3128b2f66878477f322397b16) at Sun Nov 20 17:30:53 UTC 2016

It is possible to restrict the fields that are returned in this document by specifying the 'field' parameter in your request.
For example, to request only the issue key and summary add field=key&field=summary to the URL of your request.
For example:
https://issues.apache.org/jira/si/jira.issueviews:issue-xml/IO-166/IO-166.xml?field=key&amp;field=summary
-->
<rss version="0.92" >
<channel>
    <title>ASF JIRA</title>
    <link>https://issues.apache.org/jira</link>
    <description>This file is an XML representation of an issue</description>
    <language>en-uk</language>    <build-info>
        <version>6.3.4</version>
        <build-number>6332</build-number>
        <build-date>15-08-2014</build-date>
    </build-info>

<item>
            <title>[IO-166] Fix URL decoding in FileUtils.toFile()</title>
                <link>https://issues.apache.org/jira/browse/IO-166</link>
                <project id="12310477" key="IO">Commons IO</project>
                    <description>&lt;p&gt;The sequence &quot;%2520&quot; should decode to &quot;%20&quot;.&lt;/p&gt;</description>
                <environment></environment>
        <key id="12394781">IO-166</key>
            <summary>Fix URL decoding in FileUtils.toFile()</summary>
                <type id="1" iconUrl="https://issues.apache.org/jira/images/icons/issuetypes/bug.png">Bug</type>
                                            <priority id="4" iconUrl="https://issues.apache.org/jira/images/icons/priorities/minor.png">Minor</priority>
                        <status id="6" iconUrl="https://issues.apache.org/jira/images/icons/statuses/closed.png" description="The issue is considered finished, the resolution is correct. Issues which are closed can be reopened.">Closed</status>
                    <statusCategory id="3" key="done" colorName="green"/>
                                    <resolution id="1">Fixed</resolution>
                                        <assignee username="-1">Unassigned</assignee>
                                    <reporter username="bentmann">Benjamin Bentmann</reporter>
                        <labels>
                    </labels>
                <created>Fri, 25 Apr 2008 09:47:57 +0000</created>
                <updated>Thu, 10 Nov 2011 18:09:30 +0000</updated>
                            <resolved>Wed, 29 Sep 2010 03:45:22 +0000</resolved>
                                    <version>1.4</version>
                                    <fixVersion>2.0</fixVersion>
                                    <component>Utilities</component>
                        <due></due>
                            <votes>0</votes>
                                    <watches>0</watches>
                                                                <comments>
                            <comment id="12601045" author="bentmann" created="Fri, 30 May 2008 08:48:34 +0000"  >&lt;p&gt;New patch to also address the following issues:&lt;/p&gt;
&lt;ol&gt;
	&lt;li&gt;URL decoding should use UTF-8&lt;/li&gt;
	&lt;li&gt;URL decoding should be lenient&lt;/li&gt;
&lt;/ol&gt;


&lt;p&gt;Rationale for 1. is to bring the method in sync with the behavior of the decoding done by the JDK, i.e. the output from&lt;/p&gt;
&lt;div class=&quot;code panel&quot; style=&quot;border-width: 1px;&quot;&gt;&lt;div class=&quot;codeContent panelContent&quot;&gt;
&lt;pre class=&quot;code-java&quot;&gt;
URI url = &lt;span class=&quot;code-keyword&quot;&gt;new&lt;/span&gt; URI(&lt;span class=&quot;code-quote&quot;&gt;&quot;file:/home/%C3%A4%C3%B6%C3%BC%C3%9F&quot;&lt;/span&gt;);
&lt;span class=&quot;code-object&quot;&gt;System&lt;/span&gt;.out.println(&lt;span class=&quot;code-keyword&quot;&gt;new&lt;/span&gt; File(url));
&lt;span class=&quot;code-object&quot;&gt;System&lt;/span&gt;.out.println(FileUtils.toFile(url.toURL()));
&lt;/pre&gt;
&lt;/div&gt;&lt;/div&gt;
&lt;p&gt;is currently&lt;/p&gt;
&lt;div class=&quot;preformatted panel&quot; style=&quot;border-width: 1px;&quot;&gt;&lt;div class=&quot;preformattedContent panelContent&quot;&gt;
&lt;pre&gt;/home/&#228;&#246;&#252;&#223;
/home/&#195;&#164;&#195;&#182;&#195;&#188;&#195;?
&lt;/pre&gt;
&lt;/div&gt;&lt;/div&gt;

&lt;p&gt;Rationale for 2. is to better work with invalid URLs returned by bad class loaders. There are still enough class loader implementations out that will return a URL like &quot;file:/&amp;lt;snip&amp;gt;/%file.txt&quot; when queried for a resource named &quot;%file.txt&quot;, i.e. the URL is not encoded at all and can as such potentially include literal percent characters. Hence I believe it is preferable for the method to simply pass such characters literally through instead of failing with an exception.&lt;/p&gt;</comment>
                            <comment id="12916004" author="niallp" created="Wed, 29 Sep 2010 03:45:22 +0000"  >&lt;p&gt;Fixed, thanks for the patch:&lt;/p&gt;

&lt;p&gt;&lt;a href=&quot;http://svn.apache.org/viewvc?view=revision&amp;amp;revision=1002457&quot; class=&quot;external-link&quot; rel=&quot;nofollow&quot;&gt;http://svn.apache.org/viewvc?view=revision&amp;amp;revision=1002457&lt;/a&gt;&lt;/p&gt;</comment>
                    </comments>
                <issuelinks>
                            <issuelinktype id="12310000">
                    <name>Duplicate</name>
                                                                <inwardlinks description="is duplicated by">
                                        <issuelink>
            <issuekey id="12477297">IO-252</issuekey>
        </issuelink>
                            </inwardlinks>
                                    </issuelinktype>
                            <issuelinktype id="10030">
                    <name>Reference</name>
                                                                <inwardlinks description="is related to">
                                        <issuelink>
            <issuekey id="12341923">IO-13</issuekey>
        </issuelink>
                            </inwardlinks>
                                    </issuelinktype>
                    </issuelinks>
                <attachments>
                            <attachment id="12383082" name="IO-166.patch" size="7514" author="bentmann" created="Fri, 30 May 2008 08:48:33 +0000"/>
                            <attachment id="12380915" name="IO-166.patch" size="1546" author="bentmann" created="Fri, 25 Apr 2008 09:48:35 +0000"/>
                    </attachments>
                <subtasks>
                    </subtasks>
                <customfields>
                                                <customfield id="customfield_12310310" key="com.atlassian.jira.toolkit:attachments">
                        <customfieldname>Attachment count</customfieldname>
                        <customfieldvalues>
                            <customfieldvalue>2.0</customfieldvalue>
                        </customfieldvalues>
                    </customfield>
                                                                                                                                                                                                                                                                                                                                                                                                                                                                                                                                <customfield id="customfield_12310220" key="com.atlassian.jira.ext.charting:firstresponsedate">
                        <customfieldname>Date of First Response</customfieldname>
                        <customfieldvalues>
                            <customfieldvalue>Wed, 29 Sep 2010 03:45:22 +0000</customfieldvalue>

                        </customfieldvalues>
                    </customfield>
                                                                                                                                                                                                                                                                                                                                                                                                                                            <customfield id="customfield_12310420" key="com.pyxis.greenhopper.jira:gh-global-rank">
                        <customfieldname>Global Rank</customfieldname>
                        <customfieldvalues>
                            <customfieldvalue>139602</customfieldvalue>
                        </customfieldvalues>
                    </customfield>
                                                                                                                        <customfield id="customfield_12312521" key="com.atlassian.jira.toolkit:LastCommentDate">
                        <customfieldname>Last public comment date</customfieldname>
                        <customfieldvalues>
                            6 years, 8 weeks, 4 days ago
                        </customfieldvalues>
                    </customfield>
                                                                                            <customfield id="customfield_12311820" key="com.pyxis.greenhopper.jira:gh-lexo-rank">
                        <customfieldname>Rank</customfieldname>
                        <customfieldvalues>
                            <customfieldvalue>0|i0b15r:</customfieldvalue>

                        </customfieldvalues>
                    </customfield>
                                                                <customfield id="customfield_12310920" key="com.pyxis.greenhopper.jira:gh-global-rank">
                        <customfieldname>Rank (Obsolete)</customfieldname>
                        <customfieldvalues>
                            <customfieldvalue>62300</customfieldvalue>
                        </customfieldvalues>
                    </customfield>
                                                                                                                                                                                                                                        <customfield id="customfield_12310222" key="com.atlassian.jira.ext.charting:timeinstatus">
                        <customfieldname>Time in Status</customfieldname>
                        <customfieldvalues>
                            
                        </customfieldvalues>
                    </customfield>
                                                                                                                        </customfields>
    </item>
</channel>
</rss>