<!-- 
RSS generated by JIRA (6.3.4#6332-sha1:51bc225ef474afe3128b2f66878477f322397b16) at Sun Nov 20 15:28:44 UTC 2016

It is possible to restrict the fields that are returned in this document by specifying the 'field' parameter in your request.
For example, to request only the issue key and summary add field=key&field=summary to the URL of your request.
For example:
https://issues.apache.org/jira/si/jira.issueviews:issue-xml/IO-117/IO-117.xml?field=key&amp;field=summary
-->
<rss version="0.92" >
<channel>
    <title>ASF JIRA</title>
    <link>https://issues.apache.org/jira</link>
    <description>This file is an XML representation of an issue</description>
    <language>en-uk</language>    <build-info>
        <version>6.3.4</version>
        <build-number>6332</build-number>
        <build-date>15-08-2014</build-date>
    </build-info>

<item>
            <title>[IO-117] EndianUtils.readSwappedUnsignedInteger() may return a negative number</title>
                <link>https://issues.apache.org/jira/browse/IO-117</link>
                <project id="12310477" key="IO">Commons IO</project>
                    <description>&lt;p&gt;Methods about reading unsigned-integer in class EndianUtils may return a negative number, due to casting int to long.&lt;br/&gt;
Calculations with operator &amp;amp; etc. are under integer in these methods so its results are integer,&lt;br/&gt;
then implicit casting the results to long keeps its positive/negative sign.&lt;/p&gt;</description>
                <environment></environment>
        <key id="12365205">IO-117</key>
            <summary>EndianUtils.readSwappedUnsignedInteger() may return a negative number</summary>
                <type id="1" iconUrl="https://issues.apache.org/jira/images/icons/issuetypes/bug.png">Bug</type>
                                            <priority id="3" iconUrl="https://issues.apache.org/jira/images/icons/priorities/major.png">Major</priority>
                        <status id="6" iconUrl="https://issues.apache.org/jira/images/icons/statuses/closed.png" description="The issue is considered finished, the resolution is correct. Issues which are closed can be reopened.">Closed</status>
                    <statusCategory id="3" key="done" colorName="green"/>
                                    <resolution id="1">Fixed</resolution>
                                        <assignee username="-1">Unassigned</assignee>
                                    <reporter username="ikeda">Hiroshi Ikeda</reporter>
                        <labels>
                    </labels>
                <created>Mon, 19 Mar 2007 02:23:45 +0000</created>
                <updated>Fri, 18 May 2007 23:45:37 +0000</updated>
                            <resolved>Fri, 18 May 2007 23:45:37 +0000</resolved>
                                    <version>1.3.1</version>
                                    <fixVersion>1.3.2</fixVersion>
                                        <due></due>
                            <votes>0</votes>
                                    <watches>0</watches>
                                                                <comments>
                            <comment id="12489108" author="bayard" created="Mon, 16 Apr 2007 13:19:32 +0000"  >&lt;p&gt;Do you have any particular examples/test cases in mind where there are problems, or is this theoretical?&lt;/p&gt;</comment>
                            <comment id="12489277" author="ikeda" created="Tue, 17 Apr 2007 01:08:25 +0000"  >&lt;p&gt;Here simple test case.&lt;/p&gt;</comment>
                            <comment id="12492912" author="bayard" created="Tue, 1 May 2007 17:17:19 +0000"  >&lt;p&gt;Attaching a patch containing Hiroshi&apos;s test as a unit test and a proposed pair of fixes.&lt;/p&gt;

&lt;p&gt;Opinions sought on my fix, I don&apos;t do a lot of bit shifting so it always feels clumsy.&lt;/p&gt;</comment>
                            <comment id="12497088" author="bayard" created="Fri, 18 May 2007 23:45:37 +0000"  >&lt;p&gt;Committed to both trunk (539632) and the 1.3.x branch(539638).&lt;/p&gt;

&lt;p&gt;My understanding is that this is in time for 1.3.2.&lt;/p&gt;</comment>
                    </comments>
                    <attachments>
                            <attachment id="12355657" name="EndianUtilsTest.java" size="715" author="ikeda" created="Tue, 17 Apr 2007 01:08:25 +0000"/>
                            <attachment id="12356570" name="IO-117.patch" size="2387" author="bayard" created="Tue, 1 May 2007 17:17:19 +0000"/>
                    </attachments>
                <subtasks>
                    </subtasks>
                <customfields>
                                                <customfield id="customfield_12310310" key="com.atlassian.jira.toolkit:attachments">
                        <customfieldname>Attachment count</customfieldname>
                        <customfieldvalues>
                            <customfieldvalue>2.0</customfieldvalue>
                        </customfieldvalues>
                    </customfield>
                                                                                                                                                                                                                                                                                                                                                                                                                                                                                                                                <customfield id="customfield_12310220" key="com.atlassian.jira.ext.charting:firstresponsedate">
                        <customfieldname>Date of First Response</customfieldname>
                        <customfieldvalues>
                            <customfieldvalue>Mon, 16 Apr 2007 13:19:32 +0000</customfieldvalue>

                        </customfieldvalues>
                    </customfield>
                                                                                                                                                                                                                                                                                                                                                                                                                                            <customfield id="customfield_12310420" key="com.pyxis.greenhopper.jira:gh-global-rank">
                        <customfieldname>Global Rank</customfieldname>
                        <customfieldvalues>
                            <customfieldvalue>40293</customfieldvalue>
                        </customfieldvalues>
                    </customfield>
                                                                                                                        <customfield id="customfield_12312521" key="com.atlassian.jira.toolkit:LastCommentDate">
                        <customfieldname>Last public comment date</customfieldname>
                        <customfieldvalues>
                            9 years, 28 weeks, 1 day ago
                        </customfieldvalues>
                    </customfield>
                                                                                            <customfield id="customfield_12311820" key="com.pyxis.greenhopper.jira:gh-lexo-rank">
                        <customfieldname>Rank</customfieldname>
                        <customfieldvalues>
                            <customfieldvalue>0|i0smdz:</customfieldvalue>

                        </customfieldvalues>
                    </customfield>
                                                                <customfield id="customfield_12310920" key="com.pyxis.greenhopper.jira:gh-global-rank">
                        <customfieldname>Rank (Obsolete)</customfieldname>
                        <customfieldvalues>
                            <customfieldvalue>165104</customfieldvalue>
                        </customfieldvalues>
                    </customfield>
                                                                                                                                                                                                                                        <customfield id="customfield_12310222" key="com.atlassian.jira.ext.charting:timeinstatus">
                        <customfieldname>Time in Status</customfieldname>
                        <customfieldvalues>
                            
                        </customfieldvalues>
                    </customfield>
                                                                                                                        </customfields>
    </item>
</channel>
</rss>