<!-- 
RSS generated by JIRA (6.3.4#6332-sha1:51bc225ef474afe3128b2f66878477f322397b16) at Thu Dec 01 18:48:36 UTC 2016

It is possible to restrict the fields that are returned in this document by specifying the 'field' parameter in your request.
For example, to request only the issue key and summary add field=key&field=summary to the URL of your request.
For example:
https://issues.apache.org/jira/si/jira.issueviews:issue-xml/IO-100/IO-100.xml?field=key&amp;field=summary
-->
<rss version="0.92" >
<channel>
    <title>ASF JIRA</title>
    <link>https://issues.apache.org/jira</link>
    <description>This file is an XML representation of an issue</description>
    <language>en-uk</language>    <build-info>
        <version>6.3.4</version>
        <build-number>6332</build-number>
        <build-date>15-08-2014</build-date>
    </build-info>

<item>
            <title>[IO-100] FileUtils.touch should raise an IOException if I may not modify the file</title>
                <link>https://issues.apache.org/jira/browse/IO-100</link>
                <project id="12310477" key="IO">Commons IO</project>
                    <description>&lt;p&gt;The documentation states, that FileUtils.touch implements the UNIX-touch command. However I may successfully FileUtils.touch files like /etc/passwd, which is not allowed on the shell as normal user. &lt;/p&gt;

&lt;p&gt;Looking at the implementation, you should propably raise an IOException if the returnvalue of `file.setLastModified(System.currentTimeMillis());` is `false`.&lt;/p&gt;</description>
                <environment>&lt;p&gt;Linux vmware-ap-mifr 2.6.4-52-default #1 Tue Jul 25 11:13:58 CEST 2006 i686 i686 i386 GNU/Linux&lt;br/&gt;
&lt;span class=&quot;error&quot;&gt;&amp;#91;mifr@vmware-ap-mifr coms_core-trunk&amp;#93;&lt;/span&gt;$ java -version&lt;br/&gt;
java version &quot;1.5.0_08&quot;&lt;br/&gt;
Java(TM) 2 Runtime Environment, Standard Edition (build 1.5.0_08-b03)&lt;br/&gt;
Java HotSpot(TM) Client VM (build 1.5.0_08-b03, mixed mode, sharing)&lt;/p&gt;</environment>
        <key id="12357134">IO-100</key>
            <summary>FileUtils.touch should raise an IOException if I may not modify the file</summary>
                <type id="1" iconUrl="https://issues.apache.org/jira/images/icons/issuetypes/bug.png">Bug</type>
                                            <priority id="3" iconUrl="https://issues.apache.org/jira/images/icons/priorities/major.png">Major</priority>
                        <status id="6" iconUrl="https://issues.apache.org/jira/images/icons/statuses/closed.png" description="The issue is considered finished, the resolution is correct. Issues which are closed can be reopened.">Closed</status>
                    <statusCategory id="3" key="done" colorName="green"/>
                                    <resolution id="1">Fixed</resolution>
                                        <assignee username="-1">Unassigned</assignee>
                                    <reporter username="mfriedenhagen">Mirko Friedenhagen</reporter>
                        <labels>
                    </labels>
                <created>Tue, 28 Nov 2006 15:01:00 +0000</created>
                <updated>Fri, 9 Mar 2007 20:38:23 +0000</updated>
                            <resolved>Mon, 4 Dec 2006 23:36:44 +0000</resolved>
                                    <version>1.2</version>
                                    <fixVersion>1.3</fixVersion>
                                        <due></due>
                            <votes>0</votes>
                                    <watches>0</watches>
                                                                <comments>
                            <comment id="12455455" author="bayard" created="Mon, 4 Dec 2006 23:36:44 +0000"  >&lt;p&gt;svn ci -m &quot;Applied the fix suggested by Mirko Friedenhagen in #&lt;a href=&quot;https://issues.apache.org/jira/browse/IO-100&quot; title=&quot;FileUtils.touch should raise an IOException if I may not modify the file&quot; class=&quot;issue-link&quot; data-issue-key=&quot;IO-100&quot;&gt;&lt;del&gt;IO-100&lt;/del&gt;&lt;/a&gt;. This isn&apos;t something that it&apos;s easy to write a unit test for, but it is very easy to write a platform dependent test and show that the new code correctly throws an exception for &apos;/etc/passwd&apos;&quot; src/java/org/apache/commons/io/FileUtils.java&lt;/p&gt;

&lt;p&gt;Sending        src/java/org/apache/commons/io/FileUtils.java&lt;br/&gt;
Transmitting file data .&lt;br/&gt;
Committed revision 482411.&lt;/p&gt;</comment>
                    </comments>
                    <attachments>
                    </attachments>
                <subtasks>
                    </subtasks>
                <customfields>
                                                <customfield id="customfield_12310310" key="com.atlassian.jira.toolkit:attachments">
                        <customfieldname>Attachment count</customfieldname>
                        <customfieldvalues>
                            <customfieldvalue>0.0</customfieldvalue>
                        </customfieldvalues>
                    </customfield>
                                                                                                                                                                                                                                                                                                                                                                                                                                                                                                                                <customfield id="customfield_12310220" key="com.atlassian.jira.ext.charting:firstresponsedate">
                        <customfieldname>Date of First Response</customfieldname>
                        <customfieldvalues>
                            <customfieldvalue>Mon, 4 Dec 2006 23:36:44 +0000</customfieldvalue>

                        </customfieldvalues>
                    </customfield>
                                                                                                                                                                                                                                                                                                                                                                                                                                            <customfield id="customfield_12310420" key="com.pyxis.greenhopper.jira:gh-global-rank">
                        <customfieldname>Global Rank</customfieldname>
                        <customfieldvalues>
                            <customfieldvalue>139551</customfieldvalue>
                        </customfieldvalues>
                    </customfield>
                                                                                                                        <customfield id="customfield_12312521" key="com.atlassian.jira.toolkit:LastCommentDate">
                        <customfieldname>Last public comment date</customfieldname>
                        <customfieldvalues>
                            10 years, 1 week, 2 days ago
                        </customfieldvalues>
                    </customfield>
                                                                                            <customfield id="customfield_12311820" key="com.pyxis.greenhopper.jira:gh-lexo-rank">
                        <customfieldname>Rank</customfieldname>
                        <customfieldvalues>
                            <customfieldvalue>0|i0smhj:</customfieldvalue>

                        </customfieldvalues>
                    </customfield>
                                                                <customfield id="customfield_12310920" key="com.pyxis.greenhopper.jira:gh-global-rank">
                        <customfieldname>Rank (Obsolete)</customfieldname>
                        <customfieldvalues>
                            <customfieldvalue>165120</customfieldvalue>
                        </customfieldvalues>
                    </customfield>
                                                                                                                                                                                                                                        <customfield id="customfield_12310222" key="com.atlassian.jira.ext.charting:timeinstatus">
                        <customfieldname>Time in Status</customfieldname>
                        <customfieldvalues>
                            
                        </customfieldvalues>
                    </customfield>
                                                                                                                        </customfields>
    </item>
</channel>
</rss>