<!-- 
RSS generated by JIRA (6.3.4#6332-sha1:51bc225ef474afe3128b2f66878477f322397b16) at Sun Nov 20 17:14:38 UTC 2016

It is possible to restrict the fields that are returned in this document by specifying the 'field' parameter in your request.
For example, to request only the issue key and summary add field=key&field=summary to the URL of your request.
For example:
https://issues.apache.org/jira/si/jira.issueviews:issue-xml/IO-115/IO-115.xml?field=key&amp;field=summary
-->
<rss version="0.92" >
<channel>
    <title>ASF JIRA</title>
    <link>https://issues.apache.org/jira</link>
    <description>This file is an XML representation of an issue</description>
    <language>en-uk</language>    <build-info>
        <version>6.3.4</version>
        <build-number>6332</build-number>
        <build-date>15-08-2014</build-date>
    </build-info>

<item>
            <title>[IO-115] FileUtilsCleanDirectoryTestCase fails on Windoes if command chmod is available</title>
                <link>https://issues.apache.org/jira/browse/IO-115</link>
                <project id="12310477" key="IO">Commons IO</project>
                    <description>&lt;p&gt;Some tests in FileUtilsCleanDirectoryTestCase try to delete files that have been set to read-only. This is expected to throw an exception. To set the read-only flag the method chmod() tries to execute the unix &quot;chmod&quot; command. If this fails (which should normally be the case on windows), the test is ignored.&lt;/p&gt;

&lt;p&gt;If Posix tools are available e.g. from Cygwin, MKS Toolkit, Microsoft&apos;s Posix Tools or similar ones the test fails.&lt;/p&gt;</description>
                <environment></environment>
        <key id="12363042">IO-115</key>
            <summary>FileUtilsCleanDirectoryTestCase fails on Windoes if command chmod is available</summary>
                <type id="1" iconUrl="https://issues.apache.org/jira/images/icons/issuetypes/bug.png">Bug</type>
                                            <priority id="3" iconUrl="https://issues.apache.org/jira/images/icons/priorities/major.png">Major</priority>
                        <status id="6" iconUrl="https://issues.apache.org/jira/images/icons/statuses/closed.png" description="The issue is considered finished, the resolution is correct. Issues which are closed can be reopened.">Closed</status>
                    <statusCategory id="3" key="done" colorName="green"/>
                                    <resolution id="1">Fixed</resolution>
                                        <assignee username="-1">Unassigned</assignee>
                                    <reporter username="joehni">Joerg Schaible</reporter>
                        <labels>
                    </labels>
                <created>Fri, 16 Feb 2007 17:46:56 +0000</created>
                <updated>Fri, 22 Aug 2008 07:36:49 +0000</updated>
                            <resolved>Tue, 15 May 2007 19:42:19 +0000</resolved>
                                    <version>1.3.1</version>
                                    <fixVersion>1.3.2</fixVersion>
                                    <component>Utilities</component>
                        <due></due>
                            <votes>0</votes>
                                    <watches>0</watches>
                                                                <comments>
                            <comment id="12481869" author="oliver.heger@t-online.de" created="Sat, 17 Mar 2007 16:15:53 +0000"  >&lt;p&gt;The problem seems to be fixed in revision 518770 (&lt;a href=&quot;http://svn.apache.org/viewvc?view=rev&amp;amp;revision=518770&quot; class=&quot;external-link&quot; rel=&quot;nofollow&quot;&gt;http://svn.apache.org/viewvc?view=rev&amp;amp;revision=518770&lt;/a&gt;). Here the os.name system property is checked to avoid that the affected tests get executed under windows. Don&apos;t know if this is the most elegant solution, but it works!&lt;/p&gt;</comment>
                            <comment id="12481882" author="jochen@apache.org" created="Sat, 17 Mar 2007 19:43:53 +0000"  >&lt;p&gt;Checking this in was unintentional. My plan was to discuss the issue before actually committing it. However, this issue is of course a good platform to discuss the necessary steps. I am ready to revert the change, if this should be desired. Otherwise, someone else should resove the issue.&lt;/p&gt;
</comment>
                            <comment id="12496100" author="jochen@apache.org" created="Tue, 15 May 2007 19:42:19 +0000"  >&lt;p&gt;After two months without reply, it seems valid to assume that my unintentional change didn&apos;d cause any problems. Closing.&lt;/p&gt;</comment>
                    </comments>
                    <attachments>
                    </attachments>
                <subtasks>
                    </subtasks>
                <customfields>
                                                <customfield id="customfield_12310310" key="com.atlassian.jira.toolkit:attachments">
                        <customfieldname>Attachment count</customfieldname>
                        <customfieldvalues>
                            <customfieldvalue>0.0</customfieldvalue>
                        </customfieldvalues>
                    </customfield>
                                                                                                                                                                                                                                                                                                                                                                                                                                                                                                                                <customfield id="customfield_12310220" key="com.atlassian.jira.ext.charting:firstresponsedate">
                        <customfieldname>Date of First Response</customfieldname>
                        <customfieldvalues>
                            <customfieldvalue>Sat, 17 Mar 2007 16:15:53 +0000</customfieldvalue>

                        </customfieldvalues>
                    </customfield>
                                                                                                                                                                                                                                                                                                                                                                                                                                            <customfield id="customfield_12310420" key="com.pyxis.greenhopper.jira:gh-global-rank">
                        <customfieldname>Global Rank</customfieldname>
                        <customfieldvalues>
                            <customfieldvalue>139562</customfieldvalue>
                        </customfieldvalues>
                    </customfield>
                                                                                                                        <customfield id="customfield_12312521" key="com.atlassian.jira.toolkit:LastCommentDate">
                        <customfieldname>Last public comment date</customfieldname>
                        <customfieldvalues>
                            9 years, 28 weeks, 4 days ago
                        </customfieldvalues>
                    </customfield>
                                                                                            <customfield id="customfield_12311820" key="com.pyxis.greenhopper.jira:gh-lexo-rank">
                        <customfieldname>Rank</customfieldname>
                        <customfieldvalues>
                            <customfieldvalue>0|i0smef:</customfieldvalue>

                        </customfieldvalues>
                    </customfield>
                                                                <customfield id="customfield_12310920" key="com.pyxis.greenhopper.jira:gh-global-rank">
                        <customfieldname>Rank (Obsolete)</customfieldname>
                        <customfieldvalues>
                            <customfieldvalue>165106</customfieldvalue>
                        </customfieldvalues>
                    </customfield>
                                                                                                                                                                                                                                        <customfield id="customfield_12310222" key="com.atlassian.jira.ext.charting:timeinstatus">
                        <customfieldname>Time in Status</customfieldname>
                        <customfieldvalues>
                            
                        </customfieldvalues>
                    </customfield>
                                                                                                                        </customfields>
    </item>
</channel>
</rss>