<!-- 
RSS generated by JIRA (6.3.4#6332-sha1:51bc225ef474afe3128b2f66878477f322397b16) at Sun Nov 20 17:01:24 UTC 2016

It is possible to restrict the fields that are returned in this document by specifying the 'field' parameter in your request.
For example, to request only the issue key and summary add field=key&field=summary to the URL of your request.
For example:
https://issues.apache.org/jira/si/jira.issueviews:issue-xml/IO-187/IO-187.xml?field=key&amp;field=summary
-->
<rss version="0.92" >
<channel>
    <title>ASF JIRA</title>
    <link>https://issues.apache.org/jira</link>
    <description>This file is an XML representation of an issue</description>
    <language>en-uk</language>    <build-info>
        <version>6.3.4</version>
        <build-number>6332</build-number>
        <build-date>15-08-2014</build-date>
    </build-info>

<item>
            <title>[IO-187] FileSystemUtils.freeSpaceKb doesn&apos;t work with relative paths on Linux</title>
                <link>https://issues.apache.org/jira/browse/IO-187</link>
                <project id="12310477" key="IO">Commons IO</project>
                    <description>&lt;p&gt;Calling FileSystemUtils.freeSpaceKb with &quot;.&quot;, &quot;./&quot;, &quot;../&quot;, &quot;../foo&quot; etc. will result in an empty string being passed to df.&lt;br/&gt;
freeSpaceKb calls FileNameUtils.normalize on the path which destroys relative paths.&lt;/p&gt;

&lt;p&gt;I don&apos;t see any need to normalize the path so the fix is simply to remove that call.&lt;/p&gt;</description>
                <environment>&lt;p&gt;Linux&lt;/p&gt;</environment>
        <key id="12410717">IO-187</key>
            <summary>FileSystemUtils.freeSpaceKb doesn&apos;t work with relative paths on Linux</summary>
                <type id="1" iconUrl="https://issues.apache.org/jira/images/icons/issuetypes/bug.png">Bug</type>
                                            <priority id="3" iconUrl="https://issues.apache.org/jira/images/icons/priorities/major.png">Major</priority>
                        <status id="6" iconUrl="https://issues.apache.org/jira/images/icons/statuses/closed.png" description="The issue is considered finished, the resolution is correct. Issues which are closed can be reopened.">Closed</status>
                    <statusCategory id="3" key="done" colorName="green"/>
                                    <resolution id="1">Fixed</resolution>
                                        <assignee username="-1">Unassigned</assignee>
                                    <reporter username="cormacb">Cormac Blackwell</reporter>
                        <labels>
                    </labels>
                <created>Mon, 15 Dec 2008 16:19:26 +0000</created>
                <updated>Tue, 13 Mar 2012 21:02:25 +0000</updated>
                            <resolved>Sat, 6 Mar 2010 01:59:21 +0000</resolved>
                                    <version>1.2</version>
                    <version>1.3</version>
                    <version>1.3.1</version>
                    <version>1.3.2</version>
                    <version>1.4</version>
                                    <fixVersion>2.0</fixVersion>
                                    <component>Utilities</component>
                        <due></due>
                            <votes>0</votes>
                                    <watches>0</watches>
                                                                <comments>
                            <comment id="12842148" author="sebb@apache.org" created="Sat, 6 Mar 2010 01:59:21 +0000"  >&lt;p&gt;Agreed - the path normalisation is unnecessary on Unix.&lt;br/&gt;
&lt;span class=&quot;error&quot;&gt;&amp;#91;It&amp;#39;s probably unnecessary on Windows as well&amp;#93;&lt;/span&gt;&lt;/p&gt;

&lt;p&gt;URL: &lt;a href=&quot;http://svn.apache.org/viewvc?rev=919687&amp;amp;view=rev&quot; class=&quot;external-link&quot; rel=&quot;nofollow&quot;&gt;http://svn.apache.org/viewvc?rev=919687&amp;amp;view=rev&lt;/a&gt;&lt;br/&gt;
Log:&lt;br/&gt;
&lt;a href=&quot;https://issues.apache.org/jira/browse/IO-187&quot; title=&quot;FileSystemUtils.freeSpaceKb doesn&amp;#39;t work with relative paths on Linux&quot; class=&quot;issue-link&quot; data-issue-key=&quot;IO-187&quot;&gt;&lt;del&gt;IO-187&lt;/del&gt;&lt;/a&gt; FileSystemUtils.freeSpaceKb doesn&apos;t work with relative paths on Linux&lt;/p&gt;</comment>
                    </comments>
                    <attachments>
                    </attachments>
                <subtasks>
                    </subtasks>
                <customfields>
                                                <customfield id="customfield_12310310" key="com.atlassian.jira.toolkit:attachments">
                        <customfieldname>Attachment count</customfieldname>
                        <customfieldvalues>
                            <customfieldvalue>0.0</customfieldvalue>
                        </customfieldvalues>
                    </customfield>
                                                                                                                                                                                                                                                                                                                                                                                                                                                                                                                                <customfield id="customfield_12310220" key="com.atlassian.jira.ext.charting:firstresponsedate">
                        <customfieldname>Date of First Response</customfieldname>
                        <customfieldvalues>
                            <customfieldvalue>Sat, 6 Mar 2010 01:59:21 +0000</customfieldvalue>

                        </customfieldvalues>
                    </customfield>
                                                                                                                                                                                                                                                                                                                                                                                                                                            <customfield id="customfield_12310420" key="com.pyxis.greenhopper.jira:gh-global-rank">
                        <customfieldname>Global Rank</customfieldname>
                        <customfieldvalues>
                            <customfieldvalue>139616</customfieldvalue>
                        </customfieldvalues>
                    </customfield>
                                                                                                                        <customfield id="customfield_12312521" key="com.atlassian.jira.toolkit:LastCommentDate">
                        <customfieldname>Last public comment date</customfieldname>
                        <customfieldvalues>
                            6 years, 38 weeks, 1 day ago
                        </customfieldvalues>
                    </customfield>
                                                                                            <customfield id="customfield_12311820" key="com.pyxis.greenhopper.jira:gh-lexo-rank">
                        <customfieldname>Rank</customfieldname>
                        <customfieldvalues>
                            <customfieldvalue>0|i0b147:</customfieldvalue>

                        </customfieldvalues>
                    </customfield>
                                                                <customfield id="customfield_12310920" key="com.pyxis.greenhopper.jira:gh-global-rank">
                        <customfieldname>Rank (Obsolete)</customfieldname>
                        <customfieldvalues>
                            <customfieldvalue>62293</customfieldvalue>
                        </customfieldvalues>
                    </customfield>
                                                                                                                                                                                                                                        <customfield id="customfield_12310222" key="com.atlassian.jira.ext.charting:timeinstatus">
                        <customfieldname>Time in Status</customfieldname>
                        <customfieldvalues>
                            
                        </customfieldvalues>
                    </customfield>
                                                                                                                        </customfields>
    </item>
</channel>
</rss>