<!-- 
RSS generated by JIRA (6.3.4#6332-sha1:51bc225ef474afe3128b2f66878477f322397b16) at Sun Nov 20 15:14:31 UTC 2016

It is possible to restrict the fields that are returned in this document by specifying the 'field' parameter in your request.
For example, to request only the issue key and summary add field=key&field=summary to the URL of your request.
For example:
https://issues.apache.org/jira/si/jira.issueviews:issue-xml/IO-190/IO-190.xml?field=key&amp;field=summary
-->
<rss version="0.92" >
<channel>
    <title>ASF JIRA</title>
    <link>https://issues.apache.org/jira</link>
    <description>This file is an XML representation of an issue</description>
    <language>en-uk</language>    <build-info>
        <version>6.3.4</version>
        <build-number>6332</build-number>
        <build-date>15-08-2014</build-date>
    </build-info>

<item>
            <title>[IO-190] FileUtils.copyDirectory preserves destination subdirectories, rather than overwriting with the source subdirectories</title>
                <link>https://issues.apache.org/jira/browse/IO-190</link>
                <project id="12310477" key="IO">Commons IO</project>
                    <description>&lt;p&gt;When using FileUtils.copyDirectory to copy directories with subdirectories, the source will overwrite all files that exist in the destination directory, but not the subdirectories themselves. The files inside the subdirectories will be overwritten. The only difference that I&apos;ve noticed thus far is that this preserves the old file dates of the subdirectories rather than using the dates from the source or the current date, if preserveFileDate is set to &apos;false.&apos;&lt;/p&gt;</description>
                <environment>&lt;p&gt;Windows XP&lt;/p&gt;</environment>
        <key id="12411470">IO-190</key>
            <summary>FileUtils.copyDirectory preserves destination subdirectories, rather than overwriting with the source subdirectories</summary>
                <type id="1" iconUrl="https://issues.apache.org/jira/images/icons/issuetypes/bug.png">Bug</type>
                                            <priority id="5" iconUrl="https://issues.apache.org/jira/images/icons/priorities/trivial.png">Trivial</priority>
                        <status id="6" iconUrl="https://issues.apache.org/jira/images/icons/statuses/closed.png" description="The issue is considered finished, the resolution is correct. Issues which are closed can be reopened.">Closed</status>
                    <statusCategory id="3" key="done" colorName="green"/>
                                    <resolution id="1">Fixed</resolution>
                                        <assignee username="-1">Unassigned</assignee>
                                    <reporter username="topramen">JPW</reporter>
                        <labels>
                    </labels>
                <created>Tue, 30 Dec 2008 15:03:34 +0000</created>
                <updated>Thu, 10 Nov 2011 18:09:31 +0000</updated>
                            <resolved>Wed, 29 Sep 2010 18:14:22 +0000</resolved>
                                    <version>1.4</version>
                                    <fixVersion>2.0</fixVersion>
                                    <component>Utilities</component>
                        <due></due>
                            <votes>0</votes>
                                    <watches>1</watches>
                                                                <comments>
                            <comment id="12666011" author="jukkaz" created="Thu, 22 Jan 2009 00:18:04 +0000"  >&lt;p&gt;I guess it&apos;s no problem whether or not the target directory dates change when preserveFileDate is false. Or is it?&lt;/p&gt;

&lt;p&gt;Anyway, when the preserveFileDate argument is &lt;b&gt;true&lt;/b&gt;, then the dates of also the target directories and not just the files contained in them should probably be set. The attached patch implements this change.&lt;/p&gt;

&lt;p&gt;I&apos;m not sure if there&apos;s some good reason why this shouldn&apos;t be done, so please review before I commit this.&lt;/p&gt;</comment>
                            <comment id="12916224" author="niallp" created="Wed, 29 Sep 2010 18:14:22 +0000"  >&lt;p&gt;Thanks for the patch Jukka - I&apos;ve applied it&lt;/p&gt;

&lt;p&gt;&lt;a href=&quot;http://svn.apache.org/viewvc?view=revision&amp;amp;revision=1002796&quot; class=&quot;external-link&quot; rel=&quot;nofollow&quot;&gt;http://svn.apache.org/viewvc?view=revision&amp;amp;revision=1002796&lt;/a&gt;&lt;/p&gt;</comment>
                    </comments>
                    <attachments>
                            <attachment id="12398442" name="IO-190.patch" size="4081" author="jukkaz" created="Thu, 22 Jan 2009 00:18:04 +0000"/>
                    </attachments>
                <subtasks>
                    </subtasks>
                <customfields>
                                                <customfield id="customfield_12310310" key="com.atlassian.jira.toolkit:attachments">
                        <customfieldname>Attachment count</customfieldname>
                        <customfieldvalues>
                            <customfieldvalue>1.0</customfieldvalue>
                        </customfieldvalues>
                    </customfield>
                                                                                                                                                                                                                                                                                                                                                                                                                                                                                                                                <customfield id="customfield_12310220" key="com.atlassian.jira.ext.charting:firstresponsedate">
                        <customfieldname>Date of First Response</customfieldname>
                        <customfieldvalues>
                            <customfieldvalue>Thu, 22 Jan 2009 00:18:04 +0000</customfieldvalue>

                        </customfieldvalues>
                    </customfield>
                                                                                                                                                                                                                                                                                                                                                                                                                                            <customfield id="customfield_12310420" key="com.pyxis.greenhopper.jira:gh-global-rank">
                        <customfieldname>Global Rank</customfieldname>
                        <customfieldvalues>
                            <customfieldvalue>40300</customfieldvalue>
                        </customfieldvalues>
                    </customfield>
                                                                                                                        <customfield id="customfield_12312521" key="com.atlassian.jira.toolkit:LastCommentDate">
                        <customfieldname>Last public comment date</customfieldname>
                        <customfieldvalues>
                            6 years, 8 weeks, 3 days ago
                        </customfieldvalues>
                    </customfield>
                                                                                            <customfield id="customfield_12311820" key="com.pyxis.greenhopper.jira:gh-lexo-rank">
                        <customfieldname>Rank</customfieldname>
                        <customfieldvalues>
                            <customfieldvalue>0|i0b13z:</customfieldvalue>

                        </customfieldvalues>
                    </customfield>
                                                                <customfield id="customfield_12310920" key="com.pyxis.greenhopper.jira:gh-global-rank">
                        <customfieldname>Rank (Obsolete)</customfieldname>
                        <customfieldvalues>
                            <customfieldvalue>62292</customfieldvalue>
                        </customfieldvalues>
                    </customfield>
                                                                                                                                                                                                                                        <customfield id="customfield_12310222" key="com.atlassian.jira.ext.charting:timeinstatus">
                        <customfieldname>Time in Status</customfieldname>
                        <customfieldvalues>
                            
                        </customfieldvalues>
                    </customfield>
                                                                                                                        </customfields>
    </item>
</channel>
</rss>