<!-- 
RSS generated by JIRA (6.3.4#6332-sha1:51bc225ef474afe3128b2f66878477f322397b16) at Sun Nov 20 14:58:39 UTC 2016

It is possible to restrict the fields that are returned in this document by specifying the 'field' parameter in your request.
For example, to request only the issue key and summary add field=key&field=summary to the URL of your request.
For example:
https://issues.apache.org/jira/si/jira.issueviews:issue-xml/IO-179/IO-179.xml?field=key&amp;field=summary
-->
<rss version="0.92" >
<channel>
    <title>ASF JIRA</title>
    <link>https://issues.apache.org/jira</link>
    <description>This file is an XML representation of an issue</description>
    <language>en-uk</language>    <build-info>
        <version>6.3.4</version>
        <build-number>6332</build-number>
        <build-date>15-08-2014</build-date>
    </build-info>

<item>
            <title>[IO-179] StringIndexOutOfBounds exception on FilenameUtils.getPathNoEndSeparator</title>
                <link>https://issues.apache.org/jira/browse/IO-179</link>
                <project id="12310477" key="IO">Commons IO</project>
                    <description>&lt;p&gt;public void testFilenameUtils() &lt;/p&gt;
{
 String path = &quot;/foo.xml&quot;;
 org.apache.commons.io.FilenameUtils.getPathNoEndSeparator(path);
 }


&lt;p&gt;Leads to:&lt;/p&gt;

&lt;p&gt;java.lang.StringIndexOutOfBoundsException: String index out of range: -1&lt;br/&gt;
	at java.lang.String.substring(String.java:1768)&lt;br/&gt;
	at org.apache.commons.io.FilenameUtils.doGetPath(FilenameUtils.java:705)&lt;br/&gt;
	at org.apache.commons.io.FilenameUtils.getPathNoEndSeparator(FilenameUtils.java:683)&lt;/p&gt;


</description>
                <environment>&lt;p&gt;Javadoc says that method is text based. In any case, the problem has been reproduced in Windows and Linux.&lt;/p&gt;</environment>
        <key id="12402775">IO-179</key>
            <summary>StringIndexOutOfBounds exception on FilenameUtils.getPathNoEndSeparator</summary>
                <type id="1" iconUrl="https://issues.apache.org/jira/images/icons/issuetypes/bug.png">Bug</type>
                                            <priority id="3" iconUrl="https://issues.apache.org/jira/images/icons/priorities/major.png">Major</priority>
                        <status id="6" iconUrl="https://issues.apache.org/jira/images/icons/statuses/closed.png" description="The issue is considered finished, the resolution is correct. Issues which are closed can be reopened.">Closed</status>
                    <statusCategory id="3" key="done" colorName="green"/>
                                    <resolution id="1">Fixed</resolution>
                                        <assignee username="niallp">Niall Pemberton</assignee>
                                    <reporter username="francisco">Francisco Borges</reporter>
                        <labels>
                    </labels>
                <created>Thu, 21 Aug 2008 10:09:59 +0000</created>
                <updated>Wed, 21 Jul 2010 17:00:36 +0000</updated>
                            <resolved>Sat, 29 Nov 2008 01:51:49 +0000</resolved>
                                    <version>1.3.2</version>
                    <version>1.4</version>
                                    <fixVersion>2.0</fixVersion>
                                    <component>Utilities</component>
                        <due></due>
                            <votes>0</votes>
                                    <watches>1</watches>
                                                                <comments>
                            <comment id="12640643" author="gwen" created="Fri, 17 Oct 2008 19:48:53 +0000"  >&lt;p&gt;A proposal patch for this issue&lt;/p&gt;</comment>
                            <comment id="12640645" author="gwen" created="Fri, 17 Oct 2008 19:51:33 +0000"  >&lt;p&gt;The issue is due to a call to String#substring(beginIndex,lastIndex) where beginIndex&amp;gt;lastIndex.&lt;br/&gt;
The attached file is a patch that includes the updated test code and the correction.&lt;/p&gt;</comment>
                            <comment id="12651686" author="niallp" created="Sat, 29 Nov 2008 01:51:49 +0000"  >&lt;p&gt;Patch applied, thanks!&lt;/p&gt;

&lt;p&gt;&lt;a href=&quot;http://svn.apache.org/viewvc?view=rev&amp;amp;revision=721610&quot; class=&quot;external-link&quot; rel=&quot;nofollow&quot;&gt;http://svn.apache.org/viewvc?view=rev&amp;amp;revision=721610&lt;/a&gt;&lt;/p&gt;</comment>
                    </comments>
                    <attachments>
                            <attachment id="12392376" name="IO-179.patch" size="1671" author="gwen" created="Fri, 17 Oct 2008 19:48:53 +0000"/>
                    </attachments>
                <subtasks>
                    </subtasks>
                <customfields>
                                                <customfield id="customfield_12310310" key="com.atlassian.jira.toolkit:attachments">
                        <customfieldname>Attachment count</customfieldname>
                        <customfieldvalues>
                            <customfieldvalue>1.0</customfieldvalue>
                        </customfieldvalues>
                    </customfield>
                                                                                                                                                                                                                                                                                                                                                                                                                                                                                                                                <customfield id="customfield_12310220" key="com.atlassian.jira.ext.charting:firstresponsedate">
                        <customfieldname>Date of First Response</customfieldname>
                        <customfieldvalues>
                            <customfieldvalue>Fri, 17 Oct 2008 19:48:53 +0000</customfieldvalue>

                        </customfieldvalues>
                    </customfield>
                                                                                                                                                                                                                                                                                                                                                                                                                                            <customfield id="customfield_12310420" key="com.pyxis.greenhopper.jira:gh-global-rank">
                        <customfieldname>Global Rank</customfieldname>
                        <customfieldvalues>
                            <customfieldvalue>40299</customfieldvalue>
                        </customfieldvalues>
                    </customfield>
                                                                                                                        <customfield id="customfield_12312521" key="com.atlassian.jira.toolkit:LastCommentDate">
                        <customfieldname>Last public comment date</customfieldname>
                        <customfieldvalues>
                            8 years, 1 day ago
                        </customfieldvalues>
                    </customfield>
                                                                                            <customfield id="customfield_12311820" key="com.pyxis.greenhopper.jira:gh-lexo-rank">
                        <customfieldname>Rank</customfieldname>
                        <customfieldvalues>
                            <customfieldvalue>0|i0b14v:</customfieldvalue>

                        </customfieldvalues>
                    </customfield>
                                                                <customfield id="customfield_12310920" key="com.pyxis.greenhopper.jira:gh-global-rank">
                        <customfieldname>Rank (Obsolete)</customfieldname>
                        <customfieldvalues>
                            <customfieldvalue>62296</customfieldvalue>
                        </customfieldvalues>
                    </customfield>
                                                                                                                                                                                                                                        <customfield id="customfield_12310222" key="com.atlassian.jira.ext.charting:timeinstatus">
                        <customfieldname>Time in Status</customfieldname>
                        <customfieldvalues>
                            
                        </customfieldvalues>
                    </customfield>
                                                                                                                        </customfields>
    </item>
</channel>
</rss>