<!-- 
RSS generated by JIRA (6.3.4#6332-sha1:51bc225ef474afe3128b2f66878477f322397b16) at Sun Nov 20 15:16:12 UTC 2016

It is possible to restrict the fields that are returned in this document by specifying the 'field' parameter in your request.
For example, to request only the issue key and summary add field=key&field=summary to the URL of your request.
For example:
https://issues.apache.org/jira/si/jira.issueviews:issue-xml/IO-196/IO-196.xml?field=key&amp;field=summary
-->
<rss version="0.92" >
<channel>
    <title>ASF JIRA</title>
    <link>https://issues.apache.org/jira</link>
    <description>This file is an XML representation of an issue</description>
    <language>en-uk</language>    <build-info>
        <version>6.3.4</version>
        <build-number>6332</build-number>
        <build-date>15-08-2014</build-date>
    </build-info>

<item>
            <title>[IO-196] Occasional FileSystemObserver test failures</title>
                <link>https://issues.apache.org/jira/browse/IO-196</link>
                <project id="12310477" key="IO">Commons IO</project>
                    <description>&lt;p&gt;The FilesystemObserverTestCase method testFileCreate() fails occasionally in the Continuum build at &lt;a href=&quot;http://vmbuild.apache.org/continuum/projectView.action?projectId=155&quot; class=&quot;external-link&quot; rel=&quot;nofollow&quot;&gt;http://vmbuild.apache.org/continuum/projectView.action?projectId=155&lt;/a&gt;. The failure, when it happens, is:&lt;/p&gt;

&lt;p&gt;FilesystemObserverTestCase&lt;br/&gt;
  testFileCreate :&lt;br/&gt;
 junit.framework.AssertionFailedError&lt;br/&gt;
 junit.framework.AssertionFailedError: E&lt;span class=&quot;error&quot;&gt;&amp;#91;0 0 0 1 0 0&amp;#93;&lt;/span&gt;: No. of directories changed expected:&amp;lt;1&amp;gt; but was:&amp;lt;0&amp;gt;&lt;br/&gt;
       at junit.framework.Assert.fail(Assert.java:47)&lt;br/&gt;
       at junit.framework.Assert.failNotEquals(Assert.java:282)&lt;br/&gt;
       at junit.framework.Assert.assertEquals(Assert.java:64)&lt;br/&gt;
       at junit.framework.Assert.assertEquals(Assert.java:201)&lt;br/&gt;
       at org.apache.commons.io.monitor.FilesystemObserverTestCase.checkCollectionSizes(FilesystemObserverTestCase.java:424)&lt;br/&gt;
       at org.apache.commons.io.monitor.FilesystemObserverTestCase.testFileCreate(FilesystemObserverTestCase.java:203)&lt;/p&gt;
</description>
                <environment></environment>
        <key id="12414797">IO-196</key>
            <summary>Occasional FileSystemObserver test failures</summary>
                <type id="1" iconUrl="https://issues.apache.org/jira/images/icons/issuetypes/bug.png">Bug</type>
                                            <priority id="4" iconUrl="https://issues.apache.org/jira/images/icons/priorities/minor.png">Minor</priority>
                        <status id="6" iconUrl="https://issues.apache.org/jira/images/icons/statuses/closed.png" description="The issue is considered finished, the resolution is correct. Issues which are closed can be reopened.">Closed</status>
                    <statusCategory id="3" key="done" colorName="green"/>
                                    <resolution id="1">Fixed</resolution>
                                        <assignee username="-1">Unassigned</assignee>
                                    <reporter username="jukkaz">Jukka Zitting</reporter>
                        <labels>
                    </labels>
                <created>Sat, 14 Feb 2009 10:26:18 +0000</created>
                <updated>Thu, 10 Nov 2011 18:09:34 +0000</updated>
                            <resolved>Fri, 1 Oct 2010 01:38:06 +0000</resolved>
                                                    <fixVersion>2.0</fixVersion>
                                        <due></due>
                            <votes>0</votes>
                                    <watches>0</watches>
                                                                <comments>
                            <comment id="12674251" author="jukkaz" created="Tue, 17 Feb 2009 15:57:24 +0000"  >&lt;p&gt;Also the following test fails occasionally:&lt;/p&gt;

&lt;p&gt;FilesystemObserverTestCase&lt;br/&gt;
  testFileDelete :&lt;br/&gt;
 junit.framework.AssertionFailedError&lt;br/&gt;
 junit.framework.AssertionFailedError: E&lt;span class=&quot;error&quot;&gt;&amp;#91;0 0 0 0 0 1&amp;#93;&lt;/span&gt;: No. of directories changed expected:&amp;lt;1&amp;gt; but was:&amp;lt;0&amp;gt;&lt;br/&gt;
       at junit.framework.Assert.fail(Assert.java:47)&lt;br/&gt;
       at junit.framework.Assert.failNotEquals(Assert.java:282)&lt;br/&gt;
       at junit.framework.Assert.assertEquals(Assert.java:64)&lt;br/&gt;
       at junit.framework.Assert.assertEquals(Assert.java:201)&lt;br/&gt;
       at org.apache.commons.io.monitor.FilesystemObserverTestCase.checkCollectionSizes(FilesystemObserverTestCase.java:424)&lt;br/&gt;
       at org.apache.commons.io.monitor.FilesystemObserverTestCase.testFileDelete(FilesystemObserverTestCase.java:324)&lt;/p&gt;</comment>
                            <comment id="12916755" author="niallp" created="Fri, 1 Oct 2010 01:38:06 +0000"  >&lt;p&gt;Continuum doesn&apos;t have much historical data at the moment - the following shows all the builds where FilesystemObserverTestCase ran and in which ones it failed:&lt;/p&gt;

&lt;div class=&quot;code panel&quot; style=&quot;border-width: 1px;&quot;&gt;&lt;div class=&quot;codeContent panelContent&quot;&gt;
&lt;pre class=&quot;code-java&quot;&gt;
 	Sep 29, 2010 10:20:31 PM UTC OK
 	Sep 29, 2010 09:20:31 PM UTC OK
 	Sep 29, 2010 08:20:39 PM UTC OK
 	Sep 29, 2010 07:20:28 PM UTC testFileDelete E[0 0 0 0 0 1]: No. of directories changed expected:&amp;lt;1&amp;gt; but was:&amp;lt;0&amp;gt;
 	Sep 29, 2010 06:21:07 PM UTC OK
 	Sep 29, 2010 12:20:50 PM UTC OK
10	Sep 29, 2010 04:20:29 AM UTC OK
 	Sep 29, 2010 02:20:39 AM UTC testFileCreate F[0 0 0 1 0 0]: No. of directories changed expected:&amp;lt;1&amp;gt; but was:&amp;lt;0&amp;gt;
9	Sep 29, 2010 01:20:44 AM UTC OK
8	Sep 29, 2010 12:34:15 AM UTC OK
7	Sep 28, 2010 11:20:36 PM UTC OK
 	Sep 28, 2010 10:33:14 PM UTC testFileCreate E[0 0 0 1 0 0]: No. of directories changed expected:&amp;lt;1&amp;gt; but was:&amp;lt;0&amp;gt;
6	Sep 28, 2010 03:31:34 PM UTC OK
5	Sep 28, 2010 02:20:32 PM UTC OK
4	Sep 28, 2010 01:20:27 PM UTC OK
 	Sep 09, 2010 07:20:45 PM UTC testFileCreate E[0 0 0 1 0 0]: No. of directories changed expected:&amp;lt;1&amp;gt; but was:&amp;lt;0&amp;gt;
3	Sep 09, 2010 02:20:31 PM UTC OK
2	Sep 08, 2010 05:36:10 PM UTC OK
 	Sep 08, 2010 03:20:51 PM UTC OK
1	Aug 18, 2010 07:51:32 PM UTC OK
 	Aug 18, 2010 06:36:38 PM UTC OK
 	Aug 18, 2010 04:51:30 PM UTC OK
&lt;/pre&gt;
&lt;/div&gt;&lt;/div&gt;

&lt;p&gt;I then made some changes to FilesystemObserverTestCase  to hopefully reduce the failures:&lt;/p&gt;

&lt;p&gt;&lt;a href=&quot;http://svn.apache.org/viewvc?view=revision&amp;amp;revision=1002909&quot; class=&quot;external-link&quot; rel=&quot;nofollow&quot;&gt;http://svn.apache.org/viewvc?view=revision&amp;amp;revision=1002909&lt;/a&gt;&lt;/p&gt;

&lt;p&gt; Since then it has run 10 times without failing:&lt;/p&gt;

&lt;div class=&quot;code panel&quot; style=&quot;border-width: 1px;&quot;&gt;&lt;div class=&quot;codeContent panelContent&quot;&gt;
&lt;pre class=&quot;code-java&quot;&gt;
20	Oct 01, 2010 01:20:35 AM UTC
19	Sep 30, 2010 11:20:40 PM UTC
18	Sep 30, 2010 10:20:52 PM UTC
17	Sep 30, 2010 09:20:33 PM UTC
16	Sep 30, 2010 08:20:42 PM UTC
15	Sep 30, 2010 05:32:39 PM UTC
14	Sep 30, 2010 04:20:31 PM UTC
13	Sep 30, 2010 03:20:44 AM UTC
12	Sep 30, 2010 02:20:38 AM UTC
11	Sep 30, 2010 01:20:40 AM UTC
&lt;/pre&gt;
&lt;/div&gt;&lt;/div&gt;
</comment>
                            <comment id="12918888" author="niallp" created="Thu, 7 Oct 2010 11:20:48 +0000"  >&lt;p&gt;Here is the full log of Contiuum builds to date - along with all the causes of the FAILED builds and what changes were made to try and improve the situation:&lt;/p&gt;

&lt;div class=&quot;code panel&quot; style=&quot;border-width: 1px;&quot;&gt;&lt;div class=&quot;codeContent panelContent&quot;&gt;
&lt;pre class=&quot;code-java&quot;&gt;
52	Oct 08, 2010 01:28:59 AM UTC
51	Oct 08, 2010 12:33:07 AM UTC
--------------------------------------------------------------------------
FileSystemMonitorTestCase - revert r1002909 and &lt;span class=&quot;code-keyword&quot;&gt;try&lt;/span&gt; alternative fix &lt;span class=&quot;code-keyword&quot;&gt;for&lt;/span&gt; failures
--------------------------------------------------------------------------
50	Oct 07, 2010 05:27:22 PM UTC
--------------------------------------------------------------------------
FileCleaningTrackerTestCase - &lt;span class=&quot;code-keyword&quot;&gt;try&lt;/span&gt; to fix Gump OutOfMemoryError in r1005515
--------------------------------------------------------------------------
49	Oct 07, 2010 09:22:54 AM UTC
48	Oct 06, 2010 05:50:07 PM UTC
47	Oct 06, 2010 04:33:01 PM UTC
46	Oct 06, 2010 04:20:27 AM UTC
45	Oct 06, 2010 03:20:30 AM UTC
44	Oct 06, 2010 02:20:36 AM UTC
43	Oct 06, 2010 01:20:50 AM UTC
42	Oct 06, 2010 12:22:09 AM UTC
41	Oct 05, 2010 11:22:04 PM UTC
40	Oct 05, 2010 10:22:06 PM UTC
39	Oct 05, 2010 06:20:40 PM UTC
38	Oct 05, 2010 04:20:32 AM UTC
37	Oct 05, 2010 03:20:28 AM UTC
36	Oct 05, 2010 01:22:16 AM UTC
35	Oct 04, 2010 11:33:52 PM UTC
34	Oct 04, 2010 09:27:46 PM UTC
33	Oct 04, 2010 08:31:43 PM UTC
 	Oct 04, 2010 07:31:19 PM UTC ERROR - FileCleaningTrackerTestCase - OutOfMemoryError: Java heap space
32	Oct 04, 2010 06:20:44 PM UTC
31	Oct 04, 2010 06:20:52 AM UTC
30	Oct 04, 2010 05:20:33 AM UTC
 	Oct 04, 2010 04:22:37 AM UTC ERROR - FileSystemMonitorTestCase - Delete ./test-observer/file1.java not found
 	Oct 04, 2010 03:22:05 AM UTC ERROR - TailerTest - AssertionFailedError: fileNotFound should not be called expected:&amp;lt;0&amp;gt; but was:&amp;lt;241&amp;gt;
 	Oct 04, 2010 01:22:02 AM UTC ERROR - FileCleaningTrackerTestCase - OutOfMemoryError: Java heap space
29	Oct 04, 2010 12:20:42 AM UTC
28	Oct 03, 2010 11:33:49 PM UTC
27	Oct 02, 2010 01:20:27 AM UTC
26	Oct 01, 2010 11:20:33 PM UTC
25	Oct 01, 2010 10:20:41 PM UTC
24	Oct 01, 2010 09:47:52 PM UTC
23	Oct 01, 2010 05:20:33 PM UTC
22	Oct 01, 2010 03:29:58 AM UTC
21	Oct 01, 2010 02:19:26 AM UTC
20	Oct 01, 2010 01:20:35 AM UTC
19	Sep 30, 2010 11:20:40 PM UTC
18	Sep 30, 2010 10:20:52 PM UTC
17	Sep 30, 2010 09:20:33 PM UTC
16	Sep 30, 2010 08:20:42 PM UTC
15	Sep 30, 2010 05:32:39 PM UTC
14	Sep 30, 2010 04:20:31 PM UTC
13	Sep 30, 2010 03:20:44 AM UTC
12	Sep 30, 2010 02:20:38 AM UTC
-----------------------------------------------------------------------
FileCleaningTrackerTestCase - &lt;span class=&quot;code-keyword&quot;&gt;try&lt;/span&gt; to fix OutOfMemoryError in r1002920
-----------------------------------------------------------------------
11	Sep 30, 2010 01:20:40 AM UTC
-----------------------------------------------------------------------
FileSystemMonitorTestCase changed to &lt;span class=&quot;code-keyword&quot;&gt;try&lt;/span&gt; to reduce failures in r1002909
FileSystemUtilsTestCase fixed broken test in r1002794
-----------------------------------------------------------------------
	Sep 29, 2010 10:20:31 PM UTC ERROR - FileSystemUtilsTestCase &amp;amp; FileCleaningTrackerTestCase
 	Sep 29, 2010 09:20:31 PM UTC ERROR - FileSystemUtilsTestCase &amp;amp; FileCleaningTrackerTestCase
 	Sep 29, 2010 08:20:39 PM UTC ERROR - FileSystemUtilsTestCase 
 	Sep 29, 2010 07:20:28 PM UTC ERROR - FileSystemMonitorTestCase - testFileDelete E[0 0 0 0 0 1]
 	Sep 29, 2010 06:21:07 PM UTC ERROR - FileCleaningTrackerTestCase - OutOfMemoryError: Java heap space
        Sep 29, 2010 04:20:35 PM UTC Compile Error :(
 	Sep 29, 2010 12:20:50 PM UTC ERROR - FileCleaningTrackerTestCase - OutOfMemoryError: Java heap space
10	Sep 29, 2010 04:20:29 AM UTC
 	Sep 29, 2010 02:20:39 AM UTC ERROR - FileSystemMonitorTestCase - testFileCreate F[0 0 0 1 0 0]
9	Sep 29, 2010 01:20:44 AM UTC
8	Sep 29, 2010 12:34:15 AM UTC
7	Sep 28, 2010 11:20:36 PM UTC
 	Sep 28, 2010 10:33:14 PM UTC ERROR - FileSystemMonitorTestCase - testFileCreate E[0 0 0 1 0 0]
6	Sep 28, 2010 03:31:34 PM UTC
5	Sep 28, 2010 02:20:32 PM UTC
4	Sep 28, 2010 01:20:27 PM UTC
 	Sep 09, 2010 07:20:45 PM UTC ERROR - FileSystemMonitorTestCase - testFileCreate E[0 0 0 1 0 0]
3	Sep 09, 2010 02:20:31 PM UTC
2	Sep 08, 2010 05:36:10 PM UTC
 	Sep 08, 2010 03:20:51 PM UTC ERROR - FileCleaningTrackerTestCase - OutOfMemoryError: Java heap space
1	Aug 18, 2010 07:51:32 PM UTC
 	Aug 18, 2010 06:36:38 PM UTC ERROR - FileCleaningTrackerTestCase - OutOfMemoryError: Java heap space
 	Aug 18, 2010 04:51:30 PM UTC ERROR - FileCleaningTrackerTestCase - OutOfMemoryError: Java heap space
&lt;/pre&gt;
&lt;/div&gt;&lt;/div&gt;</comment>
                            <comment id="12919135" author="niallp" created="Fri, 8 Oct 2010 02:03:12 +0000"  >&lt;p&gt;Here are the recent gump failures from the mail archive - can&apos;t tell the cause though because gump only emails a portion of the output:&lt;/p&gt;

&lt;div class=&quot;code panel&quot; style=&quot;border-width: 1px;&quot;&gt;&lt;div class=&quot;codeContent panelContent&quot;&gt;
&lt;pre class=&quot;code-java&quot;&gt;
Gump	Aug 4, 2010 2:24 am	
Gump	Aug 9, 2010 8:08 pm	
Gump	Aug 10, 2010 7:26 am	
Gump	Aug 11, 2010 7:39 am	
Gump	Aug 13, 2010 1:38 am	
Gump	Aug 13, 2010 7:40 pm	
Gump	Aug 17, 2010 7:13 am	
Gump	Aug 22, 2010 1:30 pm	
Gump	Aug 24, 2010 1:31 am	
Gump	Aug 24, 2010 1:54 pm	
Gump	Aug 25, 2010 1:42 am	
Gump	Aug 27, 2010 7:22 am	
Gump	Aug 27, 2010 7:18 pm	
Gump	Aug 28, 2010 7:17 pm	
Gump	Aug 29, 2010 7:17 pm	
Gump	Aug 30, 2010 7:27 pm	
Gump	Aug 31, 2010 7:31 pm	
Gump	Sep 1, 2010 8:41 am	
Gump	Sep 1, 2010 7:36 pm	
Gump	Sep 2, 2010 7:11 pm	
Gump	Sep 3, 2010 7:11 am	
Gump	Sep 3, 2010 7:11 pm	
Gump	Sep 4, 2010 7:08 pm	
Gump	Sep 6, 2010 7:15 pm	
Gump	Sep 7, 2010 7:17 pm	
Gump	Sep 8, 2010 7:20 am	
Gump	Sep 8, 2010 7:26 pm	
Gump	Sep 9, 2010 7:30 pm	
Gump	Sep 10, 2010 7:23 pm	
Gump	Sep 11, 2010 7:19 pm	
Gump	Sep 12, 2010 7:14 pm	
Gump	Sep 13, 2010 7:24 pm	
Gump	Sep 14, 2010 7:25 pm	
Gump	Sep 15, 2010 7:23 pm	
Gump	Sep 16, 2010 7:33 pm	
Gump	Sep 18, 2010 2:16 am	
Gump	Sep 19, 2010 1:27 am	
Gump	Sep 19, 2010 1:14 pm	
Gump	Sep 20, 2010 1:28 am	
Gump	Sep 21, 2010 2:17 am	
Gump	Sep 22, 2010 1:31 am	
Gump	Sep 24, 2010 1:40 am	
Gump	Sep 25, 2010 1:34 pm	
Gump	Sep 26, 2010 1:29 am	
Gump	Sep 27, 2010 1:28 am	
Gump	Sep 28, 2010 1:28 am	
Gump	Sep 29, 2010 1:31 am	
Gump	Oct 1, 2010 1:38 am	
Gump	Oct 2, 2010 1:27 am	
Gump	Oct 3, 2010 2:27 am	
Gump	Oct 3, 2010 1:37 pm	
Gump	Oct 7, 2010 1:33 am	
&lt;/pre&gt;
&lt;/div&gt;&lt;/div&gt;</comment>
                    </comments>
                    <attachments>
                    </attachments>
                <subtasks>
                    </subtasks>
                <customfields>
                                                <customfield id="customfield_12310310" key="com.atlassian.jira.toolkit:attachments">
                        <customfieldname>Attachment count</customfieldname>
                        <customfieldvalues>
                            <customfieldvalue>0.0</customfieldvalue>
                        </customfieldvalues>
                    </customfield>
                                                                                                                                                                                                                                                                                                                                                                                                                                                                                                                                <customfield id="customfield_12310220" key="com.atlassian.jira.ext.charting:firstresponsedate">
                        <customfieldname>Date of First Response</customfieldname>
                        <customfieldvalues>
                            <customfieldvalue>Fri, 1 Oct 2010 01:38:06 +0000</customfieldvalue>

                        </customfieldvalues>
                    </customfield>
                                                                                                                                                                                                                                                                                                                                                                                                                                            <customfield id="customfield_12310420" key="com.pyxis.greenhopper.jira:gh-global-rank">
                        <customfieldname>Global Rank</customfieldname>
                        <customfieldvalues>
                            <customfieldvalue>139623</customfieldvalue>
                        </customfieldvalues>
                    </customfield>
                                                                                                                        <customfield id="customfield_12312521" key="com.atlassian.jira.toolkit:LastCommentDate">
                        <customfieldname>Last public comment date</customfieldname>
                        <customfieldvalues>
                            6 years, 7 weeks, 2 days ago
                        </customfieldvalues>
                    </customfield>
                                                                                            <customfield id="customfield_12311820" key="com.pyxis.greenhopper.jira:gh-lexo-rank">
                        <customfieldname>Rank</customfieldname>
                        <customfieldvalues>
                            <customfieldvalue>0|i0b13r:</customfieldvalue>

                        </customfieldvalues>
                    </customfield>
                                                                <customfield id="customfield_12310920" key="com.pyxis.greenhopper.jira:gh-global-rank">
                        <customfieldname>Rank (Obsolete)</customfieldname>
                        <customfieldvalues>
                            <customfieldvalue>62291</customfieldvalue>
                        </customfieldvalues>
                    </customfield>
                                                                                                                                                                                                                                        <customfield id="customfield_12310222" key="com.atlassian.jira.ext.charting:timeinstatus">
                        <customfieldname>Time in Status</customfieldname>
                        <customfieldvalues>
                            
                        </customfieldvalues>
                    </customfield>
                                                                                                                        </customfields>
    </item>
</channel>
</rss>