<!-- 
RSS generated by JIRA (6.3.4#6332-sha1:51bc225ef474afe3128b2f66878477f322397b16) at Sun Nov 20 17:25:11 UTC 2016

It is possible to restrict the fields that are returned in this document by specifying the 'field' parameter in your request.
For example, to request only the issue key and summary add field=key&field=summary to the URL of your request.
For example:
https://issues.apache.org/jira/si/jira.issueviews:issue-xml/IO-161/IO-161.xml?field=key&amp;field=summary
-->
<rss version="0.92" >
<channel>
    <title>ASF JIRA</title>
    <link>https://issues.apache.org/jira</link>
    <description>This file is an XML representation of an issue</description>
    <language>en-uk</language>    <build-info>
        <version>6.3.4</version>
        <build-number>6332</build-number>
        <build-date>15-08-2014</build-date>
    </build-info>

<item>
            <title>[IO-161] FileCleaningTrackerTestCase hangs</title>
                <link>https://issues.apache.org/jira/browse/IO-161</link>
                <project id="12310477" key="IO">Commons IO</project>
                    <description>&lt;p&gt;The following code in FileCleaningTrackerTestCase never exits, hanging the whole compilation/testing process:&lt;/p&gt;

&lt;p&gt;    private void waitUntilTrackCount() {&lt;br/&gt;
        while (theInstance.getTrackCount() != 0) {&lt;br/&gt;
            int total = 0;&lt;br/&gt;
            while (theInstance.getTrackCount() != 0) &lt;/p&gt;
{
                byte[] b = new byte[1024 * 1024];
                b[0] = (byte) System.currentTimeMillis();
                total = total + b[0];
                System.gc();
            }
&lt;p&gt;        }&lt;br/&gt;
    }&lt;/p&gt;

&lt;p&gt;It is clear that in theory this code might loop forever, as the allocation of the byte arrays might never unleash a garbage collection complete enough to deallocate all marker objects, so to bring the track count to zero. Believe me, it&apos;s not only theory &lt;img class=&quot;emoticon&quot; src=&quot;https://issues.apache.org/jira/images/icons/emoticons/smile.gif&quot; height=&quot;16&quot; width=&quot;16&quot; align=&quot;absmiddle&quot; alt=&quot;&quot; border=&quot;0&quot;/&gt;.&lt;/p&gt;</description>
                <environment>&lt;p&gt;Linux sliver.usr.dsi.unimi.it 2.6.22.14-72.fc6 #1 SMP Wed Nov 21 15:12:59 EST 2007 i686 i686 i386 GNU/Linux&lt;br/&gt;
java version &quot;1.5.0_10&quot;&lt;br/&gt;
Java(TM) 2 Runtime Environment, Standard Edition (build 1.5.0_10-b03)&lt;br/&gt;
Java HotSpot(TM) Client VM (build 1.5.0_10-b03, mixed mode, sharing)&lt;/p&gt;</environment>
        <key id="12392872">IO-161</key>
            <summary>FileCleaningTrackerTestCase hangs</summary>
                <type id="1" iconUrl="https://issues.apache.org/jira/images/icons/issuetypes/bug.png">Bug</type>
                                            <priority id="3" iconUrl="https://issues.apache.org/jira/images/icons/priorities/major.png">Major</priority>
                        <status id="6" iconUrl="https://issues.apache.org/jira/images/icons/statuses/closed.png" description="The issue is considered finished, the resolution is correct. Issues which are closed can be reopened.">Closed</status>
                    <statusCategory id="3" key="done" colorName="green"/>
                                    <resolution id="1">Fixed</resolution>
                                        <assignee username="niallp">Niall Pemberton</assignee>
                                    <reporter username="vigna">Sebastiano Vigna</reporter>
                        <labels>
                    </labels>
                <created>Tue, 1 Apr 2008 21:42:06 +0000</created>
                <updated>Wed, 21 Jul 2010 17:00:33 +0000</updated>
                            <resolved>Thu, 4 Dec 2008 00:07:02 +0000</resolved>
                                    <version>1.4</version>
                                    <fixVersion>2.0</fixVersion>
                                    <component>Utilities</component>
                        <due></due>
                            <votes>0</votes>
                                    <watches>0</watches>
                                                                <comments>
                            <comment id="12653074" author="niallp" created="Thu, 4 Dec 2008 00:07:02 +0000"  >&lt;p&gt;I have copied the code from BeanUtils MemoryLeakTestCase to try and force garbage collection. Hopefully that will be more successful in ytour environment, but if not then it should now throw an exception rather than hanging&lt;/p&gt;

&lt;p&gt;&lt;a href=&quot;http://svn.apache.org/viewvc?view=rev&amp;amp;revision=723153&quot; class=&quot;external-link&quot; rel=&quot;nofollow&quot;&gt;http://svn.apache.org/viewvc?view=rev&amp;amp;revision=723153&lt;/a&gt;&lt;/p&gt;</comment>
                    </comments>
                    <attachments>
                    </attachments>
                <subtasks>
                    </subtasks>
                <customfields>
                                                <customfield id="customfield_12310310" key="com.atlassian.jira.toolkit:attachments">
                        <customfieldname>Attachment count</customfieldname>
                        <customfieldvalues>
                            <customfieldvalue>0.0</customfieldvalue>
                        </customfieldvalues>
                    </customfield>
                                                                                                                                                                                                                                                                                                                                                                                                                                                                                                                                <customfield id="customfield_12310220" key="com.atlassian.jira.ext.charting:firstresponsedate">
                        <customfieldname>Date of First Response</customfieldname>
                        <customfieldvalues>
                            <customfieldvalue>Thu, 4 Dec 2008 00:07:02 +0000</customfieldvalue>

                        </customfieldvalues>
                    </customfield>
                                                                                                                                                                                                                                                                                                                                                                                                                                            <customfield id="customfield_12310420" key="com.pyxis.greenhopper.jira:gh-global-rank">
                        <customfieldname>Global Rank</customfieldname>
                        <customfieldvalues>
                            <customfieldvalue>139599</customfieldvalue>
                        </customfieldvalues>
                    </customfield>
                                                                                                                        <customfield id="customfield_12312521" key="com.atlassian.jira.toolkit:LastCommentDate">
                        <customfieldname>Last public comment date</customfieldname>
                        <customfieldvalues>
                            7 years, 51 weeks, 3 days ago
                        </customfieldvalues>
                    </customfield>
                                                                                            <customfield id="customfield_12311820" key="com.pyxis.greenhopper.jira:gh-lexo-rank">
                        <customfieldname>Rank</customfieldname>
                        <customfieldvalues>
                            <customfieldvalue>0|i0b167:</customfieldvalue>

                        </customfieldvalues>
                    </customfield>
                                                                <customfield id="customfield_12310920" key="com.pyxis.greenhopper.jira:gh-global-rank">
                        <customfieldname>Rank (Obsolete)</customfieldname>
                        <customfieldvalues>
                            <customfieldvalue>62302</customfieldvalue>
                        </customfieldvalues>
                    </customfield>
                                                                                                                                                                                                                                        <customfield id="customfield_12310222" key="com.atlassian.jira.ext.charting:timeinstatus">
                        <customfieldname>Time in Status</customfieldname>
                        <customfieldvalues>
                            
                        </customfieldvalues>
                    </customfield>
                                                                                                                        </customfields>
    </item>
</channel>
</rss>