<!-- 
RSS generated by JIRA (6.3.4#6332-sha1:51bc225ef474afe3128b2f66878477f322397b16) at Sun Nov 20 14:50:37 UTC 2016

It is possible to restrict the fields that are returned in this document by specifying the 'field' parameter in your request.
For example, to request only the issue key and summary add field=key&field=summary to the URL of your request.
For example:
https://issues.apache.org/jira/si/jira.issueviews:issue-xml/IO-112/IO-112.xml?field=key&amp;field=summary
-->
<rss version="0.92" >
<channel>
    <title>ASF JIRA</title>
    <link>https://issues.apache.org/jira</link>
    <description>This file is an XML representation of an issue</description>
    <language>en-uk</language>    <build-info>
        <version>6.3.4</version>
        <build-number>6332</build-number>
        <build-date>15-08-2014</build-date>
    </build-info>

<item>
            <title>[IO-112] NPE in FileUtils.openOutputStream(File) when file has no parent in path.</title>
                <link>https://issues.apache.org/jira/browse/IO-112</link>
                <project id="12310477" key="IO">Commons IO</project>
                    <description>&lt;p&gt;----&lt;del&gt;Original Message&lt;/del&gt;----&lt;br/&gt;
From: deng xinzi &lt;span class=&quot;nobr&quot;&gt;&lt;a href=&quot;mailto:xinzi6388@gmail.com&quot; class=&quot;external-link&quot; rel=&quot;nofollow&quot;&gt;xinzi6388@gmail.com&lt;sup&gt;&lt;img class=&quot;rendericon&quot; src=&quot;https://issues.apache.org/jira/images/icons/mail_small.gif&quot; height=&quot;12&quot; width=&quot;13&quot; align=&quot;absmiddle&quot; alt=&quot;&quot; border=&quot;0&quot;/&gt;&lt;/sup&gt;&lt;/a&gt;&lt;/span&gt; &lt;br/&gt;
Sent: Sunday, February 04, 2007 6:19 AM&lt;br/&gt;
To: commons-dev@jakarta.apache.org&lt;br/&gt;
Subject: &lt;span class=&quot;error&quot;&gt;&amp;#91;bug&amp;#93;&lt;/span&gt;commons-io 1.3 FileUtils.openOutputStream(File file) NullPointException&lt;/p&gt;

&lt;p&gt;FileUtils.openOutputStream(File file)&lt;br/&gt;
When the file = new File( &quot;abc.txt&quot; );&lt;br/&gt;
There will be a NullPointerException throw.&lt;br/&gt;
Cause&lt;br/&gt;
file = new File(&quot;abc.txt&quot;)&lt;br/&gt;
file.getParentFile() returns null.&lt;/p&gt;

&lt;p&gt;So I suggest adding the null check code like this.&lt;/p&gt;

&lt;p&gt;            File parent = file.getParentFile();&lt;br/&gt;
            if( parent &lt;span class=&quot;error&quot;&gt;Unable to render embedded object: File (= null ) {   // ADD THIS) not found.&lt;/span&gt;!!&lt;br/&gt;
              if (parent.exists() == false) {&lt;br/&gt;
                if (parent.mkdirs() == false) &lt;/p&gt;
{
                    throw new IOException(&quot;File &apos;&quot; + file + &quot;&apos; could not be
created&quot;);
                }
&lt;p&gt;              }&lt;br/&gt;
            }&lt;/p&gt;


&lt;p&gt;                                       Xinzi ...&lt;/p&gt;</description>
                <environment>&lt;p&gt;Sun Java 1.4.2_13. &lt;br/&gt;
Windows XP SP2 + current patches.&lt;br/&gt;
Eclipse 3.3M4.&lt;/p&gt;</environment>
        <key id="12361958">IO-112</key>
            <summary>NPE in FileUtils.openOutputStream(File) when file has no parent in path.</summary>
                <type id="1" iconUrl="https://issues.apache.org/jira/images/icons/issuetypes/bug.png">Bug</type>
                                            <priority id="3" iconUrl="https://issues.apache.org/jira/images/icons/priorities/major.png">Major</priority>
                        <status id="6" iconUrl="https://issues.apache.org/jira/images/icons/statuses/closed.png" description="The issue is considered finished, the resolution is correct. Issues which are closed can be reopened.">Closed</status>
                    <statusCategory id="3" key="done" colorName="green"/>
                                    <resolution id="1">Fixed</resolution>
                                        <assignee username="garydgregory">Gary Gregory</assignee>
                                    <reporter username="garydgregory">Gary Gregory</reporter>
                        <labels>
                    </labels>
                <created>Sun, 4 Feb 2007 22:12:41 +0000</created>
                <updated>Thu, 10 Mar 2011 22:30:34 +0000</updated>
                            <resolved>Sun, 4 Feb 2007 22:17:16 +0000</resolved>
                                    <version>1.3</version>
                                    <fixVersion>1.3.1</fixVersion>
                                    <component>Utilities</component>
                        <due></due>
                            <votes>0</votes>
                                    <watches>0</watches>
                                                                <comments>
                            <comment id="12470096" author="ggregory@seagullsw.com" created="Sun, 4 Feb 2007 22:17:16 +0000"  >&lt;p&gt;Fixed in SVN.&lt;/p&gt;</comment>
                    </comments>
                    <attachments>
                    </attachments>
                <subtasks>
                    </subtasks>
                <customfields>
                                                <customfield id="customfield_12310310" key="com.atlassian.jira.toolkit:attachments">
                        <customfieldname>Attachment count</customfieldname>
                        <customfieldvalues>
                            <customfieldvalue>0.0</customfieldvalue>
                        </customfieldvalues>
                    </customfield>
                                                                                                                                                                                                                                                                                                                                                                                                                                                                                                                                <customfield id="customfield_12310220" key="com.atlassian.jira.ext.charting:firstresponsedate">
                        <customfieldname>Date of First Response</customfieldname>
                        <customfieldvalues>
                            <customfieldvalue>Sun, 4 Feb 2007 22:17:16 +0000</customfieldvalue>

                        </customfieldvalues>
                    </customfield>
                                                                                                                                                                                                                                                                                                                                                                                                                                            <customfield id="customfield_12310420" key="com.pyxis.greenhopper.jira:gh-global-rank">
                        <customfieldname>Global Rank</customfieldname>
                        <customfieldvalues>
                            <customfieldvalue>40301</customfieldvalue>
                        </customfieldvalues>
                    </customfield>
                                                                                                                        <customfield id="customfield_12312521" key="com.atlassian.jira.toolkit:LastCommentDate">
                        <customfieldname>Last public comment date</customfieldname>
                        <customfieldvalues>
                            9 years, 42 weeks, 6 days ago
                        </customfieldvalues>
                    </customfield>
                                                                                            <customfield id="customfield_12311820" key="com.pyxis.greenhopper.jira:gh-lexo-rank">
                        <customfieldname>Rank</customfieldname>
                        <customfieldvalues>
                            <customfieldvalue>0|i0smev:</customfieldvalue>

                        </customfieldvalues>
                    </customfield>
                                                                <customfield id="customfield_12310920" key="com.pyxis.greenhopper.jira:gh-global-rank">
                        <customfieldname>Rank (Obsolete)</customfieldname>
                        <customfieldvalues>
                            <customfieldvalue>165108</customfieldvalue>
                        </customfieldvalues>
                    </customfield>
                                                                                                                                                                                                                                        <customfield id="customfield_12310222" key="com.atlassian.jira.ext.charting:timeinstatus">
                        <customfieldname>Time in Status</customfieldname>
                        <customfieldvalues>
                            
                        </customfieldvalues>
                    </customfield>
                                                                                                                        </customfields>
    </item>
</channel>
</rss>