<!-- 
RSS generated by JIRA (6.3.4#6332-sha1:51bc225ef474afe3128b2f66878477f322397b16) at Thu Dec 01 19:02:05 UTC 2016

It is possible to restrict the fields that are returned in this document by specifying the 'field' parameter in your request.
For example, to request only the issue key and summary add field=key&field=summary to the URL of your request.
For example:
https://issues.apache.org/jira/si/jira.issueviews:issue-xml/IO-141/IO-141.xml?field=key&amp;field=summary
-->
<rss version="0.92" >
<channel>
    <title>ASF JIRA</title>
    <link>https://issues.apache.org/jira</link>
    <description>This file is an XML representation of an issue</description>
    <language>en-uk</language>    <build-info>
        <version>6.3.4</version>
        <build-number>6332</build-number>
        <build-date>15-08-2014</build-date>
    </build-info>

<item>
            <title>[IO-141] Infinite loop on FileUtils.copyDirectory when the destination directory is within the source directory</title>
                <link>https://issues.apache.org/jira/browse/IO-141</link>
                <project id="12310477" key="IO">Commons IO</project>
                    <description>&lt;p&gt;When you attempt to copy a directory and the destination directory is inside the source directory an inifinite loop occurs in the copyDirectory causing Commons-IO to create a folder w/o stopping until its reaches OS limitation.&lt;/p&gt;

&lt;p&gt;This code will recreate the bug:&lt;/p&gt;

&lt;p&gt;FileUtils.copyDirectory(new File(&quot;C:\\temp\\test-io\\a&lt;br class=&quot;atl-forced-newline&quot; /&gt;.&quot;), new File(&quot;C:\\temp\\test-io\\a&lt;br class=&quot;atl-forced-newline&quot; /&gt;.&quot; + File.separator + new Date().getTime()));&lt;/p&gt;

&lt;p&gt;Make sure C:\temp\test-io\a exists&lt;/p&gt;</description>
                <environment>&lt;p&gt;Win XP&lt;/p&gt;</environment>
        <key id="12383677">IO-141</key>
            <summary>Infinite loop on FileUtils.copyDirectory when the destination directory is within the source directory</summary>
                <type id="1" iconUrl="https://issues.apache.org/jira/images/icons/issuetypes/bug.png">Bug</type>
                                            <priority id="2" iconUrl="https://issues.apache.org/jira/images/icons/priorities/critical.png">Critical</priority>
                        <status id="6" iconUrl="https://issues.apache.org/jira/images/icons/statuses/closed.png" description="The issue is considered finished, the resolution is correct. Issues which are closed can be reopened.">Closed</status>
                    <statusCategory id="3" key="done" colorName="green"/>
                                    <resolution id="1">Fixed</resolution>
                                        <assignee username="niallp">Niall Pemberton</assignee>
                                    <reporter username="vafada">Mark Bryan Yu</reporter>
                        <labels>
                    </labels>
                <created>Fri, 30 Nov 2007 22:09:59 +0000</created>
                <updated>Wed, 21 Apr 2010 19:21:28 +0000</updated>
                            <resolved>Sat, 5 Jan 2008 15:15:36 +0000</resolved>
                                    <version>1.3.2</version>
                                    <fixVersion>1.4</fixVersion>
                                    <component>Utilities</component>
                        <due></due>
                            <votes>0</votes>
                                    <watches>1</watches>
                                                                <comments>
                            <comment id="12547306" author="vafada" created="Fri, 30 Nov 2007 22:12:54 +0000"  >&lt;p&gt;Patch to fix the recursion bug. &lt;/p&gt;

&lt;p&gt;This patch will check the canonical path of the destination directory and the absolute path of the File objects from listFiles(). If they are equal, then don&apos;t copy the destination directory and continue the iteration&lt;/p&gt;</comment>
                            <comment id="12556235" author="niallp" created="Sat, 5 Jan 2008 15:15:36 +0000"  >&lt;p&gt;Mark,&lt;/p&gt;

&lt;p&gt;Thanks for the patch Mark, but there are two issues with it. Firstly it only resolves the recusion issue when copying to a directory directly below the destination (i.e &quot;child&quot;), but not for deeper levels (i.e. grandchild or below). Secondly its inconsistent IMO since it only partially copies the source directory and should IMO be ignoring only directories or files created by the copy.&lt;/p&gt;

&lt;p&gt;I have applied an alternative solution to fix this which deals with the above two issues&lt;br/&gt;
   &lt;a href=&quot;http://svn.apache.org/viewvc?rev=609147&amp;amp;view=rev:&quot; class=&quot;external-link&quot; rel=&quot;nofollow&quot;&gt;http://svn.apache.org/viewvc?rev=609147&amp;amp;view=rev:&lt;/a&gt;&lt;/p&gt;</comment>
                            <comment id="12859490" author="shaun3180" created="Wed, 21 Apr 2010 19:21:27 +0000"  >&lt;p&gt;For anyone who may have fallen victim to the above bug, and is using Windows, and now wants to be able to delete all those nested folders, you may want to take a look at &lt;/p&gt;

&lt;p&gt;&lt;a href=&quot;http://www.jowie.com/blog/post/2008/10/27/HOW-TO-Remove-files-that-have-a-path-that-is-too-long-for-Windows-to-delete.aspx&quot; class=&quot;external-link&quot; rel=&quot;nofollow&quot;&gt;http://www.jowie.com/blog/post/2008/10/27/HOW-TO-Remove-files-that-have-a-path-that-is-too-long-for-Windows-to-delete.aspx&lt;/a&gt;&lt;/p&gt;

&lt;p&gt;in order to delete the folders using robocopy.&lt;/p&gt;</comment>
                    </comments>
                    <attachments>
                            <attachment id="12370713" name="fix_recursion_bug.patch" size="737" author="vafada" created="Fri, 30 Nov 2007 23:48:13 +0000"/>
                    </attachments>
                <subtasks>
                    </subtasks>
                <customfields>
                                                <customfield id="customfield_12310310" key="com.atlassian.jira.toolkit:attachments">
                        <customfieldname>Attachment count</customfieldname>
                        <customfieldvalues>
                            <customfieldvalue>1.0</customfieldvalue>
                        </customfieldvalues>
                    </customfield>
                                                                                                                                                                                                                                                                                                                                                                                                                                                                                                                                <customfield id="customfield_12310220" key="com.atlassian.jira.ext.charting:firstresponsedate">
                        <customfieldname>Date of First Response</customfieldname>
                        <customfieldvalues>
                            <customfieldvalue>Sat, 5 Jan 2008 15:15:36 +0000</customfieldvalue>

                        </customfieldvalues>
                    </customfield>
                                                                                                                                                                                                                                                                                                                                                                                                                                            <customfield id="customfield_12310420" key="com.pyxis.greenhopper.jira:gh-global-rank">
                        <customfieldname>Global Rank</customfieldname>
                        <customfieldvalues>
                            <customfieldvalue>40289</customfieldvalue>
                        </customfieldvalues>
                    </customfield>
                                                                                                                        <customfield id="customfield_12312521" key="com.atlassian.jira.toolkit:LastCommentDate">
                        <customfieldname>Last public comment date</customfieldname>
                        <customfieldvalues>
                            6 years, 33 weeks ago
                        </customfieldvalues>
                    </customfield>
                                                                                            <customfield id="customfield_12311820" key="com.pyxis.greenhopper.jira:gh-lexo-rank">
                        <customfieldname>Rank</customfieldname>
                        <customfieldvalues>
                            <customfieldvalue>0|i0sm93:</customfieldvalue>

                        </customfieldvalues>
                    </customfield>
                                                                <customfield id="customfield_12310920" key="com.pyxis.greenhopper.jira:gh-global-rank">
                        <customfieldname>Rank (Obsolete)</customfieldname>
                        <customfieldvalues>
                            <customfieldvalue>165082</customfieldvalue>
                        </customfieldvalues>
                    </customfield>
                                                                                                                                                                                                                                        <customfield id="customfield_12310222" key="com.atlassian.jira.ext.charting:timeinstatus">
                        <customfieldname>Time in Status</customfieldname>
                        <customfieldvalues>
                            
                        </customfieldvalues>
                    </customfield>
                                                                                                                        </customfields>
    </item>
</channel>
</rss>