<!-- 
RSS generated by JIRA (6.3.4#6332-sha1:51bc225ef474afe3128b2f66878477f322397b16) at Thu Dec 01 18:48:50 UTC 2016

It is possible to restrict the fields that are returned in this document by specifying the 'field' parameter in your request.
For example, to request only the issue key and summary add field=key&field=summary to the URL of your request.
For example:
https://issues.apache.org/jira/si/jira.issueviews:issue-xml/IO-102/IO-102.xml?field=key&amp;field=summary
-->
<rss version="0.92" >
<channel>
    <title>ASF JIRA</title>
    <link>https://issues.apache.org/jira</link>
    <description>This file is an XML representation of an issue</description>
    <language>en-uk</language>    <build-info>
        <version>6.3.4</version>
        <build-number>6332</build-number>
        <build-date>15-08-2014</build-date>
    </build-info>

<item>
            <title>[IO-102] Potential unread bytes in readSwappedLong(InputStream)</title>
                <link>https://issues.apache.org/jira/browse/IO-102</link>
                <project id="12310477" key="IO">Commons IO</project>
                    <description>&lt;p&gt;In:&lt;/p&gt;

&lt;p&gt;        byte[] bytes = new byte&lt;span class=&quot;error&quot;&gt;&amp;#91;8&amp;#93;&lt;/span&gt;;&lt;br/&gt;
        input.read( bytes );&lt;br/&gt;
        return readSwappedLong( bytes, 0 );&lt;/p&gt;

&lt;p&gt;There is no check on the int return value from input.read, so it&apos;s possible that 8 bytes won&apos;t be read.&lt;/p&gt;</description>
                <environment></environment>
        <key id="12357833">IO-102</key>
            <summary>Potential unread bytes in readSwappedLong(InputStream)</summary>
                <type id="1" iconUrl="https://issues.apache.org/jira/images/icons/issuetypes/bug.png">Bug</type>
                                            <priority id="4" iconUrl="https://issues.apache.org/jira/images/icons/priorities/minor.png">Minor</priority>
                        <status id="6" iconUrl="https://issues.apache.org/jira/images/icons/statuses/closed.png" description="The issue is considered finished, the resolution is correct. Issues which are closed can be reopened.">Closed</status>
                    <statusCategory id="3" key="done" colorName="green"/>
                                    <resolution id="1">Fixed</resolution>
                                        <assignee username="-1">Unassigned</assignee>
                                    <reporter username="bayard">Henri Yandell</reporter>
                        <labels>
                    </labels>
                <created>Wed, 6 Dec 2006 00:00:37 +0000</created>
                <updated>Fri, 9 Mar 2007 20:38:24 +0000</updated>
                            <resolved>Wed, 6 Dec 2006 00:21:08 +0000</resolved>
                                                    <fixVersion>1.3</fixVersion>
                                    <component>Utilities</component>
                        <due></due>
                            <votes>0</votes>
                                    <watches>0</watches>
                                                                <comments>
                            <comment id="12455811" author="bayard" created="Wed, 6 Dec 2006 00:01:02 +0000"  >&lt;p&gt;Patch to fix this.&lt;/p&gt;</comment>
                            <comment id="12455817" author="bayard" created="Wed, 6 Dec 2006 00:05:12 +0000"  >&lt;p&gt;Patch to fix this issue.&lt;/p&gt;</comment>
                            <comment id="12455825" author="bayard" created="Wed, 6 Dec 2006 00:21:08 +0000"  >&lt;p&gt;svn ci -m &quot;Applying my patch from #&lt;a href=&quot;https://issues.apache.org/jira/browse/IO-102&quot; title=&quot;Potential unread bytes in readSwappedLong(InputStream)&quot; class=&quot;issue-link&quot; data-issue-key=&quot;IO-102&quot;&gt;&lt;del&gt;IO-102&lt;/del&gt;&lt;/a&gt; - fixes readSwappedLong(InputStream) for the possibility that not all 8 bytes would be read by input.read(bytes)&quot; &lt;/p&gt;

&lt;p&gt;Sending        src/java/org/apache/commons/io/EndianUtils.java&lt;br/&gt;
Transmitting file data .&lt;br/&gt;
Committed revision 482840.&lt;/p&gt;</comment>
                    </comments>
                    <attachments>
                            <attachment id="12346495" name="IO-102.patch" size="530" author="bayard" created="Wed, 6 Dec 2006 00:05:12 +0000"/>
                    </attachments>
                <subtasks>
                    </subtasks>
                <customfields>
                                                <customfield id="customfield_12310310" key="com.atlassian.jira.toolkit:attachments">
                        <customfieldname>Attachment count</customfieldname>
                        <customfieldvalues>
                            <customfieldvalue>1.0</customfieldvalue>
                        </customfieldvalues>
                    </customfield>
                                                                                                                                                                                                                                                                                                                                                                                                                                                                                                                                                                                                                                                                                                                                                                                                                                                                                                                                        <customfield id="customfield_12310420" key="com.pyxis.greenhopper.jira:gh-global-rank">
                        <customfieldname>Global Rank</customfieldname>
                        <customfieldvalues>
                            <customfieldvalue>139552</customfieldvalue>
                        </customfieldvalues>
                    </customfield>
                                                                                                                        <customfield id="customfield_12312521" key="com.atlassian.jira.toolkit:LastCommentDate">
                        <customfieldname>Last public comment date</customfieldname>
                        <customfieldvalues>
                            10 years, 1 week, 1 day ago
                        </customfieldvalues>
                    </customfield>
                                                                                            <customfield id="customfield_12311820" key="com.pyxis.greenhopper.jira:gh-lexo-rank">
                        <customfieldname>Rank</customfieldname>
                        <customfieldvalues>
                            <customfieldvalue>0|i0smh3:</customfieldvalue>

                        </customfieldvalues>
                    </customfield>
                                                                <customfield id="customfield_12310920" key="com.pyxis.greenhopper.jira:gh-global-rank">
                        <customfieldname>Rank (Obsolete)</customfieldname>
                        <customfieldvalues>
                            <customfieldvalue>165118</customfieldvalue>
                        </customfieldvalues>
                    </customfield>
                                                                                                                                                                                                                                        <customfield id="customfield_12310222" key="com.atlassian.jira.ext.charting:timeinstatus">
                        <customfieldname>Time in Status</customfieldname>
                        <customfieldvalues>
                            
                        </customfieldvalues>
                    </customfield>
                                                                                                                        </customfields>
    </item>
</channel>
</rss>