<!-- 
RSS generated by JIRA (6.3.4#6332-sha1:51bc225ef474afe3128b2f66878477f322397b16) at Sun Nov 20 15:55:47 UTC 2016

It is possible to restrict the fields that are returned in this document by specifying the 'field' parameter in your request.
For example, to request only the issue key and summary add field=key&field=summary to the URL of your request.
For example:
https://issues.apache.org/jira/si/jira.issueviews:issue-xml/IO-113/IO-113.xml?field=key&amp;field=summary
-->
<rss version="0.92" >
<channel>
    <title>ASF JIRA</title>
    <link>https://issues.apache.org/jira</link>
    <description>This file is an XML representation of an issue</description>
    <language>en-uk</language>    <build-info>
        <version>6.3.4</version>
        <build-number>6332</build-number>
        <build-date>15-08-2014</build-date>
    </build-info>

<item>
            <title>[IO-113] FileUtils.readFileToString is not static</title>
                <link>https://issues.apache.org/jira/browse/IO-113</link>
                <project id="12310477" key="IO">Commons IO</project>
                    <description>&lt;p&gt;FileUtils.readFileToString isn&apos;t static.  It should be; since the constructor for FileUtils says &quot;Instances should NOT be constructed in standard programming&quot;, this makes readFileToString unusable.  Right now I&apos;m using FileUtils.readBytesToByteArray(file).toString().&lt;/p&gt;</description>
                <environment></environment>
        <key id="12362231">IO-113</key>
            <summary>FileUtils.readFileToString is not static</summary>
                <type id="1" iconUrl="https://issues.apache.org/jira/images/icons/issuetypes/bug.png">Bug</type>
                                            <priority id="3" iconUrl="https://issues.apache.org/jira/images/icons/priorities/major.png">Major</priority>
                        <status id="6" iconUrl="https://issues.apache.org/jira/images/icons/statuses/closed.png" description="The issue is considered finished, the resolution is correct. Issues which are closed can be reopened.">Closed</status>
                    <statusCategory id="3" key="done" colorName="green"/>
                                    <resolution id="1">Fixed</resolution>
                                        <assignee username="-1">Unassigned</assignee>
                                    <reporter username="raul">Raul Acevedo</reporter>
                        <labels>
                    </labels>
                <created>Wed, 7 Feb 2007 19:05:03 +0000</created>
                <updated>Fri, 9 Mar 2007 20:38:25 +0000</updated>
                            <resolved>Fri, 9 Feb 2007 00:27:03 +0000</resolved>
                                    <version>1.3</version>
                                    <fixVersion>1.3.1</fixVersion>
                                    <component>Utilities</component>
                        <due></due>
                            <votes>0</votes>
                                    <watches>0</watches>
                                                                <comments>
                            <comment id="12471074" author="bayard" created="Wed, 7 Feb 2007 19:37:27 +0000"  >&lt;p&gt;I&apos;m a moron - thanks for reporting this Raul.&lt;/p&gt;

&lt;p&gt;svn ci -m &quot;&lt;a href=&quot;https://issues.apache.org/jira/browse/IO-113&quot; title=&quot;FileUtils.readFileToString is not static&quot; class=&quot;issue-link&quot; data-issue-key=&quot;IO-113&quot;&gt;&lt;del&gt;IO-113&lt;/del&gt;&lt;/a&gt; points out that readFileToString(File) was not static. &lt;b&gt;hits self&lt;/b&gt;&quot; src/&lt;br/&gt;
Sending        src/java/org/apache/commons/io/FileUtils.java&lt;br/&gt;
Transmitting file data .&lt;br/&gt;
Committed revision 504659.&lt;/p&gt;</comment>
                            <comment id="12471077" author="raul" created="Wed, 7 Feb 2007 19:40:30 +0000"  >&lt;p&gt;&lt;img class=&quot;emoticon&quot; src=&quot;https://issues.apache.org/jira/images/icons/emoticons/smile.gif&quot; height=&quot;16&quot; width=&quot;16&quot; align=&quot;absmiddle&quot; alt=&quot;&quot; border=&quot;0&quot;/&gt;&lt;/p&gt;

&lt;p&gt;No worries, I&apos;m just surprised someone didn&apos;t catch this earlier.  Thanks!&lt;/p&gt;</comment>
                            <comment id="12471117" author="scolebourne" created="Wed, 7 Feb 2007 21:48:15 +0000"  >&lt;p&gt;Problem is that the fix is binary incompatible &lt;img class=&quot;emoticon&quot; src=&quot;https://issues.apache.org/jira/images/icons/emoticons/sad.gif&quot; height=&quot;16&quot; width=&quot;16&quot; align=&quot;absmiddle&quot; alt=&quot;&quot; border=&quot;0&quot;/&gt;&lt;br/&gt;
It is source compatible though.&lt;/p&gt;

&lt;p&gt;Two choices:&lt;br/&gt;
a) use a different method name&lt;br/&gt;
b) produce 1.3.1 now with the binary incompatible change as 1.3 was only just completed&lt;/p&gt;</comment>
                            <comment id="12471121" author="raul" created="Wed, 7 Feb 2007 22:00:30 +0000"  >&lt;p&gt;I would fix it in 1.3.1 with a binary incompatible change.  One time pain for long term gain... It&apos;s really nice that all the methods are sensibly and compatibly named.&lt;/p&gt;

&lt;p&gt;However, it&apos;s easy for me to say, I&apos;ll go with whatever the wider community supports, especially those who are more aware of the impacts of a binary incompatible change.&lt;/p&gt;</comment>
                            <comment id="12471404" author="bayard" created="Thu, 8 Feb 2007 16:58:11 +0000"  >&lt;p&gt;We could keep the instance method and make it deprecated. That would keep it binary incompatible.&lt;/p&gt;</comment>
                            <comment id="12471436" author="raul" created="Thu, 8 Feb 2007 18:52:41 +0000"  >&lt;p&gt;You mean keep it binary compatible?  &lt;img class=&quot;emoticon&quot; src=&quot;https://issues.apache.org/jira/images/icons/emoticons/smile.gif&quot; height=&quot;16&quot; width=&quot;16&quot; align=&quot;absmiddle&quot; alt=&quot;&quot; border=&quot;0&quot;/&gt;  That works for me.&lt;/p&gt;

&lt;p&gt;Why does this class have a public constructor anyway?&lt;/p&gt;</comment>
                            <comment id="12471461" author="bayard" created="Thu, 8 Feb 2007 19:39:25 +0000"  >&lt;p&gt;For tools that don&apos;t allow static invocation. Velocity was the main reason why we add an empty constructor with warnings not to use it to each XxxUtils class we have.&lt;/p&gt;</comment>
                            <comment id="12471465" author="raul" created="Thu, 8 Feb 2007 19:52:13 +0000"  >&lt;p&gt;That&apos;s silly.  I would have kept the API clean and made Velocity owners complain to the writers of that tool to fix it, since that is a bug in the tool.  It shouldn&apos;t be reflected in the API.&lt;/p&gt;

&lt;p&gt;Anyway, thanks for the help!  When will this fix be released?&lt;/p&gt;</comment>
                            <comment id="12471523" author="scolebourne" created="Thu, 8 Feb 2007 23:31:55 +0000"  >&lt;p&gt;I think that we can probably get away with option (b) if we are quick enough.&lt;/p&gt;</comment>
                            <comment id="12471539" author="bayard" created="Fri, 9 Feb 2007 00:27:03 +0000"  >&lt;p&gt;I&apos;ll build a 1.3.1 tonight. It&apos;ll contain this issue and &lt;a href=&quot;https://issues.apache.org/jira/browse/IO-112&quot; title=&quot;NPE in FileUtils.openOutputStream(File) when file has no parent in path.&quot; class=&quot;issue-link&quot; data-issue-key=&quot;IO-112&quot;&gt;&lt;del&gt;IO-112&lt;/del&gt;&lt;/a&gt;.&lt;/p&gt;</comment>
                    </comments>
                    <attachments>
                    </attachments>
                <subtasks>
                    </subtasks>
                <customfields>
                                                <customfield id="customfield_12310310" key="com.atlassian.jira.toolkit:attachments">
                        <customfieldname>Attachment count</customfieldname>
                        <customfieldvalues>
                            <customfieldvalue>0.0</customfieldvalue>
                        </customfieldvalues>
                    </customfield>
                                                                                                                                                                                                                                                                                                                                                                                                                                                                                                                                <customfield id="customfield_12310220" key="com.atlassian.jira.ext.charting:firstresponsedate">
                        <customfieldname>Date of First Response</customfieldname>
                        <customfieldvalues>
                            <customfieldvalue>Wed, 7 Feb 2007 19:37:27 +0000</customfieldvalue>

                        </customfieldvalues>
                    </customfield>
                                                                                                                                                                                                                                                                                                                                                                                                                                            <customfield id="customfield_12310420" key="com.pyxis.greenhopper.jira:gh-global-rank">
                        <customfieldname>Global Rank</customfieldname>
                        <customfieldvalues>
                            <customfieldvalue>139561</customfieldvalue>
                        </customfieldvalues>
                    </customfield>
                                                                                                                        <customfield id="customfield_12312521" key="com.atlassian.jira.toolkit:LastCommentDate">
                        <customfieldname>Last public comment date</customfieldname>
                        <customfieldvalues>
                            9 years, 42 weeks, 2 days ago
                        </customfieldvalues>
                    </customfield>
                                                                                            <customfield id="customfield_12311820" key="com.pyxis.greenhopper.jira:gh-lexo-rank">
                        <customfieldname>Rank</customfieldname>
                        <customfieldvalues>
                            <customfieldvalue>0|i0smen:</customfieldvalue>

                        </customfieldvalues>
                    </customfield>
                                                                <customfield id="customfield_12310920" key="com.pyxis.greenhopper.jira:gh-global-rank">
                        <customfieldname>Rank (Obsolete)</customfieldname>
                        <customfieldvalues>
                            <customfieldvalue>165107</customfieldvalue>
                        </customfieldvalues>
                    </customfield>
                                                                                                                                                                                                                                        <customfield id="customfield_12310222" key="com.atlassian.jira.ext.charting:timeinstatus">
                        <customfieldname>Time in Status</customfieldname>
                        <customfieldvalues>
                            
                        </customfieldvalues>
                    </customfield>
                                                                                                                        </customfields>
    </item>
</channel>
</rss>