<!-- 
RSS generated by JIRA (6.3.4#6332-sha1:51bc225ef474afe3128b2f66878477f322397b16) at Sun Nov 20 14:51:57 UTC 2016

It is possible to restrict the fields that are returned in this document by specifying the 'field' parameter in your request.
For example, to request only the issue key and summary add field=key&field=summary to the URL of your request.
For example:
https://issues.apache.org/jira/si/jira.issueviews:issue-xml/IO-235/IO-235.xml?field=key&amp;field=summary
-->
<rss version="0.92" >
<channel>
    <title>ASF JIRA</title>
    <link>https://issues.apache.org/jira</link>
    <description>This file is an XML representation of an issue</description>
    <language>en-uk</language>    <build-info>
        <version>6.3.4</version>
        <build-number>6332</build-number>
        <build-date>15-08-2014</build-date>
    </build-info>

<item>
            <title>[IO-235] Bugs in CopyUtilsTest test cases?</title>
                <link>https://issues.apache.org/jira/browse/IO-235</link>
                <project id="12310477" key="IO">Commons IO</project>
                    <description>&lt;p&gt;testCopy_byteArrayToWriter() has the following code:&lt;/p&gt;

&lt;div class=&quot;code panel&quot; style=&quot;border-width: 1px;&quot;&gt;&lt;div class=&quot;codeContent panelContent&quot;&gt;
&lt;pre class=&quot;code-java&quot;&gt;
ByteArrayOutputStream baout = &lt;span class=&quot;code-keyword&quot;&gt;new&lt;/span&gt; ByteArrayOutputStream();
OutputStream out = &lt;span class=&quot;code-keyword&quot;&gt;new&lt;/span&gt; YellOnFlushAndCloseOutputStream(baout, &lt;span class=&quot;code-keyword&quot;&gt;false&lt;/span&gt;, &lt;span class=&quot;code-keyword&quot;&gt;true&lt;/span&gt;); &lt;span class=&quot;code-comment&quot;&gt;// out is not used
&lt;/span&gt;Writer writer = &lt;span class=&quot;code-keyword&quot;&gt;new&lt;/span&gt; java.io.OutputStreamWriter(baout, &lt;span class=&quot;code-quote&quot;&gt;&quot;US-ASCII&quot;&lt;/span&gt;); &lt;span class=&quot;code-comment&quot;&gt;// uses baout - should it use out instead&lt;/span&gt;
&lt;/pre&gt;
&lt;/div&gt;&lt;/div&gt;

&lt;p&gt;It looks like the Writer should be created from out rather than baout - otherwise why create out?&lt;/p&gt;

&lt;p&gt;Similarly for&lt;/p&gt;

&lt;p&gt;testCopy_inputStreamToWriter()&lt;br/&gt;
testCopy_readerToWriter()&lt;br/&gt;
testCopy_stringToWriter()&lt;/p&gt;

&lt;p&gt;The tests still pass if the Writer is changed to use out.&lt;/p&gt;

&lt;p&gt;Thoughts?&lt;/p&gt;</description>
                <environment></environment>
        <key id="12458153">IO-235</key>
            <summary>Bugs in CopyUtilsTest test cases?</summary>
                <type id="1" iconUrl="https://issues.apache.org/jira/images/icons/issuetypes/bug.png">Bug</type>
                                            <priority id="3" iconUrl="https://issues.apache.org/jira/images/icons/priorities/major.png">Major</priority>
                        <status id="6" iconUrl="https://issues.apache.org/jira/images/icons/statuses/closed.png" description="The issue is considered finished, the resolution is correct. Issues which are closed can be reopened.">Closed</status>
                    <statusCategory id="3" key="done" colorName="green"/>
                                    <resolution id="1">Fixed</resolution>
                                        <assignee username="niallp">Niall Pemberton</assignee>
                                    <reporter username="sebb@apache.org">Sebb</reporter>
                        <labels>
                    </labels>
                <created>Thu, 4 Mar 2010 17:51:45 +0000</created>
                <updated>Thu, 10 Nov 2011 18:09:37 +0000</updated>
                            <resolved>Wed, 4 Aug 2010 23:02:27 +0000</resolved>
                                                    <fixVersion>2.0</fixVersion>
                                        <due></due>
                            <votes>0</votes>
                                    <watches>0</watches>
                                                                <comments>
                            <comment id="12895464" author="niallp" created="Wed, 4 Aug 2010 23:02:27 +0000"  >&lt;p&gt;Fixed: &lt;a href=&quot;http://svn.apache.org/viewvc?view=revision&amp;amp;revision=982430&quot; class=&quot;external-link&quot; rel=&quot;nofollow&quot;&gt;http://svn.apache.org/viewvc?view=revision&amp;amp;revision=982430&lt;/a&gt;&lt;/p&gt;</comment>
                    </comments>
                    <attachments>
                    </attachments>
                <subtasks>
                    </subtasks>
                <customfields>
                                                <customfield id="customfield_12310310" key="com.atlassian.jira.toolkit:attachments">
                        <customfieldname>Attachment count</customfieldname>
                        <customfieldvalues>
                            <customfieldvalue>0.0</customfieldvalue>
                        </customfieldvalues>
                    </customfield>
                                                                                                                                                                                                                                                                                                                                                                                                                                                                                                                                <customfield id="customfield_12310220" key="com.atlassian.jira.ext.charting:firstresponsedate">
                        <customfieldname>Date of First Response</customfieldname>
                        <customfieldvalues>
                            <customfieldvalue>Wed, 4 Aug 2010 23:02:27 +0000</customfieldvalue>

                        </customfieldvalues>
                    </customfield>
                                                                                                                                                                                                                                                                                                                                                                                                                                            <customfield id="customfield_12310420" key="com.pyxis.greenhopper.jira:gh-global-rank">
                        <customfieldname>Global Rank</customfieldname>
                        <customfieldvalues>
                            <customfieldvalue>139651</customfieldvalue>
                        </customfieldvalues>
                    </customfield>
                                                                                                                        <customfield id="customfield_12312521" key="com.atlassian.jira.toolkit:LastCommentDate">
                        <customfieldname>Last public comment date</customfieldname>
                        <customfieldvalues>
                            6 years, 16 weeks, 3 days ago
                        </customfieldvalues>
                    </customfield>
                                                                                            <customfield id="customfield_12311820" key="com.pyxis.greenhopper.jira:gh-lexo-rank">
                        <customfieldname>Rank</customfieldname>
                        <customfieldvalues>
                            <customfieldvalue>0|i0b0zz:</customfieldvalue>

                        </customfieldvalues>
                    </customfield>
                                                                <customfield id="customfield_12310920" key="com.pyxis.greenhopper.jira:gh-global-rank">
                        <customfieldname>Rank (Obsolete)</customfieldname>
                        <customfieldvalues>
                            <customfieldvalue>62274</customfieldvalue>
                        </customfieldvalues>
                    </customfield>
                                                                                                                                                                                                                                        <customfield id="customfield_12310222" key="com.atlassian.jira.ext.charting:timeinstatus">
                        <customfieldname>Time in Status</customfieldname>
                        <customfieldvalues>
                            
                        </customfieldvalues>
                    </customfield>
                                                                                                                        </customfields>
    </item>
</channel>
</rss>