<!-- 
RSS generated by JIRA (6.3.4#6332-sha1:51bc225ef474afe3128b2f66878477f322397b16) at Thu Dec 01 19:01:45 UTC 2016

It is possible to restrict the fields that are returned in this document by specifying the 'field' parameter in your request.
For example, to request only the issue key and summary add field=key&field=summary to the URL of your request.
For example:
https://issues.apache.org/jira/si/jira.issueviews:issue-xml/IO-21/IO-21.xml?field=key&amp;field=summary
-->
<rss version="0.92" >
<channel>
    <title>ASF JIRA</title>
    <link>https://issues.apache.org/jira</link>
    <description>This file is an XML representation of an issue</description>
    <language>en-uk</language>    <build-info>
        <version>6.3.4</version>
        <build-number>6332</build-number>
        <build-date>15-08-2014</build-date>
    </build-info>

<item>
            <title>[IO-21] [io] IOUtils does not provide methods for converting a String to an InputStream</title>
                <link>https://issues.apache.org/jira/browse/IO-21</link>
                <project id="12310477" key="IO">Commons IO</project>
                    <description>&lt;p&gt;This is a conversion I&apos;ve had to do on a number of occasions. Even though it is &lt;br/&gt;
fairly simple, I think utility methods in IOUtils would be useful.&lt;/p&gt;</description>
                <environment>&lt;p&gt;Operating System: Windows XP&lt;br/&gt;
Platform: All&lt;/p&gt;</environment>
        <key id="12341980">IO-21</key>
            <summary>[io] IOUtils does not provide methods for converting a String to an InputStream</summary>
                <type id="1" iconUrl="https://issues.apache.org/jira/images/icons/issuetypes/bug.png">Bug</type>
                                            <priority id="4" iconUrl="https://issues.apache.org/jira/images/icons/priorities/minor.png">Minor</priority>
                        <status id="6" iconUrl="https://issues.apache.org/jira/images/icons/statuses/closed.png" description="The issue is considered finished, the resolution is correct. Issues which are closed can be reopened.">Closed</status>
                    <statusCategory id="3" key="done" colorName="green"/>
                                    <resolution id="1">Fixed</resolution>
                                        <assignee username="-1">Unassigned</assignee>
                                    <reporter username="ips@apache.org">Ian Springer</reporter>
                        <labels>
                    </labels>
                <created>Thu, 6 Jan 2005 09:15:19 +0000</created>
                <updated>Fri, 9 Mar 2007 20:38:17 +0000</updated>
                            <resolved>Fri, 9 Mar 2007 20:38:17 +0000</resolved>
                                                    <fixVersion>1.1</fixVersion>
                                        <due></due>
                            <votes>0</votes>
                                    <watches>0</watches>
                                                                <comments>
                            <comment id="12408482" author="ips@apache.org" created="Thu, 6 Jan 2005 09:34:31 +0000"  >&lt;p&gt;Created an attachment (id=13903)&lt;br/&gt;
patch that adds two toInputStream(String) methods, one that takes an encoding&lt;br/&gt;
and one that does not; test also included&lt;/p&gt;</comment>
                            <comment id="12408483" author="scolebourne@joda.org" created="Thu, 7 Apr 2005 08:58:41 +0000"  >&lt;p&gt;Patch applied, thanks&lt;/p&gt;</comment>
                    </comments>
                    <attachments>
                            <attachment id="12333317" name="ASF.LICENSE.NOT.GRANTED--IOUtils_toInputStream.patch" size="3518" author="ips@apache.org" created="Thu, 6 Jan 2005 09:34:31 +0000"/>
                    </attachments>
                <subtasks>
                    </subtasks>
                <customfields>
                                                <customfield id="customfield_12310310" key="com.atlassian.jira.toolkit:attachments">
                        <customfieldname>Attachment count</customfieldname>
                        <customfieldvalues>
                            <customfieldvalue>1.0</customfieldvalue>
                        </customfieldvalues>
                    </customfield>
                                                                                                                                                                                                                                                                                                                                                                                                                                                                        <customfield id="customfield_10010" key="com.atlassian.jira.plugin.system.customfieldtypes:importid">
                        <customfieldname>Bugzilla Id</customfieldname>
                        <customfieldvalues>
                            <customfieldvalue>32958</customfieldvalue>
                        </customfieldvalues>
                    </customfield>
                                                                                            <customfield id="customfield_12310220" key="com.atlassian.jira.ext.charting:firstresponsedate">
                        <customfieldname>Date of First Response</customfieldname>
                        <customfieldvalues>
                            <customfieldvalue>Thu, 7 Apr 2005 08:58:41 +0000</customfieldvalue>

                        </customfieldvalues>
                    </customfield>
                                                                                                                                                                                                                                                                                                                                                                                                                                            <customfield id="customfield_12310420" key="com.pyxis.greenhopper.jira:gh-global-rank">
                        <customfieldname>Global Rank</customfieldname>
                        <customfieldvalues>
                            <customfieldvalue>139484</customfieldvalue>
                        </customfieldvalues>
                    </customfield>
                                                                                                                        <customfield id="customfield_12312521" key="com.atlassian.jira.toolkit:LastCommentDate">
                        <customfieldname>Last public comment date</customfieldname>
                        <customfieldvalues>
                            11 years, 36 weeks ago
                        </customfieldvalues>
                    </customfield>
                                                                                            <customfield id="customfield_12311820" key="com.pyxis.greenhopper.jira:gh-lexo-rank">
                        <customfieldname>Rank</customfieldname>
                        <customfieldvalues>
                            <customfieldvalue>0|i0smxz:</customfieldvalue>

                        </customfieldvalues>
                    </customfield>
                                                                <customfield id="customfield_12310920" key="com.pyxis.greenhopper.jira:gh-global-rank">
                        <customfieldname>Rank (Obsolete)</customfieldname>
                        <customfieldvalues>
                            <customfieldvalue>165194</customfieldvalue>
                        </customfieldvalues>
                    </customfield>
                                                                                                                                                                                                                                        <customfield id="customfield_12310222" key="com.atlassian.jira.ext.charting:timeinstatus">
                        <customfieldname>Time in Status</customfieldname>
                        <customfieldvalues>
                            
                        </customfieldvalues>
                    </customfield>
                                                                                                                        </customfields>
    </item>
</channel>
</rss>