<!-- 
RSS generated by JIRA (6.3.4#6332-sha1:51bc225ef474afe3128b2f66878477f322397b16) at Sun Nov 20 14:35:56 UTC 2016

It is possible to restrict the fields that are returned in this document by specifying the 'field' parameter in your request.
For example, to request only the issue key and summary add field=key&field=summary to the URL of your request.
For example:
https://issues.apache.org/jira/si/jira.issueviews:issue-xml/IO-248/IO-248.xml?field=key&amp;field=summary
-->
<rss version="0.92" >
<channel>
    <title>ASF JIRA</title>
    <link>https://issues.apache.org/jira</link>
    <description>This file is an XML representation of an issue</description>
    <language>en-uk</language>    <build-info>
        <version>6.3.4</version>
        <build-number>6332</build-number>
        <build-date>15-08-2014</build-date>
    </build-info>

<item>
            <title>[IO-248] getFullPathNoEndSeparator return empty while path is one level directory</title>
                <link>https://issues.apache.org/jira/browse/IO-248</link>
                <project id="12310477" key="IO">Commons IO</project>
                    <description>&lt;p&gt;the getFullPathNoEndSeparator method in FilenameUtils.java (Revision 736890) &lt;br/&gt;
if filename=&quot;/&quot; return &quot;/&quot; &amp;lt;&amp;lt;==right&lt;br/&gt;
if filename=&quot;/abc&quot; return empty &amp;lt;&amp;lt;==bug&lt;br/&gt;
if filename=&quot;/abc/xyz&quot; return &quot;/abc&quot; &amp;lt;&amp;lt;==right &lt;/p&gt;


&lt;div class=&quot;code panel&quot; style=&quot;border-width: 1px;&quot;&gt;&lt;div class=&quot;codeContent panelContent&quot;&gt;
&lt;pre class=&quot;code-java&quot;&gt;
885 	&lt;span class=&quot;code-object&quot;&gt;int&lt;/span&gt; index = indexOfLastSeparator(filename);
886 	&lt;span class=&quot;code-keyword&quot;&gt;if&lt;/span&gt; (index &amp;lt; 0) {
887 		&lt;span class=&quot;code-keyword&quot;&gt;return&lt;/span&gt; filename.substring(0, prefix);
888 	}
889 	&lt;span class=&quot;code-object&quot;&gt;int&lt;/span&gt; end = index + (includeSeparator ? 1 : 0);
================
                &lt;span class=&quot;code-keyword&quot;&gt;if&lt;/span&gt;(end==0) &lt;span class=&quot;code-keyword&quot;&gt;return&lt;/span&gt; &lt;span class=&quot;code-quote&quot;&gt;&quot;/&quot;&lt;/span&gt;;
&amp;gt;&amp;gt;&amp;gt;&amp;gt;&amp;gt;&amp;gt;&amp;gt;&amp;gt;&amp;gt;&amp;gt;&amp;gt;&amp;gt;&amp;gt;&amp;gt;&amp;gt;&amp;gt;
890 	&lt;span class=&quot;code-keyword&quot;&gt;return&lt;/span&gt; filename.substring(0, end);
&lt;/pre&gt;
&lt;/div&gt;&lt;/div&gt;</description>
                <environment>&lt;p&gt;linux 2.6.x 32bit java version 1.6.0_20 OpenJDK &lt;/p&gt;</environment>
        <key id="12474052">IO-248</key>
            <summary>getFullPathNoEndSeparator return empty while path is one level directory</summary>
                <type id="1" iconUrl="https://issues.apache.org/jira/images/icons/issuetypes/bug.png">Bug</type>
                                            <priority id="4" iconUrl="https://issues.apache.org/jira/images/icons/priorities/minor.png">Minor</priority>
                        <status id="6" iconUrl="https://issues.apache.org/jira/images/icons/statuses/closed.png" description="The issue is considered finished, the resolution is correct. Issues which are closed can be reopened.">Closed</status>
                    <statusCategory id="3" key="done" colorName="green"/>
                                    <resolution id="1">Fixed</resolution>
                                        <assignee username="niallp">Niall Pemberton</assignee>
                                    <reporter username="hippospark">hippo spark</reporter>
                        <labels>
                    </labels>
                <created>Tue, 14 Sep 2010 10:09:17 +0000</created>
                <updated>Thu, 10 Nov 2011 18:09:37 +0000</updated>
                            <resolved>Wed, 29 Sep 2010 18:52:39 +0000</resolved>
                                    <version>1.4</version>
                                    <fixVersion>2.0</fixVersion>
                                    <component>Utilities</component>
                        <due></due>
                            <votes>0</votes>
                                    <watches>0</watches>
                                                                <comments>
                            <comment id="12916236" author="niallp" created="Wed, 29 Sep 2010 18:52:39 +0000"  >&lt;p&gt;Thanks, fixed:&lt;/p&gt;

&lt;p&gt;&lt;a href=&quot;http://svn.apache.org/viewvc?view=revision&amp;amp;revision=1002806&quot; class=&quot;external-link&quot; rel=&quot;nofollow&quot;&gt;http://svn.apache.org/viewvc?view=revision&amp;amp;revision=1002806&lt;/a&gt;&lt;/p&gt;</comment>
                    </comments>
                    <attachments>
                    </attachments>
                <subtasks>
                    </subtasks>
                <customfields>
                                                <customfield id="customfield_12310310" key="com.atlassian.jira.toolkit:attachments">
                        <customfieldname>Attachment count</customfieldname>
                        <customfieldvalues>
                            <customfieldvalue>0.0</customfieldvalue>
                        </customfieldvalues>
                    </customfield>
                                                                                                                                                                                                                                                                                                                                                                                                                                                                                                                                <customfield id="customfield_12310220" key="com.atlassian.jira.ext.charting:firstresponsedate">
                        <customfieldname>Date of First Response</customfieldname>
                        <customfieldvalues>
                            <customfieldvalue>Wed, 29 Sep 2010 18:52:39 +0000</customfieldvalue>

                        </customfieldvalues>
                    </customfield>
                                                                                                                                                                                                                                                                                                                                                                                                                                            <customfield id="customfield_12310420" key="com.pyxis.greenhopper.jira:gh-global-rank">
                        <customfieldname>Global Rank</customfieldname>
                        <customfieldvalues>
                            <customfieldvalue>40302</customfieldvalue>
                        </customfieldvalues>
                    </customfield>
                                                                                                                        <customfield id="customfield_12312521" key="com.atlassian.jira.toolkit:LastCommentDate">
                        <customfieldname>Last public comment date</customfieldname>
                        <customfieldvalues>
                            6 years, 8 weeks, 3 days ago
                        </customfieldvalues>
                    </customfield>
                                                                                            <customfield id="customfield_12311820" key="com.pyxis.greenhopper.jira:gh-lexo-rank">
                        <customfieldname>Rank</customfieldname>
                        <customfieldvalues>
                            <customfieldvalue>0|i0b0z3:</customfieldvalue>

                        </customfieldvalues>
                    </customfield>
                                                                <customfield id="customfield_12310920" key="com.pyxis.greenhopper.jira:gh-global-rank">
                        <customfieldname>Rank (Obsolete)</customfieldname>
                        <customfieldvalues>
                            <customfieldvalue>62270</customfieldvalue>
                        </customfieldvalues>
                    </customfield>
                                                                                                                                                                                                                                        <customfield id="customfield_12310222" key="com.atlassian.jira.ext.charting:timeinstatus">
                        <customfieldname>Time in Status</customfieldname>
                        <customfieldvalues>
                            
                        </customfieldvalues>
                    </customfield>
                                                                                                                        </customfields>
    </item>
</channel>
</rss>