<!-- 
RSS generated by JIRA (6.3.4#6332-sha1:51bc225ef474afe3128b2f66878477f322397b16) at Sun Nov 20 17:07:08 UTC 2016

It is possible to restrict the fields that are returned in this document by specifying the 'field' parameter in your request.
For example, to request only the issue key and summary add field=key&field=summary to the URL of your request.
For example:
https://issues.apache.org/jira/si/jira.issueviews:issue-xml/IO-220/IO-220.xml?field=key&amp;field=summary
-->
<rss version="0.92" >
<channel>
    <title>ASF JIRA</title>
    <link>https://issues.apache.org/jira</link>
    <description>This file is an XML representation of an issue</description>
    <language>en-uk</language>    <build-info>
        <version>6.3.4</version>
        <build-number>6332</build-number>
        <build-date>15-08-2014</build-date>
    </build-info>

<item>
            <title>[IO-220] FileCleaningTracker Vector performs badly under load</title>
                <link>https://issues.apache.org/jira/browse/IO-220</link>
                <project id="12310477" key="IO">Commons IO</project>
                    <description>&lt;p&gt;When subjected to heavy load, the performance of org.apache.commons.io.FileCleaningTracker degrades and becomes a bottleneck to the system.  In our case, we had over 2 millions entries on the &quot;trackers&quot; Vector.  Under these conditions, the call to trackers.remove(tracker) on line 214 becomes very inefficient as it causes the Vector to shift and reindex the remaining data.  In addition, calls to trackers.add are forced to wait on the inefficient remove operation.  With the application idle, it took several hours for the File Reaper thread to finish processing the entries on the trackers Vector.&lt;/p&gt;

&lt;p&gt;The solution for use was to implement trackers as a HashSet instead of a Vector.  Thus line 52 was changed from:&lt;br/&gt;
    final Collection /* Tracker */ trackers = new Vector();  // synchronized&lt;br/&gt;
to&lt;br/&gt;
    final Collection /* Tracker */ trackers = Collections.synchronizedSet(new HashSet());  // synchronized&lt;br/&gt;
Imports were also change appropriately.&lt;/p&gt;</description>
                <environment>&lt;p&gt;Using commons-io-1.4 via commons-fileupload-1.1.1 in Apache Tomcat/5.5.0 on Java 1.6.&lt;/p&gt;</environment>
        <key id="12438957">IO-220</key>
            <summary>FileCleaningTracker Vector performs badly under load</summary>
                <type id="1" iconUrl="https://issues.apache.org/jira/images/icons/issuetypes/bug.png">Bug</type>
                                            <priority id="3" iconUrl="https://issues.apache.org/jira/images/icons/priorities/major.png">Major</priority>
                        <status id="6" iconUrl="https://issues.apache.org/jira/images/icons/statuses/closed.png" description="The issue is considered finished, the resolution is correct. Issues which are closed can be reopened.">Closed</status>
                    <statusCategory id="3" key="done" colorName="green"/>
                                    <resolution id="1">Fixed</resolution>
                                        <assignee username="niallp">Niall Pemberton</assignee>
                                    <reporter username="mhaverkamp">Michael Haverkamp</reporter>
                        <labels>
                    </labels>
                <created>Fri, 23 Oct 2009 20:32:20 +0000</created>
                <updated>Thu, 10 Nov 2011 18:09:35 +0000</updated>
                            <resolved>Wed, 4 Aug 2010 00:37:05 +0000</resolved>
                                    <version>1.0</version>
                    <version>1.1</version>
                    <version>1.2</version>
                    <version>1.3</version>
                    <version>1.3.1</version>
                    <version>1.3.2</version>
                    <version>1.4</version>
                    <version>2.0</version>
                    <version>3.x</version>
                                    <fixVersion>2.0</fixVersion>
                                        <due></due>
                            <votes>0</votes>
                                    <watches>1</watches>
                                                                <comments>
                            <comment id="12895109" author="niallp" created="Wed, 4 Aug 2010 00:37:05 +0000"  >&lt;p&gt;Fixed thanks&lt;/p&gt;

&lt;p&gt;&lt;a href=&quot;http://svn.apache.org/viewvc?view=revision&amp;amp;revision=982093&quot; class=&quot;external-link&quot; rel=&quot;nofollow&quot;&gt;http://svn.apache.org/viewvc?view=revision&amp;amp;revision=982093&lt;/a&gt;&lt;/p&gt;</comment>
                    </comments>
                    <attachments>
                    </attachments>
                <subtasks>
                    </subtasks>
                <customfields>
                                                <customfield id="customfield_12310310" key="com.atlassian.jira.toolkit:attachments">
                        <customfieldname>Attachment count</customfieldname>
                        <customfieldvalues>
                            <customfieldvalue>0.0</customfieldvalue>
                        </customfieldvalues>
                    </customfield>
                                                                                                                                                                                                                                                                                                                                                                                                                                                                                                                                <customfield id="customfield_12310220" key="com.atlassian.jira.ext.charting:firstresponsedate">
                        <customfieldname>Date of First Response</customfieldname>
                        <customfieldvalues>
                            <customfieldvalue>Wed, 4 Aug 2010 00:37:05 +0000</customfieldvalue>

                        </customfieldvalues>
                    </customfield>
                                                                                                                                                                                                                                                                                                                                                                                                                                            <customfield id="customfield_12310420" key="com.pyxis.greenhopper.jira:gh-global-rank">
                        <customfieldname>Global Rank</customfieldname>
                        <customfieldvalues>
                            <customfieldvalue>139641</customfieldvalue>
                        </customfieldvalues>
                    </customfield>
                                                                                                                        <customfield id="customfield_12312521" key="com.atlassian.jira.toolkit:LastCommentDate">
                        <customfieldname>Last public comment date</customfieldname>
                        <customfieldvalues>
                            6 years, 16 weeks, 4 days ago
                        </customfieldvalues>
                    </customfield>
                                                                                            <customfield id="customfield_12311820" key="com.pyxis.greenhopper.jira:gh-lexo-rank">
                        <customfieldname>Rank</customfieldname>
                        <customfieldvalues>
                            <customfieldvalue>0|i0b10n:</customfieldvalue>

                        </customfieldvalues>
                    </customfield>
                                                                <customfield id="customfield_12310920" key="com.pyxis.greenhopper.jira:gh-global-rank">
                        <customfieldname>Rank (Obsolete)</customfieldname>
                        <customfieldvalues>
                            <customfieldvalue>62277</customfieldvalue>
                        </customfieldvalues>
                    </customfield>
                                                                                                                                                                                                                                        <customfield id="customfield_12310222" key="com.atlassian.jira.ext.charting:timeinstatus">
                        <customfieldname>Time in Status</customfieldname>
                        <customfieldvalues>
                            
                        </customfieldvalues>
                    </customfield>
                                                                                                                        </customfields>
    </item>
</channel>
</rss>