<!-- 
RSS generated by JIRA (6.3.4#6332-sha1:51bc225ef474afe3128b2f66878477f322397b16) at Fri Dec 02 18:15:46 UTC 2016

It is possible to restrict the fields that are returned in this document by specifying the 'field' parameter in your request.
For example, to request only the issue key and summary add field=key&field=summary to the URL of your request.
For example:
https://issues.apache.org/jira/si/jira.issueviews:issue-xml/IO-27/IO-27.xml?field=key&amp;field=summary
-->
<rss version="0.92" >
<channel>
    <title>ASF JIRA</title>
    <link>https://issues.apache.org/jira</link>
    <description>This file is an XML representation of an issue</description>
    <language>en-uk</language>    <build-info>
        <version>6.3.4</version>
        <build-number>6332</build-number>
        <build-date>15-08-2014</build-date>
    </build-info>

<item>
            <title>[IO-27] [io] FileUtils.toFile(URL) does not unescape %xx characters</title>
                <link>https://issues.apache.org/jira/browse/IO-27</link>
                <project id="12310477" key="IO">Commons IO</project>
                    <description>&lt;p&gt;FileUtils.toFile(URL) does not properly handle URLs with %xx escaped characters,&lt;br/&gt;
which should be unescaped in the resulting File object (using&lt;br/&gt;
java.net.URLDecoder.decode(String) or similar).&lt;/p&gt;

&lt;p&gt;The following JUnit tests expose the problem:&lt;/p&gt;

&lt;p&gt;    public void testToFileHash() throws MalformedURLException&lt;/p&gt;
    {
        File expected = new File(&quot;ab#c&quot;).getAbsoluteFile();
        URL url = expected.toURI().toURL();

        File actual = FileUtils.toFile(url);
        
        assertEquals(expected, actual);
    }

&lt;p&gt;    public void testToFileQuestionMark() throws MalformedURLException&lt;/p&gt;
    {
        File expected = new File(&quot;ab?c&quot;).getAbsoluteFile();
        URL url = expected.toURI().toURL();

        File actual = FileUtils.toFile(url);
        
        assertEquals(expected, actual);
    }</description>
                <environment>&lt;p&gt;Operating System: Windows 2000&lt;br/&gt;
Platform: All&lt;/p&gt;</environment>
        <key id="12342319">IO-27</key>
            <summary>[io] FileUtils.toFile(URL) does not unescape %xx characters</summary>
                <type id="1" iconUrl="https://issues.apache.org/jira/images/icons/issuetypes/bug.png">Bug</type>
                                            <priority id="3" iconUrl="https://issues.apache.org/jira/images/icons/priorities/major.png">Major</priority>
                        <status id="6" iconUrl="https://issues.apache.org/jira/images/icons/statuses/closed.png" description="The issue is considered finished, the resolution is correct. Issues which are closed can be reopened.">Closed</status>
                    <statusCategory id="3" key="done" colorName="green"/>
                                    <resolution id="3">Duplicate</resolution>
                                        <assignee username="-1">Unassigned</assignee>
                                    <reporter username="alexh.public@gmail.com">Alex H</reporter>
                        <labels>
                    </labels>
                <created>Mon, 20 Jun 2005 07:52:37 +0000</created>
                <updated>Fri, 9 Mar 2007 20:38:18 +0000</updated>
                            <resolved>Fri, 9 Mar 2007 20:38:18 +0000</resolved>
                                    <version>1.0</version>
                                                        <due></due>
                            <votes>0</votes>
                                    <watches>0</watches>
                                                                <comments>
                            <comment id="12409637" author="alexh.public@gmail.com" created="Wed, 22 Jun 2005 00:29:43 +0000"  >&lt;p&gt;Sorry, didn&apos;t find the duplicate #32575 before.&lt;/p&gt;

&lt;ul&gt;
	&lt;li&gt;
	&lt;ul&gt;
		&lt;li&gt;
		&lt;ul&gt;
			&lt;li&gt;This bug has been marked as a duplicate of 32575 ***&lt;/li&gt;
		&lt;/ul&gt;
		&lt;/li&gt;
	&lt;/ul&gt;
	&lt;/li&gt;
&lt;/ul&gt;
</comment>
                    </comments>
                    <attachments>
                    </attachments>
                <subtasks>
                    </subtasks>
                <customfields>
                                                <customfield id="customfield_12310310" key="com.atlassian.jira.toolkit:attachments">
                        <customfieldname>Attachment count</customfieldname>
                        <customfieldvalues>
                            <customfieldvalue>0.0</customfieldvalue>
                        </customfieldvalues>
                    </customfield>
                                                                                                                                                                                                                                                                                                                                                                                                                                                                        <customfield id="customfield_10010" key="com.atlassian.jira.plugin.system.customfieldtypes:importid">
                        <customfieldname>Bugzilla Id</customfieldname>
                        <customfieldvalues>
                            <customfieldvalue>35422</customfieldvalue>
                        </customfieldvalues>
                    </customfield>
                                                                                                                                                                                                                                                                                                                                                                                                                                                                                                    <customfield id="customfield_12310420" key="com.pyxis.greenhopper.jira:gh-global-rank">
                        <customfieldname>Global Rank</customfieldname>
                        <customfieldvalues>
                            <customfieldvalue>40305</customfieldvalue>
                        </customfieldvalues>
                    </customfield>
                                                                                                                        <customfield id="customfield_12312521" key="com.atlassian.jira.toolkit:LastCommentDate">
                        <customfieldname>Last public comment date</customfieldname>
                        <customfieldvalues>
                            11 years, 25 weeks, 2 days ago
                        </customfieldvalues>
                    </customfield>
                                                                                            <customfield id="customfield_12311820" key="com.pyxis.greenhopper.jira:gh-lexo-rank">
                        <customfieldname>Rank</customfieldname>
                        <customfieldvalues>
                            <customfieldvalue>0|i0smwn:</customfieldvalue>

                        </customfieldvalues>
                    </customfield>
                                                                <customfield id="customfield_12310920" key="com.pyxis.greenhopper.jira:gh-global-rank">
                        <customfieldname>Rank (Obsolete)</customfieldname>
                        <customfieldvalues>
                            <customfieldvalue>165188</customfieldvalue>
                        </customfieldvalues>
                    </customfield>
                                                                                                                                                                                                                                        <customfield id="customfield_12310222" key="com.atlassian.jira.ext.charting:timeinstatus">
                        <customfieldname>Time in Status</customfieldname>
                        <customfieldvalues>
                            
                        </customfieldvalues>
                    </customfield>
                                                                                                                        </customfields>
    </item>
</channel>
</rss>