<!-- 
RSS generated by JIRA (6.3.4#6332-sha1:51bc225ef474afe3128b2f66878477f322397b16) at Sun Nov 20 15:23:11 UTC 2016

It is possible to restrict the fields that are returned in this document by specifying the 'field' parameter in your request.
For example, to request only the issue key and summary add field=key&field=summary to the URL of your request.
For example:
https://issues.apache.org/jira/si/jira.issueviews:issue-xml/IO-217/IO-217.xml?field=key&amp;field=summary
-->
<rss version="0.92" >
<channel>
    <title>ASF JIRA</title>
    <link>https://issues.apache.org/jira</link>
    <description>This file is an XML representation of an issue</description>
    <language>en-uk</language>    <build-info>
        <version>6.3.4</version>
        <build-number>6332</build-number>
        <build-date>15-08-2014</build-date>
    </build-info>

<item>
            <title>[IO-217] FileUtils.copyDirectoryToDirectory makes infinite loops</title>
                <link>https://issues.apache.org/jira/browse/IO-217</link>
                <project id="12310477" key="IO">Commons IO</project>
                    <description>&lt;p&gt;When using FileUtils.copyDirectoryToDirectory, infinite loops has occurred.&lt;/p&gt;

&lt;p&gt;&amp;#8211; detail &amp;#8211;&lt;br/&gt;
src directory :  D:\a&lt;br/&gt;
dest directory : D:\a&lt;br/&gt;
call : FileUtils.copyDirectoryToDirectory(new File(&quot;D:\a&quot;), new File(&quot;D:\a&quot;));&lt;br/&gt;
expected result : directory D:\a\a will be created&lt;br/&gt;
actual result      : D:\a\a\a\a.......   was created&lt;/p&gt;

&lt;p&gt;i guess FileUtils.copyDirectoryToDirectory causes of this result.&lt;br/&gt;
(&quot;destDir.mkdir()&quot; is done before &quot;srcDir.listFiles()&quot;)&lt;/p&gt;

&lt;p&gt;am i calling wrong method?&lt;/p&gt;

&lt;p&gt;thank you.&lt;/p&gt;</description>
                <environment>&lt;p&gt;Windows XP&lt;/p&gt;</environment>
        <key id="12433759">IO-217</key>
            <summary>FileUtils.copyDirectoryToDirectory makes infinite loops</summary>
                <type id="1" iconUrl="https://issues.apache.org/jira/images/icons/issuetypes/bug.png">Bug</type>
                                            <priority id="3" iconUrl="https://issues.apache.org/jira/images/icons/priorities/major.png">Major</priority>
                        <status id="6" iconUrl="https://issues.apache.org/jira/images/icons/statuses/closed.png" description="The issue is considered finished, the resolution is correct. Issues which are closed can be reopened.">Closed</status>
                    <statusCategory id="3" key="done" colorName="green"/>
                                    <resolution id="1">Fixed</resolution>
                                        <assignee username="niallp">Niall Pemberton</assignee>
                                    <reporter username="tora_5675">tora yamada</reporter>
                        <labels>
                    </labels>
                <created>Sat, 22 Aug 2009 03:26:20 +0000</created>
                <updated>Thu, 10 Nov 2011 18:09:32 +0000</updated>
                            <resolved>Tue, 28 Sep 2010 23:55:56 +0000</resolved>
                                    <version>1.4</version>
                                    <fixVersion>2.0</fixVersion>
                                        <due></due>
                            <votes>0</votes>
                                    <watches>0</watches>
                                                                <comments>
                            <comment id="12896245" author="gwen" created="Sat, 7 Aug 2010 10:56:14 +0000"  >&lt;p&gt;This issue is not reproduced on revision 982449 (trunk). An exception is throwned because the source and the target directories are the same, and no infinite loop is run. &lt;br/&gt;
The aim of this issue (ie throwing an exception or creating a directory D:\a\a as required) should be precised by project leaders.&lt;/p&gt;

&lt;p&gt;The following code extract is testing the new execution.&lt;/p&gt;

&lt;div class=&quot;preformatted panel&quot; style=&quot;border-width: 1px;&quot;&gt;&lt;div class=&quot;preformattedContent panelContent&quot;&gt;
&lt;pre&gt; 
public void testCopyDirectoryToItself() throws Exception {
        File sourceDir = new File(getTestDirectory(), &quot;source&quot;);
        if (!sourceDir.exists())
            sourceDir.mkdirs();

        File childDir = new File(sourceDir, &quot;child&quot;);
        if (!childDir.exists())
            childDir.mkdirs();
        File file = new File(sourceDir, &quot;file&quot;);
        createFile(file, 12345);

        try {
            FileUtils.copyDirectory(sourceDir, sourceDir);
            fail();
        } catch( IOException ex) {          
        }
}
&lt;/pre&gt;
&lt;/div&gt;&lt;/div&gt; 

&lt;p&gt;Hope this could help.&lt;/p&gt;</comment>
                            <comment id="12903966" author="sunradiant" created="Sun, 29 Aug 2010 13:03:28 +0000"  >&lt;p&gt;I have same trouble. I think this is a bug of commons-io.&lt;/p&gt;

&lt;p&gt;When you try to copying a directory from source to sub-directory of source directory, infinite loop happens.&lt;/p&gt;

&lt;p&gt;ex) FileUtils.copy(new File(&quot;test&quot;), new File(&quot;test/test&quot;)):&lt;br/&gt;
will fall into infinite loop.&lt;/p&gt;

&lt;p&gt;This is  why the program copy source include the destination directory.&lt;/p&gt;

&lt;p&gt;I change the order of make destination directory and list of source directory. (attachment)&lt;/p&gt;

&lt;p&gt;This will list the files of source directory and create the subdirectory which is the destination.&lt;/p&gt;
</comment>
                            <comment id="12915973" author="niallp" created="Tue, 28 Sep 2010 23:55:56 +0000"  >&lt;p&gt;I created a test case to reproduce this and Roun Lee&apos;s patch does fix it - thanks, applied:&lt;/p&gt;

&lt;p&gt;&lt;a href=&quot;http://svn.apache.org/viewvc?view=revision&amp;amp;revision=1002424&quot; class=&quot;external-link&quot; rel=&quot;nofollow&quot;&gt;http://svn.apache.org/viewvc?view=revision&amp;amp;revision=1002424&lt;/a&gt;&lt;/p&gt;</comment>
                    </comments>
                    <attachments>
                            <attachment id="12453383" name="FileUtilsPatch.txt" size="1527" author="sunradiant" created="Sun, 29 Aug 2010 13:03:28 +0000"/>
                    </attachments>
                <subtasks>
                    </subtasks>
                <customfields>
                                                <customfield id="customfield_12310310" key="com.atlassian.jira.toolkit:attachments">
                        <customfieldname>Attachment count</customfieldname>
                        <customfieldvalues>
                            <customfieldvalue>1.0</customfieldvalue>
                        </customfieldvalues>
                    </customfield>
                                                                                                                                                                                                                                                                                                                                                                                                                                                                                                                                <customfield id="customfield_12310220" key="com.atlassian.jira.ext.charting:firstresponsedate">
                        <customfieldname>Date of First Response</customfieldname>
                        <customfieldvalues>
                            <customfieldvalue>Sat, 7 Aug 2010 10:56:14 +0000</customfieldvalue>

                        </customfieldvalues>
                    </customfield>
                                                                                                                                                                                                                                                                                                                                                                                                                                            <customfield id="customfield_12310420" key="com.pyxis.greenhopper.jira:gh-global-rank">
                        <customfieldname>Global Rank</customfieldname>
                        <customfieldvalues>
                            <customfieldvalue>40292</customfieldvalue>
                        </customfieldvalues>
                    </customfield>
                                                                                                                        <customfield id="customfield_12312521" key="com.atlassian.jira.toolkit:LastCommentDate">
                        <customfieldname>Last public comment date</customfieldname>
                        <customfieldvalues>
                            6 years, 8 weeks, 4 days ago
                        </customfieldvalues>
                    </customfield>
                                                                                            <customfield id="customfield_12311820" key="com.pyxis.greenhopper.jira:gh-lexo-rank">
                        <customfieldname>Rank</customfieldname>
                        <customfieldvalues>
                            <customfieldvalue>0|i0b10v:</customfieldvalue>

                        </customfieldvalues>
                    </customfield>
                                                                <customfield id="customfield_12310920" key="com.pyxis.greenhopper.jira:gh-global-rank">
                        <customfieldname>Rank (Obsolete)</customfieldname>
                        <customfieldvalues>
                            <customfieldvalue>62278</customfieldvalue>
                        </customfieldvalues>
                    </customfield>
                                                                                                                                                                                                                                        <customfield id="customfield_12310222" key="com.atlassian.jira.ext.charting:timeinstatus">
                        <customfieldname>Time in Status</customfieldname>
                        <customfieldvalues>
                            
                        </customfieldvalues>
                    </customfield>
                                                                                                                        </customfields>
    </item>
</channel>
</rss>