<!-- 
RSS generated by JIRA (6.3.4#6332-sha1:51bc225ef474afe3128b2f66878477f322397b16) at Sun Nov 20 17:22:47 UTC 2016

It is possible to restrict the fields that are returned in this document by specifying the 'field' parameter in your request.
For example, to request only the issue key and summary add field=key&field=summary to the URL of your request.
For example:
https://issues.apache.org/jira/si/jira.issueviews:issue-xml/IO-209/IO-209.xml?field=key&amp;field=summary
-->
<rss version="0.92" >
<channel>
    <title>ASF JIRA</title>
    <link>https://issues.apache.org/jira</link>
    <description>This file is an XML representation of an issue</description>
    <language>en-uk</language>    <build-info>
        <version>6.3.4</version>
        <build-number>6332</build-number>
        <build-date>15-08-2014</build-date>
    </build-info>

<item>
            <title>[IO-209] FileSystemUtils.freeSpaceKb fails to return correct size for a windows mount point</title>
                <link>https://issues.apache.org/jira/browse/IO-209</link>
                <project id="12310477" key="IO">Commons IO</project>
                    <description>&lt;p&gt;FileSystemUtils.freeSpaceKb fails to return correct result for a NTFS mount point or junction.&lt;/p&gt;

&lt;p&gt;Suppose I have a NTFS partition mounted at C:\Data\partition1.&lt;/p&gt;

&lt;p&gt;Now assume that the free space on Partition mounted as C: is 1GB and that mounted on &quot;C:\Data\partition1&quot; is 2GB. A call to FileSystemUtils.freeSpaceKb(&quot;C:\Data\partition1&quot;) will return the free space on C: and not on &quot;C:\Data\partition1&quot;.&lt;/p&gt;

&lt;p&gt;This is because while running the &quot;dir /-c&quot; with the given path, the code just retains first 2 chars i.e. for any path under &quot;C:\blah\de\blah&quot;, &quot;dir /-c&quot; will be called with &quot;C:&quot; which will return incorrect result.&lt;/p&gt;</description>
                <environment>&lt;p&gt;Windows XP, Vista, etc&lt;/p&gt;</environment>
        <key id="12431235">IO-209</key>
            <summary>FileSystemUtils.freeSpaceKb fails to return correct size for a windows mount point</summary>
                <type id="1" iconUrl="https://issues.apache.org/jira/images/icons/issuetypes/bug.png">Bug</type>
                                            <priority id="3" iconUrl="https://issues.apache.org/jira/images/icons/priorities/major.png">Major</priority>
                        <status id="6" iconUrl="https://issues.apache.org/jira/images/icons/statuses/closed.png" description="The issue is considered finished, the resolution is correct. Issues which are closed can be reopened.">Closed</status>
                    <statusCategory id="3" key="done" colorName="green"/>
                                    <resolution id="1">Fixed</resolution>
                                        <assignee username="niallp">Niall Pemberton</assignee>
                                    <reporter username="adityakishore">Aditya Kishore</reporter>
                        <labels>
                    </labels>
                <created>Thu, 23 Jul 2009 10:36:48 +0000</created>
                <updated>Thu, 10 Nov 2011 18:09:37 +0000</updated>
                            <resolved>Wed, 29 Sep 2010 19:33:44 +0000</resolved>
                                    <version>1.4</version>
                    <version>2.0</version>
                    <version>3.x</version>
                                    <fixVersion>2.0</fixVersion>
                                    <component>Utilities</component>
                        <due></due>
                            <votes>0</votes>
                                    <watches>0</watches>
                                    <timeoriginalestimate seconds="86400">24h</timeoriginalestimate>
                            <timeestimate seconds="86400">24h</timeestimate>
                                        <comments>
                            <comment id="12895452" author="niallp" created="Wed, 4 Aug 2010 22:33:40 +0000"  >&lt;p&gt;I wondering why that line was put in the first place with the comment &quot;seems to make it work&quot;&lt;/p&gt;

&lt;p&gt;It was added here, but no indication why:&lt;/p&gt;

&lt;p&gt;&lt;a href=&quot;https://svn.apache.org/viewvc?diff_format=h&amp;amp;view=revision&amp;amp;revision=240439&quot; class=&quot;external-link&quot; rel=&quot;nofollow&quot;&gt;https://svn.apache.org/viewvc?diff_format=h&amp;amp;view=revision&amp;amp;revision=240439&lt;/a&gt;&lt;/p&gt;</comment>
                            <comment id="12916250" author="niallp" created="Wed, 29 Sep 2010 19:33:44 +0000"  >&lt;p&gt;Looks to me like this was done because windows file names that contain things such as spaces cause the command to fail. Also I guess since whatever directory is passed windows gives the same free space result.&lt;/p&gt;

&lt;p&gt;Anyway I&apos;ve removed that code that just takes the first two characters of the path and added quotes around the file name. This resolves the problems with file names and works on Windows 7 for me.&lt;/p&gt;

&lt;p&gt;&lt;a href=&quot;http://svn.apache.org/viewvc?view=revision&amp;amp;revision=1002819&quot; class=&quot;external-link&quot; rel=&quot;nofollow&quot;&gt;http://svn.apache.org/viewvc?view=revision&amp;amp;revision=1002819&lt;/a&gt;&lt;/p&gt;</comment>
                    </comments>
                    <attachments>
                            <attachment id="12451276" name="IO-209.patch" size="1456" author="niallp" created="Wed, 4 Aug 2010 22:33:40 +0000"/>
                    </attachments>
                <subtasks>
                    </subtasks>
                <customfields>
                                                <customfield id="customfield_12310310" key="com.atlassian.jira.toolkit:attachments">
                        <customfieldname>Attachment count</customfieldname>
                        <customfieldvalues>
                            <customfieldvalue>1.0</customfieldvalue>
                        </customfieldvalues>
                    </customfield>
                                                                                                                                                                                                                                                                                                                                                                                                                                                                                                                                <customfield id="customfield_12310220" key="com.atlassian.jira.ext.charting:firstresponsedate">
                        <customfieldname>Date of First Response</customfieldname>
                        <customfieldvalues>
                            <customfieldvalue>Wed, 4 Aug 2010 22:33:40 +0000</customfieldvalue>

                        </customfieldvalues>
                    </customfield>
                                                                                                                                                                                                                                                                                                                                                                                                                                            <customfield id="customfield_12310420" key="com.pyxis.greenhopper.jira:gh-global-rank">
                        <customfieldname>Global Rank</customfieldname>
                        <customfieldvalues>
                            <customfieldvalue>40295</customfieldvalue>
                        </customfieldvalues>
                    </customfield>
                                                                                                                        <customfield id="customfield_12312521" key="com.atlassian.jira.toolkit:LastCommentDate">
                        <customfieldname>Last public comment date</customfieldname>
                        <customfieldvalues>
                            6 years, 8 weeks, 3 days ago
                        </customfieldvalues>
                    </customfield>
                                                                                            <customfield id="customfield_12311820" key="com.pyxis.greenhopper.jira:gh-lexo-rank">
                        <customfieldname>Rank</customfieldname>
                        <customfieldvalues>
                            <customfieldvalue>0|i0b127:</customfieldvalue>

                        </customfieldvalues>
                    </customfield>
                                                                <customfield id="customfield_12310920" key="com.pyxis.greenhopper.jira:gh-global-rank">
                        <customfieldname>Rank (Obsolete)</customfieldname>
                        <customfieldvalues>
                            <customfieldvalue>62284</customfieldvalue>
                        </customfieldvalues>
                    </customfield>
                                                                                                                                                                                                                                        <customfield id="customfield_12310222" key="com.atlassian.jira.ext.charting:timeinstatus">
                        <customfieldname>Time in Status</customfieldname>
                        <customfieldvalues>
                            
                        </customfieldvalues>
                    </customfield>
                                                                                                                        </customfields>
    </item>
</channel>
</rss>