<!-- 
RSS generated by JIRA (6.3.4#6332-sha1:51bc225ef474afe3128b2f66878477f322397b16) at Sun Nov 20 15:34:07 UTC 2016

It is possible to restrict the fields that are returned in this document by specifying the 'field' parameter in your request.
For example, to request only the issue key and summary add field=key&field=summary to the URL of your request.
For example:
https://issues.apache.org/jira/si/jira.issueviews:issue-xml/IO-280/IO-280.xml?field=key&amp;field=summary
-->
<rss version="0.92" >
<channel>
    <title>ASF JIRA</title>
    <link>https://issues.apache.org/jira</link>
    <description>This file is an XML representation of an issue</description>
    <language>en-uk</language>    <build-info>
        <version>6.3.4</version>
        <build-number>6332</build-number>
        <build-date>15-08-2014</build-date>
    </build-info>

<item>
            <title>[IO-280] Dubious use of mkdirs() return code</title>
                <link>https://issues.apache.org/jira/browse/IO-280</link>
                <project id="12310477" key="IO">Commons IO</project>
                    <description>&lt;p&gt;FileUtils.openOutputStream() has the following code:&lt;/p&gt;

&lt;div class=&quot;code panel&quot; style=&quot;border-width: 1px;&quot;&gt;&lt;div class=&quot;codeContent panelContent&quot;&gt;
&lt;pre class=&quot;code-java&quot;&gt;
File parent = file.getParentFile();
&lt;span class=&quot;code-keyword&quot;&gt;if&lt;/span&gt; (parent != &lt;span class=&quot;code-keyword&quot;&gt;null&lt;/span&gt; &amp;amp;&amp;amp; parent.exists() == &lt;span class=&quot;code-keyword&quot;&gt;false&lt;/span&gt;) {
    &lt;span class=&quot;code-keyword&quot;&gt;if&lt;/span&gt; (parent.mkdirs() == &lt;span class=&quot;code-keyword&quot;&gt;false&lt;/span&gt;) {
        &lt;span class=&quot;code-keyword&quot;&gt;throw&lt;/span&gt; &lt;span class=&quot;code-keyword&quot;&gt;new&lt;/span&gt; IOException(&lt;span class=&quot;code-quote&quot;&gt;&quot;File &apos;&quot;&lt;/span&gt; + file + &lt;span class=&quot;code-quote&quot;&gt;&quot;&apos; could not be created&quot;&lt;/span&gt;);
    }
}
&lt;/pre&gt;
&lt;/div&gt;&lt;/div&gt;

&lt;p&gt;Now mkdirs() returns true only if the method actually created the directories; it&apos;s theoretically possible for the directory to be created in the window between the exists() and mkdirs() invocations. &lt;span class=&quot;error&quot;&gt;&amp;#91;Indeed the class actually checks for this in the forceMkdir() method&amp;#93;&lt;/span&gt;&lt;/p&gt;

&lt;p&gt;It would be safer to use:&lt;/p&gt;

&lt;div class=&quot;code panel&quot; style=&quot;border-width: 1px;&quot;&gt;&lt;div class=&quot;codeContent panelContent&quot;&gt;
&lt;pre class=&quot;code-java&quot;&gt;
File parent = file.getParentFile();
&lt;span class=&quot;code-keyword&quot;&gt;if&lt;/span&gt; (parent != &lt;span class=&quot;code-keyword&quot;&gt;null&lt;/span&gt; &amp;amp;&amp;amp; !parent.mkdirs() &amp;amp;&amp;amp; !parent.isDirectory()) {
    &lt;span class=&quot;code-keyword&quot;&gt;throw&lt;/span&gt; &lt;span class=&quot;code-keyword&quot;&gt;new&lt;/span&gt; IOException(&lt;span class=&quot;code-quote&quot;&gt;&quot;Directory &apos;&quot;&lt;/span&gt; + parent + &lt;span class=&quot;code-quote&quot;&gt;&quot;&apos; could not be created&quot;&lt;/span&gt;); &lt;span class=&quot;code-comment&quot;&gt;// note changed text
&lt;/span&gt;}
&lt;/pre&gt;
&lt;/div&gt;&lt;/div&gt;

&lt;p&gt;Similarly elsewhere in the class where mkdirs() is used.&lt;/p&gt;</description>
                <environment></environment>
        <key id="12518926">IO-280</key>
            <summary>Dubious use of mkdirs() return code</summary>
                <type id="1" iconUrl="https://issues.apache.org/jira/images/icons/issuetypes/bug.png">Bug</type>
                                            <priority id="4" iconUrl="https://issues.apache.org/jira/images/icons/priorities/minor.png">Minor</priority>
                        <status id="6" iconUrl="https://issues.apache.org/jira/images/icons/statuses/closed.png" description="The issue is considered finished, the resolution is correct. Issues which are closed can be reopened.">Closed</status>
                    <statusCategory id="3" key="done" colorName="green"/>
                                    <resolution id="1">Fixed</resolution>
                                        <assignee username="-1">Unassigned</assignee>
                                    <reporter username="sebb@apache.org">Sebb</reporter>
                        <labels>
                    </labels>
                <created>Mon, 15 Aug 2011 21:40:11 +0000</created>
                <updated>Tue, 27 Aug 2013 15:17:08 +0000</updated>
                            <resolved>Tue, 30 Aug 2011 13:56:21 +0000</resolved>
                                                    <fixVersion>2.1</fixVersion>
                                        <due></due>
                            <votes>0</votes>
                                    <watches>0</watches>
                                                                <comments>
                            <comment id="13124188" author="garydgregory" created="Mon, 10 Oct 2011 15:47:35 +0000"  >&lt;p&gt;Closing, we released version 2.1.&lt;/p&gt;</comment>
                    </comments>
                <issuelinks>
                            <issuelinktype id="10030">
                    <name>Reference</name>
                                            <outwardlinks description="relates to">
                                        <issuelink>
            <issuekey id="12518924">JCI-67</issuekey>
        </issuelink>
                            </outwardlinks>
                                                        </issuelinktype>
                    </issuelinks>
                <attachments>
                    </attachments>
                <subtasks>
                    </subtasks>
                <customfields>
                                                <customfield id="customfield_12310310" key="com.atlassian.jira.toolkit:attachments">
                        <customfieldname>Attachment count</customfieldname>
                        <customfieldvalues>
                            <customfieldvalue>0.0</customfieldvalue>
                        </customfieldvalues>
                    </customfield>
                                                                                                                                                                                                                                                                                                                                                                                                                                                                                                                                <customfield id="customfield_12310220" key="com.atlassian.jira.ext.charting:firstresponsedate">
                        <customfieldname>Date of First Response</customfieldname>
                        <customfieldvalues>
                            <customfieldvalue>Mon, 10 Oct 2011 15:47:35 +0000</customfieldvalue>

                        </customfieldvalues>
                    </customfield>
                                                                                                                                                                                                                                                                                                                                                                                                                                            <customfield id="customfield_12310420" key="com.pyxis.greenhopper.jira:gh-global-rank">
                        <customfieldname>Global Rank</customfieldname>
                        <customfieldvalues>
                            <customfieldvalue>56792</customfieldvalue>
                        </customfieldvalues>
                    </customfield>
                                                                                                                        <customfield id="customfield_12312521" key="com.atlassian.jira.toolkit:LastCommentDate">
                        <customfieldname>Last public comment date</customfieldname>
                        <customfieldvalues>
                            5 years, 6 weeks, 5 days ago
                        </customfieldvalues>
                    </customfield>
                                                                                            <customfield id="customfield_12311820" key="com.pyxis.greenhopper.jira:gh-lexo-rank">
                        <customfieldname>Rank</customfieldname>
                        <customfieldvalues>
                            <customfieldvalue>0|i0b0vb:</customfieldvalue>

                        </customfieldvalues>
                    </customfield>
                                                                <customfield id="customfield_12310920" key="com.pyxis.greenhopper.jira:gh-global-rank">
                        <customfieldname>Rank (Obsolete)</customfieldname>
                        <customfieldvalues>
                            <customfieldvalue>62253</customfieldvalue>
                        </customfieldvalues>
                    </customfield>
                                                                                                                                                                                                                                        <customfield id="customfield_12310222" key="com.atlassian.jira.ext.charting:timeinstatus">
                        <customfieldname>Time in Status</customfieldname>
                        <customfieldvalues>
                            
                        </customfieldvalues>
                    </customfield>
                                                                                                                        </customfields>
    </item>
</channel>
</rss>