<!-- 
RSS generated by JIRA (6.3.4#6332-sha1:51bc225ef474afe3128b2f66878477f322397b16) at Sun Nov 20 16:51:41 UTC 2016

It is possible to restrict the fields that are returned in this document by specifying the 'field' parameter in your request.
For example, to request only the issue key and summary add field=key&field=summary to the URL of your request.
For example:
https://issues.apache.org/jira/si/jira.issueviews:issue-xml/IO-231/IO-231.xml?field=key&amp;field=summary
-->
<rss version="0.92" >
<channel>
    <title>ASF JIRA</title>
    <link>https://issues.apache.org/jira</link>
    <description>This file is an XML representation of an issue</description>
    <language>en-uk</language>    <build-info>
        <version>6.3.4</version>
        <build-number>6332</build-number>
        <build-date>15-08-2014</build-date>
    </build-info>

<item>
            <title>[IO-231] FileUtils generate wrong exception message in isFileNewer method</title>
                <link>https://issues.apache.org/jira/browse/IO-231</link>
                <project id="12310477" key="IO">Commons IO</project>
                    <description>&lt;div class=&quot;code panel&quot; style=&quot;border-width: 1px;&quot;&gt;&lt;div class=&quot;codeContent panelContent&quot;&gt;
&lt;pre class=&quot;code-java&quot;&gt;
&lt;span class=&quot;code-keyword&quot;&gt;if&lt;/span&gt; (!reference.exists()) {
    &lt;span class=&quot;code-keyword&quot;&gt;throw&lt;/span&gt; &lt;span class=&quot;code-keyword&quot;&gt;new&lt;/span&gt; IllegalArgumentException(&lt;span class=&quot;code-quote&quot;&gt;&quot;The reference file &apos;&quot;&lt;/span&gt; + file + &lt;span class=&quot;code-quote&quot;&gt;&quot;&apos; doesn&apos;t exist&quot;&lt;/span&gt;);
}
&lt;/pre&gt;
&lt;/div&gt;&lt;/div&gt;
&lt;p&gt;If second argument file does not exist isFileNewer method generates exception with message about first argument file does not exist.&lt;/p&gt;</description>
                <environment></environment>
        <key id="12458124">IO-231</key>
            <summary>FileUtils generate wrong exception message in isFileNewer method</summary>
                <type id="1" iconUrl="https://issues.apache.org/jira/images/icons/issuetypes/bug.png">Bug</type>
                                            <priority id="3" iconUrl="https://issues.apache.org/jira/images/icons/priorities/major.png">Major</priority>
                        <status id="6" iconUrl="https://issues.apache.org/jira/images/icons/statuses/closed.png" description="The issue is considered finished, the resolution is correct. Issues which are closed can be reopened.">Closed</status>
                    <statusCategory id="3" key="done" colorName="green"/>
                                    <resolution id="1">Fixed</resolution>
                                        <assignee username="-1">Unassigned</assignee>
                                    <reporter username="sever">Eugene Smelik</reporter>
                        <labels>
                    </labels>
                <created>Thu, 4 Mar 2010 13:40:59 +0000</created>
                <updated>Wed, 21 Jul 2010 17:00:51 +0000</updated>
                            <resolved>Thu, 4 Mar 2010 18:10:29 +0000</resolved>
                                    <version>1.4</version>
                                    <fixVersion>2.0</fixVersion>
                                    <component>Utilities</component>
                        <due></due>
                            <votes>0</votes>
                                    <watches>1</watches>
                                    <timeoriginalestimate seconds="180">0.05h</timeoriginalestimate>
                            <timeestimate seconds="180">0.05h</timeestimate>
                                        <comments>
                            <comment id="12841273" author="sever" created="Thu, 4 Mar 2010 14:13:18 +0000"  >&lt;p&gt;The same problem exists in method isFileOlder()&lt;/p&gt;</comment>
                            <comment id="12841418" author="sebb@apache.org" created="Thu, 4 Mar 2010 18:10:29 +0000"  >&lt;p&gt;Thanks for the report. Fixed in SVN:&lt;/p&gt;

&lt;p&gt;URL: &lt;a href=&quot;http://svn.apache.org/viewvc?rev=919101&amp;amp;view=rev&quot; class=&quot;external-link&quot; rel=&quot;nofollow&quot;&gt;http://svn.apache.org/viewvc?rev=919101&amp;amp;view=rev&lt;/a&gt;&lt;br/&gt;
Log:&lt;br/&gt;
&lt;a href=&quot;https://issues.apache.org/jira/browse/IO-231&quot; title=&quot;FileUtils generate wrong exception message in isFileNewer method&quot; class=&quot;issue-link&quot; data-issue-key=&quot;IO-231&quot;&gt;&lt;del&gt;IO-231&lt;/del&gt;&lt;/a&gt; FileUtils generate wrong exception message in isFileNewer method&lt;/p&gt;

&lt;p&gt;Modified:&lt;br/&gt;
   commons/proper/io/trunk/src/java/org/apache/commons/io/FileUtils.java&lt;br/&gt;
   commons/proper/io/trunk/src/test/org/apache/commons/io/FileUtilsTestCase.java&lt;/p&gt;</comment>
                    </comments>
                    <attachments>
                    </attachments>
                <subtasks>
                    </subtasks>
                <customfields>
                                                <customfield id="customfield_12310310" key="com.atlassian.jira.toolkit:attachments">
                        <customfieldname>Attachment count</customfieldname>
                        <customfieldvalues>
                            <customfieldvalue>0.0</customfieldvalue>
                        </customfieldvalues>
                    </customfield>
                                                                                                                                                                                                                                                                                                                                                                                                                                                                                                                                <customfield id="customfield_12310220" key="com.atlassian.jira.ext.charting:firstresponsedate">
                        <customfieldname>Date of First Response</customfieldname>
                        <customfieldvalues>
                            <customfieldvalue>Thu, 4 Mar 2010 18:10:29 +0000</customfieldvalue>

                        </customfieldvalues>
                    </customfield>
                                                                                                                                                                                                                                                                                                                                                                                                                                            <customfield id="customfield_12310420" key="com.pyxis.greenhopper.jira:gh-global-rank">
                        <customfieldname>Global Rank</customfieldname>
                        <customfieldvalues>
                            <customfieldvalue>40304</customfieldvalue>
                        </customfieldvalues>
                    </customfield>
                                                                                                                        <customfield id="customfield_12312521" key="com.atlassian.jira.toolkit:LastCommentDate">
                        <customfieldname>Last public comment date</customfieldname>
                        <customfieldvalues>
                            6 years, 38 weeks, 2 days ago
                        </customfieldvalues>
                    </customfield>
                                                                                            <customfield id="customfield_12311820" key="com.pyxis.greenhopper.jira:gh-lexo-rank">
                        <customfieldname>Rank</customfieldname>
                        <customfieldvalues>
                            <customfieldvalue>0|i0b107:</customfieldvalue>

                        </customfieldvalues>
                    </customfield>
                                                                <customfield id="customfield_12310920" key="com.pyxis.greenhopper.jira:gh-global-rank">
                        <customfieldname>Rank (Obsolete)</customfieldname>
                        <customfieldvalues>
                            <customfieldvalue>62275</customfieldvalue>
                        </customfieldvalues>
                    </customfield>
                                                                                                                                                                                                                                        <customfield id="customfield_12310222" key="com.atlassian.jira.ext.charting:timeinstatus">
                        <customfieldname>Time in Status</customfieldname>
                        <customfieldvalues>
                            
                        </customfieldvalues>
                    </customfield>
                                                                                                                        </customfields>
    </item>
</channel>
</rss>