<!-- 
RSS generated by JIRA (6.3.4#6332-sha1:51bc225ef474afe3128b2f66878477f322397b16) at Sun Nov 20 16:14:16 UTC 2016

It is possible to restrict the fields that are returned in this document by specifying the 'field' parameter in your request.
For example, to request only the issue key and summary add field=key&field=summary to the URL of your request.
For example:
https://issues.apache.org/jira/si/jira.issueviews:issue-xml/IO-257/IO-257.xml?field=key&amp;field=summary
-->
<rss version="0.92" >
<channel>
    <title>ASF JIRA</title>
    <link>https://issues.apache.org/jira</link>
    <description>This file is an XML representation of an issue</description>
    <language>en-uk</language>    <build-info>
        <version>6.3.4</version>
        <build-number>6332</build-number>
        <build-date>15-08-2014</build-date>
    </build-info>

<item>
            <title>[IO-257] BOMInputStream.read(byte[]) can return 0 which it should not</title>
                <link>https://issues.apache.org/jira/browse/IO-257</link>
                <project id="12310477" key="IO">Commons IO</project>
                    <description>&lt;p&gt;BOMInputStream.read(byte[]) returns 0 when it should return -1.&lt;/p&gt;

&lt;p&gt;This is not a valid action (unless buf.length == 0) and can cause problems, e.g. &quot;java.io.IOException: Underlying input stream returned zero bytes - at sun.nio.cs.StreamDecoder.readBytes(StreamDecoder.java:268)&quot;&lt;/p&gt;

&lt;p&gt;From java.io.InputStream.read(byte[]) JavaDocs: &quot;If the length of b is zero, then no bytes are read and 0 is returned; otherwise, there is an attempt to read at least one byte. If no byte is available because the stream is at the end of the file, the value -1 is returned; otherwise, at least one byte is read and stored into b.&quot;&lt;/p&gt;

&lt;p&gt;Suggested fix, change line 287 of BOMInputStream.java from&lt;br/&gt;
        return (secondCount &amp;lt; 0) ? firstCount : firstCount + secondCount;&lt;br/&gt;
into&lt;br/&gt;
        return (secondCount &amp;lt; 0) ? (firstCount &amp;gt; 0 ? firstCount : -1) : firstCount + secondCount;&lt;/p&gt;</description>
                <environment></environment>
        <key id="12493826">IO-257</key>
            <summary>BOMInputStream.read(byte[]) can return 0 which it should not</summary>
                <type id="1" iconUrl="https://issues.apache.org/jira/images/icons/issuetypes/bug.png">Bug</type>
                                            <priority id="2" iconUrl="https://issues.apache.org/jira/images/icons/priorities/critical.png">Critical</priority>
                        <status id="6" iconUrl="https://issues.apache.org/jira/images/icons/statuses/closed.png" description="The issue is considered finished, the resolution is correct. Issues which are closed can be reopened.">Closed</status>
                    <statusCategory id="3" key="done" colorName="green"/>
                                    <resolution id="1">Fixed</resolution>
                                        <assignee username="niallp">Niall Pemberton</assignee>
                                    <reporter username="teme">Teemu L&#229;ng</reporter>
                        <labels>
                    </labels>
                <created>Wed, 22 Dec 2010 03:13:21 +0000</created>
                <updated>Thu, 10 Nov 2011 18:09:36 +0000</updated>
                            <resolved>Wed, 22 Dec 2010 23:06:21 +0000</resolved>
                                    <version>2.0</version>
                                    <fixVersion>2.0.1</fixVersion>
                                    <component>Streams/Writers</component>
                        <due></due>
                            <votes>0</votes>
                                    <watches>0</watches>
                                                                <comments>
                            <comment id="12974434" author="niallp" created="Wed, 22 Dec 2010 23:06:21 +0000"  >&lt;p&gt;Thanks for the fix - I have applied the change:&lt;/p&gt;

&lt;p&gt;&lt;a href=&quot;http://svn.apache.org/viewvc?view=revision&amp;amp;revision=1052095&quot; class=&quot;external-link&quot; rel=&quot;nofollow&quot;&gt;http://svn.apache.org/viewvc?view=revision&amp;amp;revision=1052095&lt;/a&gt;&lt;/p&gt;</comment>
                            <comment id="12976413" author="niallp" created="Sat, 1 Jan 2011 16:31:05 +0000"  >&lt;p&gt;Commons IO 2.0.1 has been released which resolves this&lt;/p&gt;</comment>
                    </comments>
                    <attachments>
                    </attachments>
                <subtasks>
                    </subtasks>
                <customfields>
                                                <customfield id="customfield_12310310" key="com.atlassian.jira.toolkit:attachments">
                        <customfieldname>Attachment count</customfieldname>
                        <customfieldvalues>
                            <customfieldvalue>0.0</customfieldvalue>
                        </customfieldvalues>
                    </customfield>
                                                                                                                                                                                                                                                                                                                                                                                                                                                                                                                                <customfield id="customfield_12310220" key="com.atlassian.jira.ext.charting:firstresponsedate">
                        <customfieldname>Date of First Response</customfieldname>
                        <customfieldvalues>
                            <customfieldvalue>Wed, 22 Dec 2010 23:06:21 +0000</customfieldvalue>

                        </customfieldvalues>
                    </customfield>
                                                                                                                                                                                                                                                                                                                                                                                                                                            <customfield id="customfield_12310420" key="com.pyxis.greenhopper.jira:gh-global-rank">
                        <customfieldname>Global Rank</customfieldname>
                        <customfieldvalues>
                            <customfieldvalue>40288</customfieldvalue>
                        </customfieldvalues>
                    </customfield>
                                                                                                                        <customfield id="customfield_12312521" key="com.atlassian.jira.toolkit:LastCommentDate">
                        <customfieldname>Last public comment date</customfieldname>
                        <customfieldvalues>
                            5 years, 47 weeks ago
                        </customfieldvalues>
                    </customfield>
                                                                                            <customfield id="customfield_12311820" key="com.pyxis.greenhopper.jira:gh-lexo-rank">
                        <customfieldname>Rank</customfieldname>
                        <customfieldvalues>
                            <customfieldvalue>0|i0b0yn:</customfieldvalue>

                        </customfieldvalues>
                    </customfield>
                                                                <customfield id="customfield_12310920" key="com.pyxis.greenhopper.jira:gh-global-rank">
                        <customfieldname>Rank (Obsolete)</customfieldname>
                        <customfieldvalues>
                            <customfieldvalue>62268</customfieldvalue>
                        </customfieldvalues>
                    </customfield>
                                                                                                                                                                                                                                        <customfield id="customfield_12310222" key="com.atlassian.jira.ext.charting:timeinstatus">
                        <customfieldname>Time in Status</customfieldname>
                        <customfieldvalues>
                            
                        </customfieldvalues>
                    </customfield>
                                                                                                                        </customfields>
    </item>
</channel>
</rss>