<!-- 
RSS generated by JIRA (6.3.4#6332-sha1:51bc225ef474afe3128b2f66878477f322397b16) at Sun Nov 20 14:34:05 UTC 2016

It is possible to restrict the fields that are returned in this document by specifying the 'field' parameter in your request.
For example, to request only the issue key and summary add field=key&field=summary to the URL of your request.
For example:
https://issues.apache.org/jira/si/jira.issueviews:issue-xml/IO-246/IO-246.xml?field=key&amp;field=summary
-->
<rss version="0.92" >
<channel>
    <title>ASF JIRA</title>
    <link>https://issues.apache.org/jira</link>
    <description>This file is an XML representation of an issue</description>
    <language>en-uk</language>    <build-info>
        <version>6.3.4</version>
        <build-number>6332</build-number>
        <build-date>15-08-2014</build-date>
    </build-info>

<item>
            <title>[IO-246] FilenameUtils.wildcardMatch gives incorrect results</title>
                <link>https://issues.apache.org/jira/browse/IO-246</link>
                <project id="12310477" key="IO">Commons IO</project>
                    <description>&lt;p&gt;This wildcard pattern &quot;*?&quot; does not match correctly. The command:&lt;/p&gt;

&lt;p&gt;System.out.println(FilenameUtils.wildcardMatch(&quot;aaa&quot;, &quot;*?&quot;));&lt;/p&gt;

&lt;p&gt;prints out &quot;false&quot;, even though it matches. The wildcard mask is a bit unusal, but not incorrect. It should match any input with at least one character.&lt;/p&gt;</description>
                <environment>&lt;p&gt;any&lt;/p&gt;</environment>
        <key id="12470151">IO-246</key>
            <summary>FilenameUtils.wildcardMatch gives incorrect results</summary>
                <type id="1" iconUrl="https://issues.apache.org/jira/images/icons/issuetypes/bug.png">Bug</type>
                                            <priority id="4" iconUrl="https://issues.apache.org/jira/images/icons/priorities/minor.png">Minor</priority>
                        <status id="6" iconUrl="https://issues.apache.org/jira/images/icons/statuses/closed.png" description="The issue is considered finished, the resolution is correct. Issues which are closed can be reopened.">Closed</status>
                    <statusCategory id="3" key="done" colorName="green"/>
                                    <resolution id="1">Fixed</resolution>
                                        <assignee username="niallp">Niall Pemberton</assignee>
                                    <reporter username="vva">vva</reporter>
                        <labels>
                    </labels>
                <created>Mon, 26 Jul 2010 09:17:55 +0000</created>
                <updated>Thu, 10 Nov 2011 18:09:34 +0000</updated>
                            <resolved>Wed, 29 Sep 2010 11:29:20 +0000</resolved>
                                    <version>1.4</version>
                                    <fixVersion>2.0</fixVersion>
                                    <component>Filters</component>
                        <due></due>
                            <votes>0</votes>
                                    <watches>1</watches>
                                                                <comments>
                            <comment id="12915781" author="niallp" created="Tue, 28 Sep 2010 15:16:17 +0000"  >&lt;p&gt;While you&apos;re probably right that using &quot;*?&quot; in a wildcard expression should work as you expect - it would be difficult to fix wildcardMatch() to cater for this.&lt;/p&gt;

&lt;p&gt;Using &lt;/p&gt;
&lt;div class=&quot;code panel&quot; style=&quot;border-width: 1px;&quot;&gt;&lt;div class=&quot;codeContent panelContent&quot;&gt;
&lt;pre class=&quot;code-java&quot;&gt;&lt;span class=&quot;code-quote&quot;&gt;&quot;?*&quot;&lt;/span&gt;&lt;/pre&gt;
&lt;/div&gt;&lt;/div&gt;
&lt;p&gt; effectively means the same thing - unfortunately this does not work either - but its much easier to fix. Also in my mind its more precise. For example an expression like &lt;/p&gt;
&lt;div class=&quot;code panel&quot; style=&quot;border-width: 1px;&quot;&gt;&lt;div class=&quot;codeContent panelContent&quot;&gt;
&lt;pre class=&quot;code-java&quot;&gt;&lt;span class=&quot;code-quote&quot;&gt;&quot;aa?*&quot;&lt;/span&gt;&lt;/pre&gt;
&lt;/div&gt;&lt;/div&gt;
&lt;p&gt; always means &quot;any character in the third position&quot; for the &quot;?&quot; wildcard.&lt;/p&gt;
</comment>
                            <comment id="12916110" author="niallp" created="Wed, 29 Sep 2010 11:29:20 +0000"  >&lt;p&gt;Fixed, &lt;a href=&quot;http://svn.apache.org/viewvc?view=revision&amp;amp;revision=1002582&quot; class=&quot;external-link&quot; rel=&quot;nofollow&quot;&gt;http://svn.apache.org/viewvc?view=revision&amp;amp;revision=1002582&lt;/a&gt;&lt;/p&gt;</comment>
                    </comments>
                    <attachments>
                            <attachment id="12455834" name="IO-246-wildcardMatch.patch" size="1878" author="niallp" created="Tue, 28 Sep 2010 15:16:17 +0000"/>
                    </attachments>
                <subtasks>
                    </subtasks>
                <customfields>
                                                <customfield id="customfield_12310310" key="com.atlassian.jira.toolkit:attachments">
                        <customfieldname>Attachment count</customfieldname>
                        <customfieldvalues>
                            <customfieldvalue>1.0</customfieldvalue>
                        </customfieldvalues>
                    </customfield>
                                                                                                                                                                                                                                                                                                                                                                                                                                                                                                                                <customfield id="customfield_12310220" key="com.atlassian.jira.ext.charting:firstresponsedate">
                        <customfieldname>Date of First Response</customfieldname>
                        <customfieldvalues>
                            <customfieldvalue>Tue, 28 Sep 2010 15:16:17 +0000</customfieldvalue>

                        </customfieldvalues>
                    </customfield>
                                                                                                                                                                                                                                                                                                                                                                                                                                            <customfield id="customfield_12310420" key="com.pyxis.greenhopper.jira:gh-global-rank">
                        <customfieldname>Global Rank</customfieldname>
                        <customfieldvalues>
                            <customfieldvalue>40307</customfieldvalue>
                        </customfieldvalues>
                    </customfield>
                                                                                                                        <customfield id="customfield_12312521" key="com.atlassian.jira.toolkit:LastCommentDate">
                        <customfieldname>Last public comment date</customfieldname>
                        <customfieldvalues>
                            6 years, 8 weeks, 4 days ago
                        </customfieldvalues>
                    </customfield>
                                                                                            <customfield id="customfield_12311820" key="com.pyxis.greenhopper.jira:gh-lexo-rank">
                        <customfieldname>Rank</customfieldname>
                        <customfieldvalues>
                            <customfieldvalue>0|i0b0zb:</customfieldvalue>

                        </customfieldvalues>
                    </customfield>
                                                                <customfield id="customfield_12310920" key="com.pyxis.greenhopper.jira:gh-global-rank">
                        <customfieldname>Rank (Obsolete)</customfieldname>
                        <customfieldvalues>
                            <customfieldvalue>62271</customfieldvalue>
                        </customfieldvalues>
                    </customfield>
                                                                                                                                                                                                                                        <customfield id="customfield_12310222" key="com.atlassian.jira.ext.charting:timeinstatus">
                        <customfieldname>Time in Status</customfieldname>
                        <customfieldvalues>
                            
                        </customfieldvalues>
                    </customfield>
                                                                                                                        </customfields>
    </item>
</channel>
</rss>