<!-- 
RSS generated by JIRA (6.3.4#6332-sha1:51bc225ef474afe3128b2f66878477f322397b16) at Sun Nov 20 16:30:15 UTC 2016

It is possible to restrict the fields that are returned in this document by specifying the 'field' parameter in your request.
For example, to request only the issue key and summary add field=key&field=summary to the URL of your request.
For example:
https://issues.apache.org/jira/si/jira.issueviews:issue-xml/IO-2/IO-2.xml?field=key&amp;field=summary
-->
<rss version="0.92" >
<channel>
    <title>ASF JIRA</title>
    <link>https://issues.apache.org/jira</link>
    <description>This file is an XML representation of an issue</description>
    <language>en-uk</language>    <build-info>
        <version>6.3.4</version>
        <build-number>6332</build-number>
        <build-date>15-08-2014</build-date>
    </build-info>

<item>
            <title>[IO-2] [IO] FilenameUtils.catPath cannot handle &quot;\&quot;</title>
                <link>https://issues.apache.org/jira/browse/IO-2</link>
                <project id="12310477" key="IO">Commons IO</project>
                    <description>&lt;p&gt;Hi,&lt;/p&gt;

&lt;p&gt;(sorry to assign it to the wrong component, but I cannot choose for IO)&lt;/p&gt;

&lt;p&gt;when I try to concat 2 paths with &quot;\&quot; as path separator instead of &quot;/&quot;, an&lt;br/&gt;
exception is thrown. I&apos;ll upload a patch for this as well as a junit test.&lt;/p&gt;

&lt;p&gt;e.g.: FilenameUtils.catPath(&quot;C:\\temp&lt;br class=&quot;atl-forced-newline&quot; /&gt;&quot;, &quot;test&quot;) throws an exception ...&lt;/p&gt;

&lt;p&gt;Maarten&lt;/p&gt;</description>
                <environment>&lt;p&gt;Operating System: other&lt;br/&gt;
Platform: Other&lt;/p&gt;</environment>
        <key id="12341325">IO-2</key>
            <summary>[IO] FilenameUtils.catPath cannot handle &quot;\&quot;</summary>
                <type id="1" iconUrl="https://issues.apache.org/jira/images/icons/issuetypes/bug.png">Bug</type>
                                            <priority id="3" iconUrl="https://issues.apache.org/jira/images/icons/priorities/major.png">Major</priority>
                        <status id="6" iconUrl="https://issues.apache.org/jira/images/icons/statuses/closed.png" description="The issue is considered finished, the resolution is correct. Issues which are closed can be reopened.">Closed</status>
                    <statusCategory id="3" key="done" colorName="green"/>
                                    <resolution id="1">Fixed</resolution>
                                        <assignee username="-1">Unassigned</assignee>
                                    <reporter username="maartenc">Maarten Coene</reporter>
                        <labels>
                    </labels>
                <created>Fri, 12 Mar 2004 01:13:23 +0000</created>
                <updated>Fri, 9 Mar 2007 20:38:15 +0000</updated>
                            <resolved>Fri, 9 Mar 2007 20:38:15 +0000</resolved>
                                                    <fixVersion>1.0</fixVersion>
                                        <due></due>
                            <votes>0</votes>
                                    <watches>0</watches>
                                                                <comments>
                            <comment id="12406207" author="maartenc" created="Fri, 12 Mar 2004 01:14:20 +0000"  >&lt;p&gt;Created an attachment (id=10758)&lt;br/&gt;
patch for FilenameUtils&lt;/p&gt;</comment>
                            <comment id="12406208" author="maartenc" created="Fri, 12 Mar 2004 01:15:35 +0000"  >&lt;p&gt;Created an attachment (id=10759)&lt;br/&gt;
extra tests&lt;/p&gt;</comment>
                            <comment id="12406209" author="jeremias@apache.org" created="Sat, 13 Mar 2004 06:01:09 +0000"  >&lt;p&gt;Patch applied. Thanks!&lt;/p&gt;

&lt;p&gt;I took the liberty to rename your new method a little: &lt;br/&gt;
lastIndexOfPathSeparator -&amp;gt; indexOfLastPathSeparator&lt;/p&gt;</comment>
                    </comments>
                    <attachments>
                            <attachment id="12332794" name="ASF.LICENSE.NOT.GRANTED--FilenameUtils.java.patch" size="3060" author="maartenc" created="Fri, 12 Mar 2004 01:14:20 +0000"/>
                            <attachment id="12332795" name="ASF.LICENSE.NOT.GRANTED--FilenameUtilsTestCase.java.patch" size="1384" author="maartenc" created="Fri, 12 Mar 2004 01:15:35 +0000"/>
                    </attachments>
                <subtasks>
                    </subtasks>
                <customfields>
                                                <customfield id="customfield_12310310" key="com.atlassian.jira.toolkit:attachments">
                        <customfieldname>Attachment count</customfieldname>
                        <customfieldvalues>
                            <customfieldvalue>2.0</customfieldvalue>
                        </customfieldvalues>
                    </customfield>
                                                                                                                                                                                                                                                                                                                                                                                                                                                                        <customfield id="customfield_10010" key="com.atlassian.jira.plugin.system.customfieldtypes:importid">
                        <customfieldname>Bugzilla Id</customfieldname>
                        <customfieldvalues>
                            <customfieldvalue>27612</customfieldvalue>
                        </customfieldvalues>
                    </customfield>
                                                                                            <customfield id="customfield_12310220" key="com.atlassian.jira.ext.charting:firstresponsedate">
                        <customfieldname>Date of First Response</customfieldname>
                        <customfieldvalues>
                            <customfieldvalue>Sat, 13 Mar 2004 06:01:09 +0000</customfieldvalue>

                        </customfieldvalues>
                    </customfield>
                                                                                                                                                                                                                                                                                                                                                                                                                                            <customfield id="customfield_12310420" key="com.pyxis.greenhopper.jira:gh-global-rank">
                        <customfieldname>Global Rank</customfieldname>
                        <customfieldvalues>
                            <customfieldvalue>40297</customfieldvalue>
                        </customfieldvalues>
                    </customfield>
                                                                                                                        <customfield id="customfield_12312521" key="com.atlassian.jira.toolkit:LastCommentDate">
                        <customfieldname>Last public comment date</customfieldname>
                        <customfieldvalues>
                            12 years, 38 weeks, 1 day ago
                        </customfieldvalues>
                    </customfield>
                                                                                            <customfield id="customfield_12311820" key="com.pyxis.greenhopper.jira:gh-lexo-rank">
                        <customfieldname>Rank</customfieldname>
                        <customfieldvalues>
                            <customfieldvalue>0|i0sn1z:</customfieldvalue>

                        </customfieldvalues>
                    </customfield>
                                                                <customfield id="customfield_12310920" key="com.pyxis.greenhopper.jira:gh-global-rank">
                        <customfieldname>Rank (Obsolete)</customfieldname>
                        <customfieldvalues>
                            <customfieldvalue>165212</customfieldvalue>
                        </customfieldvalues>
                    </customfield>
                                                                                                                                                                                                                                        <customfield id="customfield_12310222" key="com.atlassian.jira.ext.charting:timeinstatus">
                        <customfieldname>Time in Status</customfieldname>
                        <customfieldvalues>
                            
                        </customfieldvalues>
                    </customfield>
                                                                                                                        </customfields>
    </item>
</channel>
</rss>