<!-- 
RSS generated by JIRA (6.3.4#6332-sha1:51bc225ef474afe3128b2f66878477f322397b16) at Sun Nov 20 17:07:31 UTC 2016

It is possible to restrict the fields that are returned in this document by specifying the 'field' parameter in your request.
For example, to request only the issue key and summary add field=key&field=summary to the URL of your request.
For example:
https://issues.apache.org/jira/si/jira.issueviews:issue-xml/IO-223/IO-223.xml?field=key&amp;field=summary
-->
<rss version="0.92" >
<channel>
    <title>ASF JIRA</title>
    <link>https://issues.apache.org/jira</link>
    <description>This file is an XML representation of an issue</description>
    <language>en-uk</language>    <build-info>
        <version>6.3.4</version>
        <build-number>6332</build-number>
        <build-date>15-08-2014</build-date>
    </build-info>

<item>
            <title>[IO-223] IOUtils.copy Javadoc inconsistency (return -1 vs. throw ArithmeticException)</title>
                <link>https://issues.apache.org/jira/browse/IO-223</link>
                <project id="12310477" key="IO">Commons IO</project>
                    <description>&lt;p&gt;The javadoc for IOUtils.copy says:&lt;br/&gt;
&quot;Large streams (over 2GB) will return a bytes copied value of -1 after the copy has completed since the correct number of bytes cannot be returned as an int.&quot;&lt;br/&gt;
but then it says:&lt;br/&gt;
&quot;Throws:&lt;br/&gt;
ArithmeticException - if the byte count is too large&quot;&lt;br/&gt;
This is an inconsistency since -1 is always returned if the byte count is too large. ArithmeticException is never actually thrown.&lt;/p&gt;

&lt;p&gt;See &lt;a href=&quot;https://issues.apache.org/jira/browse/IO-84&quot; title=&quot;Many classes are limited to length of stream &amp;lt; 2 GB, and behave incorrectly on larger streams&quot; class=&quot;issue-link&quot; data-issue-key=&quot;IO-84&quot;&gt;&lt;del&gt;IO-84&lt;/del&gt;&lt;/a&gt; for discussion on solving the &quot;too large byte count&quot; problem.&lt;/p&gt;</description>
                <environment></environment>
        <key id="12440913">IO-223</key>
            <summary>IOUtils.copy Javadoc inconsistency (return -1 vs. throw ArithmeticException)</summary>
                <type id="1" iconUrl="https://issues.apache.org/jira/images/icons/issuetypes/bug.png">Bug</type>
                                            <priority id="3" iconUrl="https://issues.apache.org/jira/images/icons/priorities/major.png">Major</priority>
                        <status id="6" iconUrl="https://issues.apache.org/jira/images/icons/statuses/closed.png" description="The issue is considered finished, the resolution is correct. Issues which are closed can be reopened.">Closed</status>
                    <statusCategory id="3" key="done" colorName="green"/>
                                    <resolution id="1">Fixed</resolution>
                                        <assignee username="-1">Unassigned</assignee>
                                    <reporter username="hattifnat">Adam Michalik</reporter>
                        <labels>
                    </labels>
                <created>Tue, 17 Nov 2009 09:32:27 +0000</created>
                <updated>Tue, 13 Mar 2012 20:59:22 +0000</updated>
                            <resolved>Thu, 7 Jan 2010 02:37:22 +0000</resolved>
                                    <version>1.3</version>
                    <version>1.3.1</version>
                    <version>1.3.2</version>
                    <version>1.4</version>
                                    <fixVersion>2.0</fixVersion>
                                    <component>Utilities</component>
                        <due></due>
                            <votes>0</votes>
                                    <watches>1</watches>
                                                                <comments>
                            <comment id="12797459" author="sebb@apache.org" created="Thu, 7 Jan 2010 02:37:22 +0000"  >&lt;p&gt;URL: &lt;a href=&quot;http://svn.apache.org/viewvc?rev=896739&amp;amp;view=rev&quot; class=&quot;external-link&quot; rel=&quot;nofollow&quot;&gt;http://svn.apache.org/viewvc?rev=896739&amp;amp;view=rev&lt;/a&gt;&lt;br/&gt;
Log:&lt;br/&gt;
&lt;a href=&quot;https://issues.apache.org/jira/browse/IO-223&quot; title=&quot;IOUtils.copy Javadoc inconsistency (return -1 vs. throw ArithmeticException)&quot; class=&quot;issue-link&quot; data-issue-key=&quot;IO-223&quot;&gt;&lt;del&gt;IO-223&lt;/del&gt;&lt;/a&gt; IOUtils.copy Javadoc inconsistency (return -1 vs. throw ArithmeticException)&lt;/p&gt;</comment>
                    </comments>
                    <attachments>
                    </attachments>
                <subtasks>
                    </subtasks>
                <customfields>
                                                <customfield id="customfield_12310310" key="com.atlassian.jira.toolkit:attachments">
                        <customfieldname>Attachment count</customfieldname>
                        <customfieldvalues>
                            <customfieldvalue>0.0</customfieldvalue>
                        </customfieldvalues>
                    </customfield>
                                                                                                                                                                                                                                                                                                                                                                                                                                                                                                                                <customfield id="customfield_12310220" key="com.atlassian.jira.ext.charting:firstresponsedate">
                        <customfieldname>Date of First Response</customfieldname>
                        <customfieldvalues>
                            <customfieldvalue>Thu, 7 Jan 2010 02:37:22 +0000</customfieldvalue>

                        </customfieldvalues>
                    </customfield>
                                                                                                                                                                                                                                                                                                                                                                                                                                            <customfield id="customfield_12310420" key="com.pyxis.greenhopper.jira:gh-global-rank">
                        <customfieldname>Global Rank</customfieldname>
                        <customfieldvalues>
                            <customfieldvalue>139643</customfieldvalue>
                        </customfieldvalues>
                    </customfield>
                                                                                                                        <customfield id="customfield_12312521" key="com.atlassian.jira.toolkit:LastCommentDate">
                        <customfieldname>Last public comment date</customfieldname>
                        <customfieldvalues>
                            6 years, 46 weeks, 3 days ago
                        </customfieldvalues>
                    </customfield>
                                                                                            <customfield id="customfield_12311820" key="com.pyxis.greenhopper.jira:gh-lexo-rank">
                        <customfieldname>Rank</customfieldname>
                        <customfieldvalues>
                            <customfieldvalue>0|i0b10f:</customfieldvalue>

                        </customfieldvalues>
                    </customfield>
                                                                <customfield id="customfield_12310920" key="com.pyxis.greenhopper.jira:gh-global-rank">
                        <customfieldname>Rank (Obsolete)</customfieldname>
                        <customfieldvalues>
                            <customfieldvalue>62276</customfieldvalue>
                        </customfieldvalues>
                    </customfield>
                                                                                                                                                                                                                                        <customfield id="customfield_12310222" key="com.atlassian.jira.ext.charting:timeinstatus">
                        <customfieldname>Time in Status</customfieldname>
                        <customfieldvalues>
                            
                        </customfieldvalues>
                    </customfield>
                                                                                                                        </customfields>
    </item>
</channel>
</rss>