<!-- 
RSS generated by JIRA (6.3.4#6332-sha1:51bc225ef474afe3128b2f66878477f322397b16) at Sun Nov 20 15:41:29 UTC 2016

It is possible to restrict the fields that are returned in this document by specifying the 'field' parameter in your request.
For example, to request only the issue key and summary add field=key&field=summary to the URL of your request.
For example:
https://issues.apache.org/jira/si/jira.issueviews:issue-xml/IO-372/IO-372.xml?field=key&amp;field=summary
-->
<rss version="0.92" >
<channel>
    <title>ASF JIRA</title>
    <link>https://issues.apache.org/jira</link>
    <description>This file is an XML representation of an issue</description>
    <language>en-uk</language>    <build-info>
        <version>6.3.4</version>
        <build-number>6332</build-number>
        <build-date>15-08-2014</build-date>
    </build-info>

<item>
            <title>[IO-372] FileUtils.moveDirectory can produce misleading error message on failiure</title>
                <link>https://issues.apache.org/jira/browse/IO-372</link>
                <project id="12310477" key="IO">Commons IO</project>
                    <description>&lt;p&gt;I am seeing the following error message when trying to move a directory:&lt;/p&gt;

&lt;p&gt;&quot;Cannot move directory: /path/to/directory to a subdirectory of itself: /path/to/directory_renamed&quot;&lt;/p&gt;

&lt;p&gt;This statement is iincorrect the destination path is not a sub directory of the source path.&lt;/p&gt;

&lt;p&gt;Looking at the source l.2752 the destination directory is being compared to the source directory without using a File.separator&lt;/p&gt;

&lt;p&gt;Here&apos;s a patch for the current trunk.&lt;/p&gt;

&lt;div class=&quot;preformatted panel&quot; style=&quot;border-width: 1px;&quot;&gt;&lt;div class=&quot;preformattedContent panelContent&quot;&gt;
&lt;pre&gt;Index: src/main/java/org/apache/commons/io/FileUtils.java
===================================================================
--- src/main/java/org/apache/commons/io/FileUtils.java	(revision 1453996)
+++ src/main/java/org/apache/commons/io/FileUtils.java	(working copy)
@@ -2803,7 +2803,7 @@
         }
         final boolean rename = srcDir.renameTo(destDir);
         if (!rename) {
-            if (destDir.getCanonicalPath().startsWith(srcDir.getCanonicalPath())) {
+            if (destDir.getCanonicalPath().startsWith(srcDir.getCanonicalPath() + File.separator)) {
                 throw new IOException(&quot;Cannot move directory: &quot;+srcDir+&quot; to a subdirectory of itself: &quot;+destDir);
             }
             copyDirectory( srcDir, destDir );
  &lt;/pre&gt;
&lt;/div&gt;&lt;/div&gt;</description>
                <environment></environment>
        <key id="12635866">IO-372</key>
            <summary>FileUtils.moveDirectory can produce misleading error message on failiure</summary>
                <type id="1" iconUrl="https://issues.apache.org/jira/images/icons/issuetypes/bug.png">Bug</type>
                                            <priority id="3" iconUrl="https://issues.apache.org/jira/images/icons/priorities/major.png">Major</priority>
                        <status id="6" iconUrl="https://issues.apache.org/jira/images/icons/statuses/closed.png" description="The issue is considered finished, the resolution is correct. Issues which are closed can be reopened.">Closed</status>
                    <statusCategory id="3" key="done" colorName="green"/>
                                    <resolution id="1">Fixed</resolution>
                                        <assignee username="-1">Unassigned</assignee>
                                    <reporter username="maxmil23">Max</reporter>
                        <labels>
                    </labels>
                <created>Thu, 7 Mar 2013 19:05:00 +0000</created>
                <updated>Tue, 8 Nov 2016 17:58:58 +0000</updated>
                            <resolved>Tue, 16 Apr 2013 20:40:28 +0000</resolved>
                                                    <fixVersion>2.5</fixVersion>
                                        <due></due>
                            <votes>1</votes>
                                    <watches>2</watches>
                                                                <comments>
                            <comment id="13633320" author="sebb@apache.org" created="Tue, 16 Apr 2013 20:40:28 +0000"  >&lt;p&gt;Thanks:&lt;/p&gt;

&lt;p&gt;URL: &lt;a href=&quot;http://svn.apache.org/r1468602&quot; class=&quot;external-link&quot; rel=&quot;nofollow&quot;&gt;http://svn.apache.org/r1468602&lt;/a&gt;&lt;br/&gt;
Log:&lt;br/&gt;
&lt;a href=&quot;https://issues.apache.org/jira/browse/IO-372&quot; title=&quot;FileUtils.moveDirectory can produce misleading error message on failiure&quot; class=&quot;issue-link&quot; data-issue-key=&quot;IO-372&quot;&gt;&lt;del&gt;IO-372&lt;/del&gt;&lt;/a&gt; FileUtils.moveDirectory can produce misleading error message on failiure&lt;/p&gt;

&lt;p&gt;Modified:&lt;br/&gt;
    commons/proper/io/trunk/src/changes/changes.xml&lt;br/&gt;
    commons/proper/io/trunk/src/main/java/org/apache/commons/io/FileUtils.java&lt;/p&gt;</comment>
                            <comment id="13633546" author="sebb@apache.org" created="Tue, 16 Apr 2013 23:19:21 +0000"  >&lt;p&gt;URL: &lt;a href=&quot;http://svn.apache.org/r1468668&quot; class=&quot;external-link&quot; rel=&quot;nofollow&quot;&gt;http://svn.apache.org/r1468668&lt;/a&gt;&lt;br/&gt;
Log:&lt;br/&gt;
&lt;a href=&quot;https://issues.apache.org/jira/browse/IO-372&quot; title=&quot;FileUtils.moveDirectory can produce misleading error message on failiure&quot; class=&quot;issue-link&quot; data-issue-key=&quot;IO-372&quot;&gt;&lt;del&gt;IO-372&lt;/del&gt;&lt;/a&gt; FileUtils.moveDirectory can produce misleading error message on failiure&lt;br/&gt;
Oops - wrong separator used&lt;/p&gt;

&lt;p&gt;Modified:&lt;br/&gt;
    commons/proper/io/trunk/src/main/java/org/apache/commons/io/FileUtils.java&lt;/p&gt;</comment>
                    </comments>
                    <attachments>
                    </attachments>
                <subtasks>
                    </subtasks>
                <customfields>
                                                <customfield id="customfield_12310310" key="com.atlassian.jira.toolkit:attachments">
                        <customfieldname>Attachment count</customfieldname>
                        <customfieldvalues>
                            <customfieldvalue>0.0</customfieldvalue>
                        </customfieldvalues>
                    </customfield>
                                                                                                                                                                                                                                                                                                                                                                                                                                                                                                                                <customfield id="customfield_12310220" key="com.atlassian.jira.ext.charting:firstresponsedate">
                        <customfieldname>Date of First Response</customfieldname>
                        <customfieldvalues>
                            <customfieldvalue>Tue, 16 Apr 2013 20:40:28 +0000</customfieldvalue>

                        </customfieldvalues>
                    </customfield>
                                                                                                                                                                                                                                                                                                                                                                                                                                            <customfield id="customfield_12310420" key="com.pyxis.greenhopper.jira:gh-global-rank">
                        <customfieldname>Global Rank</customfieldname>
                        <customfieldvalues>
                            <customfieldvalue>316358</customfieldvalue>
                        </customfieldvalues>
                    </customfield>
                                                                                                                        <customfield id="customfield_12312521" key="com.atlassian.jira.toolkit:LastCommentDate">
                        <customfieldname>Last public comment date</customfieldname>
                        <customfieldvalues>
                            3 years, 31 weeks, 4 days ago
                        </customfieldvalues>
                    </customfield>
                                                                                            <customfield id="customfield_12311820" key="com.pyxis.greenhopper.jira:gh-lexo-rank">
                        <customfieldname>Rank</customfieldname>
                        <customfieldvalues>
                            <customfieldvalue>0|i1il8n:</customfieldvalue>

                        </customfieldvalues>
                    </customfield>
                                                                <customfield id="customfield_12310920" key="com.pyxis.greenhopper.jira:gh-global-rank">
                        <customfieldname>Rank (Obsolete)</customfieldname>
                        <customfieldvalues>
                            <customfieldvalue>316701</customfieldvalue>
                        </customfieldvalues>
                    </customfield>
                                                                                                                                                                                                                                        <customfield id="customfield_12310222" key="com.atlassian.jira.ext.charting:timeinstatus">
                        <customfieldname>Time in Status</customfieldname>
                        <customfieldvalues>
                            
                        </customfieldvalues>
                    </customfield>
                                                                                                                        </customfields>
    </item>
</channel>
</rss>