<!-- 
RSS generated by JIRA (6.3.4#6332-sha1:51bc225ef474afe3128b2f66878477f322397b16) at Sun Nov 20 15:45:03 UTC 2016

It is possible to restrict the fields that are returned in this document by specifying the 'field' parameter in your request.
For example, to request only the issue key and summary add field=key&field=summary to the URL of your request.
For example:
https://issues.apache.org/jira/si/jira.issueviews:issue-xml/IO-374/IO-374.xml?field=key&amp;field=summary
-->
<rss version="0.92" >
<channel>
    <title>ASF JIRA</title>
    <link>https://issues.apache.org/jira</link>
    <description>This file is an XML representation of an issue</description>
    <language>en-uk</language>    <build-info>
        <version>6.3.4</version>
        <build-number>6332</build-number>
        <build-date>15-08-2014</build-date>
    </build-info>

<item>
            <title>[IO-374] WildcardFileFilter ctors should not use null to mean IOCase.SENSITIVE when delegating to other ctors</title>
                <link>https://issues.apache.org/jira/browse/IO-374</link>
                <project id="12310477" key="IO">Commons IO</project>
                    <description>&lt;p&gt;WildcardFileFilter ctors should not use null to mean IOCase.SENSITIVE when delegating to other ctors.&lt;/p&gt;

&lt;p&gt;Just because null happens to mean case-sensitive, does not mean that internal calls to ctors should use that feature. It makes the code harder to read.&lt;/p&gt;</description>
                <environment></environment>
        <key id="12641281">IO-374</key>
            <summary>WildcardFileFilter ctors should not use null to mean IOCase.SENSITIVE when delegating to other ctors</summary>
                <type id="1" iconUrl="https://issues.apache.org/jira/images/icons/issuetypes/bug.png">Bug</type>
                                            <priority id="4" iconUrl="https://issues.apache.org/jira/images/icons/priorities/minor.png">Minor</priority>
                        <status id="6" iconUrl="https://issues.apache.org/jira/images/icons/statuses/closed.png" description="The issue is considered finished, the resolution is correct. Issues which are closed can be reopened.">Closed</status>
                    <statusCategory id="3" key="done" colorName="green"/>
                                    <resolution id="1">Fixed</resolution>
                                        <assignee username="-1">Unassigned</assignee>
                                    <reporter username="sebb@apache.org">Sebb</reporter>
                        <labels>
                    </labels>
                <created>Sun, 7 Apr 2013 21:46:15 +0000</created>
                <updated>Tue, 8 Nov 2016 17:59:08 +0000</updated>
                            <resolved>Sun, 7 Apr 2013 22:09:08 +0000</resolved>
                                    <version>2.4</version>
                                    <fixVersion>2.5</fixVersion>
                                        <due></due>
                            <votes>0</votes>
                                    <watches>0</watches>
                                                                <comments>
                            <comment id="13625030" author="sebb@apache.org" created="Sun, 7 Apr 2013 22:09:08 +0000"  >&lt;p&gt;URL: &lt;a href=&quot;http://svn.apache.org/r1465476&quot; class=&quot;external-link&quot; rel=&quot;nofollow&quot;&gt;http://svn.apache.org/r1465476&lt;/a&gt;&lt;br/&gt;
Log:&lt;br/&gt;
&lt;a href=&quot;https://issues.apache.org/jira/browse/IO-374&quot; title=&quot;WildcardFileFilter ctors should not use null to mean IOCase.SENSITIVE when delegating to other ctors&quot; class=&quot;issue-link&quot; data-issue-key=&quot;IO-374&quot;&gt;&lt;del&gt;IO-374&lt;/del&gt;&lt;/a&gt; WildcardFileFilter ctors should not use null to mean IOCase.SENSITIVE when delegating to other ctors&lt;/p&gt;

&lt;p&gt;Modified:&lt;br/&gt;
    commons/proper/io/trunk/src/changes/changes.xml&lt;br/&gt;
    commons/proper/io/trunk/src/main/java/org/apache/commons/io/filefilter/WildcardFileFilter.java&lt;/p&gt;</comment>
                    </comments>
                    <attachments>
                    </attachments>
                <subtasks>
                    </subtasks>
                <customfields>
                                                <customfield id="customfield_12310310" key="com.atlassian.jira.toolkit:attachments">
                        <customfieldname>Attachment count</customfieldname>
                        <customfieldvalues>
                            <customfieldvalue>0.0</customfieldvalue>
                        </customfieldvalues>
                    </customfield>
                                                                                                                                                                                                                                                                                                                                                                                                                                                                                                                                                                                                                                                                                                                                                                                                                                                                                                                                        <customfield id="customfield_12310420" key="com.pyxis.greenhopper.jira:gh-global-rank">
                        <customfieldname>Global Rank</customfieldname>
                        <customfieldvalues>
                            <customfieldvalue>321697</customfieldvalue>
                        </customfieldvalues>
                    </customfield>
                                                                                                                        <customfield id="customfield_12312521" key="com.atlassian.jira.toolkit:LastCommentDate">
                        <customfieldname>Last public comment date</customfieldname>
                        <customfieldvalues>
                            3 years, 32 weeks, 6 days ago
                        </customfieldvalues>
                    </customfield>
                                                                                            <customfield id="customfield_12311820" key="com.pyxis.greenhopper.jira:gh-lexo-rank">
                        <customfieldname>Rank</customfieldname>
                        <customfieldvalues>
                            <customfieldvalue>0|i1ji6v:</customfieldvalue>

                        </customfieldvalues>
                    </customfield>
                                                                <customfield id="customfield_12310920" key="com.pyxis.greenhopper.jira:gh-global-rank">
                        <customfieldname>Rank (Obsolete)</customfieldname>
                        <customfieldvalues>
                            <customfieldvalue>322042</customfieldvalue>
                        </customfieldvalues>
                    </customfield>
                                                                                                                                                                                                                                        <customfield id="customfield_12310222" key="com.atlassian.jira.ext.charting:timeinstatus">
                        <customfieldname>Time in Status</customfieldname>
                        <customfieldvalues>
                            
                        </customfieldvalues>
                    </customfield>
                                                                                                                        </customfields>
    </item>
</channel>
</rss>