<!-- 
RSS generated by JIRA (6.3.4#6332-sha1:51bc225ef474afe3128b2f66878477f322397b16) at Sun Nov 20 16:29:19 UTC 2016

It is possible to restrict the fields that are returned in this document by specifying the 'field' parameter in your request.
For example, to request only the issue key and summary add field=key&field=summary to the URL of your request.
For example:
https://issues.apache.org/jira/si/jira.issueviews:issue-xml/IO-3/IO-3.xml?field=key&amp;field=summary
-->
<rss version="0.92" >
<channel>
    <title>ASF JIRA</title>
    <link>https://issues.apache.org/jira</link>
    <description>This file is an XML representation of an issue</description>
    <language>en-uk</language>    <build-info>
        <version>6.3.4</version>
        <build-number>6332</build-number>
        <build-date>15-08-2014</build-date>
    </build-info>

<item>
            <title>[IO-3] [IO] Last modified date not preserved in FileUtils.copyFile()</title>
                <link>https://issues.apache.org/jira/browse/IO-3</link>
                <project id="12310477" key="IO">Commons IO</project>
                    <description>&lt;p&gt;File copying using FileUtils.copyFile() does not preserve the last modified &lt;br/&gt;
date in the copy. I&apos;m not sure about other OS&apos;s, but preservation of the last &lt;br/&gt;
modified date occurs when copying from Windows Explorer or the command window &lt;br/&gt;
in a Windows environment. To add this feature to the class, just add the &lt;br/&gt;
following line at the end of FileUtils.copyFile():&lt;br/&gt;
      destination.setLastModified(source.lastModified());&lt;br/&gt;
To unit test this change, add the following to the end of &lt;br/&gt;
FileUtilsTestCase.testCopyFile1() and/or testCopyFile2():&lt;br/&gt;
        assertTrue(&quot;Check last modified date preserved&quot;, testFile1.lastModified&lt;br/&gt;
() == destination.lastModified());&lt;/p&gt;</description>
                <environment>&lt;p&gt;Operating System: All&lt;br/&gt;
Platform: PC&lt;/p&gt;</environment>
        <key id="12341326">IO-3</key>
            <summary>[IO] Last modified date not preserved in FileUtils.copyFile()</summary>
                <type id="1" iconUrl="https://issues.apache.org/jira/images/icons/issuetypes/bug.png">Bug</type>
                                            <priority id="3" iconUrl="https://issues.apache.org/jira/images/icons/priorities/major.png">Major</priority>
                        <status id="6" iconUrl="https://issues.apache.org/jira/images/icons/statuses/closed.png" description="The issue is considered finished, the resolution is correct. Issues which are closed can be reopened.">Closed</status>
                    <statusCategory id="3" key="done" colorName="green"/>
                                    <resolution id="1">Fixed</resolution>
                                        <assignee username="-1">Unassigned</assignee>
                                    <reporter username="craig@maine.com">Craig Doremus</reporter>
                        <labels>
                    </labels>
                <created>Fri, 12 Mar 2004 03:47:43 +0000</created>
                <updated>Fri, 9 Mar 2007 20:38:15 +0000</updated>
                            <resolved>Fri, 9 Mar 2007 20:38:15 +0000</resolved>
                                    <version>1.0</version>
                                    <fixVersion>1.0</fixVersion>
                                        <due></due>
                            <votes>0</votes>
                                    <watches>0</watches>
                                                                <comments>
                            <comment id="12406210" author="jeremias@apache.org" created="Sat, 13 Mar 2004 06:27:13 +0000"  >&lt;p&gt;Suggestion implemented. Thanks.&lt;/p&gt;

&lt;p&gt;I&apos;ve added an additional variant of fileCopy that lets you disable the file &lt;br/&gt;
date preservation which is enabled by default (in the other two methods).&lt;/p&gt;

&lt;p&gt;I had to add &quot;Thread.sleep(200)&quot; calls in the test cases to slow down things &lt;br/&gt;
because otherwise failures wouldn&apos;t have been detectable in fast systems.&lt;/p&gt;</comment>
                    </comments>
                    <attachments>
                    </attachments>
                <subtasks>
                    </subtasks>
                <customfields>
                                                <customfield id="customfield_12310310" key="com.atlassian.jira.toolkit:attachments">
                        <customfieldname>Attachment count</customfieldname>
                        <customfieldvalues>
                            <customfieldvalue>0.0</customfieldvalue>
                        </customfieldvalues>
                    </customfield>
                                                                                                                                                                                                                                                                                                                                                                                                                                                                        <customfield id="customfield_10010" key="com.atlassian.jira.plugin.system.customfieldtypes:importid">
                        <customfieldname>Bugzilla Id</customfieldname>
                        <customfieldvalues>
                            <customfieldvalue>27615</customfieldvalue>
                        </customfieldvalues>
                    </customfield>
                                                                                            <customfield id="customfield_12310220" key="com.atlassian.jira.ext.charting:firstresponsedate">
                        <customfieldname>Date of First Response</customfieldname>
                        <customfieldvalues>
                            <customfieldvalue>Sat, 13 Mar 2004 06:27:13 +0000</customfieldvalue>

                        </customfieldvalues>
                    </customfield>
                                                                                                                                                                                                                                                                                                                                                                                                                                            <customfield id="customfield_12310420" key="com.pyxis.greenhopper.jira:gh-global-rank">
                        <customfieldname>Global Rank</customfieldname>
                        <customfieldvalues>
                            <customfieldvalue>139467</customfieldvalue>
                        </customfieldvalues>
                    </customfield>
                                                                                                                        <customfield id="customfield_12312521" key="com.atlassian.jira.toolkit:LastCommentDate">
                        <customfieldname>Last public comment date</customfieldname>
                        <customfieldvalues>
                            12 years, 38 weeks, 1 day ago
                        </customfieldvalues>
                    </customfield>
                                                                                            <customfield id="customfield_12311820" key="com.pyxis.greenhopper.jira:gh-lexo-rank">
                        <customfieldname>Rank</customfieldname>
                        <customfieldvalues>
                            <customfieldvalue>0|i0sn1r:</customfieldvalue>

                        </customfieldvalues>
                    </customfield>
                                                                <customfield id="customfield_12310920" key="com.pyxis.greenhopper.jira:gh-global-rank">
                        <customfieldname>Rank (Obsolete)</customfieldname>
                        <customfieldvalues>
                            <customfieldvalue>165211</customfieldvalue>
                        </customfieldvalues>
                    </customfield>
                                                                                                                                                                                                                                        <customfield id="customfield_12310222" key="com.atlassian.jira.ext.charting:timeinstatus">
                        <customfieldname>Time in Status</customfieldname>
                        <customfieldvalues>
                            
                        </customfieldvalues>
                    </customfield>
                                                                                                                        </customfields>
    </item>
</channel>
</rss>