<!-- 
RSS generated by JIRA (6.3.4#6332-sha1:51bc225ef474afe3128b2f66878477f322397b16) at Sun Nov 20 16:04:45 UTC 2016

It is possible to restrict the fields that are returned in this document by specifying the 'field' parameter in your request.
For example, to request only the issue key and summary add field=key&field=summary to the URL of your request.
For example:
https://issues.apache.org/jira/si/jira.issueviews:issue-xml/IO-300/IO-300.xml?field=key&amp;field=summary
-->
<rss version="0.92" >
<channel>
    <title>ASF JIRA</title>
    <link>https://issues.apache.org/jira</link>
    <description>This file is an XML representation of an issue</description>
    <language>en-uk</language>    <build-info>
        <version>6.3.4</version>
        <build-number>6332</build-number>
        <build-date>15-08-2014</build-date>
    </build-info>

<item>
            <title>[IO-300] FileUtils.moveDirectoryToDirectory removes source directory if destination is a subdirectory</title>
                <link>https://issues.apache.org/jira/browse/IO-300</link>
                <project id="12310477" key="IO">Commons IO</project>
                    <description>&lt;p&gt;Since moveDirectoryToDirectory performs a copy then delete, if you specify a target directory that is a subdirectory of the source, everything under the source directory is deleted.&lt;/p&gt;

&lt;p&gt;Steps to recreate:&lt;br/&gt;
        File dest = new File(&quot;/tmp/dir1/dir2&quot;);&lt;br/&gt;
        File src  = new File(&quot;/tmp/dir1/&quot;);&lt;/p&gt;

&lt;p&gt;        dest.mkdirs();&lt;/p&gt;

&lt;p&gt;        System.out.println(src.exists());&lt;/p&gt;

&lt;p&gt;        FileUtils.moveDirectoryToDirectory(src, dest, false);&lt;/p&gt;

&lt;p&gt;        System.out.println(src.exists());&lt;/p&gt;

&lt;p&gt;Output:&lt;br/&gt;
 true&lt;br/&gt;
 false&lt;/p&gt;

&lt;p&gt;If you try the same thing with a move command on Linux, you receive: &quot;mv: cannot move `dir1/&apos; to a subdirectory of itself, `dir1/dir2/dir1&apos;&quot;&lt;/p&gt;

&lt;p&gt;Maybe throw an exception if dest.getCanonicalPath().startsWith(src.getCanonicalPath())&lt;/p&gt;</description>
                <environment></environment>
        <key id="12539052">IO-300</key>
            <summary>FileUtils.moveDirectoryToDirectory removes source directory if destination is a subdirectory</summary>
                <type id="1" iconUrl="https://issues.apache.org/jira/images/icons/issuetypes/bug.png">Bug</type>
                                            <priority id="3" iconUrl="https://issues.apache.org/jira/images/icons/priorities/major.png">Major</priority>
                        <status id="6" iconUrl="https://issues.apache.org/jira/images/icons/statuses/closed.png" description="The issue is considered finished, the resolution is correct. Issues which are closed can be reopened.">Closed</status>
                    <statusCategory id="3" key="done" colorName="green"/>
                                    <resolution id="1">Fixed</resolution>
                                        <assignee username="-1">Unassigned</assignee>
                                    <reporter username="striderapache">dennis lucero</reporter>
                        <labels>
                    </labels>
                <created>Thu, 19 Jan 2012 22:06:08 +0000</created>
                <updated>Thu, 29 Mar 2012 21:28:17 +0000</updated>
                            <resolved>Wed, 14 Mar 2012 02:51:30 +0000</resolved>
                                                    <fixVersion>2.2</fixVersion>
                                        <due></due>
                            <votes>0</votes>
                                    <watches>1</watches>
                                                                <comments>
                            <comment id="13207766" author="thdamp" created="Tue, 14 Feb 2012 15:06:51 +0000"  >&lt;p&gt;With this patch, you can move the directory to any directory, even to a directory which exists inside the source directory.&lt;/p&gt;

&lt;p&gt;Patch Logic:&lt;br/&gt;
------------&lt;br/&gt;
1. If the source directory lies on the destination directory, a temporary source directory will be created (inside the system temporary folder). &lt;br/&gt;
2. Deletes original source directory. &lt;br/&gt;
3. Move from temporary source directory to the destination directory as per the usual way.&lt;/p&gt;</comment>
                            <comment id="13228907" author="sebb@apache.org" created="Wed, 14 Mar 2012 02:51:30 +0000"  >&lt;p&gt;Thanks for the report.&lt;/p&gt;

&lt;p&gt;Added check for subdirectory if rename fails.&lt;/p&gt;</comment>
                            <comment id="13241798" author="garydgregory" created="Thu, 29 Mar 2012 21:28:17 +0000"  >&lt;p&gt;Version 2.2 has been released and addresses this issue.&lt;/p&gt;</comment>
                    </comments>
                    <attachments>
                            <attachment id="12514496" name="IO-300.patch" size="1925" author="thdamp" created="Tue, 14 Feb 2012 15:06:51 +0000"/>
                    </attachments>
                <subtasks>
                    </subtasks>
                <customfields>
                                                <customfield id="customfield_12310310" key="com.atlassian.jira.toolkit:attachments">
                        <customfieldname>Attachment count</customfieldname>
                        <customfieldvalues>
                            <customfieldvalue>1.0</customfieldvalue>
                        </customfieldvalues>
                    </customfield>
                                                                                                                                                                                                                                                                                                                                                                                                                                                                                                                                <customfield id="customfield_12310220" key="com.atlassian.jira.ext.charting:firstresponsedate">
                        <customfieldname>Date of First Response</customfieldname>
                        <customfieldvalues>
                            <customfieldvalue>Tue, 14 Feb 2012 15:06:51 +0000</customfieldvalue>

                        </customfieldvalues>
                    </customfield>
                                                                                                                                                                                                                                                                                                                                                                                                                                            <customfield id="customfield_12310420" key="com.pyxis.greenhopper.jira:gh-global-rank">
                        <customfieldname>Global Rank</customfieldname>
                        <customfieldvalues>
                            <customfieldvalue>224554</customfieldvalue>
                        </customfieldvalues>
                    </customfield>
                                                                                                                        <customfield id="customfield_12312521" key="com.atlassian.jira.toolkit:LastCommentDate">
                        <customfieldname>Last public comment date</customfieldname>
                        <customfieldvalues>
                            4 years, 34 weeks, 2 days ago
                        </customfieldvalues>
                    </customfield>
                                                                                            <customfield id="customfield_12311820" key="com.pyxis.greenhopper.jira:gh-lexo-rank">
                        <customfieldname>Rank</customfieldname>
                        <customfieldvalues>
                            <customfieldvalue>0|i0b0rb:</customfieldvalue>

                        </customfieldvalues>
                    </customfield>
                                                                <customfield id="customfield_12310920" key="com.pyxis.greenhopper.jira:gh-global-rank">
                        <customfieldname>Rank (Obsolete)</customfieldname>
                        <customfieldvalues>
                            <customfieldvalue>62235</customfieldvalue>
                        </customfieldvalues>
                    </customfield>
                                                                                                                                                                                                                                        <customfield id="customfield_12310222" key="com.atlassian.jira.ext.charting:timeinstatus">
                        <customfieldname>Time in Status</customfieldname>
                        <customfieldvalues>
                            
                        </customfieldvalues>
                    </customfield>
                                                                                                                        </customfields>
    </item>
</channel>
</rss>