<!-- 
RSS generated by JIRA (6.3.4#6332-sha1:51bc225ef474afe3128b2f66878477f322397b16) at Thu Dec 01 19:01:18 UTC 2016

It is possible to restrict the fields that are returned in this document by specifying the 'field' parameter in your request.
For example, to request only the issue key and summary add field=key&field=summary to the URL of your request.
For example:
https://issues.apache.org/jira/si/jira.issueviews:issue-xml/IO-36/IO-36.xml?field=key&amp;field=summary
-->
<rss version="0.92" >
<channel>
    <title>ASF JIRA</title>
    <link>https://issues.apache.org/jira</link>
    <description>This file is an XML representation of an issue</description>
    <language>en-uk</language>    <build-info>
        <version>6.3.4</version>
        <build-number>6332</build-number>
        <build-date>15-08-2014</build-date>
    </build-info>

<item>
            <title>[IO-36] [io] FileUtils does not have a method for recursively copying a directory</title>
                <link>https://issues.apache.org/jira/browse/IO-36</link>
                <project id="12310477" key="IO">Commons IO</project>
                    <description>&lt;p&gt;Need to add a copyDirectory() method. I have such a method already written &lt;br/&gt;
that I will add to FileUtils and attach as a patch.&lt;/p&gt;</description>
                <environment>&lt;p&gt;Operating System: All&lt;br/&gt;
Platform: All&lt;/p&gt;</environment>
        <key id="12341978">IO-36</key>
            <summary>[io] FileUtils does not have a method for recursively copying a directory</summary>
                <type id="1" iconUrl="https://issues.apache.org/jira/images/icons/issuetypes/bug.png">Bug</type>
                                            <priority id="3" iconUrl="https://issues.apache.org/jira/images/icons/priorities/major.png">Major</priority>
                        <status id="6" iconUrl="https://issues.apache.org/jira/images/icons/statuses/closed.png" description="The issue is considered finished, the resolution is correct. Issues which are closed can be reopened.">Closed</status>
                    <statusCategory id="3" key="done" colorName="green"/>
                                    <resolution id="1">Fixed</resolution>
                                        <assignee username="-1">Unassigned</assignee>
                                    <reporter username="ips">Ian P. Springer</reporter>
                        <labels>
                    </labels>
                <created>Wed, 5 Jan 2005 11:28:32 +0000</created>
                <updated>Fri, 9 Mar 2007 20:38:19 +0000</updated>
                            <resolved>Fri, 9 Mar 2007 20:38:19 +0000</resolved>
                                                    <fixVersion>1.1</fixVersion>
                                        <due></due>
                            <votes>0</votes>
                                    <watches>0</watches>
                                                                <comments>
                            <comment id="12408478" author="ips" created="Wed, 5 Jan 2005 13:35:12 +0000"  >&lt;p&gt;Created an attachment (id=13892)&lt;br/&gt;
patch that adds two copyDirectory() methods - one that takes 2 params and one&lt;br/&gt;
that takes 3; also includes tests for the new methods&lt;/p&gt;</comment>
                            <comment id="12408479" author="ips@apache.org" created="Thu, 6 Jan 2005 01:55:20 +0000"  >&lt;p&gt;A relevant thread from the users list:&lt;/p&gt;

&lt;p&gt;&amp;gt; As a matter of fact, I think methods such as copyDirectory(...) in FileUtils&lt;br/&gt;
&amp;gt; should provide a Boolean parameter to make the copy recursive or not. I&lt;br/&gt;
&amp;gt; think it is common need.&lt;br/&gt;
&amp;gt; Another Boolean parameter could be provided to specify if empty directories&lt;br/&gt;
&amp;gt; should be copied as well or not.&lt;/p&gt;

&lt;p&gt;Probably the most flexible way to go would be to have an optional IOFileFilter &lt;br/&gt;
parameter that would allow you to filter the files from the source dir that are &lt;br/&gt;
copied. So there&apos;d be the following sigs:&lt;/p&gt;

&lt;p&gt;copyDirectory(File src, File dest)&lt;br/&gt;
copyDirectory(File src, File dest, boolean preserveTimestamp)&lt;br/&gt;
copyDirectory(File src, File dest, IOFileFilter filter)&lt;br/&gt;
copyDirectory(File src, File dest, IOFileFilter filter, boolean &lt;br/&gt;
preserveTimestamp) &lt;/p&gt;</comment>
                            <comment id="12408480" author="scolebourne@joda.org" created="Mon, 21 Feb 2005 03:14:15 +0000"  >&lt;p&gt;Changes made, thanks&lt;/p&gt;</comment>
                    </comments>
                    <attachments>
                            <attachment id="12333316" name="ASF.LICENSE.NOT.GRANTED--copyDirectory.patch" size="7672" author="ips" created="Wed, 5 Jan 2005 13:35:12 +0000"/>
                    </attachments>
                <subtasks>
                    </subtasks>
                <customfields>
                                                <customfield id="customfield_12310310" key="com.atlassian.jira.toolkit:attachments">
                        <customfieldname>Attachment count</customfieldname>
                        <customfieldvalues>
                            <customfieldvalue>1.0</customfieldvalue>
                        </customfieldvalues>
                    </customfield>
                                                                                                                                                                                                                                                                                                                                                                                                                                                                        <customfield id="customfield_10010" key="com.atlassian.jira.plugin.system.customfieldtypes:importid">
                        <customfieldname>Bugzilla Id</customfieldname>
                        <customfieldvalues>
                            <customfieldvalue>32944</customfieldvalue>
                        </customfieldvalues>
                    </customfield>
                                                                                            <customfield id="customfield_12310220" key="com.atlassian.jira.ext.charting:firstresponsedate">
                        <customfieldname>Date of First Response</customfieldname>
                        <customfieldvalues>
                            <customfieldvalue>Thu, 6 Jan 2005 01:55:20 +0000</customfieldvalue>

                        </customfieldvalues>
                    </customfield>
                                                                                                                                                                                                                                                                                                                                                                                                                                            <customfield id="customfield_12310420" key="com.pyxis.greenhopper.jira:gh-global-rank">
                        <customfieldname>Global Rank</customfieldname>
                        <customfieldvalues>
                            <customfieldvalue>139497</customfieldvalue>
                        </customfieldvalues>
                    </customfield>
                                                                                                                        <customfield id="customfield_12312521" key="com.atlassian.jira.toolkit:LastCommentDate">
                        <customfieldname>Last public comment date</customfieldname>
                        <customfieldvalues>
                            11 years, 42 weeks, 3 days ago
                        </customfieldvalues>
                    </customfield>
                                                                                            <customfield id="customfield_12311820" key="com.pyxis.greenhopper.jira:gh-lexo-rank">
                        <customfieldname>Rank</customfieldname>
                        <customfieldvalues>
                            <customfieldvalue>0|i0smun:</customfieldvalue>

                        </customfieldvalues>
                    </customfield>
                                                                <customfield id="customfield_12310920" key="com.pyxis.greenhopper.jira:gh-global-rank">
                        <customfieldname>Rank (Obsolete)</customfieldname>
                        <customfieldvalues>
                            <customfieldvalue>165179</customfieldvalue>
                        </customfieldvalues>
                    </customfield>
                                                                                                                                                                                                                                        <customfield id="customfield_12310222" key="com.atlassian.jira.ext.charting:timeinstatus">
                        <customfieldname>Time in Status</customfieldname>
                        <customfieldvalues>
                            
                        </customfieldvalues>
                    </customfield>
                                                                                                                        </customfields>
    </item>
</channel>
</rss>