<!-- 
RSS generated by JIRA (6.3.4#6332-sha1:51bc225ef474afe3128b2f66878477f322397b16) at Thu Dec 01 19:01:59 UTC 2016

It is possible to restrict the fields that are returned in this document by specifying the 'field' parameter in your request.
For example, to request only the issue key and summary add field=key&field=summary to the URL of your request.
For example:
https://issues.apache.org/jira/si/jira.issueviews:issue-xml/IO-383/IO-383.xml?field=key&amp;field=summary
-->
<rss version="0.92" >
<channel>
    <title>ASF JIRA</title>
    <link>https://issues.apache.org/jira</link>
    <description>This file is an XML representation of an issue</description>
    <language>en-uk</language>    <build-info>
        <version>6.3.4</version>
        <build-number>6332</build-number>
        <build-date>15-08-2014</build-date>
    </build-info>

<item>
            <title>[IO-383] FileUtils.doCopyFile caches the file size; needs to be documented</title>
                <link>https://issues.apache.org/jira/browse/IO-383</link>
                <project id="12310477" key="IO">Commons IO</project>
                    <description>&lt;p&gt;FileUtils.doCopyFile saves the input file size before starting the copy.&lt;/p&gt;

&lt;p&gt;The copy is considered complete when the original file size is reached.&lt;/p&gt;

&lt;p&gt;The method then checks the new input file size against the destination size.&lt;br/&gt;
This will fail if the file has changed in size since the copy started.&lt;/p&gt;

&lt;p&gt;This behaviour should be documented; also it would help if the two sizes were shown in the exception message.&lt;/p&gt;</description>
                <environment></environment>
        <key id="12650502">IO-383</key>
            <summary>FileUtils.doCopyFile caches the file size; needs to be documented</summary>
                <type id="1" iconUrl="https://issues.apache.org/jira/images/icons/issuetypes/bug.png">Bug</type>
                                            <priority id="5" iconUrl="https://issues.apache.org/jira/images/icons/priorities/trivial.png">Trivial</priority>
                        <status id="6" iconUrl="https://issues.apache.org/jira/images/icons/statuses/closed.png" description="The issue is considered finished, the resolution is correct. Issues which are closed can be reopened.">Closed</status>
                    <statusCategory id="3" key="done" colorName="green"/>
                                    <resolution id="1">Fixed</resolution>
                                        <assignee username="-1">Unassigned</assignee>
                                    <reporter username="sebb@apache.org">Sebb</reporter>
                        <labels>
                    </labels>
                <created>Sun, 2 Jun 2013 11:53:45 +0000</created>
                <updated>Tue, 8 Nov 2016 17:59:06 +0000</updated>
                            <resolved>Sun, 2 Jun 2013 13:18:10 +0000</resolved>
                                    <version>2.4</version>
                                    <fixVersion>2.5</fixVersion>
                                        <due></due>
                            <votes>0</votes>
                                    <watches>0</watches>
                                                                <comments>
                            <comment id="13672502" author="sebb@apache.org" created="Sun, 2 Jun 2013 13:18:10 +0000"  >&lt;p&gt;URL: &lt;a href=&quot;http://svn.apache.org/r1488708&quot; class=&quot;external-link&quot; rel=&quot;nofollow&quot;&gt;http://svn.apache.org/r1488708&lt;/a&gt;&lt;br/&gt;
Log:&lt;br/&gt;
&lt;a href=&quot;https://issues.apache.org/jira/browse/IO-383&quot; title=&quot;FileUtils.doCopyFile caches the file size; needs to be documented&quot; class=&quot;issue-link&quot; data-issue-key=&quot;IO-383&quot;&gt;&lt;del&gt;IO-383&lt;/del&gt;&lt;/a&gt; FileUtils.doCopyFile caches the file size; needs to be documented&lt;/p&gt;

&lt;p&gt;Modified:&lt;br/&gt;
    commons/proper/io/trunk/src/changes/changes.xml&lt;br/&gt;
    commons/proper/io/trunk/src/main/java/org/apache/commons/io/FileUtils.java&lt;/p&gt;</comment>
                    </comments>
                <issuelinks>
                            <issuelinktype id="10030">
                    <name>Reference</name>
                                                                <inwardlinks description="is related to">
                                        <issuelink>
            <issuekey id="12650505">IO-384</issuekey>
        </issuelink>
            <issuelink>
            <issuekey id="12650506">IO-385</issuekey>
        </issuelink>
                            </inwardlinks>
                                    </issuelinktype>
                    </issuelinks>
                <attachments>
                    </attachments>
                <subtasks>
                    </subtasks>
                <customfields>
                                                <customfield id="customfield_12310310" key="com.atlassian.jira.toolkit:attachments">
                        <customfieldname>Attachment count</customfieldname>
                        <customfieldvalues>
                            <customfieldvalue>0.0</customfieldvalue>
                        </customfieldvalues>
                    </customfield>
                                                                                                                                                                                                                                                                                                                                                                                                                                                                                                                                                                                                                                                                                                                                                                                                                                                                                                                                        <customfield id="customfield_12310420" key="com.pyxis.greenhopper.jira:gh-global-rank">
                        <customfieldname>Global Rank</customfieldname>
                        <customfieldvalues>
                            <customfieldvalue>330829</customfieldvalue>
                        </customfieldvalues>
                    </customfield>
                                                                                                                        <customfield id="customfield_12312521" key="com.atlassian.jira.toolkit:LastCommentDate">
                        <customfieldname>Last public comment date</customfieldname>
                        <customfieldvalues>
                            3 years, 26 weeks, 4 days ago
                        </customfieldvalues>
                    </customfield>
                                                                                            <customfield id="customfield_12311820" key="com.pyxis.greenhopper.jira:gh-lexo-rank">
                        <customfieldname>Rank</customfieldname>
                        <customfieldvalues>
                            <customfieldvalue>0|i1l2pb:</customfieldvalue>

                        </customfieldvalues>
                    </customfield>
                                                                <customfield id="customfield_12310920" key="com.pyxis.greenhopper.jira:gh-global-rank">
                        <customfieldname>Rank (Obsolete)</customfieldname>
                        <customfieldvalues>
                            <customfieldvalue>331162</customfieldvalue>
                        </customfieldvalues>
                    </customfield>
                                                                                                                                                                                                                                        <customfield id="customfield_12310222" key="com.atlassian.jira.ext.charting:timeinstatus">
                        <customfieldname>Time in Status</customfieldname>
                        <customfieldvalues>
                            
                        </customfieldvalues>
                    </customfield>
                                                                                                                        </customfields>
    </item>
</channel>
</rss>