<!-- 
RSS generated by JIRA (6.3.4#6332-sha1:51bc225ef474afe3128b2f66878477f322397b16) at Sun Nov 20 17:08:09 UTC 2016

It is possible to restrict the fields that are returned in this document by specifying the 'field' parameter in your request.
For example, to request only the issue key and summary add field=key&field=summary to the URL of your request.
For example:
https://issues.apache.org/jira/si/jira.issueviews:issue-xml/IO-343/IO-343.xml?field=key&amp;field=summary
-->
<rss version="0.92" >
<channel>
    <title>ASF JIRA</title>
    <link>https://issues.apache.org/jira</link>
    <description>This file is an XML representation of an issue</description>
    <language>en-uk</language>    <build-info>
        <version>6.3.4</version>
        <build-number>6332</build-number>
        <build-date>15-08-2014</build-date>
    </build-info>

<item>
            <title>[IO-343] org.apache.commons.io.comparator Javadoc is inconsistent with real code</title>
                <link>https://issues.apache.org/jira/browse/IO-343</link>
                <project id="12310477" key="IO">Commons IO</project>
                    <description>&lt;p&gt;Package org.apache.commons.io.comparator has a lot of inconsistent JavaDocs. &lt;br/&gt;
For example this class org.apache.commons.io.comparator.NameFileComparator&lt;br/&gt;
&lt;a href=&quot;http://svn.apache.org/viewvc/commons/proper/io/trunk/src/main/java/org/apache/commons/io/comparator/NameFileComparator.java?view=markup&quot; class=&quot;external-link&quot; rel=&quot;nofollow&quot;&gt;http://svn.apache.org/viewvc/commons/proper/io/trunk/src/main/java/org/apache/commons/io/comparator/NameFileComparator.java?view=markup&lt;/a&gt;&lt;br/&gt;
has JavaDocs&lt;br/&gt;
 List&amp;lt;File&amp;gt; list = ...&lt;br/&gt;
 NameFileComparator.NAME_COMPARATOR.sort(list); ....&lt;/p&gt;

&lt;p&gt; File[] array = ...&lt;br/&gt;
 NameFileComparator.NAME_INSENSITIVE_REVERSE.sort(array);&lt;/p&gt;

&lt;p&gt;but this will not work because all static members of NameFileComparator declared as Comparator&amp;lt;File&amp;gt; for example &lt;br/&gt;
 public static final Comparator&amp;lt;File&amp;gt; NAME_REVERSE = new ReverseComparator(NAME_COMPARATOR);&lt;br/&gt;
public static final Comparator&amp;lt;File&amp;gt; NAME_INSENSITIVE_REVERSE = new ReverseComparator(NAME_INSENSITIVE_COMPARATOR);&lt;/p&gt;

&lt;p&gt;and Comparator class doesn&apos;t have the sort() method.&lt;/p&gt;</description>
                <environment></environment>
        <key id="12604335">IO-343</key>
            <summary>org.apache.commons.io.comparator Javadoc is inconsistent with real code</summary>
                <type id="1" iconUrl="https://issues.apache.org/jira/images/icons/issuetypes/bug.png">Bug</type>
                                            <priority id="4" iconUrl="https://issues.apache.org/jira/images/icons/priorities/minor.png">Minor</priority>
                        <status id="6" iconUrl="https://issues.apache.org/jira/images/icons/statuses/closed.png" description="The issue is considered finished, the resolution is correct. Issues which are closed can be reopened.">Closed</status>
                    <statusCategory id="3" key="done" colorName="green"/>
                                    <resolution id="1">Fixed</resolution>
                                        <assignee username="-1">Unassigned</assignee>
                                    <reporter username="igorlash">Igor Lash</reporter>
                        <labels>
                    </labels>
                <created>Wed, 22 Aug 2012 07:20:31 +0000</created>
                <updated>Tue, 8 Nov 2016 17:59:12 +0000</updated>
                            <resolved>Wed, 17 Apr 2013 23:54:48 +0000</resolved>
                                    <version>2.4</version>
                                    <fixVersion>2.5</fixVersion>
                                        <due></due>
                            <votes>0</votes>
                                    <watches>2</watches>
                                                                <comments>
                            <comment id="13439561" author="garydgregory" created="Wed, 22 Aug 2012 14:24:42 +0000"  >&lt;p&gt;Feel free to provide a patch based on trunk code &lt;img class=&quot;emoticon&quot; src=&quot;https://issues.apache.org/jira/images/icons/emoticons/smile.gif&quot; height=&quot;16&quot; width=&quot;16&quot; align=&quot;absmiddle&quot; alt=&quot;&quot; border=&quot;0&quot;/&gt;&lt;/p&gt;</comment>
                            <comment id="13442287" author="igorlash" created="Mon, 27 Aug 2012 05:54:12 +0000"  >&lt;p&gt;I really like the way of usage of file comparators as described in JavaDoc, so I have changed code. Patch is attached.&lt;/p&gt;</comment>
                            <comment id="13442289" author="igorlash" created="Mon, 27 Aug 2012 05:55:48 +0000"  >&lt;p&gt;Fixing inconsistency between code and JavaDocs.&lt;/p&gt;</comment>
                            <comment id="13443249" author="garydgregory" created="Tue, 28 Aug 2012 16:30:17 +0000"  >&lt;p&gt;This patch breaks compatibility so it could only be considered for a major release. I am not sure we want that now.&lt;/p&gt;

&lt;p&gt;Fixing the Javadoc to match the code is OK to do in trunk now but this patch does not do that.&lt;/p&gt;

&lt;p&gt;What needs to be decided as usual is if it is the code or the docs that should be fixed.&lt;/p&gt;</comment>
                            <comment id="13443834" author="igorlash" created="Wed, 29 Aug 2012 06:04:58 +0000"  >&lt;p&gt;This patch will not break backward compatibility. There will be unnecessary cast if someone used comparator in the way &lt;/p&gt;


&lt;p&gt;((NameFileComparator)NameFileComparator.NAME_COMPARATOR).sort(list)&lt;/p&gt;
</comment>
                            <comment id="13444041" author="garydgregory" created="Wed, 29 Aug 2012 13:20:44 +0000"  >&lt;p&gt;Hm, OK, so the Clirr errors are false positives because the class &lt;tt&gt;AbstractFileComparator&lt;/tt&gt; implements &lt;tt&gt;Comparator&amp;lt;File&amp;gt;&lt;/tt&gt;.&lt;/p&gt;

&lt;p&gt;Source compatibility is clearly OK (unless you count compiler warnings for the type casting case above).&lt;/p&gt;

&lt;p&gt;Binary compatibility should be OK too.&lt;/p&gt;</comment>
                            <comment id="13444049" author="garydgregory" created="Wed, 29 Aug 2012 13:29:24 +0000"  >&lt;p&gt;Committed revision 1378539. Applied patch and fixed compiler warnings in tests.&lt;/p&gt;</comment>
                            <comment id="13634585" author="sebb@apache.org" created="Wed, 17 Apr 2013 23:16:07 +0000"  >&lt;p&gt;The change is &lt;b&gt;not binary compatible&lt;/b&gt;.&lt;/p&gt;

&lt;p&gt;I just compiled the following code against IO 2.4:&lt;/p&gt;

&lt;div class=&quot;code panel&quot; style=&quot;border-width: 1px;&quot;&gt;&lt;div class=&quot;codeContent panelContent&quot;&gt;
&lt;pre class=&quot;code-java&quot;&gt;
&lt;span class=&quot;code-keyword&quot;&gt;public&lt;/span&gt; class CompTest {
    &lt;span class=&quot;code-keyword&quot;&gt;public&lt;/span&gt; &lt;span class=&quot;code-keyword&quot;&gt;static&lt;/span&gt; void main(&lt;span class=&quot;code-object&quot;&gt;String&lt;/span&gt;[] a) {
        Comparator&amp;lt;File&amp;gt; comparator = DefaultFileComparator.DEFAULT_COMPARATOR;
    }
}
&lt;/pre&gt;
&lt;/div&gt;&lt;/div&gt;

&lt;p&gt;This runs fine against &lt;a href=&quot;https://issues.apache.org/jira/browse/IO-2&quot; title=&quot;[IO] FilenameUtils.catPath cannot handle &amp;quot;\&amp;quot;&quot; class=&quot;issue-link&quot; data-issue-key=&quot;IO-2&quot;&gt;&lt;del&gt;IO-2&lt;/del&gt;&lt;/a&gt;.4, but when run with 2.5-SNAPSHOT it fails with:&lt;/p&gt;

&lt;div class=&quot;code panel&quot; style=&quot;border-width: 1px;&quot;&gt;&lt;div class=&quot;codeContent panelContent&quot;&gt;
&lt;pre class=&quot;code-java&quot;&gt;
Exception in thread &lt;span class=&quot;code-quote&quot;&gt;&quot;main&quot;&lt;/span&gt; java.lang.NoSuchFieldError: DEFAULT_COMPARATOR
        at CompTest.main(CompTest.java:8)
&lt;/pre&gt;
&lt;/div&gt;&lt;/div&gt;

&lt;p&gt;I think this is because the loader looks for the exact field type when trying to find a field. This is similar to the binary incompatibility that results from changing a method return type from void to int or long.&lt;/p&gt;

&lt;p&gt;The code is source-compatible.&lt;/p&gt;</comment>
                            <comment id="13634607" author="sebb@apache.org" created="Wed, 17 Apr 2013 23:34:04 +0000"  >&lt;p&gt;Reverted changes:&lt;/p&gt;

&lt;p&gt;URL: &lt;a href=&quot;http://svn.apache.org/r1469102&quot; class=&quot;external-link&quot; rel=&quot;nofollow&quot;&gt;http://svn.apache.org/r1469102&lt;/a&gt;&lt;br/&gt;
Log:&lt;br/&gt;
&lt;a href=&quot;https://issues.apache.org/jira/browse/IO-343&quot; title=&quot;org.apache.commons.io.comparator Javadoc is inconsistent with real code&quot; class=&quot;issue-link&quot; data-issue-key=&quot;IO-343&quot;&gt;&lt;del&gt;IO-343&lt;/del&gt;&lt;/a&gt; org.apache.commons.io.comparator Javadoc is inconsistent with real code.&lt;br/&gt;
Revert r1378539 as it broke binary compatibility&lt;/p&gt;

&lt;p&gt;Modified:&lt;br/&gt;
    commons/proper/io/trunk/src/main/java/org/apache/commons/io/comparator/DefaultFileComparator.java&lt;br/&gt;
    commons/proper/io/trunk/src/main/java/org/apache/commons/io/comparator/DirectoryFileComparator.java&lt;br/&gt;
    commons/proper/io/trunk/src/main/java/org/apache/commons/io/comparator/ExtensionFileComparator.java&lt;br/&gt;
    commons/proper/io/trunk/src/main/java/org/apache/commons/io/comparator/LastModifiedFileComparator.java&lt;br/&gt;
    commons/proper/io/trunk/src/main/java/org/apache/commons/io/comparator/NameFileComparator.java&lt;br/&gt;
    commons/proper/io/trunk/src/main/java/org/apache/commons/io/comparator/PathFileComparator.java&lt;br/&gt;
    commons/proper/io/trunk/src/main/java/org/apache/commons/io/comparator/SizeFileComparator.java&lt;br/&gt;
    commons/proper/io/trunk/src/test/java/org/apache/commons/io/comparator/ComparatorAbstractTestCase.java&lt;br/&gt;
    commons/proper/io/trunk/src/test/java/org/apache/commons/io/comparator/CompositeFileComparatorTest.java&lt;br/&gt;
    commons/proper/io/trunk/src/test/java/org/apache/commons/io/comparator/DefaultFileComparatorTest.java&lt;br/&gt;
    commons/proper/io/trunk/src/test/java/org/apache/commons/io/comparator/DirectoryFileComparatorTest.java&lt;br/&gt;
    commons/proper/io/trunk/src/test/java/org/apache/commons/io/comparator/ExtensionFileComparatorTest.java&lt;br/&gt;
    commons/proper/io/trunk/src/test/java/org/apache/commons/io/comparator/LastModifiedFileComparatorTest.java&lt;br/&gt;
    commons/proper/io/trunk/src/test/java/org/apache/commons/io/comparator/NameFileComparatorTest.java&lt;br/&gt;
    commons/proper/io/trunk/src/test/java/org/apache/commons/io/comparator/PathFileComparatorTest.java&lt;br/&gt;
    commons/proper/io/trunk/src/test/java/org/apache/commons/io/comparator/SizeFileComparatorTest.java&lt;/p&gt;</comment>
                            <comment id="13634626" author="sebb@apache.org" created="Wed, 17 Apr 2013 23:46:36 +0000"  >&lt;p&gt;URL: &lt;a href=&quot;http://svn.apache.org/r1469107&quot; class=&quot;external-link&quot; rel=&quot;nofollow&quot;&gt;http://svn.apache.org/r1469107&lt;/a&gt;&lt;br/&gt;
Log:&lt;br/&gt;
&lt;a href=&quot;https://issues.apache.org/jira/browse/IO-343&quot; title=&quot;org.apache.commons.io.comparator Javadoc is inconsistent with real code&quot; class=&quot;issue-link&quot; data-issue-key=&quot;IO-343&quot;&gt;&lt;del&gt;IO-343&lt;/del&gt;&lt;/a&gt; org.apache.commons.io.comparator Javadoc is inconsistent with real code.&lt;br/&gt;
Fix Javadoc to agree with code&lt;/p&gt;

&lt;p&gt;Modified:&lt;br/&gt;
    commons/proper/io/trunk/src/main/java/org/apache/commons/io/comparator/CompositeFileComparator.java&lt;br/&gt;
    commons/proper/io/trunk/src/main/java/org/apache/commons/io/comparator/DefaultFileComparator.java&lt;br/&gt;
    commons/proper/io/trunk/src/main/java/org/apache/commons/io/comparator/DirectoryFileComparator.java&lt;br/&gt;
    commons/proper/io/trunk/src/main/java/org/apache/commons/io/comparator/ExtensionFileComparator.java&lt;br/&gt;
    commons/proper/io/trunk/src/main/java/org/apache/commons/io/comparator/LastModifiedFileComparator.java&lt;br/&gt;
    commons/proper/io/trunk/src/main/java/org/apache/commons/io/comparator/NameFileComparator.java&lt;br/&gt;
    commons/proper/io/trunk/src/main/java/org/apache/commons/io/comparator/PathFileComparator.java&lt;br/&gt;
    commons/proper/io/trunk/src/main/java/org/apache/commons/io/comparator/SizeFileComparator.java&lt;/p&gt;</comment>
                            <comment id="13634637" author="sebb@apache.org" created="Wed, 17 Apr 2013 23:54:48 +0000"  >&lt;p&gt;Javadoc now agrees with code without breaking compat.&lt;/p&gt;</comment>
                    </comments>
                    <attachments>
                            <attachment id="12542579" name="patch.txt" size="13623" author="igorlash" created="Mon, 27 Aug 2012 05:55:48 +0000"/>
                    </attachments>
                <subtasks>
                    </subtasks>
                <customfields>
                                                <customfield id="customfield_12310310" key="com.atlassian.jira.toolkit:attachments">
                        <customfieldname>Attachment count</customfieldname>
                        <customfieldvalues>
                            <customfieldvalue>1.0</customfieldvalue>
                        </customfieldvalues>
                    </customfield>
                                                                                                                                                                                                                                                                                                                                                                                                                                                                                                                                <customfield id="customfield_12310220" key="com.atlassian.jira.ext.charting:firstresponsedate">
                        <customfieldname>Date of First Response</customfieldname>
                        <customfieldvalues>
                            <customfieldvalue>Wed, 22 Aug 2012 14:24:42 +0000</customfieldvalue>

                        </customfieldvalues>
                    </customfield>
                                                                                                                                                                                                                                                                                                                                                                                                                                            <customfield id="customfield_12310420" key="com.pyxis.greenhopper.jira:gh-global-rank">
                        <customfieldname>Global Rank</customfieldname>
                        <customfieldvalues>
                            <customfieldvalue>250744</customfieldvalue>
                        </customfieldvalues>
                    </customfield>
                                                                                                                        <customfield id="customfield_12312521" key="com.atlassian.jira.toolkit:LastCommentDate">
                        <customfieldname>Last public comment date</customfieldname>
                        <customfieldvalues>
                            3 years, 31 weeks, 3 days ago
                        </customfieldvalues>
                    </customfield>
                                                                                            <customfield id="customfield_12311820" key="com.pyxis.greenhopper.jira:gh-lexo-rank">
                        <customfieldname>Rank</customfieldname>
                        <customfieldvalues>
                            <customfieldvalue>0|i0b0l3:</customfieldvalue>

                        </customfieldvalues>
                    </customfield>
                                                                <customfield id="customfield_12310920" key="com.pyxis.greenhopper.jira:gh-global-rank">
                        <customfieldname>Rank (Obsolete)</customfieldname>
                        <customfieldvalues>
                            <customfieldvalue>62207</customfieldvalue>
                        </customfieldvalues>
                    </customfield>
                                                                                                                                                                                                                                        <customfield id="customfield_12310222" key="com.atlassian.jira.ext.charting:timeinstatus">
                        <customfieldname>Time in Status</customfieldname>
                        <customfieldvalues>
                            
                        </customfieldvalues>
                    </customfield>
                                                                                                                        </customfields>
    </item>
</channel>
</rss>