<!-- 
RSS generated by JIRA (6.3.4#6332-sha1:51bc225ef474afe3128b2f66878477f322397b16) at Sun Nov 20 16:36:58 UTC 2016

It is possible to restrict the fields that are returned in this document by specifying the 'field' parameter in your request.
For example, to request only the issue key and summary add field=key&field=summary to the URL of your request.
For example:
https://issues.apache.org/jira/si/jira.issueviews:issue-xml/IO-328/IO-328.xml?field=key&amp;field=summary
-->
<rss version="0.92" >
<channel>
    <title>ASF JIRA</title>
    <link>https://issues.apache.org/jira</link>
    <description>This file is an XML representation of an issue</description>
    <language>en-uk</language>    <build-info>
        <version>6.3.4</version>
        <build-number>6332</build-number>
        <build-date>15-08-2014</build-date>
    </build-info>

<item>
            <title>[IO-328] FileUtils.listFilesAndDirs includes original dir in results even when it doesn&apos;t match filter</title>
                <link>https://issues.apache.org/jira/browse/IO-328</link>
                <project id="12310477" key="IO">Commons IO</project>
                    <description>&lt;p&gt;listFilesAndDirs seems to always include the &quot;directory&quot; passed as input in it&apos;s resulting Collection.  This is unexpected given the docs for the method...&lt;/p&gt;

&lt;blockquote&gt;&lt;p&gt;Finds files within a given directory (and optionally its subdirectories). All files found are filtered by an IOFileFilter. &lt;/p&gt;&lt;/blockquote&gt;

&lt;ul&gt;
	&lt;li&gt;the &quot;given directory&quot; is not a subdirectory of itself&lt;/li&gt;
	&lt;li&gt;it is not subjected to the IOFileFilter dirFilter, it is always added.&lt;/li&gt;
&lt;/ul&gt;
</description>
                <environment></environment>
        <key id="12552764">IO-328</key>
            <summary>FileUtils.listFilesAndDirs includes original dir in results even when it doesn&apos;t match filter</summary>
                <type id="1" iconUrl="https://issues.apache.org/jira/images/icons/issuetypes/bug.png">Bug</type>
                                            <priority id="3" iconUrl="https://issues.apache.org/jira/images/icons/priorities/major.png">Major</priority>
                        <status id="6" iconUrl="https://issues.apache.org/jira/images/icons/statuses/closed.png" description="The issue is considered finished, the resolution is correct. Issues which are closed can be reopened.">Closed</status>
                    <statusCategory id="3" key="done" colorName="green"/>
                                    <resolution id="1">Fixed</resolution>
                                        <assignee username="-1">Unassigned</assignee>
                                    <reporter username="hossman">Hoss Man</reporter>
                        <labels>
                    </labels>
                <created>Wed, 25 Apr 2012 23:50:25 +0000</created>
                <updated>Tue, 8 Nov 2016 17:59:05 +0000</updated>
                            <resolved>Sun, 21 Apr 2013 23:27:36 +0000</resolved>
                                                    <fixVersion>2.5</fixVersion>
                                        <due></due>
                            <votes>2</votes>
                                    <watches>3</watches>
                                                                <comments>
                            <comment id="13262258" author="hossman" created="Wed, 25 Apr 2012 23:52:21 +0000"  >&lt;p&gt;patch with a testcase demonstrating the core problem&lt;/p&gt;</comment>
                            <comment id="13289084" author="detinho" created="Tue, 5 Jun 2012 02:02:36 +0000"  >&lt;p&gt;In this case, I think it makes more sense to not include the given directory, since the user already knows it and it is beeing validated to be a directory at the beginning of the method.&lt;/p&gt;</comment>
                            <comment id="13633443" author="sebb@apache.org" created="Tue, 16 Apr 2013 21:57:52 +0000"  >&lt;p&gt;I think the Javadoc is correct as it stands, though perhaps a bit ambiguous.&lt;/p&gt;

&lt;p&gt;The Javadoc says:&lt;/p&gt;

&lt;blockquote&gt;&lt;p&gt;All files found are filtered by an IOFileFilter.&lt;/p&gt;&lt;/blockquote&gt;

&lt;p&gt;Directories are not mentioned.&lt;/p&gt;

&lt;blockquote&gt;&lt;p&gt;The resulting collection includes the subdirectories themselves.&lt;/p&gt;&lt;/blockquote&gt;

&lt;p&gt;That is ambiguous; it should probably read:&lt;/p&gt;

&lt;blockquote&gt;&lt;p&gt;The resulting collection includes the directories themselves.&lt;/p&gt;&lt;/blockquote&gt;</comment>
                            <comment id="13637680" author="sebb@apache.org" created="Sun, 21 Apr 2013 23:24:05 +0000"  >&lt;p&gt;Note also that the starting directory is not subject to the directory filter; the Javadoc says:&lt;/p&gt;

&lt;blockquote&gt;&lt;p&gt;* @param dirFilter  optional filter to apply when finding subdirectories.&lt;/p&gt;&lt;/blockquote&gt;</comment>
                            <comment id="13637683" author="sebb@apache.org" created="Sun, 21 Apr 2013 23:27:36 +0000"  >&lt;p&gt;URL: &lt;a href=&quot;http://svn.apache.org/r1470362&quot; class=&quot;external-link&quot; rel=&quot;nofollow&quot;&gt;http://svn.apache.org/r1470362&lt;/a&gt;&lt;br/&gt;
Log:&lt;br/&gt;
&lt;a href=&quot;https://issues.apache.org/jira/browse/IO-328&quot; title=&quot;FileUtils.listFilesAndDirs includes original dir in results even when it doesn&amp;#39;t match filter&quot; class=&quot;issue-link&quot; data-issue-key=&quot;IO-328&quot;&gt;&lt;del&gt;IO-328&lt;/del&gt;&lt;/a&gt; FileUtils.listFilesAndDirs includes original dir in results even when it doesn&apos;t match filter&lt;br/&gt;
       Javadoc: clarify that original dir is included in the results&lt;/p&gt;

&lt;p&gt;Modified:&lt;br/&gt;
    commons/proper/io/trunk/src/changes/changes.xml&lt;br/&gt;
    commons/proper/io/trunk/src/main/java/org/apache/commons/io/FileUtils.java&lt;/p&gt;</comment>
                    </comments>
                    <attachments>
                            <attachment id="12530887" name="IO-328.patch" size="3296" author="detinho" created="Tue, 5 Jun 2012 02:02:36 +0000"/>
                            <attachment id="12524371" name="IO-328.testcase.patch" size="1792" author="hossman" created="Wed, 25 Apr 2012 23:52:20 +0000"/>
                    </attachments>
                <subtasks>
                    </subtasks>
                <customfields>
                                                <customfield id="customfield_12310310" key="com.atlassian.jira.toolkit:attachments">
                        <customfieldname>Attachment count</customfieldname>
                        <customfieldvalues>
                            <customfieldvalue>2.0</customfieldvalue>
                        </customfieldvalues>
                    </customfield>
                                                                                                                                                                                                                                                                                                                                                                                                                                                                                                                                <customfield id="customfield_12310220" key="com.atlassian.jira.ext.charting:firstresponsedate">
                        <customfieldname>Date of First Response</customfieldname>
                        <customfieldvalues>
                            <customfieldvalue>Tue, 5 Jun 2012 02:02:36 +0000</customfieldvalue>

                        </customfieldvalues>
                    </customfield>
                                                                                                                                                                                                                                                                                                                                                                                                                                            <customfield id="customfield_12310420" key="com.pyxis.greenhopper.jira:gh-global-rank">
                        <customfieldname>Global Rank</customfieldname>
                        <customfieldvalues>
                            <customfieldvalue>236777</customfieldvalue>
                        </customfieldvalues>
                    </customfield>
                                                                                                                        <customfield id="customfield_12312521" key="com.atlassian.jira.toolkit:LastCommentDate">
                        <customfieldname>Last public comment date</customfieldname>
                        <customfieldvalues>
                            3 years, 30 weeks, 6 days ago
                        </customfieldvalues>
                    </customfield>
                                                                                            <customfield id="customfield_12311820" key="com.pyxis.greenhopper.jira:gh-lexo-rank">
                        <customfieldname>Rank</customfieldname>
                        <customfieldvalues>
                            <customfieldvalue>0|i0slof:</customfieldvalue>

                        </customfieldvalues>
                    </customfield>
                                                                <customfield id="customfield_12310920" key="com.pyxis.greenhopper.jira:gh-global-rank">
                        <customfieldname>Rank (Obsolete)</customfieldname>
                        <customfieldvalues>
                            <customfieldvalue>164989</customfieldvalue>
                        </customfieldvalues>
                    </customfield>
                                                                                                                                                                                                                                        <customfield id="customfield_12310222" key="com.atlassian.jira.ext.charting:timeinstatus">
                        <customfieldname>Time in Status</customfieldname>
                        <customfieldvalues>
                            
                        </customfieldvalues>
                    </customfield>
                                                                                                                        </customfields>
    </item>
</channel>
</rss>