<!-- 
RSS generated by JIRA (6.3.4#6332-sha1:51bc225ef474afe3128b2f66878477f322397b16) at Sun Nov 20 17:28:17 UTC 2016

It is possible to restrict the fields that are returned in this document by specifying the 'field' parameter in your request.
For example, to request only the issue key and summary add field=key&field=summary to the URL of your request.
For example:
https://issues.apache.org/jira/si/jira.issueviews:issue-xml/IO-362/IO-362.xml?field=key&amp;field=summary
-->
<rss version="0.92" >
<channel>
    <title>ASF JIRA</title>
    <link>https://issues.apache.org/jira</link>
    <description>This file is an XML representation of an issue</description>
    <language>en-uk</language>    <build-info>
        <version>6.3.4</version>
        <build-number>6332</build-number>
        <build-date>15-08-2014</build-date>
    </build-info>

<item>
            <title>[IO-362] IOUtils.contentEquals* methods returns false if input1 == input2, should return true</title>
                <link>https://issues.apache.org/jira/browse/IO-362</link>
                <project id="12310477" key="IO">Commons IO</project>
                    <description>&lt;p&gt;The fix should be relatively simple, just add an identity check to the beginning of the method:&lt;/p&gt;

&lt;p&gt;if(is1 == is2) &lt;/p&gt;
{
  return true;
}

&lt;p&gt;The methods affected are:&lt;/p&gt;

&lt;ul class=&quot;alternate&quot; type=&quot;square&quot;&gt;
	&lt;li&gt;org.apache.commons.io.IOUtils.contentEquals(InputStream, InputStream)&lt;/li&gt;
	&lt;li&gt;org.apache.commons.io.IOUtils.contentEquals(Reader, Reader)&lt;/li&gt;
	&lt;li&gt;org.apache.commons.io.IOUtils.contentEqualsIgnoreEOL(Reader, Reader)&lt;/li&gt;
&lt;/ul&gt;
</description>
                <environment></environment>
        <key id="12625597">IO-362</key>
            <summary>IOUtils.contentEquals* methods returns false if input1 == input2, should return true</summary>
                <type id="1" iconUrl="https://issues.apache.org/jira/images/icons/issuetypes/bug.png">Bug</type>
                                            <priority id="3" iconUrl="https://issues.apache.org/jira/images/icons/priorities/major.png">Major</priority>
                        <status id="6" iconUrl="https://issues.apache.org/jira/images/icons/statuses/closed.png" description="The issue is considered finished, the resolution is correct. Issues which are closed can be reopened.">Closed</status>
                    <statusCategory id="3" key="done" colorName="green"/>
                                    <resolution id="1">Fixed</resolution>
                                        <assignee username="-1">Unassigned</assignee>
                                    <reporter username="mmadson">Matthew Madson</reporter>
                        <labels>
                    </labels>
                <created>Tue, 1 Jan 2013 01:05:26 +0000</created>
                <updated>Tue, 8 Nov 2016 17:59:05 +0000</updated>
                            <resolved>Fri, 4 Jan 2013 15:57:58 +0000</resolved>
                                    <version>2.4</version>
                                    <fixVersion>2.5</fixVersion>
                                    <component>Utilities</component>
                        <due></due>
                            <votes>0</votes>
                                    <watches>2</watches>
                                                                <comments>
                            <comment id="13543972" author="garydgregory" created="Fri, 4 Jan 2013 15:57:58 +0000"  >&lt;p&gt;Fix implemented for the method in the original report and two other IOUtil methods.&lt;/p&gt;

&lt;div class=&quot;preformatted panel&quot; style=&quot;border-width: 1px;&quot;&gt;&lt;div class=&quot;preformattedContent panelContent&quot;&gt;
&lt;pre&gt;commit -m &quot;[IO-362] IOUtils.contentEquals* methods returns false if input1 == input2, should return true.&quot; C:/svn/org/apache/commons/trunks-proper/io/src/test/java/org/apache/commons/io/IOUtilsTestCase.java C:/svn/org/apache/commons/trunks-proper/io/src/changes/changes.xml C:/svn/org/apache/commons/trunks-proper/io/src/main/java/org/apache/commons/io/IOUtils.java
    Sending        C:/svn/org/apache/commons/trunks-proper/io/src/changes/changes.xml
    Sending        C:/svn/org/apache/commons/trunks-proper/io/src/main/java/org/apache/commons/io/IOUtils.java
    Sending        C:/svn/org/apache/commons/trunks-proper/io/src/test/java/org/apache/commons/io/IOUtilsTestCase.java
    Transmitting file data ...
    Committed revision 1428941.
&lt;/pre&gt;
&lt;/div&gt;&lt;/div&gt;</comment>
                    </comments>
                    <attachments>
                    </attachments>
                <subtasks>
                    </subtasks>
                <customfields>
                                                <customfield id="customfield_12310310" key="com.atlassian.jira.toolkit:attachments">
                        <customfieldname>Attachment count</customfieldname>
                        <customfieldvalues>
                            <customfieldvalue>0.0</customfieldvalue>
                        </customfieldvalues>
                    </customfield>
                                                                                                                                                                                                                                                                                                                                                                                                                                                                                                                                <customfield id="customfield_12310220" key="com.atlassian.jira.ext.charting:firstresponsedate">
                        <customfieldname>Date of First Response</customfieldname>
                        <customfieldvalues>
                            <customfieldvalue>Fri, 4 Jan 2013 15:57:58 +0000</customfieldvalue>

                        </customfieldvalues>
                    </customfield>
                                                                                                                                                                                                                                                                                                                                                                                                                                            <customfield id="customfield_12310420" key="com.pyxis.greenhopper.jira:gh-global-rank">
                        <customfieldname>Global Rank</customfieldname>
                        <customfieldvalues>
                            <customfieldvalue>302143</customfieldvalue>
                        </customfieldvalues>
                    </customfield>
                                                                                                                        <customfield id="customfield_12312521" key="com.atlassian.jira.toolkit:LastCommentDate">
                        <customfieldname>Last public comment date</customfieldname>
                        <customfieldvalues>
                            3 years, 46 weeks, 2 days ago
                        </customfieldvalues>
                    </customfield>
                                                                                            <customfield id="customfield_12311820" key="com.pyxis.greenhopper.jira:gh-lexo-rank">
                        <customfieldname>Rank</customfieldname>
                        <customfieldvalues>
                            <customfieldvalue>0|i16yxr:</customfieldvalue>

                        </customfieldvalues>
                    </customfield>
                                                                <customfield id="customfield_12310920" key="com.pyxis.greenhopper.jira:gh-global-rank">
                        <customfieldname>Rank (Obsolete)</customfieldname>
                        <customfieldvalues>
                            <customfieldvalue>248795</customfieldvalue>
                        </customfieldvalues>
                    </customfield>
                                                                                                                                                                                                                                        <customfield id="customfield_12310222" key="com.atlassian.jira.ext.charting:timeinstatus">
                        <customfieldname>Time in Status</customfieldname>
                        <customfieldvalues>
                            
                        </customfieldvalues>
                    </customfield>
                                                                                                                        </customfields>
    </item>
</channel>
</rss>