<!-- 
RSS generated by JIRA (6.3.4#6332-sha1:51bc225ef474afe3128b2f66878477f322397b16) at Thu Dec 01 19:04:01 UTC 2016

It is possible to restrict the fields that are returned in this document by specifying the 'field' parameter in your request.
For example, to request only the issue key and summary add field=key&field=summary to the URL of your request.
For example:
https://issues.apache.org/jira/si/jira.issueviews:issue-xml/IO-311/IO-311.xml?field=key&amp;field=summary
-->
<rss version="0.92" >
<channel>
    <title>ASF JIRA</title>
    <link>https://issues.apache.org/jira</link>
    <description>This file is an XML representation of an issue</description>
    <language>en-uk</language>    <build-info>
        <version>6.3.4</version>
        <build-number>6332</build-number>
        <build-date>15-08-2014</build-date>
    </build-info>

<item>
            <title>[IO-311] IOUtils.read(InputStream/Reader) ignores the offset parameter</title>
                <link>https://issues.apache.org/jira/browse/IO-311</link>
                <project id="12310477" key="IO">Commons IO</project>
                    <description>&lt;p&gt;IOUtils.read(InputStream input, byte[] buffer, int offset, int length) and&lt;br/&gt;
read(Reader input, char[] buffer, int offset, int length) don&apos;t take the &lt;br/&gt;
offset parameter into account...&lt;/p&gt;</description>
                <environment></environment>
        <key id="12547308">IO-311</key>
            <summary>IOUtils.read(InputStream/Reader) ignores the offset parameter</summary>
                <type id="1" iconUrl="https://issues.apache.org/jira/images/icons/issuetypes/bug.png">Bug</type>
                                            <priority id="3" iconUrl="https://issues.apache.org/jira/images/icons/priorities/major.png">Major</priority>
                        <status id="6" iconUrl="https://issues.apache.org/jira/images/icons/statuses/closed.png" description="The issue is considered finished, the resolution is correct. Issues which are closed can be reopened.">Closed</status>
                    <statusCategory id="3" key="done" colorName="green"/>
                                    <resolution id="1">Fixed</resolution>
                                        <assignee username="-1">Unassigned</assignee>
                                    <reporter username="rcmuir">Robert Muir</reporter>
                        <labels>
                    </labels>
                <created>Tue, 20 Mar 2012 23:18:26 +0000</created>
                <updated>Thu, 29 Mar 2012 21:27:26 +0000</updated>
                            <resolved>Thu, 22 Mar 2012 21:13:25 +0000</resolved>
                                                    <fixVersion>2.2</fixVersion>
                                    <component>Utilities</component>
                        <due></due>
                            <votes>0</votes>
                                    <watches>0</watches>
                                                                <comments>
                            <comment id="13235699" author="mikemccand" created="Thu, 22 Mar 2012 16:40:24 +0000"  >&lt;p&gt;Maybe this bug should be fixed before releasing 2.2?  It&apos;s fairly nasty.&lt;/p&gt;

&lt;p&gt;When used this method (readFully) in Lucene, the bug (completely ignoring the offset parameter) caused immediate failures in our tests.&lt;/p&gt;

&lt;p&gt;Also, this is new code in 2.2 I think?  I see one other readFully in 2.1 (in SwappedDataInputStream), and it looks correct (respects the incoming offset).&lt;/p&gt;</comment>
                            <comment id="13236039" author="sebb@apache.org" created="Thu, 22 Mar 2012 21:13:25 +0000"  >&lt;p&gt;Thanks!&lt;/p&gt;</comment>
                            <comment id="13241794" author="garydgregory" created="Thu, 29 Mar 2012 21:27:26 +0000"  >&lt;p&gt;Version 2.2 has been released and addresses this issue.&lt;/p&gt;</comment>
                    </comments>
                <issuelinks>
                            <issuelinktype id="10030">
                    <name>Reference</name>
                                                                <inwardlinks description="is related to">
                                        <issuelink>
            <issuekey id="12547289">LUCENE-3894</issuekey>
        </issuelink>
                            </inwardlinks>
                                    </issuelinktype>
                    </issuelinks>
                <attachments>
                            <attachment id="12519150" name="IO-311.patch" size="2367" author="rcmuir" created="Tue, 20 Mar 2012 23:19:03 +0000"/>
                    </attachments>
                <subtasks>
                    </subtasks>
                <customfields>
                                                <customfield id="customfield_12310310" key="com.atlassian.jira.toolkit:attachments">
                        <customfieldname>Attachment count</customfieldname>
                        <customfieldvalues>
                            <customfieldvalue>1.0</customfieldvalue>
                        </customfieldvalues>
                    </customfield>
                                                                                                                                                                                                                                                                                                                                                                                                                                                                                                                                <customfield id="customfield_12310220" key="com.atlassian.jira.ext.charting:firstresponsedate">
                        <customfieldname>Date of First Response</customfieldname>
                        <customfieldvalues>
                            <customfieldvalue>Thu, 22 Mar 2012 16:40:24 +0000</customfieldvalue>

                        </customfieldvalues>
                    </customfield>
                                                                                                                                                                                                                                                                                                                                                                                                                                            <customfield id="customfield_12310420" key="com.pyxis.greenhopper.jira:gh-global-rank">
                        <customfieldname>Global Rank</customfieldname>
                        <customfieldvalues>
                            <customfieldvalue>232466</customfieldvalue>
                        </customfieldvalues>
                    </customfield>
                                                                                                                        <customfield id="customfield_12312521" key="com.atlassian.jira.toolkit:LastCommentDate">
                        <customfieldname>Last public comment date</customfieldname>
                        <customfieldvalues>
                            4 years, 35 weeks, 6 days ago
                        </customfieldvalues>
                    </customfield>
                                                                                            <customfield id="customfield_12311820" key="com.pyxis.greenhopper.jira:gh-lexo-rank">
                        <customfieldname>Rank</customfieldname>
                        <customfieldvalues>
                            <customfieldvalue>0|i0b0pz:</customfieldvalue>

                        </customfieldvalues>
                    </customfield>
                                                                <customfield id="customfield_12310920" key="com.pyxis.greenhopper.jira:gh-global-rank">
                        <customfieldname>Rank (Obsolete)</customfieldname>
                        <customfieldvalues>
                            <customfieldvalue>62229</customfieldvalue>
                        </customfieldvalues>
                    </customfield>
                                                                                                                                                                                                                                        <customfield id="customfield_12310222" key="com.atlassian.jira.ext.charting:timeinstatus">
                        <customfieldname>Time in Status</customfieldname>
                        <customfieldvalues>
                            
                        </customfieldvalues>
                    </customfield>
                                                                                                                        </customfields>
    </item>
</channel>
</rss>