<!-- 
RSS generated by JIRA (6.3.4#6332-sha1:51bc225ef474afe3128b2f66878477f322397b16) at Thu Dec 01 19:03:55 UTC 2016

It is possible to restrict the fields that are returned in this document by specifying the 'field' parameter in your request.
For example, to request only the issue key and summary add field=key&field=summary to the URL of your request.
For example:
https://issues.apache.org/jira/si/jira.issueviews:issue-xml/IO-390/IO-390.xml?field=key&amp;field=summary
-->
<rss version="0.92" >
<channel>
    <title>ASF JIRA</title>
    <link>https://issues.apache.org/jira</link>
    <description>This file is an XML representation of an issue</description>
    <language>en-uk</language>    <build-info>
        <version>6.3.4</version>
        <build-number>6332</build-number>
        <build-date>15-08-2014</build-date>
    </build-info>

<item>
            <title>[IO-390] FileUtils.sizeOfDirectoryAsBigInteger can overflow</title>
                <link>https://issues.apache.org/jira/browse/IO-390</link>
                <project id="12310477" key="IO">Commons IO</project>
                    <description>&lt;p&gt;FileUtils.sizeOfDirectoryAsBigInteger can overflow.&lt;/p&gt;

&lt;p&gt;This is because it calls FileUtils.sizeOf(file) which calls sizeOfDirectory() for processing subdirectories.&lt;/p&gt;

&lt;p&gt;As it stands, the method only works properly at the top level.&lt;/p&gt;

&lt;p&gt;A possible solution would be to create private &quot;Big&quot; versions of the called methods; these would not need all the checks so should be faster.&lt;/p&gt;</description>
                <environment></environment>
        <key id="12657041">IO-390</key>
            <summary>FileUtils.sizeOfDirectoryAsBigInteger can overflow</summary>
                <type id="1" iconUrl="https://issues.apache.org/jira/images/icons/issuetypes/bug.png">Bug</type>
                                            <priority id="3" iconUrl="https://issues.apache.org/jira/images/icons/priorities/major.png">Major</priority>
                        <status id="6" iconUrl="https://issues.apache.org/jira/images/icons/statuses/closed.png" description="The issue is considered finished, the resolution is correct. Issues which are closed can be reopened.">Closed</status>
                    <statusCategory id="3" key="done" colorName="green"/>
                                    <resolution id="1">Fixed</resolution>
                                        <assignee username="-1">Unassigned</assignee>
                                    <reporter username="sebb@apache.org">Sebb</reporter>
                        <labels>
                    </labels>
                <created>Wed, 10 Jul 2013 09:44:56 +0000</created>
                <updated>Tue, 8 Nov 2016 17:59:12 +0000</updated>
                            <resolved>Wed, 10 Jul 2013 11:49:38 +0000</resolved>
                                    <version>2.4</version>
                                    <fixVersion>2.5</fixVersion>
                                        <due></due>
                            <votes>0</votes>
                                    <watches>0</watches>
                                                                <comments>
                            <comment id="13704469" author="sebb@apache.org" created="Wed, 10 Jul 2013 11:49:38 +0000"  >&lt;p&gt;URL: &lt;a href=&quot;http://svn.apache.org/r1501735&quot; class=&quot;external-link&quot; rel=&quot;nofollow&quot;&gt;http://svn.apache.org/r1501735&lt;/a&gt;&lt;br/&gt;
Log:&lt;br/&gt;
&lt;a href=&quot;https://issues.apache.org/jira/browse/IO-390&quot; title=&quot;FileUtils.sizeOfDirectoryAsBigInteger can overflow&quot; class=&quot;issue-link&quot; data-issue-key=&quot;IO-390&quot;&gt;&lt;del&gt;IO-390&lt;/del&gt;&lt;/a&gt;&lt;br/&gt;
FileUtils.sizeOfDirectoryAsBigInteger can overflow.&lt;br/&gt;
Ensure that recursive calls all use BigInteger&lt;/p&gt;

&lt;p&gt;Modified:&lt;br/&gt;
    commons/proper/io/trunk/src/changes/changes.xml&lt;br/&gt;
    commons/proper/io/trunk/src/main/java/org/apache/commons/io/FileUtils.java&lt;br/&gt;
    commons/proper/io/trunk/src/test/java/org/apache/commons/io/FileUtilsTestCase.java&lt;/p&gt;</comment>
                    </comments>
                    <attachments>
                    </attachments>
                <subtasks>
                    </subtasks>
                <customfields>
                                                <customfield id="customfield_12310310" key="com.atlassian.jira.toolkit:attachments">
                        <customfieldname>Attachment count</customfieldname>
                        <customfieldvalues>
                            <customfieldvalue>0.0</customfieldvalue>
                        </customfieldvalues>
                    </customfield>
                                                                                                                                                                                                                                                                                                                                                                                                                                                                                                                                                                                                                                                                                                                                                                                                                                                                                                                                        <customfield id="customfield_12310420" key="com.pyxis.greenhopper.jira:gh-global-rank">
                        <customfieldname>Global Rank</customfieldname>
                        <customfieldvalues>
                            <customfieldvalue>337264</customfieldvalue>
                        </customfieldvalues>
                    </customfield>
                                                                                                                        <customfield id="customfield_12312521" key="com.atlassian.jira.toolkit:LastCommentDate">
                        <customfieldname>Last public comment date</customfieldname>
                        <customfieldvalues>
                            3 years, 21 weeks, 1 day ago
                        </customfieldvalues>
                    </customfield>
                                                                                            <customfield id="customfield_12311820" key="com.pyxis.greenhopper.jira:gh-lexo-rank">
                        <customfieldname>Rank</customfieldname>
                        <customfieldvalues>
                            <customfieldvalue>0|i1m69j:</customfieldvalue>

                        </customfieldvalues>
                    </customfield>
                                                                <customfield id="customfield_12310920" key="com.pyxis.greenhopper.jira:gh-global-rank">
                        <customfieldname>Rank (Obsolete)</customfieldname>
                        <customfieldvalues>
                            <customfieldvalue>337587</customfieldvalue>
                        </customfieldvalues>
                    </customfield>
                                                                                                                                                                                                                                        <customfield id="customfield_12310222" key="com.atlassian.jira.ext.charting:timeinstatus">
                        <customfieldname>Time in Status</customfieldname>
                        <customfieldvalues>
                            
                        </customfieldvalues>
                    </customfield>
                                                                                                                        </customfields>
    </item>
</channel>
</rss>