<!-- 
RSS generated by JIRA (6.3.4#6332-sha1:51bc225ef474afe3128b2f66878477f322397b16) at Sun Nov 20 14:53:06 UTC 2016

It is possible to restrict the fields that are returned in this document by specifying the 'field' parameter in your request.
For example, to request only the issue key and summary add field=key&field=summary to the URL of your request.
For example:
https://issues.apache.org/jira/si/jira.issueviews:issue-xml/IO-339/IO-339.xml?field=key&amp;field=summary
-->
<rss version="0.92" >
<channel>
    <title>ASF JIRA</title>
    <link>https://issues.apache.org/jira</link>
    <description>This file is an XML representation of an issue</description>
    <language>en-uk</language>    <build-info>
        <version>6.3.4</version>
        <build-number>6332</build-number>
        <build-date>15-08-2014</build-date>
    </build-info>

<item>
            <title>[IO-339] MaxBytesInputStream to limit size of bytes read</title>
                <link>https://issues.apache.org/jira/browse/IO-339</link>
                <project id="12310477" key="IO">Commons IO</project>
                    <description>&lt;p&gt;I wrote an input stream that stops when it reaches a configured size in bytes.  I found it useful for applications that download web pages and images, but want to enforce a max size to avoid memory problems for extremely large pages/images.&lt;/p&gt;

&lt;p&gt;I was thinking that this class is generic and useful enough to include in the commons-io distribution.  Please consider it, and if it isn&apos;t appropriate for inclusion here, please recommend a better place to open source and share it.&lt;/p&gt;

&lt;div class=&quot;code panel&quot; style=&quot;border-width: 1px;&quot;&gt;&lt;div class=&quot;codeContent panelContent&quot;&gt;
&lt;pre class=&quot;code-java&quot;&gt;

&lt;span class=&quot;code-keyword&quot;&gt;package&lt;/span&gt; org.apache.commons.io.input;

&lt;span class=&quot;code-keyword&quot;&gt;import&lt;/span&gt; java.io.IOException;
&lt;span class=&quot;code-keyword&quot;&gt;import&lt;/span&gt; java.io.InputStream;

/**
 * An input stream that will end when the amount of bytes read reaches
 * the configured amount of maxBytes.
 * This is useful &lt;span class=&quot;code-keyword&quot;&gt;for&lt;/span&gt; preventing OutOfMemoryExceptions when downloading
 * very large files in cases where getting partial content is acceptable.
 * @author Ken Weiner
 */
&lt;span class=&quot;code-keyword&quot;&gt;public&lt;/span&gt; class MaxBytesInputStream &lt;span class=&quot;code-keyword&quot;&gt;extends&lt;/span&gt; CountingInputStream {
    &lt;span class=&quot;code-keyword&quot;&gt;private&lt;/span&gt; &lt;span class=&quot;code-object&quot;&gt;long&lt;/span&gt; maxBytes;

    &lt;span class=&quot;code-keyword&quot;&gt;public&lt;/span&gt; MaxBytesInputStream(InputStream is, &lt;span class=&quot;code-object&quot;&gt;long&lt;/span&gt; maxBytes) {
        &lt;span class=&quot;code-keyword&quot;&gt;super&lt;/span&gt;(is);
        &lt;span class=&quot;code-keyword&quot;&gt;this&lt;/span&gt;.maxBytes = maxBytes;
    }

    @Override
    &lt;span class=&quot;code-keyword&quot;&gt;protected&lt;/span&gt; void afterRead(&lt;span class=&quot;code-object&quot;&gt;int&lt;/span&gt; n) {
        &lt;span class=&quot;code-keyword&quot;&gt;super&lt;/span&gt;.afterRead((&lt;span class=&quot;code-object&quot;&gt;int&lt;/span&gt;) &lt;span class=&quot;code-object&quot;&gt;Math&lt;/span&gt;.min(n, &lt;span class=&quot;code-keyword&quot;&gt;this&lt;/span&gt;.maxBytes - getByteCount()));
    }

    @Override
    &lt;span class=&quot;code-keyword&quot;&gt;public&lt;/span&gt; &lt;span class=&quot;code-object&quot;&gt;int&lt;/span&gt; read() &lt;span class=&quot;code-keyword&quot;&gt;throws&lt;/span&gt; IOException {
        &lt;span class=&quot;code-keyword&quot;&gt;if&lt;/span&gt; (getByteCount() &amp;lt; &lt;span class=&quot;code-keyword&quot;&gt;this&lt;/span&gt;.maxBytes) {
            &lt;span class=&quot;code-keyword&quot;&gt;return&lt;/span&gt; &lt;span class=&quot;code-keyword&quot;&gt;super&lt;/span&gt;.read();
        }
        &lt;span class=&quot;code-keyword&quot;&gt;return&lt;/span&gt; -1;
    }

    @Override
    &lt;span class=&quot;code-keyword&quot;&gt;public&lt;/span&gt; &lt;span class=&quot;code-object&quot;&gt;int&lt;/span&gt; read(&lt;span class=&quot;code-object&quot;&gt;byte&lt;/span&gt;[] b) &lt;span class=&quot;code-keyword&quot;&gt;throws&lt;/span&gt; IOException {
        &lt;span class=&quot;code-keyword&quot;&gt;if&lt;/span&gt; (getByteCount() &amp;lt; &lt;span class=&quot;code-keyword&quot;&gt;this&lt;/span&gt;.maxBytes) {
            &lt;span class=&quot;code-keyword&quot;&gt;return&lt;/span&gt; &lt;span class=&quot;code-keyword&quot;&gt;super&lt;/span&gt;.read(b);
        }
        &lt;span class=&quot;code-keyword&quot;&gt;return&lt;/span&gt; -1;
    }

    @Override
    &lt;span class=&quot;code-keyword&quot;&gt;public&lt;/span&gt; &lt;span class=&quot;code-object&quot;&gt;int&lt;/span&gt; read(&lt;span class=&quot;code-object&quot;&gt;byte&lt;/span&gt;[] b, &lt;span class=&quot;code-object&quot;&gt;int&lt;/span&gt; off, &lt;span class=&quot;code-object&quot;&gt;int&lt;/span&gt; len) &lt;span class=&quot;code-keyword&quot;&gt;throws&lt;/span&gt; IOException {
        &lt;span class=&quot;code-keyword&quot;&gt;if&lt;/span&gt; (getByteCount() &amp;lt; &lt;span class=&quot;code-keyword&quot;&gt;this&lt;/span&gt;.maxBytes) {
            &lt;span class=&quot;code-keyword&quot;&gt;return&lt;/span&gt; &lt;span class=&quot;code-keyword&quot;&gt;super&lt;/span&gt;.read(b, off, len);
        }
        &lt;span class=&quot;code-keyword&quot;&gt;return&lt;/span&gt; -1;
    }
}
&lt;/pre&gt;
&lt;/div&gt;&lt;/div&gt;</description>
                <environment></environment>
        <key id="12600038">IO-339</key>
            <summary>MaxBytesInputStream to limit size of bytes read</summary>
                <type id="4" iconUrl="https://issues.apache.org/jira/images/icons/issuetypes/improvement.png">Improvement</type>
                                            <priority id="4" iconUrl="https://issues.apache.org/jira/images/icons/priorities/minor.png">Minor</priority>
                        <status id="6" iconUrl="https://issues.apache.org/jira/images/icons/statuses/closed.png" description="The issue is considered finished, the resolution is correct. Issues which are closed can be reopened.">Closed</status>
                    <statusCategory id="3" key="done" colorName="green"/>
                                    <resolution id="3">Duplicate</resolution>
                                        <assignee username="-1">Unassigned</assignee>
                                    <reporter username="kweiner">Ken Weiner</reporter>
                        <labels>
                    </labels>
                <created>Tue, 24 Jul 2012 17:12:48 +0000</created>
                <updated>Tue, 8 Nov 2016 18:04:37 +0000</updated>
                            <resolved>Thu, 16 May 2013 14:38:59 +0000</resolved>
                                    <version>2.4</version>
                                                    <component>Streams/Writers</component>
                        <due></due>
                            <votes>0</votes>
                                    <watches>1</watches>
                                                                <comments>
                            <comment id="13659584" author="sebb@apache.org" created="Thu, 16 May 2013 14:32:35 +0000"  >&lt;p&gt;Thanks.&lt;/p&gt;

&lt;p&gt;Had to change the class because it allowed reading beyond maxBytes if the buffer was larger than the remaining bytes.&lt;/p&gt;

&lt;p&gt;Also there did not seem to be any need to override afterRead().&lt;/p&gt;

&lt;p&gt;URL: &lt;a href=&quot;http://svn.apache.org/r1483389&quot; class=&quot;external-link&quot; rel=&quot;nofollow&quot;&gt;http://svn.apache.org/r1483389&lt;/a&gt;&lt;br/&gt;
Log:&lt;br/&gt;
&lt;a href=&quot;https://issues.apache.org/jira/browse/IO-339&quot; title=&quot;MaxBytesInputStream to limit size of bytes read&quot; class=&quot;issue-link&quot; data-issue-key=&quot;IO-339&quot;&gt;&lt;del&gt;IO-339&lt;/del&gt;&lt;/a&gt; MaxBytesInputStream to limit size of bytes read&lt;/p&gt;

&lt;p&gt;Added:&lt;br/&gt;
    commons/proper/io/trunk/src/main/java/org/apache/commons/io/input/MaxBytesInputStream.java   (with props)&lt;br/&gt;
    commons/proper/io/trunk/src/test/java/org/apache/commons/io/input/MaxBytesInputStreamTest.java   (with props)&lt;br/&gt;
Modified:&lt;br/&gt;
    commons/proper/io/trunk/src/changes/changes.xml&lt;/p&gt;</comment>
                            <comment id="13659588" author="sebb@apache.org" created="Thu, 16 May 2013 14:37:45 +0000"  >&lt;p&gt;Duplicate&lt;/p&gt;</comment>
                            <comment id="13659589" author="sebb@apache.org" created="Thu, 16 May 2013 14:38:59 +0000"  >&lt;p&gt;Code already existed.&lt;/p&gt;</comment>
                    </comments>
                <issuelinks>
                            <issuelinktype id="12310000">
                    <name>Duplicate</name>
                                            <outwardlinks description="duplicates">
                                        <issuelink>
            <issuekey id="12415249">IO-197</issuekey>
        </issuelink>
                            </outwardlinks>
                                                        </issuelinktype>
                    </issuelinks>
                <attachments>
                    </attachments>
                <subtasks>
                    </subtasks>
                <customfields>
                                                <customfield id="customfield_12310310" key="com.atlassian.jira.toolkit:attachments">
                        <customfieldname>Attachment count</customfieldname>
                        <customfieldvalues>
                            <customfieldvalue>0.0</customfieldvalue>
                        </customfieldvalues>
                    </customfield>
                                                                                                                                                                                                                                                                                                                                                                                                                                                                                                                                <customfield id="customfield_12310220" key="com.atlassian.jira.ext.charting:firstresponsedate">
                        <customfieldname>Date of First Response</customfieldname>
                        <customfieldvalues>
                            <customfieldvalue>Thu, 16 May 2013 14:32:35 +0000</customfieldvalue>

                        </customfieldvalues>
                    </customfield>
                                                                                                                                                                                                                                                                                                                                                                                                                                            <customfield id="customfield_12310420" key="com.pyxis.greenhopper.jira:gh-global-rank">
                        <customfieldname>Global Rank</customfieldname>
                        <customfieldvalues>
                            <customfieldvalue>292965</customfieldvalue>
                        </customfieldvalues>
                    </customfield>
                                                                                                                        <customfield id="customfield_12312521" key="com.atlassian.jira.toolkit:LastCommentDate">
                        <customfieldname>Last public comment date</customfieldname>
                        <customfieldvalues>
                            3 years, 27 weeks, 3 days ago
                        </customfieldvalues>
                    </customfield>
                                                                                            <customfield id="customfield_12311820" key="com.pyxis.greenhopper.jira:gh-lexo-rank">
                        <customfieldname>Rank</customfieldname>
                        <customfieldvalues>
                            <customfieldvalue>0|i0slnj:</customfieldvalue>

                        </customfieldvalues>
                    </customfield>
                                                                <customfield id="customfield_12310920" key="com.pyxis.greenhopper.jira:gh-global-rank">
                        <customfieldname>Rank (Obsolete)</customfieldname>
                        <customfieldvalues>
                            <customfieldvalue>164985</customfieldvalue>
                        </customfieldvalues>
                    </customfield>
                                                                                                                                                                                                                                        <customfield id="customfield_12310222" key="com.atlassian.jira.ext.charting:timeinstatus">
                        <customfieldname>Time in Status</customfieldname>
                        <customfieldvalues>
                            
                        </customfieldvalues>
                    </customfield>
                                                                                                                        </customfields>
    </item>
</channel>
</rss>