<!-- 
RSS generated by JIRA (6.3.4#6332-sha1:51bc225ef474afe3128b2f66878477f322397b16) at Thu Dec 01 19:01:12 UTC 2016

It is possible to restrict the fields that are returned in this document by specifying the 'field' parameter in your request.
For example, to request only the issue key and summary add field=key&field=summary to the URL of your request.
For example:
https://issues.apache.org/jira/si/jira.issueviews:issue-xml/IO-37/IO-37.xml?field=key&amp;field=summary
-->
<rss version="0.92" >
<channel>
    <title>ASF JIRA</title>
    <link>https://issues.apache.org/jira</link>
    <description>This file is an XML representation of an issue</description>
    <language>en-uk</language>    <build-info>
        <version>6.3.4</version>
        <build-number>6332</build-number>
        <build-date>15-08-2014</build-date>
    </build-info>

<item>
            <title>[IO-37] [io] Tests fail on Windows 2000 due to File lastModified() behaviour</title>
                <link>https://issues.apache.org/jira/browse/IO-37</link>
                <project id="12310477" key="IO">Commons IO</project>
                    <description>&lt;p&gt;The following JUnit test cases fail when running on Windows 2000 (JDK 1.4.2_05)&lt;br/&gt;
      FileFilterTestCase&lt;br/&gt;
      FileUtilsFileNewerTestCase&lt;/p&gt;

&lt;p&gt;According to the java.io.File javadoc for the setLastModified() method &quot;All &lt;br/&gt;
platforms support file-modification times to the nearest second, but some &lt;br/&gt;
provide more precision&quot;&lt;/p&gt;

&lt;p&gt;&lt;a href=&quot;http://java.sun.com/j2se/1.4.2/docs/api/java/io/File.html#setLastModified(long&quot; class=&quot;external-link&quot; rel=&quot;nofollow&quot;&gt;http://java.sun.com/j2se/1.4.2/docs/api/java/io/File.html#setLastModified(long&lt;/a&gt;)&lt;/p&gt;

&lt;p&gt;1) FileFilterTestCase&apos;s testAgeFilter() method appears to be failing because &lt;br/&gt;
the lastModified date is being rounded up to the nearest second - but the spin&lt;br/&gt;
() method is only waiting until the system time is later. I&apos;m attaching a patch &lt;br/&gt;
so that the spin() method waits until the system time is after the modification &lt;br/&gt;
date/time of the file.&lt;/p&gt;

&lt;p&gt;2) FileUtilsFileNewerTestCase seems to have a couple of problems:&lt;/p&gt;

&lt;ul&gt;
	&lt;li&gt;The testIsFileNewer() method appears to be failing because calling&lt;br/&gt;
setLastModified() seems to be rounding up to the nearest two seconds, so the &lt;br/&gt;
check on the temporary file lastModified time after it has been set fails. &lt;br/&gt;
Changing testIsFileNewer() to use two seconds rather than one resolves this and &lt;br/&gt;
I found the following bug which appears to back this up:&lt;/li&gt;
&lt;/ul&gt;


&lt;p&gt;  &lt;a href=&quot;http://bugs.sun.com/bugdatabase/view_bug.do?bug_id=4697792&quot; class=&quot;external-link&quot; rel=&quot;nofollow&quot;&gt;http://bugs.sun.com/bugdatabase/view_bug.do?bug_id=4697792&lt;/a&gt;&lt;/p&gt;

&lt;ul&gt;
	&lt;li&gt;The testIsFileNewerImaginaryFile() method appears to be failing because&lt;br/&gt;
setting the lastModified to zero seems to be ignored. This is also mentioned in &lt;br/&gt;
the above bug. Passing the actual temporary file&apos;s modifiedDate rather than &lt;br/&gt;
zero resolves this.&lt;/li&gt;
&lt;/ul&gt;
</description>
                <environment>&lt;p&gt;Operating System: Windows 2000&lt;br/&gt;
Platform: Other&lt;/p&gt;</environment>
        <key id="12342832">IO-37</key>
            <summary>[io] Tests fail on Windows 2000 due to File lastModified() behaviour</summary>
                <type id="1" iconUrl="https://issues.apache.org/jira/images/icons/issuetypes/bug.png">Bug</type>
                                            <priority id="3" iconUrl="https://issues.apache.org/jira/images/icons/priorities/major.png">Major</priority>
                        <status id="6" iconUrl="https://issues.apache.org/jira/images/icons/statuses/closed.png" description="The issue is considered finished, the resolution is correct. Issues which are closed can be reopened.">Closed</status>
                    <statusCategory id="3" key="done" colorName="green"/>
                                    <resolution id="1">Fixed</resolution>
                                        <assignee username="-1">Unassigned</assignee>
                                    <reporter username="niallp">Niall Pemberton</reporter>
                        <labels>
                    </labels>
                <created>Thu, 5 Jan 2006 17:16:37 +0000</created>
                <updated>Fri, 9 Mar 2007 20:38:19 +0000</updated>
                            <resolved>Fri, 9 Mar 2007 20:38:19 +0000</resolved>
                                    <version>1.1</version>
                                    <fixVersion>1.2</fixVersion>
                                        <due></due>
                            <votes>0</votes>
                                    <watches>0</watches>
                                                                <comments>
                            <comment id="12411197" author="niallp" created="Thu, 5 Jan 2006 17:17:23 +0000"  >&lt;p&gt;Created an attachment (id=17330)&lt;br/&gt;
Patch to fix the win2k issues in io tests&lt;/p&gt;</comment>
                            <comment id="12411198" author="scolebourne@joda.org" created="Sun, 15 Jan 2006 02:00:14 +0000"  >&lt;p&gt;Patch applied, thanks&lt;/p&gt;</comment>
                    </comments>
                    <attachments>
                            <attachment id="12333969" name="ASF.LICENSE.NOT.GRANTED--io_tests_win2k_lastModified_issue.patch" size="3643" author="niallp" created="Thu, 5 Jan 2006 17:17:23 +0000"/>
                    </attachments>
                <subtasks>
                    </subtasks>
                <customfields>
                                                <customfield id="customfield_12310310" key="com.atlassian.jira.toolkit:attachments">
                        <customfieldname>Attachment count</customfieldname>
                        <customfieldvalues>
                            <customfieldvalue>1.0</customfieldvalue>
                        </customfieldvalues>
                    </customfield>
                                                                                                                                                                                                                                                                                                                                                                                                                                                                        <customfield id="customfield_10010" key="com.atlassian.jira.plugin.system.customfieldtypes:importid">
                        <customfieldname>Bugzilla Id</customfieldname>
                        <customfieldvalues>
                            <customfieldvalue>38130</customfieldvalue>
                        </customfieldvalues>
                    </customfield>
                                                                                            <customfield id="customfield_12310220" key="com.atlassian.jira.ext.charting:firstresponsedate">
                        <customfieldname>Date of First Response</customfieldname>
                        <customfieldvalues>
                            <customfieldvalue>Sun, 15 Jan 2006 02:00:14 +0000</customfieldvalue>

                        </customfieldvalues>
                    </customfield>
                                                                                                                                                                                                                                                                                                                                                                                                                                            <customfield id="customfield_12310420" key="com.pyxis.greenhopper.jira:gh-global-rank">
                        <customfieldname>Global Rank</customfieldname>
                        <customfieldvalues>
                            <customfieldvalue>139498</customfieldvalue>
                        </customfieldvalues>
                    </customfield>
                                                                                                                        <customfield id="customfield_12312521" key="com.atlassian.jira.toolkit:LastCommentDate">
                        <customfieldname>Last public comment date</customfieldname>
                        <customfieldvalues>
                            10 years, 47 weeks, 4 days ago
                        </customfieldvalues>
                    </customfield>
                                                                                            <customfield id="customfield_12311820" key="com.pyxis.greenhopper.jira:gh-lexo-rank">
                        <customfieldname>Rank</customfieldname>
                        <customfieldvalues>
                            <customfieldvalue>0|i0smuf:</customfieldvalue>

                        </customfieldvalues>
                    </customfield>
                                                                <customfield id="customfield_12310920" key="com.pyxis.greenhopper.jira:gh-global-rank">
                        <customfieldname>Rank (Obsolete)</customfieldname>
                        <customfieldvalues>
                            <customfieldvalue>165178</customfieldvalue>
                        </customfieldvalues>
                    </customfield>
                                                                                                                                                                                                                                        <customfield id="customfield_12310222" key="com.atlassian.jira.ext.charting:timeinstatus">
                        <customfieldname>Time in Status</customfieldname>
                        <customfieldvalues>
                            
                        </customfieldvalues>
                    </customfield>
                                                                                                                        </customfields>
    </item>
</channel>
</rss>