<!-- 
RSS generated by JIRA (6.3.4#6332-sha1:51bc225ef474afe3128b2f66878477f322397b16) at Sun Nov 20 17:27:24 UTC 2016

It is possible to restrict the fields that are returned in this document by specifying the 'field' parameter in your request.
For example, to request only the issue key and summary add field=key&field=summary to the URL of your request.
For example:
https://issues.apache.org/jira/si/jira.issueviews:issue-xml/IO-361/IO-361.xml?field=key&amp;field=summary
-->
<rss version="0.92" >
<channel>
    <title>ASF JIRA</title>
    <link>https://issues.apache.org/jira</link>
    <description>This file is an XML representation of an issue</description>
    <language>en-uk</language>    <build-info>
        <version>6.3.4</version>
        <build-number>6332</build-number>
        <build-date>15-08-2014</build-date>
    </build-info>

<item>
            <title>[IO-361] Add API FileUtils.forceMkdirsParent()</title>
                <link>https://issues.apache.org/jira/browse/IO-361</link>
                <project id="12310477" key="IO">Commons IO</project>
                    <description>&lt;p&gt;Add API FileUtils.forceMkdirsParent():&lt;/p&gt;

&lt;div class=&quot;code panel&quot; style=&quot;border-width: 1px;&quot;&gt;&lt;div class=&quot;codeContent panelContent&quot;&gt;
&lt;pre class=&quot;code-java&quot;&gt;
    /**
     * Makes any necessary but nonexistent parent directories &lt;span class=&quot;code-keyword&quot;&gt;for&lt;/span&gt; a given File. If the parent directory cannot be
     * created then an IOException is thrown.
     * 
     * @param file
     *            file with parent to create, must not be {@code &lt;span class=&quot;code-keyword&quot;&gt;null&lt;/span&gt;}
     * @&lt;span class=&quot;code-keyword&quot;&gt;throws&lt;/span&gt; NullPointerException
     *             &lt;span class=&quot;code-keyword&quot;&gt;if&lt;/span&gt; the file is {@code &lt;span class=&quot;code-keyword&quot;&gt;null&lt;/span&gt;}
     * @&lt;span class=&quot;code-keyword&quot;&gt;throws&lt;/span&gt; IOException
     *             &lt;span class=&quot;code-keyword&quot;&gt;if&lt;/span&gt; the parent directory cannot be created
     * @since 2.5
     */
    &lt;span class=&quot;code-keyword&quot;&gt;public&lt;/span&gt; &lt;span class=&quot;code-keyword&quot;&gt;static&lt;/span&gt; void forceMkdirParent(&lt;span class=&quot;code-keyword&quot;&gt;final&lt;/span&gt; File file) &lt;span class=&quot;code-keyword&quot;&gt;throws&lt;/span&gt; IOException 
&lt;/pre&gt;
&lt;/div&gt;&lt;/div&gt;</description>
                <environment>&lt;p&gt;Apache Maven 3.0.4 (r1232337; 2012-01-17 03:44:56-0500)&lt;br/&gt;
Maven home: C:\Java\apache-maven-3.0.4\bin\..&lt;br/&gt;
Java version: 1.6.0_35, vendor: Sun Microsystems Inc.&lt;br/&gt;
Java home: C:\Program Files\Java\jdk1.6.0_35\jre&lt;br/&gt;
Default locale: en_US, platform encoding: Cp1252&lt;br/&gt;
OS name: &quot;windows 7&quot;, version: &quot;6.1&quot;, arch: &quot;amd64&quot;, family: &quot;windows&quot;&lt;/p&gt;</environment>
        <key id="12624662">IO-361</key>
            <summary>Add API FileUtils.forceMkdirsParent()</summary>
                <type id="1" iconUrl="https://issues.apache.org/jira/images/icons/issuetypes/bug.png">Bug</type>
                                            <priority id="3" iconUrl="https://issues.apache.org/jira/images/icons/priorities/major.png">Major</priority>
                        <status id="6" iconUrl="https://issues.apache.org/jira/images/icons/statuses/closed.png" description="The issue is considered finished, the resolution is correct. Issues which are closed can be reopened.">Closed</status>
                    <statusCategory id="3" key="done" colorName="green"/>
                                    <resolution id="1">Fixed</resolution>
                                        <assignee username="garydgregory">Gary Gregory</assignee>
                                    <reporter username="garydgregory">Gary Gregory</reporter>
                        <labels>
                    </labels>
                <created>Wed, 19 Dec 2012 16:16:34 +0000</created>
                <updated>Tue, 8 Nov 2016 17:58:55 +0000</updated>
                            <resolved>Wed, 19 Dec 2012 16:17:43 +0000</resolved>
                                                    <fixVersion>2.5</fixVersion>
                                    <component>Utilities</component>
                        <due></due>
                            <votes>0</votes>
                                    <watches>1</watches>
                                                                <comments>
                            <comment id="13536080" author="garydgregory" created="Wed, 19 Dec 2012 16:17:43 +0000"  >&lt;p&gt;commit -m &quot;&lt;a href=&quot;https://issues.apache.org/jira/browse/IO-361&quot; title=&quot;Add API FileUtils.forceMkdirsParent()&quot; class=&quot;issue-link&quot; data-issue-key=&quot;IO-361&quot;&gt;&lt;del&gt;IO-361&lt;/del&gt;&lt;/a&gt; Add API FileUtils.forceMkdirsParent().&quot; C:/svn/org/apache/commons/trunks-proper/io/src/test/java/org/apache/commons/io/FileUtilsTestCase.java C:/svn/org/apache/commons/trunks-proper/io/src/main/java/org/apache/commons/io/FileUtils.java C:/svn/org/apache/commons/trunks-proper/io/src/changes/changes.xml&lt;br/&gt;
    Sending        C:/svn/org/apache/commons/trunks-proper/io/src/changes/changes.xml&lt;br/&gt;
    Sending        C:/svn/org/apache/commons/trunks-proper/io/src/main/java/org/apache/commons/io/FileUtils.java&lt;br/&gt;
    Sending        C:/svn/org/apache/commons/trunks-proper/io/src/test/java/org/apache/commons/io/FileUtilsTestCase.java&lt;br/&gt;
    Transmitting file data ...&lt;br/&gt;
    Committed revision 1423916.&lt;/p&gt;</comment>
                    </comments>
                    <attachments>
                    </attachments>
                <subtasks>
                    </subtasks>
                <customfields>
                                                <customfield id="customfield_12310310" key="com.atlassian.jira.toolkit:attachments">
                        <customfieldname>Attachment count</customfieldname>
                        <customfieldvalues>
                            <customfieldvalue>0.0</customfieldvalue>
                        </customfieldvalues>
                    </customfield>
                                                                                                                                                                                                                                                                                                                                                                                                                                                                                                                                                                                                                                                                                                                                                                                                                                                                                                                                        <customfield id="customfield_12310420" key="com.pyxis.greenhopper.jira:gh-global-rank">
                        <customfieldname>Global Rank</customfieldname>
                        <customfieldvalues>
                            <customfieldvalue>300487</customfieldvalue>
                        </customfieldvalues>
                    </customfield>
                                                                                                                        <customfield id="customfield_12312521" key="com.atlassian.jira.toolkit:LastCommentDate">
                        <customfieldname>Last public comment date</customfieldname>
                        <customfieldvalues>
                            3 years, 48 weeks, 4 days ago
                        </customfieldvalues>
                    </customfield>
                                                                                            <customfield id="customfield_12311820" key="com.pyxis.greenhopper.jira:gh-lexo-rank">
                        <customfieldname>Rank</customfieldname>
                        <customfieldvalues>
                            <customfieldvalue>0|i168lz:</customfieldvalue>

                        </customfieldvalues>
                    </customfield>
                                                                <customfield id="customfield_12310920" key="com.pyxis.greenhopper.jira:gh-global-rank">
                        <customfieldname>Rank (Obsolete)</customfieldname>
                        <customfieldvalues>
                            <customfieldvalue>244527</customfieldvalue>
                        </customfieldvalues>
                    </customfield>
                                                                                                                                                                                                                                        <customfield id="customfield_12310222" key="com.atlassian.jira.ext.charting:timeinstatus">
                        <customfieldname>Time in Status</customfieldname>
                        <customfieldvalues>
                            
                        </customfieldvalues>
                    </customfield>
                                                                                                                        </customfields>
    </item>
</channel>
</rss>