<!-- 
RSS generated by JIRA (6.3.4#6332-sha1:51bc225ef474afe3128b2f66878477f322397b16) at Thu Dec 01 19:01:25 UTC 2016

It is possible to restrict the fields that are returned in this document by specifying the 'field' parameter in your request.
For example, to request only the issue key and summary add field=key&field=summary to the URL of your request.
For example:
https://issues.apache.org/jira/si/jira.issueviews:issue-xml/IO-33/IO-33.xml?field=key&amp;field=summary
-->
<rss version="0.92" >
<channel>
    <title>ASF JIRA</title>
    <link>https://issues.apache.org/jira</link>
    <description>This file is an XML representation of an issue</description>
    <language>en-uk</language>    <build-info>
        <version>6.3.4</version>
        <build-number>6332</build-number>
        <build-date>15-08-2014</build-date>
    </build-info>

<item>
            <title>[IO-33] [io] Addition of FileSystemUtils class</title>
                <link>https://issues.apache.org/jira/browse/IO-33</link>
                <project id="12310477" key="IO">Commons IO</project>
                    <description>&lt;p&gt;First, let me say that this is my first Bugzilla submission of any kind &lt;br/&gt;
anywhere, so if I did something wrong I apologize in advance, and I&apos;d &lt;br/&gt;
appreciate a kind nudge in the right direction &lt;img class=&quot;emoticon&quot; src=&quot;https://issues.apache.org/jira/images/icons/emoticons/smile.gif&quot; height=&quot;16&quot; width=&quot;16&quot; align=&quot;absmiddle&quot; alt=&quot;&quot; border=&quot;0&quot;/&gt;&lt;/p&gt;

&lt;p&gt;That aside, this is a follow-up to a submission I made on the Commons &lt;br/&gt;
Developer list.  I submitted a function called getFreeSpace() that allows for &lt;br/&gt;
getting the free space on a drive or volume in a cross-platform nature, &lt;br/&gt;
something that is missing from Java at this point.  There seemed to be at &lt;br/&gt;
least some support for this (IIRC, one +1 and one conditional +1), but Stephen &lt;br/&gt;
Colebourne suggested it be part of a new FileSystemUtils class.  I have &lt;br/&gt;
created this class and it is available for download at the referenced URL.&lt;/p&gt;

&lt;p&gt;As Stephen suggested, I cleaned up the code and tried to make it adhere to the &lt;br/&gt;
other Commons IO code (although it&apos;s not my own preferred coding style, so I &lt;br/&gt;
could be off a bit in spots).&lt;/p&gt;

&lt;p&gt;I did not attempt to make a unit test for it for two reasons... (1) I have no &lt;br/&gt;
experience creating JUnit tests, although I would have tried except for (2) I &lt;br/&gt;
didn&apos;t really see a way to test this.  My original post on the mailing list &lt;br/&gt;
included a test harness app that just took in a drive or volume name on the &lt;br/&gt;
command line and displayed the free space.  Someone would have to manually &lt;br/&gt;
compare that result to what their OS reported, but aside from that I&apos;m not &lt;br/&gt;
sure how a test could be written for this.&lt;/p&gt;

&lt;p&gt;Stephen also had a question regarding use cases for this.  I gave him two or &lt;br/&gt;
three, but only one seemed convincing, so let me state it here as well...&lt;/p&gt;

&lt;p&gt;If an application has to copy files to a volume, or create a file or series of &lt;br/&gt;
files, it is very helpful to know before hand if that operation will fail or &lt;br/&gt;
not, especially if it has to be an all-or-nothing operation.  This code will &lt;br/&gt;
allow for that.  The alternative is to have exceptions thrown when the copy or &lt;br/&gt;
create operations fail, and then clean up whatever did manage to get copied or &lt;br/&gt;
created.  That&apos;s an obviously ugly solution.  In some cases it could even be a &lt;br/&gt;
rather drastic problem: imagine creating a file on a server and running the &lt;br/&gt;
volume out of space.  We all know what can happen in that case: all sorts of &lt;br/&gt;
general nastiness!  Better to be able to tell before hand if you have enough &lt;br/&gt;
space or not.  This code allows you to do that.&lt;/p&gt;

&lt;p&gt;Please feel free to contact me at fzammetti@omnytex.com if I can be of any &lt;br/&gt;
further help getting this added to Commons IO, assuming enough committers &lt;br/&gt;
agree it&apos;s a good addition.  Thanks!&lt;/p&gt;</description>
                <environment>&lt;p&gt;Operating System: All&lt;br/&gt;
Platform: All&lt;/p&gt;</environment>
        <key id="12341984">IO-33</key>
            <summary>[io] Addition of FileSystemUtils class</summary>
                <type id="1" iconUrl="https://issues.apache.org/jira/images/icons/issuetypes/bug.png">Bug</type>
                                            <priority id="3" iconUrl="https://issues.apache.org/jira/images/icons/priorities/major.png">Major</priority>
                        <status id="6" iconUrl="https://issues.apache.org/jira/images/icons/statuses/closed.png" description="The issue is considered finished, the resolution is correct. Issues which are closed can be reopened.">Closed</status>
                    <statusCategory id="3" key="done" colorName="green"/>
                                    <resolution id="1">Fixed</resolution>
                                        <assignee username="-1">Unassigned</assignee>
                                    <reporter username="fzammetti@omnytex.com">Frank W. Zammetti</reporter>
                        <labels>
                    </labels>
                <created>Fri, 7 Jan 2005 12:26:02 +0000</created>
                <updated>Fri, 9 Mar 2007 20:38:18 +0000</updated>
                            <resolved>Fri, 9 Mar 2007 20:38:18 +0000</resolved>
                                                    <fixVersion>1.1</fixVersion>
                                        <due></due>
                            <votes>0</votes>
                                    <watches>0</watches>
                                                                <comments>
                            <comment id="12408486" author="fzammetti@omnytex.com" created="Fri, 7 Jan 2005 12:27:08 +0000"  >&lt;p&gt;Created an attachment (id=13918)&lt;br/&gt;
Oops, didn&apos;t realize I could attach AFTER I submitted the entry!&lt;/p&gt;

&lt;p&gt;Here&apos;s the class itself, no need to use my download link!&lt;/p&gt;</comment>
                            <comment id="12408487" author="scolebourne@joda.org" created="Mon, 21 Feb 2005 06:37:29 +0000"  >&lt;p&gt;Committed. Now we see if any other committer objects...&lt;/p&gt;</comment>
                    </comments>
                    <attachments>
                            <attachment id="12333318" name="ASF.LICENSE.NOT.GRANTED--FileSystemUtils.java" size="8595" author="fzammetti@omnytex.com" created="Fri, 7 Jan 2005 12:27:07 +0000"/>
                    </attachments>
                <subtasks>
                    </subtasks>
                <customfields>
                                                <customfield id="customfield_12310310" key="com.atlassian.jira.toolkit:attachments">
                        <customfieldname>Attachment count</customfieldname>
                        <customfieldvalues>
                            <customfieldvalue>1.0</customfieldvalue>
                        </customfieldvalues>
                    </customfield>
                                                                                                                                                                                                                                                                                                                                                                                                                                                                        <customfield id="customfield_10010" key="com.atlassian.jira.plugin.system.customfieldtypes:importid">
                        <customfieldname>Bugzilla Id</customfieldname>
                        <customfieldvalues>
                            <customfieldvalue>32982</customfieldvalue>
                        </customfieldvalues>
                    </customfield>
                                                                                            <customfield id="customfield_12310220" key="com.atlassian.jira.ext.charting:firstresponsedate">
                        <customfieldname>Date of First Response</customfieldname>
                        <customfieldvalues>
                            <customfieldvalue>Mon, 21 Feb 2005 06:37:29 +0000</customfieldvalue>

                        </customfieldvalues>
                    </customfield>
                                                                                                                                                                                                                                                                                                                                                                                                                                            <customfield id="customfield_12310420" key="com.pyxis.greenhopper.jira:gh-global-rank">
                        <customfieldname>Global Rank</customfieldname>
                        <customfieldvalues>
                            <customfieldvalue>139494</customfieldvalue>
                        </customfieldvalues>
                    </customfield>
                                                                                                                        <customfield id="customfield_12312521" key="com.atlassian.jira.toolkit:LastCommentDate">
                        <customfieldname>Last public comment date</customfieldname>
                        <customfieldvalues>
                            11 years, 42 weeks, 3 days ago
                        </customfieldvalues>
                    </customfield>
                                                                                            <customfield id="customfield_12311820" key="com.pyxis.greenhopper.jira:gh-lexo-rank">
                        <customfieldname>Rank</customfieldname>
                        <customfieldvalues>
                            <customfieldvalue>0|i0smvb:</customfieldvalue>

                        </customfieldvalues>
                    </customfield>
                                                                <customfield id="customfield_12310920" key="com.pyxis.greenhopper.jira:gh-global-rank">
                        <customfieldname>Rank (Obsolete)</customfieldname>
                        <customfieldvalues>
                            <customfieldvalue>165182</customfieldvalue>
                        </customfieldvalues>
                    </customfield>
                                                                                                                                                                                                                                        <customfield id="customfield_12310222" key="com.atlassian.jira.ext.charting:timeinstatus">
                        <customfieldname>Time in Status</customfieldname>
                        <customfieldvalues>
                            
                        </customfieldvalues>
                    </customfield>
                                                                                                                        </customfields>
    </item>
</channel>
</rss>