<!-- 
RSS generated by JIRA (6.3.4#6332-sha1:51bc225ef474afe3128b2f66878477f322397b16) at Sun Nov 20 16:00:56 UTC 2016

It is possible to restrict the fields that are returned in this document by specifying the 'field' parameter in your request.
For example, to request only the issue key and summary add field=key&field=summary to the URL of your request.
For example:
https://issues.apache.org/jira/si/jira.issueviews:issue-xml/IO-35/IO-35.xml?field=key&amp;field=summary
-->
<rss version="0.92" >
<channel>
    <title>ASF JIRA</title>
    <link>https://issues.apache.org/jira</link>
    <description>This file is an XML representation of an issue</description>
    <language>en-uk</language>    <build-info>
        <version>6.3.4</version>
        <build-number>6332</build-number>
        <build-date>15-08-2014</build-date>
    </build-info>

<item>
            <title>[IO-35] [io] Updated FileSystemUtils to address issues before release</title>
                <link>https://issues.apache.org/jira/browse/IO-35</link>
                <project id="12310477" key="IO">Commons IO</project>
                    <description>&lt;p&gt;Attached please find an updated version of FileSystemUtils (because of some &lt;br/&gt;
issues at my current location I am unable to create a patch... don&apos;t ask!)&lt;/p&gt;

&lt;p&gt;This addresses the two outstanding issues that would keep this from being &lt;br/&gt;
included in the next release, namely:&lt;/p&gt;

&lt;p&gt;(1) Wouldn&apos;t work on &quot;alternate&quot; (depending on your perspective I suppose!) &lt;br/&gt;
language versions of Windows... I do not have anything other than an English &lt;br/&gt;
version to test this on, so it&apos;d be great it someone else could.  It does NOT &lt;br/&gt;
look for any particular string any longer though, so I expect it to work.  &lt;br/&gt;
Certainly it does on my test platforms.  The Windows implementation is fairly &lt;br/&gt;
different than it was because of this.&lt;/p&gt;

&lt;p&gt;(2) Using cmd.exe on *nix systems... still don&apos;t know why I wrote it like that &lt;br/&gt;
in the first place, or why it worked on my test Linux instances, but in any &lt;br/&gt;
case it doesn&apos;t use it any more, it uses df directly as it should have been &lt;br/&gt;
all along.&lt;/p&gt;

&lt;p&gt;I also addressed a couple of Checkstyle complaints with regard to line &lt;br/&gt;
lengths.  Nothing major.&lt;/p&gt;</description>
                <environment>&lt;p&gt;Operating System: All&lt;br/&gt;
Platform: All&lt;/p&gt;</environment>
        <key id="12342508">IO-35</key>
            <summary>[io] Updated FileSystemUtils to address issues before release</summary>
                <type id="1" iconUrl="https://issues.apache.org/jira/images/icons/issuetypes/bug.png">Bug</type>
                                            <priority id="3" iconUrl="https://issues.apache.org/jira/images/icons/priorities/major.png">Major</priority>
                        <status id="6" iconUrl="https://issues.apache.org/jira/images/icons/statuses/closed.png" description="The issue is considered finished, the resolution is correct. Issues which are closed can be reopened.">Closed</status>
                    <statusCategory id="3" key="done" colorName="green"/>
                                    <resolution id="1">Fixed</resolution>
                                        <assignee username="-1">Unassigned</assignee>
                                    <reporter username="fzammetti@omnytex.com">Frank W. Zammetti</reporter>
                        <labels>
                    </labels>
                <created>Wed, 24 Aug 2005 01:44:18 +0000</created>
                <updated>Fri, 9 Mar 2007 20:38:19 +0000</updated>
                            <resolved>Fri, 9 Mar 2007 20:38:19 +0000</resolved>
                                                    <fixVersion>1.1</fixVersion>
                                        <due></due>
                            <votes>0</votes>
                                    <watches>0</watches>
                                                                <comments>
                            <comment id="12410241" author="fzammetti@omnytex.com" created="Wed, 24 Aug 2005 01:45:31 +0000"  >&lt;p&gt;Created an attachment (id=16164)&lt;br/&gt;
Updated FileSystemUtils class&lt;/p&gt;

&lt;p&gt;This &lt;b&gt;should&lt;/b&gt; be good to go for a release now, AFAIK anyway.&lt;/p&gt;</comment>
                            <comment id="12410242" author="scolebourne@joda.org" created="Sun, 28 Aug 2005 01:53:41 +0000"  >&lt;p&gt;Added test case, and fixed Unix to work with another format&lt;/p&gt;</comment>
                    </comments>
                    <attachments>
                            <attachment id="12333756" name="ASF.LICENSE.NOT.GRANTED--FileSystemUtils.java" size="9571" author="fzammetti@omnytex.com" created="Wed, 24 Aug 2005 01:45:31 +0000"/>
                    </attachments>
                <subtasks>
                    </subtasks>
                <customfields>
                                                <customfield id="customfield_12310310" key="com.atlassian.jira.toolkit:attachments">
                        <customfieldname>Attachment count</customfieldname>
                        <customfieldvalues>
                            <customfieldvalue>1.0</customfieldvalue>
                        </customfieldvalues>
                    </customfield>
                                                                                                                                                                                                                                                                                                                                                                                                                                                                        <customfield id="customfield_10010" key="com.atlassian.jira.plugin.system.customfieldtypes:importid">
                        <customfieldname>Bugzilla Id</customfieldname>
                        <customfieldvalues>
                            <customfieldvalue>36325</customfieldvalue>
                        </customfieldvalues>
                    </customfield>
                                                                                            <customfield id="customfield_12310220" key="com.atlassian.jira.ext.charting:firstresponsedate">
                        <customfieldname>Date of First Response</customfieldname>
                        <customfieldvalues>
                            <customfieldvalue>Sun, 28 Aug 2005 01:53:41 +0000</customfieldvalue>

                        </customfieldvalues>
                    </customfield>
                                                                                                                                                                                                                                                                                                                                                                                                                                            <customfield id="customfield_12310420" key="com.pyxis.greenhopper.jira:gh-global-rank">
                        <customfieldname>Global Rank</customfieldname>
                        <customfieldvalues>
                            <customfieldvalue>139496</customfieldvalue>
                        </customfieldvalues>
                    </customfield>
                                                                                                                        <customfield id="customfield_12312521" key="com.atlassian.jira.toolkit:LastCommentDate">
                        <customfieldname>Last public comment date</customfieldname>
                        <customfieldvalues>
                            11 years, 14 weeks ago
                        </customfieldvalues>
                    </customfield>
                                                                                            <customfield id="customfield_12311820" key="com.pyxis.greenhopper.jira:gh-lexo-rank">
                        <customfieldname>Rank</customfieldname>
                        <customfieldvalues>
                            <customfieldvalue>0|i0smuv:</customfieldvalue>

                        </customfieldvalues>
                    </customfield>
                                                                <customfield id="customfield_12310920" key="com.pyxis.greenhopper.jira:gh-global-rank">
                        <customfieldname>Rank (Obsolete)</customfieldname>
                        <customfieldvalues>
                            <customfieldvalue>165180</customfieldvalue>
                        </customfieldvalues>
                    </customfield>
                                                                                                                                                                                                                                        <customfield id="customfield_12310222" key="com.atlassian.jira.ext.charting:timeinstatus">
                        <customfieldname>Time in Status</customfieldname>
                        <customfieldvalues>
                            
                        </customfieldvalues>
                    </customfield>
                                                                                                                        </customfields>
    </item>
</channel>
</rss>