<!-- 
RSS generated by JIRA (6.3.4#6332-sha1:51bc225ef474afe3128b2f66878477f322397b16) at Sat Dec 03 17:54:43 UTC 2016

It is possible to restrict the fields that are returned in this document by specifying the 'field' parameter in your request.
For example, to request only the issue key and summary add field=key&field=summary to the URL of your request.
For example:
https://issues.apache.org/jira/si/jira.issueviews:issue-xml/IO-382/IO-382.xml?field=key&amp;field=summary
-->
<rss version="0.92" >
<channel>
    <title>ASF JIRA</title>
    <link>https://issues.apache.org/jira</link>
    <description>This file is an XML representation of an issue</description>
    <language>en-uk</language>    <build-info>
        <version>6.3.4</version>
        <build-number>6332</build-number>
        <build-date>15-08-2014</build-date>
    </build-info>

<item>
            <title>[IO-382] Chunked IO for large arrays</title>
                <link>https://issues.apache.org/jira/browse/IO-382</link>
                <project id="12310477" key="IO">Commons IO</project>
                    <description>&lt;p&gt;File IO involves native code at some point.&lt;br/&gt;
It seems that native code which accesses a Java&lt;br/&gt;
array may involve copying the array (depending on the JVM) &lt;span class=&quot;error&quot;&gt;&amp;#91;1&amp;#93;&lt;/span&gt;&lt;/p&gt;

&lt;p&gt;This can easily lead to an OutOfMemory condition if the array is large.&lt;/p&gt;

&lt;p&gt;It would be useful to provide some utility methods to process the array in chunks of (say) 4K. It&apos;s unlikely that applications will use huge read buffers, but they may well need to write large buffers, so only output chunking is likely to be useful.&lt;/p&gt;

&lt;p&gt;It might also be useful to create a ChunkedOutputStream/Writer which provides the chunking automatically.&lt;/p&gt;

&lt;p&gt;&lt;span class=&quot;error&quot;&gt;&amp;#91;1&amp;#93;&lt;/span&gt; &lt;a href=&quot;http://docs.oracle.com/javase/7/docs/technotes/guides/jni/spec/design.html#wp1265&quot; class=&quot;external-link&quot; rel=&quot;nofollow&quot;&gt;http://docs.oracle.com/javase/7/docs/technotes/guides/jni/spec/design.html#wp1265&lt;/a&gt;&lt;/p&gt;
</description>
                <environment></environment>
        <key id="12648370">IO-382</key>
            <summary>Chunked IO for large arrays</summary>
                <type id="2" iconUrl="https://issues.apache.org/jira/images/icons/issuetypes/newfeature.png">New Feature</type>
                                            <priority id="3" iconUrl="https://issues.apache.org/jira/images/icons/priorities/major.png">Major</priority>
                        <status id="6" iconUrl="https://issues.apache.org/jira/images/icons/statuses/closed.png" description="The issue is considered finished, the resolution is correct. Issues which are closed can be reopened.">Closed</status>
                    <statusCategory id="3" key="done" colorName="green"/>
                                    <resolution id="1">Fixed</resolution>
                                        <assignee username="-1">Unassigned</assignee>
                                    <reporter username="sebb@apache.org">Sebb</reporter>
                        <labels>
                    </labels>
                <created>Sun, 19 May 2013 23:11:57 +0000</created>
                <updated>Tue, 8 Nov 2016 17:58:52 +0000</updated>
                            <resolved>Tue, 4 Jun 2013 00:16:27 +0000</resolved>
                                                    <fixVersion>2.5</fixVersion>
                                    <component>Utilities</component>
                        <due></due>
                            <votes>0</votes>
                                    <watches>0</watches>
                                                                <comments>
                            <comment id="13673841" author="sebb@apache.org" created="Tue, 4 Jun 2013 00:16:27 +0000"  >&lt;p&gt;URL: &lt;a href=&quot;http://svn.apache.org/r1489238&quot; class=&quot;external-link&quot; rel=&quot;nofollow&quot;&gt;http://svn.apache.org/r1489238&lt;/a&gt;&lt;br/&gt;
Log:&lt;br/&gt;
&lt;a href=&quot;https://issues.apache.org/jira/browse/IO-382&quot; title=&quot;Chunked IO for large arrays&quot; class=&quot;issue-link&quot; data-issue-key=&quot;IO-382&quot;&gt;&lt;del&gt;IO-382&lt;/del&gt;&lt;/a&gt; Chunked IO for large arrays&lt;/p&gt;

&lt;p&gt;Added:&lt;br/&gt;
    commons/proper/io/trunk/src/main/java/org/apache/commons/io/output/ChunkedOutputStream.java   (with props)&lt;br/&gt;
    commons/proper/io/trunk/src/main/java/org/apache/commons/io/output/ChunkedWriter.java   (with props)&lt;br/&gt;
Modified:&lt;br/&gt;
    commons/proper/io/trunk/src/changes/changes.xml&lt;br/&gt;
    commons/proper/io/trunk/src/main/java/org/apache/commons/io/IOUtils.java&lt;/p&gt;</comment>
                    </comments>
                <issuelinks>
                            <issuelinktype id="12310000">
                    <name>Duplicate</name>
                                                                <inwardlinks description="is duplicated by">
                                        <issuelink>
            <issuekey id="12650060">IO-400</issuekey>
        </issuelink>
                            </inwardlinks>
                                    </issuelinktype>
                    </issuelinks>
                <attachments>
                    </attachments>
                <subtasks>
                    </subtasks>
                <customfields>
                                                <customfield id="customfield_12310310" key="com.atlassian.jira.toolkit:attachments">
                        <customfieldname>Attachment count</customfieldname>
                        <customfieldvalues>
                            <customfieldvalue>0.0</customfieldvalue>
                        </customfieldvalues>
                    </customfield>
                                                                                                                                                                                                                                                                                                                                                                                                                                                                                                                                                                                                                                                                                                                                                                                                                                                                                                                                        <customfield id="customfield_12310420" key="com.pyxis.greenhopper.jira:gh-global-rank">
                        <customfieldname>Global Rank</customfieldname>
                        <customfieldvalues>
                            <customfieldvalue>328726</customfieldvalue>
                        </customfieldvalues>
                    </customfield>
                                                                                                                        <customfield id="customfield_12312521" key="com.atlassian.jira.toolkit:LastCommentDate">
                        <customfieldname>Last public comment date</customfieldname>
                        <customfieldvalues>
                            3 years, 26 weeks, 4 days ago
                        </customfieldvalues>
                    </customfield>
                                                                                            <customfield id="customfield_12311820" key="com.pyxis.greenhopper.jira:gh-lexo-rank">
                        <customfieldname>Rank</customfieldname>
                        <customfieldvalues>
                            <customfieldvalue>0|i1kpt3:</customfieldvalue>

                        </customfieldvalues>
                    </customfield>
                                                                <customfield id="customfield_12310920" key="com.pyxis.greenhopper.jira:gh-global-rank">
                        <customfieldname>Rank (Obsolete)</customfieldname>
                        <customfieldvalues>
                            <customfieldvalue>329069</customfieldvalue>
                        </customfieldvalues>
                    </customfield>
                                                                                                                                                                                                                                        <customfield id="customfield_12310222" key="com.atlassian.jira.ext.charting:timeinstatus">
                        <customfieldname>Time in Status</customfieldname>
                        <customfieldvalues>
                            
                        </customfieldvalues>
                    </customfield>
                                                                                                                        </customfields>
    </item>
</channel>
</rss>