<!-- 
RSS generated by JIRA (6.3.4#6332-sha1:51bc225ef474afe3128b2f66878477f322397b16) at Sun Nov 20 16:02:32 UTC 2016

It is possible to restrict the fields that are returned in this document by specifying the 'field' parameter in your request.
For example, to request only the issue key and summary add field=key&field=summary to the URL of your request.
For example:
https://issues.apache.org/jira/si/jira.issueviews:issue-xml/IO-304/IO-304.xml?field=key&amp;field=summary
-->
<rss version="0.92" >
<channel>
    <title>ASF JIRA</title>
    <link>https://issues.apache.org/jira</link>
    <description>This file is an XML representation of an issue</description>
    <language>en-uk</language>    <build-info>
        <version>6.3.4</version>
        <build-number>6332</build-number>
        <build-date>15-08-2014</build-date>
    </build-info>

<item>
            <title>[IO-304] The second constructor of Tailer  class does not pass &apos;delay&apos; to the third one</title>
                <link>https://issues.apache.org/jira/browse/IO-304</link>
                <project id="12310477" key="IO">Commons IO</project>
                    <description>&lt;p&gt;Here is the second contructor of Tailer class:&lt;/p&gt;
&lt;div class=&quot;code panel&quot; style=&quot;border-width: 1px;&quot;&gt;&lt;div class=&quot;codeContent panelContent&quot;&gt;
&lt;pre class=&quot;code-java&quot;&gt;
    &lt;span class=&quot;code-keyword&quot;&gt;public&lt;/span&gt; Tailer(File file, TailerListener listener, &lt;span class=&quot;code-object&quot;&gt;long&lt;/span&gt; delay) {
        &lt;span class=&quot;code-keyword&quot;&gt;this&lt;/span&gt;(file, listener, 1000, &lt;span class=&quot;code-keyword&quot;&gt;false&lt;/span&gt;);
    }
&lt;/pre&gt;
&lt;/div&gt;&lt;/div&gt;</description>
                <environment></environment>
        <key id="12544731">IO-304</key>
            <summary>The second constructor of Tailer  class does not pass &apos;delay&apos; to the third one</summary>
                <type id="1" iconUrl="https://issues.apache.org/jira/images/icons/issuetypes/bug.png">Bug</type>
                                            <priority id="3" iconUrl="https://issues.apache.org/jira/images/icons/priorities/major.png">Major</priority>
                        <status id="6" iconUrl="https://issues.apache.org/jira/images/icons/statuses/closed.png" description="The issue is considered finished, the resolution is correct. Issues which are closed can be reopened.">Closed</status>
                    <statusCategory id="3" key="done" colorName="green"/>
                                    <resolution id="1">Fixed</resolution>
                                        <assignee username="garydgregory">Gary Gregory</assignee>
                                    <reporter username="liangly">Liyin Liang</reporter>
                        <labels>
                    </labels>
                <created>Thu, 1 Mar 2012 06:35:32 +0000</created>
                <updated>Fri, 2 Mar 2012 02:04:01 +0000</updated>
                            <resolved>Thu, 1 Mar 2012 14:39:50 +0000</resolved>
                                    <version>2.1</version>
                                    <fixVersion>2.2</fixVersion>
                                        <due></due>
                            <votes>0</votes>
                                    <watches>0</watches>
                                                                <comments>
                            <comment id="13219851" author="liangly" created="Thu, 1 Mar 2012 06:47:03 +0000"  >&lt;p&gt;It should be &lt;/p&gt;
&lt;div class=&quot;code panel&quot; style=&quot;border-width: 1px;&quot;&gt;&lt;div class=&quot;codeContent panelContent&quot;&gt;
&lt;pre class=&quot;code-java&quot;&gt;
    &lt;span class=&quot;code-keyword&quot;&gt;public&lt;/span&gt; Tailer(File file, TailerListener listener, &lt;span class=&quot;code-object&quot;&gt;long&lt;/span&gt; delay) {
        &lt;span class=&quot;code-keyword&quot;&gt;this&lt;/span&gt;(file, listener, delay, &lt;span class=&quot;code-keyword&quot;&gt;false&lt;/span&gt;);
    }
&lt;/pre&gt;
&lt;/div&gt;&lt;/div&gt;</comment>
                            <comment id="13220066" author="garydgregory" created="Thu, 1 Mar 2012 14:39:50 +0000"  >&lt;p&gt;Committed revision 1295587.&lt;/p&gt;</comment>
                    </comments>
                    <attachments>
                            <attachment id="12516648" name="tailer.diff" size="575" author="liangly" created="Thu, 1 Mar 2012 06:47:02 +0000"/>
                    </attachments>
                <subtasks>
                    </subtasks>
                <customfields>
                                                <customfield id="customfield_12310310" key="com.atlassian.jira.toolkit:attachments">
                        <customfieldname>Attachment count</customfieldname>
                        <customfieldvalues>
                            <customfieldvalue>1.0</customfieldvalue>
                        </customfieldvalues>
                    </customfield>
                                                                                                                                                                                                                                                                                                                                                                                                                                                                                                                                <customfield id="customfield_12310220" key="com.atlassian.jira.ext.charting:firstresponsedate">
                        <customfieldname>Date of First Response</customfieldname>
                        <customfieldvalues>
                            <customfieldvalue>Thu, 1 Mar 2012 14:39:50 +0000</customfieldvalue>

                        </customfieldvalues>
                    </customfield>
                                                                                                                                                                                                                                                                                                                                                                                                                                            <customfield id="customfield_12310420" key="com.pyxis.greenhopper.jira:gh-global-rank">
                        <customfieldname>Global Rank</customfieldname>
                        <customfieldvalues>
                            <customfieldvalue>229917</customfieldvalue>
                        </customfieldvalues>
                    </customfield>
                                                                                                                        <customfield id="customfield_12312521" key="com.atlassian.jira.toolkit:LastCommentDate">
                        <customfieldname>Last public comment date</customfieldname>
                        <customfieldvalues>
                            4 years, 38 weeks, 3 days ago
                        </customfieldvalues>
                    </customfield>
                                                                                            <customfield id="customfield_12311820" key="com.pyxis.greenhopper.jira:gh-lexo-rank">
                        <customfieldname>Rank</customfieldname>
                        <customfieldvalues>
                            <customfieldvalue>0|i0b0qn:</customfieldvalue>

                        </customfieldvalues>
                    </customfield>
                                                                <customfield id="customfield_12310920" key="com.pyxis.greenhopper.jira:gh-global-rank">
                        <customfieldname>Rank (Obsolete)</customfieldname>
                        <customfieldvalues>
                            <customfieldvalue>62232</customfieldvalue>
                        </customfieldvalues>
                    </customfield>
                                                                                                                                                                                                                                        <customfield id="customfield_12310222" key="com.atlassian.jira.ext.charting:timeinstatus">
                        <customfieldname>Time in Status</customfieldname>
                        <customfieldvalues>
                            
                        </customfieldvalues>
                    </customfield>
                                                                                                                        </customfields>
    </item>
</channel>
</rss>