<!-- 
RSS generated by JIRA (6.3.4#6332-sha1:51bc225ef474afe3128b2f66878477f322397b16) at Sun Nov 20 16:04:24 UTC 2016

It is possible to restrict the fields that are returned in this document by specifying the 'field' parameter in your request.
For example, to request only the issue key and summary add field=key&field=summary to the URL of your request.
For example:
https://issues.apache.org/jira/si/jira.issueviews:issue-xml/IO-303/IO-303.xml?field=key&amp;field=summary
-->
<rss version="0.92" >
<channel>
    <title>ASF JIRA</title>
    <link>https://issues.apache.org/jira</link>
    <description>This file is an XML representation of an issue</description>
    <language>en-uk</language>    <build-info>
        <version>6.3.4</version>
        <build-number>6332</build-number>
        <build-date>15-08-2014</build-date>
    </build-info>

<item>
            <title>[IO-303] TeeOutputStream does not call branch.close() when main.close() throws an exception</title>
                <link>https://issues.apache.org/jira/browse/IO-303</link>
                <project id="12310477" key="IO">Commons IO</project>
                    <description>&lt;p&gt;TeeOutputStream.close() looks like this:&lt;/p&gt;
&lt;div class=&quot;code panel&quot; style=&quot;border-style: solid;border-width: 1px;&quot;&gt;&lt;div class=&quot;codeHeader panelHeader&quot; style=&quot;border-bottom-width: 1px;border-bottom-style: solid;&quot;&gt;&lt;b&gt;TeeOutputStream.java&lt;/b&gt;&lt;/div&gt;&lt;div class=&quot;codeContent panelContent&quot;&gt;
&lt;pre class=&quot;code-java&quot;&gt;
    /**
     * Closes both streams. 
     * @&lt;span class=&quot;code-keyword&quot;&gt;throws&lt;/span&gt; IOException &lt;span class=&quot;code-keyword&quot;&gt;if&lt;/span&gt; an I/O error occurs
     */
    @Override
    &lt;span class=&quot;code-keyword&quot;&gt;public&lt;/span&gt; void close() &lt;span class=&quot;code-keyword&quot;&gt;throws&lt;/span&gt; IOException {
        &lt;span class=&quot;code-keyword&quot;&gt;super&lt;/span&gt;.close();
        &lt;span class=&quot;code-keyword&quot;&gt;this&lt;/span&gt;.branch.close();
    }
&lt;/pre&gt;
&lt;/div&gt;&lt;/div&gt; 

&lt;p&gt;It is obvious that &lt;tt&gt;this.branch.close()&lt;/tt&gt; is not executed when &lt;tt&gt;super.close()&lt;/tt&gt; raises an exception. &lt;tt&gt;super.close()&lt;/tt&gt; may in fact raise an IOException since &lt;tt&gt;ProxyOutputStream.handleIOException(IOException)&lt;/tt&gt; is not overridden.&lt;/p&gt;</description>
                <environment></environment>
        <key id="12543033">IO-303</key>
            <summary>TeeOutputStream does not call branch.close() when main.close() throws an exception</summary>
                <type id="1" iconUrl="https://issues.apache.org/jira/images/icons/issuetypes/bug.png">Bug</type>
                                            <priority id="3" iconUrl="https://issues.apache.org/jira/images/icons/priorities/major.png">Major</priority>
                        <status id="6" iconUrl="https://issues.apache.org/jira/images/icons/statuses/closed.png" description="The issue is considered finished, the resolution is correct. Issues which are closed can be reopened.">Closed</status>
                    <statusCategory id="3" key="done" colorName="green"/>
                                    <resolution id="1">Fixed</resolution>
                                        <assignee username="garydgregory">Gary Gregory</assignee>
                                    <reporter username="fabian.barney">Fabian Barney</reporter>
                        <labels>
                            <label>close</label>
                            <label>stream</label>
                    </labels>
                <created>Fri, 17 Feb 2012 09:20:19 +0000</created>
                <updated>Sat, 25 Feb 2012 23:50:02 +0000</updated>
                            <resolved>Fri, 17 Feb 2012 20:51:03 +0000</resolved>
                                    <version>2.1</version>
                                    <fixVersion>2.2</fixVersion>
                                    <component>Streams/Writers</component>
                        <due></due>
                            <votes>0</votes>
                                    <watches>0</watches>
                                                                <comments>
                            <comment id="13210275" author="garydgregory" created="Fri, 17 Feb 2012 13:56:38 +0000"  >&lt;p&gt;If both close() methods throw an exception, which exception does the method throw? I am guessing the first.&lt;/p&gt;</comment>
                            <comment id="13210346" author="fabian.barney" created="Fri, 17 Feb 2012 15:58:38 +0000"  >&lt;p&gt;In my code I prefer throwing the first one. There is one exception when a latter Throwable occurrs and it is an Error and the former not.&lt;br/&gt;
In my opinion this is the Throwable you want to see.&lt;/p&gt;

&lt;p&gt;Another approach is to throw something like a MultiIOException containing all occurred exceptions.&lt;/p&gt;

&lt;p&gt;I agree that this all is not a real pleasure, but better than leaving resources open that can be closed successfully.&lt;br/&gt;
I&apos;ve written a MultiOutputStream yesterday: &lt;a href=&quot;https://github.com/fabian-barney/Utils/blob/master/utils/src/com/barney4j/utils/io/MultiOutputStream.java&quot; class=&quot;external-link&quot; rel=&quot;nofollow&quot;&gt;https://github.com/fabian-barney/Utils/blob/master/utils/src/com/barney4j/utils/io/MultiOutputStream.java&lt;/a&gt;&lt;/p&gt;

&lt;p&gt;I am not sure for myself that I made the right decision here.&lt;/p&gt;</comment>
                            <comment id="13210545" author="garydgregory" created="Fri, 17 Feb 2012 20:51:03 +0000"  >&lt;p&gt;This is the solution I implemented. For simplicity&apos;s sake, note that the exception thrown is the last exception encountered.&lt;/p&gt;

&lt;div class=&quot;code panel&quot; style=&quot;border-width: 1px;&quot;&gt;&lt;div class=&quot;codeContent panelContent&quot;&gt;
&lt;pre class=&quot;code-java&quot;&gt;
    /**
     * Closes both output streams.
     * 
     * If closing the main output stream &lt;span class=&quot;code-keyword&quot;&gt;throws&lt;/span&gt; an exception, attempt to close the branch output stream.
     * 
     * If closing the main and branch output streams both &lt;span class=&quot;code-keyword&quot;&gt;throw&lt;/span&gt; exceptions, which exceptions is thrown by &lt;span class=&quot;code-keyword&quot;&gt;this&lt;/span&gt; method is
     * currently unspecified and subject to change.
     * 
     * @&lt;span class=&quot;code-keyword&quot;&gt;throws&lt;/span&gt; IOException
     *             &lt;span class=&quot;code-keyword&quot;&gt;if&lt;/span&gt; an I/O error occurs
     */
    @Override
    &lt;span class=&quot;code-keyword&quot;&gt;public&lt;/span&gt; void close() &lt;span class=&quot;code-keyword&quot;&gt;throws&lt;/span&gt; IOException {        
        &lt;span class=&quot;code-keyword&quot;&gt;try&lt;/span&gt; {
            &lt;span class=&quot;code-keyword&quot;&gt;super&lt;/span&gt;.close();
        } &lt;span class=&quot;code-keyword&quot;&gt;catch&lt;/span&gt; (IOException e) {
            &lt;span class=&quot;code-keyword&quot;&gt;this&lt;/span&gt;.branch.close();
            &lt;span class=&quot;code-keyword&quot;&gt;throw&lt;/span&gt; e;
        }
        &lt;span class=&quot;code-keyword&quot;&gt;this&lt;/span&gt;.branch.close();
    }
&lt;/pre&gt;
&lt;/div&gt;&lt;/div&gt;</comment>
                            <comment id="13210625" author="fabian.barney" created="Fri, 17 Feb 2012 22:33:26 +0000"  >&lt;p&gt;Thanks for addressing this issue that fast! &lt;br/&gt;
Here&apos;s how I would write it but it is just a matter of taste...&lt;/p&gt;
&lt;div class=&quot;preformatted panel&quot; style=&quot;border-width: 1px;&quot;&gt;&lt;div class=&quot;preformattedContent panelContent&quot;&gt;
&lt;pre&gt;    @Override
    public void close() throws IOException {        
        try {
            super.close();
        } 
        finally {
            this.branch.close();
        }
    }
&lt;/pre&gt;
&lt;/div&gt;&lt;/div&gt; </comment>
                            <comment id="13210651" author="garydgregory" created="Fri, 17 Feb 2012 23:05:24 +0000"  >&lt;p&gt;Looks reasonable, re-implemented in SVN as above.&lt;/p&gt;</comment>
                            <comment id="13210654" author="garydgregory" created="Fri, 17 Feb 2012 23:07:31 +0000"  >&lt;p&gt;YW. &lt;br/&gt;
BTW, feel free to contribute patches and to improve the test coverage too! &lt;img class=&quot;emoticon&quot; src=&quot;https://issues.apache.org/jira/images/icons/emoticons/smile.gif&quot; height=&quot;16&quot; width=&quot;16&quot; align=&quot;absmiddle&quot; alt=&quot;&quot; border=&quot;0&quot;/&gt;&lt;/p&gt;</comment>
                    </comments>
                    <attachments>
                    </attachments>
                <subtasks>
                    </subtasks>
                <customfields>
                                                <customfield id="customfield_12310310" key="com.atlassian.jira.toolkit:attachments">
                        <customfieldname>Attachment count</customfieldname>
                        <customfieldvalues>
                            <customfieldvalue>0.0</customfieldvalue>
                        </customfieldvalues>
                    </customfield>
                                                                                                                                                                                                                                                                                                                                                                                                                                                                                                                                <customfield id="customfield_12310220" key="com.atlassian.jira.ext.charting:firstresponsedate">
                        <customfieldname>Date of First Response</customfieldname>
                        <customfieldvalues>
                            <customfieldvalue>Fri, 17 Feb 2012 13:56:38 +0000</customfieldvalue>

                        </customfieldvalues>
                    </customfield>
                                                                                                                                                                                                                                                                                                                                                                                                                                            <customfield id="customfield_12310420" key="com.pyxis.greenhopper.jira:gh-global-rank">
                        <customfieldname>Global Rank</customfieldname>
                        <customfieldvalues>
                            <customfieldvalue>228319</customfieldvalue>
                        </customfieldvalues>
                    </customfield>
                                                                                                                        <customfield id="customfield_12312521" key="com.atlassian.jira.toolkit:LastCommentDate">
                        <customfieldname>Last public comment date</customfieldname>
                        <customfieldvalues>
                            4 years, 40 weeks, 1 day ago
                        </customfieldvalues>
                    </customfield>
                                                                                            <customfield id="customfield_12311820" key="com.pyxis.greenhopper.jira:gh-lexo-rank">
                        <customfieldname>Rank</customfieldname>
                        <customfieldvalues>
                            <customfieldvalue>0|i0b0qv:</customfieldvalue>

                        </customfieldvalues>
                    </customfield>
                                                                <customfield id="customfield_12310920" key="com.pyxis.greenhopper.jira:gh-global-rank">
                        <customfieldname>Rank (Obsolete)</customfieldname>
                        <customfieldvalues>
                            <customfieldvalue>62233</customfieldvalue>
                        </customfieldvalues>
                    </customfield>
                                                                                                                                                                                                                                        <customfield id="customfield_12310222" key="com.atlassian.jira.ext.charting:timeinstatus">
                        <customfieldname>Time in Status</customfieldname>
                        <customfieldvalues>
                            
                        </customfieldvalues>
                    </customfield>
                                                                                                                        </customfields>
    </item>
</channel>
</rss>