<!-- 
RSS generated by JIRA (6.3.4#6332-sha1:51bc225ef474afe3128b2f66878477f322397b16) at Sun Nov 20 16:28:06 UTC 2016

It is possible to restrict the fields that are returned in this document by specifying the 'field' parameter in your request.
For example, to request only the issue key and summary add field=key&field=summary to the URL of your request.
For example:
https://issues.apache.org/jira/si/jira.issueviews:issue-xml/IO-4/IO-4.xml?field=key&amp;field=summary
-->
<rss version="0.92" >
<channel>
    <title>ASF JIRA</title>
    <link>https://issues.apache.org/jira</link>
    <description>This file is an XML representation of an issue</description>
    <language>en-uk</language>    <build-info>
        <version>6.3.4</version>
        <build-number>6332</build-number>
        <build-date>15-08-2014</build-date>
    </build-info>

<item>
            <title>[IO-4] [io] use writeTo() instead of toByteArray in DeferredFileOutputStream.thresholdReached()</title>
                <link>https://issues.apache.org/jira/browse/IO-4</link>
                <project id="12310477" key="IO">Commons IO</project>
                    <description>&lt;p&gt;It is better not to allocate a new buffer when writing the memory buffer to file.&lt;/p&gt;

&lt;p&gt;recommend using writeTo() insteand of toByteArray()&lt;br/&gt;
at DeferredFileOutputStream.java:120&lt;br/&gt;
------------&lt;br/&gt;
protected void thresholdReached() throws IOException&lt;br/&gt;
{&lt;br/&gt;
    FileOutputStream fos = new FileOutputStream(outputFile);&lt;br/&gt;
    memoryOutputStream.writeTo(fos);&lt;br/&gt;
    diskOutputStream = fos;&lt;br/&gt;
    currentOutputStream = fos;&lt;br/&gt;
    memoryOutputStream = null;&lt;br/&gt;
}&lt;br/&gt;
----------------------&lt;/p&gt;</description>
                <environment>&lt;p&gt;Operating System: All&lt;br/&gt;
Platform: All&lt;/p&gt;</environment>
        <key id="12342131">IO-4</key>
            <summary>[io] use writeTo() instead of toByteArray in DeferredFileOutputStream.thresholdReached()</summary>
                <type id="1" iconUrl="https://issues.apache.org/jira/images/icons/issuetypes/bug.png">Bug</type>
                                            <priority id="5" iconUrl="https://issues.apache.org/jira/images/icons/priorities/trivial.png">Trivial</priority>
                        <status id="6" iconUrl="https://issues.apache.org/jira/images/icons/statuses/closed.png" description="The issue is considered finished, the resolution is correct. Issues which are closed can be reopened.">Closed</status>
                    <statusCategory id="3" key="done" colorName="green"/>
                                    <resolution id="1">Fixed</resolution>
                                        <assignee username="-1">Unassigned</assignee>
                                    <reporter username="gaxzerow@gmail.com">g</reporter>
                        <labels>
                    </labels>
                <created>Wed, 23 Mar 2005 08:34:46 +0000</created>
                <updated>Fri, 9 Mar 2007 20:38:15 +0000</updated>
                            <resolved>Fri, 9 Mar 2007 20:38:15 +0000</resolved>
                                                    <fixVersion>1.1</fixVersion>
                                        <due></due>
                            <votes>0</votes>
                                    <watches>0</watches>
                                                                <comments>
                            <comment id="12408957" author="gaxzerow@gmail.com" created="Wed, 23 Mar 2005 08:44:54 +0000"  >&lt;p&gt;Created an attachment (id=14541)&lt;br/&gt;
proposed change patch&lt;/p&gt;</comment>
                            <comment id="12408958" author="gaxzerow@gmail.com" created="Wed, 23 Mar 2005 09:38:00 +0000"  >&lt;p&gt;Created an attachment (id=14542)&lt;br/&gt;
fix and feature propsal&lt;/p&gt;

&lt;p&gt;Adding writeTo(out) used less mem when threshold has not yet been reached,&lt;br/&gt;
and it won&apos;t hurt if it has been reached.&lt;/p&gt;</comment>
                            <comment id="12408959" author="martinc" created="Wed, 23 Mar 2005 14:49:46 +0000"  >&lt;p&gt;I&apos;ve applied the first patch. Is the second patch a fix to a bug in the first &lt;br/&gt;
patch, or is it an enhancement? If the former, please attach a patch using &lt;br/&gt;
the &apos;diff -u&apos; format that the &apos;patch&apos; utility understands; if the latter, &lt;br/&gt;
please file a separate enhancement request (also with a &apos;diff -u&apos; patch).&lt;/p&gt;</comment>
                            <comment id="12408960" author="gaxzerow@gmail.com" created="Fri, 25 Mar 2005 09:40:15 +0000"  >&lt;p&gt;The seconde patch is an enhansment.  I&apos;ll file a separate request with proper&lt;br/&gt;
patch for it.  Recommend closing this bug it first patch is ok.  thx.&lt;/p&gt;</comment>
                            <comment id="12408961" author="martinc" created="Fri, 25 Mar 2005 14:46:48 +0000"  >&lt;p&gt;Patch applied. Thanks!&lt;/p&gt;</comment>
                    </comments>
                    <attachments>
                            <attachment id="12333424" name="ASF.LICENSE.NOT.GRANTED--DeferredFileOutputStream.java.patch" size="117" author="gaxzerow@gmail.com" created="Wed, 23 Mar 2005 08:44:54 +0000"/>
                            <attachment id="12333425" name="ASF.LICENSE.NOT.GRANTED--DeferredFileOutputStream.java.patch2" size="1898" author="gaxzerow@gmail.com" created="Wed, 23 Mar 2005 09:38:00 +0000"/>
                    </attachments>
                <subtasks>
                    </subtasks>
                <customfields>
                                                <customfield id="customfield_12310310" key="com.atlassian.jira.toolkit:attachments">
                        <customfieldname>Attachment count</customfieldname>
                        <customfieldvalues>
                            <customfieldvalue>2.0</customfieldvalue>
                        </customfieldvalues>
                    </customfield>
                                                                                                                                                                                                                                                                                                                                                                                                                                                                        <customfield id="customfield_10010" key="com.atlassian.jira.plugin.system.customfieldtypes:importid">
                        <customfieldname>Bugzilla Id</customfieldname>
                        <customfieldvalues>
                            <customfieldvalue>34142</customfieldvalue>
                        </customfieldvalues>
                    </customfield>
                                                                                            <customfield id="customfield_12310220" key="com.atlassian.jira.ext.charting:firstresponsedate">
                        <customfieldname>Date of First Response</customfieldname>
                        <customfieldvalues>
                            <customfieldvalue>Wed, 23 Mar 2005 14:49:46 +0000</customfieldvalue>

                        </customfieldvalues>
                    </customfield>
                                                                                                                                                                                                                                                                                                                                                                                                                                            <customfield id="customfield_12310420" key="com.pyxis.greenhopper.jira:gh-global-rank">
                        <customfieldname>Global Rank</customfieldname>
                        <customfieldvalues>
                            <customfieldvalue>139468</customfieldvalue>
                        </customfieldvalues>
                    </customfield>
                                                                                                                        <customfield id="customfield_12312521" key="com.atlassian.jira.toolkit:LastCommentDate">
                        <customfieldname>Last public comment date</customfieldname>
                        <customfieldvalues>
                            11 years, 36 weeks, 2 days ago
                        </customfieldvalues>
                    </customfield>
                                                                                            <customfield id="customfield_12311820" key="com.pyxis.greenhopper.jira:gh-lexo-rank">
                        <customfieldname>Rank</customfieldname>
                        <customfieldvalues>
                            <customfieldvalue>0|i0sn1j:</customfieldvalue>

                        </customfieldvalues>
                    </customfield>
                                                                <customfield id="customfield_12310920" key="com.pyxis.greenhopper.jira:gh-global-rank">
                        <customfieldname>Rank (Obsolete)</customfieldname>
                        <customfieldvalues>
                            <customfieldvalue>165210</customfieldvalue>
                        </customfieldvalues>
                    </customfield>
                                                                                                                                                                                                                                        <customfield id="customfield_12310222" key="com.atlassian.jira.ext.charting:timeinstatus">
                        <customfieldname>Time in Status</customfieldname>
                        <customfieldvalues>
                            
                        </customfieldvalues>
                    </customfield>
                                                                                                                        </customfields>
    </item>
</channel>
</rss>