<!-- 
RSS generated by JIRA (6.3.4#6332-sha1:51bc225ef474afe3128b2f66878477f322397b16) at Sun Nov 20 17:13:26 UTC 2016

It is possible to restrict the fields that are returned in this document by specifying the 'field' parameter in your request.
For example, to request only the issue key and summary add field=key&field=summary to the URL of your request.
For example:
https://issues.apache.org/jira/si/jira.issueviews:issue-xml/IO-441/IO-441.xml?field=key&amp;field=summary
-->
<rss version="0.92" >
<channel>
    <title>ASF JIRA</title>
    <link>https://issues.apache.org/jira</link>
    <description>This file is an XML representation of an issue</description>
    <language>en-uk</language>    <build-info>
        <version>6.3.4</version>
        <build-number>6332</build-number>
        <build-date>15-08-2014</build-date>
    </build-info>

<item>
            <title>[IO-441] LineIterator should call close on itself when hasNext() returns false. (was IO-123)</title>
                <link>https://issues.apache.org/jira/browse/IO-441</link>
                <project id="12310477" key="IO">Commons IO</project>
                    <description>&lt;p&gt;As in &lt;a href=&quot;https://issues.apache.org/jira/browse/IO-123&quot; title=&quot;LineIterator should call close on itself when hasNext() returns false.&quot; class=&quot;issue-link&quot; data-issue-key=&quot;IO-123&quot;&gt;&lt;del&gt;IO-123&lt;/del&gt;&lt;/a&gt; described the LineIterator should call close when hasNext() returns false.&lt;/p&gt;

&lt;p&gt;One mentioned reason against this behavior was the fact, that in case of a thrown Exception in the code block under the Iterator will never be closed.&lt;/p&gt;

&lt;p&gt;In my opinion this argumentation is not valid, because in the current implementation the developer as well needs to take care to close the iterator in case of an Exception, so the responsibility does not change.&lt;/p&gt;

&lt;p&gt;To not brake existing implementations I suggest to overload the methods with an additional boolean argument which enables an auto-close.&lt;/p&gt;

&lt;p&gt;I know, one should read the documentation before using a library, but in my opinion the current behavior - not closing when hasNext() returns false - is not expected at all, at least for me. &lt;/p&gt;</description>
                <environment></environment>
        <key id="12711113">IO-441</key>
            <summary>LineIterator should call close on itself when hasNext() returns false. (was IO-123)</summary>
                <type id="4" iconUrl="https://issues.apache.org/jira/images/icons/issuetypes/improvement.png">Improvement</type>
                                            <priority id="4" iconUrl="https://issues.apache.org/jira/images/icons/priorities/minor.png">Minor</priority>
                        <status id="6" iconUrl="https://issues.apache.org/jira/images/icons/statuses/closed.png" description="The issue is considered finished, the resolution is correct. Issues which are closed can be reopened.">Closed</status>
                    <statusCategory id="3" key="done" colorName="green"/>
                                    <resolution id="3">Duplicate</resolution>
                                        <assignee username="-1">Unassigned</assignee>
                                    <reporter username="dubaut">Hannes H.</reporter>
                        <labels>
                    </labels>
                <created>Tue, 29 Apr 2014 07:14:41 +0000</created>
                <updated>Wed, 30 Apr 2014 07:23:04 +0000</updated>
                            <resolved>Wed, 30 Apr 2014 07:23:04 +0000</resolved>
                                                                    <component>Utilities</component>
                        <due></due>
                            <votes>0</votes>
                                    <watches>1</watches>
                                                                <comments>
                            <comment id="13985240" author="dubaut" created="Wed, 30 Apr 2014 07:23:04 +0000"  >&lt;p&gt;Sorry, this was a duplicate due to very slow response of the JIRA.&lt;/p&gt;</comment>
                    </comments>
                    <attachments>
                    </attachments>
                <subtasks>
                    </subtasks>
                <customfields>
                                                <customfield id="customfield_12310310" key="com.atlassian.jira.toolkit:attachments">
                        <customfieldname>Attachment count</customfieldname>
                        <customfieldvalues>
                            <customfieldvalue>0.0</customfieldvalue>
                        </customfieldvalues>
                    </customfield>
                                                                                                                                                                                                                                                                                                                                                                                                                                                                                                                                                                                                                                                                                                                                                                                                                                                                                                                                        <customfield id="customfield_12310420" key="com.pyxis.greenhopper.jira:gh-global-rank">
                        <customfieldname>Global Rank</customfieldname>
                        <customfieldvalues>
                            <customfieldvalue>389434</customfieldvalue>
                        </customfieldvalues>
                    </customfield>
                                                                                                                        <customfield id="customfield_12312521" key="com.atlassian.jira.toolkit:LastCommentDate">
                        <customfieldname>Last public comment date</customfieldname>
                        <customfieldvalues>
                            2 years, 29 weeks, 4 days ago
                        </customfieldvalues>
                    </customfield>
                                                                                            <customfield id="customfield_12311820" key="com.pyxis.greenhopper.jira:gh-lexo-rank">
                        <customfieldname>Rank</customfieldname>
                        <customfieldvalues>
                            <customfieldvalue>0|i1v2w7:</customfieldvalue>

                        </customfieldvalues>
                    </customfield>
                                                                <customfield id="customfield_12310920" key="com.pyxis.greenhopper.jira:gh-global-rank">
                        <customfieldname>Rank (Obsolete)</customfieldname>
                        <customfieldvalues>
                            <customfieldvalue>389676</customfieldvalue>
                        </customfieldvalues>
                    </customfield>
                                                                                                                                                                                                                                        <customfield id="customfield_12310222" key="com.atlassian.jira.ext.charting:timeinstatus">
                        <customfieldname>Time in Status</customfieldname>
                        <customfieldvalues>
                            
                        </customfieldvalues>
                    </customfield>
                                                                                                                        </customfields>
    </item>
</channel>
</rss>