<!-- 
RSS generated by JIRA (6.3.4#6332-sha1:51bc225ef474afe3128b2f66878477f322397b16) at Fri Dec 02 18:15:17 UTC 2016

It is possible to restrict the fields that are returned in this document by specifying the 'field' parameter in your request.
For example, to request only the issue key and summary add field=key&field=summary to the URL of your request.
For example:
https://issues.apache.org/jira/si/jira.issueviews:issue-xml/IO-483/IO-483.xml?field=key&amp;field=summary
-->
<rss version="0.92" >
<channel>
    <title>ASF JIRA</title>
    <link>https://issues.apache.org/jira</link>
    <description>This file is an XML representation of an issue</description>
    <language>en-uk</language>    <build-info>
        <version>6.3.4</version>
        <build-number>6332</build-number>
        <build-date>15-08-2014</build-date>
    </build-info>

<item>
            <title>[IO-483] getPrefixLength return -1 if unix file contains colon</title>
                <link>https://issues.apache.org/jira/browse/IO-483</link>
                <project id="12310477" key="IO">Commons IO</project>
                    <description>&lt;p&gt;A simple&lt;/p&gt;

&lt;div class=&quot;code panel&quot; style=&quot;border-width: 1px;&quot;&gt;&lt;div class=&quot;codeContent panelContent&quot;&gt;
&lt;pre class=&quot;code-java&quot;&gt;
&lt;span class=&quot;code-object&quot;&gt;int&lt;/span&gt; prefixLength = FilenameUtils.getPrefixLength(&lt;span class=&quot;code-quote&quot;&gt;&quot;/:foo/bar&quot;&lt;/span&gt;);
&lt;/pre&gt;
&lt;/div&gt;&lt;/div&gt;

&lt;p&gt;return &lt;tt&gt;-1&lt;/tt&gt;, but &lt;tt&gt;0&lt;/tt&gt; was expected. The path is absolutely valid for unix systems.&lt;/p&gt;</description>
                <environment></environment>
        <key id="12851327">IO-483</key>
            <summary>getPrefixLength return -1 if unix file contains colon</summary>
                <type id="1" iconUrl="https://issues.apache.org/jira/images/icons/issuetypes/bug.png">Bug</type>
                                            <priority id="3" iconUrl="https://issues.apache.org/jira/images/icons/priorities/major.png">Major</priority>
                        <status id="5" iconUrl="https://issues.apache.org/jira/images/icons/statuses/resolved.png" description="A resolution has been taken, and it is awaiting verification by reporter. From here issues are either reopened, or are closed.">Resolved</status>
                    <statusCategory id="3" key="done" colorName="green"/>
                                    <resolution id="1">Fixed</resolution>
                                        <assignee username="kinow">Bruno P. Kinoshita</assignee>
                                    <reporter username="tril">Tristan Lins</reporter>
                        <labels>
                    </labels>
                <created>Tue, 4 Aug 2015 07:35:59 +0000</created>
                <updated>Fri, 2 Dec 2016 03:15:46 +0000</updated>
                            <resolved>Fri, 2 Dec 2016 03:15:45 +0000</resolved>
                                    <version>2.4</version>
                                                    <component>Utilities</component>
                        <due></due>
                            <votes>0</votes>
                                    <watches>4</watches>
                                                                <comments>
                            <comment id="14679975" author="sebb@apache.org" created="Mon, 10 Aug 2015 11:40:17 +0000"  >&lt;p&gt;Or indeed &quot;/:/bar&quot;.&lt;/p&gt;</comment>
                            <comment id="14679983" author="sebb@apache.org" created="Mon, 10 Aug 2015 11:47:01 +0000"  >&lt;p&gt;However, in both cases I think the expected length should be 1, not 0, as the prefix will be &quot;/&quot;, not &quot;&quot; (these are absolute pathnames)&lt;/p&gt;</comment>
                            <comment id="15125914" author="kinow" created="Mon, 1 Feb 2016 08:05:01 +0000"  >&lt;p&gt;Looks like FilenameUtils#getPrefixLength is finding the colon character in the second position, and then it gets the previous character (around line 660 and 666 r1727892) and checks the following:&lt;/p&gt;

&lt;div class=&quot;code panel&quot; style=&quot;border-width: 1px;&quot;&gt;&lt;div class=&quot;codeContent panelContent&quot;&gt;
&lt;pre class=&quot;code-java&quot;&gt;
ch0 = &lt;span class=&quot;code-object&quot;&gt;Character&lt;/span&gt;.toUpperCase(ch0);
&lt;span class=&quot;code-keyword&quot;&gt;if&lt;/span&gt; (ch0 &amp;gt;= &apos;A&apos; &amp;amp;&amp;amp; ch0 &amp;lt;= &apos;Z&apos;) {
    &lt;span class=&quot;code-keyword&quot;&gt;if&lt;/span&gt; (len == 2 || isSeparator(filename.charAt(2)) == &lt;span class=&quot;code-keyword&quot;&gt;false&lt;/span&gt;) {
        &lt;span class=&quot;code-keyword&quot;&gt;return&lt;/span&gt; 2;
    }
    &lt;span class=&quot;code-keyword&quot;&gt;return&lt;/span&gt; 3;
}
&lt;span class=&quot;code-keyword&quot;&gt;return&lt;/span&gt; NOT_FOUND;
&lt;/pre&gt;
&lt;/div&gt;&lt;/div&gt;

&lt;p&gt;The ch0 &amp;gt;= &apos;A&apos; &amp;amp;&amp;amp; ch0 &amp;lt;= &apos;Z&apos; is evaluated to false, since ch0 is &apos;/&apos;.&lt;/p&gt;

&lt;p&gt;Maybe this issue could be fixed by updating the Javadoc to state that one of the valid prefixes is a case insensitive character, from a to z, followed by a colon?&lt;/p&gt;</comment>
                            <comment id="15519519" author="githubbot" created="Sat, 24 Sep 2016 19:37:03 +0000"  >&lt;p&gt;GitHub user marko-vasic opened a pull request:&lt;/p&gt;

&lt;p&gt;    &lt;a href=&quot;https://github.com/apache/commons-io/pull/19&quot; class=&quot;external-link&quot; rel=&quot;nofollow&quot;&gt;https://github.com/apache/commons-io/pull/19&lt;/a&gt;&lt;/p&gt;

&lt;p&gt;    &lt;a href=&quot;https://issues.apache.org/jira/browse/IO-483&quot; title=&quot;getPrefixLength return -1 if unix file contains colon&quot; class=&quot;issue-link&quot; data-issue-key=&quot;IO-483&quot;&gt;&lt;del&gt;IO-483&lt;/del&gt;&lt;/a&gt; FilenameUtils.getPrefixLength fix for unix files/folders starting with colon&lt;/p&gt;

&lt;p&gt;    FilenameUtils.getPrefixLength now works correctly for unix files/folder that are in the root folder and start with colons&lt;/p&gt;

&lt;p&gt;You can merge this pull request into a Git repository by running:&lt;/p&gt;

&lt;p&gt;    $ git pull &lt;a href=&quot;https://github.com/marko-vasic/commons-io&quot; class=&quot;external-link&quot; rel=&quot;nofollow&quot;&gt;https://github.com/marko-vasic/commons-io&lt;/a&gt; master&lt;/p&gt;

&lt;p&gt;Alternatively you can review and apply these changes as the patch at:&lt;/p&gt;

&lt;p&gt;    &lt;a href=&quot;https://github.com/apache/commons-io/pull/19.patch&quot; class=&quot;external-link&quot; rel=&quot;nofollow&quot;&gt;https://github.com/apache/commons-io/pull/19.patch&lt;/a&gt;&lt;/p&gt;

&lt;p&gt;To close this pull request, make a commit to your master/trunk branch&lt;br/&gt;
with (at least) the following in the commit message:&lt;/p&gt;

&lt;p&gt;    This closes #19&lt;/p&gt;

&lt;hr /&gt;
&lt;p&gt;commit a7bd568249f9ec20b69b2a700da6a0648e93a842&lt;br/&gt;
Author: Marko Vasic &amp;lt;marko.z.vasic@gmail.com&amp;gt;&lt;br/&gt;
Date:   2016-09-24T19:32:50Z&lt;/p&gt;

&lt;p&gt;    &lt;a href=&quot;https://issues.apache.org/jira/browse/IO-483&quot; title=&quot;getPrefixLength return -1 if unix file contains colon&quot; class=&quot;issue-link&quot; data-issue-key=&quot;IO-483&quot;&gt;&lt;del&gt;IO-483&lt;/del&gt;&lt;/a&gt; FilenameUtils.getPrefixLength now works correctly for unix files/folder that are in the root folder and start with colons&lt;/p&gt;

&lt;hr /&gt;</comment>
                            <comment id="15713762" author="githubbot" created="Fri, 2 Dec 2016 02:08:48 +0000"  >&lt;p&gt;Github user asfgit closed the pull request at:&lt;/p&gt;

&lt;p&gt;    &lt;a href=&quot;https://github.com/apache/commons-io/pull/19&quot; class=&quot;external-link&quot; rel=&quot;nofollow&quot;&gt;https://github.com/apache/commons-io/pull/19&lt;/a&gt;&lt;/p&gt;</comment>
                            <comment id="15713873" author="kinow" created="Fri, 2 Dec 2016 03:15:46 +0000"  >&lt;p&gt;Pull request merged. changes.xml updated too.&lt;/p&gt;</comment>
                    </comments>
                    <attachments>
                    </attachments>
                <subtasks>
                    </subtasks>
                <customfields>
                                                <customfield id="customfield_12310310" key="com.atlassian.jira.toolkit:attachments">
                        <customfieldname>Attachment count</customfieldname>
                        <customfieldvalues>
                            <customfieldvalue>0.0</customfieldvalue>
                        </customfieldvalues>
                    </customfield>
                                                                                                                                                                                                                                                                                                                                                                                                                                                                                                                                <customfield id="customfield_12310220" key="com.atlassian.jira.ext.charting:firstresponsedate">
                        <customfieldname>Date of First Response</customfieldname>
                        <customfieldvalues>
                            <customfieldvalue>Mon, 10 Aug 2015 11:40:17 +0000</customfieldvalue>

                        </customfieldvalues>
                    </customfield>
                                                                                                                                                                                                                                                                                                                                                                                                                                            <customfield id="customfield_12310420" key="com.pyxis.greenhopper.jira:gh-global-rank">
                        <customfieldname>Global Rank</customfieldname>
                        <customfieldvalues>
                            <customfieldvalue>9223372036854775807</customfieldvalue>
                        </customfieldvalues>
                    </customfield>
                                                                                                                        <customfield id="customfield_12312521" key="com.atlassian.jira.toolkit:LastCommentDate">
                        <customfieldname>Last public comment date</customfieldname>
                        <customfieldvalues>
                            14 hours ago
                        </customfieldvalues>
                    </customfield>
                                                                                            <customfield id="customfield_12311820" key="com.pyxis.greenhopper.jira:gh-lexo-rank">
                        <customfieldname>Rank</customfieldname>
                        <customfieldvalues>
                            <customfieldvalue>0|i2iayn:</customfieldvalue>

                        </customfieldvalues>
                    </customfield>
                                                                <customfield id="customfield_12310920" key="com.pyxis.greenhopper.jira:gh-global-rank">
                        <customfieldname>Rank (Obsolete)</customfieldname>
                        <customfieldvalues>
                            <customfieldvalue>9223372036854775807</customfieldvalue>
                        </customfieldvalues>
                    </customfield>
                                                                                                                                                                                                                                        <customfield id="customfield_12310222" key="com.atlassian.jira.ext.charting:timeinstatus">
                        <customfieldname>Time in Status</customfieldname>
                        <customfieldvalues>
                            
                        </customfieldvalues>
                    </customfield>
                                                                                                                        </customfields>
    </item>
</channel>
</rss>