<!-- 
RSS generated by JIRA (6.3.4#6332-sha1:51bc225ef474afe3128b2f66878477f322397b16) at Sun Nov 20 15:04:05 UTC 2016

It is possible to restrict the fields that are returned in this document by specifying the 'field' parameter in your request.
For example, to request only the issue key and summary add field=key&field=summary to the URL of your request.
For example:
https://issues.apache.org/jira/si/jira.issueviews:issue-xml/IO-451/IO-451.xml?field=key&amp;field=summary
-->
<rss version="0.92" >
<channel>
    <title>ASF JIRA</title>
    <link>https://issues.apache.org/jira</link>
    <description>This file is an XML representation of an issue</description>
    <language>en-uk</language>    <build-info>
        <version>6.3.4</version>
        <build-number>6332</build-number>
        <build-date>15-08-2014</build-date>
    </build-info>

<item>
            <title>[IO-451] ant test fails - resources missing from test classpath</title>
                <link>https://issues.apache.org/jira/browse/IO-451</link>
                <project id="12310477" key="IO">Commons IO</project>
                    <description>&lt;p&gt;ant test does not copy test resources to target/ and does not include test resources in test class path.&lt;br/&gt;
maven test is ok.&lt;/p&gt;

&lt;p&gt;Example failure:&lt;br/&gt;
----------------------------------------------&lt;br/&gt;
someguy@weeble:~/prog/java/commons-io/commons-io$ ant clean&lt;br/&gt;
Buildfile: /home/someguy/prog/java/commons-io/commons-io/build.xml&lt;br/&gt;
 .&lt;br/&gt;
 .&lt;br/&gt;
 .&lt;br/&gt;
BUILD SUCCESSFUL&lt;br/&gt;
Total time: 0 seconds&lt;/p&gt;

&lt;p&gt;someguy@weeble:~/prog/java/commons-io/commons-io$ ant test&lt;br/&gt;
Buildfile: /home/someguy/prog/java/commons-io/commons-io/build.xml&lt;br/&gt;
 .&lt;br/&gt;
 .&lt;br/&gt;
 .&lt;br/&gt;
    &lt;span class=&quot;error&quot;&gt;&amp;#91;junit&amp;#93;&lt;/span&gt; Running org.apache.commons.io.FileUtilsListFilesTestCase&lt;br/&gt;
    &lt;span class=&quot;error&quot;&gt;&amp;#91;junit&amp;#93;&lt;/span&gt; Tests run: 3, Failures: 0, Errors: 0, Skipped: 0, Time elapsed: 0.064 sec&lt;br/&gt;
    &lt;span class=&quot;error&quot;&gt;&amp;#91;junit&amp;#93;&lt;/span&gt; Running org.apache.commons.io.FileUtilsTestCase&lt;br/&gt;
    &lt;span class=&quot;error&quot;&gt;&amp;#91;junit&amp;#93;&lt;/span&gt; Tests run: 20, Failures: 1, Errors: 0, Skipped: 0, Time elapsed: 0.087 sec&lt;/p&gt;

&lt;p&gt;BUILD FAILED&lt;br/&gt;
/home/someguy/prog/java/commons-io/commons-io/build.xml:192: Test org.apache.commons.io.FileUtilsTestCase failed&lt;/p&gt;

&lt;p&gt;Total time: 32 seconds&lt;/p&gt;

&lt;p&gt;----------------------------------------------&lt;/p&gt;


&lt;p&gt;candidate patch to resolve issue&lt;br/&gt;
------------------------------------------------&lt;/p&gt;
&lt;div class=&quot;code panel&quot; style=&quot;border-width: 1px;&quot;&gt;&lt;div class=&quot;codeContent panelContent&quot;&gt;
&lt;pre class=&quot;code-java&quot;&gt;
someguy@weeble:~/prog/java/commons-io/commons-io$ svn diff build.xml 
Index: build.xml
===================================================================
--- build.xml   (revision 1609743)
+++ build.xml   (working copy)
@@ -63,6 +63,9 @@
   &amp;lt;!-- The base directory &lt;span class=&quot;code-keyword&quot;&gt;for&lt;/span&gt; unit test sources --&amp;gt;
   &amp;lt;property name=&lt;span class=&quot;code-quote&quot;&gt;&quot;test.home&quot;&lt;/span&gt;               value=&lt;span class=&quot;code-quote&quot;&gt;&quot;src/test/java&quot;&lt;/span&gt;/&amp;gt;
 
+  &amp;lt;!-- The base directory &lt;span class=&quot;code-keyword&quot;&gt;for&lt;/span&gt; unit test resources --&amp;gt;
+  &amp;lt;property name=&lt;span class=&quot;code-quote&quot;&gt;&quot;test.resources.home&quot;&lt;/span&gt;               value=&lt;span class=&quot;code-quote&quot;&gt;&quot;src/test/resources&quot;&lt;/span&gt;/&amp;gt;
+
   &amp;lt;!-- Download lib dir --&amp;gt;
   &amp;lt;property name=&lt;span class=&quot;code-quote&quot;&gt;&quot;download.lib.dir&quot;&lt;/span&gt;        value=&lt;span class=&quot;code-quote&quot;&gt;&quot;lib&quot;&lt;/span&gt;/&amp;gt;
 
@@ -115,6 +118,7 @@
   &amp;lt;path id=&lt;span class=&quot;code-quote&quot;&gt;&quot;test.classpath&quot;&lt;/span&gt;&amp;gt;
     &amp;lt;pathelement location=&lt;span class=&quot;code-quote&quot;&gt;&quot;${build.home}/classes&quot;&lt;/span&gt;/&amp;gt;
     &amp;lt;pathelement location=&lt;span class=&quot;code-quote&quot;&gt;&quot;${build.home}/test-classes&quot;&lt;/span&gt;/&amp;gt;
+    &amp;lt;pathelement location=&lt;span class=&quot;code-quote&quot;&gt;&quot;${build.home}/test-resources&quot;&lt;/span&gt;/&amp;gt;
     &amp;lt;pathelement location=&lt;span class=&quot;code-quote&quot;&gt;&quot;${junit.jar}&quot;&lt;/span&gt;/&amp;gt;
     &amp;lt;path refid=&lt;span class=&quot;code-quote&quot;&gt;&quot;downloaded.lib.classpath&quot;&lt;/span&gt;/&amp;gt;
   &amp;lt;/path&amp;gt;
@@ -177,6 +181,9 @@
              includeantruntime=&lt;span class=&quot;code-quote&quot;&gt;&quot;&lt;span class=&quot;code-keyword&quot;&gt;false&lt;/span&gt;&quot;&lt;/span&gt;&amp;gt;
           &amp;lt;classpath refid=&lt;span class=&quot;code-quote&quot;&gt;&quot;test.classpath&quot;&lt;/span&gt;/&amp;gt;
       &amp;lt;/javac&amp;gt;
+      &amp;lt;copy todir=&lt;span class=&quot;code-quote&quot;&gt;&quot;${build.home}/test-resources&quot;&lt;/span&gt;&amp;gt;
+        &amp;lt;fileset dir=&lt;span class=&quot;code-quote&quot;&gt;&quot;${test.resources.home}&quot;&lt;/span&gt;/&amp;gt;
+      &amp;lt;/copy&amp;gt;
     &amp;lt;/target&amp;gt;
 
   &amp;lt;target name=&lt;span class=&quot;code-quote&quot;&gt;&quot;test&quot;&lt;/span&gt;  depends=&lt;span class=&quot;code-quote&quot;&gt;&quot;compile.tests&quot;&lt;/span&gt;
&lt;/pre&gt;
&lt;/div&gt;&lt;/div&gt;</description>
                <environment>&lt;p&gt;Apache Ant(TM) version 1.9.3 compiled on April 8 2014&lt;br/&gt;
java version &quot;1.7.0_55&quot;&lt;br/&gt;
OpenJDK Runtime Environment (IcedTea 2.4.7) (7u55-2.4.7-1ubuntu1)&lt;br/&gt;
OpenJDK Server VM (build 24.51-b03, mixed mode)&lt;br/&gt;
Linux weeble 3.13.0-30-generic #55-Ubuntu SMP Fri Jul 4 21:43:42 UTC 2014 i686 i686 i686 GNU/Linux&lt;/p&gt;</environment>
        <key id="12726999">IO-451</key>
            <summary>ant test fails - resources missing from test classpath</summary>
                <type id="1" iconUrl="https://issues.apache.org/jira/images/icons/issuetypes/bug.png">Bug</type>
                                            <priority id="3" iconUrl="https://issues.apache.org/jira/images/icons/priorities/major.png">Major</priority>
                        <status id="6" iconUrl="https://issues.apache.org/jira/images/icons/statuses/closed.png" description="The issue is considered finished, the resolution is correct. Issues which are closed can be reopened.">Closed</status>
                    <statusCategory id="3" key="done" colorName="green"/>
                                    <resolution id="1">Fixed</resolution>
                                        <assignee username="-1">Unassigned</assignee>
                                    <reporter username="standish">David Standish</reporter>
                        <labels>
                            <label>test</label>
                    </labels>
                <created>Sun, 13 Jul 2014 16:58:48 +0000</created>
                <updated>Tue, 8 Nov 2016 17:58:48 +0000</updated>
                            <resolved>Mon, 28 Jul 2014 09:34:54 +0000</resolved>
                                    <version>2.5</version>
                                    <fixVersion>2.5</fixVersion>
                                        <due></due>
                            <votes>0</votes>
                                    <watches>1</watches>
                                                                <comments>
                            <comment id="14076046" author="sebb@apache.org" created="Mon, 28 Jul 2014 09:34:54 +0000"  >&lt;p&gt;Thanks very much.&lt;br/&gt;
Patch applied (by the way, please provide patches as file attachments in future, as they are easier to apply. Thanks)&lt;/p&gt;

&lt;p&gt;URL: &lt;a href=&quot;http://svn.apache.org/r1613938&quot; class=&quot;external-link&quot; rel=&quot;nofollow&quot;&gt;http://svn.apache.org/r1613938&lt;/a&gt;&lt;br/&gt;
Log:&lt;br/&gt;
&lt;a href=&quot;https://issues.apache.org/jira/browse/IO-451&quot; title=&quot;ant test fails - resources missing from test classpath&quot; class=&quot;issue-link&quot; data-issue-key=&quot;IO-451&quot;&gt;&lt;del&gt;IO-451&lt;/del&gt;&lt;/a&gt; ant test fails - resources missing from test classpath&lt;/p&gt;

&lt;p&gt;Modified:&lt;br/&gt;
    commons/proper/io/trunk/build.xml&lt;br/&gt;
    commons/proper/io/trunk/src/changes/changes.xml&lt;/p&gt;</comment>
                    </comments>
                    <attachments>
                    </attachments>
                <subtasks>
                    </subtasks>
                <customfields>
                                                <customfield id="customfield_12310310" key="com.atlassian.jira.toolkit:attachments">
                        <customfieldname>Attachment count</customfieldname>
                        <customfieldvalues>
                            <customfieldvalue>0.0</customfieldvalue>
                        </customfieldvalues>
                    </customfield>
                                                                                                                                                                                                                                                                                                                                                                                                                                                                                                                                <customfield id="customfield_12310220" key="com.atlassian.jira.ext.charting:firstresponsedate">
                        <customfieldname>Date of First Response</customfieldname>
                        <customfieldvalues>
                            <customfieldvalue>Mon, 28 Jul 2014 09:34:54 +0000</customfieldvalue>

                        </customfieldvalues>
                    </customfield>
                                                                                                                                                                                                                                                                                                                                                                                                                                            <customfield id="customfield_12310420" key="com.pyxis.greenhopper.jira:gh-global-rank">
                        <customfieldname>Global Rank</customfieldname>
                        <customfieldvalues>
                            <customfieldvalue>405106</customfieldvalue>
                        </customfieldvalues>
                    </customfield>
                                                                                                                        <customfield id="customfield_12312521" key="com.atlassian.jira.toolkit:LastCommentDate">
                        <customfieldname>Last public comment date</customfieldname>
                        <customfieldvalues>
                            2 years, 16 weeks, 6 days ago
                        </customfieldvalues>
                    </customfield>
                                                                                            <customfield id="customfield_12311820" key="com.pyxis.greenhopper.jira:gh-lexo-rank">
                        <customfieldname>Rank</customfieldname>
                        <customfieldvalues>
                            <customfieldvalue>0|i1xpv3:</customfieldvalue>

                        </customfieldvalues>
                    </customfield>
                                                                <customfield id="customfield_12310920" key="com.pyxis.greenhopper.jira:gh-global-rank">
                        <customfieldname>Rank (Obsolete)</customfieldname>
                        <customfieldvalues>
                            <customfieldvalue>405142</customfieldvalue>
                        </customfieldvalues>
                    </customfield>
                                                                                                                                                                                                                                        <customfield id="customfield_12310222" key="com.atlassian.jira.ext.charting:timeinstatus">
                        <customfieldname>Time in Status</customfieldname>
                        <customfieldvalues>
                            
                        </customfieldvalues>
                    </customfield>
                                                                                                                        </customfields>
    </item>
</channel>
</rss>