<!-- 
RSS generated by JIRA (6.3.4#6332-sha1:51bc225ef474afe3128b2f66878477f322397b16) at Sun Nov 20 17:21:35 UTC 2016

It is possible to restrict the fields that are returned in this document by specifying the 'field' parameter in your request.
For example, to request only the issue key and summary add field=key&field=summary to the URL of your request.
For example:
https://issues.apache.org/jira/si/jira.issueviews:issue-xml/IO-43/IO-43.xml?field=key&amp;field=summary
-->
<rss version="0.92" >
<channel>
    <title>ASF JIRA</title>
    <link>https://issues.apache.org/jira</link>
    <description>This file is an XML representation of an issue</description>
    <language>en-uk</language>    <build-info>
        <version>6.3.4</version>
        <build-number>6332</build-number>
        <build-date>15-08-2014</build-date>
    </build-info>

<item>
            <title>[IO-43] [io] FilenameUtils#removeExtension and FilenameUtils#getExtension don&apos;t handle all cases.</title>
                <link>https://issues.apache.org/jira/browse/IO-43</link>
                <project id="12310477" key="IO">Commons IO</project>
                    <description>&lt;p&gt;public static String getExtension( String filename) {&lt;br/&gt;
    int index = filename.lastIndexOf(&apos;.&apos;);&lt;/p&gt;

&lt;p&gt;    if (-1 == index) &lt;/p&gt;
{
        return &quot;&quot;;
    }
&lt;p&gt; else &lt;/p&gt;
{
        return filename.substring(index + 1);
    }
&lt;p&gt;}&lt;/p&gt;

&lt;p&gt;is too simplistic.&lt;/p&gt;

&lt;p&gt;It will not handle paths in the form &quot;/path.to/file&quot; at all well.  It will&lt;br/&gt;
return &quot;to/file&quot; as the extension which is incorrect.  The file extension is &quot;&quot;.&lt;/p&gt;

&lt;p&gt;removeExtension falls into a similar trap.&lt;/p&gt;

&lt;p&gt;Perhaps it was the poor quality of these functions that caused FilenameUtils to&lt;br/&gt;
be removed from the 1.0 release?&lt;/p&gt;</description>
                <environment>&lt;p&gt;Operating System: other&lt;br/&gt;
Platform: Other&lt;/p&gt;</environment>
        <key id="12341482">IO-43</key>
            <summary>[io] FilenameUtils#removeExtension and FilenameUtils#getExtension don&apos;t handle all cases.</summary>
                <type id="1" iconUrl="https://issues.apache.org/jira/images/icons/issuetypes/bug.png">Bug</type>
                                            <priority id="3" iconUrl="https://issues.apache.org/jira/images/icons/priorities/major.png">Major</priority>
                        <status id="6" iconUrl="https://issues.apache.org/jira/images/icons/statuses/closed.png" description="The issue is considered finished, the resolution is correct. Issues which are closed can be reopened.">Closed</status>
                    <statusCategory id="3" key="done" colorName="green"/>
                                    <resolution id="1">Fixed</resolution>
                                        <assignee username="-1">Unassigned</assignee>
                                    <reporter username="oliver@deeper.co.nz">Oliver Jones</reporter>
                        <labels>
                    </labels>
                <created>Thu, 3 Jun 2004 10:27:02 +0000</created>
                <updated>Fri, 9 Mar 2007 20:38:20 +0000</updated>
                            <resolved>Fri, 9 Mar 2007 20:38:20 +0000</resolved>
                                    <version>1.0</version>
                                    <fixVersion>1.1</fixVersion>
                                        <due></due>
                            <votes>0</votes>
                                    <watches>0</watches>
                                                                <comments>
                            <comment id="12406719" author="oliver@deeper.co.nz" created="Thu, 3 Jun 2004 11:04:20 +0000"  >&lt;p&gt;/**&lt;/p&gt;
&lt;ul&gt;
	&lt;li&gt;Gets the extension of a filename.&lt;/li&gt;
	&lt;li&gt;&amp;lt;p&amp;gt;&lt;/li&gt;
	&lt;li&gt;eg&lt;/li&gt;
	&lt;li&gt;&amp;lt;pre&amp;gt;&lt;/li&gt;
	&lt;li&gt;foo.txt      --&amp;gt; &quot;txt&quot;&lt;/li&gt;
	&lt;li&gt;a/b/c.jpg    --&amp;gt; &quot;jpg&quot;&lt;/li&gt;
	&lt;li&gt;a/b/c        --&amp;gt; &quot;&quot;&lt;/li&gt;
	&lt;li&gt;a.b/c.txt    --&amp;gt; &quot;txt&quot;&lt;/li&gt;
	&lt;li&gt;a.b/c        --&amp;gt; &quot;&quot;&lt;/li&gt;
	&lt;li&gt;&amp;lt;/pre&amp;gt;&lt;br/&gt;
     *&lt;/li&gt;
	&lt;li&gt;@param filename the filename to retreive the extension of.&lt;/li&gt;
	&lt;li&gt;@return the extension of filename or an empty string if none exists.&lt;br/&gt;
     */&lt;br/&gt;
    public static String getExtension(final String filename) {&lt;br/&gt;
        String suffix = &quot;&quot;;&lt;br/&gt;
        String shortFilename = filename;&lt;/li&gt;
&lt;/ul&gt;


&lt;p&gt;        int lastDirSeparator = filename.lastIndexOf(File.separatorChar);&lt;br/&gt;
        if(lastDirSeparator &amp;gt; 0)&lt;/p&gt;
{
            shortFilename = filename.substring(lastDirSeparator + 1);
        }

&lt;p&gt;        int index = shortFilename.lastIndexOf(&apos;.&apos;);&lt;/p&gt;

&lt;p&gt;        if (index &amp;gt; 0 &amp;amp;&amp;amp; index &amp;lt; shortFilename.length() - 1) &lt;/p&gt;
{
            suffix = shortFilename.substring(index + 1);
        }

&lt;p&gt;        return suffix;&lt;br/&gt;
    }&lt;/p&gt;</comment>
                            <comment id="12406720" author="scolebourne@joda.org" created="Fri, 4 Jun 2004 04:26:13 +0000"  >&lt;p&gt;These functions were deliberately removed from &lt;span class=&quot;error&quot;&gt;&amp;#91;io&amp;#93;&lt;/span&gt; 1.0. Patches like these &lt;br/&gt;
will aid in the creation of v1.1 including FilenameUtils. Thanks&lt;/p&gt;</comment>
                            <comment id="12406721" author="bayard" created="Sun, 13 Jun 2004 12:15:02 +0000"  >&lt;p&gt;New code applied, and removeExtension rewritten to depend on getExtension for this logic.&lt;br/&gt;
Unit tests improved.&lt;/p&gt;</comment>
                    </comments>
                    <attachments>
                    </attachments>
                <subtasks>
                    </subtasks>
                <customfields>
                                                <customfield id="customfield_12310310" key="com.atlassian.jira.toolkit:attachments">
                        <customfieldname>Attachment count</customfieldname>
                        <customfieldvalues>
                            <customfieldvalue>0.0</customfieldvalue>
                        </customfieldvalues>
                    </customfield>
                                                                                                                                                                                                                                                                                                                                                                                                                                                                        <customfield id="customfield_10010" key="com.atlassian.jira.plugin.system.customfieldtypes:importid">
                        <customfieldname>Bugzilla Id</customfieldname>
                        <customfieldvalues>
                            <customfieldvalue>29351</customfieldvalue>
                        </customfieldvalues>
                    </customfield>
                                                                                            <customfield id="customfield_12310220" key="com.atlassian.jira.ext.charting:firstresponsedate">
                        <customfieldname>Date of First Response</customfieldname>
                        <customfieldvalues>
                            <customfieldvalue>Fri, 4 Jun 2004 04:26:13 +0000</customfieldvalue>

                        </customfieldvalues>
                    </customfield>
                                                                                                                                                                                                                                                                                                                                                                                                                                            <customfield id="customfield_12310420" key="com.pyxis.greenhopper.jira:gh-global-rank">
                        <customfieldname>Global Rank</customfieldname>
                        <customfieldvalues>
                            <customfieldvalue>139503</customfieldvalue>
                        </customfieldvalues>
                    </customfield>
                                                                                                                        <customfield id="customfield_12312521" key="com.atlassian.jira.toolkit:LastCommentDate">
                        <customfieldname>Last public comment date</customfieldname>
                        <customfieldvalues>
                            12 years, 25 weeks ago
                        </customfieldvalues>
                    </customfield>
                                                                                            <customfield id="customfield_12311820" key="com.pyxis.greenhopper.jira:gh-lexo-rank">
                        <customfieldname>Rank</customfieldname>
                        <customfieldvalues>
                            <customfieldvalue>0|i0smt3:</customfieldvalue>

                        </customfieldvalues>
                    </customfield>
                                                                <customfield id="customfield_12310920" key="com.pyxis.greenhopper.jira:gh-global-rank">
                        <customfieldname>Rank (Obsolete)</customfieldname>
                        <customfieldvalues>
                            <customfieldvalue>165172</customfieldvalue>
                        </customfieldvalues>
                    </customfield>
                                                                                                                                                                                                                                        <customfield id="customfield_12310222" key="com.atlassian.jira.ext.charting:timeinstatus">
                        <customfieldname>Time in Status</customfieldname>
                        <customfieldvalues>
                            
                        </customfieldvalues>
                    </customfield>
                                                                                                                        </customfields>
    </item>
</channel>
</rss>