<!-- 
RSS generated by JIRA (6.3.4#6332-sha1:51bc225ef474afe3128b2f66878477f322397b16) at Fri Dec 02 18:15:39 UTC 2016

It is possible to restrict the fields that are returned in this document by specifying the 'field' parameter in your request.
For example, to request only the issue key and summary add field=key&field=summary to the URL of your request.
For example:
https://issues.apache.org/jira/si/jira.issueviews:issue-xml/IO-466/IO-466.xml?field=key&amp;field=summary
-->
<rss version="0.92" >
<channel>
    <title>ASF JIRA</title>
    <link>https://issues.apache.org/jira</link>
    <description>This file is an XML representation of an issue</description>
    <language>en-uk</language>    <build-info>
        <version>6.3.4</version>
        <build-number>6332</build-number>
        <build-date>15-08-2014</build-date>
    </build-info>

<item>
            <title>[IO-466] FileUtils.directoryContains returns wrong response due to startsWith comparison</title>
                <link>https://issues.apache.org/jira/browse/IO-466</link>
                <project id="12310477" key="IO">Commons IO</project>
                    <description>&lt;p&gt;Consider the following:&lt;/p&gt;
&lt;div class=&quot;code panel&quot; style=&quot;border-width: 1px;&quot;&gt;&lt;div class=&quot;codeContent panelContent&quot;&gt;
&lt;pre class=&quot;code-java&quot;&gt;
File fooDir = &lt;span class=&quot;code-keyword&quot;&gt;new&lt;/span&gt; File(&lt;span class=&quot;code-quote&quot;&gt;&quot;/temp/foo&quot;&lt;/span&gt;);
File fooFile = &lt;span class=&quot;code-keyword&quot;&gt;new&lt;/span&gt; File(&lt;span class=&quot;code-quote&quot;&gt;&quot;/temp/foo.txt&quot;&lt;/span&gt;);
FileUtils.directoryContains(fooDir, fooFile); &lt;span class=&quot;code-comment&quot;&gt;// returns &lt;span class=&quot;code-keyword&quot;&gt;true&lt;/span&gt;, should &lt;span class=&quot;code-keyword&quot;&gt;return&lt;/span&gt; &lt;span class=&quot;code-keyword&quot;&gt;false&lt;/span&gt;&lt;/span&gt;
&lt;/pre&gt;
&lt;/div&gt;&lt;/div&gt;

&lt;p&gt;fooFile is a sibling of fooDir.  fooDir does not contain fooFile.&lt;/p&gt;

&lt;p&gt;This is due to the way FilenameUtils.directoryContains is implemented in that this method uses a simple &apos;startsWith&apos; comparison.  A related bug is filed for the FilenameUtils method that I believe should be fixed as well.&lt;/p&gt;</description>
                <environment></environment>
        <key id="12765219">IO-466</key>
            <summary>FileUtils.directoryContains returns wrong response due to startsWith comparison</summary>
                <type id="1" iconUrl="https://issues.apache.org/jira/images/icons/issuetypes/bug.png">Bug</type>
                                            <priority id="3" iconUrl="https://issues.apache.org/jira/images/icons/priorities/major.png">Major</priority>
                        <status id="6" iconUrl="https://issues.apache.org/jira/images/icons/statuses/closed.png" description="The issue is considered finished, the resolution is correct. Issues which are closed can be reopened.">Closed</status>
                    <statusCategory id="3" key="done" colorName="green"/>
                                    <resolution id="3">Duplicate</resolution>
                                        <assignee username="krosenvold">Kristian Rosenvold</assignee>
                                    <reporter username="rnavarette">Ray Navarette</reporter>
                        <labels>
                    </labels>
                <created>Tue, 6 Jan 2015 21:35:56 +0000</created>
                <updated>Tue, 23 Jun 2015 06:02:09 +0000</updated>
                            <resolved>Tue, 23 Jun 2015 06:02:09 +0000</resolved>
                                    <version>2.4</version>
                                                    <component>Utilities</component>
                        <due></due>
                            <votes>0</votes>
                                    <watches>2</watches>
                                                                <comments>
                            <comment id="14593673" author="krosenvold" created="Fri, 19 Jun 2015 17:32:22 +0000"  >&lt;p&gt;Added testcase in r1686461 that shows &lt;a href=&quot;https://issues.apache.org/jira/browse/IO-423&quot; title=&quot;FilenameUtils.directoryContains assumes separator at end of parent path&quot; class=&quot;issue-link&quot; data-issue-key=&quot;IO-423&quot;&gt;&lt;del&gt;IO-423&lt;/del&gt;&lt;/a&gt; fixed this too&lt;/p&gt;</comment>
                    </comments>
                <issuelinks>
                            <issuelinktype id="12310000">
                    <name>Duplicate</name>
                                            <outwardlinks description="duplicates">
                                        <issuelink>
            <issuekey id="12692402">IO-423</issuekey>
        </issuelink>
                            </outwardlinks>
                                                        </issuelinktype>
                    </issuelinks>
                <attachments>
                    </attachments>
                <subtasks>
                    </subtasks>
                <customfields>
                                                <customfield id="customfield_12310310" key="com.atlassian.jira.toolkit:attachments">
                        <customfieldname>Attachment count</customfieldname>
                        <customfieldvalues>
                            <customfieldvalue>0.0</customfieldvalue>
                        </customfieldvalues>
                    </customfield>
                                                                                                                                                                                                                                                                                                                                                                                                                                                                                                                                <customfield id="customfield_12310220" key="com.atlassian.jira.ext.charting:firstresponsedate">
                        <customfieldname>Date of First Response</customfieldname>
                        <customfieldvalues>
                            <customfieldvalue>Fri, 19 Jun 2015 17:32:22 +0000</customfieldvalue>

                        </customfieldvalues>
                    </customfield>
                                                                                                                                                                                                                                                                                                                                                                                                                                            <customfield id="customfield_12310420" key="com.pyxis.greenhopper.jira:gh-global-rank">
                        <customfieldname>Global Rank</customfieldname>
                        <customfieldvalues>
                            <customfieldvalue>9223372036854775807</customfieldvalue>
                        </customfieldvalues>
                    </customfield>
                                                                                                                        <customfield id="customfield_12312521" key="com.atlassian.jira.toolkit:LastCommentDate">
                        <customfieldname>Last public comment date</customfieldname>
                        <customfieldvalues>
                            1 year, 24 weeks ago
                        </customfieldvalues>
                    </customfield>
                                                                                            <customfield id="customfield_12311820" key="com.pyxis.greenhopper.jira:gh-lexo-rank">
                        <customfieldname>Rank</customfieldname>
                        <customfieldvalues>
                            <customfieldvalue>0|i2409j:</customfieldvalue>

                        </customfieldvalues>
                    </customfield>
                                                                <customfield id="customfield_12310920" key="com.pyxis.greenhopper.jira:gh-global-rank">
                        <customfieldname>Rank (Obsolete)</customfieldname>
                        <customfieldvalues>
                            <customfieldvalue>9223372036854775807</customfieldvalue>
                        </customfieldvalues>
                    </customfield>
                                                                                                                                                                                                                                        <customfield id="customfield_12310222" key="com.atlassian.jira.ext.charting:timeinstatus">
                        <customfieldname>Time in Status</customfieldname>
                        <customfieldvalues>
                            
                        </customfieldvalues>
                    </customfield>
                                                                                                                        </customfields>
    </item>
</channel>
</rss>