<!-- 
RSS generated by JIRA (6.3.4#6332-sha1:51bc225ef474afe3128b2f66878477f322397b16) at Sat Dec 03 15:27:48 UTC 2016

It is possible to restrict the fields that are returned in this document by specifying the 'field' parameter in your request.
For example, to request only the issue key and summary add field=key&field=summary to the URL of your request.
For example:
https://issues.apache.org/jira/si/jira.issueviews:issue-xml/IO-400/IO-400.xml?field=key&amp;field=summary
-->
<rss version="0.92" >
<channel>
    <title>ASF JIRA</title>
    <link>https://issues.apache.org/jira</link>
    <description>This file is an XML representation of an issue</description>
    <language>en-uk</language>    <build-info>
        <version>6.3.4</version>
        <build-number>6332</build-number>
        <build-date>15-08-2014</build-date>
    </build-info>

<item>
            <title>[IO-400] IOUtils: add support for copying from large byte buffers</title>
                <link>https://issues.apache.org/jira/browse/IO-400</link>
                <project id="12310477" key="IO">Commons IO</project>
                    <description>&lt;p&gt;Trying to write a large byte array to a FileOutputStream may cause OOME.&lt;/p&gt;

&lt;p&gt;This is because such output requires the use of native code, and native code may need to copy the array in order to access it safely, see:&lt;/p&gt;

&lt;p&gt;&lt;a href=&quot;http://docs.oracle.com/javase/7/docs/technotes/guides/jni/spec/design.html#wp1265&quot; class=&quot;external-link&quot; rel=&quot;nofollow&quot;&gt;http://docs.oracle.com/javase/7/docs/technotes/guides/jni/spec/design.html#wp1265&lt;/a&gt;&lt;/p&gt;

&lt;p&gt;It might therefore be useful to have a method which writes from the byte array in chunks. One can create a ByteArrayInputStream from the input, and then use one of the copy() methods, but that creates an unnecessary array buffer (albeit only 4k).&lt;/p&gt;

&lt;p&gt;There are already write methods which copy byte[] to OutputStream and char[] to Writer.&lt;/p&gt;

&lt;p&gt;Some or all of these could be converted to use chunked output, or there could be new methods to implement the chunking.&lt;/p&gt;

&lt;p&gt;Here is a sample implementation of a stand-alone method:&lt;/p&gt;

&lt;div class=&quot;code panel&quot; style=&quot;border-width: 1px;&quot;&gt;&lt;div class=&quot;codeContent panelContent&quot;&gt;
&lt;pre class=&quot;code-java&quot;&gt;
&lt;span class=&quot;code-keyword&quot;&gt;public&lt;/span&gt; &lt;span class=&quot;code-keyword&quot;&gt;static&lt;/span&gt; void writeChunked(&lt;span class=&quot;code-object&quot;&gt;byte&lt;/span&gt;[] data, OutputStream output) &lt;span class=&quot;code-keyword&quot;&gt;throws&lt;/span&gt; IOException {
    &lt;span class=&quot;code-object&quot;&gt;int&lt;/span&gt; bytes = data.length;
    &lt;span class=&quot;code-object&quot;&gt;int&lt;/span&gt; offset = 0;
    &lt;span class=&quot;code-keyword&quot;&gt;while&lt;/span&gt;(bytes &amp;gt; 0) {
        &lt;span class=&quot;code-object&quot;&gt;int&lt;/span&gt; chunk = &lt;span class=&quot;code-object&quot;&gt;Math&lt;/span&gt;.min(bytes, DEFAULT_BUFFER_SIZE);
        output.write(data, offset, chunk);
        bytes -= chunk;
        offset += chunk;
    }
}
&lt;/pre&gt;
&lt;/div&gt;&lt;/div&gt;</description>
                <environment></environment>
        <key id="12650060">IO-400</key>
            <summary>IOUtils: add support for copying from large byte buffers</summary>
                <type id="2" iconUrl="https://issues.apache.org/jira/images/icons/issuetypes/newfeature.png">New Feature</type>
                                            <priority id="3" iconUrl="https://issues.apache.org/jira/images/icons/priorities/major.png">Major</priority>
                        <status id="6" iconUrl="https://issues.apache.org/jira/images/icons/statuses/closed.png" description="The issue is considered finished, the resolution is correct. Issues which are closed can be reopened.">Closed</status>
                    <statusCategory id="3" key="done" colorName="green"/>
                                    <resolution id="3">Duplicate</resolution>
                                        <assignee username="-1">Unassigned</assignee>
                                    <reporter username="sebb@apache.org">Sebb</reporter>
                        <labels>
                    </labels>
                <created>Wed, 29 May 2013 23:55:30 +0000</created>
                <updated>Thu, 17 Oct 2013 00:25:48 +0000</updated>
                            <resolved>Thu, 17 Oct 2013 00:25:35 +0000</resolved>
                                                    <fixVersion>2.5</fixVersion>
                                        <due></due>
                            <votes>0</votes>
                                    <watches>1</watches>
                                                                <comments>
                            <comment id="13669912" author="sebb@apache.org" created="Thu, 30 May 2013 00:16:59 +0000"  >&lt;p&gt;An alternative would be to create ChunkedOutputStream and ChunkedWriter classes.&lt;/p&gt;</comment>
                            <comment id="13796523" author="bayard" created="Wed, 16 Oct 2013 08:03:57 +0000"  >&lt;p&gt;Moved over from Lang. I think this was in the wrong project.&lt;/p&gt;</comment>
                    </comments>
                <issuelinks>
                            <issuelinktype id="12310000">
                    <name>Duplicate</name>
                                            <outwardlinks description="duplicates">
                                        <issuelink>
            <issuekey id="12648370">IO-382</issuekey>
        </issuelink>
                            </outwardlinks>
                                                        </issuelinktype>
                    </issuelinks>
                <attachments>
                    </attachments>
                <subtasks>
                    </subtasks>
                <customfields>
                                                <customfield id="customfield_12310310" key="com.atlassian.jira.toolkit:attachments">
                        <customfieldname>Attachment count</customfieldname>
                        <customfieldvalues>
                            <customfieldvalue>0.0</customfieldvalue>
                        </customfieldvalues>
                    </customfield>
                                                                                                                                                                                                                                                                                                                                                                                                                                                                                                                                <customfield id="customfield_12310220" key="com.atlassian.jira.ext.charting:firstresponsedate">
                        <customfieldname>Date of First Response</customfieldname>
                        <customfieldvalues>
                            <customfieldvalue>Wed, 16 Oct 2013 08:03:57 +0000</customfieldvalue>

                        </customfieldvalues>
                    </customfield>
                                                                                                                                                                                                                                                                                                                                                                                                                                            <customfield id="customfield_12310420" key="com.pyxis.greenhopper.jira:gh-global-rank">
                        <customfieldname>Global Rank</customfieldname>
                        <customfieldvalues>
                            <customfieldvalue>330387</customfieldvalue>
                        </customfieldvalues>
                    </customfield>
                                                                                                                        <customfield id="customfield_12312521" key="com.atlassian.jira.toolkit:LastCommentDate">
                        <customfieldname>Last public comment date</customfieldname>
                        <customfieldvalues>
                            3 years, 7 weeks, 3 days ago
                        </customfieldvalues>
                    </customfield>
                                                                                            <customfield id="customfield_12311820" key="com.pyxis.greenhopper.jira:gh-lexo-rank">
                        <customfieldname>Rank</customfieldname>
                        <customfieldvalues>
                            <customfieldvalue>0|i1kzzb:</customfieldvalue>

                        </customfieldvalues>
                    </customfield>
                                                                <customfield id="customfield_12310920" key="com.pyxis.greenhopper.jira:gh-global-rank">
                        <customfieldname>Rank (Obsolete)</customfieldname>
                        <customfieldvalues>
                            <customfieldvalue>330721</customfieldvalue>
                        </customfieldvalues>
                    </customfield>
                                                                                                                                                                                                                                        <customfield id="customfield_12310222" key="com.atlassian.jira.ext.charting:timeinstatus">
                        <customfieldname>Time in Status</customfieldname>
                        <customfieldvalues>
                            
                        </customfieldvalues>
                    </customfield>
                                                                                                                        </customfields>
    </item>
</channel>
</rss>