<!-- 
RSS generated by JIRA (6.3.4#6332-sha1:51bc225ef474afe3128b2f66878477f322397b16) at Sun Nov 20 14:47:08 UTC 2016

It is possible to restrict the fields that are returned in this document by specifying the 'field' parameter in your request.
For example, to request only the issue key and summary add field=key&field=summary to the URL of your request.
For example:
https://issues.apache.org/jira/si/jira.issueviews:issue-xml/IO-423/IO-423.xml?field=key&amp;field=summary
-->
<rss version="0.92" >
<channel>
    <title>ASF JIRA</title>
    <link>https://issues.apache.org/jira</link>
    <description>This file is an XML representation of an issue</description>
    <language>en-uk</language>    <build-info>
        <version>6.3.4</version>
        <build-number>6332</build-number>
        <build-date>15-08-2014</build-date>
    </build-info>

<item>
            <title>[IO-423] FilenameUtils.directoryContains assumes separator at end of parent path</title>
                <link>https://issues.apache.org/jira/browse/IO-423</link>
                <project id="12310477" key="IO">Commons IO</project>
                    <description>&lt;p&gt;FilenameUtils.directoryContains(&quot;/abc&quot;, &quot;/abcd&quot;) returns true, while FilenameUtils.directoryContains(&quot;/abc/&quot;, &quot;/abcd&quot;) returns false.&lt;/p&gt;

&lt;p&gt;The implementation does a simple checkStartsWith() without taking the separator into consideration.&lt;/p&gt;</description>
                <environment></environment>
        <key id="12692402">IO-423</key>
            <summary>FilenameUtils.directoryContains assumes separator at end of parent path</summary>
                <type id="1" iconUrl="https://issues.apache.org/jira/images/icons/issuetypes/bug.png">Bug</type>
                                            <priority id="3" iconUrl="https://issues.apache.org/jira/images/icons/priorities/major.png">Major</priority>
                        <status id="6" iconUrl="https://issues.apache.org/jira/images/icons/statuses/closed.png" description="The issue is considered finished, the resolution is correct. Issues which are closed can be reopened.">Closed</status>
                    <statusCategory id="3" key="done" colorName="green"/>
                                    <resolution id="6">Invalid</resolution>
                                        <assignee username="-1">Unassigned</assignee>
                                    <reporter username="vinithra">Vinithra Varadharajan</reporter>
                        <labels>
                    </labels>
                <created>Thu, 30 Jan 2014 22:57:15 +0000</created>
                <updated>Tue, 8 Nov 2016 18:04:30 +0000</updated>
                            <resolved>Wed, 16 Jul 2014 21:35:26 +0000</resolved>
                                    <version>2.4</version>
                                                    <component>Utilities</component>
                        <due></due>
                            <votes>0</votes>
                                    <watches>2</watches>
                                                                <comments>
                            <comment id="14064143" author="tn" created="Wed, 16 Jul 2014 21:35:26 +0000"  >&lt;p&gt;The javadoc of the method states that the input needs to be normalized, i.e. the canonical path of the respective file resource. A canonical path does not have a &apos;/&apos; at the end.&lt;/p&gt;</comment>
                            <comment id="14248829" author="rnavarette" created="Tue, 16 Dec 2014 20:12:21 +0000"  >&lt;p&gt;Unfortunately though this same issue surfaces when calling FileUtils.directoryContains(File parent, File child).&lt;/p&gt;

&lt;p&gt;Also, I&apos;m not certain what the above comment implies.  The docs do in fact mention the paths needing to be normalized, but even using the FilenameUtils.normalize(String path) method on the initial example here would show the same wrong behavior.&lt;/p&gt;</comment>
                    </comments>
                <issuelinks>
                            <issuelinktype id="12310000">
                    <name>Duplicate</name>
                                                                <inwardlinks description="is duplicated by">
                                        <issuelink>
            <issuekey id="12765219">IO-466</issuekey>
        </issuelink>
                            </inwardlinks>
                                    </issuelinktype>
                    </issuelinks>
                <attachments>
                    </attachments>
                <subtasks>
                    </subtasks>
                <customfields>
                                                <customfield id="customfield_12310310" key="com.atlassian.jira.toolkit:attachments">
                        <customfieldname>Attachment count</customfieldname>
                        <customfieldvalues>
                            <customfieldvalue>0.0</customfieldvalue>
                        </customfieldvalues>
                    </customfield>
                                                                                                                                                                                                                                                                                                                                                                                                                                                                                                                                <customfield id="customfield_12310220" key="com.atlassian.jira.ext.charting:firstresponsedate">
                        <customfieldname>Date of First Response</customfieldname>
                        <customfieldvalues>
                            <customfieldvalue>Wed, 16 Jul 2014 21:35:26 +0000</customfieldvalue>

                        </customfieldvalues>
                    </customfield>
                                                                                                                                                                                                                                                                                                                                                                                                                                            <customfield id="customfield_12310420" key="com.pyxis.greenhopper.jira:gh-global-rank">
                        <customfieldname>Global Rank</customfieldname>
                        <customfieldvalues>
                            <customfieldvalue>370997</customfieldvalue>
                        </customfieldvalues>
                    </customfield>
                                                                                                                        <customfield id="customfield_12312521" key="com.atlassian.jira.toolkit:LastCommentDate">
                        <customfieldname>Last public comment date</customfieldname>
                        <customfieldvalues>
                            1 year, 48 weeks, 4 days ago
                        </customfieldvalues>
                    </customfield>
                                                                                            <customfield id="customfield_12311820" key="com.pyxis.greenhopper.jira:gh-lexo-rank">
                        <customfieldname>Rank</customfieldname>
                        <customfieldvalues>
                            <customfieldvalue>0|i1rxuf:</customfieldvalue>

                        </customfieldvalues>
                    </customfield>
                                                                <customfield id="customfield_12310920" key="com.pyxis.greenhopper.jira:gh-global-rank">
                        <customfieldname>Rank (Obsolete)</customfieldname>
                        <customfieldvalues>
                            <customfieldvalue>371302</customfieldvalue>
                        </customfieldvalues>
                    </customfield>
                                                                                                                                                                                                                                        <customfield id="customfield_12310222" key="com.atlassian.jira.ext.charting:timeinstatus">
                        <customfieldname>Time in Status</customfieldname>
                        <customfieldvalues>
                            
                        </customfieldvalues>
                    </customfield>
                                                                                                                        </customfields>
    </item>
</channel>
</rss>