<!-- 
RSS generated by JIRA (6.3.4#6332-sha1:51bc225ef474afe3128b2f66878477f322397b16) at Sun Nov 20 17:18:05 UTC 2016

It is possible to restrict the fields that are returned in this document by specifying the 'field' parameter in your request.
For example, to request only the issue key and summary add field=key&field=summary to the URL of your request.
For example:
https://issues.apache.org/jira/si/jira.issueviews:issue-xml/IO-448/IO-448.xml?field=key&amp;field=summary
-->
<rss version="0.92" >
<channel>
    <title>ASF JIRA</title>
    <link>https://issues.apache.org/jira</link>
    <description>This file is an XML representation of an issue</description>
    <language>en-uk</language>    <build-info>
        <version>6.3.4</version>
        <build-number>6332</build-number>
        <build-date>15-08-2014</build-date>
    </build-info>

<item>
            <title>[IO-448] FileUtils.waitFor(...) swallows thread interrupted status</title>
                <link>https://issues.apache.org/jira/browse/IO-448</link>
                <project id="12310477" key="IO">Commons IO</project>
                    <description>&lt;p&gt;The method waits for a file to appear for a given amount of time. To do so it calls Thread.sleep several times. If the thread is interrupted, the interrupt will be ignored by catching the ThreadInterrupted exception and waiting further.&lt;/p&gt;

&lt;p&gt;Catching the ThreadInterrupted exception automatically clears the thread&apos;s interrupted flag. Consequently the calling method has no chance to detect whether the thread was interrupted. A possible solution is to restore the interrupted status before returning - something like this:&lt;/p&gt;
&lt;div class=&quot;code panel&quot; style=&quot;border-width: 1px;&quot;&gt;&lt;div class=&quot;codeContent panelContent&quot;&gt;
&lt;pre class=&quot;code-java&quot;&gt;
    &lt;span class=&quot;code-keyword&quot;&gt;public&lt;/span&gt; &lt;span class=&quot;code-keyword&quot;&gt;static&lt;/span&gt; &lt;span class=&quot;code-object&quot;&gt;boolean&lt;/span&gt; waitFor(File file, &lt;span class=&quot;code-object&quot;&gt;int&lt;/span&gt; seconds) {
        &lt;span class=&quot;code-object&quot;&gt;int&lt;/span&gt; timeout = 0;
        &lt;span class=&quot;code-object&quot;&gt;int&lt;/span&gt; tick = 0;
        &lt;span class=&quot;code-object&quot;&gt;boolean&lt;/span&gt; wasInterrupted = &lt;span class=&quot;code-keyword&quot;&gt;false&lt;/span&gt;;
        &lt;span class=&quot;code-keyword&quot;&gt;try&lt;/span&gt; {
            &lt;span class=&quot;code-keyword&quot;&gt;while&lt;/span&gt; (!file.exists()) {
                &lt;span class=&quot;code-comment&quot;&gt;// ...
&lt;/span&gt;                &lt;span class=&quot;code-keyword&quot;&gt;try&lt;/span&gt; {
                    &lt;span class=&quot;code-object&quot;&gt;Thread&lt;/span&gt;.sleep(100);
                } &lt;span class=&quot;code-keyword&quot;&gt;catch&lt;/span&gt; (InterruptedException ignore) {
                    wasInterrupted = &lt;span class=&quot;code-keyword&quot;&gt;true&lt;/span&gt;;
                } &lt;span class=&quot;code-keyword&quot;&gt;catch&lt;/span&gt; (Exception ex) {
                    &lt;span class=&quot;code-keyword&quot;&gt;break&lt;/span&gt;;
                }
            }
            &lt;span class=&quot;code-keyword&quot;&gt;return&lt;/span&gt; &lt;span class=&quot;code-keyword&quot;&gt;true&lt;/span&gt;;
        } &lt;span class=&quot;code-keyword&quot;&gt;finally&lt;/span&gt; {
            &lt;span class=&quot;code-keyword&quot;&gt;if&lt;/span&gt; (wasInterrupted) {
                   &lt;span class=&quot;code-object&quot;&gt;Thread&lt;/span&gt;.currentThread.interrupt();
            }
        }
    }
&lt;/pre&gt;
&lt;/div&gt;&lt;/div&gt;</description>
                <environment></environment>
        <key id="12721240">IO-448</key>
            <summary>FileUtils.waitFor(...) swallows thread interrupted status</summary>
                <type id="1" iconUrl="https://issues.apache.org/jira/images/icons/issuetypes/bug.png">Bug</type>
                                            <priority id="4" iconUrl="https://issues.apache.org/jira/images/icons/priorities/minor.png">Minor</priority>
                        <status id="6" iconUrl="https://issues.apache.org/jira/images/icons/statuses/closed.png" description="The issue is considered finished, the resolution is correct. Issues which are closed can be reopened.">Closed</status>
                    <statusCategory id="3" key="done" colorName="green"/>
                                    <resolution id="1">Fixed</resolution>
                                        <assignee username="krosenvold">Kristian Rosenvold</assignee>
                                    <reporter username="OydvO">Bj&#246;rn Buchner</reporter>
                        <labels>
                    </labels>
                <created>Sat, 14 Jun 2014 08:37:58 +0000</created>
                <updated>Tue, 23 Jun 2015 05:58:58 +0000</updated>
                            <resolved>Tue, 23 Jun 2015 05:58:58 +0000</resolved>
                                    <version>2.4</version>
                                    <fixVersion>2.5</fixVersion>
                                    <component>Utilities</component>
                        <due></due>
                            <votes>0</votes>
                                    <watches>2</watches>
                                                                <comments>
                            <comment id="14593743" author="krosenvold" created="Fri, 19 Jun 2015 18:24:34 +0000"  >&lt;p&gt;Fixed in r1686477, thanks for the patch !&lt;/p&gt;</comment>
                    </comments>
                    <attachments>
                    </attachments>
                <subtasks>
                    </subtasks>
                <customfields>
                                                <customfield id="customfield_12310310" key="com.atlassian.jira.toolkit:attachments">
                        <customfieldname>Attachment count</customfieldname>
                        <customfieldvalues>
                            <customfieldvalue>0.0</customfieldvalue>
                        </customfieldvalues>
                    </customfield>
                                                                                                                                                                                                                                                                                                                                                                                                                                                                                                                                <customfield id="customfield_12310220" key="com.atlassian.jira.ext.charting:firstresponsedate">
                        <customfieldname>Date of First Response</customfieldname>
                        <customfieldvalues>
                            <customfieldvalue>Fri, 19 Jun 2015 18:24:34 +0000</customfieldvalue>

                        </customfieldvalues>
                    </customfield>
                                                                                                                                                                                                                                                                                                                                                                                                                                            <customfield id="customfield_12310420" key="com.pyxis.greenhopper.jira:gh-global-rank">
                        <customfieldname>Global Rank</customfieldname>
                        <customfieldvalues>
                            <customfieldvalue>399436</customfieldvalue>
                        </customfieldvalues>
                    </customfield>
                                                                                                                        <customfield id="customfield_12312521" key="com.atlassian.jira.toolkit:LastCommentDate">
                        <customfieldname>Last public comment date</customfieldname>
                        <customfieldvalues>
                            1 year, 22 weeks, 1 day ago
                        </customfieldvalues>
                    </customfield>
                                                                                            <customfield id="customfield_12311820" key="com.pyxis.greenhopper.jira:gh-lexo-rank">
                        <customfieldname>Rank</customfieldname>
                        <customfieldvalues>
                            <customfieldvalue>0|i1wrgn:</customfieldvalue>

                        </customfieldvalues>
                    </customfield>
                                                                <customfield id="customfield_12310920" key="com.pyxis.greenhopper.jira:gh-global-rank">
                        <customfieldname>Rank (Obsolete)</customfieldname>
                        <customfieldvalues>
                            <customfieldvalue>399545</customfieldvalue>
                        </customfieldvalues>
                    </customfield>
                                                                                                                                                                                                                                        <customfield id="customfield_12310222" key="com.atlassian.jira.ext.charting:timeinstatus">
                        <customfieldname>Time in Status</customfieldname>
                        <customfieldvalues>
                            
                        </customfieldvalues>
                    </customfield>
                                                                                                                        </customfields>
    </item>
</channel>
</rss>