<!-- 
RSS generated by JIRA (6.3.4#6332-sha1:51bc225ef474afe3128b2f66878477f322397b16) at Sun Nov 20 14:49:47 UTC 2016

It is possible to restrict the fields that are returned in this document by specifying the 'field' parameter in your request.
For example, to request only the issue key and summary add field=key&field=summary to the URL of your request.
For example:
https://issues.apache.org/jira/si/jira.issueviews:issue-xml/IO-428/IO-428.xml?field=key&amp;field=summary
-->
<rss version="0.92" >
<channel>
    <title>ASF JIRA</title>
    <link>https://issues.apache.org/jira</link>
    <description>This file is an XML representation of an issue</description>
    <language>en-uk</language>    <build-info>
        <version>6.3.4</version>
        <build-number>6332</build-number>
        <build-date>15-08-2014</build-date>
    </build-info>

<item>
            <title>[IO-428] BOMInputStream.skip returns wrong count if stream contains no BOM</title>
                <link>https://issues.apache.org/jira/browse/IO-428</link>
                <project id="12310477" key="IO">Commons IO</project>
                    <description>&lt;p&gt;If the &lt;tt&gt;skip&lt;/tt&gt; method of &lt;tt&gt;BOMInputStream&lt;/tt&gt; is used on a stream without a BOM, &lt;tt&gt;skip&lt;/tt&gt; returns the wrong number of bytes (n - max(BOM-length)). This can lead to problems if the return value is evaluated for example from guava &lt;tt&gt;ByteStreams.skipFully&lt;/tt&gt;.&lt;/p&gt;

&lt;div class=&quot;code panel&quot; style=&quot;border-width: 1px;&quot;&gt;&lt;div class=&quot;codeHeader panelHeader&quot; style=&quot;border-bottom-width: 1px;&quot;&gt;&lt;b&gt;BomTest.java&lt;/b&gt;&lt;/div&gt;&lt;div class=&quot;codeContent panelContent&quot;&gt;
&lt;pre class=&quot;code-java&quot;&gt;
&lt;span class=&quot;code-keyword&quot;&gt;public&lt;/span&gt; class BomTest {

	&lt;span class=&quot;code-keyword&quot;&gt;private&lt;/span&gt; &lt;span class=&quot;code-keyword&quot;&gt;static&lt;/span&gt; InputStream createInputStream(&lt;span class=&quot;code-object&quot;&gt;boolean&lt;/span&gt; addBOM) {
		ByteBuffer bb = ByteBuffer.allocate(64);
		&lt;span class=&quot;code-keyword&quot;&gt;if&lt;/span&gt; (addBOM) {
			&lt;span class=&quot;code-comment&quot;&gt;// UTF-8 BOM
&lt;/span&gt;			bb.put(&lt;span class=&quot;code-keyword&quot;&gt;new&lt;/span&gt; &lt;span class=&quot;code-object&quot;&gt;byte&lt;/span&gt;[] { (&lt;span class=&quot;code-object&quot;&gt;byte&lt;/span&gt;) 0xEF, (&lt;span class=&quot;code-object&quot;&gt;byte&lt;/span&gt;) 0xBB, (&lt;span class=&quot;code-object&quot;&gt;byte&lt;/span&gt;) 0xBF });
		}
		bb.put((&lt;span class=&quot;code-object&quot;&gt;byte&lt;/span&gt;) 0x31);
		bb.put((&lt;span class=&quot;code-object&quot;&gt;byte&lt;/span&gt;) 0x32);
		bb.put((&lt;span class=&quot;code-object&quot;&gt;byte&lt;/span&gt;) 0x33);
		&lt;span class=&quot;code-keyword&quot;&gt;return&lt;/span&gt; &lt;span class=&quot;code-keyword&quot;&gt;new&lt;/span&gt; ByteArrayInputStream(bb.array());
	}
	
	&lt;span class=&quot;code-keyword&quot;&gt;public&lt;/span&gt; &lt;span class=&quot;code-keyword&quot;&gt;static&lt;/span&gt; void main(&lt;span class=&quot;code-object&quot;&gt;String&lt;/span&gt;[] args) &lt;span class=&quot;code-keyword&quot;&gt;throws&lt;/span&gt; IOException {
		BOMInputStream is1 = &lt;span class=&quot;code-keyword&quot;&gt;new&lt;/span&gt; BOMInputStream(createInputStream(&lt;span class=&quot;code-keyword&quot;&gt;true&lt;/span&gt;));
		assertEquals(2, is1.skip(2));
		assertEquals((&lt;span class=&quot;code-object&quot;&gt;byte&lt;/span&gt;) 0x33, is1.read());
		
		BOMInputStream is2 = &lt;span class=&quot;code-keyword&quot;&gt;new&lt;/span&gt; BOMInputStream(createInputStream(&lt;span class=&quot;code-keyword&quot;&gt;false&lt;/span&gt;));
		assertEquals(2, is2.skip(2)); &lt;span class=&quot;code-comment&quot;&gt;// fails here - skip returns 0
&lt;/span&gt;		assertEquals((&lt;span class=&quot;code-object&quot;&gt;byte&lt;/span&gt;) 0x33, is2.read());
	}
	
}
&lt;/pre&gt;
&lt;/div&gt;&lt;/div&gt;

&lt;p&gt;I catched this bug in 2.0.1, but as far as I can see on the source 2.5 is still affected.&lt;/p&gt;

&lt;p&gt;I suggest the following change to the &lt;tt&gt;skip&lt;/tt&gt; method:&lt;/p&gt;
&lt;div class=&quot;code panel&quot; style=&quot;border-width: 1px;&quot;&gt;&lt;div class=&quot;codeHeader panelHeader&quot; style=&quot;border-bottom-width: 1px;&quot;&gt;&lt;b&gt;BOMInputStream.java&lt;/b&gt;&lt;/div&gt;&lt;div class=&quot;codeContent panelContent&quot;&gt;
&lt;pre class=&quot;code-java&quot;&gt;
    &lt;span class=&quot;code-keyword&quot;&gt;public&lt;/span&gt; &lt;span class=&quot;code-object&quot;&gt;long&lt;/span&gt; skip(&lt;span class=&quot;code-object&quot;&gt;long&lt;/span&gt; n) &lt;span class=&quot;code-keyword&quot;&gt;throws&lt;/span&gt; IOException {
    	&lt;span class=&quot;code-object&quot;&gt;int&lt;/span&gt; skipped = 0;
        &lt;span class=&quot;code-keyword&quot;&gt;while&lt;/span&gt; ((n &amp;gt; skipped) &amp;amp;&amp;amp; (readFirstBytes() &amp;gt;= 0)) {
            skipped++;
        }
        &lt;span class=&quot;code-keyword&quot;&gt;return&lt;/span&gt; in.skip(n - skipped) + skipped;
    }
&lt;/pre&gt;
&lt;/div&gt;&lt;/div&gt;</description>
                <environment></environment>
        <key id="12700960">IO-428</key>
            <summary>BOMInputStream.skip returns wrong count if stream contains no BOM</summary>
                <type id="1" iconUrl="https://issues.apache.org/jira/images/icons/issuetypes/bug.png">Bug</type>
                                            <priority id="4" iconUrl="https://issues.apache.org/jira/images/icons/priorities/minor.png">Minor</priority>
                        <status id="6" iconUrl="https://issues.apache.org/jira/images/icons/statuses/closed.png" description="The issue is considered finished, the resolution is correct. Issues which are closed can be reopened.">Closed</status>
                    <statusCategory id="3" key="done" colorName="green"/>
                                    <resolution id="1">Fixed</resolution>
                                        <assignee username="krosenvold">Kristian Rosenvold</assignee>
                                    <reporter username="steff">Stefan Gmeiner</reporter>
                        <labels>
                    </labels>
                <created>Wed, 12 Mar 2014 13:10:44 +0000</created>
                <updated>Tue, 23 Jun 2015 06:00:05 +0000</updated>
                            <resolved>Tue, 23 Jun 2015 06:00:05 +0000</resolved>
                                    <version>2.0.1</version>
                                    <fixVersion>2.5</fixVersion>
                                    <component>Streams/Writers</component>
                        <due></due>
                            <votes>0</votes>
                                    <watches>2</watches>
                                                                <comments>
                            <comment id="14594441" author="krosenvold" created="Sat, 20 Jun 2015 06:31:55 +0000"  >&lt;p&gt;Patch applied in r1686527, thanks for the patch !&lt;/p&gt;</comment>
                    </comments>
                    <attachments>
                    </attachments>
                <subtasks>
                    </subtasks>
                <customfields>
                                                <customfield id="customfield_12310310" key="com.atlassian.jira.toolkit:attachments">
                        <customfieldname>Attachment count</customfieldname>
                        <customfieldvalues>
                            <customfieldvalue>0.0</customfieldvalue>
                        </customfieldvalues>
                    </customfield>
                                                                                                                                                                                                                                                                                                                                                                                                                                                                                                                                <customfield id="customfield_12310220" key="com.atlassian.jira.ext.charting:firstresponsedate">
                        <customfieldname>Date of First Response</customfieldname>
                        <customfieldvalues>
                            <customfieldvalue>Sat, 20 Jun 2015 06:31:55 +0000</customfieldvalue>

                        </customfieldvalues>
                    </customfield>
                                                                                                                                                                                                                                                                                                                                                                                                                                            <customfield id="customfield_12310420" key="com.pyxis.greenhopper.jira:gh-global-rank">
                        <customfieldname>Global Rank</customfieldname>
                        <customfieldvalues>
                            <customfieldvalue>379306</customfieldvalue>
                        </customfieldvalues>
                    </customfield>
                                                                                                                        <customfield id="customfield_12312521" key="com.atlassian.jira.toolkit:LastCommentDate">
                        <customfieldname>Last public comment date</customfieldname>
                        <customfieldvalues>
                            1 year, 22 weeks, 1 day ago
                        </customfieldvalues>
                    </customfield>
                                                                                            <customfield id="customfield_12311820" key="com.pyxis.greenhopper.jira:gh-lexo-rank">
                        <customfieldname>Rank</customfieldname>
                        <customfieldvalues>
                            <customfieldvalue>0|i1tcvb:</customfieldvalue>

                        </customfieldvalues>
                    </customfield>
                                                                <customfield id="customfield_12310920" key="com.pyxis.greenhopper.jira:gh-global-rank">
                        <customfieldname>Rank (Obsolete)</customfieldname>
                        <customfieldvalues>
                            <customfieldvalue>379598</customfieldvalue>
                        </customfieldvalues>
                    </customfield>
                                                                                                                                                                                                                                        <customfield id="customfield_12310222" key="com.atlassian.jira.ext.charting:timeinstatus">
                        <customfieldname>Time in Status</customfieldname>
                        <customfieldvalues>
                            
                        </customfieldvalues>
                    </customfield>
                                                                                                                        </customfields>
    </item>
</channel>
</rss>