<!-- 
RSS generated by JIRA (6.3.4#6332-sha1:51bc225ef474afe3128b2f66878477f322397b16) at Sun Nov 20 16:42:56 UTC 2016

It is possible to restrict the fields that are returned in this document by specifying the 'field' parameter in your request.
For example, to request only the issue key and summary add field=key&field=summary to the URL of your request.
For example:
https://issues.apache.org/jira/si/jira.issueviews:issue-xml/IO-502/IO-502.xml?field=key&amp;field=summary
-->
<rss version="0.92" >
<channel>
    <title>ASF JIRA</title>
    <link>https://issues.apache.org/jira</link>
    <description>This file is an XML representation of an issue</description>
    <language>en-uk</language>    <build-info>
        <version>6.3.4</version>
        <build-number>6332</build-number>
        <build-date>15-08-2014</build-date>
    </build-info>

<item>
            <title>[IO-502] Exceptions are suppressed incorrectly when copying files.</title>
                <link>https://issues.apache.org/jira/browse/IO-502</link>
                <project id="12310477" key="IO">Commons IO</project>
                    <description>&lt;p&gt;When copying files or directories, exceptions thrown on closing streams are suppressed incorrectly and need to be propagated to the caller.&lt;/p&gt;</description>
                <environment></environment>
        <key id="12962251">IO-502</key>
            <summary>Exceptions are suppressed incorrectly when copying files.</summary>
                <type id="1" iconUrl="https://issues.apache.org/jira/images/icons/issuetypes/bug.png">Bug</type>
                                            <priority id="2" iconUrl="https://issues.apache.org/jira/images/icons/priorities/critical.png">Critical</priority>
                        <status id="6" iconUrl="https://issues.apache.org/jira/images/icons/statuses/closed.png" description="The issue is considered finished, the resolution is correct. Issues which are closed can be reopened.">Closed</status>
                    <statusCategory id="3" key="done" colorName="green"/>
                                    <resolution id="1">Fixed</resolution>
                                        <assignee username="garydgregory">Gary Gregory</assignee>
                                    <reporter username="schulte77">Christian Schulte</reporter>
                        <labels>
                    </labels>
                <created>Mon, 25 Apr 2016 14:20:08 +0000</created>
                <updated>Tue, 3 May 2016 18:01:59 +0000</updated>
                            <resolved>Wed, 27 Apr 2016 17:32:47 +0000</resolved>
                                    <version>2.4</version>
                    <version>2.5</version>
                                    <fixVersion>2.6</fixVersion>
                                    <component>Utilities</component>
                        <due></due>
                            <votes>0</votes>
                                    <watches>2</watches>
                                                                <comments>
                            <comment id="15257120" author="garydgregory" created="Mon, 25 Apr 2016 21:55:20 +0000"  >&lt;p&gt;In this part of the patch:&lt;/p&gt;

&lt;div class=&quot;code panel&quot; style=&quot;border-width: 1px;&quot;&gt;&lt;div class=&quot;codeContent panelContent&quot;&gt;
&lt;pre class=&quot;code-java&quot;&gt;
Index: src/main/java/org/apache/commons/io/FileUtils.java
===================================================================
--- src/main/java/org/apache/commons/io/FileUtils.java	(Revision 1740841)
+++ src/main/java/org/apache/commons/io/FileUtils.java	(Arbeitskopie)
@@ -1154,6 +1154,18 @@
                 }
                 pos += bytesCopied;
             }
+
+            output.close();
+            output = &lt;span class=&quot;code-keyword&quot;&gt;null&lt;/span&gt;;
+
+            fos.close();
+            fos = &lt;span class=&quot;code-keyword&quot;&gt;null&lt;/span&gt;;
+
+            input.close();
+            input = &lt;span class=&quot;code-keyword&quot;&gt;null&lt;/span&gt;;
+
+            fis.close();
+            fis = &lt;span class=&quot;code-keyword&quot;&gt;null&lt;/span&gt;;
         } &lt;span class=&quot;code-keyword&quot;&gt;finally&lt;/span&gt; {
             IOUtils.closeQuietly(output, fos, input, fis);
         }
&lt;/pre&gt;
&lt;/div&gt;&lt;/div&gt;

&lt;p&gt;... some exceptions are still dropped on the floor. For example, output.close() works but fos.close() fails, then you do not &quot;see&quot; other failures. So what we really trying to do here, hide all except the 1st failure? But then, what is the proper order all the of close() calls. Should other errors then at least be printed on the console? Yikes. Sounds like a mess!&lt;/p&gt;

&lt;p&gt;A change like this could also trip up existing apps in the case where exceptions are now thrown. But it seems quite legitimate to me... I would not care that the input fails to close but I sure do care about the output. &lt;/p&gt;

&lt;p&gt;Perhaps, always throwing an exception on closing the output and ignoring exceptions on closing the input would be best?&lt;/p&gt;

&lt;p&gt;Thoughts?&lt;/p&gt;</comment>
                            <comment id="15257219" author="schulte77" created="Mon, 25 Apr 2016 23:11:59 +0000"  >&lt;p&gt;Good questions. Closing the input silently shouldn&apos;t be an issue. Issue is the implementation of the output may make use of some kind of buffering internally and a &apos;close&apos; may trigger some kind of flushing which may produce an exception which shouldn&apos;t be suppressed. So when the &apos;close&apos; of the output throws an exception I would expect the operation to have failed and would want that exception to be propagated to the caller.&lt;/p&gt;</comment>
                            <comment id="15257252" author="schulte77" created="Mon, 25 Apr 2016 23:33:56 +0000"  >&lt;p&gt;The &apos;close&apos; method of &apos;FileOutputStream&apos; translates to a call to OpenJDK&apos;s native &lt;a href=&quot;http://hg.openjdk.java.net/jdk7u/jdk7u/jdk/file/34c594b52b73/src/solaris/native/java/io/io_util_md.c#l88&quot; class=&quot;external-link&quot; rel=&quot;nofollow&quot;&gt;fileClose&lt;/a&gt; method. That will call &lt;a href=&quot;http://hg.openjdk.java.net/jdk7u/jdk7u-dev/hotspot/file/2cd3690f644c/src/share/vm/prims/jvm.cpp#l2642&quot; class=&quot;external-link&quot; rel=&quot;nofollow&quot;&gt;JVM_Close&lt;/a&gt; leading to the operating system&apos;s C libraries &apos;close&apos; function getting called. Definitely want any error that function returns to be propagated as an exception to the caller. It&apos;s completely operating system dependent. On my system the manpage of close states:&lt;/p&gt;

&lt;div class=&quot;preformatted panel&quot; style=&quot;border-width: 1px;&quot;&gt;&lt;div class=&quot;preformattedContent panelContent&quot;&gt;
&lt;pre&gt;ERRORS
     close() will fail if:

     [EBADF]            d is not an active descriptor.
     [EINTR]            An interrupt was received.
     [EIO]              An I/O error occurred while writing to the file system.
&lt;/pre&gt;
&lt;/div&gt;&lt;/div&gt;

&lt;p&gt;Not suppressing any of these errors silently should do. I think closing a channel obtained from a stream will also close the stream internally. I do not know if that is specified behaviour or just an implementation detail of e.g. OpenJDK.&lt;/p&gt;</comment>
                            <comment id="15257265" author="sebb@apache.org" created="Mon, 25 Apr 2016 23:46:02 +0000"  >&lt;p&gt;Seems to me that the suggested patch is fine.&lt;/p&gt;

&lt;p&gt;It closes the output objects first, so those take precedence over input.&lt;br/&gt;
It also closes the channel before the stream.&lt;/p&gt;

&lt;p&gt;Is there really any point in trying to capture further close errors once the first error has occurred?&lt;br/&gt;
Would that provide any useful information?&lt;/p&gt;</comment>
                            <comment id="15259213" author="garydgregory" created="Tue, 26 Apr 2016 23:56:02 +0000"  >&lt;p&gt;&lt;a href=&quot;https://issues.apache.org/jira/secure/ViewProfile.jspa?name=schulte77&quot; class=&quot;user-hover&quot; rel=&quot;schulte77&quot;&gt;Christian Schulte&lt;/a&gt;,&lt;/p&gt;

&lt;p&gt;The patch causes NPE. Fixed is subsequent commit.&lt;/p&gt;

&lt;p&gt;Please verify and close.&lt;/p&gt;

&lt;p&gt;Thank you!&lt;/p&gt;

&lt;p&gt;Gary&lt;/p&gt;</comment>
                            <comment id="15260370" author="schulte77" created="Wed, 27 Apr 2016 16:02:19 +0000"  >&lt;p&gt;Getting&lt;/p&gt;

&lt;div class=&quot;code panel&quot; style=&quot;border-width: 1px;&quot;&gt;&lt;div class=&quot;codeContent panelContent&quot;&gt;
&lt;pre class=&quot;code-java&quot;&gt;
testGetFreeSpace_String(org.apache.commons.io.FileSystemUtilsTestCase)  Time elapsed: 0.277 sec  &amp;lt;&amp;lt;&amp;lt; ERROR!
java.lang.IllegalStateException: Unsupported operating system
        at org.apache.commons.io.FileSystemUtils.freeSpaceOS(FileSystemUtils.java:271)
        at org.apache.commons.io.FileSystemUtils.freeSpace(FileSystemUtils.java:143)
        at org.apache.commons.io.FileSystemUtilsTestCase.testGetFreeSpace_String(FileSystemUtilsTestCase.java:71)
&lt;/pre&gt;
&lt;/div&gt;&lt;/div&gt;

&lt;p&gt;os.name is &quot;OpenBSD&quot;. Patch adding support for it.&lt;/p&gt;

&lt;div class=&quot;code panel&quot; style=&quot;border-width: 1px;&quot;&gt;&lt;div class=&quot;codeContent panelContent&quot;&gt;
&lt;pre class=&quot;code-java&quot;&gt;
[INFO] ------------------------------------------------------------------------
[INFO] BUILD SUCCESS
[INFO] ------------------------------------------------------------------------
&lt;/pre&gt;
&lt;/div&gt;&lt;/div&gt;</comment>
                            <comment id="15260551" author="garydgregory" created="Wed, 27 Apr 2016 17:32:35 +0000"  >&lt;p&gt;Reopening to apply 2nd patch.&lt;/p&gt;</comment>
                            <comment id="15260552" author="garydgregory" created="Wed, 27 Apr 2016 17:32:47 +0000"  >&lt;div class=&quot;preformatted panel&quot; style=&quot;border-width: 1px;&quot;&gt;&lt;div class=&quot;preformattedContent panelContent&quot;&gt;
&lt;pre&gt;commit -m &quot;[IO-502] Exceptions are suppressed incorrectly when copying files. 2nd patch.&quot; -N E:/vcs/svn/apache/commons/trunks-proper/io/src/main/java/org/apache/commons/io/FileSystemUtils.java
    Sending        E:/vcs/svn/apache/commons/trunks-proper/io/src/main/java/org/apache/commons/io/FileSystemUtils.java
    Transmitting file data ...
    Committed revision 1741296.
&lt;/pre&gt;
&lt;/div&gt;&lt;/div&gt;

&lt;p&gt;Please verify and fix.&lt;/p&gt;

&lt;p&gt;Thank you!&lt;/p&gt;</comment>
                    </comments>
                    <attachments>
                            <attachment id="12801054" name="IO-502-OpenBSD.patch" size="662" author="schulte77" created="Wed, 27 Apr 2016 16:02:19 +0000"/>
                            <attachment id="12800526" name="IO-502.patch" size="1431" author="schulte77" created="Mon, 25 Apr 2016 14:21:12 +0000"/>
                    </attachments>
                <subtasks>
                    </subtasks>
                <customfields>
                                                <customfield id="customfield_12310310" key="com.atlassian.jira.toolkit:attachments">
                        <customfieldname>Attachment count</customfieldname>
                        <customfieldvalues>
                            <customfieldvalue>2.0</customfieldvalue>
                        </customfieldvalues>
                    </customfield>
                                                                                                                                                                                                                                                                                                                                                                                                                                                                                                                                <customfield id="customfield_12310220" key="com.atlassian.jira.ext.charting:firstresponsedate">
                        <customfieldname>Date of First Response</customfieldname>
                        <customfieldvalues>
                            <customfieldvalue>Mon, 25 Apr 2016 21:55:20 +0000</customfieldvalue>

                        </customfieldvalues>
                    </customfield>
                                                                                                                                                                                                            <customfield id="customfield_12310250" key="com.atlassian.jira.plugin.system.customfieldtypes:multicheckboxes">
                        <customfieldname>Flags</customfieldname>
                        <customfieldvalues>
                                <customfieldvalue key="10430"><![CDATA[Patch]]></customfieldvalue>
    
                        </customfieldvalues>
                    </customfield>
                                                                                                                                                                                                                                                                    <customfield id="customfield_12310420" key="com.pyxis.greenhopper.jira:gh-global-rank">
                        <customfieldname>Global Rank</customfieldname>
                        <customfieldvalues>
                            <customfieldvalue>9223372036854775807</customfieldvalue>
                        </customfieldvalues>
                    </customfield>
                                                                                                                        <customfield id="customfield_12312521" key="com.atlassian.jira.toolkit:LastCommentDate">
                        <customfieldname>Last public comment date</customfieldname>
                        <customfieldvalues>
                            29 weeks, 3 days ago
                        </customfieldvalues>
                    </customfield>
                                                                                            <customfield id="customfield_12311820" key="com.pyxis.greenhopper.jira:gh-lexo-rank">
                        <customfieldname>Rank</customfieldname>
                        <customfieldvalues>
                            <customfieldvalue>0|i2wowv:</customfieldvalue>

                        </customfieldvalues>
                    </customfield>
                                                                <customfield id="customfield_12310920" key="com.pyxis.greenhopper.jira:gh-global-rank">
                        <customfieldname>Rank (Obsolete)</customfieldname>
                        <customfieldvalues>
                            <customfieldvalue>9223372036854775807</customfieldvalue>
                        </customfieldvalues>
                    </customfield>
                                                                                                                                                                                                                                        <customfield id="customfield_12310222" key="com.atlassian.jira.ext.charting:timeinstatus">
                        <customfieldname>Time in Status</customfieldname>
                        <customfieldvalues>
                            
                        </customfieldvalues>
                    </customfield>
                                                                                                                        </customfields>
    </item>
</channel>
</rss>