<!-- 
RSS generated by JIRA (6.3.4#6332-sha1:51bc225ef474afe3128b2f66878477f322397b16) at Sun Nov 20 15:06:23 UTC 2016

It is possible to restrict the fields that are returned in this document by specifying the 'field' parameter in your request.
For example, to request only the issue key and summary add field=key&field=summary to the URL of your request.
For example:
https://issues.apache.org/jira/si/jira.issueviews:issue-xml/IO-511/IO-511.xml?field=key&amp;field=summary
-->
<rss version="0.92" >
<channel>
    <title>ASF JIRA</title>
    <link>https://issues.apache.org/jira</link>
    <description>This file is an XML representation of an issue</description>
    <language>en-uk</language>    <build-info>
        <version>6.3.4</version>
        <build-number>6332</build-number>
        <build-date>15-08-2014</build-date>
    </build-info>

<item>
            <title>[IO-511] After a few unit tests, a few newly created directories not cleaned completely.</title>
                <link>https://issues.apache.org/jira/browse/IO-511</link>
                <project id="12310477" key="IO">Commons IO</project>
                    <description>&lt;p&gt;After a few unit tests, &quot;test/io&quot; folder is not deleted. It&apos;s a bad practice in software engineering, because disk shouldn&apos;t polluted.&lt;/p&gt;</description>
                <environment></environment>
        <key id="12983171">IO-511</key>
            <summary>After a few unit tests, a few newly created directories not cleaned completely.</summary>
                <type id="1" iconUrl="https://issues.apache.org/jira/images/icons/issuetypes/bug.png">Bug</type>
                                            <priority id="4" iconUrl="https://issues.apache.org/jira/images/icons/priorities/minor.png">Minor</priority>
                        <status id="5" iconUrl="https://issues.apache.org/jira/images/icons/statuses/resolved.png" description="A resolution has been taken, and it is awaiting verification by reporter. From here issues are either reopened, or are closed.">Resolved</status>
                    <statusCategory id="3" key="done" colorName="green"/>
                                    <resolution id="1">Fixed</resolution>
                                        <assignee username="britter">Benedikt Ritter</assignee>
                                    <reporter username="ahmetcelik">Ahmet Celik</reporter>
                        <labels>
                            <label>pollution</label>
                            <label>test</label>
                    </labels>
                <created>Sat, 25 Jun 2016 20:29:48 +0000</created>
                <updated>Sun, 26 Jun 2016 14:46:13 +0000</updated>
                            <resolved>Sun, 26 Jun 2016 14:26:54 +0000</resolved>
                                                    <fixVersion>2.6</fixVersion>
                                        <due></due>
                            <votes>0</votes>
                                    <watches>3</watches>
                                    <timeoriginalestimate seconds="3600">1h</timeoriginalestimate>
                            <timeestimate seconds="3600">1h</timeestimate>
                                        <comments>
                            <comment id="15349775" author="githubbot" created="Sat, 25 Jun 2016 20:31:25 +0000"  >&lt;p&gt;GitHub user ahmet-celik opened a pull request:&lt;/p&gt;

&lt;p&gt;    &lt;a href=&quot;https://github.com/apache/commons-io/pull/13&quot; class=&quot;external-link&quot; rel=&quot;nofollow&quot;&gt;https://github.com/apache/commons-io/pull/13&lt;/a&gt;&lt;/p&gt;

&lt;p&gt;    Cleaning directories after each test run, to prevent repository pollution.&lt;/p&gt;

&lt;p&gt;    &lt;a href=&quot;https://issues.apache.org/jira/browse/IO-511&quot; class=&quot;external-link&quot; rel=&quot;nofollow&quot;&gt;https://issues.apache.org/jira/browse/IO-511&lt;/a&gt;&lt;/p&gt;

&lt;p&gt;You can merge this pull request into a Git repository by running:&lt;/p&gt;

&lt;p&gt;    $ git pull &lt;a href=&quot;https://github.com/ahmet-celik/commons-io&quot; class=&quot;external-link&quot; rel=&quot;nofollow&quot;&gt;https://github.com/ahmet-celik/commons-io&lt;/a&gt; testDirectoryPollution&lt;/p&gt;

&lt;p&gt;Alternatively you can review and apply these changes as the patch at:&lt;/p&gt;

&lt;p&gt;    &lt;a href=&quot;https://github.com/apache/commons-io/pull/13.patch&quot; class=&quot;external-link&quot; rel=&quot;nofollow&quot;&gt;https://github.com/apache/commons-io/pull/13.patch&lt;/a&gt;&lt;/p&gt;

&lt;p&gt;To close this pull request, make a commit to your master/trunk branch&lt;br/&gt;
with (at least) the following in the commit message:&lt;/p&gt;

&lt;p&gt;    This closes #13&lt;/p&gt;

&lt;hr /&gt;
&lt;p&gt;commit d35cb11e24e03ab4447c452f91ecff01b6d92555&lt;br/&gt;
Author: Ahmet Celik &amp;lt;ahmetcelik@utexas.edu&amp;gt;&lt;br/&gt;
Date:   2016-06-23T17:14:45Z&lt;/p&gt;

&lt;p&gt;    Cleaning directories after each test run, to prevent file pollution.&lt;/p&gt;

&lt;hr /&gt;</comment>
                            <comment id="15350130" author="britter" created="Sun, 26 Jun 2016 14:26:54 +0000"  >&lt;div class=&quot;code panel&quot; style=&quot;border-width: 1px;&quot;&gt;&lt;div class=&quot;codeContent panelContent&quot;&gt;
&lt;pre class=&quot;code-java&quot;&gt;
$ svn ci -m &lt;span class=&quot;code-quote&quot;&gt;&quot;IO-511: After a few unit tests, a few newly created directories not cleaned completely. Thanks to Ahmet Celik. This also closes #13 from GitHub.&quot;&lt;/span&gt;
Sending        src/changes/changes.xml
Sending        src/test/java/org/apache/commons/io/FileDeleteStrategyTestCase.java
Sending        src/test/java/org/apache/commons/io/FileUtilsCleanDirectoryTestCase.java
Sending        src/test/java/org/apache/commons/io/FileUtilsFileNewerTestCase.java
Sending        src/test/java/org/apache/commons/io/FileUtilsListFilesTestCase.java
Sending        src/test/java/org/apache/commons/io/output/LockableFileWriterTest.java
Transmitting file data ......done
Committing transaction...
Committed revision 1750250.
&lt;/pre&gt;
&lt;/div&gt;&lt;/div&gt;

&lt;p&gt;Thank you!&lt;/p&gt;</comment>
                            <comment id="15350136" author="githubbot" created="Sun, 26 Jun 2016 14:46:13 +0000"  >&lt;p&gt;Github user asfgit closed the pull request at:&lt;/p&gt;

&lt;p&gt;    &lt;a href=&quot;https://github.com/apache/commons-io/pull/13&quot; class=&quot;external-link&quot; rel=&quot;nofollow&quot;&gt;https://github.com/apache/commons-io/pull/13&lt;/a&gt;&lt;/p&gt;</comment>
                    </comments>
                    <attachments>
                    </attachments>
                <subtasks>
                    </subtasks>
                <customfields>
                                                <customfield id="customfield_12310310" key="com.atlassian.jira.toolkit:attachments">
                        <customfieldname>Attachment count</customfieldname>
                        <customfieldvalues>
                            <customfieldvalue>0.0</customfieldvalue>
                        </customfieldvalues>
                    </customfield>
                                                                                                                                                                                                                                                                                                                                                                                                                                                                                                                                <customfield id="customfield_12310220" key="com.atlassian.jira.ext.charting:firstresponsedate">
                        <customfieldname>Date of First Response</customfieldname>
                        <customfieldvalues>
                            <customfieldvalue>Sat, 25 Jun 2016 20:31:25 +0000</customfieldvalue>

                        </customfieldvalues>
                    </customfield>
                                                                                                                                                                                                                                                                                                                                                                                                                                            <customfield id="customfield_12310420" key="com.pyxis.greenhopper.jira:gh-global-rank">
                        <customfieldname>Global Rank</customfieldname>
                        <customfieldvalues>
                            <customfieldvalue>9223372036854775807</customfieldvalue>
                        </customfieldvalues>
                    </customfield>
                                                                                                                        <customfield id="customfield_12312521" key="com.atlassian.jira.toolkit:LastCommentDate">
                        <customfieldname>Last public comment date</customfieldname>
                        <customfieldvalues>
                            21 weeks ago
                        </customfieldvalues>
                    </customfield>
                                                                                            <customfield id="customfield_12311820" key="com.pyxis.greenhopper.jira:gh-lexo-rank">
                        <customfieldname>Rank</customfieldname>
                        <customfieldvalues>
                            <customfieldvalue>0|i303jb:</customfieldvalue>

                        </customfieldvalues>
                    </customfield>
                                                                <customfield id="customfield_12310920" key="com.pyxis.greenhopper.jira:gh-global-rank">
                        <customfieldname>Rank (Obsolete)</customfieldname>
                        <customfieldvalues>
                            <customfieldvalue>9223372036854775807</customfieldvalue>
                        </customfieldvalues>
                    </customfield>
                                                                                                                                                                                                                                        <customfield id="customfield_12310222" key="com.atlassian.jira.ext.charting:timeinstatus">
                        <customfieldname>Time in Status</customfieldname>
                        <customfieldvalues>
                            
                        </customfieldvalues>
                    </customfield>
                                                                                                                        </customfields>
    </item>
</channel>
</rss>