<!-- 
RSS generated by JIRA (6.3.4#6332-sha1:51bc225ef474afe3128b2f66878477f322397b16) at Sun Nov 20 14:45:37 UTC 2016

It is possible to restrict the fields that are returned in this document by specifying the 'field' parameter in your request.
For example, to request only the issue key and summary add field=key&field=summary to the URL of your request.
For example:
https://issues.apache.org/jira/si/jira.issueviews:issue-xml/IO-74/IO-74.xml?field=key&amp;field=summary
-->
<rss version="0.92" >
<channel>
    <title>ASF JIRA</title>
    <link>https://issues.apache.org/jira</link>
    <description>This file is an XML representation of an issue</description>
    <language>en-uk</language>    <build-info>
        <version>6.3.4</version>
        <build-number>6332</build-number>
        <build-date>15-08-2014</build-date>
    </build-info>

<item>
            <title>[IO-74] Regular expression file name filter implementation</title>
                <link>https://issues.apache.org/jira/browse/IO-74</link>
                <project id="12310477" key="IO">Commons IO</project>
                    <description>&lt;p&gt;I&apos;ve written a RegexFilter for commons-io. I&apos;d like to share it with other&apos;s.&lt;br/&gt;
Hope there&apos;ll be a JDK 1.4+ branch soon, so this can be applied.&lt;/p&gt;</description>
                <environment>&lt;p&gt;Operating System: other&lt;br/&gt;
Platform: Other&lt;/p&gt;</environment>
        <key id="12342877">IO-74</key>
            <summary>Regular expression file name filter implementation</summary>
                <type id="4" iconUrl="https://issues.apache.org/jira/images/icons/issuetypes/improvement.png">Improvement</type>
                                            <priority id="4" iconUrl="https://issues.apache.org/jira/images/icons/priorities/minor.png">Minor</priority>
                        <status id="6" iconUrl="https://issues.apache.org/jira/images/icons/statuses/closed.png" description="The issue is considered finished, the resolution is correct. Issues which are closed can be reopened.">Closed</status>
                    <statusCategory id="3" key="done" colorName="green"/>
                                    <resolution id="1">Fixed</resolution>
                                        <assignee username="niallp">Niall Pemberton</assignee>
                                    <reporter username="oliver@siegmar.net">Oliver Siegmar</reporter>
                        <labels>
                    </labels>
                <created>Mon, 30 Jan 2006 20:35:37 +0000</created>
                <updated>Thu, 2 May 2013 02:29:11 +0000</updated>
                            <resolved>Sat, 13 Oct 2007 01:37:54 +0000</resolved>
                                                    <fixVersion>1.4</fixVersion>
                                    <component>Filters</component>
                        <due></due>
                            <votes>1</votes>
                                    <watches>1</watches>
                                                                <comments>
                            <comment id="12411335" author="oliver@siegmar.net" created="Mon, 30 Jan 2006 20:36:33 +0000"  >&lt;p&gt;Created an attachment (id=17535)&lt;br/&gt;
RegexFilter&lt;/p&gt;</comment>
                            <comment id="12420780" author="bayard" created="Thu, 13 Jul 2006 10:25:29 +0000"  >&lt;p&gt;Consider this in the next release (along with the other regex filter) and accepting a dependency on Java 1.4.&lt;/p&gt;</comment>
                            <comment id="12534425" author="niallp" created="Fri, 12 Oct 2007 22:11:39 +0000"  >&lt;p&gt;Thanks for the patch Oliver - I have added this, but also done some refactoring. I removed the facility to specify arrays/lists of regular expression Strings for a number of reasons&lt;/p&gt;

&lt;ul class=&quot;alternate&quot; type=&quot;square&quot;&gt;
	&lt;li&gt;firstly seemed like a good idea to add constructors that specifying either Pattern flags or case sensitivity (using IOCase), but adding all flavours for flags/case and array/List seemed cumbersome.&lt;/li&gt;
	&lt;li&gt;also the array/list facility only catered for OR conditions which is limiting since users may want AND - Commons IO already contains AndFileFilter / OrFileFilter implementations which can be used with RegexFileFilter to achieve both&lt;/li&gt;
&lt;/ul&gt;


&lt;p&gt;&lt;a href=&quot;http://svn.apache.org/viewvc/commons/proper/io/trunk/src/java/org/apache/commons/io/filefilter/RegexFileFilter.java?view=log&quot; class=&quot;external-link&quot; rel=&quot;nofollow&quot;&gt;http://svn.apache.org/viewvc/commons/proper/io/trunk/src/java/org/apache/commons/io/filefilter/RegexFileFilter.java?view=log&lt;/a&gt;&lt;/p&gt;</comment>
                    </comments>
                <issuelinks>
                            <issuelinktype id="12310000">
                    <name>Duplicate</name>
                                                                <inwardlinks description="is duplicated by">
                                        <issuelink>
            <issuekey id="12385259">IO-150</issuekey>
        </issuelink>
            <issuelink>
            <issuekey id="12341952">IO-66</issuekey>
        </issuelink>
                            </inwardlinks>
                                    </issuelinktype>
                            <issuelinktype id="10001">
                    <name>dependent</name>
                                            <outwardlinks description="depends upon">
                                        <issuelink>
            <issuekey id="12380254">IO-127</issuekey>
        </issuelink>
                            </outwardlinks>
                                                        </issuelinktype>
                    </issuelinks>
                <attachments>
                            <attachment id="12334008" name="ASF.LICENSE.NOT.GRANTED--commons-io_regexfilter.patch" size="9947" author="oliver@siegmar.net" created="Mon, 30 Jan 2006 20:36:33 +0000"/>
                    </attachments>
                <subtasks>
                    </subtasks>
                <customfields>
                                                <customfield id="customfield_12310310" key="com.atlassian.jira.toolkit:attachments">
                        <customfieldname>Attachment count</customfieldname>
                        <customfieldvalues>
                            <customfieldvalue>1.0</customfieldvalue>
                        </customfieldvalues>
                    </customfield>
                                                                                                                                                                                                                                                                                                                                                                                                                                                                        <customfield id="customfield_10010" key="com.atlassian.jira.plugin.system.customfieldtypes:importid">
                        <customfieldname>Bugzilla Id</customfieldname>
                        <customfieldvalues>
                            <customfieldvalue>38445</customfieldvalue>
                        </customfieldvalues>
                    </customfield>
                                                                                            <customfield id="customfield_12310220" key="com.atlassian.jira.ext.charting:firstresponsedate">
                        <customfieldname>Date of First Response</customfieldname>
                        <customfieldvalues>
                            <customfieldvalue>Thu, 13 Jul 2006 10:25:29 +0000</customfieldvalue>

                        </customfieldvalues>
                    </customfield>
                                                                                                                                                                                                                                                                                                                                                                                                                                            <customfield id="customfield_12310420" key="com.pyxis.greenhopper.jira:gh-global-rank">
                        <customfieldname>Global Rank</customfieldname>
                        <customfieldvalues>
                            <customfieldvalue>139528</customfieldvalue>
                        </customfieldvalues>
                    </customfield>
                                                                                                                        <customfield id="customfield_12312521" key="com.atlassian.jira.toolkit:LastCommentDate">
                        <customfieldname>Last public comment date</customfieldname>
                        <customfieldvalues>
                            9 years, 7 weeks, 1 day ago
                        </customfieldvalues>
                    </customfield>
                                                                                            <customfield id="customfield_12311820" key="com.pyxis.greenhopper.jira:gh-lexo-rank">
                        <customfieldname>Rank</customfieldname>
                        <customfieldvalues>
                            <customfieldvalue>0|i0smmv:</customfieldvalue>

                        </customfieldvalues>
                    </customfield>
                                                                <customfield id="customfield_12310920" key="com.pyxis.greenhopper.jira:gh-global-rank">
                        <customfieldname>Rank (Obsolete)</customfieldname>
                        <customfieldvalues>
                            <customfieldvalue>165144</customfieldvalue>
                        </customfieldvalues>
                    </customfield>
                                                                                                                                                                                                                                        <customfield id="customfield_12310222" key="com.atlassian.jira.ext.charting:timeinstatus">
                        <customfieldname>Time in Status</customfieldname>
                        <customfieldvalues>
                            
                        </customfieldvalues>
                    </customfield>
                                                                                                                        </customfields>
    </item>
</channel>
</rss>