<!-- 
RSS generated by JIRA (6.3.4#6332-sha1:51bc225ef474afe3128b2f66878477f322397b16) at Sun Nov 20 14:42:09 UTC 2016

It is possible to restrict the fields that are returned in this document by specifying the 'field' parameter in your request.
For example, to request only the issue key and summary add field=key&field=summary to the URL of your request.
For example:
https://issues.apache.org/jira/si/jira.issueviews:issue-xml/IO-79/IO-79.xml?field=key&amp;field=summary
-->
<rss version="0.92" >
<channel>
    <title>ASF JIRA</title>
    <link>https://issues.apache.org/jira</link>
    <description>This file is an XML representation of an issue</description>
    <language>en-uk</language>    <build-info>
        <version>6.3.4</version>
        <build-number>6332</build-number>
        <build-date>15-08-2014</build-date>
    </build-info>

<item>
            <title>[IO-79] [IO][PATCH] - file and directory pollers</title>
                <link>https://issues.apache.org/jira/browse/IO-79</link>
                <project id="12310477" key="IO">Commons IO</project>
                    <description>&lt;p&gt;Add classes that will monitor a file/directory and notify registered observers &lt;br/&gt;
creation, deletion and content change events occur.  Source is in the &lt;br/&gt;
attachement file_directory_poller.jar as they are all new files.&lt;/p&gt;</description>
                <environment>&lt;p&gt;Operating System: other&lt;br/&gt;
Platform: Other&lt;/p&gt;</environment>
        <key id="12342828">IO-79</key>
            <summary>[IO][PATCH] - file and directory pollers</summary>
                <type id="4" iconUrl="https://issues.apache.org/jira/images/icons/issuetypes/improvement.png">Improvement</type>
                                            <priority id="4" iconUrl="https://issues.apache.org/jira/images/icons/priorities/minor.png">Minor</priority>
                        <status id="6" iconUrl="https://issues.apache.org/jira/images/icons/statuses/closed.png" description="The issue is considered finished, the resolution is correct. Issues which are closed can be reopened.">Closed</status>
                    <statusCategory id="3" key="done" colorName="green"/>
                                    <resolution id="3">Duplicate</resolution>
                                        <assignee username="-1">Unassigned</assignee>
                                    <reporter username="jim.harrington@us.army.mil">Jim Harrington</reporter>
                        <labels>
                    </labels>
                <created>Mon, 2 Jan 2006 20:04:55 +0000</created>
                <updated>Fri, 22 Aug 2008 07:36:49 +0000</updated>
                            <resolved>Fri, 30 May 2008 15:55:20 +0000</resolved>
                                    <version>1.1</version>
                                    <fixVersion>2.0</fixVersion>
                                    <component>Utilities</component>
                        <due></due>
                            <votes>1</votes>
                                    <watches>2</watches>
                                                                <comments>
                            <comment id="12411187" author="jim.harrington@us.army.mil" created="Mon, 2 Jan 2006 20:07:50 +0000"  >&lt;p&gt;Created an attachment (id=17305)&lt;br/&gt;
source code fro file and directly pollers and associated test cases&lt;/p&gt;</comment>
                            <comment id="12420779" author="bayard" created="Thu, 13 Jul 2006 10:24:15 +0000"  >&lt;p&gt;Surprised we&apos;ve not got pollers already. Definite +1 for 1.3.&lt;/p&gt;</comment>
                            <comment id="12441477" author="h2o" created="Wed, 11 Oct 2006 15:16:50 +0000"  >&lt;p&gt;It would be incredibly useful if this functionality could make optional use of an alternative backend, e.g. &lt;a href=&quot;http://jnotify.sourceforge.net/&quot; class=&quot;external-link&quot; rel=&quot;nofollow&quot;&gt;http://jnotify.sourceforge.net/&lt;/a&gt;. By default the Java mechanisms can be used but having a pluggable &quot;event provider&quot; abstraction interface would be nice.&lt;/p&gt;</comment>
                            <comment id="12463667" author="bayard" created="Wed, 10 Jan 2007 18:45:48 +0000"  >&lt;p&gt;Quartz contains a FileScanJob that is a poller - so possibly it might be better to point people to that.&lt;/p&gt;</comment>
                            <comment id="12601178" author="niallp" created="Fri, 30 May 2008 15:55:20 +0000"  >&lt;p&gt;Closing as duplicate of &lt;a href=&quot;https://issues.apache.org/jira/browse/IO-132&quot; title=&quot;File Listener/Monitor&quot; class=&quot;issue-link&quot; data-issue-key=&quot;IO-132&quot;&gt;&lt;del&gt;IO-132&lt;/del&gt;&lt;/a&gt;&lt;/p&gt;</comment>
                    </comments>
                <issuelinks>
                            <issuelinktype id="12310000">
                    <name>Duplicate</name>
                                            <outwardlinks description="duplicates">
                                        <issuelink>
            <issuekey id="12380822">IO-132</issuekey>
        </issuelink>
                            </outwardlinks>
                                                        </issuelinktype>
                            <issuelinktype id="10030">
                    <name>Reference</name>
                                                                <inwardlinks description="is related to">
                                        <issuelink>
            <issuekey id="12380822">IO-132</issuekey>
        </issuelink>
                            </inwardlinks>
                                    </issuelinktype>
                    </issuelinks>
                <attachments>
                            <attachment id="12333968" name="ASF.LICENSE.NOT.GRANTED--file_directory_poller.jar" size="6961" author="jim.harrington@us.army.mil" created="Mon, 2 Jan 2006 20:07:50 +0000"/>
                    </attachments>
                <subtasks>
                    </subtasks>
                <customfields>
                                                <customfield id="customfield_12310310" key="com.atlassian.jira.toolkit:attachments">
                        <customfieldname>Attachment count</customfieldname>
                        <customfieldvalues>
                            <customfieldvalue>1.0</customfieldvalue>
                        </customfieldvalues>
                    </customfield>
                                                                                                                                                                                                                                                                                                                                                                                                                                                                        <customfield id="customfield_10010" key="com.atlassian.jira.plugin.system.customfieldtypes:importid">
                        <customfieldname>Bugzilla Id</customfieldname>
                        <customfieldvalues>
                            <customfieldvalue>38093</customfieldvalue>
                        </customfieldvalues>
                    </customfield>
                                                                                            <customfield id="customfield_12310220" key="com.atlassian.jira.ext.charting:firstresponsedate">
                        <customfieldname>Date of First Response</customfieldname>
                        <customfieldvalues>
                            <customfieldvalue>Thu, 13 Jul 2006 10:24:15 +0000</customfieldvalue>

                        </customfieldvalues>
                    </customfield>
                                                                                                                                                                                                                                                                                                                                                                                                                                            <customfield id="customfield_12310420" key="com.pyxis.greenhopper.jira:gh-global-rank">
                        <customfieldname>Global Rank</customfieldname>
                        <customfieldvalues>
                            <customfieldvalue>139532</customfieldvalue>
                        </customfieldvalues>
                    </customfield>
                                                                                                                        <customfield id="customfield_12312521" key="com.atlassian.jira.toolkit:LastCommentDate">
                        <customfieldname>Last public comment date</customfieldname>
                        <customfieldvalues>
                            8 years, 26 weeks, 1 day ago
                        </customfieldvalues>
                    </customfield>
                                                                                            <customfield id="customfield_12311820" key="com.pyxis.greenhopper.jira:gh-lexo-rank">
                        <customfieldname>Rank</customfieldname>
                        <customfieldvalues>
                            <customfieldvalue>0|i0smlz:</customfieldvalue>

                        </customfieldvalues>
                    </customfield>
                                                                <customfield id="customfield_12310920" key="com.pyxis.greenhopper.jira:gh-global-rank">
                        <customfieldname>Rank (Obsolete)</customfieldname>
                        <customfieldvalues>
                            <customfieldvalue>165140</customfieldvalue>
                        </customfieldvalues>
                    </customfield>
                                                                                                                                                                                                                                        <customfield id="customfield_12310222" key="com.atlassian.jira.ext.charting:timeinstatus">
                        <customfieldname>Time in Status</customfieldname>
                        <customfieldvalues>
                            
                        </customfieldvalues>
                    </customfield>
                                                                                                                        </customfields>
    </item>
</channel>
</rss>