<!-- 
RSS generated by JIRA (6.3.4#6332-sha1:51bc225ef474afe3128b2f66878477f322397b16) at Thu Dec 01 19:03:48 UTC 2016

It is possible to restrict the fields that are returned in this document by specifying the 'field' parameter in your request.
For example, to request only the issue key and summary add field=key&field=summary to the URL of your request.
For example:
https://issues.apache.org/jira/si/jira.issueviews:issue-xml/IO-83/IO-83.xml?field=key&amp;field=summary
-->
<rss version="0.92" >
<channel>
    <title>ASF JIRA</title>
    <link>https://issues.apache.org/jira</link>
    <description>This file is an XML representation of an issue</description>
    <language>en-uk</language>    <build-info>
        <version>6.3.4</version>
        <build-number>6332</build-number>
        <build-date>15-08-2014</build-date>
    </build-info>

<item>
            <title>[IO-83] Bug with &apos;df&apos; command on AIX 5.3</title>
                <link>https://issues.apache.org/jira/browse/IO-83</link>
                <project id="12310477" key="IO">Commons IO</project>
                    <description>&lt;p&gt;Reported via commons-owner@&lt;br/&gt;
--------------------------------------------&lt;/p&gt;

&lt;p&gt;From: James Urie&lt;br/&gt;
Sent: Tuesday, July 11, 2006 8:51 AM&lt;br/&gt;
To: &apos;commons-dev-subscribe@jakarta.apache.org&apos;&lt;br/&gt;
Subject: New AIX fix?&lt;/p&gt;



&lt;p&gt;Hello,&lt;/p&gt;



&lt;p&gt;I had to change the &quot;commons-io&quot; code to allow for usage on AIX 5.3.&lt;br/&gt;
Attached is the file with changes.&lt;/p&gt;

&lt;p&gt;The long and short of the change is that the &quot;df&quot; command used in the&lt;br/&gt;
File System Utils classes requires&lt;/p&gt;

&lt;p&gt;A &quot;P&quot; to be added to the switch to enable &quot;POSIX&quot; capability.&lt;/p&gt;


&lt;p&gt;James Urie&lt;/p&gt;</description>
                <environment></environment>
        <key id="12345827">IO-83</key>
            <summary>Bug with &apos;df&apos; command on AIX 5.3</summary>
                <type id="1" iconUrl="https://issues.apache.org/jira/images/icons/issuetypes/bug.png">Bug</type>
                                            <priority id="3" iconUrl="https://issues.apache.org/jira/images/icons/priorities/major.png">Major</priority>
                        <status id="6" iconUrl="https://issues.apache.org/jira/images/icons/statuses/closed.png" description="The issue is considered finished, the resolution is correct. Issues which are closed can be reopened.">Closed</status>
                    <statusCategory id="3" key="done" colorName="green"/>
                                    <resolution id="1">Fixed</resolution>
                                        <assignee username="scolebourne">Stephen Colebourne</assignee>
                                    <reporter username="bayard">Henri Yandell</reporter>
                        <labels>
                    </labels>
                <created>Wed, 12 Jul 2006 13:50:05 +0000</created>
                <updated>Fri, 9 Mar 2007 20:38:22 +0000</updated>
                            <resolved>Fri, 25 Aug 2006 21:44:03 +0000</resolved>
                                    <version>1.2</version>
                                    <fixVersion>1.3</fixVersion>
                                    <component>Utilities</component>
                        <due></due>
                            <votes>0</votes>
                                    <watches>0</watches>
                                                                <comments>
                            <comment id="12420785" author="bayard" created="Thu, 13 Jul 2006 10:30:30 +0000"  >&lt;p&gt;Hard to test (anyone got an AIX?) but we signed up for that by having a method that wasn&apos;t platform independent.&lt;/p&gt;</comment>
                            <comment id="12425446" author="grimsell" created="Thu, 3 Aug 2006 06:59:46 +0000"  >&lt;p&gt;HP-UX has the same issue as AIX. The attached file contains a fix where the method freeSpaceUnix takes a boolean posix which indicates whether to add the -P flag or not. For HP-UX and AIX psix arg is set to true.&lt;/p&gt;</comment>
                            <comment id="12430638" author="scolebourne" created="Fri, 25 Aug 2006 21:44:03 +0000"  >&lt;p&gt;Change made in rv436964&lt;/p&gt;

&lt;p&gt;Please retest using nighly build at &lt;a href=&quot;http://people.apache.org/builds/jakarta-commons/nightly/commons-io/&quot; class=&quot;external-link&quot; rel=&quot;nofollow&quot;&gt;http://people.apache.org/builds/jakarta-commons/nightly/commons-io/&lt;/a&gt; from the 26thAug&lt;/p&gt;

&lt;p&gt;We&apos;d appreciate feedback before releasing the code.&lt;/p&gt;</comment>
                    </comments>
                <issuelinks>
                            <issuelinktype id="10030">
                    <name>Reference</name>
                                                                <inwardlinks description="is related to">
                                        <issuelink>
            <issuekey id="12360325">IO-109</issuekey>
        </issuelink>
            <issuelink>
            <issuekey id="12360713">IO-110</issuekey>
        </issuelink>
                            </inwardlinks>
                                    </issuelinktype>
                    </issuelinks>
                <attachments>
                            <attachment id="12338045" name="FileSystemUtils.java" size="15044" author="grimsell" created="Thu, 3 Aug 2006 06:59:46 +0000"/>
                            <attachment id="12336708" name="FileSystemUtils.java" size="17799" author="bayard" created="Wed, 12 Jul 2006 13:50:58 +0000"/>
                            <attachment id="12338046" name="FileSystemUtilsTestCase.java" size="19801" author="grimsell" created="Thu, 3 Aug 2006 06:59:46 +0000"/>
                    </attachments>
                <subtasks>
                    </subtasks>
                <customfields>
                                                <customfield id="customfield_12310310" key="com.atlassian.jira.toolkit:attachments">
                        <customfieldname>Attachment count</customfieldname>
                        <customfieldvalues>
                            <customfieldvalue>3.0</customfieldvalue>
                        </customfieldvalues>
                    </customfield>
                                                                                                                                                                                                                                                                                                                                                                                                                                                                                                                                <customfield id="customfield_12310220" key="com.atlassian.jira.ext.charting:firstresponsedate">
                        <customfieldname>Date of First Response</customfieldname>
                        <customfieldvalues>
                            <customfieldvalue>Thu, 3 Aug 2006 06:59:46 +0000</customfieldvalue>

                        </customfieldvalues>
                    </customfield>
                                                                                                                                                                                                                                                                                                                                                                                                                                            <customfield id="customfield_12310420" key="com.pyxis.greenhopper.jira:gh-global-rank">
                        <customfieldname>Global Rank</customfieldname>
                        <customfieldvalues>
                            <customfieldvalue>139536</customfieldvalue>
                        </customfieldvalues>
                    </customfield>
                                                                                                                        <customfield id="customfield_12312521" key="com.atlassian.jira.toolkit:LastCommentDate">
                        <customfieldname>Last public comment date</customfieldname>
                        <customfieldvalues>
                            10 years, 15 weeks, 5 days ago
                        </customfieldvalues>
                    </customfield>
                                                                                            <customfield id="customfield_12311820" key="com.pyxis.greenhopper.jira:gh-lexo-rank">
                        <customfieldname>Rank</customfieldname>
                        <customfieldvalues>
                            <customfieldvalue>0|i0sml3:</customfieldvalue>

                        </customfieldvalues>
                    </customfield>
                                                                <customfield id="customfield_12310920" key="com.pyxis.greenhopper.jira:gh-global-rank">
                        <customfieldname>Rank (Obsolete)</customfieldname>
                        <customfieldvalues>
                            <customfieldvalue>165136</customfieldvalue>
                        </customfieldvalues>
                    </customfield>
                                                                                                                                                                                                                                        <customfield id="customfield_12310222" key="com.atlassian.jira.ext.charting:timeinstatus">
                        <customfieldname>Time in Status</customfieldname>
                        <customfieldvalues>
                            
                        </customfieldvalues>
                    </customfield>
                                                                                                                        </customfields>
    </item>
</channel>
</rss>