<!-- 
RSS generated by JIRA (6.3.4#6332-sha1:51bc225ef474afe3128b2f66878477f322397b16) at Thu Dec 01 19:03:41 UTC 2016

It is possible to restrict the fields that are returned in this document by specifying the 'field' parameter in your request.
For example, to request only the issue key and summary add field=key&field=summary to the URL of your request.
For example:
https://issues.apache.org/jira/si/jira.issueviews:issue-xml/IO-82/IO-82.xml?field=key&amp;field=summary
-->
<rss version="0.92" >
<channel>
    <title>ASF JIRA</title>
    <link>https://issues.apache.org/jira</link>
    <description>This file is an XML representation of an issue</description>
    <language>en-uk</language>    <build-info>
        <version>6.3.4</version>
        <build-number>6332</build-number>
        <build-date>15-08-2014</build-date>
    </build-info>

<item>
            <title>[IO-82] Test takes a long time to run in Mustang</title>
                <link>https://issues.apache.org/jira/browse/IO-82</link>
                <project id="12310477" key="IO">Commons IO</project>
                    <description>&lt;p&gt;    &lt;span class=&quot;error&quot;&gt;&amp;#91;junit&amp;#93;&lt;/span&gt; Running org.apache.commons.io.FileCleanerTestCase&lt;br/&gt;
    &lt;span class=&quot;error&quot;&gt;&amp;#91;junit&amp;#93;&lt;/span&gt; Tests run: 1, Failures: 0, Errors: 0, Time elapsed: 116.485 sec&lt;/p&gt;

&lt;p&gt;On 1.4.2 on the same machine/checkout, it takes only 1.x seconds.&lt;/p&gt;</description>
                <environment>&lt;p&gt;Mustang RC b90 on Linux (x86)&lt;br/&gt;
&lt;a href=&quot;http://www.java.net/download/jdk6/binaries/jdk-6-rc-bin-b90-linux-i586-30_jun_2006.bin&quot; class=&quot;external-link&quot; rel=&quot;nofollow&quot;&gt;http://www.java.net/download/jdk6/binaries/jdk-6-rc-bin-b90-linux-i586-30_jun_2006.bin&lt;/a&gt;&lt;/p&gt;</environment>
        <key id="12345619">IO-82</key>
            <summary>Test takes a long time to run in Mustang</summary>
                <type id="1" iconUrl="https://issues.apache.org/jira/images/icons/issuetypes/bug.png">Bug</type>
                                            <priority id="3" iconUrl="https://issues.apache.org/jira/images/icons/priorities/major.png">Major</priority>
                        <status id="6" iconUrl="https://issues.apache.org/jira/images/icons/statuses/closed.png" description="The issue is considered finished, the resolution is correct. Issues which are closed can be reopened.">Closed</status>
                    <statusCategory id="3" key="done" colorName="green"/>
                                    <resolution id="1">Fixed</resolution>
                                        <assignee username="-1">Unassigned</assignee>
                                    <reporter username="bayard">Henri Yandell</reporter>
                        <labels>
                    </labels>
                <created>Sat, 8 Jul 2006 23:48:42 +0000</created>
                <updated>Fri, 9 Mar 2007 20:38:22 +0000</updated>
                            <resolved>Thu, 12 Oct 2006 16:36:12 +0000</resolved>
                                                    <fixVersion>1.3</fixVersion>
                                        <due></due>
                            <votes>0</votes>
                                    <watches>1</watches>
                                                                <comments>
                            <comment id="12420784" author="bayard" created="Thu, 13 Jul 2006 10:28:57 +0000"  >&lt;p&gt;Putting in 1.3. Punt to 1.4 if 1.3 goes out before a stable Mustang is available.&lt;/p&gt;</comment>
                            <comment id="12441274" author="niallp" created="Tue, 10 Oct 2006 20:05:14 +0000"  >&lt;p&gt;Running on Windows XP seems to be OK - I tried both the beta2 (mid-June I think) and the most recent (jdk-6-rc-bin-b101-windows-i586-05_oct_2006)&lt;/p&gt;</comment>
                            <comment id="12441375" author="scolebourne" created="Wed, 11 Oct 2006 08:22:38 +0000"  >&lt;p&gt;I&apos;d like to get IO 1.3 out soon. Hen, can you confirm this issue still exists?&lt;/p&gt;</comment>
                            <comment id="12441468" author="bayard" created="Wed, 11 Oct 2006 14:35:53 +0000"  >&lt;p&gt;Yep, still there in the latest JDK:&lt;/p&gt;

&lt;p&gt;    &lt;span class=&quot;error&quot;&gt;&amp;#91;junit&amp;#93;&lt;/span&gt; Running org.apache.commons.io.FileCleanerTestCase&lt;br/&gt;
    &lt;span class=&quot;error&quot;&gt;&amp;#91;junit&amp;#93;&lt;/span&gt; Tests run: 5, Failures: 0, Errors: 0, Time elapsed: 226.987 sec&lt;/p&gt;</comment>
                            <comment id="12441496" author="scolebourne" created="Wed, 11 Oct 2006 16:50:21 +0000"  >&lt;p&gt;This looks a mite dodgy:&lt;/p&gt;

&lt;p&gt;        while (FileCleaner.getTrackCount() != 0) &lt;/p&gt;
{
            System.gc();
        }

&lt;p&gt;JDK1.6 could have altered System.gc to not do anything, thus it takes longer.&lt;/p&gt;

&lt;p&gt;Try adding this&lt;/p&gt;

&lt;p&gt;        int total = 0;&lt;br/&gt;
        while (FileCleaner.getTrackCount() != 0) &lt;/p&gt;
{
            byte[] b = new byte[1024 * 1024];
            b[0] = (byte) System.currentTimeMillis();
            total = total + b[0];
            System.gc();
        }

&lt;p&gt;to waste some memory and kick the gc (I know its just as bad...)&lt;/p&gt;</comment>
                            <comment id="12441734" author="bayard" created="Thu, 12 Oct 2006 13:35:48 +0000"  >&lt;p&gt;Much, much faster:&lt;/p&gt;

&lt;p&gt;    &lt;span class=&quot;error&quot;&gt;&amp;#91;junit&amp;#93;&lt;/span&gt; Running org.apache.commons.io.FileCleanerTestCase&lt;br/&gt;
    &lt;span class=&quot;error&quot;&gt;&amp;#91;junit&amp;#93;&lt;/span&gt; Tests run: 5, Failures: 0, Errors: 0, Time elapsed: 9.996 sec&lt;/p&gt;

&lt;p&gt;I&apos;ll go ahead and update the test case with that change. Nice debug job &lt;img class=&quot;emoticon&quot; src=&quot;https://issues.apache.org/jira/images/icons/emoticons/smile.gif&quot; height=&quot;16&quot; width=&quot;16&quot; align=&quot;absmiddle&quot; alt=&quot;&quot; border=&quot;0&quot;/&gt;&lt;/p&gt;</comment>
                            <comment id="12441736" author="bayard" created="Thu, 12 Oct 2006 13:44:09 +0000"  >&lt;p&gt;So I can commit the fix - but any reason why it doesn&apos;t just sleep in there? Are we just doing busywork there to create a pause, or is there something subtle?&lt;/p&gt;</comment>
                            <comment id="12441785" author="scolebourne" created="Thu, 12 Oct 2006 16:26:25 +0000"  >&lt;p&gt;We need to force a gc to start the cleaner working&lt;/p&gt;</comment>
                            <comment id="12441787" author="bayard" created="Thu, 12 Oct 2006 16:36:12 +0000"  >&lt;p&gt;svn ci &lt;del&gt;m &quot;Fixing #&lt;a href=&quot;https://issues.apache.org/jira/browse/IO-82&quot; title=&quot;Test takes a long time to run in Mustang&quot; class=&quot;issue-link&quot; data-issue-key=&quot;IO-82&quot;&gt;&lt;del&gt;IO-82&lt;/del&gt;&lt;/a&gt;, in JDK 1.6 the gc call does not seem to be giving us the garbage collection, so Stephen came up with this to force that to happen. Speed seems good in JDK 1.4&lt;/del&gt;&amp;gt;1.6 and happily this isn&apos;t an issue with the underlying source, just the test. &quot; src/test/org/apache/commons/io/FileCleanerTestCase.java&lt;/p&gt;

&lt;p&gt;Sending        src/test/org/apache/commons/io/FileCleanerTestCase.java&lt;br/&gt;
Transmitting file data .&lt;br/&gt;
Committed revision 463310.&lt;/p&gt;</comment>
                    </comments>
                    <attachments>
                    </attachments>
                <subtasks>
                    </subtasks>
                <customfields>
                                                <customfield id="customfield_12310310" key="com.atlassian.jira.toolkit:attachments">
                        <customfieldname>Attachment count</customfieldname>
                        <customfieldvalues>
                            <customfieldvalue>0.0</customfieldvalue>
                        </customfieldvalues>
                    </customfield>
                                                                                                                                                                                                                                                                                                                                                                                                                                                                                                                                <customfield id="customfield_12310220" key="com.atlassian.jira.ext.charting:firstresponsedate">
                        <customfieldname>Date of First Response</customfieldname>
                        <customfieldvalues>
                            <customfieldvalue>Tue, 10 Oct 2006 20:05:14 +0000</customfieldvalue>

                        </customfieldvalues>
                    </customfield>
                                                                                                                                                                                                                                                                                                                                                                                                                                            <customfield id="customfield_12310420" key="com.pyxis.greenhopper.jira:gh-global-rank">
                        <customfieldname>Global Rank</customfieldname>
                        <customfieldvalues>
                            <customfieldvalue>139535</customfieldvalue>
                        </customfieldvalues>
                    </customfield>
                                                                                                                        <customfield id="customfield_12312521" key="com.atlassian.jira.toolkit:LastCommentDate">
                        <customfieldname>Last public comment date</customfieldname>
                        <customfieldvalues>
                            10 years, 9 weeks ago
                        </customfieldvalues>
                    </customfield>
                                                                                            <customfield id="customfield_12311820" key="com.pyxis.greenhopper.jira:gh-lexo-rank">
                        <customfieldname>Rank</customfieldname>
                        <customfieldvalues>
                            <customfieldvalue>0|i0smlb:</customfieldvalue>

                        </customfieldvalues>
                    </customfield>
                                                                <customfield id="customfield_12310920" key="com.pyxis.greenhopper.jira:gh-global-rank">
                        <customfieldname>Rank (Obsolete)</customfieldname>
                        <customfieldvalues>
                            <customfieldvalue>165137</customfieldvalue>
                        </customfieldvalues>
                    </customfield>
                                                                                                                                                                                                                                        <customfield id="customfield_12310222" key="com.atlassian.jira.ext.charting:timeinstatus">
                        <customfieldname>Time in Status</customfieldname>
                        <customfieldvalues>
                            
                        </customfieldvalues>
                    </customfield>
                                                                                                                        </customfields>
    </item>
</channel>
</rss>