<!-- 
RSS generated by JIRA (6.3.4#6332-sha1:51bc225ef474afe3128b2f66878477f322397b16) at Sun Nov 20 16:05:37 UTC 2016

It is possible to restrict the fields that are returned in this document by specifying the 'field' parameter in your request.
For example, to request only the issue key and summary add field=key&field=summary to the URL of your request.
For example:
https://issues.apache.org/jira/si/jira.issueviews:issue-xml/IO-93/IO-93.xml?field=key&amp;field=summary
-->
<rss version="0.92" >
<channel>
    <title>ASF JIRA</title>
    <link>https://issues.apache.org/jira</link>
    <description>This file is an XML representation of an issue</description>
    <language>en-uk</language>    <build-info>
        <version>6.3.4</version>
        <build-number>6332</build-number>
        <build-date>15-08-2014</build-date>
    </build-info>

<item>
            <title>[IO-93] FileSystemUtils needs to call Process.destroy() on exec&apos;d processes</title>
                <link>https://issues.apache.org/jira/browse/IO-93</link>
                <project id="12310477" key="IO">Commons IO</project>
                    <description>&lt;p&gt;Calling the FileSystemUtils.getFreeSpace() method multiple times (~3000) will generate an IOException with the following text: &quot;Too many open files&quot;. Documentation from Sun says this problem is due to not destroying the java.lang.Process object returned from the System.exec() call.&lt;/p&gt;

&lt;p&gt;Some sample code I wrote confirms that calling destroy prevents this error from occurring.&lt;/p&gt;</description>
                <environment>&lt;p&gt;Java 1.5_06 VM, Red Hat Enterprise Linux 4.0 OS&lt;/p&gt;</environment>
        <key id="12350216">IO-93</key>
            <summary>FileSystemUtils needs to call Process.destroy() on exec&apos;d processes</summary>
                <type id="1" iconUrl="https://issues.apache.org/jira/images/icons/issuetypes/bug.png">Bug</type>
                                            <priority id="3" iconUrl="https://issues.apache.org/jira/images/icons/priorities/major.png">Major</priority>
                        <status id="6" iconUrl="https://issues.apache.org/jira/images/icons/statuses/closed.png" description="The issue is considered finished, the resolution is correct. Issues which are closed can be reopened.">Closed</status>
                    <statusCategory id="3" key="done" colorName="green"/>
                                    <resolution id="1">Fixed</resolution>
                                        <assignee username="-1">Unassigned</assignee>
                                    <reporter username="jneely">Jon Neely</reporter>
                        <labels>
                    </labels>
                <created>Tue, 19 Sep 2006 01:47:37 +0000</created>
                <updated>Fri, 9 Mar 2007 20:38:23 +0000</updated>
                            <resolved>Sat, 7 Oct 2006 11:59:33 +0000</resolved>
                                    <version>1.2</version>
                                    <fixVersion>1.3</fixVersion>
                                    <component>Utilities</component>
                        <due></due>
                            <votes>0</votes>
                                    <watches>1</watches>
                                                                <comments>
                            <comment id="12435736" author="scolebourne" created="Tue, 19 Sep 2006 09:45:14 +0000"  >&lt;p&gt;Definite fix for 1.3&lt;/p&gt;</comment>
                            <comment id="12440657" author="scolebourne" created="Sat, 7 Oct 2006 11:59:33 +0000"  >&lt;p&gt;Was more complicated than I expeted. I have coded a solution, however it really seems that Process in the JDK is basically rubbish. Anyway, I&apos;ve improved what we have, rather than go to a full blown commons-exec solution.&lt;/p&gt;

&lt;p&gt;I can&apos;t test or reproduce you&apos;re problem on my Windows box. Since you have a test case, can you please try the latest code and reply back (by closing or reopening the call) as to whether the problem is fixed. Thanks.&lt;/p&gt;</comment>
                    </comments>
                    <attachments>
                    </attachments>
                <subtasks>
                    </subtasks>
                <customfields>
                                                <customfield id="customfield_12310310" key="com.atlassian.jira.toolkit:attachments">
                        <customfieldname>Attachment count</customfieldname>
                        <customfieldvalues>
                            <customfieldvalue>0.0</customfieldvalue>
                        </customfieldvalues>
                    </customfield>
                                                                                                                                                                                                                                                                                                                                                                                                                                                                                                                                <customfield id="customfield_12310220" key="com.atlassian.jira.ext.charting:firstresponsedate">
                        <customfieldname>Date of First Response</customfieldname>
                        <customfieldvalues>
                            <customfieldvalue>Tue, 19 Sep 2006 09:45:14 +0000</customfieldvalue>

                        </customfieldvalues>
                    </customfield>
                                                                                                                                                                                                                                                                                                                                                                                                                                            <customfield id="customfield_12310420" key="com.pyxis.greenhopper.jira:gh-global-rank">
                        <customfieldname>Global Rank</customfieldname>
                        <customfieldvalues>
                            <customfieldvalue>139546</customfieldvalue>
                        </customfieldvalues>
                    </customfield>
                                                                                                                        <customfield id="customfield_12312521" key="com.atlassian.jira.toolkit:LastCommentDate">
                        <customfieldname>Last public comment date</customfieldname>
                        <customfieldvalues>
                            10 years, 8 weeks, 1 day ago
                        </customfieldvalues>
                    </customfield>
                                                                                            <customfield id="customfield_12311820" key="com.pyxis.greenhopper.jira:gh-lexo-rank">
                        <customfieldname>Rank</customfieldname>
                        <customfieldvalues>
                            <customfieldvalue>0|i0smiv:</customfieldvalue>

                        </customfieldvalues>
                    </customfield>
                                                                <customfield id="customfield_12310920" key="com.pyxis.greenhopper.jira:gh-global-rank">
                        <customfieldname>Rank (Obsolete)</customfieldname>
                        <customfieldvalues>
                            <customfieldvalue>165126</customfieldvalue>
                        </customfieldvalues>
                    </customfield>
                                                                                                                                                                                                                                        <customfield id="customfield_12310222" key="com.atlassian.jira.ext.charting:timeinstatus">
                        <customfieldname>Time in Status</customfieldname>
                        <customfieldvalues>
                            
                        </customfieldvalues>
                    </customfield>
                                                                                                                        </customfields>
    </item>
</channel>
</rss>