<!-- 
RSS generated by JIRA (6.3.4#6332-sha1:51bc225ef474afe3128b2f66878477f322397b16) at Sun Nov 20 16:06:41 UTC 2016

It is possible to restrict the fields that are returned in this document by specifying the 'field' parameter in your request.
For example, to request only the issue key and summary add field=key&field=summary to the URL of your request.
For example:
https://issues.apache.org/jira/si/jira.issueviews:issue-xml/IO-91/IO-91.xml?field=key&amp;field=summary
-->
<rss version="0.92" >
<channel>
    <title>ASF JIRA</title>
    <link>https://issues.apache.org/jira</link>
    <description>This file is an XML representation of an issue</description>
    <language>en-uk</language>    <build-info>
        <version>6.3.4</version>
        <build-number>6332</build-number>
        <build-date>15-08-2014</build-date>
    </build-info>

<item>
            <title>[IO-91] FileSystemUtils.freeSpace does not work on Sun Solaris</title>
                <link>https://issues.apache.org/jira/browse/IO-91</link>
                <project id="12310477" key="IO">Commons IO</project>
                    <description>&lt;p&gt;The method FileSystemUtils.freeSpace does not work on Sun Solaris.&lt;/p&gt;

&lt;p&gt;    &lt;span class=&quot;error&quot;&gt;&amp;#91;junit&amp;#93;&lt;/span&gt; Testcase: testGetFreeSpace_String took 0.216 sec&lt;br/&gt;
    &lt;span class=&quot;error&quot;&gt;&amp;#91;junit&amp;#93;&lt;/span&gt; 	Caused an ERROR&lt;br/&gt;
    &lt;span class=&quot;error&quot;&gt;&amp;#91;junit&amp;#93;&lt;/span&gt; Command line &apos;df&apos; did not return info as expected for path &apos;/&apos;- response on first line was &apos;/                  (/dev/dsk/c0t0d0s0 ):41676304 block  3133314 filer&apos;&lt;br/&gt;
    &lt;span class=&quot;error&quot;&gt;&amp;#91;junit&amp;#93;&lt;/span&gt; java.io.IOException: Command line &apos;df&apos; did not return info as expected for path &apos;/&apos;- response on first line was &apos;/                  (/dev/dsk/c0t0d0s0 ):41676304 block  3133314 filer&apos;&lt;br/&gt;
    &lt;span class=&quot;error&quot;&gt;&amp;#91;junit&amp;#93;&lt;/span&gt; 	at org.apache.commons.io.FileSystemUtils.freeSpaceUnix(FileSystemUtils.java:315)&lt;br/&gt;
    &lt;span class=&quot;error&quot;&gt;&amp;#91;junit&amp;#93;&lt;/span&gt; 	at org.apache.commons.io.FileSystemUtils.freeSpaceOS(FileSystemUtils.java:179)&lt;br/&gt;
    &lt;span class=&quot;error&quot;&gt;&amp;#91;junit&amp;#93;&lt;/span&gt; 	at org.apache.commons.io.FileSystemUtils.freeSpace(FileSystemUtils.java:126)&lt;br/&gt;
    &lt;span class=&quot;error&quot;&gt;&amp;#91;junit&amp;#93;&lt;/span&gt; 	at org.apache.commons.io.FileSystemUtilsTestCase.testGetFreeSpace_String(FileSystemUtilsTestCase.java:90)&lt;/p&gt;

&lt;p&gt;This is because on Solaris the df command work different if the flag -k is used or not:&lt;/p&gt;

&lt;p&gt;$ df /&lt;br/&gt;
/                  (/dev/dsk/c0t1d0s0 ): 1070402 blocks   294205 files&lt;br/&gt;
$ df -k /&lt;br/&gt;
Filesystem            kbytes    used   avail capacity  Mounted on&lt;br/&gt;
/dev/dsk/c0t1d0s0    1350955  815754  481163    63%    /&lt;/p&gt;

&lt;p&gt;I haven&apos;t found any flag that makes it output GNU format even when -k is omitted.&lt;/p&gt;</description>
                <environment>&lt;p&gt;SunOS et 5.10 Generic_118822-25 sun4u sparc SUNW,Ultra-4&lt;br/&gt;
SunOS alien 5.8 Generic_111433-02 sun4u sparc SUNW,Ultra-4&lt;/p&gt;</environment>
        <key id="12347219">IO-91</key>
            <summary>FileSystemUtils.freeSpace does not work on Sun Solaris</summary>
                <type id="1" iconUrl="https://issues.apache.org/jira/images/icons/issuetypes/bug.png">Bug</type>
                                            <priority id="3" iconUrl="https://issues.apache.org/jira/images/icons/priorities/major.png">Major</priority>
                        <status id="6" iconUrl="https://issues.apache.org/jira/images/icons/statuses/closed.png" description="The issue is considered finished, the resolution is correct. Issues which are closed can be reopened.">Closed</status>
                    <statusCategory id="3" key="done" colorName="green"/>
                                    <resolution id="1">Fixed</resolution>
                                        <assignee username="-1">Unassigned</assignee>
                                    <reporter username="grimsell">Magnus Grimsell</reporter>
                        <labels>
                    </labels>
                <created>Thu, 3 Aug 2006 07:12:33 +0000</created>
                <updated>Tue, 29 Aug 2006 20:52:38 +0000</updated>
                            <resolved>Tue, 29 Aug 2006 20:52:38 +0000</resolved>
                                    <version>1.2</version>
                                    <fixVersion>1.3</fixVersion>
                                    <component>Utilities</component>
                        <due></due>
                            <votes>0</votes>
                                    <watches>0</watches>
                                                                <comments>
                            <comment id="12431366" author="scolebourne" created="Tue, 29 Aug 2006 20:52:38 +0000"  >&lt;ul class=&quot;alternate&quot; type=&quot;square&quot;&gt;
	&lt;li&gt;FileSystemUtils.freeSpace deprecated, replaced by freeSpaceKb&lt;/li&gt;
	&lt;li&gt;freeSpace returns a result that varies by operating system and&lt;br/&gt;
    thus isn&apos;t that useful&lt;/li&gt;
	&lt;li&gt;freeSpaceKb returns much better and more consistent results&lt;/li&gt;
	&lt;li&gt;freeSpaceKb existed in v1.2, so this is a gentle cutover&lt;/li&gt;
&lt;/ul&gt;


&lt;ul class=&quot;alternate&quot; type=&quot;square&quot;&gt;
	&lt;li&gt;FileSystemUtils.freeSpace &lt;a href=&quot;https://issues.apache.org/jira/browse/IO-91&quot; title=&quot;FileSystemUtils.freeSpace does not work on Sun Solaris&quot; class=&quot;issue-link&quot; data-issue-key=&quot;IO-91&quot;&gt;&lt;del&gt;IO-91&lt;/del&gt;&lt;/a&gt;&lt;/li&gt;
	&lt;li&gt;This is now documented not to work on SunOS 5&lt;/li&gt;
&lt;/ul&gt;
</comment>
                    </comments>
                    <attachments>
                    </attachments>
                <subtasks>
                    </subtasks>
                <customfields>
                                                <customfield id="customfield_12310310" key="com.atlassian.jira.toolkit:attachments">
                        <customfieldname>Attachment count</customfieldname>
                        <customfieldvalues>
                            <customfieldvalue>0.0</customfieldvalue>
                        </customfieldvalues>
                    </customfield>
                                                                                                                                                                                                                                                                                                                                                                                                                                                                                                                                <customfield id="customfield_12310220" key="com.atlassian.jira.ext.charting:firstresponsedate">
                        <customfieldname>Date of First Response</customfieldname>
                        <customfieldvalues>
                            <customfieldvalue>Tue, 29 Aug 2006 20:52:38 +0000</customfieldvalue>

                        </customfieldvalues>
                    </customfield>
                                                                                                                                                                                                                                                                                                                                                                                                                                            <customfield id="customfield_12310420" key="com.pyxis.greenhopper.jira:gh-global-rank">
                        <customfieldname>Global Rank</customfieldname>
                        <customfieldvalues>
                            <customfieldvalue>139544</customfieldvalue>
                        </customfieldvalues>
                    </customfield>
                                                                                                                        <customfield id="customfield_12312521" key="com.atlassian.jira.toolkit:LastCommentDate">
                        <customfieldname>Last public comment date</customfieldname>
                        <customfieldvalues>
                            10 years, 13 weeks, 4 days ago
                        </customfieldvalues>
                    </customfield>
                                                                                            <customfield id="customfield_12311820" key="com.pyxis.greenhopper.jira:gh-lexo-rank">
                        <customfieldname>Rank</customfieldname>
                        <customfieldvalues>
                            <customfieldvalue>0|i0smjb:</customfieldvalue>

                        </customfieldvalues>
                    </customfield>
                                                                <customfield id="customfield_12310920" key="com.pyxis.greenhopper.jira:gh-global-rank">
                        <customfieldname>Rank (Obsolete)</customfieldname>
                        <customfieldvalues>
                            <customfieldvalue>165128</customfieldvalue>
                        </customfieldvalues>
                    </customfield>
                                                                                                                                                                                                                                        <customfield id="customfield_12310222" key="com.atlassian.jira.ext.charting:timeinstatus">
                        <customfieldname>Time in Status</customfieldname>
                        <customfieldvalues>
                            
                        </customfieldvalues>
                    </customfield>
                                                                                                                        </customfields>
    </item>
</channel>
</rss>