<?xml version = "1.0" encoding = "UTF-8" ?>
<bugrepository name="MATH">
	<bug id="191" opendate="2008-02-09 16:23:08" fixdate="2008-02-09 23:43:24" resolution="Fixed">
		<buginformation>
			<summary>SummaryStatistics computes sum of logs but does not provide access to it</summary>
			<description>A SumOfLogs instances is maintained and incremented by SummaryStatistics, but there is no getSumOfLogs method to report the value of this statistic.</description>
			<version>1.0</version>
			<fixedVersion>1.2</fixedVersion>
			<type>Bug</type>
		</buginformation>
		<fixedFiles>
			<file type="M">org.apache.commons.math.stat.descriptive.SummaryStatistics.java</file>
			<file type="M">org.apache.commons.math.stat.descriptive.SummaryStatisticsTest.java</file>
			<file type="M">org.apache.commons.math.stat.descriptive.moment.GeometricMean.java</file>
		</fixedFiles>
	</bug>
	<bug id="197" opendate="2008-03-17 11:55:26" fixdate="2009-06-21 15:10:50" resolution="Fixed">
		<buginformation>
			<summary>RandomDataImpl.nextPoisson() is extreme slow for large lambdas</summary>
			<description>The RandomDataImpl.nextPoisson() is extreme slow for large lambdas:
E.g. drawing 100 random numbers with lambda = 1000 takes around 10s on my dual core with 2.2GHz.
With lambda smaller than 500 everything is fine. Any ideas?
    RandomDataImpl r = new RandomDataImpl();
    r.reSeed(101);
    int d = 100;
    long poissonLambda = 1000;
    long st = System.currentTimeMillis();
    for (int row = 0; row &amp;lt; d; row++) 
{
      long nxtRnd = r.nextPoisson(poissonLambda);
    }
    System.out.println("delta " + (System.currentTimeMillis() - st));</description>
			<version>1.0</version>
			<fixedVersion>2.0</fixedVersion>
			<type>Bug</type>
		</buginformation>
		<fixedFiles>
			<file type="M">org.apache.commons.math.random.RandomDataTest.java</file>
			<file type="M">org.apache.commons.math.random.RandomDataImpl.java</file>
		</fixedFiles>
	</bug>
	<bug id="298" opendate="2009-09-20 14:46:42" fixdate="2009-09-21 01:32:21" resolution="Fixed">
		<buginformation>
			<summary>EmpiriicalDisributionImpl.getUpperBounds does not return upper bounds on data bins</summary>
			<description>Per the javadoc, the getUpperBounds method in the EmpiricalDistribution should return upper bounds for the bins used in computing the empirical distribution and the bin statistics.  What the method actually returns is the upper bounds of the subintervals of [0,1] used in generating data following the empirical distribution.</description>
			<version>1.0</version>
			<fixedVersion>2.1</fixedVersion>
			<type>Bug</type>
		</buginformation>
		<fixedFiles>
			<file type="M">org.apache.commons.math.random.EmpiricalDistributionImpl.java</file>
		</fixedFiles>
	</bug>
	<bug id="309" opendate="2009-10-27 13:20:53" fixdate="2009-10-31 02:33:15" resolution="Fixed">
		<buginformation>
			<summary>nextExponential parameter check bug - patch supplied</summary>
			<description>Index: src/main/java/org/apache/commons/math/random/RandomDataImpl.java
===================================================================
 src/main/java/org/apache/commons/math/random/RandomDataImpl.java	(revision 830102)
+++ src/main/java/org/apache/commons/math/random/RandomDataImpl.java	(working copy)
@@ -462,7 +462,7 @@

@return the random Exponential value
      */
     public double nextExponential(double mean) {


if (mean &amp;lt; 0.0) {
+        if (mean &amp;lt;= 0.0) 
Unknown macro: {             throw MathRuntimeException.createIllegalArgumentException(                   "mean must be positive ({0})", mean);         } 

</description>
			<version>1.0</version>
			<fixedVersion>2.1</fixedVersion>
			<type>Bug</type>
		</buginformation>
		<fixedFiles>
			<file type="M">org.apache.commons.math.random.RandomDataImpl.java</file>
			<file type="M">org.apache.commons.math.random.RandomDataTest.java</file>
		</fixedFiles>
	</bug>
	<bug id="282" opendate="2009-08-07 18:24:07" fixdate="2010-03-08 23:00:26" resolution="Fixed">
		<buginformation>
			<summary>ChiSquaredDistributionImpl.cumulativeProbability &gt; 1</summary>
			<description>Calling 
new ChiSquaredDistributionImpl(1.0).cumulativeProbability(66.41528551683048)
returns 1.000000000000004, which is bogus (should never be &amp;gt; 1)</description>
			<version>1.0</version>
			<fixedVersion>2.1</fixedVersion>
			<type>Bug</type>
		</buginformation>
		<fixedFiles>
			<file type="M">org.apache.commons.math.random.RandomDataTest.java</file>
			<file type="M">org.apache.commons.math.distribution.PoissonDistributionTest.java</file>
		</fixedFiles>
		<links>
			<link type="Reference" description="is related to">301</link>
		</links>
	</bug>
	<bug id="692" opendate="2011-10-18 18:01:57" fixdate="2012-02-02 06:45:59" resolution="Fixed">
		<buginformation>
			<summary>Cumulative probability and inverse cumulative probability inconsistencies</summary>
			<description>There are some inconsistencies in the documentation and implementation of functions regarding cumulative probabilities and inverse cumulative probabilities. More precisely, &amp;amp;apos;&amp;lt;&amp;amp;apos; and &amp;amp;apos;&amp;lt;=&amp;amp;apos; are not used in a consistent way.
Besides I would move the function inverseCumulativeProbability(double) to the interface Distribution. A true inverse of the distribution function does neither exist for Distribution nor for ContinuosDistribution. Thus we need to define the inverse in terms of quantiles anyway, and this can already be done for Distribution.
On the whole I would declare the (inverse) cumulative probability functions in the basic distribution interfaces as follows:
Distribution:

cumulativeProbability(double x): returns P(X &amp;lt;= x)
cumulativeProbability(double x0, double x1): returns P(x0 &amp;lt; X &amp;lt;= x1) [see also 1)]
inverseCumulativeProbability(double p):
  returns the quantile function inf
{x in R | P(X&amp;lt;=x) &amp;gt;= p}
 [see also 2), 3), and 4)]

1) An aternative definition could be P(x0 &amp;lt;= X &amp;lt;= x1). But this requires to put the function probability(double x) or another cumulative probability function into the interface Distribution in order be able to calculate P(x0 &amp;lt;= X &amp;lt;= x1) in AbstractDistribution.
2) This definition is stricter than the definition in ContinuousDistribution, because the definition there does not specify what to do if there are multiple x satisfying P(X&amp;lt;=x) = p.
3) A modification could be defined for p=0: Returning sup
{x in R | P(X&amp;lt;=x) = 0}
 would yield the infimum of the distribution&amp;amp;apos;s support instead of a mandatory -infinity.
4) This affects issue MATH-540. I&amp;amp;apos;d prefere the definition from above for the following reasons:

This definition simplifies inverse transform sampling (as mentioned in the other issue).
It is the standard textbook definition for the quantile function.
For integer distributions it has the advantage that the result doesn&amp;amp;apos;t change when switching to "x in Z", i.e. the result is independent of considering the intergers as sole set or as part of the reals.

ContinuousDistribution:
nothing to be added regarding (inverse) cumulative probability functions
IntegerDistribution:

cumulativeProbability(int x): returns P(X &amp;lt;= x)
cumulativeProbability(int x0, int x1): returns P(x0 &amp;lt; X &amp;lt;= x1) [see also 1) above]

</description>
			<version>1.0</version>
			<fixedVersion>3.0</fixedVersion>
			<type>Bug</type>
		</buginformation>
		<fixedFiles>
			<file type="M">org.apache.commons.math.distribution.HypergeometricDistribution.java</file>
			<file type="M">org.apache.commons.math.random.ISAACTest.java</file>
			<file type="M">org.apache.commons.math.distribution.PoissonDistribution.java</file>
			<file type="M">org.apache.commons.math.distribution.PascalDistributionTest.java</file>
			<file type="M">org.apache.commons.math.distribution.IntegerDistributionAbstractTest.java</file>
			<file type="M">org.apache.commons.math.distribution.ZipfDistribution.java</file>
			<file type="M">org.apache.commons.math.distribution.PascalDistribution.java</file>
			<file type="M">org.apache.commons.math.random.RandomDataTest.java</file>
			<file type="M">org.apache.commons.math.distribution.IntegerDistribution.java</file>
			<file type="M">org.apache.commons.math.random.RandomGeneratorAbstractTest.java</file>
			<file type="M">org.apache.commons.math.random.Well1024aTest.java</file>
			<file type="M">org.apache.commons.math.random.RandomDataImpl.java</file>
			<file type="M">org.apache.commons.math.distribution.PoissonDistributionTest.java</file>
			<file type="M">org.apache.commons.math.distribution.BinomialDistribution.java</file>
			<file type="M">org.apache.commons.math.distribution.HypergeometricDistributionTest.java</file>
			<file type="M">org.apache.commons.math.distribution.AbstractIntegerDistribution.java</file>
			<file type="M">org.apache.commons.math.distribution.ZipfDistributionTest.java</file>
			<file type="M">org.apache.commons.math.distribution.BinomialDistributionTest.java</file>
			<file type="M">org.apache.commons.math.distribution.AbtractIntegerDistributionTest.java</file>
			<file type="M">org.apache.commons.math.distribution.TDistributionTest.java</file>
			<file type="M">org.apache.commons.math.distribution.ContinuousDistribution.java</file>
			<file type="M">org.apache.commons.math.distribution.BetaDistributionImpl.java</file>
			<file type="M">org.apache.commons.math.distribution.AbstractContinuousDistribution.java</file>
			<file type="M">org.apache.commons.math.distribution.GammaDistributionImpl.java</file>
			<file type="M">org.apache.commons.math.distribution.TDistributionImpl.java</file>
			<file type="M">org.apache.commons.math.distribution.ContinuousDistributionAbstractTest.java</file>
			<file type="M">org.apache.commons.math.distribution.ChiSquaredDistributionImpl.java</file>
			<file type="M">org.apache.commons.math.distribution.AbstractDistribution.java</file>
			<file type="M">org.apache.commons.math.distribution.CauchyDistributionImpl.java</file>
			<file type="M">org.apache.commons.math.distribution.NormalDistributionImpl.java</file>
			<file type="M">org.apache.commons.math.distribution.ExponentialDistributionImpl.java</file>
			<file type="M">org.apache.commons.math.distribution.FDistributionImpl.java</file>
			<file type="M">org.apache.commons.math.distribution.WeibullDistributionImpl.java</file>
			<file type="M">org.apache.commons.math.distribution.Distribution.java</file>
		</fixedFiles>
	</bug>
</bugrepository>