<?xml version = "1.0" encoding = "UTF-8" ?>
<bugrepository name="DATACMNS">
	<bug id="859" opendate="2016-05-25 08:11:32" fixdate="2016-05-25 15:07:48" resolution="Fixed">
		<buginformation>
			<summary>ResultProcessor doesn&amp;apos;t handle Stream instances correctly</summary>
			<description></description>
			<version>1.12.1 (Hopper SR1)</version>
			<fixedVersion>1.12.2 (Hopper SR2), 1.13 M1 (Ingalls)</fixedVersion>
			<type>Bug</type>
		</buginformation>
		<fixedFiles>
			<file type="M">org.springframework.data.repository.query.ResultProcessorUnitTests.java</file>
			<file type="M">org.springframework.data.repository.query.ResultProcessor.java</file>
		</fixedFiles>
	</bug>
	<bug id="860" opendate="2016-05-25 08:14:03" fixdate="2016-05-25 15:08:11" resolution="Fixed">
		<buginformation>
			<summary>ResultProcessor should use ConversionService as fallback if target is a class</summary>
			<description>If the actual conversion target in repository projections is not an interface, ResultProcessor currently fails with the ProjectionFactory rejecting the type. We could rather use a standard ConversionService implementation so that normal object conversion mechanisms can kick in (i.e. the ObjectToObjectConverter supporting converting factory methods, and constructors).</description>
			<version>1.12.1 (Hopper SR1)</version>
			<fixedVersion>1.12.2 (Hopper SR2), 1.13 M1 (Ingalls)</fixedVersion>
			<type>Bug</type>
		</buginformation>
		<fixedFiles>
			<file type="M">org.springframework.data.repository.query.ResultProcessorUnitTests.java</file>
			<file type="M">org.springframework.data.repository.query.ResultProcessor.java</file>
		</fixedFiles>
	</bug>
	<bug id="856" opendate="2016-05-17 19:38:06" fixdate="2016-05-31 16:18:05" resolution="Fixed">
		<buginformation>
			<summary>DomainClassConverter throws erroneous exception in matches</summary>
			<description>DomainClassConverter#matches throws a ConversionMatchAbbreviationException instead of correctly returning false in at least the following scenario:

sourceType is not related to targetType
targetType has a Spring Data repository with a String ID

The matches method performs the following logic:

sourceType is not assignable to targetType
targetType has a repository
the ID type is String
sourceType is not a String, and I can&amp;amp;apos;t convert sourceType to a String

The correct response is therefore simply not to match (and in my case, to let SpEL attempt to bind to a different method overload). The converter instead throws an exception.</description>
			<version>1.12.1 (Hopper SR1)</version>
			<fixedVersion>1.11.5 (Gosling SR5), 1.12.2 (Hopper SR2), 1.13 M1 (Ingalls)</fixedVersion>
			<type>Bug</type>
		</buginformation>
		<fixedFiles>
			<file type="M">org.springframework.data.repository.support.DomainClassConverter.java</file>
		</fixedFiles>
		<links>
			<link type="Relate" description="is related to">685</link>
		</links>
	</bug>
	<bug id="862" opendate="2016-06-01 15:41:21" fixdate="2016-06-01 15:55:36" resolution="Fixed">
		<buginformation>
			<summary>ReturnedInterface should not consider super interfaces of domain type projecting</summary>
			<description></description>
			<version>1.12.1 (Hopper SR1)</version>
			<fixedVersion>1.12.2 (Hopper SR2), 1.13 M1 (Ingalls)</fixedVersion>
			<type>Bug</type>
		</buginformation>
		<fixedFiles>
			<file type="M">org.springframework.data.repository.query.ReturnedTypeUnitTests.java</file>
			<file type="M">org.springframework.data.repository.query.ReturnedType.java</file>
		</fixedFiles>
		<links>
			<link type="Relate" description="is related to">885</link>
		</links>
	</bug>
	<bug id="848" opendate="2016-04-21 10:56:08" fixdate="2016-12-05 08:51:16" resolution="Duplicate">
		<buginformation>
			<summary>Support JSR-310 Duration and Period (to and from String)</summary>
			<description>The current Jsr310Converters.java doesn&amp;amp;apos;t support convertion to and from String representations of java.time.Duration and java.time.Period.
MongoTemplate should understand how to deserialize for instance "PT3M" to a java.time.Duration (by Duration#parse</description>
			<version>1.12.1 (Hopper SR1)</version>
			<fixedVersion></fixedVersion>
			<type>Improvement</type>
		</buginformation>
		<fixedFiles>
			<file type="M">org.springframework.data.convert.Jsr310Converters.java</file>
			<file type="M">org.springframework.data.convert.Jsr310ConvertersUnitTests.java</file>
		</fixedFiles>
		<links>
			<link type="Duplicate" description="duplicates">951</link>
		</links>
	</bug>
	<bug id="951" opendate="2016-12-05 08:11:22" fixdate="2016-12-05 15:35:07" resolution="Fixed">
		<buginformation>
			<summary>Add Converters for JSR-310 Duration and Period</summary>
			<description></description>
			<version>1.12.1 (Hopper SR1)</version>
			<fixedVersion>1.13 RC1 (Ingalls), 2.0 M2 (Kay)</fixedVersion>
			<type>Improvement</type>
		</buginformation>
		<fixedFiles>
			<file type="M">org.springframework.data.convert.Jsr310Converters.java</file>
			<file type="M">org.springframework.data.convert.Jsr310ConvertersUnitTests.java</file>
		</fixedFiles>
		<links>
			<link type="Duplicate" description="is duplicated by">848</link>
		</links>
	</bug>
</bugrepository>