<?xml version = "1.0" encoding = "UTF-8" ?>
<bugrepository name="DATACMNS">
	<bug id="695" opendate="2015-05-13 09:08:15" fixdate="2015-05-13 09:37:39" resolution="Fixed">
		<buginformation>
			<summary>Potential NullPointerException in AbstractMappingContext</summary>
			<description>We found the reported issue upgrading Spring Data MongoDB library from 1.3.5.RELEASE to 1.5.5.RELEASE. The issue is triggered querying a nested generic field qualified with a custom class (not primitive). Following snippet shows the nested field we are trying to query:






public class External{




 ..




 private Optional&amp;lt;Internal&amp;gt; field = new Optional&amp;lt;Internal&amp;gt;();




 ..




}






The call to mongoOperations throws a NullPointerException originating from AbstractMappingContext. It is a Spring Data Commons class and we noticed that the issue starts from version 1.7.2.RELEASE of this library, just after commit 02046da.</description>
			<version>1.8.5 (Dijkstra SR5)</version>
			<fixedVersion>1.11 M1 (Gosling), 1.9.3 (Evans SR3), 1.10.1 (Fowler SR1), 1.8.6 (Dijkstra SR6)</fixedVersion>
			<type>Bug</type>
		</buginformation>
		<fixedFiles>
			<file type="M">org.springframework.data.mapping.context.AbstractMappingContextUnitTests.java</file>
			<file type="M">org.springframework.data.mapping.context.AbstractMappingContext.java</file>
		</fixedFiles>
	</bug>
	<bug id="715" opendate="2015-06-10 01:29:16" fixdate="2015-06-17 07:36:14" resolution="Fixed">
		<buginformation>
			<summary>@Transactional customizations not applied correctly on redeclared methods</summary>
			<description>





public interface RepositoryExample extends JpaRepository&amp;lt;User, String&amp;gt;{




	




        // This Query&amp;amp;apos;s timeout just works 




	@Query("FROM User")




	@Transactional(timeout = 10,propagation = Propagation.REQUIRED)




	public List&amp;lt;User&amp;gt; findAll2();




	




        //The query below - timeout doesn&amp;amp;apos;t work , the @Transactional timeout is not being applied




        // Although in the documentation it shows it suppose to work exactly as below 




        @Override	




	@Transactional(timeout = 10,propagation = Propagation.REQUIRED)




	public List&amp;lt;User&amp;gt; findAll();




}






Recommendation: In order to debug it put breakpoint in  EntityManagerFactoryUtils.applyTransactionTimeout</description>
			<version>1.8.5 (Dijkstra SR5)</version>
			<fixedVersion>1.9.3 (Evans SR3), 1.10.1 (Fowler SR1), 1.8.6 (Dijkstra SR6), 1.11 RC1 (Gosling)</fixedVersion>
			<type>Bug</type>
		</buginformation>
		<fixedFiles>
			<file type="M">org.springframework.data.repository.core.support.TransactionalRepositoryProxyPostProcessor.java</file>
			<file type="M">org.springframework.data.repository.core.support.TransactionRepositoryProxyPostProcessorUnitTests.java</file>
			<file type="M">org.springframework.data.repository.core.support.RepositoryFactorySupportUnitTests.java</file>
			<file type="M">org.springframework.data.repository.core.support.RepositoryFactorySupport.java</file>
		</fixedFiles>
		<links>
			<link type="Depend" description="depends on">13109</link>
			<link type="Duplicate" description="is duplicated by">755</link>
			<link type="Relate" description="relates to">778</link>
			<link type="Relate" description="relates to">732</link>
		</links>
	</bug>
	<bug id="717" opendate="2015-06-18 08:32:08" fixdate="2015-06-18 08:55:28" resolution="Fixed">
		<buginformation>
			<summary>AnnotatedTypeScanner does not use context classloader for loading found types</summary>
			<description></description>
			<version>1.8.5 (Dijkstra SR5)</version>
			<fixedVersion>1.9.3 (Evans SR3), 1.10.1 (Fowler SR1), 1.8.6 (Dijkstra SR6), 1.11 RC1 (Gosling)</fixedVersion>
			<type>Bug</type>
		</buginformation>
		<fixedFiles>
			<file type="M">org.springframework.data.util.AnnotatedTypeScanner.java</file>
		</fixedFiles>
	</bug>
	<bug id="719" opendate="2015-06-22 01:10:57" fixdate="2015-06-22 02:46:03" resolution="Fixed">
		<buginformation>
			<summary>Version fails to parse input string with non-numerical suffix</summary>
			<description></description>
			<version>1.8.5 (Dijkstra SR5)</version>
			<fixedVersion>1.9.3 (Evans SR3), 1.10.1 (Fowler SR1), 1.8.6 (Dijkstra SR6), 1.11 RC1 (Gosling)</fixedVersion>
			<type>Bug</type>
		</buginformation>
		<fixedFiles>
			<file type="M">org.springframework.data.util.VersionUnitTests.java</file>
			<file type="M">org.springframework.data.util.Version.java</file>
		</fixedFiles>
		<links>
			<link type="Relate" description="is related to">496</link>
		</links>
	</bug>
</bugrepository>