<?xml version = "1.0" encoding = "UTF-8" ?>
<bugrepository name="IO">
	<bug id="512" opendate="2016-08-15 15:51:50" fixdate="2016-08-17 00:51:26" resolution="Fixed">
		<buginformation>
			<summary>ThresholdingOutputStream.thresholdReached() results in FileNotFoundException</summary>
			<description>I upgraded from commons-io-2.0.1.jar to v2.5 (and fileupload to v1.32)
and now I get
java.io.FileNotFoundException: /usr/share/tomcat/temp/dfifp/upload_4d9f8898_1a83_4092_9070_ddf9c15de6d1_00000027.tmp (No such file or directory)
	at java.io.FileOutputStream.open(Native Method)
	at java.io.FileOutputStream.&amp;lt;init&amp;gt;(FileOutputStream.java:213)
	at java.io.FileOutputStream.&amp;lt;init&amp;gt;(FileOutputStream.java:162)
	at org.apache.commons.io.output.DeferredFileOutputStream.thresholdReached(DeferredFileOutputStream.java:179)
In thresholdReached(), the prefix is null, so no temp file is created.
In the subsequent new FileOutputStream(outputFile), the exception is thrown.
Suggested fix:
before new FileOutputStream(outputFile) , add
FileUtils.forceMkdirParent(outputFile);
Similar issues reported by others:

IO-497
https://java.net/jira/browse/GLASSFISH-20581
https://jira.sakaiproject.org/si/jira.issueviews:issue-html/SAM-1537/SAM-1537.html

</description>
			<version>2.5</version>
			<fixedVersion>2.6</fixedVersion>
			<type>Bug</type>
		</buginformation>
		<fixedFiles>
			<file type="M">org.apache.commons.io.output.DeferredFileOutputStream.java</file>
		</fixedFiles>
	</bug>
</bugrepository>