<!-- 
RSS generated by JIRA (6.4.11#64026-sha1:78f6ec473a3f058bd5d6c30e9319c7ab376bdb9c) at Thu Dec 22 13:08:47 UTC 2016

It is possible to restrict the fields that are returned in this document by specifying the 'field' parameter in your request.
For example, to request only the issue key and summary add field=key&field=summary to the URL of your request.
For example:
https://jira.spring.io/si/jira.issueviews:issue-xml/DATACMNS-447/DATACMNS-447.xml?field=key&amp;field=summary
-->
<rss version="0.92" >
<channel>
    <title>Spring JIRA</title>
    <link>https://jira.spring.io</link>
    <description>This file is an XML representation of an issue</description>
    <language>en-uk</language>    <build-info>
        <version>6.4.11</version>
        <build-number>64026</build-number>
        <build-date>25-08-2015</build-date>
    </build-info>

<item>
            <title>[DATACMNS-447] AbstractMappingContext.getPersistentEntity: Order of strict checking and shouldCreatePersistentEntity is wrong</title>
                <link>https://jira.spring.io/browse/DATACMNS-447</link>
                <project id="10510" key="DATACMNS">Spring Data Commons</project>
                    <description>&lt;p&gt;The current order makes the persistent entity creation fail in strict mode even if the requested type is one that is filtered out in &lt;tt&gt;shouldCreatePersistentEntity()&lt;/tt&gt; (e.g. simple java types, collections etc).&lt;/p&gt;

&lt;p&gt;I want to make the mapping context strict in Spring Data Neo4j as for correct index creation the entities have to be known upfront and so base-package for &lt;tt&gt;&amp;lt;neo4j:config/&amp;gt;&lt;/tt&gt; is mandatory now. The strict mode should enforce this.&lt;/p&gt;
</description>
                <environment></environment>
        <key id="55865">DATACMNS-447</key>
            <summary>AbstractMappingContext.getPersistentEntity: Order of strict checking and shouldCreatePersistentEntity is wrong</summary>
                <type id="1" iconUrl="https://jira.spring.io/images/icons/issuetypes/bug.png">Bug</type>
                                            <priority id="4" iconUrl="https://jira.spring.io/images/icons/priorities/minor.png">Minor</priority>
                        <status id="6" iconUrl="https://jira.spring.io/images/icons/statuses/closed.png" description="The issue is considered finished, the resolution is correct. Issues which are not closed can be reopened.">Closed</status>
                    <statusCategory id="3" key="done" colorName="green"/>
                                    <resolution id="1">Fixed</resolution>
                                        <assignee username="olivergierke">Oliver Gierke</assignee>
                                    <reporter username="mhunger">Michael Hunger</reporter>
                        <labels>
                            <label>dijkstra</label>
                    </labels>
                <created>Mon, 24 Feb 2014 00:25:27 +0000</created>
                <updated>Thu, 13 Mar 2014 10:16:28 +0000</updated>
                            <resolved>Wed, 5 Mar 2014 03:57:51 +0000</resolved>
                                                    <fixVersion>1.7.1 (Codd SR1)</fixVersion>
                    <fixVersion>1.8 M1 (Dijkstra)</fixVersion>
                                        <due></due>
                            <votes>0</votes>
                                    <watches>2</watches>
                                                                <comments>
                            <comment id="99700" author="thomasd" created="Tue, 4 Mar 2014 02:26:02 +0000"  >&lt;p&gt;Integrated &amp;amp;polished Michael&apos;s commit into the PR.&lt;/p&gt;</comment>
                            <comment id="99701" author="thomasd" created="Tue, 4 Mar 2014 02:26:30 +0000"  >&lt;p&gt;Please review.&lt;/p&gt;</comment>
                            <comment id="99775" author="thomasd" created="Wed, 5 Mar 2014 00:26:02 +0000"  >&lt;p&gt;I reduced this PR to only contain the changed ordering of the checks in AbstractMappingContext.getPersistentEntity(TypeInformation).&lt;/p&gt;</comment>
                    </comments>
                    <attachments>
                    </attachments>
                <subtasks>
                    </subtasks>
                <customfields>
                                                                            <customfield id="customfield_10170" key="com.atlassian.jira.ext.charting:firstresponsedate">
                        <customfieldname>First Response Date</customfieldname>
                        <customfieldvalues>
                            <customfieldvalue>Tue, 4 Mar 2014 02:26:02 +0000</customfieldvalue>

                        </customfieldvalues>
                    </customfield>
                                                                                            <customfield id="customfield_10280" key="com.pyxis.greenhopper.jira:gh-global-rank">
                        <customfieldname>Global Rank</customfieldname>
                        <customfieldvalues>
                            <customfieldvalue>42342</customfieldvalue>
                        </customfieldvalues>
                    </customfield>
                                                                <customfield id="customfield_10182" key="com.atlassian.jira.toolkit:lastupdaterorcommenter">
                        <customfieldname>Last updater</customfieldname>
                        <customfieldvalues>
                            <customfieldvalue>olivergierke</customfieldvalue>

                        </customfieldvalues>
                    </customfield>
                                                                <customfield id="customfield_10684" key="com.atlassian.jira.plugin.system.customfieldtypes:url">
                        <customfieldname>Pull Request URL</customfieldname>
                        <customfieldvalues>
                            <customfieldvalue><![CDATA[https://github.com/spring-projects/spring-data-commons/pull/71]]></customfieldvalue>

                        </customfieldvalues>
                    </customfield>
                                                                <customfield id="customfield_10880" key="com.pyxis.greenhopper.jira:gh-lexo-rank">
                        <customfieldname>Rank</customfieldname>
                        <customfieldvalues>
                            <customfieldvalue>0|i0046n:</customfieldvalue>

                        </customfieldvalues>
                    </customfield>
                                                                <customfield id="customfield_10380" key="com.pyxis.greenhopper.jira:gh-global-rank">
                        <customfieldname>Rank (Obsolete)</customfieldname>
                        <customfieldvalues>
                            <customfieldvalue>680</customfieldvalue>
                        </customfieldvalues>
                    </customfield>
                                                                <customfield id="customfield_10381" key="com.pyxis.greenhopper.jira:gh-global-rank">
                        <customfieldname>Ranking</customfieldname>
                        <customfieldvalues>
                            <customfieldvalue>42044</customfieldvalue>
                        </customfieldvalues>
                    </customfield>
                                                                <customfield id="customfield_10120" key="com.atlassian.jira.plugin.system.customfieldtypes:url">
                        <customfieldname>Reference URL</customfieldname>
                        <customfieldvalues>
                            <customfieldvalue><![CDATA[https://github.com/jexp/spring-data-commons/commit/50fdcd5ebfbb139ed46a2891aaee64cb4ded3ea2?w=1]]></customfieldvalue>

                        </customfieldvalues>
                    </customfield>
                                                                                            <customfield id="customfield_10480" key="com.pyxis.greenhopper.jira:gh-sprint">
                        <customfieldname>Sprint</customfieldname>
                        <customfieldvalues>
                                <customfieldvalue id="37">44 - Codd GA</customfieldvalue>

                        </customfieldvalues>
                    </customfield>
                                                                <customfield id="customfield_10171" key="com.atlassian.jira.ext.charting:timeinstatus">
                        <customfieldname>Time in Status</customfieldname>
                        <customfieldvalues>
                            
                        </customfieldvalues>
                    </customfield>
                                                                </customfields>
    </item>
</channel>
</rss>