<!-- 
RSS generated by JIRA (6.4.11#64026-sha1:78f6ec473a3f058bd5d6c30e9319c7ab376bdb9c) at Thu Dec 22 13:08:33 UTC 2016

It is possible to restrict the fields that are returned in this document by specifying the 'field' parameter in your request.
For example, to request only the issue key and summary add field=key&field=summary to the URL of your request.
For example:
https://jira.spring.io/si/jira.issueviews:issue-xml/DATACMNS-538/DATACMNS-538.xml?field=key&amp;field=summary
-->
<rss version="0.92" >
<channel>
    <title>Spring JIRA</title>
    <link>https://jira.spring.io</link>
    <description>This file is an XML representation of an issue</description>
    <language>en-uk</language>    <build-info>
        <version>6.4.11</version>
        <build-number>64026</build-number>
        <build-date>25-08-2015</build-date>
    </build-info>

<item>
            <title>[DATACMNS-538] Reference documentation on web pagination shows outdated parameter names</title>
                <link>https://jira.spring.io/browse/DATACMNS-538</link>
                <project id="10510" key="DATACMNS">Spring Data Commons</project>
                    <description></description>
                <environment></environment>
        <key id="58761">DATACMNS-538</key>
            <summary>Reference documentation on web pagination shows outdated parameter names</summary>
                <type id="1" iconUrl="https://jira.spring.io/images/icons/issuetypes/bug.png">Bug</type>
                                            <priority id="4" iconUrl="https://jira.spring.io/images/icons/priorities/minor.png">Minor</priority>
                        <status id="6" iconUrl="https://jira.spring.io/images/icons/statuses/closed.png" description="The issue is considered finished, the resolution is correct. Issues which are not closed can be reopened.">Closed</status>
                    <statusCategory id="3" key="done" colorName="green"/>
                                    <resolution id="1">Fixed</resolution>
                                        <assignee username="olivergierke">Oliver Gierke</assignee>
                                    <reporter username="olivergierke">Oliver Gierke</reporter>
                        <labels>
                    </labels>
                <created>Fri, 11 Jul 2014 01:52:16 +0000</created>
                <updated>Mon, 28 Jul 2014 04:10:01 +0000</updated>
                            <resolved>Thu, 17 Jul 2014 12:50:50 +0000</resolved>
                                    <version>1.8.1 (Dijkstra SR1)</version>
                    <version>1.9 M1 (Evans)</version>
                                    <fixVersion>1.8.2 (Dijkstra SR2)</fixVersion>
                    <fixVersion>1.9 RC1 (Evans)</fixVersion>
                                    <component>Documentation</component>
                        <due></due>
                            <votes>1</votes>
                                    <watches>2</watches>
                                                                <comments>
                            <comment id="105888" author="thomasd" created="Thu, 17 Jul 2014 08:19:53 +0000"  >&lt;p&gt;Adjusted section that showed outdated parameters and classnames.&lt;br/&gt;
Please revise.&lt;/p&gt;</comment>
                    </comments>
                <issuelinks>
                            <issuelinktype id="10151">
                    <name>Relate</name>
                                                                <inwardlinks description="is related to">
                                        <issuelink>
            <issuekey id="52499">DATAREST-212</issuekey>
        </issuelink>
                            </inwardlinks>
                                    </issuelinktype>
                    </issuelinks>
                <attachments>
                    </attachments>
                <subtasks>
                    </subtasks>
                <customfields>
                                                                            <customfield id="customfield_10170" key="com.atlassian.jira.ext.charting:firstresponsedate">
                        <customfieldname>First Response Date</customfieldname>
                        <customfieldvalues>
                            <customfieldvalue>Thu, 17 Jul 2014 08:19:53 +0000</customfieldvalue>

                        </customfieldvalues>
                    </customfield>
                                                                                            <customfield id="customfield_10280" key="com.pyxis.greenhopper.jira:gh-global-rank">
                        <customfieldname>Global Rank</customfieldname>
                        <customfieldvalues>
                            <customfieldvalue>44921</customfieldvalue>
                        </customfieldvalues>
                    </customfield>
                                                                <customfield id="customfield_10182" key="com.atlassian.jira.toolkit:lastupdaterorcommenter">
                        <customfieldname>Last updater</customfieldname>
                        <customfieldvalues>
                            <customfieldvalue>olivergierke</customfieldvalue>

                        </customfieldvalues>
                    </customfield>
                                                                <customfield id="customfield_10684" key="com.atlassian.jira.plugin.system.customfieldtypes:url">
                        <customfieldname>Pull Request URL</customfieldname>
                        <customfieldvalues>
                            <customfieldvalue><![CDATA[https://github.com/spring-projects/spring-data-commons/pull/91]]></customfieldvalue>

                        </customfieldvalues>
                    </customfield>
                                                                <customfield id="customfield_10880" key="com.pyxis.greenhopper.jira:gh-lexo-rank">
                        <customfieldname>Rank</customfieldname>
                        <customfieldvalues>
                            <customfieldvalue>0|i0022f:</customfieldvalue>

                        </customfieldvalues>
                    </customfield>
                                                                <customfield id="customfield_10380" key="com.pyxis.greenhopper.jira:gh-global-rank">
                        <customfieldname>Rank (Obsolete)</customfieldname>
                        <customfieldvalues>
                            <customfieldvalue>336</customfieldvalue>
                        </customfieldvalues>
                    </customfield>
                                                                <customfield id="customfield_10381" key="com.pyxis.greenhopper.jira:gh-global-rank">
                        <customfieldname>Ranking</customfieldname>
                        <customfieldvalues>
                            <customfieldvalue>44623</customfieldvalue>
                        </customfieldvalues>
                    </customfield>
                                                                                                                        <customfield id="customfield_10480" key="com.pyxis.greenhopper.jira:gh-sprint">
                        <customfieldname>Sprint</customfieldname>
                        <customfieldvalues>
                                <customfieldvalue id="55">51 - Dijkstra SR2</customfieldvalue>

                        </customfieldvalues>
                    </customfield>
                                                                <customfield id="customfield_10171" key="com.atlassian.jira.ext.charting:timeinstatus">
                        <customfieldname>Time in Status</customfieldname>
                        <customfieldvalues>
                            
                        </customfieldvalues>
                    </customfield>
                                                                </customfields>
    </item>
</channel>
</rss>