<!-- 
RSS generated by JIRA (6.4.11#64026-sha1:78f6ec473a3f058bd5d6c30e9319c7ab376bdb9c) at Thu Dec 22 13:12:09 UTC 2016

It is possible to restrict the fields that are returned in this document by specifying the 'field' parameter in your request.
For example, to request only the issue key and summary add field=key&field=summary to the URL of your request.
For example:
https://jira.spring.io/si/jira.issueviews:issue-xml/DATACMNS-22/DATACMNS-22.xml?field=key&amp;field=summary
-->
<rss version="0.92" >
<channel>
    <title>Spring JIRA</title>
    <link>https://jira.spring.io</link>
    <description>This file is an XML representation of an issue</description>
    <language>en-uk</language>    <build-info>
        <version>6.4.11</version>
        <build-number>64026</build-number>
        <build-date>25-08-2015</build-date>
    </build-info>

<item>
            <title>[DATACMNS-22] Plugin repository missing for maven build</title>
                <link>https://jira.spring.io/browse/DATACMNS-22</link>
                <project id="10510" key="DATACMNS">Spring Data Commons</project>
                    <description>&lt;p&gt;Somewhat related to &lt;a href=&quot;https://jira.spring.io/browse/DATAJPA-26&quot; title=&quot;Build with Maven 3&quot; class=&quot;issue-link&quot; data-issue-key=&quot;DATAJPA-26&quot;&gt;&lt;del&gt;DATAJPA-26&lt;/del&gt;&lt;/a&gt; repository.springframework.maven.release plugin repository ( &lt;a href=&quot;http://maven.springframework.org/release&quot; class=&quot;external-link&quot; rel=&quot;nofollow&quot;&gt;http://maven.springframework.org/release&lt;/a&gt; ) is missing for spring data commons project:&lt;/p&gt;

&lt;p&gt;&quot;Unresolveable build extension: Plugin org.springframework.build.aws:org.springframework.build.aws.maven:3.1.0.RELEASE or one of its dependencies could not be resolved...&quot;&lt;/p&gt;</description>
                <environment></environment>
        <key id="36783">DATACMNS-22</key>
            <summary>Plugin repository missing for maven build</summary>
                <type id="1" iconUrl="https://jira.spring.io/images/icons/issuetypes/bug.png">Bug</type>
                                            <priority id="5" iconUrl="https://jira.spring.io/images/icons/priorities/trivial.png">Trivial</priority>
                        <status id="6" iconUrl="https://jira.spring.io/images/icons/statuses/closed.png" description="The issue is considered finished, the resolution is correct. Issues which are not closed can be reopened.">Closed</status>
                    <statusCategory id="3" key="done" colorName="green"/>
                                    <resolution id="1">Fixed</resolution>
                                        <assignee username="olivergierke">Oliver Gierke</assignee>
                                    <reporter username="sslavic">Stevo Slavi&#263;</reporter>
                        <labels>
                    </labels>
                <created>Sat, 12 Mar 2011 15:58:27 +0000</created>
                <updated>Mon, 25 Mar 2013 09:25:38 +0000</updated>
                            <resolved>Sun, 20 Mar 2011 11:27:33 +0000</resolved>
                                    <version>1.0 M4</version>
                                    <fixVersion>1.0 M5</fixVersion>
                                        <due></due>
                            <votes>0</votes>
                                    <watches>1</watches>
                                            <timeestimate seconds="0">0d</timeestimate>
                            <timespent seconds="600">10m</timespent>
                                <comments>
                            <comment id="64514" author="olivergierke" created="Sun, 20 Mar 2011 11:27:31 +0000"  >&lt;p&gt;Should be available in tonight&apos;s snapshot. The plugin is actually only needed to distribute release artifacts so you should be fine just commenting it out to get it building.&lt;/p&gt;</comment>
                    </comments>
                    <attachments>
                    </attachments>
                <subtasks>
                    </subtasks>
                <customfields>
                                                                            <customfield id="customfield_10170" key="com.atlassian.jira.ext.charting:firstresponsedate">
                        <customfieldname>First Response Date</customfieldname>
                        <customfieldvalues>
                            <customfieldvalue>Sun, 20 Mar 2011 11:27:31 +0000</customfieldvalue>

                        </customfieldvalues>
                    </customfield>
                                                                                            <customfield id="customfield_10280" key="com.pyxis.greenhopper.jira:gh-global-rank">
                        <customfieldname>Global Rank</customfieldname>
                        <customfieldvalues>
                            <customfieldvalue>2222</customfieldvalue>
                        </customfieldvalues>
                    </customfield>
                                                                <customfield id="customfield_10182" key="com.atlassian.jira.toolkit:lastupdaterorcommenter">
                        <customfieldname>Last updater</customfieldname>
                        <customfieldvalues>
                            <customfieldvalue>tmarshall</customfieldvalue>

                        </customfieldvalues>
                    </customfield>
                                                                                            <customfield id="customfield_10880" key="com.pyxis.greenhopper.jira:gh-lexo-rank">
                        <customfieldname>Rank</customfieldname>
                        <customfieldvalues>
                            <customfieldvalue>0|i00xef:</customfieldvalue>

                        </customfieldvalues>
                    </customfield>
                                                                <customfield id="customfield_10380" key="com.pyxis.greenhopper.jira:gh-global-rank">
                        <customfieldname>Rank (Obsolete)</customfieldname>
                        <customfieldvalues>
                            <customfieldvalue>5456</customfieldvalue>
                        </customfieldvalues>
                    </customfield>
                                                                <customfield id="customfield_10381" key="com.pyxis.greenhopper.jira:gh-global-rank">
                        <customfieldname>Ranking</customfieldname>
                        <customfieldvalues>
                            <customfieldvalue>6750</customfieldvalue>
                        </customfieldvalues>
                    </customfield>
                                                                                                                                                    <customfield id="customfield_10171" key="com.atlassian.jira.ext.charting:timeinstatus">
                        <customfieldname>Time in Status</customfieldname>
                        <customfieldvalues>
                            
                        </customfieldvalues>
                    </customfield>
                                                                </customfields>
    </item>
</channel>
</rss>