<!-- 
RSS generated by JIRA (6.4.11#64026-sha1:78f6ec473a3f058bd5d6c30e9319c7ab376bdb9c) at Thu Dec 22 13:21:13 UTC 2016

It is possible to restrict the fields that are returned in this document by specifying the 'field' parameter in your request.
For example, to request only the issue key and summary add field=key&field=summary to the URL of your request.
For example:
https://jira.spring.io/si/jira.issueviews:issue-xml/DATACMNS-929/DATACMNS-929.xml?field=key&amp;field=summary
-->
<rss version="0.92" >
<channel>
    <title>Spring JIRA</title>
    <link>https://jira.spring.io</link>
    <description>This file is an XML representation of an issue</description>
    <language>en-uk</language>    <build-info>
        <version>6.4.11</version>
        <build-number>64026</build-number>
        <build-date>25-08-2015</build-date>
    </build-info>

<item>
            <title>[DATACMNS-929] PageableHandlerMethodArgumentResolver.isFallbackPageable() throws NullPointerException if default is configured to be null</title>
                <link>https://jira.spring.io/browse/DATACMNS-929</link>
                <project id="10510" key="DATACMNS">Spring Data Commons</project>
                    <description>&lt;p&gt;This is a bit subtle, and maybe it&apos;s more of a question than a bug, but I would like to know if this exception is expected or not.&lt;/p&gt;

&lt;p&gt;The JavaDocs from &lt;tt&gt;PageableHandlerMethodArgumentResolver&lt;/tt&gt; say about &lt;tt&gt;setFallbackPageable(&#8230;)&lt;/tt&gt;:&lt;/p&gt;

&lt;p/&gt;
&lt;div id=&quot;syntaxplugin&quot; class=&quot;syntaxplugin&quot; style=&quot;border: 1px dashed #bbb; border-radius: 5px !important; overflow: auto; max-height: 30em;&quot;&gt;
&lt;table cellspacing=&quot;0&quot; cellpadding=&quot;0&quot; border=&quot;0&quot; width=&quot;100%&quot; style=&quot;font-size: 1em; line-height: 1.4em !important; font-weight: normal; font-style: normal; color: black;&quot;&gt;
		&lt;tbody &gt;
				&lt;tr id=&quot;syntaxplugin_code_and_gutter&quot;&gt;
						&lt;td  style=&quot; line-height: 1.4em !important; padding: 0em; vertical-align: top;&quot;&gt;
					&lt;pre style=&quot;font-size: 1em; margin: 0 10px;  margin-top: 10px;   width: auto; padding: 0;&quot;&gt;&lt;span style=&quot;color: black; font-family: &apos;Consolas&apos;, &apos;Bitstream Vera Sans Mono&apos;, &apos;Courier New&apos;, Courier, monospace !important;&quot;&gt; * If you set this to {@literal null}, be aware that you controller methods will get {@literal null} handed into them&lt;/span&gt;&lt;/pre&gt;
			&lt;/td&gt;
		&lt;/tr&gt;
				&lt;tr id=&quot;syntaxplugin_code_and_gutter&quot;&gt;
						&lt;td  style=&quot; line-height: 1.4em !important; padding: 0em; vertical-align: top;&quot;&gt;
					&lt;pre style=&quot;font-size: 1em; margin: 0 10px;   width: auto; padding: 0;&quot;&gt;&lt;span style=&quot;color: black; font-family: &apos;Consolas&apos;, &apos;Bitstream Vera Sans Mono&apos;, &apos;Courier New&apos;, Courier, monospace !important;&quot;&gt; * in case no {@link Pageable} data can be found in the request. Note, that doing so will require you supply bot the&lt;/span&gt;&lt;/pre&gt;
			&lt;/td&gt;
		&lt;/tr&gt;
				&lt;tr id=&quot;syntaxplugin_code_and_gutter&quot;&gt;
						&lt;td  style=&quot; line-height: 1.4em !important; padding: 0em; vertical-align: top;&quot;&gt;
					&lt;pre style=&quot;font-size: 1em; margin: 0 10px;   width: auto; padding: 0;&quot;&gt;&lt;span style=&quot;color: black; font-family: &apos;Consolas&apos;, &apos;Bitstream Vera Sans Mono&apos;, &apos;Courier New&apos;, Courier, monospace !important;&quot;&gt; * page &amp;lt;em&amp;gt;and&amp;lt;/em&amp;gt; the size parameter with the requests as there will be no default for any of the parameters&lt;/span&gt;&lt;/pre&gt;
			&lt;/td&gt;
		&lt;/tr&gt;
				&lt;tr id=&quot;syntaxplugin_code_and_gutter&quot;&gt;
						&lt;td  style=&quot; line-height: 1.4em !important; padding: 0em; vertical-align: top;&quot;&gt;
					&lt;pre style=&quot;font-size: 1em; margin: 0 10px;   margin-bottom: 10px;  width: auto; padding: 0;&quot;&gt;&lt;span style=&quot;color: black; font-family: &apos;Consolas&apos;, &apos;Bitstream Vera Sans Mono&apos;, &apos;Courier New&apos;, Courier, monospace !important;&quot;&gt; * available.&lt;/span&gt;&lt;/pre&gt;
			&lt;/td&gt;
		&lt;/tr&gt;
			&lt;/tbody&gt;
&lt;/table&gt;
&lt;/div&gt;
&lt;p/&gt;

&lt;p&gt;And it confuses me, cause it&apos;s a contradiction, either the first part is true or the second one is true. In fact, it depends on the &lt;tt&gt;HandlerMethodArgumentResolver&lt;/tt&gt; configured to resolve &lt;tt&gt;Pageable&lt;/tt&gt;. I think the first one should always be true, but when using a &lt;tt&gt;MappingAwareDefaultedPageableArgumentResolver&lt;/tt&gt; the second one is always true.&lt;/p&gt;

&lt;p&gt;I want to set &lt;tt&gt;fallbackPageable&lt;/tt&gt; to &lt;tt&gt;null&lt;/tt&gt;, so that when page and size are included in the request, I retrieve only the page requested, but when they are not it the request I receive a &lt;tt&gt;null&lt;/tt&gt; parameter and then I can decide to retrieve all the records, for instance. This is what the first paragraph of that comment suggests.&lt;/p&gt;

&lt;p&gt;The thing is that &lt;tt&gt;MappingAwareDefaultedPageableArgumentResolver.resolveArgument(&#8230;)&lt;/tt&gt; has code that also hints at an intention to allow for a &lt;tt&gt;null&lt;/tt&gt; &lt;tt&gt;fallbackPageable&lt;/tt&gt; and no page nor size in the request:&lt;/p&gt;

&lt;p/&gt;
&lt;div id=&quot;syntaxplugin&quot; class=&quot;syntaxplugin&quot; style=&quot;border: 1px dashed #bbb; border-radius: 5px !important; overflow: auto; max-height: 30em;&quot;&gt;
&lt;table cellspacing=&quot;0&quot; cellpadding=&quot;0&quot; border=&quot;0&quot; width=&quot;100%&quot; style=&quot;font-size: 1em; line-height: 1.4em !important; font-weight: normal; font-style: normal; color: black;&quot;&gt;
		&lt;tbody &gt;
				&lt;tr id=&quot;syntaxplugin_code_and_gutter&quot;&gt;
						&lt;td  style=&quot; line-height: 1.4em !important; padding: 0em; vertical-align: top;&quot;&gt;
					&lt;pre style=&quot;font-size: 1em; margin: 0 10px;  margin-top: 10px;   width: auto; padding: 0;&quot;&gt;&lt;span style=&quot;color: black; font-family: &apos;Consolas&apos;, &apos;Bitstream Vera Sans Mono&apos;, &apos;Courier New&apos;, Courier, monospace !important;&quot;&gt;Pageable pageable = delegate.resolveArgument(parameter, mavContainer, webRequest, binderFactory);&lt;/span&gt;&lt;/pre&gt;
			&lt;/td&gt;
		&lt;/tr&gt;
				&lt;tr id=&quot;syntaxplugin_code_and_gutter&quot;&gt;
						&lt;td  style=&quot; line-height: 1.4em !important; padding: 0em; vertical-align: top;&quot;&gt;
					&lt;pre style=&quot;font-size: 1em; margin: 0 10px;   width: auto; padding: 0;&quot;&gt;&amp;nbsp;&lt;/pre&gt;
			&lt;/td&gt;
		&lt;/tr&gt;
				&lt;tr id=&quot;syntaxplugin_code_and_gutter&quot;&gt;
						&lt;td  style=&quot; line-height: 1.4em !important; padding: 0em; vertical-align: top;&quot;&gt;
					&lt;pre style=&quot;font-size: 1em; margin: 0 10px;   width: auto; padding: 0;&quot;&gt;&lt;span style=&quot;color: #006699; font-weight: bold; font-family: &apos;Consolas&apos;, &apos;Bitstream Vera Sans Mono&apos;, &apos;Courier New&apos;, Courier, monospace !important;&quot;&gt;if&lt;/span&gt;&lt;span style=&quot;color: black; font-family: &apos;Consolas&apos;, &apos;Bitstream Vera Sans Mono&apos;, &apos;Courier New&apos;, Courier, monospace !important;&quot;&gt; (pageable == &lt;/span&gt;&lt;span style=&quot;color: #006699; font-weight: bold; font-family: &apos;Consolas&apos;, &apos;Bitstream Vera Sans Mono&apos;, &apos;Courier New&apos;, Courier, monospace !important;&quot;&gt;null&lt;/span&gt;&lt;span style=&quot;color: black; font-family: &apos;Consolas&apos;, &apos;Bitstream Vera Sans Mono&apos;, &apos;Courier New&apos;, Courier, monospace !important;&quot;&gt; || pageable.getSort() == &lt;/span&gt;&lt;span style=&quot;color: #006699; font-weight: bold; font-family: &apos;Consolas&apos;, &apos;Bitstream Vera Sans Mono&apos;, &apos;Courier New&apos;, Courier, monospace !important;&quot;&gt;null&lt;/span&gt;&lt;span style=&quot;color: black; font-family: &apos;Consolas&apos;, &apos;Bitstream Vera Sans Mono&apos;, &apos;Courier New&apos;, Courier, monospace !important;&quot;&gt;) {&lt;/span&gt;&lt;/pre&gt;
			&lt;/td&gt;
		&lt;/tr&gt;
				&lt;tr id=&quot;syntaxplugin_code_and_gutter&quot;&gt;
						&lt;td  style=&quot; line-height: 1.4em !important; padding: 0em; vertical-align: top;&quot;&gt;
					&lt;pre style=&quot;font-size: 1em; margin: 0 10px;   width: auto; padding: 0;&quot;&gt;&lt;span style=&quot;color: black; font-family: &apos;Consolas&apos;, &apos;Bitstream Vera Sans Mono&apos;, &apos;Courier New&apos;, Courier, monospace !important;&quot;&gt;	&lt;/span&gt;&lt;span style=&quot;color: #006699; font-weight: bold; font-family: &apos;Consolas&apos;, &apos;Bitstream Vera Sans Mono&apos;, &apos;Courier New&apos;, Courier, monospace !important;&quot;&gt;return&lt;/span&gt;&lt;span style=&quot;color: black; font-family: &apos;Consolas&apos;, &apos;Bitstream Vera Sans Mono&apos;, &apos;Courier New&apos;, Courier, monospace !important;&quot;&gt; &lt;/span&gt;&lt;span style=&quot;color: #006699; font-weight: bold; font-family: &apos;Consolas&apos;, &apos;Bitstream Vera Sans Mono&apos;, &apos;Courier New&apos;, Courier, monospace !important;&quot;&gt;new&lt;/span&gt;&lt;span style=&quot;color: black; font-family: &apos;Consolas&apos;, &apos;Bitstream Vera Sans Mono&apos;, &apos;Courier New&apos;, Courier, monospace !important;&quot;&gt; DefaultedPageable(pageable, delegate.isFallbackPageable(pageable));&lt;/span&gt;&lt;/pre&gt;
			&lt;/td&gt;
		&lt;/tr&gt;
				&lt;tr id=&quot;syntaxplugin_code_and_gutter&quot;&gt;
						&lt;td  style=&quot; line-height: 1.4em !important; padding: 0em; vertical-align: top;&quot;&gt;
					&lt;pre style=&quot;font-size: 1em; margin: 0 10px;   margin-bottom: 10px;  width: auto; padding: 0;&quot;&gt;&lt;span style=&quot;color: black; font-family: &apos;Consolas&apos;, &apos;Bitstream Vera Sans Mono&apos;, &apos;Courier New&apos;, Courier, monospace !important;&quot;&gt;}&lt;/span&gt;&lt;/pre&gt;
			&lt;/td&gt;
		&lt;/tr&gt;
			&lt;/tbody&gt;
&lt;/table&gt;
&lt;/div&gt;
&lt;p/&gt;

&lt;p&gt;So, in theory, pageable could be &lt;tt&gt;null&lt;/tt&gt; and it would be sent to the controller. But, in practice, this code throws a &lt;tt&gt;NullPointerException&lt;/tt&gt; when &lt;tt&gt;pageable&lt;/tt&gt; is &lt;tt&gt;null&lt;/tt&gt;, because &lt;tt&gt;PageableHandlerMethodArgumentResolver.isFallbackPageable(&#8230;)&lt;/tt&gt; will always throw &lt;tt&gt;NullPointerException&lt;/tt&gt; when &lt;tt&gt;pageable&lt;/tt&gt; is &lt;tt&gt;null&lt;/tt&gt;. Unless, of course, you are using a custom implementation that overrides that method (Something I haven&apos;t found in spring). I know I could use &lt;tt&gt;MappingAwarePageableArgumentResolver&lt;/tt&gt; to avoid all this, but all the code suggests &lt;tt&gt;null&lt;/tt&gt; should be allowed. For example, &lt;tt&gt;RepositoryEntityController.getCollectionResource(&#8230;)&lt;/tt&gt; allows for &lt;tt&gt;DefaultedPageable.getPageable()&lt;/tt&gt; to be &lt;tt&gt;null&lt;/tt&gt; but, unless you implement a workaround, it will never be &lt;tt&gt;null&lt;/tt&gt;.&lt;/p&gt;

&lt;p&gt;So I think that a fix is in order here. Either the documentation is fixed to explain the expected behavior and remove the contradiction (at least state what is the standard behavior unless it&apos;s overridden) or &lt;tt&gt;PageableHandlerMethodArgumentResolver.isFallbackPageable(&#8230;)) is modified to allow {{fallbackPageable&lt;/tt&gt; to be &lt;tt&gt;null&lt;/tt&gt; without throwing an exception. Please note that avoiding the exception when &lt;tt&gt;fallbackPageable&lt;/tt&gt; is &lt;tt&gt;null&lt;/tt&gt; would keep the standard behavior in all cases except in the cases when page and size are not included in the request.&lt;/p&gt;

&lt;p&gt;Also, FYI, I would need this to be fixed because when I use a &lt;tt&gt;PagingAndSortingRepository&lt;/tt&gt; with &lt;tt&gt;spring-data-rest-webmvc&lt;/tt&gt; the &lt;tt&gt;findAll(&#8230;)&lt;/tt&gt; with a &lt;tt&gt;Pageable&lt;/tt&gt; parameter is always invoked, and there seems to be no way to invoke the &lt;tt&gt;findAll(&#8230;)&lt;/tt&gt; method  with a &lt;tt&gt;Sort&lt;/tt&gt; parameter, even though there is a line that checks if &lt;tt&gt;Pageable&lt;/tt&gt; is &lt;tt&gt;null&lt;/tt&gt; and it should be possible.&lt;/p&gt;

&lt;p&gt;Maybe I&apos;m missing something very obvious, if that is case, please excuse me for such a long description and just let me know. Thank you.&lt;/p&gt;</description>
                <environment></environment>
        <key id="70297">DATACMNS-929</key>
            <summary>PageableHandlerMethodArgumentResolver.isFallbackPageable() throws NullPointerException if default is configured to be null</summary>
                <type id="1" iconUrl="https://jira.spring.io/images/icons/issuetypes/bug.png">Bug</type>
                                            <priority id="4" iconUrl="https://jira.spring.io/images/icons/priorities/minor.png">Minor</priority>
                        <status id="6" iconUrl="https://jira.spring.io/images/icons/statuses/closed.png" description="The issue is considered finished, the resolution is correct. Issues which are not closed can be reopened.">Closed</status>
                    <statusCategory id="3" key="done" colorName="green"/>
                                    <resolution id="1">Fixed</resolution>
                                        <assignee username="olivergierke">Oliver Gierke</assignee>
                                    <reporter username="triqui">Triqui Galletas</reporter>
                        <labels>
                    </labels>
                <created>Fri, 28 Oct 2016 18:20:23 +0000</created>
                <updated>Thu, 3 Nov 2016 17:51:44 +0000</updated>
                            <resolved>Tue, 1 Nov 2016 17:08:27 +0000</resolved>
                                                    <fixVersion>1.12.5 (Hopper SR5)</fixVersion>
                    <fixVersion>1.13 RC1 (Ingalls)</fixVersion>
                    <fixVersion>1.11.7 (Gosling SR7)</fixVersion>
                                        <due></due>
                            <votes>0</votes>
                                    <watches>3</watches>
                                                                <comments>
                            <comment id="133084" author="mp911de" created="Fri, 28 Oct 2016 18:39:56 +0000"  >&lt;p&gt;&lt;a href=&quot;https://jira.spring.io/secure/ViewProfile.jspa?name=triqui&quot; class=&quot;user-hover&quot; rel=&quot;triqui&quot;&gt;Triqui Galletas&lt;/a&gt; thanks for digging into that. You&apos;re right, invoking &lt;tt&gt;PageableHandlerMethodArgumentResolver. isFallbackPageable(&#8230;)&lt;/tt&gt; causes a &lt;tt&gt;NullPointerException&lt;/tt&gt; if fallbackPageable is &lt;tt&gt;null&lt;/tt&gt; which is a bug.  Fixing &lt;tt&gt;isFallbackPageable(&#8230;)&lt;/tt&gt; seems the most appropriate way how to handle that issue. Any thoughts &lt;a href=&quot;https://jira.spring.io/secure/ViewProfile.jspa?name=olivergierke&quot; class=&quot;user-hover&quot; rel=&quot;olivergierke&quot;&gt;Oliver Gierke&lt;/a&gt;?&lt;/p&gt;</comment>
                            <comment id="133085" author="triqui" created="Fri, 28 Oct 2016 18:56:22 +0000"  >&lt;p&gt;The stupid workaround I&apos;m using right now is adding this class to my configuration:&lt;/p&gt;
&lt;p/&gt;
&lt;div id=&quot;syntaxplugin&quot; class=&quot;syntaxplugin&quot; style=&quot;border: 1px dashed #bbb; border-radius: 5px !important; overflow: auto; max-height: 30em;&quot;&gt;
&lt;table cellspacing=&quot;0&quot; cellpadding=&quot;0&quot; border=&quot;0&quot; width=&quot;100%&quot; style=&quot;font-size: 1em; line-height: 1.4em !important; font-weight: normal; font-style: normal; color: black;&quot;&gt;
		&lt;tbody &gt;
				&lt;tr id=&quot;syntaxplugin_code_and_gutter&quot;&gt;
						&lt;td  style=&quot; line-height: 1.4em !important; padding: 0em; vertical-align: top;&quot;&gt;
					&lt;pre style=&quot;font-size: 1em; margin: 0 10px;  margin-top: 10px;   width: auto; padding: 0;&quot;&gt;&lt;span style=&quot;color: gray; font-family: &apos;Consolas&apos;, &apos;Bitstream Vera Sans Mono&apos;, &apos;Courier New&apos;, Courier, monospace !important;&quot;&gt;@Configuration&lt;/span&gt;&lt;/pre&gt;
			&lt;/td&gt;
		&lt;/tr&gt;
				&lt;tr id=&quot;syntaxplugin_code_and_gutter&quot;&gt;
						&lt;td  style=&quot; line-height: 1.4em !important; padding: 0em; vertical-align: top;&quot;&gt;
					&lt;pre style=&quot;font-size: 1em; margin: 0 10px;   width: auto; padding: 0;&quot;&gt;&lt;span style=&quot;color: #006699; font-weight: bold; font-family: &apos;Consolas&apos;, &apos;Bitstream Vera Sans Mono&apos;, &apos;Courier New&apos;, Courier, monospace !important;&quot;&gt;public&lt;/span&gt;&lt;span style=&quot;color: black; font-family: &apos;Consolas&apos;, &apos;Bitstream Vera Sans Mono&apos;, &apos;Courier New&apos;, Courier, monospace !important;&quot;&gt; &lt;/span&gt;&lt;span style=&quot;color: #006699; font-weight: bold; font-family: &apos;Consolas&apos;, &apos;Bitstream Vera Sans Mono&apos;, &apos;Courier New&apos;, Courier, monospace !important;&quot;&gt;class&lt;/span&gt;&lt;span style=&quot;color: black; font-family: &apos;Consolas&apos;, &apos;Bitstream Vera Sans Mono&apos;, &apos;Courier New&apos;, Courier, monospace !important;&quot;&gt; RestApiConfiguration &lt;/span&gt;&lt;span style=&quot;color: #006699; font-weight: bold; font-family: &apos;Consolas&apos;, &apos;Bitstream Vera Sans Mono&apos;, &apos;Courier New&apos;, Courier, monospace !important;&quot;&gt;extends&lt;/span&gt;&lt;span style=&quot;color: black; font-family: &apos;Consolas&apos;, &apos;Bitstream Vera Sans Mono&apos;, &apos;Courier New&apos;, Courier, monospace !important;&quot;&gt; RepositoryRestConfigurerAdapter {&lt;/span&gt;&lt;/pre&gt;
			&lt;/td&gt;
		&lt;/tr&gt;
				&lt;tr id=&quot;syntaxplugin_code_and_gutter&quot;&gt;
						&lt;td  style=&quot; line-height: 1.4em !important; padding: 0em; vertical-align: top;&quot;&gt;
					&lt;pre style=&quot;font-size: 1em; margin: 0 10px;   width: auto; padding: 0;&quot;&gt;&amp;nbsp;&lt;/pre&gt;
			&lt;/td&gt;
		&lt;/tr&gt;
				&lt;tr id=&quot;syntaxplugin_code_and_gutter&quot;&gt;
						&lt;td  style=&quot; line-height: 1.4em !important; padding: 0em; vertical-align: top;&quot;&gt;
					&lt;pre style=&quot;font-size: 1em; margin: 0 10px;   width: auto; padding: 0;&quot;&gt;&lt;span style=&quot;color: black; font-family: &apos;Consolas&apos;, &apos;Bitstream Vera Sans Mono&apos;, &apos;Courier New&apos;, Courier, monospace !important;&quot;&gt;	&lt;/span&gt;&lt;span style=&quot;color: gray; font-family: &apos;Consolas&apos;, &apos;Bitstream Vera Sans Mono&apos;, &apos;Courier New&apos;, Courier, monospace !important;&quot;&gt;@Bean&lt;/span&gt;&lt;/pre&gt;
			&lt;/td&gt;
		&lt;/tr&gt;
				&lt;tr id=&quot;syntaxplugin_code_and_gutter&quot;&gt;
						&lt;td  style=&quot; line-height: 1.4em !important; padding: 0em; vertical-align: top;&quot;&gt;
					&lt;pre style=&quot;font-size: 1em; margin: 0 10px;   width: auto; padding: 0;&quot;&gt;&lt;span style=&quot;color: black; font-family: &apos;Consolas&apos;, &apos;Bitstream Vera Sans Mono&apos;, &apos;Courier New&apos;, Courier, monospace !important;&quot;&gt;	&lt;/span&gt;&lt;span style=&quot;color: #006699; font-weight: bold; font-family: &apos;Consolas&apos;, &apos;Bitstream Vera Sans Mono&apos;, &apos;Courier New&apos;, Courier, monospace !important;&quot;&gt;public&lt;/span&gt;&lt;span style=&quot;color: black; font-family: &apos;Consolas&apos;, &apos;Bitstream Vera Sans Mono&apos;, &apos;Courier New&apos;, Courier, monospace !important;&quot;&gt; HateoasPageableHandlerMethodArgumentResolver customResolver(&lt;/span&gt;&lt;/pre&gt;
			&lt;/td&gt;
		&lt;/tr&gt;
				&lt;tr id=&quot;syntaxplugin_code_and_gutter&quot;&gt;
						&lt;td  style=&quot; line-height: 1.4em !important; padding: 0em; vertical-align: top;&quot;&gt;
					&lt;pre style=&quot;font-size: 1em; margin: 0 10px;   width: auto; padding: 0;&quot;&gt;&lt;span style=&quot;color: black; font-family: &apos;Consolas&apos;, &apos;Bitstream Vera Sans Mono&apos;, &apos;Courier New&apos;, Courier, monospace !important;&quot;&gt;			HateoasPageableHandlerMethodArgumentResolver pageableResolver) {&lt;/span&gt;&lt;/pre&gt;
			&lt;/td&gt;
		&lt;/tr&gt;
				&lt;tr id=&quot;syntaxplugin_code_and_gutter&quot;&gt;
						&lt;td  style=&quot; line-height: 1.4em !important; padding: 0em; vertical-align: top;&quot;&gt;
					&lt;pre style=&quot;font-size: 1em; margin: 0 10px;   width: auto; padding: 0;&quot;&gt;&lt;span style=&quot;color: black; font-family: &apos;Consolas&apos;, &apos;Bitstream Vera Sans Mono&apos;, &apos;Courier New&apos;, Courier, monospace !important;&quot;&gt;		pageableResolver.setOneIndexedParameters(&lt;/span&gt;&lt;span style=&quot;color: #006699; font-weight: bold; font-family: &apos;Consolas&apos;, &apos;Bitstream Vera Sans Mono&apos;, &apos;Courier New&apos;, Courier, monospace !important;&quot;&gt;true&lt;/span&gt;&lt;span style=&quot;color: black; font-family: &apos;Consolas&apos;, &apos;Bitstream Vera Sans Mono&apos;, &apos;Courier New&apos;, Courier, monospace !important;&quot;&gt;);&lt;/span&gt;&lt;/pre&gt;
			&lt;/td&gt;
		&lt;/tr&gt;
				&lt;tr id=&quot;syntaxplugin_code_and_gutter&quot;&gt;
						&lt;td  style=&quot; line-height: 1.4em !important; padding: 0em; vertical-align: top;&quot;&gt;
					&lt;pre style=&quot;font-size: 1em; margin: 0 10px;   width: auto; padding: 0;&quot;&gt;&lt;span style=&quot;color: black; font-family: &apos;Consolas&apos;, &apos;Bitstream Vera Sans Mono&apos;, &apos;Courier New&apos;, Courier, monospace !important;&quot;&gt;		pageableResolver.setFallbackPageable(&lt;/span&gt;&lt;span style=&quot;color: #006699; font-weight: bold; font-family: &apos;Consolas&apos;, &apos;Bitstream Vera Sans Mono&apos;, &apos;Courier New&apos;, Courier, monospace !important;&quot;&gt;new&lt;/span&gt;&lt;span style=&quot;color: black; font-family: &apos;Consolas&apos;, &apos;Bitstream Vera Sans Mono&apos;, &apos;Courier New&apos;, Courier, monospace !important;&quot;&gt; PageRequest(&lt;/span&gt;&lt;span style=&quot;color: #009900; font-family: &apos;Consolas&apos;, &apos;Bitstream Vera Sans Mono&apos;, &apos;Courier New&apos;, Courier, monospace !important;&quot;&gt;0&lt;/span&gt;&lt;span style=&quot;color: black; font-family: &apos;Consolas&apos;, &apos;Bitstream Vera Sans Mono&apos;, &apos;Courier New&apos;, Courier, monospace !important;&quot;&gt;, Integer.MAX_VALUE));&lt;/span&gt;&lt;/pre&gt;
			&lt;/td&gt;
		&lt;/tr&gt;
				&lt;tr id=&quot;syntaxplugin_code_and_gutter&quot;&gt;
						&lt;td  style=&quot; line-height: 1.4em !important; padding: 0em; vertical-align: top;&quot;&gt;
					&lt;pre style=&quot;font-size: 1em; margin: 0 10px;   width: auto; padding: 0;&quot;&gt;&lt;span style=&quot;color: black; font-family: &apos;Consolas&apos;, &apos;Bitstream Vera Sans Mono&apos;, &apos;Courier New&apos;, Courier, monospace !important;&quot;&gt;		pageableResolver.setMaxPageSize(Integer.MAX_VALUE);&lt;/span&gt;&lt;/pre&gt;
			&lt;/td&gt;
		&lt;/tr&gt;
				&lt;tr id=&quot;syntaxplugin_code_and_gutter&quot;&gt;
						&lt;td  style=&quot; line-height: 1.4em !important; padding: 0em; vertical-align: top;&quot;&gt;
					&lt;pre style=&quot;font-size: 1em; margin: 0 10px;   width: auto; padding: 0;&quot;&gt;&lt;span style=&quot;color: black; font-family: &apos;Consolas&apos;, &apos;Bitstream Vera Sans Mono&apos;, &apos;Courier New&apos;, Courier, monospace !important;&quot;&gt;		&lt;/span&gt;&lt;span style=&quot;color: #006699; font-weight: bold; font-family: &apos;Consolas&apos;, &apos;Bitstream Vera Sans Mono&apos;, &apos;Courier New&apos;, Courier, monospace !important;&quot;&gt;return&lt;/span&gt;&lt;span style=&quot;color: black; font-family: &apos;Consolas&apos;, &apos;Bitstream Vera Sans Mono&apos;, &apos;Courier New&apos;, Courier, monospace !important;&quot;&gt; pageableResolver;&lt;/span&gt;&lt;/pre&gt;
			&lt;/td&gt;
		&lt;/tr&gt;
				&lt;tr id=&quot;syntaxplugin_code_and_gutter&quot;&gt;
						&lt;td  style=&quot; line-height: 1.4em !important; padding: 0em; vertical-align: top;&quot;&gt;
					&lt;pre style=&quot;font-size: 1em; margin: 0 10px;   width: auto; padding: 0;&quot;&gt;&lt;span style=&quot;color: black; font-family: &apos;Consolas&apos;, &apos;Bitstream Vera Sans Mono&apos;, &apos;Courier New&apos;, Courier, monospace !important;&quot;&gt;	}&lt;/span&gt;&lt;/pre&gt;
			&lt;/td&gt;
		&lt;/tr&gt;
				&lt;tr id=&quot;syntaxplugin_code_and_gutter&quot;&gt;
						&lt;td  style=&quot; line-height: 1.4em !important; padding: 0em; vertical-align: top;&quot;&gt;
					&lt;pre style=&quot;font-size: 1em; margin: 0 10px;   margin-bottom: 10px;  width: auto; padding: 0;&quot;&gt;&lt;span style=&quot;color: black; font-family: &apos;Consolas&apos;, &apos;Bitstream Vera Sans Mono&apos;, &apos;Courier New&apos;, Courier, monospace !important;&quot;&gt;}&lt;/span&gt;&lt;/pre&gt;
			&lt;/td&gt;
		&lt;/tr&gt;
			&lt;/tbody&gt;
&lt;/table&gt;
&lt;/div&gt;
&lt;p/&gt;</comment>
                            <comment id="133128" author="olivergierke" created="Tue, 1 Nov 2016 17:08:27 +0000"  >&lt;p&gt;I&apos;ve added the guards to &lt;tt&gt;isFallbackPageable()&lt;/tt&gt; to always return &lt;tt&gt;false&lt;/tt&gt; in case the fallback is configured to &lt;tt&gt;null&lt;/tt&gt;.&lt;/p&gt;</comment>
                    </comments>
                    <attachments>
                    </attachments>
                <subtasks>
                    </subtasks>
                <customfields>
                                                                            <customfield id="customfield_10170" key="com.atlassian.jira.ext.charting:firstresponsedate">
                        <customfieldname>First Response Date</customfieldname>
                        <customfieldvalues>
                            <customfieldvalue>Fri, 28 Oct 2016 18:39:56 +0000</customfieldvalue>

                        </customfieldvalues>
                    </customfield>
                                                                                            <customfield id="customfield_10280" key="com.pyxis.greenhopper.jira:gh-global-rank">
                        <customfieldname>Global Rank</customfieldname>
                        <customfieldvalues>
                            <customfieldvalue>9223372036854775807</customfieldvalue>
                        </customfieldvalues>
                    </customfield>
                                                                <customfield id="customfield_10182" key="com.atlassian.jira.toolkit:lastupdaterorcommenter">
                        <customfieldname>Last updater</customfieldname>
                        <customfieldvalues>
                            <customfieldvalue>olivergierke</customfieldvalue>

                        </customfieldvalues>
                    </customfield>
                                                                                            <customfield id="customfield_10880" key="com.pyxis.greenhopper.jira:gh-lexo-rank">
                        <customfieldname>Rank</customfieldname>
                        <customfieldvalues>
                            <customfieldvalue>0|i09icf:</customfieldvalue>

                        </customfieldvalues>
                    </customfield>
                                                                <customfield id="customfield_10380" key="com.pyxis.greenhopper.jira:gh-global-rank">
                        <customfieldname>Rank (Obsolete)</customfieldname>
                        <customfieldvalues>
                            <customfieldvalue>9223372036854775807</customfieldvalue>
                        </customfieldvalues>
                    </customfield>
                                                                <customfield id="customfield_10381" key="com.pyxis.greenhopper.jira:gh-global-rank">
                        <customfieldname>Ranking</customfieldname>
                        <customfieldvalues>
                            <customfieldvalue>9223372036854775807</customfieldvalue>
                        </customfieldvalues>
                    </customfield>
                                                                                                                        <customfield id="customfield_10480" key="com.pyxis.greenhopper.jira:gh-sprint">
                        <customfieldname>Sprint</customfieldname>
                        <customfieldvalues>
                                <customfieldvalue id="114">Kay M1</customfieldvalue>

                        </customfieldvalues>
                    </customfield>
                                                                <customfield id="customfield_10171" key="com.atlassian.jira.ext.charting:timeinstatus">
                        <customfieldname>Time in Status</customfieldname>
                        <customfieldvalues>
                            
                        </customfieldvalues>
                    </customfield>
                                                                </customfields>
    </item>
</channel>
</rss>