<!-- 
RSS generated by JIRA (6.4.11#64026-sha1:78f6ec473a3f058bd5d6c30e9319c7ab376bdb9c) at Thu Dec 22 13:04:37 UTC 2016

It is possible to restrict the fields that are returned in this document by specifying the 'field' parameter in your request.
For example, to request only the issue key and summary add field=key&field=summary to the URL of your request.
For example:
https://jira.spring.io/si/jira.issueviews:issue-xml/DATACMNS-181/DATACMNS-181.xml?field=key&amp;field=summary
-->
<rss version="0.92" >
<channel>
    <title>Spring JIRA</title>
    <link>https://jira.spring.io</link>
    <description>This file is an XML representation of an issue</description>
    <language>en-uk</language>    <build-info>
        <version>6.4.11</version>
        <build-number>64026</build-number>
        <build-date>25-08-2015</build-date>
    </build-info>

<item>
            <title>[DATACMNS-181] page.page=3&amp;page.size=30 and  @PageableDefaults(pageNumber = 3, value = 30) don&apos;t return the same page.</title>
                <link>https://jira.spring.io/browse/DATACMNS-181</link>
                <project id="10510" key="DATACMNS">Spring Data Commons</project>
                    <description>&lt;p&gt;This problem happens in PageableArgumentResolver &lt;/p&gt;

&lt;p&gt;The default has is really 3+1 because of these lines in getDefaultFromAnnotationOrFallback:&lt;br/&gt;
// +1 is because we substract 1 later&lt;br/&gt;
return new PageRequest(defaults.pageNumber() + 1, defaults.value());&lt;/p&gt;

&lt;p&gt;This +1/-1 stuff is making using this code very confusing.&lt;br/&gt;
page.page=1 will return the same results at page.page=0.&lt;/p&gt;</description>
                <environment></environment>
        <key id="43775">DATACMNS-181</key>
            <summary>page.page=3&amp;page.size=30 and  @PageableDefaults(pageNumber = 3, value = 30) don&apos;t return the same page.</summary>
                <type id="1" iconUrl="https://jira.spring.io/images/icons/issuetypes/bug.png">Bug</type>
                                            <priority id="4" iconUrl="https://jira.spring.io/images/icons/priorities/minor.png">Minor</priority>
                        <status id="6" iconUrl="https://jira.spring.io/images/icons/statuses/closed.png" description="The issue is considered finished, the resolution is correct. Issues which are not closed can be reopened.">Closed</status>
                    <statusCategory id="3" key="done" colorName="green"/>
                                    <resolution id="1">Fixed</resolution>
                                        <assignee username="olivergierke">Oliver Gierke</assignee>
                                    <reporter username="amezick">Angus Mezick</reporter>
                        <labels>
                    </labels>
                <created>Thu, 7 Jun 2012 10:03:58 +0000</created>
                <updated>Mon, 9 Sep 2013 20:58:47 +0000</updated>
                            <resolved>Wed, 21 Aug 2013 23:49:52 +0000</resolved>
                                    <version>1.3 Final</version>
                                    <fixVersion>1.6 Final</fixVersion>
                                    <component>Core</component>
                        <due></due>
                            <votes>0</votes>
                                    <watches>1</watches>
                                                                <comments>
                            <comment id="79695" author="amezick" created="Thu, 7 Jun 2012 13:10:54 +0000"  >&lt;p&gt;I have been thinking about this more.  I think the problem is that what is stored in the $&lt;/p&gt;
{page.number} property of the PageImpl class is not the page number.  The value stored is what needs to be used to calculate the offset.  Right now, to create paging links I have to do:&lt;br/&gt;
&lt;br/&gt;
&lt;p/&gt;
&lt;div id=&quot;syntaxplugin&quot; class=&quot;syntaxplugin&quot; style=&quot;border: 1px dashed #bbb; border-radius: 5px !important; overflow: auto; max-height: 30em;&quot;&gt;
&lt;table cellspacing=&quot;0&quot; cellpadding=&quot;0&quot; border=&quot;0&quot; width=&quot;100%&quot; style=&quot;font-size: 1em; line-height: 1.4em !important; font-weight: normal; font-style: normal; color: black;&quot;&gt;
		&lt;tbody &gt;
				&lt;tr id=&quot;syntaxplugin_code_and_gutter&quot;&gt;
						&lt;td  style=&quot; line-height: 1.4em !important; padding: 0em; vertical-align: top;&quot;&gt;
					&lt;pre style=&quot;font-size: 1em; margin: 0 10px;  margin-top: 10px;   margin-bottom: 10px;  width: auto; padding: 0;&quot;&gt;&amp;nbsp;&lt;/pre&gt;
			&lt;/td&gt;
		&lt;/tr&gt;
			&lt;/tbody&gt;
&lt;/table&gt;
&lt;/div&gt;
&lt;p/&gt;&lt;br/&gt;
&amp;lt;a href=&quot;url?page.page=${page.number}
&lt;p&gt;&amp;gt;BACK&amp;lt;/a&amp;gt;&lt;br/&gt;
&amp;lt;a href=&quot;url?page.page=$&lt;/p&gt;
{page.number+1}
&lt;p&gt;&amp;gt;REFRESH&amp;lt;/a&amp;gt;&lt;br/&gt;
&amp;lt;a href=&quot;url?page.page=$&lt;/p&gt;
{page.number+2}
&lt;p&gt;&amp;gt;NEXT&amp;lt;/a&amp;gt;&lt;/p&gt;
&lt;p/&gt;
&lt;div id=&quot;syntaxplugin&quot; class=&quot;syntaxplugin&quot; style=&quot;border: 1px dashed #bbb; border-radius: 5px !important; overflow: auto; max-height: 30em;&quot;&gt;
&lt;table cellspacing=&quot;0&quot; cellpadding=&quot;0&quot; border=&quot;0&quot; width=&quot;100%&quot; style=&quot;font-size: 1em; line-height: 1.4em !important; font-weight: normal; font-style: normal; color: black;&quot;&gt;
		&lt;tbody &gt;
				&lt;tr id=&quot;syntaxplugin_code_and_gutter&quot;&gt;
						&lt;td  style=&quot; line-height: 1.4em !important; padding: 0em; vertical-align: top;&quot;&gt;
					&lt;pre style=&quot;font-size: 1em; margin: 0 10px;  margin-top: 10px;   margin-bottom: 10px;  width: auto; padding: 0;&quot;&gt;&amp;nbsp;&lt;/pre&gt;
			&lt;/td&gt;
		&lt;/tr&gt;
			&lt;/tbody&gt;
&lt;/table&gt;
&lt;/div&gt;
&lt;p/&gt;
&lt;p&gt;(can&apos;t seem to get this tag to work.)&lt;br/&gt;
Add 1 to stay on the same page and 2 to go to the next page.&lt;/p&gt;</comment>
                            <comment id="89343" author="olivergierke" created="Fri, 12 Apr 2013 03:03:02 +0000"  >&lt;p&gt;This is (was) intended behavior actually. The &lt;tt&gt;Page&lt;/tt&gt; API is zero-indexed (as indicated in the JavaDocs), the web API is 1 indexed (to be more human readable). This was done assuming you&apos;d wrap the &lt;tt&gt;Page&lt;/tt&gt; into a web-related DTO or the like anyway.&lt;/p&gt;

&lt;p&gt;You might wanna have a look at the &lt;tt&gt;PageableHandlerMethodArgumentResolver&lt;/tt&gt; introduced in the master branch which essentially supersedes the &lt;tt&gt;PageableArgumentResolver&lt;/tt&gt; and uses zero-index page parameters. Let me know what you think.&lt;/p&gt;</comment>
                            <comment id="92474" author="olivergierke" created="Tue, 6 Aug 2013 06:22:29 +0000"  >&lt;p&gt;Are you still affected by this behavior when using the newly introduced &lt;tt&gt;PageableHandlerMethodArgumentResolver&lt;/tt&gt;?&lt;/p&gt;</comment>
                            <comment id="92983" author="olivergierke" created="Wed, 21 Aug 2013 23:49:52 +0000"  >&lt;p&gt;Should be fixed with the introduction of &lt;tt&gt;PageableHandlerMethodArgumentResolver&lt;/tt&gt;.&lt;/p&gt;</comment>
                    </comments>
                    <attachments>
                    </attachments>
                <subtasks>
                    </subtasks>
                <customfields>
                                                                            <customfield id="customfield_10170" key="com.atlassian.jira.ext.charting:firstresponsedate">
                        <customfieldname>First Response Date</customfieldname>
                        <customfieldvalues>
                            <customfieldvalue>Fri, 12 Apr 2013 03:03:02 +0000</customfieldvalue>

                        </customfieldvalues>
                    </customfield>
                                                                                            <customfield id="customfield_10280" key="com.pyxis.greenhopper.jira:gh-global-rank">
                        <customfieldname>Global Rank</customfieldname>
                        <customfieldvalues>
                            <customfieldvalue>31077</customfieldvalue>
                        </customfieldvalues>
                    </customfield>
                                                                <customfield id="customfield_10182" key="com.atlassian.jira.toolkit:lastupdaterorcommenter">
                        <customfieldname>Last updater</customfieldname>
                        <customfieldvalues>
                            <customfieldvalue>tmarshall</customfieldvalue>

                        </customfieldvalues>
                    </customfield>
                                                                                            <customfield id="customfield_10880" key="com.pyxis.greenhopper.jira:gh-lexo-rank">
                        <customfieldname>Rank</customfieldname>
                        <customfieldvalues>
                            <customfieldvalue>0|i008v3:</customfieldvalue>

                        </customfieldvalues>
                    </customfield>
                                                                <customfield id="customfield_10380" key="com.pyxis.greenhopper.jira:gh-global-rank">
                        <customfieldname>Rank (Obsolete)</customfieldname>
                        <customfieldvalues>
                            <customfieldvalue>1458</customfieldvalue>
                        </customfieldvalues>
                    </customfield>
                                                                <customfield id="customfield_10381" key="com.pyxis.greenhopper.jira:gh-global-rank">
                        <customfieldname>Ranking</customfieldname>
                        <customfieldvalues>
                            <customfieldvalue>30777</customfieldvalue>
                        </customfieldvalues>
                    </customfield>
                                                                                                                        <customfield id="customfield_10480" key="com.pyxis.greenhopper.jira:gh-sprint">
                        <customfieldname>Sprint</customfieldname>
                        <customfieldvalues>
                                <customfieldvalue id="17">The Road To SpringOne</customfieldvalue>

                        </customfieldvalues>
                    </customfield>
                                                                <customfield id="customfield_10171" key="com.atlassian.jira.ext.charting:timeinstatus">
                        <customfieldname>Time in Status</customfieldname>
                        <customfieldvalues>
                            
                        </customfieldvalues>
                    </customfield>
                                                                </customfields>
    </item>
</channel>
</rss>