<!-- 
RSS generated by JIRA (6.4.11#64026-sha1:78f6ec473a3f058bd5d6c30e9319c7ab376bdb9c) at Thu Dec 22 13:07:35 UTC 2016

It is possible to restrict the fields that are returned in this document by specifying the 'field' parameter in your request.
For example, to request only the issue key and summary add field=key&field=summary to the URL of your request.
For example:
https://jira.spring.io/si/jira.issueviews:issue-xml/DATACMNS-882/DATACMNS-882.xml?field=key&amp;field=summary
-->
<rss version="0.92" >
<channel>
    <title>Spring JIRA</title>
    <link>https://jira.spring.io</link>
    <description>This file is an XML representation of an issue</description>
    <language>en-uk</language>    <build-info>
        <version>6.4.11</version>
        <build-number>64026</build-number>
        <build-date>25-08-2015</build-date>
    </build-info>

<item>
            <title>[DATACMNS-882] Allow to filter value inside list of object via query URL</title>
                <link>https://jira.spring.io/browse/DATACMNS-882</link>
                <project id="10510" key="DATACMNS">Spring Data Commons</project>
                    <description>&lt;p&gt;Create a support for query inside list of object, see &lt;a href=&quot;http://stackoverflow.com/questions/38346867/spring-data-jpa-with-querydsl-filter-by-value-inside-array-from-url&quot; class=&quot;external-link&quot; rel=&quot;nofollow&quot;&gt;issue in this link&lt;/a&gt;.&lt;/p&gt;

&lt;p&gt;I&apos;m trying to implement by myself, &lt;a href=&quot;https://github.com/tanapoln/spring-data-commons/commit/ce08045c5c5037fa7656554627642557690450db&quot; class=&quot;external-link&quot; rel=&quot;nofollow&quot;&gt;see code here&lt;/a&gt; but I also hit a roadblock with issue of querydsl itself (&lt;a href=&quot;https://github.com/querydsl/querydsl/issues/1969&quot; class=&quot;external-link&quot; rel=&quot;nofollow&quot;&gt;here issue&lt;/a&gt;).&lt;/p&gt;

&lt;p&gt;If you think that the issue of querydsl is not important, I can improve code quality and then create a pull request to your repo.&lt;/p&gt;

&lt;p&gt;I think my code quality is not as good as yours, please give me an advice.&lt;/p&gt;</description>
                <environment></environment>
        <key id="69180">DATACMNS-882</key>
            <summary>Allow to filter value inside list of object via query URL</summary>
                <type id="4" iconUrl="https://jira.spring.io/images/icons/issuetypes/improvement.png">Improvement</type>
                                            <priority id="4" iconUrl="https://jira.spring.io/images/icons/priorities/minor.png">Minor</priority>
                        <status id="5" iconUrl="https://jira.spring.io/images/icons/statuses/resolved.png" description="A resolution has been taken, and it is awaiting verification by reporter. From here issues are either reopened, or are closed.">Resolved</status>
                    <statusCategory id="3" key="done" colorName="green"/>
                                    <resolution id="3">Duplicate</resolution>
                                        <assignee username="olivergierke">Oliver Gierke</assignee>
                                    <reporter username="tanapoln">Tanapol Nearunchorn</reporter>
                        <labels>
                    </labels>
                <created>Fri, 15 Jul 2016 07:42:08 +0000</created>
                <updated>Fri, 15 Jul 2016 09:10:51 +0000</updated>
                            <resolved>Fri, 15 Jul 2016 09:10:29 +0000</resolved>
                                    <version>1.11.4 (Gosling SR4)</version>
                    <version>1.13 M1 (Ingalls)</version>
                                                    <component>Integration</component>
                        <due></due>
                            <votes>0</votes>
                                    <watches>1</watches>
                                                                    <issuelinks>
                            <issuelinktype id="10000">
                    <name>Duplicate</name>
                                            <outwardlinks description="duplicates">
                                        <issuelink>
            <issuekey id="69181">DATACMNS-883</issuekey>
        </issuelink>
                            </outwardlinks>
                                                        </issuelinktype>
                    </issuelinks>
                <attachments>
                    </attachments>
                <subtasks>
                    </subtasks>
                <customfields>
                                                                                                                                    <customfield id="customfield_10280" key="com.pyxis.greenhopper.jira:gh-global-rank">
                        <customfieldname>Global Rank</customfieldname>
                        <customfieldvalues>
                            <customfieldvalue>9223372036854775807</customfieldvalue>
                        </customfieldvalues>
                    </customfield>
                                                                <customfield id="customfield_10182" key="com.atlassian.jira.toolkit:lastupdaterorcommenter">
                        <customfieldname>Last updater</customfieldname>
                        <customfieldvalues>
                            <customfieldvalue>olivergierke</customfieldvalue>

                        </customfieldvalues>
                    </customfield>
                                                                                            <customfield id="customfield_10880" key="com.pyxis.greenhopper.jira:gh-lexo-rank">
                        <customfieldname>Rank</customfieldname>
                        <customfieldvalues>
                            <customfieldvalue>0|i09bjb:</customfieldvalue>

                        </customfieldvalues>
                    </customfield>
                                                                <customfield id="customfield_10380" key="com.pyxis.greenhopper.jira:gh-global-rank">
                        <customfieldname>Rank (Obsolete)</customfieldname>
                        <customfieldvalues>
                            <customfieldvalue>9223372036854775807</customfieldvalue>
                        </customfieldvalues>
                    </customfield>
                                                                <customfield id="customfield_10381" key="com.pyxis.greenhopper.jira:gh-global-rank">
                        <customfieldname>Ranking</customfieldname>
                        <customfieldvalues>
                            <customfieldvalue>9223372036854775807</customfieldvalue>
                        </customfieldvalues>
                    </customfield>
                                                                <customfield id="customfield_10120" key="com.atlassian.jira.plugin.system.customfieldtypes:url">
                        <customfieldname>Reference URL</customfieldname>
                        <customfieldvalues>
                            <customfieldvalue><![CDATA[http://stackoverflow.com/questions/38346867/spring-data-jpa-with-querydsl-filter-by-value-inside-array-from-url]]></customfieldvalue>

                        </customfieldvalues>
                    </customfield>
                                                                                                                        <customfield id="customfield_10171" key="com.atlassian.jira.ext.charting:timeinstatus">
                        <customfieldname>Time in Status</customfieldname>
                        <customfieldvalues>
                            
                        </customfieldvalues>
                    </customfield>
                                                                </customfields>
    </item>
</channel>
</rss>