<!-- 
RSS generated by JIRA (6.4.11#64026-sha1:78f6ec473a3f058bd5d6c30e9319c7ab376bdb9c) at Thu Dec 22 13:28:05 UTC 2016

It is possible to restrict the fields that are returned in this document by specifying the 'field' parameter in your request.
For example, to request only the issue key and summary add field=key&field=summary to the URL of your request.
For example:
https://jira.spring.io/si/jira.issueviews:issue-xml/DATACMNS-843/DATACMNS-843.xml?field=key&amp;field=summary
-->
<rss version="0.92" >
<channel>
    <title>Spring JIRA</title>
    <link>https://jira.spring.io</link>
    <description>This file is an XML representation of an issue</description>
    <language>en-uk</language>    <build-info>
        <version>6.4.11</version>
        <build-number>64026</build-number>
        <build-date>25-08-2015</build-date>
    </build-info>

<item>
            <title>[DATACMNS-843] Raise log level of repositories that get dropped in strict configuration mode to INFO</title>
                <link>https://jira.spring.io/browse/DATACMNS-843</link>
                <project id="10510" key="DATACMNS">Spring Data Commons</project>
                    <description></description>
                <environment></environment>
        <key id="68268">DATACMNS-843</key>
            <summary>Raise log level of repositories that get dropped in strict configuration mode to INFO</summary>
                <type id="4" iconUrl="https://jira.spring.io/images/icons/issuetypes/improvement.png">Improvement</type>
                                            <priority id="4" iconUrl="https://jira.spring.io/images/icons/priorities/minor.png">Minor</priority>
                        <status id="6" iconUrl="https://jira.spring.io/images/icons/statuses/closed.png" description="The issue is considered finished, the resolution is correct. Issues which are not closed can be reopened.">Closed</status>
                    <statusCategory id="3" key="done" colorName="green"/>
                                    <resolution id="1">Fixed</resolution>
                                        <assignee username="olivergierke">Oliver Gierke</assignee>
                                    <reporter username="olivergierke">Oliver Gierke</reporter>
                        <labels>
                    </labels>
                <created>Sun, 10 Apr 2016 09:23:23 +0000</created>
                <updated>Wed, 15 Jun 2016 17:33:14 +0000</updated>
                            <resolved>Sun, 10 Apr 2016 09:32:50 +0000</resolved>
                                    <version>1.10.2 (Fowler SR2)</version>
                    <version>1.11.4 (Gosling SR4)</version>
                    <version>1.12.1 (Hopper SR1)</version>
                                    <fixVersion>1.10.3 (Fowler SR3)</fixVersion>
                    <fixVersion>1.11.5 (Gosling SR5)</fixVersion>
                    <fixVersion>1.12.2 (Hopper SR2)</fixVersion>
                    <fixVersion>1.13 M1 (Ingalls)</fixVersion>
                                        <due></due>
                            <votes>0</votes>
                                    <watches>4</watches>
                                                                <comments>
                            <comment id="129132" author="shadow" created="Mon, 2 May 2016 10:48:15 +0000"  >&lt;p&gt;Should this also detect Spring LDAP repositories?&lt;/p&gt;</comment>
                            <comment id="129135" author="mp911de" created="Mon, 2 May 2016 11:42:46 +0000"  >&lt;p&gt;Strict configuration mode detection works for Spring Data modules only. Spring LDAP is not detected as a module providing repositories. We scan for packages with the pattern &lt;tt&gt;org.springframework.data.**.repository.support&lt;/tt&gt; to detect classes deriving from &lt;tt&gt;RepositoryFactorySupport&lt;/tt&gt;. Spring LDAP uses &lt;tt&gt;org.springframework.ldap.repository.support&lt;/tt&gt;. &lt;/p&gt;</comment>
                            <comment id="129136" author="shadow" created="Mon, 2 May 2016 11:44:35 +0000"  >&lt;p&gt;Yes, I&apos;ve noticed that.&lt;br/&gt;
I was just wondering if it &lt;b&gt;should&lt;/b&gt; detect others too, especially from other Spring projects &lt;img class=&quot;emoticon&quot; src=&quot;https://jira.spring.io/images/icons/emoticons/smile.png&quot; height=&quot;16&quot; width=&quot;16&quot; align=&quot;absmiddle&quot; alt=&quot;&quot; border=&quot;0&quot;/&gt;&lt;/p&gt;</comment>
                            <comment id="129142" author="rwinch" created="Mon, 2 May 2016 13:04:36 +0000"  >&lt;p&gt;&lt;a href=&quot;https://jira.spring.io/secure/ViewProfile.jspa?name=mp911de&quot; class=&quot;user-hover&quot; rel=&quot;mp911de&quot;&gt;Mark Paluch&lt;/a&gt; Is there a way for Spring LDAP to be included in this (short of changing the package structure)? Another possibility is to wait until we move Spring LDAP into Spring Data Release Train. At that point it is quite likely we would re-package Spring LDAP to match Spring Data conventions. Last I knew &lt;a href=&quot;https://jira.spring.io/secure/ViewProfile.jspa?name=olivergierke&quot; class=&quot;user-hover&quot; rel=&quot;olivergierke&quot;&gt;Oliver Gierke&lt;/a&gt; and I were planning on doing this for the next release train.&lt;/p&gt;</comment>
                            <comment id="129144" author="mp911de" created="Mon, 2 May 2016 13:14:27 +0000"  >&lt;p&gt;I&apos;ll check with &lt;a href=&quot;https://jira.spring.io/secure/ViewProfile.jspa?name=olivergierke&quot; class=&quot;user-hover&quot; rel=&quot;olivergierke&quot;&gt;Oliver Gierke&lt;/a&gt; whether we just can change the package scan pattern without any harm.&lt;/p&gt;</comment>
                            <comment id="129153" author="mp911de" created="Mon, 2 May 2016 14:50:24 +0000"  >&lt;p&gt;We&apos;ll fix that with the Spring LDAP migration into our Spring Data Release Train. Repackaging to &lt;tt&gt;org.springframework.data.ldap.repository.support&lt;/tt&gt; will do the magic.&lt;/p&gt;</comment>
                    </comments>
                <issuelinks>
                            <issuelinktype id="10000">
                    <name>Duplicate</name>
                                                                <inwardlinks description="is duplicated by">
                                        <issuelink>
            <issuekey id="63622">DATACMNS-690</issuekey>
        </issuelink>
                            </inwardlinks>
                                    </issuelinktype>
                            <issuelinktype id="10151">
                    <name>Relate</name>
                                            <outwardlinks description="relates to">
                                        <issuelink>
            <issuekey id="68263">DATAMONGO-1413</issuekey>
        </issuelink>
                            </outwardlinks>
                                                        </issuelinktype>
                    </issuelinks>
                <attachments>
                    </attachments>
                <subtasks>
                    </subtasks>
                <customfields>
                                                                            <customfield id="customfield_10170" key="com.atlassian.jira.ext.charting:firstresponsedate">
                        <customfieldname>First Response Date</customfieldname>
                        <customfieldvalues>
                            <customfieldvalue>Mon, 2 May 2016 10:48:15 +0000</customfieldvalue>

                        </customfieldvalues>
                    </customfield>
                                                                                            <customfield id="customfield_10280" key="com.pyxis.greenhopper.jira:gh-global-rank">
                        <customfieldname>Global Rank</customfieldname>
                        <customfieldvalues>
                            <customfieldvalue>9223372036854775807</customfieldvalue>
                        </customfieldvalues>
                    </customfield>
                                                                <customfield id="customfield_10182" key="com.atlassian.jira.toolkit:lastupdaterorcommenter">
                        <customfieldname>Last updater</customfieldname>
                        <customfieldvalues>
                            <customfieldvalue>olivergierke</customfieldvalue>

                        </customfieldvalues>
                    </customfield>
                                                                                            <customfield id="customfield_10880" key="com.pyxis.greenhopper.jira:gh-lexo-rank">
                        <customfieldname>Rank</customfieldname>
                        <customfieldvalues>
                            <customfieldvalue>0|i095xj:</customfieldvalue>

                        </customfieldvalues>
                    </customfield>
                                                                <customfield id="customfield_10380" key="com.pyxis.greenhopper.jira:gh-global-rank">
                        <customfieldname>Rank (Obsolete)</customfieldname>
                        <customfieldvalues>
                            <customfieldvalue>9223372036854775807</customfieldvalue>
                        </customfieldvalues>
                    </customfield>
                                                                <customfield id="customfield_10381" key="com.pyxis.greenhopper.jira:gh-global-rank">
                        <customfieldname>Ranking</customfieldname>
                        <customfieldvalues>
                            <customfieldvalue>9223372036854775807</customfieldvalue>
                        </customfieldvalues>
                    </customfield>
                                                                                                                        <customfield id="customfield_10480" key="com.pyxis.greenhopper.jira:gh-sprint">
                        <customfieldname>Sprint</customfieldname>
                        <customfieldvalues>
                                <customfieldvalue id="110">Hopper GA</customfieldvalue>

                        </customfieldvalues>
                    </customfield>
                                                                <customfield id="customfield_10171" key="com.atlassian.jira.ext.charting:timeinstatus">
                        <customfieldname>Time in Status</customfieldname>
                        <customfieldvalues>
                            
                        </customfieldvalues>
                    </customfield>
                                                                </customfields>
    </item>
</channel>
</rss>