<!-- 
RSS generated by JIRA (6.4.11#64026-sha1:78f6ec473a3f058bd5d6c30e9319c7ab376bdb9c) at Thu Dec 22 13:17:52 UTC 2016

It is possible to restrict the fields that are returned in this document by specifying the 'field' parameter in your request.
For example, to request only the issue key and summary add field=key&field=summary to the URL of your request.
For example:
https://jira.spring.io/si/jira.issueviews:issue-xml/DATACMNS-432/DATACMNS-432.xml?field=key&amp;field=summary
-->
<rss version="0.92" >
<channel>
    <title>Spring JIRA</title>
    <link>https://jira.spring.io</link>
    <description>This file is an XML representation of an issue</description>
    <language>en-uk</language>    <build-info>
        <version>6.4.11</version>
        <build-number>64026</build-number>
        <build-date>25-08-2015</build-date>
    </build-info>

<item>
            <title>[DATACMNS-432] ConcurrentModificationException in Repositories.getRepoInfoFor(Repositories.java:183)</title>
                <link>https://jira.spring.io/browse/DATACMNS-432</link>
                <project id="10510" key="DATACMNS">Spring Data Commons</project>
                    <description>&lt;p&gt;If the first request(s) to a repository after starting the application server comes in  multithreaded, a Concurentmodification exception is thrown.&lt;br/&gt;
All subsequent requests are working.&lt;/p&gt;

&lt;p&gt;Seems releated to: &lt;a href=&quot;https://jira.spring.io/browse/DATACMNS-362&quot; title=&quot;Potential concurrency issues in Repositories&quot; class=&quot;issue-link&quot; data-issue-key=&quot;DATACMNS-362&quot;&gt;&lt;del&gt;DATACMNS-362&lt;/del&gt;&lt;/a&gt;&lt;/p&gt;

&lt;p&gt;SEVERE: Servlet.service() for servlet &lt;span class=&quot;error&quot;&gt;&amp;#91;yes&amp;#93;&lt;/span&gt; in context with path &lt;span class=&quot;error&quot;&gt;&amp;#91;/yes&amp;#93;&lt;/span&gt; threw exception &lt;span class=&quot;error&quot;&gt;&amp;#91;Request processing failed; nested exception is java.util.ConcurrentModificationException&amp;#93;&lt;/span&gt; with root cause&lt;br/&gt;
java.util.ConcurrentModificationException&lt;br/&gt;
	at java.util.HashMap$HashIterator.nextEntry(HashMap.java:926)&lt;br/&gt;
	at java.util.HashMap$KeyIterator.next(HashMap.java:960)&lt;br/&gt;
	at java.util.Collections$UnmodifiableCollection$1.next(Collections.java:1067)&lt;br/&gt;
	at org.springframework.data.repository.support.Repositories.getRepoInfoFor(Repositories.java:183)&lt;br/&gt;
	at org.springframework.data.repository.support.Repositories.getRepositoryInformationFor(Repositories.java:130)&lt;br/&gt;
	at org.springframework.data.repository.support.DomainClassConverter.matches(DomainClassConverter.java:86)&lt;br/&gt;
	at org.springframework.core.convert.support.GenericConversionService$ConvertersForPair.getConverter(GenericConversionService.java:617)&lt;br/&gt;
	at org.springframework.core.convert.support.GenericConversionService$Converters.getRegisteredConverter(GenericConversionService.java:523)&lt;br/&gt;
	at org.springframework.core.convert.support.GenericConversionService$Converters.find(GenericConversionService.java:507)&lt;br/&gt;
	at org.springframework.core.convert.support.GenericConversionService.getConverter(GenericConversionService.java:240)&lt;br/&gt;
	at org.springframework.core.convert.support.GenericConversionService.canConvert(GenericConversionService.java:135)&lt;br/&gt;
	at org.springframework.beans.TypeConverterDelegate.convertIfNecessary(TypeConverterDelegate.java:159)&lt;br/&gt;
	at org.springframework.beans.TypeConverterDelegate.convertIfNecessary(TypeConverterDelegate.java:93)&lt;br/&gt;
	at org.springframework.beans.TypeConverterSupport.doConvert(TypeConverterSupport.java:64)&lt;br/&gt;
	at org.springframework.beans.TypeConverterSupport.convertIfNecessary(TypeConverterSupport.java:47)&lt;br/&gt;
	at org.springframework.validation.DataBinder.convertIfNecessary(DataBinder.java:582)&lt;br/&gt;
	at org.springframework.web.method.annotation.AbstractNamedValueMethodArgumentResolver.resolveArgument(AbstractNamedValueMethodArgumentResolver.java:102)&lt;br/&gt;
	at org.springframework.web.method.support.HandlerMethodArgumentResolverComposite.resolveArgument(HandlerMethodArgumentResolverComposite.java:79)&lt;br/&gt;
	at org.springframework.web.method.support.InvocableHandlerMethod.getMethodArgumentValues(InvocableHandlerMethod.java:157)&lt;br/&gt;
	at org.springframework.web.method.support.InvocableHandlerMethod.invokeForRequest(InvocableHandlerMethod.java:124)&lt;br/&gt;
	at org.springframework.web.servlet.mvc.method.annotation.ServletInvocableHandlerMethod.invokeAndHandle(ServletInvocableHandlerMethod.java:104)&lt;br/&gt;
	at org.springframework.web.servlet.mvc.method.annotation.RequestMappingHandlerAdapter.invokeHandleMethod(RequestMappingHandlerAdapter.java:748)&lt;br/&gt;
	at org.springframework.web.servlet.mvc.method.annotation.RequestMappingHandlerAdapter.handleInternal(RequestMappingHandlerAdapter.java:689)&lt;br/&gt;
	at org.springframework.web.servlet.mvc.method.AbstractHandlerMethodAdapter.handle(AbstractHandlerMethodAdapter.java:83)&lt;br/&gt;
	at org.springframework.web.servlet.DispatcherServlet.doDispatch(DispatcherServlet.java:945)&lt;br/&gt;
	at org.springframework.web.servlet.DispatcherServlet.doService(DispatcherServlet.java:876)&lt;br/&gt;
	at org.springframework.web.servlet.FrameworkServlet.processRequest(FrameworkServlet.java:931)&lt;br/&gt;
	at org.springframework.web.servlet.FrameworkServlet.doGet(FrameworkServlet.java:822)&lt;br/&gt;
	at javax.servlet.http.HttpServlet.service(HttpServlet.java:621)&lt;/p&gt;</description>
                <environment>spring 4.0.0&lt;br/&gt;
spring-data-jpa 1.4.3&lt;br/&gt;
spring-data-commons 1.6.3&lt;br/&gt;
Hibernate 4.2.8&lt;br/&gt;
(we have seen this also with spring 3.2)&lt;br/&gt;
</environment>
        <key id="55392">DATACMNS-432</key>
            <summary>ConcurrentModificationException in Repositories.getRepoInfoFor(Repositories.java:183)</summary>
                <type id="1" iconUrl="https://jira.spring.io/images/icons/issuetypes/bug.png">Bug</type>
                                            <priority id="2" iconUrl="https://jira.spring.io/images/icons/priorities/critical.png">Critical</priority>
                        <status id="6" iconUrl="https://jira.spring.io/images/icons/statuses/closed.png" description="The issue is considered finished, the resolution is correct. Issues which are not closed can be reopened.">Closed</status>
                    <statusCategory id="3" key="done" colorName="green"/>
                                    <resolution id="1">Fixed</resolution>
                                        <assignee username="thomasd">Thomas Darimont</assignee>
                                    <reporter username="fkurth">Felix Kurth</reporter>
                        <labels>
                    </labels>
                <created>Thu, 30 Jan 2014 04:09:52 +0000</created>
                <updated>Thu, 20 Feb 2014 11:26:27 +0000</updated>
                            <resolved>Thu, 6 Feb 2014 09:07:06 +0000</resolved>
                                    <version>1.6.3 (Babbage SR2)</version>
                                    <fixVersion>1.6.4 (Babbage SR3)</fixVersion>
                    <fixVersion>1.7 Final (Codd)</fixVersion>
                                    <component>Repositories</component>
                        <due></due>
                            <votes>0</votes>
                                    <watches>1</watches>
                                                                <comments>
                            <comment id="98194" author="fkurth" created="Thu, 30 Jan 2014 05:27:20 +0000"  >&lt;p&gt;Using a ConcurrentHashMap in Repositories.java for the &quot;repositories&quot; property seems to fix this.&lt;/p&gt;
&lt;p/&gt;
&lt;div id=&quot;syntaxplugin&quot; class=&quot;syntaxplugin&quot; style=&quot;border: 1px dashed #bbb; border-radius: 5px !important; overflow: auto; max-height: 30em;&quot;&gt;
&lt;table cellspacing=&quot;0&quot; cellpadding=&quot;0&quot; border=&quot;0&quot; width=&quot;100%&quot; style=&quot;font-size: 1em; line-height: 1.4em !important; font-weight: normal; font-style: normal; color: black;&quot;&gt;
		&lt;tbody &gt;
				&lt;tr id=&quot;syntaxplugin_code_and_gutter&quot;&gt;
						&lt;td  style=&quot; line-height: 1.4em !important; padding: 0em; vertical-align: top;&quot;&gt;
					&lt;pre style=&quot;font-size: 1em; margin: 0 10px;  margin-top: 10px;   margin-bottom: 10px;  width: auto; padding: 0;&quot;&gt;&lt;span style=&quot;color: #006699; font-weight: bold; font-family: &apos;Consolas&apos;, &apos;Bitstream Vera Sans Mono&apos;, &apos;Courier New&apos;, Courier, monospace !important;&quot;&gt;private&lt;/span&gt;&lt;span style=&quot;color: black; font-family: &apos;Consolas&apos;, &apos;Bitstream Vera Sans Mono&apos;, &apos;Courier New&apos;, Courier, monospace !important;&quot;&gt; &lt;/span&gt;&lt;span style=&quot;color: #006699; font-weight: bold; font-family: &apos;Consolas&apos;, &apos;Bitstream Vera Sans Mono&apos;, &apos;Courier New&apos;, Courier, monospace !important;&quot;&gt;final&lt;/span&gt;&lt;span style=&quot;color: black; font-family: &apos;Consolas&apos;, &apos;Bitstream Vera Sans Mono&apos;, &apos;Courier New&apos;, Courier, monospace !important;&quot;&gt; Map&amp;lt;RepositoryFactoryInformation&amp;lt;Object, Serializable&amp;gt;, String&amp;gt; repositories = &lt;/span&gt;&lt;span style=&quot;color: #006699; font-weight: bold; font-family: &apos;Consolas&apos;, &apos;Bitstream Vera Sans Mono&apos;, &apos;Courier New&apos;, Courier, monospace !important;&quot;&gt;new&lt;/span&gt;&lt;span style=&quot;color: black; font-family: &apos;Consolas&apos;, &apos;Bitstream Vera Sans Mono&apos;, &apos;Courier New&apos;, Courier, monospace !important;&quot;&gt; ConcurrentHashMap&amp;lt;RepositoryFactoryInformation&amp;lt;Object, Serializable&amp;gt;, String&amp;gt;();&lt;/span&gt;&lt;/pre&gt;
			&lt;/td&gt;
		&lt;/tr&gt;
			&lt;/tbody&gt;
&lt;/table&gt;
&lt;/div&gt;
&lt;p/&gt;</comment>
                    </comments>
                <issuelinks>
                            <issuelinktype id="10151">
                    <name>Relate</name>
                                            <outwardlinks description="relates to">
                                        <issuelink>
            <issuekey id="55638">DATAREST-246</issuekey>
        </issuelink>
            <issuelink>
            <issuekey id="55810">DATAJPA-471</issuekey>
        </issuelink>
                            </outwardlinks>
                                                        </issuelinktype>
                    </issuelinks>
                <attachments>
                    </attachments>
                <subtasks>
                    </subtasks>
                <customfields>
                                                                                                                                    <customfield id="customfield_10280" key="com.pyxis.greenhopper.jira:gh-global-rank">
                        <customfieldname>Global Rank</customfieldname>
                        <customfieldvalues>
                            <customfieldvalue>41869</customfieldvalue>
                        </customfieldvalues>
                    </customfield>
                                                                <customfield id="customfield_10182" key="com.atlassian.jira.toolkit:lastupdaterorcommenter">
                        <customfieldname>Last updater</customfieldname>
                        <customfieldvalues>
                            <customfieldvalue>olivergierke</customfieldvalue>

                        </customfieldvalues>
                    </customfield>
                                                                <customfield id="customfield_10684" key="com.atlassian.jira.plugin.system.customfieldtypes:url">
                        <customfieldname>Pull Request URL</customfieldname>
                        <customfieldvalues>
                            <customfieldvalue><![CDATA[https://github.com/spring-projects/spring-data-commons/pull/63]]></customfieldvalue>

                        </customfieldvalues>
                    </customfield>
                                                                <customfield id="customfield_10880" key="com.pyxis.greenhopper.jira:gh-lexo-rank">
                        <customfieldname>Rank</customfieldname>
                        <customfieldvalues>
                            <customfieldvalue>0|i004sv:</customfieldvalue>

                        </customfieldvalues>
                    </customfield>
                                                                <customfield id="customfield_10380" key="com.pyxis.greenhopper.jira:gh-global-rank">
                        <customfieldname>Rank (Obsolete)</customfieldname>
                        <customfieldvalues>
                            <customfieldvalue>785</customfieldvalue>
                        </customfieldvalues>
                    </customfield>
                                                                <customfield id="customfield_10381" key="com.pyxis.greenhopper.jira:gh-global-rank">
                        <customfieldname>Ranking</customfieldname>
                        <customfieldvalues>
                            <customfieldvalue>41571</customfieldvalue>
                        </customfieldvalues>
                    </customfield>
                                                                                                                        <customfield id="customfield_10480" key="com.pyxis.greenhopper.jira:gh-sprint">
                        <customfieldname>Sprint</customfieldname>
                        <customfieldvalues>
                                <customfieldvalue id="30">42 - 2014 Kickoff</customfieldvalue>
    <customfieldvalue id="34">43 - Babbage SR3</customfieldvalue>

                        </customfieldvalues>
                    </customfield>
                                                                <customfield id="customfield_10171" key="com.atlassian.jira.ext.charting:timeinstatus">
                        <customfieldname>Time in Status</customfieldname>
                        <customfieldvalues>
                            
                        </customfieldvalues>
                    </customfield>
                                                                </customfields>
    </item>
</channel>
</rss>