<!-- 
RSS generated by JIRA (6.4.11#64026-sha1:78f6ec473a3f058bd5d6c30e9319c7ab376bdb9c) at Thu Dec 22 13:00:11 UTC 2016

It is possible to restrict the fields that are returned in this document by specifying the 'field' parameter in your request.
For example, to request only the issue key and summary add field=key&field=summary to the URL of your request.
For example:
https://jira.spring.io/si/jira.issueviews:issue-xml/DATACMNS-300/DATACMNS-300.xml?field=key&amp;field=summary
-->
<rss version="0.92" >
<channel>
    <title>Spring JIRA</title>
    <link>https://jira.spring.io</link>
    <description>This file is an XML representation of an issue</description>
    <language>en-uk</language>    <build-info>
        <version>6.4.11</version>
        <build-number>64026</build-number>
        <build-date>25-08-2015</build-date>
    </build-info>

<item>
            <title>[DATACMNS-300] ReflectionEntityInstantiator should actually throw created exception</title>
                <link>https://jira.spring.io/browse/DATACMNS-300</link>
                <project id="10510" key="DATACMNS">Spring Data Commons</project>
                    <description>&lt;p&gt;In the catch block a new exception is instanciated, which I assume should be thrown, but misses the &lt;cite&gt;throw&lt;/cite&gt; keyword and therefore currently does nothing.&lt;/p&gt;

&lt;p&gt;&lt;a href=&quot;https://github.com/SpringSource/spring-data-commons/blob/master/src/main/java/org/springframework/data/convert/ReflectionEntityInstantiator.java#L64&quot; class=&quot;external-link&quot; rel=&quot;nofollow&quot;&gt;https://github.com/SpringSource/spring-data-commons/blob/master/src/main/java/org/springframework/data/convert/ReflectionEntityInstantiator.java#L64&lt;/a&gt;&lt;/p&gt;

&lt;p&gt;Simplistic test that demonstrates this: &lt;a href=&quot;https://github.com/SpringSource/spring-data-commons/pull/25/files&quot; class=&quot;external-link&quot; rel=&quot;nofollow&quot;&gt;https://github.com/SpringSource/spring-data-commons/pull/25/files&lt;/a&gt;&lt;/p&gt;</description>
                <environment></environment>
        <key id="47892">DATACMNS-300</key>
            <summary>ReflectionEntityInstantiator should actually throw created exception</summary>
                <type id="1" iconUrl="https://jira.spring.io/images/icons/issuetypes/bug.png">Bug</type>
                                            <priority id="4" iconUrl="https://jira.spring.io/images/icons/priorities/minor.png">Minor</priority>
                        <status id="6" iconUrl="https://jira.spring.io/images/icons/statuses/closed.png" description="The issue is considered finished, the resolution is correct. Issues which are not closed can be reopened.">Closed</status>
                    <statusCategory id="3" key="done" colorName="green"/>
                                    <resolution id="1">Fixed</resolution>
                                        <assignee username="olivergierke">Oliver Gierke</assignee>
                                    <reporter username="jotomo">Johannes Mockenhaupt</reporter>
                        <labels>
                    </labels>
                <created>Thu, 21 Mar 2013 15:42:28 +0000</created>
                <updated>Tue, 16 Apr 2013 06:04:15 +0000</updated>
                            <resolved>Mon, 25 Mar 2013 05:49:25 +0000</resolved>
                                    <version>1.5 Final</version>
                                    <fixVersion>1.5.1</fixVersion>
                    <fixVersion>1.6 M1</fixVersion>
                                    <component>Core</component>
                        <due></due>
                            <votes>0</votes>
                                    <watches>0</watches>
                                    <timeoriginalestimate seconds="0">0d</timeoriginalestimate>
                            <timeestimate seconds="0">0d</timeestimate>
                                                <attachments>
                            <attachment id="21118" name="mylyn-context.zip" size="1445" author="olivergierke" created="Mon, 25 Mar 2013 05:59:10 +0000"/>
                    </attachments>
                <subtasks>
                    </subtasks>
                <customfields>
                                                                                                                                    <customfield id="customfield_10280" key="com.pyxis.greenhopper.jira:gh-global-rank">
                        <customfieldname>Global Rank</customfieldname>
                        <customfieldvalues>
                            <customfieldvalue>34420</customfieldvalue>
                        </customfieldvalues>
                    </customfield>
                                                                <customfield id="customfield_10182" key="com.atlassian.jira.toolkit:lastupdaterorcommenter">
                        <customfieldname>Last updater</customfieldname>
                        <customfieldvalues>
                            <customfieldvalue>tmarshall</customfieldvalue>

                        </customfieldvalues>
                    </customfield>
                                                                                            <customfield id="customfield_10880" key="com.pyxis.greenhopper.jira:gh-lexo-rank">
                        <customfieldname>Rank</customfieldname>
                        <customfieldvalues>
                            <customfieldvalue>0|i067cn:</customfieldvalue>

                        </customfieldvalues>
                    </customfield>
                                                                <customfield id="customfield_10380" key="com.pyxis.greenhopper.jira:gh-global-rank">
                        <customfieldname>Rank (Obsolete)</customfieldname>
                        <customfieldvalues>
                            <customfieldvalue>36229</customfieldvalue>
                        </customfieldvalues>
                    </customfield>
                                                                <customfield id="customfield_10381" key="com.pyxis.greenhopper.jira:gh-global-rank">
                        <customfieldname>Ranking</customfieldname>
                        <customfieldvalues>
                            <customfieldvalue>34122</customfieldvalue>
                        </customfieldvalues>
                    </customfield>
                                                                                                                                                    <customfield id="customfield_10171" key="com.atlassian.jira.ext.charting:timeinstatus">
                        <customfieldname>Time in Status</customfieldname>
                        <customfieldvalues>
                            
                        </customfieldvalues>
                    </customfield>
                                                                </customfields>
    </item>
</channel>
</rss>