<!-- 
RSS generated by JIRA (6.4.11#64026-sha1:78f6ec473a3f058bd5d6c30e9319c7ab376bdb9c) at Thu Dec 22 13:16:59 UTC 2016

It is possible to restrict the fields that are returned in this document by specifying the 'field' parameter in your request.
For example, to request only the issue key and summary add field=key&field=summary to the URL of your request.
For example:
https://jira.spring.io/si/jira.issueviews:issue-xml/DATACMNS-385/DATACMNS-385.xml?field=key&amp;field=summary
-->
<rss version="0.92" >
<channel>
    <title>Spring JIRA</title>
    <link>https://jira.spring.io</link>
    <description>This file is an XML representation of an issue</description>
    <language>en-uk</language>    <build-info>
        <version>6.4.11</version>
        <build-number>64026</build-number>
        <build-date>25-08-2015</build-date>
    </build-info>

<item>
            <title>[DATACMNS-385] DefaultRepositoryInformation#getTargetClassMethod matches wrong save-Method if Entity implements Iterable</title>
                <link>https://jira.spring.io/browse/DATACMNS-385</link>
                <project id="10510" key="DATACMNS">Spring Data Commons</project>
                    <description>&lt;p&gt;If an entity implements Iterable and I try to use &lt;tt&gt;SimpleJpaRepository#save(Iterable)&lt;/tt&gt; to save a list of these entities, the code sometimes fails because &lt;tt&gt;DefaultRepositoryInformation#getTargetClassMethod(Method, Class)&lt;/tt&gt; matches the &lt;tt&gt;save(Object)&lt;/tt&gt;-method, depending which of the two save-methods is checked first in the loop.&lt;/p&gt;

&lt;p&gt;To reproduce this behaviour reliably, I had to set a breakpoint in the for-Loop of &lt;tt&gt;getTargetClassMethod(&#8230;)&lt;/tt&gt; and make sure, that the method &lt;tt&gt;save(Object)&lt;/tt&gt; is called before the &lt;tt&gt;save(Iterable)&lt;/tt&gt; for a list of iterable entities.&lt;/p&gt;</description>
                <environment></environment>
        <key id="51483">DATACMNS-385</key>
            <summary>DefaultRepositoryInformation#getTargetClassMethod matches wrong save-Method if Entity implements Iterable</summary>
                <type id="1" iconUrl="https://jira.spring.io/images/icons/issuetypes/bug.png">Bug</type>
                                            <priority id="3" iconUrl="https://jira.spring.io/images/icons/priorities/major.png">Major</priority>
                        <status id="6" iconUrl="https://jira.spring.io/images/icons/statuses/closed.png" description="The issue is considered finished, the resolution is correct. Issues which are not closed can be reopened.">Closed</status>
                    <statusCategory id="3" key="done" colorName="green"/>
                                    <resolution id="1">Fixed</resolution>
                                        <assignee username="olivergierke">Oliver Gierke</assignee>
                                    <reporter username="chrish81">Christian Hartmann</reporter>
                        <labels>
                    </labels>
                <created>Wed, 23 Oct 2013 05:58:59 +0000</created>
                <updated>Fri, 25 Oct 2013 06:35:01 +0000</updated>
                            <resolved>Wed, 23 Oct 2013 09:53:41 +0000</resolved>
                                    <version>1.6.1</version>
                                    <fixVersion>1.6.2 (Babbage SR1)</fixVersion>
                    <fixVersion>1.7 M1 (Codd)</fixVersion>
                                        <due></due>
                            <votes>0</votes>
                                    <watches>2</watches>
                                                                <comments>
                            <comment id="94756" author="olivergierke" created="Wed, 23 Oct 2013 09:39:06 +0000"  >&lt;p&gt;In the check to identify methods taking a &lt;tt&gt;ID&lt;/tt&gt; or &lt;tt&gt;T&lt;/tt&gt; we now explicitly check that the resolved type is not &lt;tt&gt;Iterable&lt;/tt&gt;.&lt;/p&gt;</comment>
                    </comments>
                    <attachments>
                    </attachments>
                <subtasks>
                    </subtasks>
                <customfields>
                                                                            <customfield id="customfield_10170" key="com.atlassian.jira.ext.charting:firstresponsedate">
                        <customfieldname>First Response Date</customfieldname>
                        <customfieldvalues>
                            <customfieldvalue>Wed, 23 Oct 2013 09:39:06 +0000</customfieldvalue>

                        </customfieldvalues>
                    </customfield>
                                                                                            <customfield id="customfield_10280" key="com.pyxis.greenhopper.jira:gh-global-rank">
                        <customfieldname>Global Rank</customfieldname>
                        <customfieldvalues>
                            <customfieldvalue>37969</customfieldvalue>
                        </customfieldvalues>
                    </customfield>
                                                                <customfield id="customfield_10182" key="com.atlassian.jira.toolkit:lastupdaterorcommenter">
                        <customfieldname>Last updater</customfieldname>
                        <customfieldvalues>
                            <customfieldvalue>tmarshall</customfieldvalue>

                        </customfieldvalues>
                    </customfield>
                                                                                            <customfield id="customfield_10880" key="com.pyxis.greenhopper.jira:gh-lexo-rank">
                        <customfieldname>Rank</customfieldname>
                        <customfieldvalues>
                            <customfieldvalue>0|i06gtj:</customfieldvalue>

                        </customfieldvalues>
                    </customfield>
                                                                <customfield id="customfield_10380" key="com.pyxis.greenhopper.jira:gh-global-rank">
                        <customfieldname>Rank (Obsolete)</customfieldname>
                        <customfieldvalues>
                            <customfieldvalue>37763</customfieldvalue>
                        </customfieldvalues>
                    </customfield>
                                                                <customfield id="customfield_10381" key="com.pyxis.greenhopper.jira:gh-global-rank">
                        <customfieldname>Ranking</customfieldname>
                        <customfieldvalues>
                            <customfieldvalue>37671</customfieldvalue>
                        </customfieldvalues>
                    </customfield>
                                                                                                                        <customfield id="customfield_10480" key="com.pyxis.greenhopper.jira:gh-sprint">
                        <customfieldname>Sprint</customfieldname>
                        <customfieldvalues>
                                <customfieldvalue id="23">The Road to Codd M1</customfieldvalue>

                        </customfieldvalues>
                    </customfield>
                                                                <customfield id="customfield_10171" key="com.atlassian.jira.ext.charting:timeinstatus">
                        <customfieldname>Time in Status</customfieldname>
                        <customfieldvalues>
                            
                        </customfieldvalues>
                    </customfield>
                                                                </customfields>
    </item>
</channel>
</rss>