<!-- 
RSS generated by JIRA (6.4.11#64026-sha1:78f6ec473a3f058bd5d6c30e9319c7ab376bdb9c) at Thu Dec 22 13:11:46 UTC 2016

It is possible to restrict the fields that are returned in this document by specifying the 'field' parameter in your request.
For example, to request only the issue key and summary add field=key&field=summary to the URL of your request.
For example:
https://jira.spring.io/si/jira.issueviews:issue-xml/DATACMNS-327/DATACMNS-327.xml?field=key&amp;field=summary
-->
<rss version="0.92" >
<channel>
    <title>Spring JIRA</title>
    <link>https://jira.spring.io</link>
    <description>This file is an XML representation of an issue</description>
    <language>en-uk</language>    <build-info>
        <version>6.4.11</version>
        <build-number>64026</build-number>
        <build-date>25-08-2015</build-date>
    </build-info>

<item>
            <title>[DATACMNS-327] AbstractMappingContext has to init domain classes in afterPropertiesSet()</title>
                <link>https://jira.spring.io/browse/DATACMNS-327</link>
                <project id="10510" key="DATACMNS">Spring Data Commons</project>
                    <description>&lt;p&gt;We have to revert the fix introduced for &lt;a href=&quot;https://jira.spring.io/browse/DATACMNS-179&quot; title=&quot;MappingContext initialEntitySet should get added after the ApplicationContext is completely set up&quot; class=&quot;issue-link&quot; data-issue-key=&quot;DATACMNS-179&quot;&gt;&lt;del&gt;DATACMNS-179&lt;/del&gt;&lt;/a&gt; as this leaves MappingContext implementations in uninitialized state at container init stages when other application components might already rely on the context being fully initialized.&lt;/p&gt;

&lt;p&gt;E.g. this could be a MongoDB query execution in an init method of a component that relies on all persistent entities being known in advance. &lt;/p&gt;</description>
                <environment></environment>
        <key id="48529">DATACMNS-327</key>
            <summary>AbstractMappingContext has to init domain classes in afterPropertiesSet()</summary>
                <type id="1" iconUrl="https://jira.spring.io/images/icons/issuetypes/bug.png">Bug</type>
                                            <priority id="3" iconUrl="https://jira.spring.io/images/icons/priorities/major.png">Major</priority>
                        <status id="6" iconUrl="https://jira.spring.io/images/icons/statuses/closed.png" description="The issue is considered finished, the resolution is correct. Issues which are not closed can be reopened.">Closed</status>
                    <statusCategory id="3" key="done" colorName="green"/>
                                    <resolution id="1">Fixed</resolution>
                                        <assignee username="olivergierke">Oliver Gierke</assignee>
                                    <reporter username="olivergierke">Oliver Gierke</reporter>
                        <labels>
                    </labels>
                <created>Sun, 12 May 2013 14:39:59 +0000</created>
                <updated>Mon, 22 Jul 2013 01:19:04 +0000</updated>
                            <resolved>Wed, 29 May 2013 09:32:02 +0000</resolved>
                                    <version>1.5.1</version>
                                    <fixVersion>1.6 M1</fixVersion>
                    <fixVersion>1.5.2</fixVersion>
                                    <component>Mapping metadata</component>
                        <due></due>
                            <votes>0</votes>
                                    <watches>1</watches>
                                                                    <issuelinks>
                            <issuelinktype id="10151">
                    <name>Relate</name>
                                                                <inwardlinks description="is related to">
                                        <issuelink>
            <issuekey id="43692">DATACMNS-179</issuekey>
        </issuelink>
                            </inwardlinks>
                                    </issuelinktype>
                    </issuelinks>
                <attachments>
                    </attachments>
                <subtasks>
                    </subtasks>
                <customfields>
                                                                                                                                    <customfield id="customfield_10280" key="com.pyxis.greenhopper.jira:gh-global-rank">
                        <customfieldname>Global Rank</customfieldname>
                        <customfieldvalues>
                            <customfieldvalue>35048</customfieldvalue>
                        </customfieldvalues>
                    </customfield>
                                                                <customfield id="customfield_10182" key="com.atlassian.jira.toolkit:lastupdaterorcommenter">
                        <customfieldname>Last updater</customfieldname>
                        <customfieldvalues>
                            <customfieldvalue>tmarshall</customfieldvalue>

                        </customfieldvalues>
                    </customfield>
                                                                                            <customfield id="customfield_10880" key="com.pyxis.greenhopper.jira:gh-lexo-rank">
                        <customfieldname>Rank</customfieldname>
                        <customfieldvalues>
                            <customfieldvalue>0|i06azr:</customfieldvalue>

                        </customfieldvalues>
                    </customfield>
                                                                <customfield id="customfield_10380" key="com.pyxis.greenhopper.jira:gh-global-rank">
                        <customfieldname>Rank (Obsolete)</customfieldname>
                        <customfieldvalues>
                            <customfieldvalue>36819</customfieldvalue>
                        </customfieldvalues>
                    </customfield>
                                                                <customfield id="customfield_10381" key="com.pyxis.greenhopper.jira:gh-global-rank">
                        <customfieldname>Ranking</customfieldname>
                        <customfieldvalues>
                            <customfieldvalue>34750</customfieldvalue>
                        </customfieldvalues>
                    </customfield>
                                                                <customfield id="customfield_10120" key="com.atlassian.jira.plugin.system.customfieldtypes:url">
                        <customfieldname>Reference URL</customfieldname>
                        <customfieldvalues>
                            <customfieldvalue><![CDATA[http://forum.springsource.org/showthread.php?137224-Can-not-query-the-database-when-TypeAlias-is-in-use]]></customfieldvalue>

                        </customfieldvalues>
                    </customfield>
                                                                                                                        <customfield id="customfield_10171" key="com.atlassian.jira.ext.charting:timeinstatus">
                        <customfieldname>Time in Status</customfieldname>
                        <customfieldvalues>
                            
                        </customfieldvalues>
                    </customfield>
                                                                </customfields>
    </item>
</channel>
</rss>