<!-- 
RSS generated by JIRA (6.4.11#64026-sha1:78f6ec473a3f058bd5d6c30e9319c7ab376bdb9c) at Thu Dec 22 13:00:31 UTC 2016

It is possible to restrict the fields that are returned in this document by specifying the 'field' parameter in your request.
For example, to request only the issue key and summary add field=key&field=summary to the URL of your request.
For example:
https://jira.spring.io/si/jira.issueviews:issue-xml/DATACMNS-358/DATACMNS-358.xml?field=key&amp;field=summary
-->
<rss version="0.92" >
<channel>
    <title>Spring JIRA</title>
    <link>https://jira.spring.io</link>
    <description>This file is an XML representation of an issue</description>
    <language>en-uk</language>    <build-info>
        <version>6.4.11</version>
        <build-number>64026</build-number>
        <build-date>25-08-2015</build-date>
    </build-info>

<item>
            <title>[DATACMNS-358] The current page number cannot be greater or equal to the total number of pages</title>
                <link>https://jira.spring.io/browse/DATACMNS-358</link>
                <project id="10510" key="DATACMNS">Spring Data Commons</project>
                    <description>&lt;p&gt;I see &quot;The current page number cannot be greater or equal to the total number &lt;br/&gt;
of pages&quot; exception when datastore has no data.&lt;/p&gt;

&lt;p&gt;Truncated Trace:&lt;br/&gt;
-------------------------------------------&lt;br/&gt;
java.lang.IllegalArgumentException: The current page number cannot be greater or equal to the total number of pages!&lt;br/&gt;
	org.springframework.util.Assert.isTrue(Assert.java:65)&lt;br/&gt;
	org.springframework.hateoas.PagedResources$PageMetadata.&amp;lt;init&amp;gt;(PagedResources.java:207)&lt;br/&gt;
	org.springframework.data.web.PagedResourcesAssembler.asPageMetadata(PagedResourcesAssembler.java:162)&lt;br/&gt;
	org.springframework.data.web.PagedResourcesAssembler.createResource(PagedResourcesAssembler.java:124)&lt;br/&gt;
	org.springframework.data.web.PagedResourcesAssembler.toResource(PagedResourcesAssembler.java:109)&lt;/p&gt;</description>
                <environment></environment>
        <key id="50387">DATACMNS-358</key>
            <summary>The current page number cannot be greater or equal to the total number of pages</summary>
                <type id="1" iconUrl="https://jira.spring.io/images/icons/issuetypes/bug.png">Bug</type>
                                            <priority id="3" iconUrl="https://jira.spring.io/images/icons/priorities/major.png">Major</priority>
                        <status id="6" iconUrl="https://jira.spring.io/images/icons/statuses/closed.png" description="The issue is considered finished, the resolution is correct. Issues which are not closed can be reopened.">Closed</status>
                    <statusCategory id="3" key="done" colorName="green"/>
                                    <resolution id="1">Fixed</resolution>
                                        <assignee username="olivergierke">Oliver Gierke</assignee>
                                    <reporter username="springuser007">Sri</reporter>
                        <labels>
                    </labels>
                <created>Mon, 19 Aug 2013 09:05:03 +0000</created>
                <updated>Mon, 9 Sep 2013 20:58:45 +0000</updated>
                            <resolved>Mon, 26 Aug 2013 12:43:44 +0000</resolved>
                                    <version>1.6 RC1</version>
                                    <fixVersion>1.6 Final</fixVersion>
                                        <due></due>
                            <votes>0</votes>
                                    <watches>2</watches>
                                                                        <attachments>
                    </attachments>
                <subtasks>
                    </subtasks>
                <customfields>
                                                                                                                                    <customfield id="customfield_10280" key="com.pyxis.greenhopper.jira:gh-global-rank">
                        <customfieldname>Global Rank</customfieldname>
                        <customfieldvalues>
                            <customfieldvalue>36881</customfieldvalue>
                        </customfieldvalues>
                    </customfield>
                                                                <customfield id="customfield_10182" key="com.atlassian.jira.toolkit:lastupdaterorcommenter">
                        <customfieldname>Last updater</customfieldname>
                        <customfieldvalues>
                            <customfieldvalue>tmarshall</customfieldvalue>

                        </customfieldvalues>
                    </customfield>
                                                                                            <customfield id="customfield_10880" key="com.pyxis.greenhopper.jira:gh-lexo-rank">
                        <customfieldname>Rank</customfieldname>
                        <customfieldvalues>
                            <customfieldvalue>0|i06i0n:</customfieldvalue>

                        </customfieldvalues>
                    </customfield>
                                                                <customfield id="customfield_10380" key="com.pyxis.greenhopper.jira:gh-global-rank">
                        <customfieldname>Rank (Obsolete)</customfieldname>
                        <customfieldvalues>
                            <customfieldvalue>37957</customfieldvalue>
                        </customfieldvalues>
                    </customfield>
                                                                <customfield id="customfield_10381" key="com.pyxis.greenhopper.jira:gh-global-rank">
                        <customfieldname>Ranking</customfieldname>
                        <customfieldvalues>
                            <customfieldvalue>36583</customfieldvalue>
                        </customfieldvalues>
                    </customfield>
                                                                                                                        <customfield id="customfield_10480" key="com.pyxis.greenhopper.jira:gh-sprint">
                        <customfieldname>Sprint</customfieldname>
                        <customfieldvalues>
                                <customfieldvalue id="17">The Road To SpringOne</customfieldvalue>

                        </customfieldvalues>
                    </customfield>
                                                                <customfield id="customfield_10171" key="com.atlassian.jira.ext.charting:timeinstatus">
                        <customfieldname>Time in Status</customfieldname>
                        <customfieldvalues>
                            
                        </customfieldvalues>
                    </customfield>
                                                                </customfields>
    </item>
</channel>
</rss>