<!-- 
RSS generated by JIRA (6.4.11#64026-sha1:78f6ec473a3f058bd5d6c30e9319c7ab376bdb9c) at Thu Dec 22 13:05:47 UTC 2016

It is possible to restrict the fields that are returned in this document by specifying the 'field' parameter in your request.
For example, to request only the issue key and summary add field=key&field=summary to the URL of your request.
For example:
https://jira.spring.io/si/jira.issueviews:issue-xml/DATACMNS-479/DATACMNS-479.xml?field=key&amp;field=summary
-->
<rss version="0.92" >
<channel>
    <title>Spring JIRA</title>
    <link>https://jira.spring.io</link>
    <description>This file is an XML representation of an issue</description>
    <language>en-uk</language>    <build-info>
        <version>6.4.11</version>
        <build-number>64026</build-number>
        <build-date>25-08-2015</build-date>
    </build-info>

<item>
            <title>[DATACMNS-479] Regression in PersistentEntity detection for concrete Map types</title>
                <link>https://jira.spring.io/browse/DATACMNS-479</link>
                <project id="10510" key="DATACMNS">Spring Data Commons</project>
                    <description>&lt;p&gt;A change introduced in Spring Data Commons 1.7.x to improve the detection of nested &lt;tt&gt;PersistentEntities&lt;/tt&gt; causes concrete &lt;tt&gt;Map&lt;/tt&gt; types being added to the &lt;tt&gt;MappingContext&lt;/tt&gt; in case they are used as property type.&lt;/p&gt;

&lt;p&gt;This is caused by &lt;tt&gt;PersistentProperty.isEntity(&#8230;)&lt;/tt&gt; not excluding &lt;tt&gt;Map&lt;/tt&gt; and &lt;tt&gt;Collection&lt;/tt&gt; types anymore and &lt;tt&gt;PersistentProperty.getPersistentEntityTypes(&#8230;)&lt;/tt&gt; adding the sole type to the list of returned types in a subsequent detection step.&lt;/p&gt;

&lt;p&gt;We should ditch the check on &lt;tt&gt;isEntity(&#8230;)&lt;/tt&gt; altogether and solely rely on the list of nested types being returned from &lt;tt&gt;getPersistentEntityTypes(&#8230;)&lt;/tt&gt;. Ironically, master already has this implemented correctly due to the changes made for &lt;a href=&quot;https://jira.spring.io/browse/DATACMNS-243&quot; title=&quot;Pull up property access improvement from MongoPersistentProperty&quot; class=&quot;issue-link&quot; data-issue-key=&quot;DATACMNS-243&quot;&gt;&lt;del&gt;DATACMNS-243&lt;/del&gt;&lt;/a&gt;. Still we should forward port the slight change in the detection algorithm to keep them as consistent as possible.&lt;/p&gt;</description>
                <environment></environment>
        <key id="56739">DATACMNS-479</key>
            <summary>Regression in PersistentEntity detection for concrete Map types</summary>
                <type id="1" iconUrl="https://jira.spring.io/images/icons/issuetypes/bug.png">Bug</type>
                                            <priority id="3" iconUrl="https://jira.spring.io/images/icons/priorities/major.png">Major</priority>
                        <status id="6" iconUrl="https://jira.spring.io/images/icons/statuses/closed.png" description="The issue is considered finished, the resolution is correct. Issues which are not closed can be reopened.">Closed</status>
                    <statusCategory id="3" key="done" colorName="green"/>
                                    <resolution id="1">Fixed</resolution>
                                        <assignee username="olivergierke">Oliver Gierke</assignee>
                                    <reporter username="olivergierke">Oliver Gierke</reporter>
                        <labels>
                    </labels>
                <created>Thu, 27 Mar 2014 04:17:50 +0000</created>
                <updated>Mon, 31 Mar 2014 04:58:45 +0000</updated>
                            <resolved>Thu, 27 Mar 2014 04:25:26 +0000</resolved>
                                    <version>1.7.1 (Codd SR1)</version>
                                    <fixVersion>1.8 M1 (Dijkstra)</fixVersion>
                    <fixVersion>1.7.2 (Codd SR2)</fixVersion>
                                    <component>Mapping metadata</component>
                        <due></due>
                            <votes>0</votes>
                                    <watches>1</watches>
                                                                    <issuelinks>
                            <issuelinktype id="10150">
                    <name>Depend</name>
                                                                <inwardlinks description="is depended on by">
                                        <issuelink>
            <issuekey id="56527">DATAMONGO-887</issuekey>
        </issuelink>
                            </inwardlinks>
                                    </issuelinktype>
                    </issuelinks>
                <attachments>
                    </attachments>
                <subtasks>
                    </subtasks>
                <customfields>
                                                                                                                                    <customfield id="customfield_10280" key="com.pyxis.greenhopper.jira:gh-global-rank">
                        <customfieldname>Global Rank</customfieldname>
                        <customfieldvalues>
                            <customfieldvalue>42995</customfieldvalue>
                        </customfieldvalues>
                    </customfield>
                                                                <customfield id="customfield_10182" key="com.atlassian.jira.toolkit:lastupdaterorcommenter">
                        <customfieldname>Last updater</customfieldname>
                        <customfieldvalues>
                            <customfieldvalue>olivergierke</customfieldvalue>

                        </customfieldvalues>
                    </customfield>
                                                                                            <customfield id="customfield_10880" key="com.pyxis.greenhopper.jira:gh-lexo-rank">
                        <customfieldname>Rank</customfieldname>
                        <customfieldvalues>
                            <customfieldvalue>0|i07f5j:</customfieldvalue>

                        </customfieldvalues>
                    </customfield>
                                                                <customfield id="customfield_10380" key="com.pyxis.greenhopper.jira:gh-global-rank">
                        <customfieldname>Rank (Obsolete)</customfieldname>
                        <customfieldvalues>
                            <customfieldvalue>43327</customfieldvalue>
                        </customfieldvalues>
                    </customfield>
                                                                <customfield id="customfield_10381" key="com.pyxis.greenhopper.jira:gh-global-rank">
                        <customfieldname>Ranking</customfieldname>
                        <customfieldvalues>
                            <customfieldvalue>42697</customfieldvalue>
                        </customfieldvalues>
                    </customfield>
                                                                                                                        <customfield id="customfield_10480" key="com.pyxis.greenhopper.jira:gh-sprint">
                        <customfieldname>Sprint</customfieldname>
                        <customfieldvalues>
                                <customfieldvalue id="40">45 - Dijkstra M1</customfieldvalue>

                        </customfieldvalues>
                    </customfield>
                                                                <customfield id="customfield_10171" key="com.atlassian.jira.ext.charting:timeinstatus">
                        <customfieldname>Time in Status</customfieldname>
                        <customfieldvalues>
                            
                        </customfieldvalues>
                    </customfield>
                                                                </customfields>
    </item>
</channel>
</rss>