<!-- 
RSS generated by JIRA (6.4.11#64026-sha1:78f6ec473a3f058bd5d6c30e9319c7ab376bdb9c) at Thu Dec 22 13:08:18 UTC 2016

It is possible to restrict the fields that are returned in this document by specifying the 'field' parameter in your request.
For example, to request only the issue key and summary add field=key&field=summary to the URL of your request.
For example:
https://jira.spring.io/si/jira.issueviews:issue-xml/DATACMNS-442/DATACMNS-442.xml?field=key&amp;field=summary
-->
<rss version="0.92" >
<channel>
    <title>Spring JIRA</title>
    <link>https://jira.spring.io</link>
    <description>This file is an XML representation of an issue</description>
    <language>en-uk</language>    <build-info>
        <version>6.4.11</version>
        <build-number>64026</build-number>
        <build-date>25-08-2015</build-date>
    </build-info>

<item>
            <title>[DATACMNS-442] ID type not detected for intermediate repository interface</title>
                <link>https://jira.spring.io/browse/DATACMNS-442</link>
                <project id="10510" key="DATACMNS">Spring Data Commons</project>
                    <description>&lt;p&gt;Hi,&lt;/p&gt;

&lt;p&gt;with spring-jpa 1.4.3 this was working:&lt;/p&gt;

&lt;p/&gt;
&lt;div id=&quot;syntaxplugin&quot; class=&quot;syntaxplugin&quot; style=&quot;border: 1px dashed #bbb; border-radius: 5px !important; overflow: auto; max-height: 30em;&quot;&gt;
&lt;table cellspacing=&quot;0&quot; cellpadding=&quot;0&quot; border=&quot;0&quot; width=&quot;100%&quot; style=&quot;font-size: 1em; line-height: 1.4em !important; font-weight: normal; font-style: normal; color: black;&quot;&gt;
		&lt;tbody &gt;
				&lt;tr id=&quot;syntaxplugin_code_and_gutter&quot;&gt;
						&lt;td  style=&quot; line-height: 1.4em !important; padding: 0em; vertical-align: top;&quot;&gt;
					&lt;pre style=&quot;font-size: 1em; margin: 0 10px;  margin-top: 10px;   width: auto; padding: 0;&quot;&gt;&lt;span style=&quot;color: black; font-family: &apos;Consolas&apos;, &apos;Bitstream Vera Sans Mono&apos;, &apos;Courier New&apos;, Courier, monospace !important;&quot;&gt;@Repository&lt;/span&gt;&lt;/pre&gt;
			&lt;/td&gt;
		&lt;/tr&gt;
				&lt;tr id=&quot;syntaxplugin_code_and_gutter&quot;&gt;
						&lt;td  style=&quot; line-height: 1.4em !important; padding: 0em; vertical-align: top;&quot;&gt;
					&lt;pre style=&quot;font-size: 1em; margin: 0 10px;   width: auto; padding: 0;&quot;&gt;&lt;span style=&quot;color: black; font-family: &apos;Consolas&apos;, &apos;Bitstream Vera Sans Mono&apos;, &apos;Courier New&apos;, Courier, monospace !important;&quot;&gt;public interface EntityRepository&amp;lt;T&amp;gt; extends JpaRepository&amp;lt;T, Long&amp;gt; { }&lt;/span&gt;&lt;/pre&gt;
			&lt;/td&gt;
		&lt;/tr&gt;
				&lt;tr id=&quot;syntaxplugin_code_and_gutter&quot;&gt;
						&lt;td  style=&quot; line-height: 1.4em !important; padding: 0em; vertical-align: top;&quot;&gt;
					&lt;pre style=&quot;font-size: 1em; margin: 0 10px;   width: auto; padding: 0;&quot;&gt;&amp;nbsp;&lt;/pre&gt;
			&lt;/td&gt;
		&lt;/tr&gt;
				&lt;tr id=&quot;syntaxplugin_code_and_gutter&quot;&gt;
						&lt;td  style=&quot; line-height: 1.4em !important; padding: 0em; vertical-align: top;&quot;&gt;
					&lt;pre style=&quot;font-size: 1em; margin: 0 10px;   margin-bottom: 10px;  width: auto; padding: 0;&quot;&gt;&lt;span style=&quot;color: black; font-family: &apos;Consolas&apos;, &apos;Bitstream Vera Sans Mono&apos;, &apos;Courier New&apos;, Courier, monospace !important;&quot;&gt;public interface AppleRepository extends EntityRepository&amp;lt;Apple&amp;gt; { }&lt;/span&gt;&lt;/pre&gt;
			&lt;/td&gt;
		&lt;/tr&gt;
			&lt;/tbody&gt;
&lt;/table&gt;
&lt;/div&gt;
&lt;p/&gt;

&lt;p&gt;with version 1.4.4 this fails with:&lt;/p&gt;

&lt;p/&gt;
&lt;div id=&quot;syntaxplugin&quot; class=&quot;syntaxplugin&quot; style=&quot;border: 1px dashed #bbb; border-radius: 5px !important; overflow: auto; max-height: 30em;&quot;&gt;
&lt;table cellspacing=&quot;0&quot; cellpadding=&quot;0&quot; border=&quot;0&quot; width=&quot;100%&quot; style=&quot;font-size: 1em; line-height: 1.4em !important; font-weight: normal; font-style: normal; color: black;&quot;&gt;
		&lt;tbody &gt;
				&lt;tr id=&quot;syntaxplugin_code_and_gutter&quot;&gt;
						&lt;td  style=&quot; line-height: 1.4em !important; padding: 0em; vertical-align: top;&quot;&gt;
					&lt;pre style=&quot;font-size: 1em; margin: 0 10px;  margin-top: 10px;   width: auto; padding: 0;&quot;&gt;&lt;span style=&quot;color: black; font-family: &apos;Consolas&apos;, &apos;Bitstream Vera Sans Mono&apos;, &apos;Courier New&apos;, Courier, monospace !important;&quot;&gt;Caused by: java.lang.IllegalArgumentException: Could not resolve id type of interface org.gradle.entity.EntityRepository!&lt;/span&gt;&lt;/pre&gt;
			&lt;/td&gt;
		&lt;/tr&gt;
				&lt;tr id=&quot;syntaxplugin_code_and_gutter&quot;&gt;
						&lt;td  style=&quot; line-height: 1.4em !important; padding: 0em; vertical-align: top;&quot;&gt;
					&lt;pre style=&quot;font-size: 1em; margin: 0 10px;   width: auto; padding: 0;&quot;&gt;&lt;span style=&quot;color: black; font-family: &apos;Consolas&apos;, &apos;Bitstream Vera Sans Mono&apos;, &apos;Courier New&apos;, Courier, monospace !important;&quot;&gt;	at org.springframework.data.repository.core.support.DefaultRepositoryMetadata.resolveIdType(DefaultRepositoryMetadata.java:79) ~[spring-data-commons-1.6.4.RELEASE.jar:na]&lt;/span&gt;&lt;/pre&gt;
			&lt;/td&gt;
		&lt;/tr&gt;
				&lt;tr id=&quot;syntaxplugin_code_and_gutter&quot;&gt;
						&lt;td  style=&quot; line-height: 1.4em !important; padding: 0em; vertical-align: top;&quot;&gt;
					&lt;pre style=&quot;font-size: 1em; margin: 0 10px;   width: auto; padding: 0;&quot;&gt;&lt;span style=&quot;color: black; font-family: &apos;Consolas&apos;, &apos;Bitstream Vera Sans Mono&apos;, &apos;Courier New&apos;, Courier, monospace !important;&quot;&gt;	at org.springframework.data.repository.core.support.DefaultRepositoryMetadata.&amp;lt;init&amp;gt;(DefaultRepositoryMetadata.java:51) ~[spring-data-commons-1.6.4.RELEASE.jar:na]&lt;/span&gt;&lt;/pre&gt;
			&lt;/td&gt;
		&lt;/tr&gt;
				&lt;tr id=&quot;syntaxplugin_code_and_gutter&quot;&gt;
						&lt;td  style=&quot; line-height: 1.4em !important; padding: 0em; vertical-align: top;&quot;&gt;
					&lt;pre style=&quot;font-size: 1em; margin: 0 10px;   width: auto; padding: 0;&quot;&gt;&lt;span style=&quot;color: black; font-family: &apos;Consolas&apos;, &apos;Bitstream Vera Sans Mono&apos;, &apos;Courier New&apos;, Courier, monospace !important;&quot;&gt;	at org.springframework.data.repository.core.support.RepositoryFactorySupport.getRepositoryMetadata(RepositoryFactorySupport.java:173) ~[spring-data-commons-1.6.4.RELEASE.jar:na]&lt;/span&gt;&lt;/pre&gt;
			&lt;/td&gt;
		&lt;/tr&gt;
				&lt;tr id=&quot;syntaxplugin_code_and_gutter&quot;&gt;
						&lt;td  style=&quot; line-height: 1.4em !important; padding: 0em; vertical-align: top;&quot;&gt;
					&lt;pre style=&quot;font-size: 1em; margin: 0 10px;   width: auto; padding: 0;&quot;&gt;&lt;span style=&quot;color: black; font-family: &apos;Consolas&apos;, &apos;Bitstream Vera Sans Mono&apos;, &apos;Courier New&apos;, Courier, monospace !important;&quot;&gt;	at org.springframework.data.repository.core.support.RepositoryFactoryBeanSupport.afterPropertiesSet(RepositoryFactoryBeanSupport.java:195) ~[spring-data-commons-1.6.4.RELEASE.jar:na]&lt;/span&gt;&lt;/pre&gt;
			&lt;/td&gt;
		&lt;/tr&gt;
				&lt;tr id=&quot;syntaxplugin_code_and_gutter&quot;&gt;
						&lt;td  style=&quot; line-height: 1.4em !important; padding: 0em; vertical-align: top;&quot;&gt;
					&lt;pre style=&quot;font-size: 1em; margin: 0 10px;   width: auto; padding: 0;&quot;&gt;&lt;span style=&quot;color: black; font-family: &apos;Consolas&apos;, &apos;Bitstream Vera Sans Mono&apos;, &apos;Courier New&apos;, Courier, monospace !important;&quot;&gt;	at org.springframework.data.jpa.repository.support.JpaRepositoryFactoryBean.afterPropertiesSet(JpaRepositoryFactoryBean.java:84) ~[spring-data-jpa-1.4.4.RELEASE.jar:na]&lt;/span&gt;&lt;/pre&gt;
			&lt;/td&gt;
		&lt;/tr&gt;
				&lt;tr id=&quot;syntaxplugin_code_and_gutter&quot;&gt;
						&lt;td  style=&quot; line-height: 1.4em !important; padding: 0em; vertical-align: top;&quot;&gt;
					&lt;pre style=&quot;font-size: 1em; margin: 0 10px;   width: auto; padding: 0;&quot;&gt;&lt;span style=&quot;color: black; font-family: &apos;Consolas&apos;, &apos;Bitstream Vera Sans Mono&apos;, &apos;Courier New&apos;, Courier, monospace !important;&quot;&gt;	at org.springframework.beans.factory.support.AbstractAutowireCapableBeanFactory.invokeInitMethods(AbstractAutowireCapableBeanFactory.java:1612) ~[spring-beans-4.0.2.RELEASE.jar:4.0.2.RELEASE]&lt;/span&gt;&lt;/pre&gt;
			&lt;/td&gt;
		&lt;/tr&gt;
				&lt;tr id=&quot;syntaxplugin_code_and_gutter&quot;&gt;
						&lt;td  style=&quot; line-height: 1.4em !important; padding: 0em; vertical-align: top;&quot;&gt;
					&lt;pre style=&quot;font-size: 1em; margin: 0 10px;   width: auto; padding: 0;&quot;&gt;&lt;span style=&quot;color: black; font-family: &apos;Consolas&apos;, &apos;Bitstream Vera Sans Mono&apos;, &apos;Courier New&apos;, Courier, monospace !important;&quot;&gt;	at org.springframework.beans.factory.support.AbstractAutowireCapableBeanFactory.initializeBean(AbstractAutowireCapableBeanFactory.java:1549) ~[spring-beans-4.0.2.RELEASE.jar:4.0.2.RELEASE]&lt;/span&gt;&lt;/pre&gt;
			&lt;/td&gt;
		&lt;/tr&gt;
				&lt;tr id=&quot;syntaxplugin_code_and_gutter&quot;&gt;
						&lt;td  style=&quot; line-height: 1.4em !important; padding: 0em; vertical-align: top;&quot;&gt;
					&lt;pre style=&quot;font-size: 1em; margin: 0 10px;   margin-bottom: 10px;  width: auto; padding: 0;&quot;&gt;&lt;span style=&quot;color: black; font-family: &apos;Consolas&apos;, &apos;Bitstream Vera Sans Mono&apos;, &apos;Courier New&apos;, Courier, monospace !important;&quot;&gt;	... 40 common frames omitted&lt;/span&gt;&lt;/pre&gt;
			&lt;/td&gt;
		&lt;/tr&gt;
			&lt;/tbody&gt;
&lt;/table&gt;
&lt;/div&gt;
&lt;p/&gt;

&lt;p&gt;If you need a small gradle project for demo purposes, i can make one if needed.&lt;/p&gt;</description>
                <environment>Linux, JDK 1.7</environment>
        <key id="55756">DATACMNS-442</key>
            <summary>ID type not detected for intermediate repository interface</summary>
                <type id="1" iconUrl="https://jira.spring.io/images/icons/issuetypes/bug.png">Bug</type>
                                            <priority id="3" iconUrl="https://jira.spring.io/images/icons/priorities/major.png">Major</priority>
                        <status id="6" iconUrl="https://jira.spring.io/images/icons/statuses/closed.png" description="The issue is considered finished, the resolution is correct. Issues which are not closed can be reopened.">Closed</status>
                    <statusCategory id="3" key="done" colorName="green"/>
                                    <resolution id="1">Fixed</resolution>
                                        <assignee username="olivergierke">Oliver Gierke</assignee>
                                    <reporter username="tkrah">Torsten Krah</reporter>
                        <labels>
                    </labels>
                <created>Wed, 19 Feb 2014 04:24:08 +0000</created>
                <updated>Tue, 2 Dec 2014 05:19:45 +0000</updated>
                            <resolved>Wed, 19 Feb 2014 05:50:23 +0000</resolved>
                                                    <fixVersion>1.7 Final (Codd)</fixVersion>
                    <fixVersion>1.6.5 (Babbage SR4)</fixVersion>
                                    <component>Core</component>
                    <component>Documentation</component>
                        <due></due>
                            <votes>1</votes>
                                    <watches>6</watches>
                                                                <comments>
                            <comment id="99044" author="olivergierke" created="Wed, 19 Feb 2014 04:48:16 +0000"  >&lt;p&gt;Which version of Spring and Spring Data Commons are you using? I lowered the priority slightly as I am suspecting this to be an already fixed version incompatibility. Spring Data Commons has shipped a mitigation for slightly changed semantics of Spring&apos;s &lt;tt&gt;GenericTypeResolver&lt;/tt&gt; in the latest release. This means if you&apos;re running with Spring 4, you &lt;b&gt;need&lt;/b&gt; to use Spring Data Commons 1.6.4 (which you should anyway if you&apos;re using Spring Data JPA 1.4.4).&lt;/p&gt;</comment>
                            <comment id="99045" author="rogge" created="Wed, 19 Feb 2014 04:56:33 +0000"  >&lt;p&gt;We upgraded to Spring Data Commons 1.6.4 together with Spring Data JPA 1.4.4. We only have the Spring Data JPA dependency anyway, it pulls Spring Data Commons itself.&lt;/p&gt;

&lt;p&gt;Spring version is 4.0.2.&lt;/p&gt;</comment>
                            <comment id="99046" author="tkrah" created="Wed, 19 Feb 2014 05:00:08 +0000"  >&lt;p&gt;Like Patrick said, 4.0.2 Spring and Spring-JPA 1.4.4 - Commons is pulled via JPA.&lt;/p&gt;</comment>
                            <comment id="99047" author="olivergierke" created="Wed, 19 Feb 2014 05:08:17 +0000"  >&lt;p&gt;I&apos;ve added dedicated &lt;a href=&quot;https://github.com/spring-projects/spring-data-commons/commit/ba328d579155eee7ba1c3e53bb3da2af9830ad6e&quot; class=&quot;external-link&quot; rel=&quot;nofollow&quot;&gt;test&lt;/a&gt; &lt;a href=&quot;https://github.com/spring-projects/spring-data-commons/commit/ba328d579155eee7ba1c3e53bb3da2af9830ad6e&quot; class=&quot;external-link&quot; rel=&quot;nofollow&quot;&gt;cases&lt;/a&gt; to show that this generally works.&lt;/p&gt;

&lt;p&gt;Would you mind preparing a quick test case to show this failing? &lt;/p&gt;</comment>
                            <comment id="99049" author="tkrah" created="Wed, 19 Feb 2014 05:25:07 +0000"  >&lt;p&gt;gradle test project&lt;/p&gt;</comment>
                            <comment id="99050" author="tkrah" created="Wed, 19 Feb 2014 05:25:22 +0000"  >&lt;p&gt;Please run the CMNS442 Test.&lt;/p&gt;</comment>
                            <comment id="99051" author="olivergierke" created="Wed, 19 Feb 2014 05:40:14 +0000"  >&lt;p&gt;Your configuration causes &lt;tt&gt;EntityRepository&lt;/tt&gt; to be picked up and interpreted as concrete repository, which it of course is not. The metadata trying to &lt;a href=&quot;https://github.com/spring-projects/spring-data-commons/commit/7c7d6621860faa024d9497c091ec614970f9e2c5#diff-f1a3b8de2c29749b5f79e3700f36b375R206&quot; class=&quot;external-link&quot; rel=&quot;nofollow&quot;&gt;be resolved eagerly&lt;/a&gt; was caused by a performance optimization introduced for &lt;a href=&quot;https://jira.spring.io/browse/DATACMNS-432&quot; title=&quot;ConcurrentModificationException in Repositories.getRepoInfoFor(Repositories.java:183)&quot; class=&quot;issue-link&quot; data-issue-key=&quot;DATACMNS-432&quot;&gt;&lt;del&gt;DATACMNS-432&lt;/del&gt;&lt;/a&gt;.&lt;/p&gt;

&lt;p&gt;This change effectively causes invalid repositories being detected that have been silently ignored before. Intermediate repositories should be annotated with &lt;tt&gt;@NoRepositoryBean&lt;/tt&gt;. This will cause the interface not being considered a repository to actually instantiate.&lt;/p&gt;</comment>
                            <comment id="99052" author="tkrah" created="Wed, 19 Feb 2014 05:48:51 +0000"  >&lt;p&gt;Works, thanks. @NoRepositoryBean is what must have been there before but those intermediate one was ignored before, so it was missed.&lt;/p&gt;</comment>
                            <comment id="99053" author="olivergierke" created="Wed, 19 Feb 2014 05:50:23 +0000"  >&lt;p&gt;I updated the documentation to mention &lt;tt&gt;@NoRepositoryBean&lt;/tt&gt; more prominently.&lt;/p&gt;</comment>
                            <comment id="99054" author="rogge" created="Wed, 19 Feb 2014 05:51:41 +0000"  >&lt;p&gt;Thanks, Oliver.&lt;/p&gt;</comment>
                            <comment id="99055" author="olivergierke" created="Wed, 19 Feb 2014 05:53:50 +0000"  >&lt;p&gt;Glad we got it working for you &lt;img class=&quot;emoticon&quot; src=&quot;https://jira.spring.io/images/icons/emoticons/smile.png&quot; height=&quot;16&quot; width=&quot;16&quot; align=&quot;absmiddle&quot; alt=&quot;&quot; border=&quot;0&quot;/&gt;.&lt;/p&gt;</comment>
                            <comment id="100249" author="java4fun" created="Wed, 12 Mar 2014 09:56:45 +0000"  >&lt;p&gt;I am using Spring Data JPA 1.5.0.RELEASE (which comes with Spring Data Common 1.7.0.RELEASE) and I still see this exact issue.&lt;/p&gt;</comment>
                            <comment id="100251" author="java4fun" created="Wed, 12 Mar 2014 10:03:16 +0000"  >&lt;p&gt;Nevermind, false alarm.&lt;/p&gt;</comment>
                            <comment id="101446" author="lalinea" created="Fri, 4 Apr 2014 16:01:13 +0000"  >&lt;p&gt;This is still happening in spring-jpa-1.5.1 Please double-check&lt;/p&gt;

&lt;p&gt;Should this work?&lt;/p&gt;

&lt;p&gt;public interface BaseRepository&amp;lt;BaseEntity, ID extends Serializable&amp;gt; extends JpaRepository&amp;lt;BaseEntity, ID&amp;gt;&lt;br/&gt;
{}&lt;/p&gt;

&lt;p&gt;BaseEntity = @MappedSuperclass entity.&lt;/p&gt;

&lt;p&gt;I can provide a sample project if needed&lt;/p&gt;</comment>
                            <comment id="101474" author="rogge" created="Mon, 7 Apr 2014 00:40:57 +0000"  >&lt;p&gt;Did you annotate &lt;tt&gt;BaseRepository&lt;/tt&gt; with &lt;tt&gt;@NoRepositoryBean&lt;/tt&gt;?&lt;/p&gt;</comment>
                            <comment id="101480" author="lalinea" created="Mon, 7 Apr 2014 03:16:42 +0000"  >&lt;p&gt;Added the annotation and it is working now! &lt;/p&gt;

&lt;p&gt;Thank you and sorry for the false alarm.&lt;/p&gt;</comment>
                            <comment id="110240" author="zhuinden" created="Tue, 2 Dec 2014 04:48:32 +0000"  >&lt;p&gt;Hello, I have encountered the same problem  with the following spring data jpa version&lt;/p&gt;

&lt;p&gt;    &amp;lt;dependency&amp;gt;&lt;br/&gt;
      &amp;lt;groupId&amp;gt;org.springframework.data&amp;lt;/groupId&amp;gt;&lt;br/&gt;
      &amp;lt;artifactId&amp;gt;spring-data-jpa&amp;lt;/artifactId&amp;gt;&lt;br/&gt;
      &amp;lt;version&amp;gt;1.5.0.RELEASE&amp;lt;/version&amp;gt;&lt;br/&gt;
    &amp;lt;/dependency&amp;gt;&lt;/p&gt;

&lt;p&gt;It works perfectly with&lt;/p&gt;

&lt;p&gt;    &amp;lt;dependency&amp;gt;&lt;br/&gt;
      &amp;lt;groupId&amp;gt;org.springframework.data&amp;lt;/groupId&amp;gt;&lt;br/&gt;
      &amp;lt;artifactId&amp;gt;spring-data-jpa&amp;lt;/artifactId&amp;gt;&lt;br/&gt;
      &amp;lt;version&amp;gt;1.4.3.RELEASE&amp;lt;/version&amp;gt;&lt;br/&gt;
    &amp;lt;/dependency&amp;gt;&lt;/p&gt;

&lt;p&gt;Using the following interface&lt;/p&gt;

&lt;p&gt;@Repository&lt;br/&gt;
public interface BaseRepository&amp;lt;T, K extends Serializable&amp;gt;&lt;br/&gt;
  extends JpaRepository&amp;lt;T, K&amp;gt;,&lt;br/&gt;
  QueryDslPredicateExecutor&amp;lt;T&amp;gt; {&lt;br/&gt;
}&lt;/p&gt;
</comment>
                            <comment id="110241" author="rogge" created="Tue, 2 Dec 2014 04:54:05 +0000"  >&lt;p&gt;Is &lt;tt&gt;BaseRepository&lt;/tt&gt; an actual repository or an actual base repository like my &lt;tt&gt;EntityRepository&lt;/tt&gt; above? If it is the latter, then just follow the instructions here and annotate it using &lt;tt&gt;@NoRepositoryBean&lt;/tt&gt;.&lt;/p&gt;</comment>
                            <comment id="110243" author="zhuinden" created="Tue, 2 Dec 2014 05:19:45 +0000"  >&lt;p&gt;You were right, that actually did solve the problem. Thank you for the help.&lt;/p&gt;</comment>
                    </comments>
                    <attachments>
                            <attachment id="21685" name="playground.tar.gz" size="6307" author="tkrah" created="Wed, 19 Feb 2014 05:25:07 +0000"/>
                    </attachments>
                <subtasks>
                    </subtasks>
                <customfields>
                                                                            <customfield id="customfield_10170" key="com.atlassian.jira.ext.charting:firstresponsedate">
                        <customfieldname>First Response Date</customfieldname>
                        <customfieldvalues>
                            <customfieldvalue>Wed, 19 Feb 2014 04:48:16 +0000</customfieldvalue>

                        </customfieldvalues>
                    </customfield>
                                                                                            <customfield id="customfield_10280" key="com.pyxis.greenhopper.jira:gh-global-rank">
                        <customfieldname>Global Rank</customfieldname>
                        <customfieldvalues>
                            <customfieldvalue>42234</customfieldvalue>
                        </customfieldvalues>
                    </customfield>
                                                                <customfield id="customfield_10182" key="com.atlassian.jira.toolkit:lastupdaterorcommenter">
                        <customfieldname>Last updater</customfieldname>
                        <customfieldvalues>
                            <customfieldvalue>Zhuinden</customfieldvalue>

                        </customfieldvalues>
                    </customfield>
                                                                                            <customfield id="customfield_10880" key="com.pyxis.greenhopper.jira:gh-lexo-rank">
                        <customfieldname>Rank</customfieldname>
                        <customfieldvalues>
                            <customfieldvalue>0|i07acn:</customfieldvalue>

                        </customfieldvalues>
                    </customfield>
                                                                <customfield id="customfield_10380" key="com.pyxis.greenhopper.jira:gh-global-rank">
                        <customfieldname>Rank (Obsolete)</customfieldname>
                        <customfieldvalues>
                            <customfieldvalue>42549</customfieldvalue>
                        </customfieldvalues>
                    </customfield>
                                                                <customfield id="customfield_10381" key="com.pyxis.greenhopper.jira:gh-global-rank">
                        <customfieldname>Ranking</customfieldname>
                        <customfieldvalues>
                            <customfieldvalue>41936</customfieldvalue>
                        </customfieldvalues>
                    </customfield>
                                                                                                                        <customfield id="customfield_10480" key="com.pyxis.greenhopper.jira:gh-sprint">
                        <customfieldname>Sprint</customfieldname>
                        <customfieldvalues>
                                <customfieldvalue id="34">43 - Babbage SR3</customfieldvalue>

                        </customfieldvalues>
                    </customfield>
                                                                <customfield id="customfield_10171" key="com.atlassian.jira.ext.charting:timeinstatus">
                        <customfieldname>Time in Status</customfieldname>
                        <customfieldvalues>
                            
                        </customfieldvalues>
                    </customfield>
                                                                </customfields>
    </item>
</channel>
</rss>