<!-- 
RSS generated by JIRA (6.4.11#64026-sha1:78f6ec473a3f058bd5d6c30e9319c7ab376bdb9c) at Thu Dec 22 13:07:58 UTC 2016

It is possible to restrict the fields that are returned in this document by specifying the 'field' parameter in your request.
For example, to request only the issue key and summary add field=key&field=summary to the URL of your request.
For example:
https://jira.spring.io/si/jira.issueviews:issue-xml/DATACMNS-233/DATACMNS-233.xml?field=key&amp;field=summary
-->
<rss version="0.92" >
<channel>
    <title>Spring JIRA</title>
    <link>https://jira.spring.io</link>
    <description>This file is an XML representation of an issue</description>
    <language>en-uk</language>    <build-info>
        <version>6.4.11</version>
        <build-number>64026</build-number>
        <build-date>25-08-2015</build-date>
    </build-info>

<item>
            <title>[DATACMNS-233] DomainClassConverter should gracefully return null for null sources or empty strings</title>
                <link>https://jira.spring.io/browse/DATACMNS-233</link>
                <project id="10510" key="DATACMNS">Spring Data Commons</project>
                    <description>&lt;p&gt;I&apos;ve noticed an important issue related to automatic web binding of String id to Domain class.&lt;/p&gt;

&lt;p&gt;Imagine the use case where you have an Order domain class which has a ManyToOne reference to Customer.&lt;/p&gt;

&lt;p&gt;When posting a new Order where Order.customer == &quot;&quot; then a converter exception is thrown:&lt;/p&gt;

&lt;p/&gt;
&lt;div id=&quot;syntaxplugin&quot; class=&quot;syntaxplugin&quot; style=&quot;border: 1px dashed #bbb; border-radius: 5px !important; overflow: auto; max-height: 30em;&quot;&gt;
&lt;table cellspacing=&quot;0&quot; cellpadding=&quot;0&quot; border=&quot;0&quot; width=&quot;100%&quot; style=&quot;font-size: 1em; line-height: 1.4em !important; font-weight: normal; font-style: normal; color: black;&quot;&gt;
		&lt;tbody &gt;
				&lt;tr id=&quot;syntaxplugin_code_and_gutter&quot;&gt;
						&lt;td  style=&quot; line-height: 1.4em !important; padding: 0em; vertical-align: top;&quot;&gt;
					&lt;pre style=&quot;font-size: 1em; margin: 0 10px;  margin-top: 10px;   margin-bottom: 10px;  width: auto; padding: 0;&quot;&gt;&lt;span style=&quot;color: black; font-family: &apos;Consolas&apos;, &apos;Bitstream Vera Sans Mono&apos;, &apos;Courier New&apos;, Courier, monospace !important;&quot;&gt;Failed to convert property value of type java.lang.String to required type org.mycomp.domain.Customer for property customer; nested exception is org.springframework.core.convert.ConversionFailedException: Failed to convert from type java.lang.String to type @javax.validation.constraints.NotNull @javax.persistence.ManyToOne org.mycomp.domain.Customer for value &apos;; nested exception is org.springframework.dao.InvalidDataAccessApiUsageException: The given id must not be null!; nested exception is java.lang.IllegalArgumentException: The given id must not be null!&lt;/span&gt;&lt;/pre&gt;
			&lt;/td&gt;
		&lt;/tr&gt;
			&lt;/tbody&gt;
&lt;/table&gt;
&lt;/div&gt;
&lt;p/&gt;

&lt;p&gt;I think it should not try to convert to Domain class if id is null or empty.&lt;/p&gt;

&lt;p&gt;And note that for optional references this even might even cause a complete blocker?&lt;/p&gt;

&lt;p&gt;This is the code I used:&lt;/p&gt;

&lt;p/&gt;
&lt;div id=&quot;syntaxplugin&quot; class=&quot;syntaxplugin&quot; style=&quot;border: 1px dashed #bbb; border-radius: 5px !important; overflow: auto; max-height: 30em;&quot;&gt;
&lt;table cellspacing=&quot;0&quot; cellpadding=&quot;0&quot; border=&quot;0&quot; width=&quot;100%&quot; style=&quot;font-size: 1em; line-height: 1.4em !important; font-weight: normal; font-style: normal; color: black;&quot;&gt;
		&lt;tbody &gt;
				&lt;tr id=&quot;syntaxplugin_code_and_gutter&quot;&gt;
						&lt;td  style=&quot; line-height: 1.4em !important; padding: 0em; vertical-align: top;&quot;&gt;
					&lt;pre style=&quot;font-size: 1em; margin: 0 10px;  margin-top: 10px;   width: auto; padding: 0;&quot;&gt;&lt;span style=&quot;color: black; font-family: &apos;Consolas&apos;, &apos;Bitstream Vera Sans Mono&apos;, &apos;Courier New&apos;, Courier, monospace !important;&quot;&gt;&amp;lt;form:select path=&quot;customer&quot;&amp;gt;&lt;/span&gt;&lt;/pre&gt;
			&lt;/td&gt;
		&lt;/tr&gt;
				&lt;tr id=&quot;syntaxplugin_code_and_gutter&quot;&gt;
						&lt;td  style=&quot; line-height: 1.4em !important; padding: 0em; vertical-align: top;&quot;&gt;
					&lt;pre style=&quot;font-size: 1em; margin: 0 10px;   width: auto; padding: 0;&quot;&gt;&lt;span style=&quot;color: black; font-family: &apos;Consolas&apos;, &apos;Bitstream Vera Sans Mono&apos;, &apos;Courier New&apos;, Courier, monospace !important;&quot;&gt;	&amp;lt;form:option value=&quot;&quot; label=&quot;Select&quot; /&amp;gt;&lt;/span&gt;&lt;/pre&gt;
			&lt;/td&gt;
		&lt;/tr&gt;
				&lt;tr id=&quot;syntaxplugin_code_and_gutter&quot;&gt;
						&lt;td  style=&quot; line-height: 1.4em !important; padding: 0em; vertical-align: top;&quot;&gt;
					&lt;pre style=&quot;font-size: 1em; margin: 0 10px;   width: auto; padding: 0;&quot;&gt;&lt;span style=&quot;color: black; font-family: &apos;Consolas&apos;, &apos;Bitstream Vera Sans Mono&apos;, &apos;Courier New&apos;, Courier, monospace !important;&quot;&gt;	&amp;lt;form:options items=&quot;${customers}&quot; itemValue=&quot;id&quot;&amp;gt;&amp;lt;/form:options&amp;gt;&lt;/span&gt;&lt;/pre&gt;
			&lt;/td&gt;
		&lt;/tr&gt;
				&lt;tr id=&quot;syntaxplugin_code_and_gutter&quot;&gt;
						&lt;td  style=&quot; line-height: 1.4em !important; padding: 0em; vertical-align: top;&quot;&gt;
					&lt;pre style=&quot;font-size: 1em; margin: 0 10px;   margin-bottom: 10px;  width: auto; padding: 0;&quot;&gt;&lt;span style=&quot;color: black; font-family: &apos;Consolas&apos;, &apos;Bitstream Vera Sans Mono&apos;, &apos;Courier New&apos;, Courier, monospace !important;&quot;&gt;&amp;lt;/form:select&amp;gt;&lt;/span&gt;&lt;/pre&gt;
			&lt;/td&gt;
		&lt;/tr&gt;
			&lt;/tbody&gt;
&lt;/table&gt;
&lt;/div&gt;
&lt;p/&gt;
</description>
                <environment></environment>
        <key id="45428">DATACMNS-233</key>
            <summary>DomainClassConverter should gracefully return null for null sources or empty strings</summary>
                <type id="1" iconUrl="https://jira.spring.io/images/icons/issuetypes/bug.png">Bug</type>
                                            <priority id="3" iconUrl="https://jira.spring.io/images/icons/priorities/major.png">Major</priority>
                        <status id="6" iconUrl="https://jira.spring.io/images/icons/statuses/closed.png" description="The issue is considered finished, the resolution is correct. Issues which are not closed can be reopened.">Closed</status>
                    <statusCategory id="3" key="done" colorName="green"/>
                                    <resolution id="1">Fixed</resolution>
                                        <assignee username="olivergierke">Oliver Gierke</assignee>
                                    <reporter username="marceloverdijk">Marcel Overdijk</reporter>
                        <labels>
                    </labels>
                <created>Fri, 14 Sep 2012 07:38:12 +0000</created>
                <updated>Mon, 25 Mar 2013 09:23:43 +0000</updated>
                            <resolved>Mon, 17 Sep 2012 01:05:34 +0000</resolved>
                                    <version>1.3.2</version>
                    <version>1.4 RC1</version>
                                    <fixVersion>1.4 Final</fixVersion>
                                    <component>Core</component>
                        <due></due>
                            <votes>0</votes>
                                    <watches>1</watches>
                                    <timeoriginalestimate seconds="0">0d</timeoriginalestimate>
                            <timeestimate seconds="0">0d</timeestimate>
                                        <comments>
                            <comment id="83603" author="marceloverdijk" created="Fri, 14 Sep 2012 23:29:15 +0000"  >&lt;p&gt;Hmm I think the title is not correct. It should be:&lt;br/&gt;
DomainClassConverter should not try to bind when id == null.&lt;/p&gt;

&lt;p&gt;And also the &amp;lt;form:option&amp;gt; should be a little bit different (note the null value).&lt;/p&gt;

&lt;p&gt;&amp;lt;form:option value=&quot;$&lt;/p&gt;
{null}
&lt;p&gt;&quot; label=&quot;Select&quot; /&amp;gt;&lt;/p&gt;

&lt;p&gt;But the basic point is the same: I think it should not try to convert to Domain class if id is null or empty.&lt;br/&gt;
Which is trivial to solve I guess.&lt;/p&gt;


&lt;p&gt;Note that my orignal &amp;lt;form:option&amp;gt; without null value caused me some other problems. Just for reference I&apos;m posting the Stackoverflow question/answer: &lt;a href=&quot;http://stackoverflow.com/questions/12431993/spring-tag-formoption-not-working-with-spring-data-domainclassconverter&quot; class=&quot;external-link&quot; rel=&quot;nofollow&quot;&gt;http://stackoverflow.com/questions/12431993/spring-tag-formoption-not-working-with-spring-data-domainclassconverter&lt;/a&gt;&lt;/p&gt;</comment>
                            <comment id="83604" author="marceloverdijk" created="Sat, 15 Sep 2012 00:02:01 +0000"  >&lt;p&gt;Actually in DomainClassConverter.convert I did&lt;/p&gt;

&lt;p&gt;public Object convert(Object source, TypeDescriptor sourceType, TypeDescriptor targetType) {&lt;br/&gt;
	if (StringUtils.isEmpty(String.valueOf(source))) &lt;/p&gt;
{
		return null;
	}
&lt;p&gt;..&lt;/p&gt;

&lt;p&gt;It uses the Apache Commons StringUtils as my code base depends on it anyway.&lt;br/&gt;
But it will basically return null if source is null or &quot;&quot;.&lt;/p&gt;</comment>
                    </comments>
                    <attachments>
                            <attachment id="20496" name="mylyn-context.zip" size="1725" author="olivergierke" created="Mon, 17 Sep 2012 01:05:20 +0000"/>
                    </attachments>
                <subtasks>
                    </subtasks>
                <customfields>
                                                                                                                                    <customfield id="customfield_10280" key="com.pyxis.greenhopper.jira:gh-global-rank">
                        <customfieldname>Global Rank</customfieldname>
                        <customfieldvalues>
                            <customfieldvalue>32349</customfieldvalue>
                        </customfieldvalues>
                    </customfield>
                                                                <customfield id="customfield_10182" key="com.atlassian.jira.toolkit:lastupdaterorcommenter">
                        <customfieldname>Last updater</customfieldname>
                        <customfieldvalues>
                            <customfieldvalue>tmarshall</customfieldvalue>

                        </customfieldvalues>
                    </customfield>
                                                                                            <customfield id="customfield_10880" key="com.pyxis.greenhopper.jira:gh-lexo-rank">
                        <customfieldname>Rank</customfieldname>
                        <customfieldvalues>
                            <customfieldvalue>0|i05upz:</customfieldvalue>

                        </customfieldvalues>
                    </customfield>
                                                                <customfield id="customfield_10380" key="com.pyxis.greenhopper.jira:gh-global-rank">
                        <customfieldname>Rank (Obsolete)</customfieldname>
                        <customfieldvalues>
                            <customfieldvalue>34183</customfieldvalue>
                        </customfieldvalues>
                    </customfield>
                                                                <customfield id="customfield_10381" key="com.pyxis.greenhopper.jira:gh-global-rank">
                        <customfieldname>Ranking</customfieldname>
                        <customfieldvalues>
                            <customfieldvalue>32049</customfieldvalue>
                        </customfieldvalues>
                    </customfield>
                                                                                                                                                    <customfield id="customfield_10171" key="com.atlassian.jira.ext.charting:timeinstatus">
                        <customfieldname>Time in Status</customfieldname>
                        <customfieldvalues>
                            
                        </customfieldvalues>
                    </customfield>
                                                                </customfields>
    </item>
</channel>
</rss>