<!-- 
RSS generated by JIRA (6.4.11#64026-sha1:78f6ec473a3f058bd5d6c30e9319c7ab376bdb9c) at Thu Dec 22 13:16:18 UTC 2016

It is possible to restrict the fields that are returned in this document by specifying the 'field' parameter in your request.
For example, to request only the issue key and summary add field=key&field=summary to the URL of your request.
For example:
https://jira.spring.io/si/jira.issueviews:issue-xml/DATACMNS-829/DATACMNS-829.xml?field=key&amp;field=summary
-->
<rss version="0.92" >
<channel>
    <title>Spring JIRA</title>
    <link>https://jira.spring.io</link>
    <description>This file is an XML representation of an issue</description>
    <language>en-uk</language>    <build-info>
        <version>6.4.11</version>
        <build-number>64026</build-number>
        <build-date>25-08-2015</build-date>
    </build-info>

<item>
            <title>[DATACMNS-829] Projecting a Map with a null value causes an exception</title>
                <link>https://jira.spring.io/browse/DATACMNS-829</link>
                <project id="10510" key="DATACMNS">Spring Data Commons</project>
                    <description>&lt;p&gt;&lt;tt&gt;ProjectingMethodInterceptor.getProjection(Object, Class&amp;lt;?&amp;gt;)&lt;/tt&gt; assumes the first param to be non-null, but it may be null if there is a Map with a null value, e.g. a &lt;tt&gt;Collections.createSingletonMap(&quot;key&quot;, null)&lt;/tt&gt;.&lt;/p&gt;

&lt;p&gt;That means that returning such map from a @Projection, e.g.:&lt;/p&gt;
&lt;p/&gt;
&lt;div id=&quot;syntaxplugin&quot; class=&quot;syntaxplugin&quot; style=&quot;border: 1px dashed #bbb; border-radius: 5px !important; overflow: auto; max-height: 30em;&quot;&gt;
&lt;table cellspacing=&quot;0&quot; cellpadding=&quot;0&quot; border=&quot;0&quot; width=&quot;100%&quot; style=&quot;font-size: 1em; line-height: 1.4em !important; font-weight: normal; font-style: normal; color: black;&quot;&gt;
		&lt;tbody &gt;
				&lt;tr id=&quot;syntaxplugin_code_and_gutter&quot;&gt;
						&lt;td  style=&quot; line-height: 1.4em !important; padding: 0em; vertical-align: top;&quot;&gt;
					&lt;pre style=&quot;font-size: 1em; margin: 0 10px;  margin-top: 10px;   width: auto; padding: 0;&quot;&gt;&lt;span style=&quot;color: #006699; font-weight: bold; font-family: &apos;Consolas&apos;, &apos;Bitstream Vera Sans Mono&apos;, &apos;Courier New&apos;, Courier, monospace !important;&quot;&gt;public&lt;/span&gt;&lt;span style=&quot;color: black; font-family: &apos;Consolas&apos;, &apos;Bitstream Vera Sans Mono&apos;, &apos;Courier New&apos;, Courier, monospace !important;&quot;&gt; &lt;/span&gt;&lt;span style=&quot;color: #006699; font-weight: bold; font-family: &apos;Consolas&apos;, &apos;Bitstream Vera Sans Mono&apos;, &apos;Courier New&apos;, Courier, monospace !important;&quot;&gt;interface&lt;/span&gt;&lt;span style=&quot;color: black; font-family: &apos;Consolas&apos;, &apos;Bitstream Vera Sans Mono&apos;, &apos;Courier New&apos;, Courier, monospace !important;&quot;&gt; MyProjection {&lt;/span&gt;&lt;/pre&gt;
			&lt;/td&gt;
		&lt;/tr&gt;
				&lt;tr id=&quot;syntaxplugin_code_and_gutter&quot;&gt;
						&lt;td  style=&quot; line-height: 1.4em !important; padding: 0em; vertical-align: top;&quot;&gt;
					&lt;pre style=&quot;font-size: 1em; margin: 0 10px;   width: auto; padding: 0;&quot;&gt;&lt;span style=&quot;color: black; font-family: &apos;Consolas&apos;, &apos;Bitstream Vera Sans Mono&apos;, &apos;Courier New&apos;, Courier, monospace !important;&quot;&gt;    Map&amp;lt;String, Object&amp;gt; getData();&lt;/span&gt;&lt;/pre&gt;
			&lt;/td&gt;
		&lt;/tr&gt;
				&lt;tr id=&quot;syntaxplugin_code_and_gutter&quot;&gt;
						&lt;td  style=&quot; line-height: 1.4em !important; padding: 0em; vertical-align: top;&quot;&gt;
					&lt;pre style=&quot;font-size: 1em; margin: 0 10px;   margin-bottom: 10px;  width: auto; padding: 0;&quot;&gt;&lt;span style=&quot;color: black; font-family: &apos;Consolas&apos;, &apos;Bitstream Vera Sans Mono&apos;, &apos;Courier New&apos;, Courier, monospace !important;&quot;&gt;}&lt;/span&gt;&lt;/pre&gt;
			&lt;/td&gt;
		&lt;/tr&gt;
			&lt;/tbody&gt;
&lt;/table&gt;
&lt;/div&gt;
&lt;p/&gt;
&lt;p&gt;results in an exception.&lt;/p&gt;

&lt;p&gt;A kind of a workaround is to remove nulls from a projected map, e.g.:&lt;/p&gt;
&lt;p/&gt;
&lt;div id=&quot;syntaxplugin&quot; class=&quot;syntaxplugin&quot; style=&quot;border: 1px dashed #bbb; border-radius: 5px !important; overflow: auto; max-height: 30em;&quot;&gt;
&lt;table cellspacing=&quot;0&quot; cellpadding=&quot;0&quot; border=&quot;0&quot; width=&quot;100%&quot; style=&quot;font-size: 1em; line-height: 1.4em !important; font-weight: normal; font-style: normal; color: black;&quot;&gt;
		&lt;tbody &gt;
				&lt;tr id=&quot;syntaxplugin_code_and_gutter&quot;&gt;
						&lt;td  style=&quot; line-height: 1.4em !important; padding: 0em; vertical-align: top;&quot;&gt;
					&lt;pre style=&quot;font-size: 1em; margin: 0 10px;  margin-top: 10px;   width: auto; padding: 0;&quot;&gt;&lt;span style=&quot;color: #006699; font-weight: bold; font-family: &apos;Consolas&apos;, &apos;Bitstream Vera Sans Mono&apos;, &apos;Courier New&apos;, Courier, monospace !important;&quot;&gt;public&lt;/span&gt;&lt;span style=&quot;color: black; font-family: &apos;Consolas&apos;, &apos;Bitstream Vera Sans Mono&apos;, &apos;Courier New&apos;, Courier, monospace !important;&quot;&gt; &lt;/span&gt;&lt;span style=&quot;color: #006699; font-weight: bold; font-family: &apos;Consolas&apos;, &apos;Bitstream Vera Sans Mono&apos;, &apos;Courier New&apos;, Courier, monospace !important;&quot;&gt;interface&lt;/span&gt;&lt;span style=&quot;color: black; font-family: &apos;Consolas&apos;, &apos;Bitstream Vera Sans Mono&apos;, &apos;Courier New&apos;, Courier, monospace !important;&quot;&gt; MyProjection {&lt;/span&gt;&lt;/pre&gt;
			&lt;/td&gt;
		&lt;/tr&gt;
				&lt;tr id=&quot;syntaxplugin_code_and_gutter&quot;&gt;
						&lt;td  style=&quot; line-height: 1.4em !important; padding: 0em; vertical-align: top;&quot;&gt;
					&lt;pre style=&quot;font-size: 1em; margin: 0 10px;   width: auto; padding: 0;&quot;&gt;&lt;span style=&quot;color: black; font-family: &apos;Consolas&apos;, &apos;Bitstream Vera Sans Mono&apos;, &apos;Courier New&apos;, Courier, monospace !important;&quot;&gt;    &lt;/span&gt;&lt;span style=&quot;color: gray; font-family: &apos;Consolas&apos;, &apos;Bitstream Vera Sans Mono&apos;, &apos;Courier New&apos;, Courier, monospace !important;&quot;&gt;@Value&lt;/span&gt;&lt;span style=&quot;color: black; font-family: &apos;Consolas&apos;, &apos;Bitstream Vera Sans Mono&apos;, &apos;Courier New&apos;, Courier, monospace !important;&quot;&gt;(&lt;/span&gt;&lt;span style=&quot;color: blue; font-family: &apos;Consolas&apos;, &apos;Bitstream Vera Sans Mono&apos;, &apos;Courier New&apos;, Courier, monospace !important;&quot;&gt;&quot;#{T(...).mapWithoutNulls(target.getData())}&quot;&lt;/span&gt;&lt;span style=&quot;color: black; font-family: &apos;Consolas&apos;, &apos;Bitstream Vera Sans Mono&apos;, &apos;Courier New&apos;, Courier, monospace !important;&quot;&gt;)&lt;/span&gt;&lt;/pre&gt;
			&lt;/td&gt;
		&lt;/tr&gt;
				&lt;tr id=&quot;syntaxplugin_code_and_gutter&quot;&gt;
						&lt;td  style=&quot; line-height: 1.4em !important; padding: 0em; vertical-align: top;&quot;&gt;
					&lt;pre style=&quot;font-size: 1em; margin: 0 10px;   width: auto; padding: 0;&quot;&gt;&lt;span style=&quot;color: black; font-family: &apos;Consolas&apos;, &apos;Bitstream Vera Sans Mono&apos;, &apos;Courier New&apos;, Courier, monospace !important;&quot;&gt;    Map&amp;lt;String, Object&amp;gt; getData();&lt;/span&gt;&lt;/pre&gt;
			&lt;/td&gt;
		&lt;/tr&gt;
				&lt;tr id=&quot;syntaxplugin_code_and_gutter&quot;&gt;
						&lt;td  style=&quot; line-height: 1.4em !important; padding: 0em; vertical-align: top;&quot;&gt;
					&lt;pre style=&quot;font-size: 1em; margin: 0 10px;   width: auto; padding: 0;&quot;&gt;&lt;span style=&quot;color: black; font-family: &apos;Consolas&apos;, &apos;Bitstream Vera Sans Mono&apos;, &apos;Courier New&apos;, Courier, monospace !important;&quot;&gt;}&lt;/span&gt;&lt;/pre&gt;
			&lt;/td&gt;
		&lt;/tr&gt;
				&lt;tr id=&quot;syntaxplugin_code_and_gutter&quot;&gt;
						&lt;td  style=&quot; line-height: 1.4em !important; padding: 0em; vertical-align: top;&quot;&gt;
					&lt;pre style=&quot;font-size: 1em; margin: 0 10px;   width: auto; padding: 0;&quot;&gt;&amp;nbsp;&lt;/pre&gt;
			&lt;/td&gt;
		&lt;/tr&gt;
				&lt;tr id=&quot;syntaxplugin_code_and_gutter&quot;&gt;
						&lt;td  style=&quot; line-height: 1.4em !important; padding: 0em; vertical-align: top;&quot;&gt;
					&lt;pre style=&quot;font-size: 1em; margin: 0 10px;   width: auto; padding: 0;&quot;&gt;&lt;span style=&quot;color: black; font-family: &apos;Consolas&apos;, &apos;Bitstream Vera Sans Mono&apos;, &apos;Courier New&apos;, Courier, monospace !important;&quot;&gt;...&lt;/span&gt;&lt;/pre&gt;
			&lt;/td&gt;
		&lt;/tr&gt;
				&lt;tr id=&quot;syntaxplugin_code_and_gutter&quot;&gt;
						&lt;td  style=&quot; line-height: 1.4em !important; padding: 0em; vertical-align: top;&quot;&gt;
					&lt;pre style=&quot;font-size: 1em; margin: 0 10px;   width: auto; padding: 0;&quot;&gt;&amp;nbsp;&lt;/pre&gt;
			&lt;/td&gt;
		&lt;/tr&gt;
				&lt;tr id=&quot;syntaxplugin_code_and_gutter&quot;&gt;
						&lt;td  style=&quot; line-height: 1.4em !important; padding: 0em; vertical-align: top;&quot;&gt;
					&lt;pre style=&quot;font-size: 1em; margin: 0 10px;   width: auto; padding: 0;&quot;&gt;&lt;span style=&quot;color: #006699; font-weight: bold; font-family: &apos;Consolas&apos;, &apos;Bitstream Vera Sans Mono&apos;, &apos;Courier New&apos;, Courier, monospace !important;&quot;&gt;public&lt;/span&gt;&lt;span style=&quot;color: black; font-family: &apos;Consolas&apos;, &apos;Bitstream Vera Sans Mono&apos;, &apos;Courier New&apos;, Courier, monospace !important;&quot;&gt; &lt;/span&gt;&lt;span style=&quot;color: #006699; font-weight: bold; font-family: &apos;Consolas&apos;, &apos;Bitstream Vera Sans Mono&apos;, &apos;Courier New&apos;, Courier, monospace !important;&quot;&gt;static&lt;/span&gt;&lt;span style=&quot;color: black; font-family: &apos;Consolas&apos;, &apos;Bitstream Vera Sans Mono&apos;, &apos;Courier New&apos;, Courier, monospace !important;&quot;&gt; &amp;lt;K, V&amp;gt; Map&amp;lt;K, V&amp;gt; mapWithoutNulls(Map&amp;lt;K, V&amp;gt; map) {&lt;/span&gt;&lt;/pre&gt;
			&lt;/td&gt;
		&lt;/tr&gt;
				&lt;tr id=&quot;syntaxplugin_code_and_gutter&quot;&gt;
						&lt;td  style=&quot; line-height: 1.4em !important; padding: 0em; vertical-align: top;&quot;&gt;
					&lt;pre style=&quot;font-size: 1em; margin: 0 10px;   width: auto; padding: 0;&quot;&gt;&lt;span style=&quot;color: black; font-family: &apos;Consolas&apos;, &apos;Bitstream Vera Sans Mono&apos;, &apos;Courier New&apos;, Courier, monospace !important;&quot;&gt;    &lt;/span&gt;&lt;span style=&quot;color: #006699; font-weight: bold; font-family: &apos;Consolas&apos;, &apos;Bitstream Vera Sans Mono&apos;, &apos;Courier New&apos;, Courier, monospace !important;&quot;&gt;return&lt;/span&gt;&lt;span style=&quot;color: black; font-family: &apos;Consolas&apos;, &apos;Bitstream Vera Sans Mono&apos;, &apos;Courier New&apos;, Courier, monospace !important;&quot;&gt; map.entrySet().stream()&lt;/span&gt;&lt;/pre&gt;
			&lt;/td&gt;
		&lt;/tr&gt;
				&lt;tr id=&quot;syntaxplugin_code_and_gutter&quot;&gt;
						&lt;td  style=&quot; line-height: 1.4em !important; padding: 0em; vertical-align: top;&quot;&gt;
					&lt;pre style=&quot;font-size: 1em; margin: 0 10px;   width: auto; padding: 0;&quot;&gt;&lt;span style=&quot;color: black; font-family: &apos;Consolas&apos;, &apos;Bitstream Vera Sans Mono&apos;, &apos;Courier New&apos;, Courier, monospace !important;&quot;&gt;            .filter(entry -&amp;gt; entry.getValue() != &lt;/span&gt;&lt;span style=&quot;color: #006699; font-weight: bold; font-family: &apos;Consolas&apos;, &apos;Bitstream Vera Sans Mono&apos;, &apos;Courier New&apos;, Courier, monospace !important;&quot;&gt;null&lt;/span&gt;&lt;span style=&quot;color: black; font-family: &apos;Consolas&apos;, &apos;Bitstream Vera Sans Mono&apos;, &apos;Courier New&apos;, Courier, monospace !important;&quot;&gt;)&lt;/span&gt;&lt;/pre&gt;
			&lt;/td&gt;
		&lt;/tr&gt;
				&lt;tr id=&quot;syntaxplugin_code_and_gutter&quot;&gt;
						&lt;td  style=&quot; line-height: 1.4em !important; padding: 0em; vertical-align: top;&quot;&gt;
					&lt;pre style=&quot;font-size: 1em; margin: 0 10px;   width: auto; padding: 0;&quot;&gt;&lt;span style=&quot;color: black; font-family: &apos;Consolas&apos;, &apos;Bitstream Vera Sans Mono&apos;, &apos;Courier New&apos;, Courier, monospace !important;&quot;&gt;            .collect(Collectors.toMap(&lt;/span&gt;&lt;/pre&gt;
			&lt;/td&gt;
		&lt;/tr&gt;
				&lt;tr id=&quot;syntaxplugin_code_and_gutter&quot;&gt;
						&lt;td  style=&quot; line-height: 1.4em !important; padding: 0em; vertical-align: top;&quot;&gt;
					&lt;pre style=&quot;font-size: 1em; margin: 0 10px;   width: auto; padding: 0;&quot;&gt;&lt;span style=&quot;color: black; font-family: &apos;Consolas&apos;, &apos;Bitstream Vera Sans Mono&apos;, &apos;Courier New&apos;, Courier, monospace !important;&quot;&gt;                    Map.Entry::getKey,&lt;/span&gt;&lt;/pre&gt;
			&lt;/td&gt;
		&lt;/tr&gt;
				&lt;tr id=&quot;syntaxplugin_code_and_gutter&quot;&gt;
						&lt;td  style=&quot; line-height: 1.4em !important; padding: 0em; vertical-align: top;&quot;&gt;
					&lt;pre style=&quot;font-size: 1em; margin: 0 10px;   width: auto; padding: 0;&quot;&gt;&lt;span style=&quot;color: black; font-family: &apos;Consolas&apos;, &apos;Bitstream Vera Sans Mono&apos;, &apos;Courier New&apos;, Courier, monospace !important;&quot;&gt;                    Map.Entry::getValue));&lt;/span&gt;&lt;/pre&gt;
			&lt;/td&gt;
		&lt;/tr&gt;
				&lt;tr id=&quot;syntaxplugin_code_and_gutter&quot;&gt;
						&lt;td  style=&quot; line-height: 1.4em !important; padding: 0em; vertical-align: top;&quot;&gt;
					&lt;pre style=&quot;font-size: 1em; margin: 0 10px;   margin-bottom: 10px;  width: auto; padding: 0;&quot;&gt;&lt;span style=&quot;color: black; font-family: &apos;Consolas&apos;, &apos;Bitstream Vera Sans Mono&apos;, &apos;Courier New&apos;, Courier, monospace !important;&quot;&gt;}&lt;/span&gt;&lt;/pre&gt;
			&lt;/td&gt;
		&lt;/tr&gt;
			&lt;/tbody&gt;
&lt;/table&gt;
&lt;/div&gt;
&lt;p/&gt;</description>
                <environment></environment>
        <key id="67996">DATACMNS-829</key>
            <summary>Projecting a Map with a null value causes an exception</summary>
                <type id="1" iconUrl="https://jira.spring.io/images/icons/issuetypes/bug.png">Bug</type>
                                            <priority id="3" iconUrl="https://jira.spring.io/images/icons/priorities/major.png">Major</priority>
                        <status id="6" iconUrl="https://jira.spring.io/images/icons/statuses/closed.png" description="The issue is considered finished, the resolution is correct. Issues which are not closed can be reopened.">Closed</status>
                    <statusCategory id="3" key="done" colorName="green"/>
                                    <resolution id="1">Fixed</resolution>
                                        <assignee username="olivergierke">Oliver Gierke</assignee>
                                    <reporter username="mkadan">Mikhail Kadan</reporter>
                        <labels>
                    </labels>
                <created>Tue, 15 Mar 2016 14:06:25 +0000</created>
                <updated>Fri, 18 Mar 2016 12:29:22 +0000</updated>
                            <resolved>Tue, 15 Mar 2016 14:52:10 +0000</resolved>
                                    <version>1.11.4 (Gosling SR4)</version>
                                    <fixVersion>1.12 RC1 (Hopper)</fixVersion>
                    <fixVersion>1.10.3 (Fowler SR3)</fixVersion>
                    <fixVersion>1.11.5 (Gosling SR5)</fixVersion>
                                        <due></due>
                            <votes>0</votes>
                                    <watches>2</watches>
                                                                <comments>
                            <comment id="127894" author="olivergierke" created="Tue, 15 Mar 2016 14:24:42 +0000"  >&lt;p&gt;Thanks for filing this one. Do you have a stack trace available?&lt;/p&gt;</comment>
                            <comment id="127896" author="mkadan" created="Tue, 15 Mar 2016 14:28:05 +0000"  >&lt;p&gt;That&apos;s what I get in logs:&lt;/p&gt;

&lt;p/&gt;
&lt;div id=&quot;syntaxplugin&quot; class=&quot;syntaxplugin&quot; style=&quot;border: 1px dashed #bbb; border-radius: 5px !important; overflow: auto; max-height: 30em;&quot;&gt;
&lt;table cellspacing=&quot;0&quot; cellpadding=&quot;0&quot; border=&quot;0&quot; width=&quot;100%&quot; style=&quot;font-size: 1em; line-height: 1.4em !important; font-weight: normal; font-style: normal; color: black;&quot;&gt;
		&lt;tbody &gt;
				&lt;tr id=&quot;syntaxplugin_code_and_gutter&quot;&gt;
						&lt;td  style=&quot; line-height: 1.4em !important; padding: 0em; vertical-align: top;&quot;&gt;
					&lt;pre style=&quot;font-size: 1em; margin: 0 10px;  margin-top: 10px;   width: auto; padding: 0;&quot;&gt;&lt;span style=&quot;color: #009900; font-family: &apos;Consolas&apos;, &apos;Bitstream Vera Sans Mono&apos;, &apos;Courier New&apos;, Courier, monospace !important;&quot;&gt;2016&lt;/span&gt;&lt;span style=&quot;color: black; font-family: &apos;Consolas&apos;, &apos;Bitstream Vera Sans Mono&apos;, &apos;Courier New&apos;, Courier, monospace !important;&quot;&gt;-&lt;/span&gt;&lt;span style=&quot;color: #009900; font-family: &apos;Consolas&apos;, &apos;Bitstream Vera Sans Mono&apos;, &apos;Courier New&apos;, Courier, monospace !important;&quot;&gt;03&lt;/span&gt;&lt;span style=&quot;color: black; font-family: &apos;Consolas&apos;, &apos;Bitstream Vera Sans Mono&apos;, &apos;Courier New&apos;, Courier, monospace !important;&quot;&gt;-&lt;/span&gt;&lt;span style=&quot;color: #009900; font-family: &apos;Consolas&apos;, &apos;Bitstream Vera Sans Mono&apos;, &apos;Courier New&apos;, Courier, monospace !important;&quot;&gt;15&lt;/span&gt;&lt;span style=&quot;color: black; font-family: &apos;Consolas&apos;, &apos;Bitstream Vera Sans Mono&apos;, &apos;Courier New&apos;, Courier, monospace !important;&quot;&gt; &lt;/span&gt;&lt;span style=&quot;color: #009900; font-family: &apos;Consolas&apos;, &apos;Bitstream Vera Sans Mono&apos;, &apos;Courier New&apos;, Courier, monospace !important;&quot;&gt;15&lt;/span&gt;&lt;span style=&quot;color: black; font-family: &apos;Consolas&apos;, &apos;Bitstream Vera Sans Mono&apos;, &apos;Courier New&apos;, Courier, monospace !important;&quot;&gt;:&lt;/span&gt;&lt;span style=&quot;color: #009900; font-family: &apos;Consolas&apos;, &apos;Bitstream Vera Sans Mono&apos;, &apos;Courier New&apos;, Courier, monospace !important;&quot;&gt;26&lt;/span&gt;&lt;span style=&quot;color: black; font-family: &apos;Consolas&apos;, &apos;Bitstream Vera Sans Mono&apos;, &apos;Courier New&apos;, Courier, monospace !important;&quot;&gt;:&lt;/span&gt;&lt;span style=&quot;color: #009900; font-family: &apos;Consolas&apos;, &apos;Bitstream Vera Sans Mono&apos;, &apos;Courier New&apos;, Courier, monospace !important;&quot;&gt;54.578&lt;/span&gt;&lt;span style=&quot;color: black; font-family: &apos;Consolas&apos;, &apos;Bitstream Vera Sans Mono&apos;, &apos;Courier New&apos;, Courier, monospace !important;&quot;&gt;  WARN &lt;/span&gt;&lt;span style=&quot;color: #009900; font-family: &apos;Consolas&apos;, &apos;Bitstream Vera Sans Mono&apos;, &apos;Courier New&apos;, Courier, monospace !important;&quot;&gt;63899&lt;/span&gt;&lt;span style=&quot;color: black; font-family: &apos;Consolas&apos;, &apos;Bitstream Vera Sans Mono&apos;, &apos;Courier New&apos;, Courier, monospace !important;&quot;&gt; --- [nio-&lt;/span&gt;&lt;span style=&quot;color: #009900; font-family: &apos;Consolas&apos;, &apos;Bitstream Vera Sans Mono&apos;, &apos;Courier New&apos;, Courier, monospace !important;&quot;&gt;8082&lt;/span&gt;&lt;span style=&quot;color: black; font-family: &apos;Consolas&apos;, &apos;Bitstream Vera Sans Mono&apos;, &apos;Courier New&apos;, Courier, monospace !important;&quot;&gt;-exec-&lt;/span&gt;&lt;span style=&quot;color: #009900; font-family: &apos;Consolas&apos;, &apos;Bitstream Vera Sans Mono&apos;, &apos;Courier New&apos;, Courier, monospace !important;&quot;&gt;1&lt;/span&gt;&lt;span style=&quot;color: black; font-family: &apos;Consolas&apos;, &apos;Bitstream Vera Sans Mono&apos;, &apos;Courier New&apos;, Courier, monospace !important;&quot;&gt;] .w.s.m.s.DefaultHandlerExceptionResolver : Failed to write HTTP message: org.springframework.http.converter.HttpMessageNotWritableException: Could not write content: (was java.lang.NullPointerException) (through reference chain: org.springframework.data.rest.webmvc.json.ProjectionResource[&lt;/span&gt;&lt;span style=&quot;color: blue; font-family: &apos;Consolas&apos;, &apos;Bitstream Vera Sans Mono&apos;, &apos;Courier New&apos;, Courier, monospace !important;&quot;&gt;&quot;content&quot;&lt;/span&gt;&lt;span style=&quot;color: black; font-family: &apos;Consolas&apos;, &apos;Bitstream Vera Sans Mono&apos;, &apos;Courier New&apos;, Courier, monospace !important;&quot;&gt;]-&amp;gt;$Proxy164[&lt;/span&gt;&lt;span style=&quot;color: blue; font-family: &apos;Consolas&apos;, &apos;Bitstream Vera Sans Mono&apos;, &apos;Courier New&apos;, Courier, monospace !important;&quot;&gt;&quot;metadata&quot;&lt;/span&gt;&lt;span style=&quot;color: black; font-family: &apos;Consolas&apos;, &apos;Bitstream Vera Sans Mono&apos;, &apos;Courier New&apos;, Courier, monospace !important;&quot;&gt;]); nested exception is com.fasterxml.jackson.databind.JsonMappingException: (was java.lang.NullPointerException) (through reference chain: org.springframework.data.rest.webmvc.json.ProjectionResource[&lt;/span&gt;&lt;span style=&quot;color: blue; font-family: &apos;Consolas&apos;, &apos;Bitstream Vera Sans Mono&apos;, &apos;Courier New&apos;, Courier, monospace !important;&quot;&gt;&quot;content&quot;&lt;/span&gt;&lt;span style=&quot;color: black; font-family: &apos;Consolas&apos;, &apos;Bitstream Vera Sans Mono&apos;, &apos;Courier New&apos;, Courier, monospace !important;&quot;&gt;]-&amp;gt;$Proxy164[&lt;/span&gt;&lt;span style=&quot;color: blue; font-family: &apos;Consolas&apos;, &apos;Bitstream Vera Sans Mono&apos;, &apos;Courier New&apos;, Courier, monospace !important;&quot;&gt;&quot;metadata&quot;&lt;/span&gt;&lt;span style=&quot;color: black; font-family: &apos;Consolas&apos;, &apos;Bitstream Vera Sans Mono&apos;, &apos;Courier New&apos;, Courier, monospace !important;&quot;&gt;])&lt;/span&gt;&lt;/pre&gt;
			&lt;/td&gt;
		&lt;/tr&gt;
				&lt;tr id=&quot;syntaxplugin_code_and_gutter&quot;&gt;
						&lt;td  style=&quot; line-height: 1.4em !important; padding: 0em; vertical-align: top;&quot;&gt;
					&lt;pre style=&quot;font-size: 1em; margin: 0 10px;   margin-bottom: 10px;  width: auto; padding: 0;&quot;&gt;&lt;span style=&quot;color: black; font-family: &apos;Consolas&apos;, &apos;Bitstream Vera Sans Mono&apos;, &apos;Courier New&apos;, Courier, monospace !important;&quot;&gt;&lt;/span&gt;&lt;/pre&gt;
			&lt;/td&gt;
		&lt;/tr&gt;
			&lt;/tbody&gt;
&lt;/table&gt;
&lt;/div&gt;
&lt;p/&gt;</comment>
                            <comment id="127900" author="olivergierke" created="Tue, 15 Mar 2016 14:52:10 +0000"  >&lt;p&gt;That should be fixed. Snapshot builds for the fixed branches available ASAP.&lt;/p&gt;</comment>
                    </comments>
                    <attachments>
                    </attachments>
                <subtasks>
                    </subtasks>
                <customfields>
                                                                            <customfield id="customfield_10170" key="com.atlassian.jira.ext.charting:firstresponsedate">
                        <customfieldname>First Response Date</customfieldname>
                        <customfieldvalues>
                            <customfieldvalue>Tue, 15 Mar 2016 14:24:42 +0000</customfieldvalue>

                        </customfieldvalues>
                    </customfield>
                                                                                            <customfield id="customfield_10280" key="com.pyxis.greenhopper.jira:gh-global-rank">
                        <customfieldname>Global Rank</customfieldname>
                        <customfieldvalues>
                            <customfieldvalue>9223372036854775807</customfieldvalue>
                        </customfieldvalues>
                    </customfield>
                                                                <customfield id="customfield_10182" key="com.atlassian.jira.toolkit:lastupdaterorcommenter">
                        <customfieldname>Last updater</customfieldname>
                        <customfieldvalues>
                            <customfieldvalue>olivergierke</customfieldvalue>

                        </customfieldvalues>
                    </customfield>
                                                                                            <customfield id="customfield_10880" key="com.pyxis.greenhopper.jira:gh-lexo-rank">
                        <customfieldname>Rank</customfieldname>
                        <customfieldvalues>
                            <customfieldvalue>0|i09493:</customfieldvalue>

                        </customfieldvalues>
                    </customfield>
                                                                <customfield id="customfield_10380" key="com.pyxis.greenhopper.jira:gh-global-rank">
                        <customfieldname>Rank (Obsolete)</customfieldname>
                        <customfieldvalues>
                            <customfieldvalue>9223372036854775807</customfieldvalue>
                        </customfieldvalues>
                    </customfield>
                                                                <customfield id="customfield_10381" key="com.pyxis.greenhopper.jira:gh-global-rank">
                        <customfieldname>Ranking</customfieldname>
                        <customfieldvalues>
                            <customfieldvalue>9223372036854775807</customfieldvalue>
                        </customfieldvalues>
                    </customfield>
                                                                                                                                                    <customfield id="customfield_10171" key="com.atlassian.jira.ext.charting:timeinstatus">
                        <customfieldname>Time in Status</customfieldname>
                        <customfieldvalues>
                            
                        </customfieldvalues>
                    </customfield>
                                                                </customfields>
    </item>
</channel>
</rss>