<!-- 
RSS generated by JIRA (6.4.11#64026-sha1:78f6ec473a3f058bd5d6c30e9319c7ab376bdb9c) at Thu Dec 22 13:21:07 UTC 2016

It is possible to restrict the fields that are returned in this document by specifying the 'field' parameter in your request.
For example, to request only the issue key and summary add field=key&field=summary to the URL of your request.
For example:
https://jira.spring.io/si/jira.issueviews:issue-xml/DATACMNS-408/DATACMNS-408.xml?field=key&amp;field=summary
-->
<rss version="0.92" >
<channel>
    <title>Spring JIRA</title>
    <link>https://jira.spring.io</link>
    <description>This file is an XML representation of an issue</description>
    <language>en-uk</language>    <build-info>
        <version>6.4.11</version>
        <build-number>64026</build-number>
        <build-date>25-08-2015</build-date>
    </build-info>

<item>
            <title>[DATACMNS-408] Guard against invalid values when resolving pagination and sorting parameters from web requests</title>
                <link>https://jira.spring.io/browse/DATACMNS-408</link>
                <project id="10510" key="DATACMNS">Spring Data Commons</project>
                    <description>&lt;p&gt;&lt;span class=&quot;error&quot;&gt;&amp;#91;example of invalid value&amp;#93;&lt;/span&gt;&lt;/p&gt;

&lt;ul&gt;
	&lt;li&gt;page=-1 (negative numeric)&lt;/li&gt;
	&lt;li&gt;size=a (not numeric)&lt;/li&gt;
	&lt;li&gt;sort= (not specified)&lt;/li&gt;
	&lt;li&gt;sort=,DESC (not specified property of sort target)&lt;/li&gt;
	&lt;li&gt;etc ...&lt;/li&gt;
&lt;/ul&gt;


&lt;p&gt;Current implementation of the PageableHandlerMethodArgumentResolver is occurred IllegalArgumentException, and http response status is returned 500(Internal Server Error) on the default settings of SpringMVC.&lt;br/&gt;
I think a best that http response status is returned 400(Bad Request).&lt;/p&gt;</description>
                <environment></environment>
        <key id="52168">DATACMNS-408</key>
            <summary>Guard against invalid values when resolving pagination and sorting parameters from web requests</summary>
                <type id="1" iconUrl="https://jira.spring.io/images/icons/issuetypes/bug.png">Bug</type>
                                            <priority id="3" iconUrl="https://jira.spring.io/images/icons/priorities/major.png">Major</priority>
                        <status id="6" iconUrl="https://jira.spring.io/images/icons/statuses/closed.png" description="The issue is considered finished, the resolution is correct. Issues which are not closed can be reopened.">Closed</status>
                    <statusCategory id="3" key="done" colorName="green"/>
                                    <resolution id="1">Fixed</resolution>
                                        <assignee username="olivergierke">Oliver Gierke</assignee>
                                    <reporter username="kazukishimizu">Kazuki Shimizu</reporter>
                        <labels>
                    </labels>
                <created>Wed, 4 Dec 2013 09:59:28 +0000</created>
                <updated>Wed, 9 Sep 2015 15:45:26 +0000</updated>
                            <resolved>Thu, 5 Dec 2013 01:49:09 +0000</resolved>
                                    <version>1.6.1</version>
                                    <fixVersion>1.6.3 (Babbage SR2)</fixVersion>
                    <fixVersion>1.7 RC1 (Codd)</fixVersion>
                                    <component>Core</component>
                        <due></due>
                            <votes>0</votes>
                                    <watches>2</watches>
                                                                <comments>
                            <comment id="96132" author="olivergierke" created="Thu, 5 Dec 2013 01:48:56 +0000"  >&lt;p&gt;I fixed this by gracefully falling back to the defaults (in case of invalid page number and size) or ignoring invalid values (for sort properties). I think this makes more sense rather than telling the client that it was wrong and it has to repeat the request, which it would then do using the defaults anyway.&lt;/p&gt;</comment>
                            <comment id="96137" author="kazukishimizu" created="Thu, 5 Dec 2013 04:51:49 +0000"  >&lt;p&gt;Great!!&lt;br/&gt;
I agree a that apply the default value.&lt;/p&gt;</comment>
                    </comments>
                <issuelinks>
                            <issuelinktype id="10151">
                    <name>Relate</name>
                                            <outwardlinks description="relates to">
                                        <issuelink>
            <issuekey id="51250">DATACMNS-379</issuekey>
        </issuelink>
            <issuelink>
            <issuekey id="65324">DATACMNS-753</issuekey>
        </issuelink>
            <issuelink>
            <issuekey id="52010">DATAREST-195</issuekey>
        </issuelink>
                            </outwardlinks>
                                                        </issuelinktype>
                    </issuelinks>
                <attachments>
                    </attachments>
                <subtasks>
                    </subtasks>
                <customfields>
                                                                            <customfield id="customfield_10170" key="com.atlassian.jira.ext.charting:firstresponsedate">
                        <customfieldname>First Response Date</customfieldname>
                        <customfieldvalues>
                            <customfieldvalue>Thu, 5 Dec 2013 01:48:56 +0000</customfieldvalue>

                        </customfieldvalues>
                    </customfield>
                                                                                            <customfield id="customfield_10280" key="com.pyxis.greenhopper.jira:gh-global-rank">
                        <customfieldname>Global Rank</customfieldname>
                        <customfieldvalues>
                            <customfieldvalue>38648</customfieldvalue>
                        </customfieldvalues>
                    </customfield>
                                                                <customfield id="customfield_10182" key="com.atlassian.jira.toolkit:lastupdaterorcommenter">
                        <customfieldname>Last updater</customfieldname>
                        <customfieldvalues>
                            <customfieldvalue>olivergierke</customfieldvalue>

                        </customfieldvalues>
                    </customfield>
                                                                                            <customfield id="customfield_10880" key="com.pyxis.greenhopper.jira:gh-lexo-rank">
                        <customfieldname>Rank</customfieldname>
                        <customfieldvalues>
                            <customfieldvalue>0|i06pon:</customfieldvalue>

                        </customfieldvalues>
                    </customfield>
                                                                <customfield id="customfield_10380" key="com.pyxis.greenhopper.jira:gh-global-rank">
                        <customfieldname>Rank (Obsolete)</customfieldname>
                        <customfieldvalues>
                            <customfieldvalue>39199</customfieldvalue>
                        </customfieldvalues>
                    </customfield>
                                                                <customfield id="customfield_10381" key="com.pyxis.greenhopper.jira:gh-global-rank">
                        <customfieldname>Ranking</customfieldname>
                        <customfieldvalues>
                            <customfieldvalue>38350</customfieldvalue>
                        </customfieldvalues>
                    </customfield>
                                                                <customfield id="customfield_10120" key="com.atlassian.jira.plugin.system.customfieldtypes:url">
                        <customfieldname>Reference URL</customfieldname>
                        <customfieldvalues>
                            <customfieldvalue><![CDATA[https://github.com/spring-projects/spring-data-commons/pull/48]]></customfieldvalue>

                        </customfieldvalues>
                    </customfield>
                                                                                            <customfield id="customfield_10480" key="com.pyxis.greenhopper.jira:gh-sprint">
                        <customfieldname>Sprint</customfieldname>
                        <customfieldvalues>
                                <customfieldvalue id="27">Codd M1</customfieldvalue>

                        </customfieldvalues>
                    </customfield>
                                                                <customfield id="customfield_10171" key="com.atlassian.jira.ext.charting:timeinstatus">
                        <customfieldname>Time in Status</customfieldname>
                        <customfieldvalues>
                            
                        </customfieldvalues>
                    </customfield>
                                                                </customfields>
    </item>
</channel>
</rss>