<!-- 
RSS generated by JIRA (6.4.11#64026-sha1:78f6ec473a3f058bd5d6c30e9319c7ab376bdb9c) at Thu Dec 22 13:20:22 UTC 2016

It is possible to restrict the fields that are returned in this document by specifying the 'field' parameter in your request.
For example, to request only the issue key and summary add field=key&field=summary to the URL of your request.
For example:
https://jira.spring.io/si/jira.issueviews:issue-xml/DATACMNS-176/DATACMNS-176.xml?field=key&amp;field=summary
-->
<rss version="0.92" >
<channel>
    <title>Spring JIRA</title>
    <link>https://jira.spring.io</link>
    <description>This file is an XML representation of an issue</description>
    <language>en-uk</language>    <build-info>
        <version>6.4.11</version>
        <build-number>64026</build-number>
        <build-date>25-08-2015</build-date>
    </build-info>

<item>
            <title>[DATACMNS-176] StackOverflowError when inserted object is a CGLIB proxy</title>
                <link>https://jira.spring.io/browse/DATACMNS-176</link>
                <project id="10510" key="DATACMNS">Spring Data Commons</project>
                    <description>&lt;p&gt;When trying to persist an object &lt;span class=&quot;error&quot;&gt;&amp;#91;to MongoDB (spring-data-mongodb v1.1.0.M1)&amp;#93;&lt;/span&gt; that is in &quot;session&quot; scope and using a CGLIB proxy (ie: &quot;@Scope(value=&quot;session&quot;, proxyMode = ScopedProxyMode.TARGET_CLASS)&quot;) I receive a StackOverflowError.  When removing the session scoping, it works correctly.&lt;/p&gt;

&lt;p&gt;java.lang.StackOverflowError&lt;br/&gt;
	at java.util.HashMap$EntryIterator.&amp;lt;init&amp;gt;(HashMap.java:832)&lt;br/&gt;
	at java.util.HashMap$EntryIterator.&amp;lt;init&amp;gt;(HashMap.java:832)&lt;br/&gt;
	at java.util.HashMap.newEntryIterator(HashMap.java:846)&lt;br/&gt;
	at java.util.HashMap$EntrySet.iterator(HashMap.java:950)&lt;br/&gt;
	at java.util.AbstractMap.hashCode(AbstractMap.java:459)&lt;br/&gt;
	at org.springframework.util.ObjectUtils.nullSafeHashCode(ObjectUtils.java:336)&lt;br/&gt;
	at org.springframework.data.util.TypeDiscoverer.hashCode(TypeDiscoverer.java:365)&lt;br/&gt;
	at org.springframework.data.util.ClassTypeInformation.hashCode(ClassTypeInformation.java:39)&lt;br/&gt;
	at org.springframework.util.ObjectUtils.nullSafeHashCode(ObjectUtils.java:336)&lt;br/&gt;
	at org.springframework.data.util.ParentTypeAwareTypeInformation.hashCode(ParentTypeAwareTypeInformation.java:79)&lt;br/&gt;
	at org.springframework.util.ObjectUtils.nullSafeHashCode(ObjectUtils.java:336)&lt;br/&gt;
	at org.springframework.data.util.ParentTypeAwareTypeInformation.hashCode(ParentTypeAwareTypeInformation.java:79)&lt;br/&gt;
	at org.springframework.util.ObjectUtils.nullSafeHashCode(ObjectUtils.java:336)&lt;br/&gt;
	at org.springframework.data.util.ParentTypeAwareTypeInformation.hashCode(ParentTypeAwareTypeInformation.java:79)&lt;br/&gt;
	at org.springframework.util.ObjectUtils.nullSafeHashCode(ObjectUtils.java:336)&lt;br/&gt;
        .... (Repeats)&lt;/p&gt;</description>
                <environment></environment>
        <key id="43507">DATACMNS-176</key>
            <summary>StackOverflowError when inserted object is a CGLIB proxy</summary>
                <type id="1" iconUrl="https://jira.spring.io/images/icons/issuetypes/bug.png">Bug</type>
                                            <priority id="3" iconUrl="https://jira.spring.io/images/icons/priorities/major.png">Major</priority>
                        <status id="6" iconUrl="https://jira.spring.io/images/icons/statuses/closed.png" description="The issue is considered finished, the resolution is correct. Issues which are not closed can be reopened.">Closed</status>
                    <statusCategory id="3" key="done" colorName="green"/>
                                    <resolution id="1">Fixed</resolution>
                                        <assignee username="olivergierke">Oliver Gierke</assignee>
                                    <reporter username="tfrederick">Tyler Frederick</reporter>
                        <labels>
                    </labels>
                <created>Mon, 21 May 2012 11:47:05 +0000</created>
                <updated>Mon, 25 Mar 2013 09:23:42 +0000</updated>
                            <resolved>Thu, 13 Sep 2012 10:21:33 +0000</resolved>
                                    <version>1.3 RC1</version>
                                    <fixVersion>1.4 Final</fixVersion>
                                    <component>Core</component>
                        <due></due>
                            <votes>0</votes>
                                    <watches>1</watches>
                                    <timeoriginalestimate seconds="0">0d</timeoriginalestimate>
                            <timeestimate seconds="0">0d</timeestimate>
                                        <comments>
                            <comment id="79135" author="tfrederick" created="Mon, 21 May 2012 15:13:32 +0000"  >&lt;p&gt;To work around this, I am cloning the object right before I call .insert(), which effectively removes the proxy and allows the insert to work correctly.&lt;/p&gt;</comment>
                            <comment id="79292" author="olivergierke" created="Fri, 25 May 2012 03:43:30 +0000"  >&lt;p&gt;Is there a chance you can elaborate on how you&apos;re creating the object and ho you use CGLib with it?&lt;/p&gt;</comment>
                    </comments>
                    <attachments>
                    </attachments>
                <subtasks>
                    </subtasks>
                <customfields>
                                                                            <customfield id="customfield_10170" key="com.atlassian.jira.ext.charting:firstresponsedate">
                        <customfieldname>First Response Date</customfieldname>
                        <customfieldvalues>
                            <customfieldvalue>Fri, 25 May 2012 03:43:30 +0000</customfieldvalue>

                        </customfieldvalues>
                    </customfield>
                                                                                            <customfield id="customfield_10280" key="com.pyxis.greenhopper.jira:gh-global-rank">
                        <customfieldname>Global Rank</customfieldname>
                        <customfieldvalues>
                            <customfieldvalue>30850</customfieldvalue>
                        </customfieldvalues>
                    </customfield>
                                                                <customfield id="customfield_10182" key="com.atlassian.jira.toolkit:lastupdaterorcommenter">
                        <customfieldname>Last updater</customfieldname>
                        <customfieldvalues>
                            <customfieldvalue>tmarshall</customfieldvalue>

                        </customfieldvalues>
                    </customfield>
                                                                                            <customfield id="customfield_10880" key="com.pyxis.greenhopper.jira:gh-lexo-rank">
                        <customfieldname>Rank</customfieldname>
                        <customfieldvalues>
                            <customfieldvalue>0|i05ldz:</customfieldvalue>

                        </customfieldvalues>
                    </customfield>
                                                                <customfield id="customfield_10380" key="com.pyxis.greenhopper.jira:gh-global-rank">
                        <customfieldname>Rank (Obsolete)</customfieldname>
                        <customfieldvalues>
                            <customfieldvalue>32671</customfieldvalue>
                        </customfieldvalues>
                    </customfield>
                                                                <customfield id="customfield_10381" key="com.pyxis.greenhopper.jira:gh-global-rank">
                        <customfieldname>Ranking</customfieldname>
                        <customfieldvalues>
                            <customfieldvalue>30550</customfieldvalue>
                        </customfieldvalues>
                    </customfield>
                                                                                                                                                    <customfield id="customfield_10171" key="com.atlassian.jira.ext.charting:timeinstatus">
                        <customfieldname>Time in Status</customfieldname>
                        <customfieldvalues>
                            
                        </customfieldvalues>
                    </customfield>
                                                                </customfields>
    </item>
</channel>
</rss>