<!-- 
RSS generated by JIRA (6.4.11#64026-sha1:78f6ec473a3f058bd5d6c30e9319c7ab376bdb9c) at Thu Dec 22 13:14:05 UTC 2016

It is possible to restrict the fields that are returned in this document by specifying the 'field' parameter in your request.
For example, to request only the issue key and summary add field=key&field=summary to the URL of your request.
For example:
https://jira.spring.io/si/jira.issueviews:issue-xml/DATACMNS-393/DATACMNS-393.xml?field=key&amp;field=summary
-->
<rss version="0.92" >
<channel>
    <title>Spring JIRA</title>
    <link>https://jira.spring.io</link>
    <description>This file is an XML representation of an issue</description>
    <language>en-uk</language>    <build-info>
        <version>6.4.11</version>
        <build-number>64026</build-number>
        <build-date>25-08-2015</build-date>
    </build-info>

<item>
            <title>[DATACMNS-393] Improve CRUD Method detection in DefaultCrudMethods</title>
                <link>https://jira.spring.io/browse/DATACMNS-393</link>
                <project id="10510" key="DATACMNS">Spring Data Commons</project>
                    <description>&lt;p&gt;CRUD Method detection in &lt;tt&gt;DefaultCrudMethods&lt;/tt&gt; replaces overridden methods with versions from base interfaces. It should rather be the other way around. Overridden methods should take precedence.&lt;/p&gt;</description>
                <environment></environment>
        <key id="51709">DATACMNS-393</key>
            <summary>Improve CRUD Method detection in DefaultCrudMethods</summary>
                <type id="1" iconUrl="https://jira.spring.io/images/icons/issuetypes/bug.png">Bug</type>
                                            <priority id="4" iconUrl="https://jira.spring.io/images/icons/priorities/minor.png">Minor</priority>
                        <status id="6" iconUrl="https://jira.spring.io/images/icons/statuses/closed.png" description="The issue is considered finished, the resolution is correct. Issues which are not closed can be reopened.">Closed</status>
                    <statusCategory id="3" key="done" colorName="green"/>
                                    <resolution id="1">Fixed</resolution>
                                        <assignee username="thomasd">Thomas Darimont</assignee>
                                    <reporter username="thomasd">Thomas Darimont</reporter>
                        <labels>
                    </labels>
                <created>Wed, 6 Nov 2013 01:25:16 +0000</created>
                <updated>Thu, 21 Nov 2013 06:21:53 +0000</updated>
                            <resolved>Tue, 12 Nov 2013 06:22:02 +0000</resolved>
                                                    <fixVersion>1.7 M1 (Codd)</fixVersion>
                    <fixVersion>1.6.3 (Babbage SR2)</fixVersion>
                                        <due></due>
                            <votes>0</votes>
                                    <watches>1</watches>
                                                                <comments>
                            <comment id="95240" author="thomasd" created="Wed, 6 Nov 2013 01:27:17 +0000"  >&lt;p&gt;This prevents the use of @RestResource(exported=false) on a redeclared method to avoid certain Repository methods to be exposed by SD Rest.&lt;/p&gt;</comment>
                            <comment id="95433" author="thomasd" created="Tue, 12 Nov 2013 05:16:14 +0000"  >&lt;p&gt;Added PR: &lt;a href=&quot;https://github.com/spring-projects/spring-data-commons/pull/55&quot; class=&quot;external-link&quot; rel=&quot;nofollow&quot;&gt;https://github.com/spring-projects/spring-data-commons/pull/55&lt;/a&gt;&lt;/p&gt;

&lt;p&gt;Please revise.&lt;/p&gt;</comment>
                    </comments>
                <issuelinks>
                            <issuelinktype id="10151">
                    <name>Relate</name>
                                            <outwardlinks description="relates to">
                                        <issuelink>
            <issuekey id="51962">DATACMNS-405</issuekey>
        </issuelink>
                            </outwardlinks>
                                                        </issuelinktype>
                    </issuelinks>
                <attachments>
                    </attachments>
                <subtasks>
                    </subtasks>
                <customfields>
                                                                                                                                    <customfield id="customfield_10280" key="com.pyxis.greenhopper.jira:gh-global-rank">
                        <customfieldname>Global Rank</customfieldname>
                        <customfieldvalues>
                            <customfieldvalue>38194</customfieldvalue>
                        </customfieldvalues>
                    </customfield>
                                                                <customfield id="customfield_10182" key="com.atlassian.jira.toolkit:lastupdaterorcommenter">
                        <customfieldname>Last updater</customfieldname>
                        <customfieldvalues>
                            <customfieldvalue>tmarshall</customfieldvalue>

                        </customfieldvalues>
                    </customfield>
                                                                                            <customfield id="customfield_10880" key="com.pyxis.greenhopper.jira:gh-lexo-rank">
                        <customfieldname>Rank</customfieldname>
                        <customfieldvalues>
                            <customfieldvalue>0|i06olz:</customfieldvalue>

                        </customfieldvalues>
                    </customfield>
                                                                <customfield id="customfield_10380" key="com.pyxis.greenhopper.jira:gh-global-rank">
                        <customfieldname>Rank (Obsolete)</customfieldname>
                        <customfieldvalues>
                            <customfieldvalue>39025</customfieldvalue>
                        </customfieldvalues>
                    </customfield>
                                                                <customfield id="customfield_10381" key="com.pyxis.greenhopper.jira:gh-global-rank">
                        <customfieldname>Ranking</customfieldname>
                        <customfieldvalues>
                            <customfieldvalue>37896</customfieldvalue>
                        </customfieldvalues>
                    </customfield>
                                                                                                                        <customfield id="customfield_10480" key="com.pyxis.greenhopper.jira:gh-sprint">
                        <customfieldname>Sprint</customfieldname>
                        <customfieldvalues>
                                <customfieldvalue id="23">The Road to Codd M1</customfieldvalue>

                        </customfieldvalues>
                    </customfield>
                                                                <customfield id="customfield_10171" key="com.atlassian.jira.ext.charting:timeinstatus">
                        <customfieldname>Time in Status</customfieldname>
                        <customfieldvalues>
                            
                        </customfieldvalues>
                    </customfield>
                                                                </customfields>
    </item>
</channel>
</rss>