<!-- 
RSS generated by JIRA (6.4.11#64026-sha1:78f6ec473a3f058bd5d6c30e9319c7ab376bdb9c) at Thu Dec 22 13:10:12 UTC 2016

It is possible to restrict the fields that are returned in this document by specifying the 'field' parameter in your request.
For example, to request only the issue key and summary add field=key&field=summary to the URL of your request.
For example:
https://jira.spring.io/si/jira.issueviews:issue-xml/DATACMNS-121/DATACMNS-121.xml?field=key&amp;field=summary
-->
<rss version="0.92" >
<channel>
    <title>Spring JIRA</title>
    <link>https://jira.spring.io</link>
    <description>This file is an XML representation of an issue</description>
    <language>en-uk</language>    <build-info>
        <version>6.4.11</version>
        <build-number>64026</build-number>
        <build-date>25-08-2015</build-date>
    </build-info>

<item>
            <title>[DATACMNS-121] AbstractPersistentProperty is missing reasonable equals(&#8230;) / hashCode() methods</title>
                <link>https://jira.spring.io/browse/DATACMNS-121</link>
                <project id="10510" key="DATACMNS">Spring Data Commons</project>
                    <description>&lt;p&gt;If a superclass contains a property field which is shadowed in the subclass (and might have different attributes type, annotations etc), both properties are added to the properties set:&lt;/p&gt;

&lt;p&gt;It should instead:&lt;/p&gt;

&lt;ul&gt;
	&lt;li&gt;have a correct equals / hashCode in AbstractPersistentProperty based on the name&lt;/li&gt;
	&lt;li&gt;check for already existing properties with that name in the set (probably change to map) and throw an MappingException&lt;/li&gt;
&lt;/ul&gt;
</description>
                <environment></environment>
        <key id="41831">DATACMNS-121</key>
            <summary>AbstractPersistentProperty is missing reasonable equals(&#8230;) / hashCode() methods</summary>
                <type id="1" iconUrl="https://jira.spring.io/images/icons/issuetypes/bug.png">Bug</type>
                                            <priority id="3" iconUrl="https://jira.spring.io/images/icons/priorities/major.png">Major</priority>
                        <status id="5" iconUrl="https://jira.spring.io/images/icons/statuses/resolved.png" description="A resolution has been taken, and it is awaiting verification by reporter. From here issues are either reopened, or are closed.">Resolved</status>
                    <statusCategory id="3" key="done" colorName="green"/>
                                    <resolution id="1">Fixed</resolution>
                                        <assignee username="olivergierke">Oliver Gierke</assignee>
                                    <reporter username="mhunger">Michael Hunger</reporter>
                        <labels>
                    </labels>
                <created>Fri, 20 Jan 2012 17:20:33 +0000</created>
                <updated>Thu, 20 Feb 2014 03:03:24 +0000</updated>
                            <resolved>Wed, 11 Apr 2012 12:09:13 +0000</resolved>
                                                    <fixVersion>1.3 RC1</fixVersion>
                                        <due></due>
                            <votes>0</votes>
                                    <watches>0</watches>
                                    <timeoriginalestimate seconds="0">0d</timeoriginalestimate>
                            <timeestimate seconds="0">0d</timeestimate>
                            <timespent seconds="900">0.25h</timespent>
                                <comments>
                            <comment id="75138" author="olivergierke" created="Mon, 30 Jan 2012 07:53:23 +0000"  >&lt;p&gt;What&apos;s generally wrong with shadowing properties? Shouldn&apos;t we rather have two independent instances registered (&lt;tt&gt;Foo.bar&lt;/tt&gt;, &lt;tt&gt;Bar.bar&lt;/tt&gt;) and populate both? Which essentially boils down to identity per class + name.&lt;/p&gt;</comment>
                            <comment id="77394" author="olivergierke" created="Wed, 4 Apr 2012 09:25:22 +0000"  >&lt;p&gt;As per our discussion today, doesn&apos;t it make sense to implement &lt;tt&gt;equals(&#8230;)&lt;/tt&gt; / &lt;tt&gt;hashCode()&lt;/tt&gt; per the underlying field. The generics scenario we discussed would the return the very same instance even for the field of the generic type. The only thing we need to acknowledge then is that one rather needs to use &lt;tt&gt;getTypeInformation()&lt;/tt&gt; to retrieve the actual type (potentially derived from generics) but that is implied by the current API anyway. Alternatively we would have to consider the &lt;tt&gt;PersistentProperty&lt;/tt&gt; instances different with the downsides we discussed.&lt;/p&gt;

&lt;p&gt;What do you think?&lt;/p&gt;</comment>
                            <comment id="77536" author="mhunger" created="Wed, 11 Apr 2012 10:51:46 +0000"  >&lt;p&gt;So implementing hashCode() using the field and equals with field + TypeInformation should be enough. &lt;/p&gt;

&lt;p&gt;And I agree that using TypeInformation to retrieve the actual type for this property is the way to go.&lt;/p&gt;

&lt;p&gt;I really would like to have two instances being comparable and equal if they are both constructed from the same actual class.&lt;/p&gt;</comment>
                    </comments>
                    <attachments>
                            <attachment id="19576" name="mylyn-context.zip" size="1986" author="olivergierke" created="Wed, 11 Apr 2012 12:09:15 +0000"/>
                    </attachments>
                <subtasks>
                    </subtasks>
                <customfields>
                                                                            <customfield id="customfield_10170" key="com.atlassian.jira.ext.charting:firstresponsedate">
                        <customfieldname>First Response Date</customfieldname>
                        <customfieldvalues>
                            <customfieldvalue>Mon, 30 Jan 2012 07:53:23 +0000</customfieldvalue>

                        </customfieldvalues>
                    </customfield>
                                                                                            <customfield id="customfield_10280" key="com.pyxis.greenhopper.jira:gh-global-rank">
                        <customfieldname>Global Rank</customfieldname>
                        <customfieldvalues>
                            <customfieldvalue>29164</customfieldvalue>
                        </customfieldvalues>
                    </customfield>
                                                                <customfield id="customfield_10182" key="com.atlassian.jira.toolkit:lastupdaterorcommenter">
                        <customfieldname>Last updater</customfieldname>
                        <customfieldvalues>
                            <customfieldvalue>olivergierke</customfieldvalue>

                        </customfieldvalues>
                    </customfield>
                                                                                            <customfield id="customfield_10880" key="com.pyxis.greenhopper.jira:gh-lexo-rank">
                        <customfieldname>Rank</customfieldname>
                        <customfieldvalues>
                            <customfieldvalue>0|i03m2v:</customfieldvalue>

                        </customfieldvalues>
                    </customfield>
                                                                <customfield id="customfield_10380" key="com.pyxis.greenhopper.jira:gh-global-rank">
                        <customfieldname>Rank (Obsolete)</customfieldname>
                        <customfieldvalues>
                            <customfieldvalue>21119</customfieldvalue>
                        </customfieldvalues>
                    </customfield>
                                                                <customfield id="customfield_10381" key="com.pyxis.greenhopper.jira:gh-global-rank">
                        <customfieldname>Ranking</customfieldname>
                        <customfieldvalues>
                            <customfieldvalue>17842</customfieldvalue>
                        </customfieldvalues>
                    </customfield>
                                                                                                                                                    <customfield id="customfield_10171" key="com.atlassian.jira.ext.charting:timeinstatus">
                        <customfieldname>Time in Status</customfieldname>
                        <customfieldvalues>
                            
                        </customfieldvalues>
                    </customfield>
                                                                </customfields>
    </item>
</channel>
</rss>