<!-- 
RSS generated by JIRA (6.4.11#64026-sha1:78f6ec473a3f058bd5d6c30e9319c7ab376bdb9c) at Thu Dec 22 13:09:51 UTC 2016

It is possible to restrict the fields that are returned in this document by specifying the 'field' parameter in your request.
For example, to request only the issue key and summary add field=key&field=summary to the URL of your request.
For example:
https://jira.spring.io/si/jira.issueviews:issue-xml/DATACMNS-899/DATACMNS-899.xml?field=key&amp;field=summary
-->
<rss version="0.92" >
<channel>
    <title>Spring JIRA</title>
    <link>https://jira.spring.io</link>
    <description>This file is an XML representation of an issue</description>
    <language>en-uk</language>    <build-info>
        <version>6.4.11</version>
        <build-number>64026</build-number>
        <build-date>25-08-2015</build-date>
    </build-info>

<item>
            <title>[DATACMNS-899] ParameterizedTypeInformation.getMapValueType for non-map types causes StackOverflowError</title>
                <link>https://jira.spring.io/browse/DATACMNS-899</link>
                <project id="10510" key="DATACMNS">Spring Data Commons</project>
                    <description>&lt;p&gt;I&apos;m not sure but it seems there&apos;s a bug in ParameterizedTypeInformation.java at line 88: &lt;a href=&quot;https://github.com/spring-projects/spring-data-commons/blob/master/src/main/java/org/springframework/data/util/ParameterizedTypeInformation.java#L88&quot; class=&quot;external-link&quot; rel=&quot;nofollow&quot;&gt;link github:ParameterizedTypeInformation.java&lt;/a&gt;.&lt;/p&gt;

&lt;p&gt;It seems this function should return &lt;tt&gt;TypeInformation&lt;/tt&gt; for a Map descendant. But if for some reason (I faced this in spring-data-mongodb) the method gets a non Map type it will return &lt;tt&gt;super.getMapValueType()&lt;/tt&gt; which in turn again executes &lt;tt&gt;doGetMapValueType&lt;/tt&gt; and finally we get a &lt;tt&gt;StackOverflowError&lt;/tt&gt;.&lt;/p&gt;

&lt;p&gt;Shouldn&apos;t the first if (at line 61) be spanned across whole the method to verify that we are working with Map at all?&lt;/p&gt;</description>
                <environment></environment>
        <key id="69596">DATACMNS-899</key>
            <summary>ParameterizedTypeInformation.getMapValueType for non-map types causes StackOverflowError</summary>
                <type id="1" iconUrl="https://jira.spring.io/images/icons/issuetypes/bug.png">Bug</type>
                                            <priority id="4" iconUrl="https://jira.spring.io/images/icons/priorities/minor.png">Minor</priority>
                        <status id="6" iconUrl="https://jira.spring.io/images/icons/statuses/closed.png" description="The issue is considered finished, the resolution is correct. Issues which are not closed can be reopened.">Closed</status>
                    <statusCategory id="3" key="done" colorName="green"/>
                                    <resolution id="1">Fixed</resolution>
                                        <assignee username="mp911de">Mark Paluch</assignee>
                                    <reporter username="br0x">Blazej Adamczyk</reporter>
                        <labels>
                    </labels>
                <created>Wed, 24 Aug 2016 13:28:06 +0000</created>
                <updated>Tue, 20 Sep 2016 17:37:47 +0000</updated>
                            <resolved>Thu, 1 Sep 2016 15:34:13 +0000</resolved>
                                                    <fixVersion>1.11.5 (Gosling SR5)</fixVersion>
                    <fixVersion>1.12.3 (Hopper SR3)</fixVersion>
                    <fixVersion>1.13 RC1 (Ingalls)</fixVersion>
                                        <due></due>
                            <votes>1</votes>
                                    <watches>2</watches>
                                                                <comments>
                            <comment id="131539" author="br0x" created="Thu, 25 Aug 2016 07:29:20 +0000"  >&lt;p&gt;The probable bug in spring-data-mongodb which causes this StackOverflowError is described here: &lt;a href=&quot;https://jira.spring.io/browse/DATAMONGO-1479&quot; title=&quot;MappingMongoConverter.convertToMongoType causes StackOverflowError for parameterized map value types&quot; class=&quot;issue-link&quot; data-issue-key=&quot;DATAMONGO-1479&quot;&gt;&lt;del&gt;DATAMONGO-1479&lt;/del&gt;&lt;/a&gt;&lt;/p&gt;</comment>
                    </comments>
                <issuelinks>
                            <issuelinktype id="10151">
                    <name>Relate</name>
                                                                <inwardlinks description="is related to">
                                        <issuelink>
            <issuekey id="69606">DATAMONGO-1479</issuekey>
        </issuelink>
                            </inwardlinks>
                                    </issuelinktype>
                    </issuelinks>
                <attachments>
                    </attachments>
                <subtasks>
                    </subtasks>
                <customfields>
                                                                                                                                    <customfield id="customfield_10280" key="com.pyxis.greenhopper.jira:gh-global-rank">
                        <customfieldname>Global Rank</customfieldname>
                        <customfieldvalues>
                            <customfieldvalue>9223372036854775807</customfieldvalue>
                        </customfieldvalues>
                    </customfield>
                                                                <customfield id="customfield_10182" key="com.atlassian.jira.toolkit:lastupdaterorcommenter">
                        <customfieldname>Last updater</customfieldname>
                        <customfieldvalues>
                            <customfieldvalue>olivergierke</customfieldvalue>

                        </customfieldvalues>
                    </customfield>
                                                                <customfield id="customfield_10684" key="com.atlassian.jira.plugin.system.customfieldtypes:url">
                        <customfieldname>Pull Request URL</customfieldname>
                        <customfieldvalues>
                            <customfieldvalue><![CDATA[https://github.com/spring-projects/spring-data-commons/pull/176]]></customfieldvalue>

                        </customfieldvalues>
                    </customfield>
                                                                <customfield id="customfield_10880" key="com.pyxis.greenhopper.jira:gh-lexo-rank">
                        <customfieldname>Rank</customfieldname>
                        <customfieldvalues>
                            <customfieldvalue>0|hzzy4x:zzzzzzzzzzzzzzzzzzzzv</customfieldvalue>

                        </customfieldvalues>
                    </customfield>
                                                                <customfield id="customfield_10380" key="com.pyxis.greenhopper.jira:gh-global-rank">
                        <customfieldname>Rank (Obsolete)</customfieldname>
                        <customfieldvalues>
                            <customfieldvalue>9223372036854775807</customfieldvalue>
                        </customfieldvalues>
                    </customfield>
                                                                <customfield id="customfield_10381" key="com.pyxis.greenhopper.jira:gh-global-rank">
                        <customfieldname>Ranking</customfieldname>
                        <customfieldvalues>
                            <customfieldvalue>9223372036854775807</customfieldvalue>
                        </customfieldvalues>
                    </customfield>
                                                                                                                        <customfield id="customfield_10480" key="com.pyxis.greenhopper.jira:gh-sprint">
                        <customfieldname>Sprint</customfieldname>
                        <customfieldvalues>
                                <customfieldvalue id="112">Ingalls M1</customfieldvalue>
    <customfieldvalue id="113">Hopper SR3 / Gosling SR5</customfieldvalue>

                        </customfieldvalues>
                    </customfield>
                                                                <customfield id="customfield_10171" key="com.atlassian.jira.ext.charting:timeinstatus">
                        <customfieldname>Time in Status</customfieldname>
                        <customfieldvalues>
                            
                        </customfieldvalues>
                    </customfield>
                                                                </customfields>
    </item>
</channel>
</rss>