<!-- 
RSS generated by JIRA (6.4.11#64026-sha1:78f6ec473a3f058bd5d6c30e9319c7ab376bdb9c) at Thu Dec 22 13:27:37 UTC 2016

It is possible to restrict the fields that are returned in this document by specifying the 'field' parameter in your request.
For example, to request only the issue key and summary add field=key&field=summary to the URL of your request.
For example:
https://jira.spring.io/si/jira.issueviews:issue-xml/DATACMNS-117/DATACMNS-117.xml?field=key&amp;field=summary
-->
<rss version="0.92" >
<channel>
    <title>Spring JIRA</title>
    <link>https://jira.spring.io</link>
    <description>This file is an XML representation of an issue</description>
    <language>en-uk</language>    <build-info>
        <version>6.4.11</version>
        <build-number>64026</build-number>
        <build-date>25-08-2015</build-date>
    </build-info>

<item>
            <title>[DATACMNS-117] Add HandlerMethodArgumentResolver alternative to the PageableArgumentResolver</title>
                <link>https://jira.spring.io/browse/DATACMNS-117</link>
                <project id="10510" key="DATACMNS">Spring Data Commons</project>
                    <description>&lt;p&gt;It is recommended to re-implement &lt;tt&gt;WebArgumentResolver&lt;/tt&gt; types as &lt;tt&gt;HandlerMethodArgumentResolver&lt;/tt&gt; in Spring 3.1. Although a &lt;tt&gt;WebArgumentResolver&lt;/tt&gt; is adapted transparently to the new contract, as the javadoc for &lt;tt&gt;AbstractWebArgumentResolverAdapter&lt;/tt&gt; indicates, a &lt;tt&gt;HandlerMethodArgumentResolver.supportsParameter(MethodParameter)&lt;/tt&gt; method can only be implemented by actually calling &lt;tt&gt;WebArgumentResolver.resolve()&lt;/tt&gt; and checking if the return value is &lt;tt&gt;UNRESOLVED&lt;/tt&gt;. If an exception occurs during that check, it isn&apos;t clear if the failure is because the parameter can not be supported or whether there was some other real failure. As a result the exception has to be absorbed and other resolvers given a chance instead.&lt;/p&gt;</description>
                <environment></environment>
        <key id="41446">DATACMNS-117</key>
            <summary>Add HandlerMethodArgumentResolver alternative to the PageableArgumentResolver</summary>
                <type id="4" iconUrl="https://jira.spring.io/images/icons/issuetypes/improvement.png">Improvement</type>
                                            <priority id="4" iconUrl="https://jira.spring.io/images/icons/priorities/minor.png">Minor</priority>
                        <status id="6" iconUrl="https://jira.spring.io/images/icons/statuses/closed.png" description="The issue is considered finished, the resolution is correct. Issues which are not closed can be reopened.">Closed</status>
                    <statusCategory id="3" key="done" colorName="green"/>
                                    <resolution id="1">Fixed</resolution>
                                        <assignee username="olivergierke">Oliver Gierke</assignee>
                                    <reporter username="rstoya05-aop">Rossen Stoyanchev</reporter>
                        <labels>
                    </labels>
                <created>Wed, 21 Dec 2011 07:33:22 +0000</created>
                <updated>Mon, 9 Sep 2013 20:58:55 +0000</updated>
                            <resolved>Tue, 12 Feb 2013 08:42:47 +0000</resolved>
                                    <version>1.2 RC1</version>
                                    <fixVersion>1.6 M1</fixVersion>
                                    <component>Integration</component>
                        <due></due>
                            <votes>1</votes>
                                    <watches>2</watches>
                                    <timeoriginalestimate seconds="0">0d</timeoriginalestimate>
                            <timeestimate seconds="0">0d</timeestimate>
                                            <issuelinks>
                            <issuelinktype id="10000">
                    <name>Duplicate</name>
                                                                <inwardlinks description="is duplicated by">
                                        <issuelink>
            <issuekey id="45512">DATACMNS-238</issuekey>
        </issuelink>
                            </inwardlinks>
                                    </issuelinktype>
                            <issuelinktype id="10151">
                    <name>Relate</name>
                                            <outwardlinks description="relates to">
                                        <issuelink>
            <issuekey id="48571">DATACMNS-330</issuekey>
        </issuelink>
                            </outwardlinks>
                                                        </issuelinktype>
                    </issuelinks>
                <attachments>
                    </attachments>
                <subtasks>
                    </subtasks>
                <customfields>
                                                                                                                                    <customfield id="customfield_10280" key="com.pyxis.greenhopper.jira:gh-global-rank">
                        <customfieldname>Global Rank</customfieldname>
                        <customfieldvalues>
                            <customfieldvalue>28778</customfieldvalue>
                        </customfieldvalues>
                    </customfield>
                                                                <customfield id="customfield_10182" key="com.atlassian.jira.toolkit:lastupdaterorcommenter">
                        <customfieldname>Last updater</customfieldname>
                        <customfieldvalues>
                            <customfieldvalue>tmarshall</customfieldvalue>

                        </customfieldvalues>
                    </customfield>
                                                                                            <customfield id="customfield_10880" key="com.pyxis.greenhopper.jira:gh-lexo-rank">
                        <customfieldname>Rank</customfieldname>
                        <customfieldvalues>
                            <customfieldvalue>0|i02w73:</customfieldvalue>

                        </customfieldvalues>
                    </customfield>
                                                                <customfield id="customfield_10380" key="com.pyxis.greenhopper.jira:gh-global-rank">
                        <customfieldname>Rank (Obsolete)</customfieldname>
                        <customfieldvalues>
                            <customfieldvalue>16926</customfieldvalue>
                        </customfieldvalues>
                    </customfield>
                                                                <customfield id="customfield_10381" key="com.pyxis.greenhopper.jira:gh-global-rank">
                        <customfieldname>Ranking</customfieldname>
                        <customfieldvalues>
                            <customfieldvalue>15924</customfieldvalue>
                        </customfieldvalues>
                    </customfield>
                                                                                                                                                    <customfield id="customfield_10171" key="com.atlassian.jira.ext.charting:timeinstatus">
                        <customfieldname>Time in Status</customfieldname>
                        <customfieldvalues>
                            
                        </customfieldvalues>
                    </customfield>
                                                                </customfields>
    </item>
</channel>
</rss>