<!-- 
RSS generated by JIRA (6.4.11#64026-sha1:78f6ec473a3f058bd5d6c30e9319c7ab376bdb9c) at Thu Dec 22 13:05:40 UTC 2016

It is possible to restrict the fields that are returned in this document by specifying the 'field' parameter in your request.
For example, to request only the issue key and summary add field=key&field=summary to the URL of your request.
For example:
https://jira.spring.io/si/jira.issueviews:issue-xml/DATACMNS-348/DATACMNS-348.xml?field=key&amp;field=summary
-->
<rss version="0.92" >
<channel>
    <title>Spring JIRA</title>
    <link>https://jira.spring.io</link>
    <description>This file is an XML representation of an issue</description>
    <language>en-uk</language>    <build-info>
        <version>6.4.11</version>
        <build-number>64026</build-number>
        <build-date>25-08-2015</build-date>
    </build-info>

<item>
            <title>[DATACMNS-348] Missing &quot;default/current&quot; XSD Files</title>
                <link>https://jira.spring.io/browse/DATACMNS-348</link>
                <project id="10510" key="DATACMNS">Spring Data Commons</project>
                    <description>&lt;p&gt;All other spring projects have the most recent XSD without a version number:&lt;br/&gt;
e.g. &lt;br/&gt;
&lt;a href=&quot;http://www.springframework.org/schema/context/spring-context.xsd&quot; class=&quot;external-link&quot; rel=&quot;nofollow&quot;&gt;http://www.springframework.org/schema/context/spring-context.xsd&lt;/a&gt;&lt;/p&gt;

&lt;p&gt;For spring-data XSDs there are only files present for the specific versions:&lt;/p&gt;

&lt;p&gt;&lt;a href=&quot;http://www.springframework.org/schema/data/&quot; class=&quot;external-link&quot; rel=&quot;nofollow&quot;&gt;http://www.springframework.org/schema/data/&lt;/a&gt;&lt;/p&gt;</description>
                <environment></environment>
        <key id="49867">DATACMNS-348</key>
            <summary>Missing &quot;default/current&quot; XSD Files</summary>
                <type id="1" iconUrl="https://jira.spring.io/images/icons/issuetypes/bug.png">Bug</type>
                                            <priority id="4" iconUrl="https://jira.spring.io/images/icons/priorities/minor.png">Minor</priority>
                        <status id="6" iconUrl="https://jira.spring.io/images/icons/statuses/closed.png" description="The issue is considered finished, the resolution is correct. Issues which are not closed can be reopened.">Closed</status>
                    <statusCategory id="3" key="done" colorName="green"/>
                                    <resolution id="1">Fixed</resolution>
                                        <assignee username="olivergierke">Oliver Gierke</assignee>
                                    <reporter username="thackel">Thomas Hackel</reporter>
                        <labels>
                    </labels>
                <created>Mon, 22 Jul 2013 03:13:46 +0000</created>
                <updated>Mon, 9 Sep 2013 20:58:45 +0000</updated>
                            <resolved>Tue, 6 Aug 2013 06:17:09 +0000</resolved>
                                                    <fixVersion>1.6 RC1</fixVersion>
                                    <component>Documentation</component>
                        <due></due>
                            <votes>0</votes>
                                    <watches>1</watches>
                                                                        <attachments>
                    </attachments>
                <subtasks>
                    </subtasks>
                <customfields>
                                                                                                                                    <customfield id="customfield_10280" key="com.pyxis.greenhopper.jira:gh-global-rank">
                        <customfieldname>Global Rank</customfieldname>
                        <customfieldvalues>
                            <customfieldvalue>36368</customfieldvalue>
                        </customfieldvalues>
                    </customfield>
                                                                <customfield id="customfield_10182" key="com.atlassian.jira.toolkit:lastupdaterorcommenter">
                        <customfieldname>Last updater</customfieldname>
                        <customfieldvalues>
                            <customfieldvalue>tmarshall</customfieldvalue>

                        </customfieldvalues>
                    </customfield>
                                                                                            <customfield id="customfield_10880" key="com.pyxis.greenhopper.jira:gh-lexo-rank">
                        <customfieldname>Rank</customfieldname>
                        <customfieldvalues>
                            <customfieldvalue>0|i008vb:</customfieldvalue>

                        </customfieldvalues>
                    </customfield>
                                                                <customfield id="customfield_10380" key="com.pyxis.greenhopper.jira:gh-global-rank">
                        <customfieldname>Rank (Obsolete)</customfieldname>
                        <customfieldvalues>
                            <customfieldvalue>1459</customfieldvalue>
                        </customfieldvalues>
                    </customfield>
                                                                <customfield id="customfield_10381" key="com.pyxis.greenhopper.jira:gh-global-rank">
                        <customfieldname>Ranking</customfieldname>
                        <customfieldvalues>
                            <customfieldvalue>36070</customfieldvalue>
                        </customfieldvalues>
                    </customfield>
                                                                                                                                                    <customfield id="customfield_10171" key="com.atlassian.jira.ext.charting:timeinstatus">
                        <customfieldname>Time in Status</customfieldname>
                        <customfieldvalues>
                            
                        </customfieldvalues>
                    </customfield>
                                                                </customfields>
    </item>
</channel>
</rss>