<!-- 
RSS generated by JIRA (6.4.11#64026-sha1:78f6ec473a3f058bd5d6c30e9319c7ab376bdb9c) at Thu Dec 22 12:59:49 UTC 2016

It is possible to restrict the fields that are returned in this document by specifying the 'field' parameter in your request.
For example, to request only the issue key and summary add field=key&field=summary to the URL of your request.
For example:
https://jira.spring.io/si/jira.issueviews:issue-xml/DATACMNS-597/DATACMNS-597.xml?field=key&amp;field=summary
-->
<rss version="0.92" >
<channel>
    <title>Spring JIRA</title>
    <link>https://jira.spring.io</link>
    <description>This file is an XML representation of an issue</description>
    <language>en-uk</language>    <build-info>
        <version>6.4.11</version>
        <build-number>64026</build-number>
        <build-date>25-08-2015</build-date>
    </build-info>

<item>
            <title>[DATACMNS-597] BasicPersistentEntity.getPropertyAccessor for target bean does not properly handle inheritance when PersistentEntity instances are interface or abstract class based</title>
                <link>https://jira.spring.io/browse/DATACMNS-597</link>
                <project id="10510" key="DATACMNS">Spring Data Commons</project>
                    <description>&lt;p&gt;The &lt;tt&gt;BasicPersistentEntity&apos;s&lt;/tt&gt; &lt;tt&gt;getPropertyAccessor(..)&lt;/tt&gt; method fails to take into account &apos;target&apos; beans that implement the specified type of the PersistentEntity.  The specified type may be an interface or a abstract base class of the implementing domain object entity.&lt;/p&gt;

&lt;p&gt;&lt;em&gt;Spring Data GemFire&lt;/em&gt;, in particular, added support for interface-based PersistentEntity definitions in &lt;a href=&quot;https://jira.spring.io/browse/SGF-260&quot; class=&quot;external-link&quot; rel=&quot;nofollow&quot;&gt;SGF-260&lt;/a&gt;, where the entity meta-data (such as &lt;tt&gt;@Id&lt;/tt&gt; comes from an interface definition of the entity.&lt;/p&gt;</description>
                <environment>All</environment>
        <key id="60714">DATACMNS-597</key>
            <summary>BasicPersistentEntity.getPropertyAccessor for target bean does not properly handle inheritance when PersistentEntity instances are interface or abstract class based</summary>
                <type id="1" iconUrl="https://jira.spring.io/images/icons/issuetypes/bug.png">Bug</type>
                                            <priority id="3" iconUrl="https://jira.spring.io/images/icons/priorities/major.png">Major</priority>
                        <status id="5" iconUrl="https://jira.spring.io/images/icons/statuses/resolved.png" description="A resolution has been taken, and it is awaiting verification by reporter. From here issues are either reopened, or are closed.">Resolved</status>
                    <statusCategory id="3" key="done" colorName="green"/>
                                    <resolution id="1">Fixed</resolution>
                                        <assignee username="olivergierke">Oliver Gierke</assignee>
                                    <reporter username="jblum">John Blum</reporter>
                        <labels>
                            <label>MappingMetaData</label>
                            <label>Repositories</label>
                    </labels>
                <created>Tue, 18 Nov 2014 17:04:05 +0000</created>
                <updated>Wed, 19 Nov 2014 09:26:42 +0000</updated>
                            <resolved>Wed, 19 Nov 2014 09:26:42 +0000</resolved>
                                    <version>1.10 M1 (Fowler)</version>
                                    <fixVersion>1.10 M1 (Fowler)</fixVersion>
                                    <component>Mapping metadata</component>
                    <component>Repositories</component>
                        <due></due>
                            <votes>0</votes>
                                    <watches>1</watches>
                                    <timeoriginalestimate seconds="3600">1h</timeoriginalestimate>
                            <timeestimate seconds="3600">1h</timeestimate>
                                                <attachments>
                    </attachments>
                <subtasks>
                    </subtasks>
                <customfields>
                                                                                                                                    <customfield id="customfield_10280" key="com.pyxis.greenhopper.jira:gh-global-rank">
                        <customfieldname>Global Rank</customfieldname>
                        <customfieldvalues>
                            <customfieldvalue>46788</customfieldvalue>
                        </customfieldvalues>
                    </customfield>
                                                                <customfield id="customfield_10182" key="com.atlassian.jira.toolkit:lastupdaterorcommenter">
                        <customfieldname>Last updater</customfieldname>
                        <customfieldvalues>
                            <customfieldvalue>olivergierke</customfieldvalue>

                        </customfieldvalues>
                    </customfield>
                                                                <customfield id="customfield_10684" key="com.atlassian.jira.plugin.system.customfieldtypes:url">
                        <customfieldname>Pull Request URL</customfieldname>
                        <customfieldvalues>
                            <customfieldvalue><![CDATA[https://github.com/spring-projects/spring-data-commons/pull/105]]></customfieldvalue>

                        </customfieldvalues>
                    </customfield>
                                                                <customfield id="customfield_10880" key="com.pyxis.greenhopper.jira:gh-lexo-rank">
                        <customfieldname>Rank</customfieldname>
                        <customfieldvalues>
                            <customfieldvalue>0|i07z9j:</customfieldvalue>

                        </customfieldvalues>
                    </customfield>
                                                                <customfield id="customfield_10380" key="com.pyxis.greenhopper.jira:gh-global-rank">
                        <customfieldname>Rank (Obsolete)</customfieldname>
                        <customfieldvalues>
                            <customfieldvalue>46585</customfieldvalue>
                        </customfieldvalues>
                    </customfield>
                                                                <customfield id="customfield_10381" key="com.pyxis.greenhopper.jira:gh-global-rank">
                        <customfieldname>Ranking</customfieldname>
                        <customfieldvalues>
                            <customfieldvalue>46490</customfieldvalue>
                        </customfieldvalues>
                    </customfield>
                                                                                                                        <customfield id="customfield_10480" key="com.pyxis.greenhopper.jira:gh-sprint">
                        <customfieldname>Sprint</customfieldname>
                        <customfieldvalues>
                                <customfieldvalue id="69">54 - Fowler M1</customfieldvalue>

                        </customfieldvalues>
                    </customfield>
                                                                <customfield id="customfield_10171" key="com.atlassian.jira.ext.charting:timeinstatus">
                        <customfieldname>Time in Status</customfieldname>
                        <customfieldvalues>
                            
                        </customfieldvalues>
                    </customfield>
                                                                </customfields>
    </item>
</channel>
</rss>