<!-- 
RSS generated by JIRA (6.4.11#64026-sha1:78f6ec473a3f058bd5d6c30e9319c7ab376bdb9c) at Thu Dec 22 13:16:45 UTC 2016

It is possible to restrict the fields that are returned in this document by specifying the 'field' parameter in your request.
For example, to request only the issue key and summary add field=key&field=summary to the URL of your request.
For example:
https://jira.spring.io/si/jira.issueviews:issue-xml/DATACMNS-906/DATACMNS-906.xml?field=key&amp;field=summary
-->
<rss version="0.92" >
<channel>
    <title>Spring JIRA</title>
    <link>https://jira.spring.io</link>
    <description>This file is an XML representation of an issue</description>
    <language>en-uk</language>    <build-info>
        <version>6.4.11</version>
        <build-number>64026</build-number>
        <build-date>25-08-2015</build-date>
    </build-info>

<item>
            <title>[DATACMNS-906] Typo in Javadoc of Page.getTotalPages()</title>
                <link>https://jira.spring.io/browse/DATACMNS-906</link>
                <project id="10510" key="DATACMNS">Spring Data Commons</project>
                    <description>&lt;p&gt;In the javadoc of org.springframework.data.domain.Page, method getTotalPages, the word total is not written correctly in @return. Thank&apos;s &lt;img class=&quot;emoticon&quot; src=&quot;https://jira.spring.io/images/icons/emoticons/smile.png&quot; height=&quot;16&quot; width=&quot;16&quot; align=&quot;absmiddle&quot; alt=&quot;&quot; border=&quot;0&quot;/&gt;&lt;/p&gt;</description>
                <environment></environment>
        <key id="69620">DATACMNS-906</key>
            <summary>Typo in Javadoc of Page.getTotalPages()</summary>
                <type id="3" iconUrl="https://jira.spring.io/images/icons/issuetypes/task.png">Task</type>
                                            <priority id="4" iconUrl="https://jira.spring.io/images/icons/priorities/minor.png">Minor</priority>
                        <status id="5" iconUrl="https://jira.spring.io/images/icons/statuses/resolved.png" description="A resolution has been taken, and it is awaiting verification by reporter. From here issues are either reopened, or are closed.">Resolved</status>
                    <statusCategory id="3" key="done" colorName="green"/>
                                    <resolution id="3">Duplicate</resolution>
                                        <assignee username="olivergierke">Oliver Gierke</assignee>
                                    <reporter username="pierrovi">Sakhr TALIBI</reporter>
                        <labels>
                    </labels>
                <created>Fri, 26 Aug 2016 14:24:44 +0000</created>
                <updated>Wed, 31 Aug 2016 11:58:06 +0000</updated>
                            <resolved>Wed, 31 Aug 2016 11:58:06 +0000</resolved>
                                                                    <component>Documentation</component>
                        <due></due>
                            <votes>0</votes>
                                    <watches>3</watches>
                                                                <comments>
                            <comment id="131731" author="icoderman" created="Wed, 31 Aug 2016 11:11:56 +0000"  >&lt;p&gt;Hi Sakhr,  &lt;br/&gt;
please notice that:&lt;br/&gt;
1. org.springframework.data.domain.Page belongs to spring-data-commons (not to spring-data-jpa)&lt;br/&gt;
2. Looks like this type has been fixed a year ago: &lt;a href=&quot;https://github.com/spring-projects/spring-data-commons/pull/146&quot; class=&quot;external-link&quot; rel=&quot;nofollow&quot;&gt;https://github.com/spring-projects/spring-data-commons/pull/146&lt;/a&gt;&lt;br/&gt;
Thanks.&lt;/p&gt;</comment>
                            <comment id="131733" author="pierrovi" created="Wed, 31 Aug 2016 11:50:41 +0000"  >&lt;p&gt;Hi Okeksandr,&lt;br/&gt;
Yes you&apos;re right, this issue concerns spring-data-commons-1.11.0.RELEASE and not spring-data-jpa.&lt;br/&gt;
Thanks.&lt;/p&gt;</comment>
                            <comment id="131735" author="olivergierke" created="Wed, 31 Aug 2016 11:58:06 +0000"  >&lt;p&gt;As indicated this is a duplicate of &lt;a href=&quot;https://jira.spring.io/browse/DATACMNS-789&quot; title=&quot;Fix typo in JavaDoc of Page&quot; class=&quot;issue-link&quot; data-issue-key=&quot;DATACMNS-789&quot;&gt;&lt;del&gt;DATACMNS-789&lt;/del&gt;&lt;/a&gt; which was fixed for Gosling SR2.&lt;/p&gt;</comment>
                    </comments>
                <issuelinks>
                            <issuelinktype id="10000">
                    <name>Duplicate</name>
                                            <outwardlinks description="duplicates">
                                        <issuelink>
            <issuekey id="66830">DATACMNS-789</issuekey>
        </issuelink>
                            </outwardlinks>
                                                        </issuelinktype>
                    </issuelinks>
                <attachments>
                    </attachments>
                <subtasks>
                    </subtasks>
                <customfields>
                                                                            <customfield id="customfield_10170" key="com.atlassian.jira.ext.charting:firstresponsedate">
                        <customfieldname>First Response Date</customfieldname>
                        <customfieldvalues>
                            <customfieldvalue>Wed, 31 Aug 2016 11:11:56 +0000</customfieldvalue>

                        </customfieldvalues>
                    </customfield>
                                                                                            <customfield id="customfield_10280" key="com.pyxis.greenhopper.jira:gh-global-rank">
                        <customfieldname>Global Rank</customfieldname>
                        <customfieldvalues>
                            <customfieldvalue>9223372036854775807</customfieldvalue>
                        </customfieldvalues>
                    </customfield>
                                                                <customfield id="customfield_10182" key="com.atlassian.jira.toolkit:lastupdaterorcommenter">
                        <customfieldname>Last updater</customfieldname>
                        <customfieldvalues>
                            <customfieldvalue>olivergierke</customfieldvalue>

                        </customfieldvalues>
                    </customfield>
                                                                                            <customfield id="customfield_10880" key="com.pyxis.greenhopper.jira:gh-lexo-rank">
                        <customfieldname>Rank</customfieldname>
                        <customfieldvalues>
                            <customfieldvalue>0|hzzy4x:zzzzzzzzzzzzzzzzzzzzy</customfieldvalue>

                        </customfieldvalues>
                    </customfield>
                                                                <customfield id="customfield_10380" key="com.pyxis.greenhopper.jira:gh-global-rank">
                        <customfieldname>Rank (Obsolete)</customfieldname>
                        <customfieldvalues>
                            <customfieldvalue>9223372036854775807</customfieldvalue>
                        </customfieldvalues>
                    </customfield>
                                                                <customfield id="customfield_10381" key="com.pyxis.greenhopper.jira:gh-global-rank">
                        <customfieldname>Ranking</customfieldname>
                        <customfieldvalues>
                            <customfieldvalue>9223372036854775807</customfieldvalue>
                        </customfieldvalues>
                    </customfield>
                                                                                                                        <customfield id="customfield_10480" key="com.pyxis.greenhopper.jira:gh-sprint">
                        <customfieldname>Sprint</customfieldname>
                        <customfieldvalues>
                                <customfieldvalue id="112">Ingalls M1</customfieldvalue>
    <customfieldvalue id="113">Hopper SR3 / Gosling SR5</customfieldvalue>

                        </customfieldvalues>
                    </customfield>
                                                                <customfield id="customfield_10171" key="com.atlassian.jira.ext.charting:timeinstatus">
                        <customfieldname>Time in Status</customfieldname>
                        <customfieldvalues>
                            
                        </customfieldvalues>
                    </customfield>
                                                                </customfields>
    </item>
</channel>
</rss>