<!-- 
RSS generated by JIRA (6.4.11#64026-sha1:78f6ec473a3f058bd5d6c30e9319c7ab376bdb9c) at Thu Dec 22 13:22:15 UTC 2016

It is possible to restrict the fields that are returned in this document by specifying the 'field' parameter in your request.
For example, to request only the issue key and summary add field=key&field=summary to the URL of your request.
For example:
https://jira.spring.io/si/jira.issueviews:issue-xml/DATACMNS-485/DATACMNS-485.xml?field=key&amp;field=summary
-->
<rss version="0.92" >
<channel>
    <title>Spring JIRA</title>
    <link>https://jira.spring.io</link>
    <description>This file is an XML representation of an issue</description>
    <language>en-uk</language>    <build-info>
        <version>6.4.11</version>
        <build-number>64026</build-number>
        <build-date>25-08-2015</build-date>
    </build-info>

<item>
            <title>[DATACMNS-485] Detected mapping ambiguity when using @TypeAlias on a class with generics type</title>
                <link>https://jira.spring.io/browse/DATACMNS-485</link>
                <project id="10510" key="DATACMNS">Spring Data Commons</project>
                    <description>&lt;p&gt;After having switch to spring-data-mongodb 1.4.1.RELEASE, we experience a &lt;tt&gt;Detected mapping ambiguity! String document cannot be mapped to more than one type!&lt;/tt&gt; exception during the startup of the Spring context. There was not problem with 1.2.0.RELEASE before.&lt;/p&gt;

&lt;p&gt;I attached a small Maven project with 4 classes to reproduce an issue. The unit test needs a valid connection to MongoDB.&lt;/p&gt;

&lt;p&gt;The problem occurs when using a class with a generics parameter. The class itself is not a document - just a class with &lt;tt&gt;@TypeAlias&lt;/tt&gt; annotation. The class is used by two other classes, which are MongoDB documents. The framework discovers the class with a generics parameter twice and adds it to the list of persistent entities in &lt;tt&gt;AbstractMappingContext&lt;/tt&gt; each time with a different TypeInformation.&lt;/p&gt;

&lt;p&gt;As a workaround we patched &lt;tt&gt;MappingContextTypeInformationMapper&lt;/tt&gt; class to extract always &lt;tt&gt;ClassTypeInformation&lt;/tt&gt; from the given entity type and to store this &lt;tt&gt;ClassTypeInformation&lt;/tt&gt; in a &lt;tt&gt;HashMap&lt;/tt&gt;.&lt;/p&gt;

&lt;p&gt;The exception stack trace is:&lt;/p&gt;

&lt;p/&gt;
&lt;div id=&quot;syntaxplugin&quot; class=&quot;syntaxplugin&quot; style=&quot;border: 1px dashed #bbb; border-radius: 5px !important; overflow: auto; max-height: 30em;&quot;&gt;
&lt;table cellspacing=&quot;0&quot; cellpadding=&quot;0&quot; border=&quot;0&quot; width=&quot;100%&quot; style=&quot;font-size: 1em; line-height: 1.4em !important; font-weight: normal; font-style: normal; color: black;&quot;&gt;
		&lt;tbody &gt;
				&lt;tr id=&quot;syntaxplugin_code_and_gutter&quot;&gt;
						&lt;td  style=&quot; line-height: 1.4em !important; padding: 0em; vertical-align: top;&quot;&gt;
					&lt;pre style=&quot;font-size: 1em; margin: 0 10px;  margin-top: 10px;   width: auto; padding: 0;&quot;&gt;&lt;span style=&quot;color: black; font-family: &apos;Consolas&apos;, &apos;Bitstream Vera Sans Mono&apos;, &apos;Courier New&apos;, Courier, monospace !important;&quot;&gt;java.lang.IllegalStateException: Failed to load ApplicationContext&lt;/span&gt;&lt;/pre&gt;
			&lt;/td&gt;
		&lt;/tr&gt;
				&lt;tr id=&quot;syntaxplugin_code_and_gutter&quot;&gt;
						&lt;td  style=&quot; line-height: 1.4em !important; padding: 0em; vertical-align: top;&quot;&gt;
					&lt;pre style=&quot;font-size: 1em; margin: 0 10px;   width: auto; padding: 0;&quot;&gt;&lt;span style=&quot;color: black; font-family: &apos;Consolas&apos;, &apos;Bitstream Vera Sans Mono&apos;, &apos;Courier New&apos;, Courier, monospace !important;&quot;&gt;	at org.springframework.test.context.CacheAwareContextLoaderDelegate.loadContext(CacheAwareContextLoaderDelegate.java:99)&lt;/span&gt;&lt;/pre&gt;
			&lt;/td&gt;
		&lt;/tr&gt;
				&lt;tr id=&quot;syntaxplugin_code_and_gutter&quot;&gt;
						&lt;td  style=&quot; line-height: 1.4em !important; padding: 0em; vertical-align: top;&quot;&gt;
					&lt;pre style=&quot;font-size: 1em; margin: 0 10px;   width: auto; padding: 0;&quot;&gt;&lt;span style=&quot;color: black; font-family: &apos;Consolas&apos;, &apos;Bitstream Vera Sans Mono&apos;, &apos;Courier New&apos;, Courier, monospace !important;&quot;&gt;	at org.springframework.test.context.TestContext.getApplicationContext(TestContext.java:122)&lt;/span&gt;&lt;/pre&gt;
			&lt;/td&gt;
		&lt;/tr&gt;
				&lt;tr id=&quot;syntaxplugin_code_and_gutter&quot;&gt;
						&lt;td  style=&quot; line-height: 1.4em !important; padding: 0em; vertical-align: top;&quot;&gt;
					&lt;pre style=&quot;font-size: 1em; margin: 0 10px;   width: auto; padding: 0;&quot;&gt;&lt;span style=&quot;color: black; font-family: &apos;Consolas&apos;, &apos;Bitstream Vera Sans Mono&apos;, &apos;Courier New&apos;, Courier, monospace !important;&quot;&gt;	at org.springframework.test.context.support.DependencyInjectionTestExecutionListener.injectDependencies(DependencyInjectionTestExecutionListener.java:109)&lt;/span&gt;&lt;/pre&gt;
			&lt;/td&gt;
		&lt;/tr&gt;
				&lt;tr id=&quot;syntaxplugin_code_and_gutter&quot;&gt;
						&lt;td  style=&quot; line-height: 1.4em !important; padding: 0em; vertical-align: top;&quot;&gt;
					&lt;pre style=&quot;font-size: 1em; margin: 0 10px;   width: auto; padding: 0;&quot;&gt;&lt;span style=&quot;color: black; font-family: &apos;Consolas&apos;, &apos;Bitstream Vera Sans Mono&apos;, &apos;Courier New&apos;, Courier, monospace !important;&quot;&gt;	at org.springframework.test.context.support.DependencyInjectionTestExecutionListener.prepareTestInstance(DependencyInjectionTestExecutionListener.java:75)&lt;/span&gt;&lt;/pre&gt;
			&lt;/td&gt;
		&lt;/tr&gt;
				&lt;tr id=&quot;syntaxplugin_code_and_gutter&quot;&gt;
						&lt;td  style=&quot; line-height: 1.4em !important; padding: 0em; vertical-align: top;&quot;&gt;
					&lt;pre style=&quot;font-size: 1em; margin: 0 10px;   width: auto; padding: 0;&quot;&gt;&lt;span style=&quot;color: black; font-family: &apos;Consolas&apos;, &apos;Bitstream Vera Sans Mono&apos;, &apos;Courier New&apos;, Courier, monospace !important;&quot;&gt;	at org.springframework.test.context.TestContextManager.prepareTestInstance(TestContextManager.java:307)&lt;/span&gt;&lt;/pre&gt;
			&lt;/td&gt;
		&lt;/tr&gt;
				&lt;tr id=&quot;syntaxplugin_code_and_gutter&quot;&gt;
						&lt;td  style=&quot; line-height: 1.4em !important; padding: 0em; vertical-align: top;&quot;&gt;
					&lt;pre style=&quot;font-size: 1em; margin: 0 10px;   width: auto; padding: 0;&quot;&gt;&lt;span style=&quot;color: black; font-family: &apos;Consolas&apos;, &apos;Bitstream Vera Sans Mono&apos;, &apos;Courier New&apos;, Courier, monospace !important;&quot;&gt;	at org.springframework.test.context.junit4.SpringJUnit4ClassRunner.createTest(SpringJUnit4ClassRunner.java:211)&lt;/span&gt;&lt;/pre&gt;
			&lt;/td&gt;
		&lt;/tr&gt;
				&lt;tr id=&quot;syntaxplugin_code_and_gutter&quot;&gt;
						&lt;td  style=&quot; line-height: 1.4em !important; padding: 0em; vertical-align: top;&quot;&gt;
					&lt;pre style=&quot;font-size: 1em; margin: 0 10px;   width: auto; padding: 0;&quot;&gt;&lt;span style=&quot;color: black; font-family: &apos;Consolas&apos;, &apos;Bitstream Vera Sans Mono&apos;, &apos;Courier New&apos;, Courier, monospace !important;&quot;&gt;	at org.springframework.test.context.junit4.SpringJUnit4ClassRunner$1.runReflectiveCall(SpringJUnit4ClassRunner.java:288)&lt;/span&gt;&lt;/pre&gt;
			&lt;/td&gt;
		&lt;/tr&gt;
				&lt;tr id=&quot;syntaxplugin_code_and_gutter&quot;&gt;
						&lt;td  style=&quot; line-height: 1.4em !important; padding: 0em; vertical-align: top;&quot;&gt;
					&lt;pre style=&quot;font-size: 1em; margin: 0 10px;   width: auto; padding: 0;&quot;&gt;&lt;span style=&quot;color: black; font-family: &apos;Consolas&apos;, &apos;Bitstream Vera Sans Mono&apos;, &apos;Courier New&apos;, Courier, monospace !important;&quot;&gt;	at org.junit.internal.runners.model.ReflectiveCallable.run(ReflectiveCallable.java:15)&lt;/span&gt;&lt;/pre&gt;
			&lt;/td&gt;
		&lt;/tr&gt;
				&lt;tr id=&quot;syntaxplugin_code_and_gutter&quot;&gt;
						&lt;td  style=&quot; line-height: 1.4em !important; padding: 0em; vertical-align: top;&quot;&gt;
					&lt;pre style=&quot;font-size: 1em; margin: 0 10px;   width: auto; padding: 0;&quot;&gt;&lt;span style=&quot;color: black; font-family: &apos;Consolas&apos;, &apos;Bitstream Vera Sans Mono&apos;, &apos;Courier New&apos;, Courier, monospace !important;&quot;&gt;	at org.springframework.test.context.junit4.SpringJUnit4ClassRunner.methodBlock(SpringJUnit4ClassRunner.java:284)&lt;/span&gt;&lt;/pre&gt;
			&lt;/td&gt;
		&lt;/tr&gt;
				&lt;tr id=&quot;syntaxplugin_code_and_gutter&quot;&gt;
						&lt;td  style=&quot; line-height: 1.4em !important; padding: 0em; vertical-align: top;&quot;&gt;
					&lt;pre style=&quot;font-size: 1em; margin: 0 10px;   width: auto; padding: 0;&quot;&gt;&lt;span style=&quot;color: black; font-family: &apos;Consolas&apos;, &apos;Bitstream Vera Sans Mono&apos;, &apos;Courier New&apos;, Courier, monospace !important;&quot;&gt;	at org.springframework.test.context.junit4.SpringJUnit4ClassRunner.runChild(SpringJUnit4ClassRunner.java:231)&lt;/span&gt;&lt;/pre&gt;
			&lt;/td&gt;
		&lt;/tr&gt;
				&lt;tr id=&quot;syntaxplugin_code_and_gutter&quot;&gt;
						&lt;td  style=&quot; line-height: 1.4em !important; padding: 0em; vertical-align: top;&quot;&gt;
					&lt;pre style=&quot;font-size: 1em; margin: 0 10px;   width: auto; padding: 0;&quot;&gt;&lt;span style=&quot;color: black; font-family: &apos;Consolas&apos;, &apos;Bitstream Vera Sans Mono&apos;, &apos;Courier New&apos;, Courier, monospace !important;&quot;&gt;	at org.springframework.test.context.junit4.SpringJUnit4ClassRunner.runChild(SpringJUnit4ClassRunner.java:88)&lt;/span&gt;&lt;/pre&gt;
			&lt;/td&gt;
		&lt;/tr&gt;
				&lt;tr id=&quot;syntaxplugin_code_and_gutter&quot;&gt;
						&lt;td  style=&quot; line-height: 1.4em !important; padding: 0em; vertical-align: top;&quot;&gt;
					&lt;pre style=&quot;font-size: 1em; margin: 0 10px;   width: auto; padding: 0;&quot;&gt;&lt;span style=&quot;color: black; font-family: &apos;Consolas&apos;, &apos;Bitstream Vera Sans Mono&apos;, &apos;Courier New&apos;, Courier, monospace !important;&quot;&gt;	at org.junit.runners.ParentRunner$3.run(ParentRunner.java:231)&lt;/span&gt;&lt;/pre&gt;
			&lt;/td&gt;
		&lt;/tr&gt;
				&lt;tr id=&quot;syntaxplugin_code_and_gutter&quot;&gt;
						&lt;td  style=&quot; line-height: 1.4em !important; padding: 0em; vertical-align: top;&quot;&gt;
					&lt;pre style=&quot;font-size: 1em; margin: 0 10px;   width: auto; padding: 0;&quot;&gt;&lt;span style=&quot;color: black; font-family: &apos;Consolas&apos;, &apos;Bitstream Vera Sans Mono&apos;, &apos;Courier New&apos;, Courier, monospace !important;&quot;&gt;	at org.junit.runners.ParentRunner$1.schedule(ParentRunner.java:60)&lt;/span&gt;&lt;/pre&gt;
			&lt;/td&gt;
		&lt;/tr&gt;
				&lt;tr id=&quot;syntaxplugin_code_and_gutter&quot;&gt;
						&lt;td  style=&quot; line-height: 1.4em !important; padding: 0em; vertical-align: top;&quot;&gt;
					&lt;pre style=&quot;font-size: 1em; margin: 0 10px;   width: auto; padding: 0;&quot;&gt;&lt;span style=&quot;color: black; font-family: &apos;Consolas&apos;, &apos;Bitstream Vera Sans Mono&apos;, &apos;Courier New&apos;, Courier, monospace !important;&quot;&gt;	at org.junit.runners.ParentRunner.runChildren(ParentRunner.java:229)&lt;/span&gt;&lt;/pre&gt;
			&lt;/td&gt;
		&lt;/tr&gt;
				&lt;tr id=&quot;syntaxplugin_code_and_gutter&quot;&gt;
						&lt;td  style=&quot; line-height: 1.4em !important; padding: 0em; vertical-align: top;&quot;&gt;
					&lt;pre style=&quot;font-size: 1em; margin: 0 10px;   width: auto; padding: 0;&quot;&gt;&lt;span style=&quot;color: black; font-family: &apos;Consolas&apos;, &apos;Bitstream Vera Sans Mono&apos;, &apos;Courier New&apos;, Courier, monospace !important;&quot;&gt;	at org.junit.runners.ParentRunner.access$000(ParentRunner.java:50)&lt;/span&gt;&lt;/pre&gt;
			&lt;/td&gt;
		&lt;/tr&gt;
				&lt;tr id=&quot;syntaxplugin_code_and_gutter&quot;&gt;
						&lt;td  style=&quot; line-height: 1.4em !important; padding: 0em; vertical-align: top;&quot;&gt;
					&lt;pre style=&quot;font-size: 1em; margin: 0 10px;   width: auto; padding: 0;&quot;&gt;&lt;span style=&quot;color: black; font-family: &apos;Consolas&apos;, &apos;Bitstream Vera Sans Mono&apos;, &apos;Courier New&apos;, Courier, monospace !important;&quot;&gt;	at org.junit.runners.ParentRunner$2.evaluate(ParentRunner.java:222)&lt;/span&gt;&lt;/pre&gt;
			&lt;/td&gt;
		&lt;/tr&gt;
				&lt;tr id=&quot;syntaxplugin_code_and_gutter&quot;&gt;
						&lt;td  style=&quot; line-height: 1.4em !important; padding: 0em; vertical-align: top;&quot;&gt;
					&lt;pre style=&quot;font-size: 1em; margin: 0 10px;   width: auto; padding: 0;&quot;&gt;&lt;span style=&quot;color: black; font-family: &apos;Consolas&apos;, &apos;Bitstream Vera Sans Mono&apos;, &apos;Courier New&apos;, Courier, monospace !important;&quot;&gt;	at org.springframework.test.context.junit4.statements.RunBeforeTestClassCallbacks.evaluate(RunBeforeTestClassCallbacks.java:61)&lt;/span&gt;&lt;/pre&gt;
			&lt;/td&gt;
		&lt;/tr&gt;
				&lt;tr id=&quot;syntaxplugin_code_and_gutter&quot;&gt;
						&lt;td  style=&quot; line-height: 1.4em !important; padding: 0em; vertical-align: top;&quot;&gt;
					&lt;pre style=&quot;font-size: 1em; margin: 0 10px;   width: auto; padding: 0;&quot;&gt;&lt;span style=&quot;color: black; font-family: &apos;Consolas&apos;, &apos;Bitstream Vera Sans Mono&apos;, &apos;Courier New&apos;, Courier, monospace !important;&quot;&gt;	at org.springframework.test.context.junit4.statements.RunAfterTestClassCallbacks.evaluate(RunAfterTestClassCallbacks.java:71)&lt;/span&gt;&lt;/pre&gt;
			&lt;/td&gt;
		&lt;/tr&gt;
				&lt;tr id=&quot;syntaxplugin_code_and_gutter&quot;&gt;
						&lt;td  style=&quot; line-height: 1.4em !important; padding: 0em; vertical-align: top;&quot;&gt;
					&lt;pre style=&quot;font-size: 1em; margin: 0 10px;   width: auto; padding: 0;&quot;&gt;&lt;span style=&quot;color: black; font-family: &apos;Consolas&apos;, &apos;Bitstream Vera Sans Mono&apos;, &apos;Courier New&apos;, Courier, monospace !important;&quot;&gt;	at org.junit.runners.ParentRunner.run(ParentRunner.java:300)&lt;/span&gt;&lt;/pre&gt;
			&lt;/td&gt;
		&lt;/tr&gt;
				&lt;tr id=&quot;syntaxplugin_code_and_gutter&quot;&gt;
						&lt;td  style=&quot; line-height: 1.4em !important; padding: 0em; vertical-align: top;&quot;&gt;
					&lt;pre style=&quot;font-size: 1em; margin: 0 10px;   width: auto; padding: 0;&quot;&gt;&lt;span style=&quot;color: black; font-family: &apos;Consolas&apos;, &apos;Bitstream Vera Sans Mono&apos;, &apos;Courier New&apos;, Courier, monospace !important;&quot;&gt;	at org.springframework.test.context.junit4.SpringJUnit4ClassRunner.run(SpringJUnit4ClassRunner.java:174)&lt;/span&gt;&lt;/pre&gt;
			&lt;/td&gt;
		&lt;/tr&gt;
				&lt;tr id=&quot;syntaxplugin_code_and_gutter&quot;&gt;
						&lt;td  style=&quot; line-height: 1.4em !important; padding: 0em; vertical-align: top;&quot;&gt;
					&lt;pre style=&quot;font-size: 1em; margin: 0 10px;   width: auto; padding: 0;&quot;&gt;&lt;span style=&quot;color: black; font-family: &apos;Consolas&apos;, &apos;Bitstream Vera Sans Mono&apos;, &apos;Courier New&apos;, Courier, monospace !important;&quot;&gt;	at org.junit.runner.JUnitCore.run(JUnitCore.java:157)&lt;/span&gt;&lt;/pre&gt;
			&lt;/td&gt;
		&lt;/tr&gt;
				&lt;tr id=&quot;syntaxplugin_code_and_gutter&quot;&gt;
						&lt;td  style=&quot; line-height: 1.4em !important; padding: 0em; vertical-align: top;&quot;&gt;
					&lt;pre style=&quot;font-size: 1em; margin: 0 10px;   width: auto; padding: 0;&quot;&gt;&lt;span style=&quot;color: black; font-family: &apos;Consolas&apos;, &apos;Bitstream Vera Sans Mono&apos;, &apos;Courier New&apos;, Courier, monospace !important;&quot;&gt;	at com.intellij.junit4.JUnit4IdeaTestRunner.startRunnerWithArgs(JUnit4IdeaTestRunner.java:74)&lt;/span&gt;&lt;/pre&gt;
			&lt;/td&gt;
		&lt;/tr&gt;
				&lt;tr id=&quot;syntaxplugin_code_and_gutter&quot;&gt;
						&lt;td  style=&quot; line-height: 1.4em !important; padding: 0em; vertical-align: top;&quot;&gt;
					&lt;pre style=&quot;font-size: 1em; margin: 0 10px;   width: auto; padding: 0;&quot;&gt;&lt;span style=&quot;color: black; font-family: &apos;Consolas&apos;, &apos;Bitstream Vera Sans Mono&apos;, &apos;Courier New&apos;, Courier, monospace !important;&quot;&gt;	at com.intellij.rt.execution.junit.JUnitStarter.prepareStreamsAndStart(JUnitStarter.java:211)&lt;/span&gt;&lt;/pre&gt;
			&lt;/td&gt;
		&lt;/tr&gt;
				&lt;tr id=&quot;syntaxplugin_code_and_gutter&quot;&gt;
						&lt;td  style=&quot; line-height: 1.4em !important; padding: 0em; vertical-align: top;&quot;&gt;
					&lt;pre style=&quot;font-size: 1em; margin: 0 10px;   width: auto; padding: 0;&quot;&gt;&lt;span style=&quot;color: black; font-family: &apos;Consolas&apos;, &apos;Bitstream Vera Sans Mono&apos;, &apos;Courier New&apos;, Courier, monospace !important;&quot;&gt;	at com.intellij.rt.execution.junit.JUnitStarter.main(JUnitStarter.java:67)&lt;/span&gt;&lt;/pre&gt;
			&lt;/td&gt;
		&lt;/tr&gt;
				&lt;tr id=&quot;syntaxplugin_code_and_gutter&quot;&gt;
						&lt;td  style=&quot; line-height: 1.4em !important; padding: 0em; vertical-align: top;&quot;&gt;
					&lt;pre style=&quot;font-size: 1em; margin: 0 10px;   width: auto; padding: 0;&quot;&gt;&lt;span style=&quot;color: black; font-family: &apos;Consolas&apos;, &apos;Bitstream Vera Sans Mono&apos;, &apos;Courier New&apos;, Courier, monospace !important;&quot;&gt;	at sun.reflect.NativeMethodAccessorImpl.invoke0(Native Method)&lt;/span&gt;&lt;/pre&gt;
			&lt;/td&gt;
		&lt;/tr&gt;
				&lt;tr id=&quot;syntaxplugin_code_and_gutter&quot;&gt;
						&lt;td  style=&quot; line-height: 1.4em !important; padding: 0em; vertical-align: top;&quot;&gt;
					&lt;pre style=&quot;font-size: 1em; margin: 0 10px;   width: auto; padding: 0;&quot;&gt;&lt;span style=&quot;color: black; font-family: &apos;Consolas&apos;, &apos;Bitstream Vera Sans Mono&apos;, &apos;Courier New&apos;, Courier, monospace !important;&quot;&gt;	at sun.reflect.NativeMethodAccessorImpl.invoke(NativeMethodAccessorImpl.java:57)&lt;/span&gt;&lt;/pre&gt;
			&lt;/td&gt;
		&lt;/tr&gt;
				&lt;tr id=&quot;syntaxplugin_code_and_gutter&quot;&gt;
						&lt;td  style=&quot; line-height: 1.4em !important; padding: 0em; vertical-align: top;&quot;&gt;
					&lt;pre style=&quot;font-size: 1em; margin: 0 10px;   width: auto; padding: 0;&quot;&gt;&lt;span style=&quot;color: black; font-family: &apos;Consolas&apos;, &apos;Bitstream Vera Sans Mono&apos;, &apos;Courier New&apos;, Courier, monospace !important;&quot;&gt;	at com.intellij.rt.execution.application.AppMain.main(AppMain.java:120)&lt;/span&gt;&lt;/pre&gt;
			&lt;/td&gt;
		&lt;/tr&gt;
				&lt;tr id=&quot;syntaxplugin_code_and_gutter&quot;&gt;
						&lt;td  style=&quot; line-height: 1.4em !important; padding: 0em; vertical-align: top;&quot;&gt;
					&lt;pre style=&quot;font-size: 1em; margin: 0 10px;   width: auto; padding: 0;&quot;&gt;&lt;span style=&quot;color: black; font-family: &apos;Consolas&apos;, &apos;Bitstream Vera Sans Mono&apos;, &apos;Courier New&apos;, Courier, monospace !important;&quot;&gt;Caused by: org.springframework.beans.factory.BeanCreationException: Error creating bean with name &apos;mappingConverter&apos;: Instantiation of bean failed; nested exception is org.springframework.beans.BeanInstantiationException: Could not instantiate bean class [org.springframework.data.mongodb.core.convert.MappingMongoConverter]: Constructor threw exception; nested exception is java.lang.IllegalArgumentException: Detected mapping ambiguity! String document cannot be mapped to more than one type!&lt;/span&gt;&lt;/pre&gt;
			&lt;/td&gt;
		&lt;/tr&gt;
				&lt;tr id=&quot;syntaxplugin_code_and_gutter&quot;&gt;
						&lt;td  style=&quot; line-height: 1.4em !important; padding: 0em; vertical-align: top;&quot;&gt;
					&lt;pre style=&quot;font-size: 1em; margin: 0 10px;   width: auto; padding: 0;&quot;&gt;&lt;span style=&quot;color: black; font-family: &apos;Consolas&apos;, &apos;Bitstream Vera Sans Mono&apos;, &apos;Courier New&apos;, Courier, monospace !important;&quot;&gt;	at org.springframework.beans.factory.support.ConstructorResolver.autowireConstructor(ConstructorResolver.java:285)&lt;/span&gt;&lt;/pre&gt;
			&lt;/td&gt;
		&lt;/tr&gt;
				&lt;tr id=&quot;syntaxplugin_code_and_gutter&quot;&gt;
						&lt;td  style=&quot; line-height: 1.4em !important; padding: 0em; vertical-align: top;&quot;&gt;
					&lt;pre style=&quot;font-size: 1em; margin: 0 10px;   width: auto; padding: 0;&quot;&gt;&lt;span style=&quot;color: black; font-family: &apos;Consolas&apos;, &apos;Bitstream Vera Sans Mono&apos;, &apos;Courier New&apos;, Courier, monospace !important;&quot;&gt;	at org.springframework.beans.factory.support.AbstractAutowireCapableBeanFactory.autowireConstructor(AbstractAutowireCapableBeanFactory.java:1075)&lt;/span&gt;&lt;/pre&gt;
			&lt;/td&gt;
		&lt;/tr&gt;
				&lt;tr id=&quot;syntaxplugin_code_and_gutter&quot;&gt;
						&lt;td  style=&quot; line-height: 1.4em !important; padding: 0em; vertical-align: top;&quot;&gt;
					&lt;pre style=&quot;font-size: 1em; margin: 0 10px;   width: auto; padding: 0;&quot;&gt;&lt;span style=&quot;color: black; font-family: &apos;Consolas&apos;, &apos;Bitstream Vera Sans Mono&apos;, &apos;Courier New&apos;, Courier, monospace !important;&quot;&gt;	at org.springframework.beans.factory.support.AbstractAutowireCapableBeanFactory.createBeanInstance(AbstractAutowireCapableBeanFactory.java:979)&lt;/span&gt;&lt;/pre&gt;
			&lt;/td&gt;
		&lt;/tr&gt;
				&lt;tr id=&quot;syntaxplugin_code_and_gutter&quot;&gt;
						&lt;td  style=&quot; line-height: 1.4em !important; padding: 0em; vertical-align: top;&quot;&gt;
					&lt;pre style=&quot;font-size: 1em; margin: 0 10px;   width: auto; padding: 0;&quot;&gt;&lt;span style=&quot;color: black; font-family: &apos;Consolas&apos;, &apos;Bitstream Vera Sans Mono&apos;, &apos;Courier New&apos;, Courier, monospace !important;&quot;&gt;	at org.springframework.beans.factory.support.AbstractAutowireCapableBeanFactory.doCreateBean(AbstractAutowireCapableBeanFactory.java:487)&lt;/span&gt;&lt;/pre&gt;
			&lt;/td&gt;
		&lt;/tr&gt;
				&lt;tr id=&quot;syntaxplugin_code_and_gutter&quot;&gt;
						&lt;td  style=&quot; line-height: 1.4em !important; padding: 0em; vertical-align: top;&quot;&gt;
					&lt;pre style=&quot;font-size: 1em; margin: 0 10px;   width: auto; padding: 0;&quot;&gt;&lt;span style=&quot;color: black; font-family: &apos;Consolas&apos;, &apos;Bitstream Vera Sans Mono&apos;, &apos;Courier New&apos;, Courier, monospace !important;&quot;&gt;	at org.springframework.beans.factory.support.AbstractAutowireCapableBeanFactory.createBean(AbstractAutowireCapableBeanFactory.java:458)&lt;/span&gt;&lt;/pre&gt;
			&lt;/td&gt;
		&lt;/tr&gt;
				&lt;tr id=&quot;syntaxplugin_code_and_gutter&quot;&gt;
						&lt;td  style=&quot; line-height: 1.4em !important; padding: 0em; vertical-align: top;&quot;&gt;
					&lt;pre style=&quot;font-size: 1em; margin: 0 10px;   width: auto; padding: 0;&quot;&gt;&lt;span style=&quot;color: black; font-family: &apos;Consolas&apos;, &apos;Bitstream Vera Sans Mono&apos;, &apos;Courier New&apos;, Courier, monospace !important;&quot;&gt;	at org.springframework.beans.factory.support.AbstractBeanFactory$1.getObject(AbstractBeanFactory.java:296)&lt;/span&gt;&lt;/pre&gt;
			&lt;/td&gt;
		&lt;/tr&gt;
				&lt;tr id=&quot;syntaxplugin_code_and_gutter&quot;&gt;
						&lt;td  style=&quot; line-height: 1.4em !important; padding: 0em; vertical-align: top;&quot;&gt;
					&lt;pre style=&quot;font-size: 1em; margin: 0 10px;   width: auto; padding: 0;&quot;&gt;&lt;span style=&quot;color: black; font-family: &apos;Consolas&apos;, &apos;Bitstream Vera Sans Mono&apos;, &apos;Courier New&apos;, Courier, monospace !important;&quot;&gt;	at org.springframework.beans.factory.support.DefaultSingletonBeanRegistry.getSingleton(DefaultSingletonBeanRegistry.java:223)&lt;/span&gt;&lt;/pre&gt;
			&lt;/td&gt;
		&lt;/tr&gt;
				&lt;tr id=&quot;syntaxplugin_code_and_gutter&quot;&gt;
						&lt;td  style=&quot; line-height: 1.4em !important; padding: 0em; vertical-align: top;&quot;&gt;
					&lt;pre style=&quot;font-size: 1em; margin: 0 10px;   width: auto; padding: 0;&quot;&gt;&lt;span style=&quot;color: black; font-family: &apos;Consolas&apos;, &apos;Bitstream Vera Sans Mono&apos;, &apos;Courier New&apos;, Courier, monospace !important;&quot;&gt;	at org.springframework.beans.factory.support.AbstractBeanFactory.doGetBean(AbstractBeanFactory.java:293)&lt;/span&gt;&lt;/pre&gt;
			&lt;/td&gt;
		&lt;/tr&gt;
				&lt;tr id=&quot;syntaxplugin_code_and_gutter&quot;&gt;
						&lt;td  style=&quot; line-height: 1.4em !important; padding: 0em; vertical-align: top;&quot;&gt;
					&lt;pre style=&quot;font-size: 1em; margin: 0 10px;   width: auto; padding: 0;&quot;&gt;&lt;span style=&quot;color: black; font-family: &apos;Consolas&apos;, &apos;Bitstream Vera Sans Mono&apos;, &apos;Courier New&apos;, Courier, monospace !important;&quot;&gt;	at org.springframework.beans.factory.support.AbstractBeanFactory.getBean(AbstractBeanFactory.java:194)&lt;/span&gt;&lt;/pre&gt;
			&lt;/td&gt;
		&lt;/tr&gt;
				&lt;tr id=&quot;syntaxplugin_code_and_gutter&quot;&gt;
						&lt;td  style=&quot; line-height: 1.4em !important; padding: 0em; vertical-align: top;&quot;&gt;
					&lt;pre style=&quot;font-size: 1em; margin: 0 10px;   width: auto; padding: 0;&quot;&gt;&lt;span style=&quot;color: black; font-family: &apos;Consolas&apos;, &apos;Bitstream Vera Sans Mono&apos;, &apos;Courier New&apos;, Courier, monospace !important;&quot;&gt;	at org.springframework.beans.factory.support.DefaultListableBeanFactory.preInstantiateSingletons(DefaultListableBeanFactory.java:628)&lt;/span&gt;&lt;/pre&gt;
			&lt;/td&gt;
		&lt;/tr&gt;
				&lt;tr id=&quot;syntaxplugin_code_and_gutter&quot;&gt;
						&lt;td  style=&quot; line-height: 1.4em !important; padding: 0em; vertical-align: top;&quot;&gt;
					&lt;pre style=&quot;font-size: 1em; margin: 0 10px;   width: auto; padding: 0;&quot;&gt;&lt;span style=&quot;color: black; font-family: &apos;Consolas&apos;, &apos;Bitstream Vera Sans Mono&apos;, &apos;Courier New&apos;, Courier, monospace !important;&quot;&gt;	at org.springframework.context.support.AbstractApplicationContext.finishBeanFactoryInitialization(AbstractApplicationContext.java:932)&lt;/span&gt;&lt;/pre&gt;
			&lt;/td&gt;
		&lt;/tr&gt;
				&lt;tr id=&quot;syntaxplugin_code_and_gutter&quot;&gt;
						&lt;td  style=&quot; line-height: 1.4em !important; padding: 0em; vertical-align: top;&quot;&gt;
					&lt;pre style=&quot;font-size: 1em; margin: 0 10px;   width: auto; padding: 0;&quot;&gt;&lt;span style=&quot;color: black; font-family: &apos;Consolas&apos;, &apos;Bitstream Vera Sans Mono&apos;, &apos;Courier New&apos;, Courier, monospace !important;&quot;&gt;	at org.springframework.context.support.AbstractApplicationContext.refresh(AbstractApplicationContext.java:479)&lt;/span&gt;&lt;/pre&gt;
			&lt;/td&gt;
		&lt;/tr&gt;
				&lt;tr id=&quot;syntaxplugin_code_and_gutter&quot;&gt;
						&lt;td  style=&quot; line-height: 1.4em !important; padding: 0em; vertical-align: top;&quot;&gt;
					&lt;pre style=&quot;font-size: 1em; margin: 0 10px;   width: auto; padding: 0;&quot;&gt;&lt;span style=&quot;color: black; font-family: &apos;Consolas&apos;, &apos;Bitstream Vera Sans Mono&apos;, &apos;Courier New&apos;, Courier, monospace !important;&quot;&gt;	at org.springframework.test.context.support.AbstractGenericContextLoader.loadContext(AbstractGenericContextLoader.java:120)&lt;/span&gt;&lt;/pre&gt;
			&lt;/td&gt;
		&lt;/tr&gt;
				&lt;tr id=&quot;syntaxplugin_code_and_gutter&quot;&gt;
						&lt;td  style=&quot; line-height: 1.4em !important; padding: 0em; vertical-align: top;&quot;&gt;
					&lt;pre style=&quot;font-size: 1em; margin: 0 10px;   width: auto; padding: 0;&quot;&gt;&lt;span style=&quot;color: black; font-family: &apos;Consolas&apos;, &apos;Bitstream Vera Sans Mono&apos;, &apos;Courier New&apos;, Courier, monospace !important;&quot;&gt;	at org.springframework.test.context.support.AbstractGenericContextLoader.loadContext(AbstractGenericContextLoader.java:60)&lt;/span&gt;&lt;/pre&gt;
			&lt;/td&gt;
		&lt;/tr&gt;
				&lt;tr id=&quot;syntaxplugin_code_and_gutter&quot;&gt;
						&lt;td  style=&quot; line-height: 1.4em !important; padding: 0em; vertical-align: top;&quot;&gt;
					&lt;pre style=&quot;font-size: 1em; margin: 0 10px;   width: auto; padding: 0;&quot;&gt;&lt;span style=&quot;color: black; font-family: &apos;Consolas&apos;, &apos;Bitstream Vera Sans Mono&apos;, &apos;Courier New&apos;, Courier, monospace !important;&quot;&gt;	at org.springframework.test.context.support.AbstractDelegatingSmartContextLoader.delegateLoading(AbstractDelegatingSmartContextLoader.java:100)&lt;/span&gt;&lt;/pre&gt;
			&lt;/td&gt;
		&lt;/tr&gt;
				&lt;tr id=&quot;syntaxplugin_code_and_gutter&quot;&gt;
						&lt;td  style=&quot; line-height: 1.4em !important; padding: 0em; vertical-align: top;&quot;&gt;
					&lt;pre style=&quot;font-size: 1em; margin: 0 10px;   width: auto; padding: 0;&quot;&gt;&lt;span style=&quot;color: black; font-family: &apos;Consolas&apos;, &apos;Bitstream Vera Sans Mono&apos;, &apos;Courier New&apos;, Courier, monospace !important;&quot;&gt;	at org.springframework.test.context.support.AbstractDelegatingSmartContextLoader.loadContext(AbstractDelegatingSmartContextLoader.java:248)&lt;/span&gt;&lt;/pre&gt;
			&lt;/td&gt;
		&lt;/tr&gt;
				&lt;tr id=&quot;syntaxplugin_code_and_gutter&quot;&gt;
						&lt;td  style=&quot; line-height: 1.4em !important; padding: 0em; vertical-align: top;&quot;&gt;
					&lt;pre style=&quot;font-size: 1em; margin: 0 10px;   width: auto; padding: 0;&quot;&gt;&lt;span style=&quot;color: black; font-family: &apos;Consolas&apos;, &apos;Bitstream Vera Sans Mono&apos;, &apos;Courier New&apos;, Courier, monospace !important;&quot;&gt;	at org.springframework.test.context.CacheAwareContextLoaderDelegate.loadContextInternal(CacheAwareContextLoaderDelegate.java:64)&lt;/span&gt;&lt;/pre&gt;
			&lt;/td&gt;
		&lt;/tr&gt;
				&lt;tr id=&quot;syntaxplugin_code_and_gutter&quot;&gt;
						&lt;td  style=&quot; line-height: 1.4em !important; padding: 0em; vertical-align: top;&quot;&gt;
					&lt;pre style=&quot;font-size: 1em; margin: 0 10px;   width: auto; padding: 0;&quot;&gt;&lt;span style=&quot;color: black; font-family: &apos;Consolas&apos;, &apos;Bitstream Vera Sans Mono&apos;, &apos;Courier New&apos;, Courier, monospace !important;&quot;&gt;	at org.springframework.test.context.CacheAwareContextLoaderDelegate.loadContext(CacheAwareContextLoaderDelegate.java:91)&lt;/span&gt;&lt;/pre&gt;
			&lt;/td&gt;
		&lt;/tr&gt;
				&lt;tr id=&quot;syntaxplugin_code_and_gutter&quot;&gt;
						&lt;td  style=&quot; line-height: 1.4em !important; padding: 0em; vertical-align: top;&quot;&gt;
					&lt;pre style=&quot;font-size: 1em; margin: 0 10px;   width: auto; padding: 0;&quot;&gt;&lt;span style=&quot;color: black; font-family: &apos;Consolas&apos;, &apos;Bitstream Vera Sans Mono&apos;, &apos;Courier New&apos;, Courier, monospace !important;&quot;&gt;	... 28 more&lt;/span&gt;&lt;/pre&gt;
			&lt;/td&gt;
		&lt;/tr&gt;
				&lt;tr id=&quot;syntaxplugin_code_and_gutter&quot;&gt;
						&lt;td  style=&quot; line-height: 1.4em !important; padding: 0em; vertical-align: top;&quot;&gt;
					&lt;pre style=&quot;font-size: 1em; margin: 0 10px;   width: auto; padding: 0;&quot;&gt;&lt;span style=&quot;color: black; font-family: &apos;Consolas&apos;, &apos;Bitstream Vera Sans Mono&apos;, &apos;Courier New&apos;, Courier, monospace !important;&quot;&gt;Caused by: org.springframework.beans.BeanInstantiationException: Could not instantiate bean class [org.springframework.data.mongodb.core.convert.MappingMongoConverter]: Constructor threw exception; nested exception is java.lang.IllegalArgumentException: Detected mapping ambiguity! String document cannot be mapped to more than one type!&lt;/span&gt;&lt;/pre&gt;
			&lt;/td&gt;
		&lt;/tr&gt;
				&lt;tr id=&quot;syntaxplugin_code_and_gutter&quot;&gt;
						&lt;td  style=&quot; line-height: 1.4em !important; padding: 0em; vertical-align: top;&quot;&gt;
					&lt;pre style=&quot;font-size: 1em; margin: 0 10px;   width: auto; padding: 0;&quot;&gt;&lt;span style=&quot;color: black; font-family: &apos;Consolas&apos;, &apos;Bitstream Vera Sans Mono&apos;, &apos;Courier New&apos;, Courier, monospace !important;&quot;&gt;	at org.springframework.beans.BeanUtils.instantiateClass(BeanUtils.java:163)&lt;/span&gt;&lt;/pre&gt;
			&lt;/td&gt;
		&lt;/tr&gt;
				&lt;tr id=&quot;syntaxplugin_code_and_gutter&quot;&gt;
						&lt;td  style=&quot; line-height: 1.4em !important; padding: 0em; vertical-align: top;&quot;&gt;
					&lt;pre style=&quot;font-size: 1em; margin: 0 10px;   width: auto; padding: 0;&quot;&gt;&lt;span style=&quot;color: black; font-family: &apos;Consolas&apos;, &apos;Bitstream Vera Sans Mono&apos;, &apos;Courier New&apos;, Courier, monospace !important;&quot;&gt;	at org.springframework.beans.factory.support.SimpleInstantiationStrategy.instantiate(SimpleInstantiationStrategy.java:121)&lt;/span&gt;&lt;/pre&gt;
			&lt;/td&gt;
		&lt;/tr&gt;
				&lt;tr id=&quot;syntaxplugin_code_and_gutter&quot;&gt;
						&lt;td  style=&quot; line-height: 1.4em !important; padding: 0em; vertical-align: top;&quot;&gt;
					&lt;pre style=&quot;font-size: 1em; margin: 0 10px;   width: auto; padding: 0;&quot;&gt;&lt;span style=&quot;color: black; font-family: &apos;Consolas&apos;, &apos;Bitstream Vera Sans Mono&apos;, &apos;Courier New&apos;, Courier, monospace !important;&quot;&gt;	at org.springframework.beans.factory.support.ConstructorResolver.autowireConstructor(ConstructorResolver.java:277)&lt;/span&gt;&lt;/pre&gt;
			&lt;/td&gt;
		&lt;/tr&gt;
				&lt;tr id=&quot;syntaxplugin_code_and_gutter&quot;&gt;
						&lt;td  style=&quot; line-height: 1.4em !important; padding: 0em; vertical-align: top;&quot;&gt;
					&lt;pre style=&quot;font-size: 1em; margin: 0 10px;   width: auto; padding: 0;&quot;&gt;&lt;span style=&quot;color: black; font-family: &apos;Consolas&apos;, &apos;Bitstream Vera Sans Mono&apos;, &apos;Courier New&apos;, Courier, monospace !important;&quot;&gt;	... 45 more&lt;/span&gt;&lt;/pre&gt;
			&lt;/td&gt;
		&lt;/tr&gt;
				&lt;tr id=&quot;syntaxplugin_code_and_gutter&quot;&gt;
						&lt;td  style=&quot; line-height: 1.4em !important; padding: 0em; vertical-align: top;&quot;&gt;
					&lt;pre style=&quot;font-size: 1em; margin: 0 10px;   width: auto; padding: 0;&quot;&gt;&lt;span style=&quot;color: black; font-family: &apos;Consolas&apos;, &apos;Bitstream Vera Sans Mono&apos;, &apos;Courier New&apos;, Courier, monospace !important;&quot;&gt;Caused by: java.lang.IllegalArgumentException: Detected mapping ambiguity! String document cannot be mapped to more than one type!&lt;/span&gt;&lt;/pre&gt;
			&lt;/td&gt;
		&lt;/tr&gt;
				&lt;tr id=&quot;syntaxplugin_code_and_gutter&quot;&gt;
						&lt;td  style=&quot; line-height: 1.4em !important; padding: 0em; vertical-align: top;&quot;&gt;
					&lt;pre style=&quot;font-size: 1em; margin: 0 10px;   width: auto; padding: 0;&quot;&gt;&lt;span style=&quot;color: black; font-family: &apos;Consolas&apos;, &apos;Bitstream Vera Sans Mono&apos;, &apos;Courier New&apos;, Courier, monospace !important;&quot;&gt;	at org.springframework.data.convert.MappingContextTypeInformationMapper.safelyAddToCache(MappingContextTypeInformationMapper.java:94)&lt;/span&gt;&lt;/pre&gt;
			&lt;/td&gt;
		&lt;/tr&gt;
				&lt;tr id=&quot;syntaxplugin_code_and_gutter&quot;&gt;
						&lt;td  style=&quot; line-height: 1.4em !important; padding: 0em; vertical-align: top;&quot;&gt;
					&lt;pre style=&quot;font-size: 1em; margin: 0 10px;   width: auto; padding: 0;&quot;&gt;&lt;span style=&quot;color: black; font-family: &apos;Consolas&apos;, &apos;Bitstream Vera Sans Mono&apos;, &apos;Courier New&apos;, Courier, monospace !important;&quot;&gt;	at org.springframework.data.convert.MappingContextTypeInformationMapper.&amp;lt;init&amp;gt;(MappingContextTypeInformationMapper.java:53)&lt;/span&gt;&lt;/pre&gt;
			&lt;/td&gt;
		&lt;/tr&gt;
				&lt;tr id=&quot;syntaxplugin_code_and_gutter&quot;&gt;
						&lt;td  style=&quot; line-height: 1.4em !important; padding: 0em; vertical-align: top;&quot;&gt;
					&lt;pre style=&quot;font-size: 1em; margin: 0 10px;   width: auto; padding: 0;&quot;&gt;&lt;span style=&quot;color: black; font-family: &apos;Consolas&apos;, &apos;Bitstream Vera Sans Mono&apos;, &apos;Courier New&apos;, Courier, monospace !important;&quot;&gt;	at org.springframework.data.convert.DefaultTypeMapper.&amp;lt;init&amp;gt;(DefaultTypeMapper.java:85)&lt;/span&gt;&lt;/pre&gt;
			&lt;/td&gt;
		&lt;/tr&gt;
				&lt;tr id=&quot;syntaxplugin_code_and_gutter&quot;&gt;
						&lt;td  style=&quot; line-height: 1.4em !important; padding: 0em; vertical-align: top;&quot;&gt;
					&lt;pre style=&quot;font-size: 1em; margin: 0 10px;   width: auto; padding: 0;&quot;&gt;&lt;span style=&quot;color: black; font-family: &apos;Consolas&apos;, &apos;Bitstream Vera Sans Mono&apos;, &apos;Courier New&apos;, Courier, monospace !important;&quot;&gt;	at org.springframework.data.mongodb.core.convert.DefaultMongoTypeMapper.&amp;lt;init&amp;gt;(DefaultMongoTypeMapper.java:76)&lt;/span&gt;&lt;/pre&gt;
			&lt;/td&gt;
		&lt;/tr&gt;
				&lt;tr id=&quot;syntaxplugin_code_and_gutter&quot;&gt;
						&lt;td  style=&quot; line-height: 1.4em !important; padding: 0em; vertical-align: top;&quot;&gt;
					&lt;pre style=&quot;font-size: 1em; margin: 0 10px;   width: auto; padding: 0;&quot;&gt;&lt;span style=&quot;color: black; font-family: &apos;Consolas&apos;, &apos;Bitstream Vera Sans Mono&apos;, &apos;Courier New&apos;, Courier, monospace !important;&quot;&gt;	at org.springframework.data.mongodb.core.convert.DefaultMongoTypeMapper.&amp;lt;init&amp;gt;(DefaultMongoTypeMapper.java:65)&lt;/span&gt;&lt;/pre&gt;
			&lt;/td&gt;
		&lt;/tr&gt;
				&lt;tr id=&quot;syntaxplugin_code_and_gutter&quot;&gt;
						&lt;td  style=&quot; line-height: 1.4em !important; padding: 0em; vertical-align: top;&quot;&gt;
					&lt;pre style=&quot;font-size: 1em; margin: 0 10px;   width: auto; padding: 0;&quot;&gt;&lt;span style=&quot;color: black; font-family: &apos;Consolas&apos;, &apos;Bitstream Vera Sans Mono&apos;, &apos;Courier New&apos;, Courier, monospace !important;&quot;&gt;	at org.springframework.data.mongodb.core.convert.MappingMongoConverter.&amp;lt;init&amp;gt;(MappingMongoConverter.java:110)&lt;/span&gt;&lt;/pre&gt;
			&lt;/td&gt;
		&lt;/tr&gt;
				&lt;tr id=&quot;syntaxplugin_code_and_gutter&quot;&gt;
						&lt;td  style=&quot; line-height: 1.4em !important; padding: 0em; vertical-align: top;&quot;&gt;
					&lt;pre style=&quot;font-size: 1em; margin: 0 10px;   width: auto; padding: 0;&quot;&gt;&lt;span style=&quot;color: black; font-family: &apos;Consolas&apos;, &apos;Bitstream Vera Sans Mono&apos;, &apos;Courier New&apos;, Courier, monospace !important;&quot;&gt;	at org.springframework.data.mongodb.core.convert.MappingMongoConverter.&amp;lt;init&amp;gt;(MappingMongoConverter.java:126)&lt;/span&gt;&lt;/pre&gt;
			&lt;/td&gt;
		&lt;/tr&gt;
				&lt;tr id=&quot;syntaxplugin_code_and_gutter&quot;&gt;
						&lt;td  style=&quot; line-height: 1.4em !important; padding: 0em; vertical-align: top;&quot;&gt;
					&lt;pre style=&quot;font-size: 1em; margin: 0 10px;   width: auto; padding: 0;&quot;&gt;&lt;span style=&quot;color: black; font-family: &apos;Consolas&apos;, &apos;Bitstream Vera Sans Mono&apos;, &apos;Courier New&apos;, Courier, monospace !important;&quot;&gt;	at sun.reflect.NativeConstructorAccessorImpl.newInstance0(Native Method)&lt;/span&gt;&lt;/pre&gt;
			&lt;/td&gt;
		&lt;/tr&gt;
				&lt;tr id=&quot;syntaxplugin_code_and_gutter&quot;&gt;
						&lt;td  style=&quot; line-height: 1.4em !important; padding: 0em; vertical-align: top;&quot;&gt;
					&lt;pre style=&quot;font-size: 1em; margin: 0 10px;   width: auto; padding: 0;&quot;&gt;&lt;span style=&quot;color: black; font-family: &apos;Consolas&apos;, &apos;Bitstream Vera Sans Mono&apos;, &apos;Courier New&apos;, Courier, monospace !important;&quot;&gt;	at sun.reflect.NativeConstructorAccessorImpl.newInstance(NativeConstructorAccessorImpl.java:57)&lt;/span&gt;&lt;/pre&gt;
			&lt;/td&gt;
		&lt;/tr&gt;
				&lt;tr id=&quot;syntaxplugin_code_and_gutter&quot;&gt;
						&lt;td  style=&quot; line-height: 1.4em !important; padding: 0em; vertical-align: top;&quot;&gt;
					&lt;pre style=&quot;font-size: 1em; margin: 0 10px;   width: auto; padding: 0;&quot;&gt;&lt;span style=&quot;color: black; font-family: &apos;Consolas&apos;, &apos;Bitstream Vera Sans Mono&apos;, &apos;Courier New&apos;, Courier, monospace !important;&quot;&gt;	at sun.reflect.DelegatingConstructorAccessorImpl.newInstance(DelegatingConstructorAccessorImpl.java:45)&lt;/span&gt;&lt;/pre&gt;
			&lt;/td&gt;
		&lt;/tr&gt;
				&lt;tr id=&quot;syntaxplugin_code_and_gutter&quot;&gt;
						&lt;td  style=&quot; line-height: 1.4em !important; padding: 0em; vertical-align: top;&quot;&gt;
					&lt;pre style=&quot;font-size: 1em; margin: 0 10px;   width: auto; padding: 0;&quot;&gt;&lt;span style=&quot;color: black; font-family: &apos;Consolas&apos;, &apos;Bitstream Vera Sans Mono&apos;, &apos;Courier New&apos;, Courier, monospace !important;&quot;&gt;	at java.lang.reflect.Constructor.newInstance(Constructor.java:526)&lt;/span&gt;&lt;/pre&gt;
			&lt;/td&gt;
		&lt;/tr&gt;
				&lt;tr id=&quot;syntaxplugin_code_and_gutter&quot;&gt;
						&lt;td  style=&quot; line-height: 1.4em !important; padding: 0em; vertical-align: top;&quot;&gt;
					&lt;pre style=&quot;font-size: 1em; margin: 0 10px;   width: auto; padding: 0;&quot;&gt;&lt;span style=&quot;color: black; font-family: &apos;Consolas&apos;, &apos;Bitstream Vera Sans Mono&apos;, &apos;Courier New&apos;, Courier, monospace !important;&quot;&gt;	at org.springframework.beans.BeanUtils.instantiateClass(BeanUtils.java:148)&lt;/span&gt;&lt;/pre&gt;
			&lt;/td&gt;
		&lt;/tr&gt;
				&lt;tr id=&quot;syntaxplugin_code_and_gutter&quot;&gt;
						&lt;td  style=&quot; line-height: 1.4em !important; padding: 0em; vertical-align: top;&quot;&gt;
					&lt;pre style=&quot;font-size: 1em; margin: 0 10px;   margin-bottom: 10px;  width: auto; padding: 0;&quot;&gt;&lt;span style=&quot;color: black; font-family: &apos;Consolas&apos;, &apos;Bitstream Vera Sans Mono&apos;, &apos;Courier New&apos;, Courier, monospace !important;&quot;&gt;	... 47 more&lt;/span&gt;&lt;/pre&gt;
			&lt;/td&gt;
		&lt;/tr&gt;
			&lt;/tbody&gt;
&lt;/table&gt;
&lt;/div&gt;
&lt;p/&gt;</description>
                <environment>spring-data-mongodb 1.4.1.RELEASE, Mac, MongoDB 2.2.3</environment>
        <key id="56848">DATACMNS-485</key>
            <summary>Detected mapping ambiguity when using @TypeAlias on a class with generics type</summary>
                <type id="1" iconUrl="https://jira.spring.io/images/icons/issuetypes/bug.png">Bug</type>
                                            <priority id="4" iconUrl="https://jira.spring.io/images/icons/priorities/minor.png">Minor</priority>
                        <status id="6" iconUrl="https://jira.spring.io/images/icons/statuses/closed.png" description="The issue is considered finished, the resolution is correct. Issues which are not closed can be reopened.">Closed</status>
                    <statusCategory id="3" key="done" colorName="green"/>
                                    <resolution id="1">Fixed</resolution>
                                        <assignee username="olivergierke">Oliver Gierke</assignee>
                                    <reporter username="sbarlabanov">Sergiy Barlabanov</reporter>
                        <labels>
                    </labels>
                <created>Tue, 1 Apr 2014 12:00:48 +0000</created>
                <updated>Wed, 16 Apr 2014 01:59:17 +0000</updated>
                            <resolved>Mon, 14 Apr 2014 22:51:44 +0000</resolved>
                                                    <fixVersion>1.7.2 (Codd SR2)</fixVersion>
                    <fixVersion>1.8 RC1 (Dijkstra)</fixVersion>
                                        <due></due>
                            <votes>0</votes>
                                    <watches>2</watches>
                                                                <comments>
                            <comment id="101309" author="olivergierke" created="Wed, 2 Apr 2014 00:43:03 +0000"  >&lt;p&gt;Thanks for the detailed write up. I could identify the core issue as being centered around our type detection infrastructure. This should be fixed in latest master and the 1.7.x snapshots. If you use Spring Data Commons from the MongoDB module, simply upgrade to a snapshot version of that. This will pull in the fixed Spring Data Commons snapshot transitively.&lt;/p&gt;</comment>
                            <comment id="101357" author="sbarlabanov" created="Thu, 3 Apr 2014 00:42:25 +0000"  >&lt;p&gt;Hey, that was quite fast &lt;img class=&quot;emoticon&quot; src=&quot;https://jira.spring.io/images/icons/emoticons/wink.png&quot; height=&quot;16&quot; width=&quot;16&quot; align=&quot;absmiddle&quot; alt=&quot;&quot; border=&quot;0&quot;/&gt;.&lt;br/&gt;
Thanks.&lt;/p&gt;</comment>
                            <comment id="101358" author="olivergierke" created="Thu, 3 Apr 2014 00:46:02 +0000"  >&lt;p&gt;Hehe, it&apos;s a bug after all &lt;img class=&quot;emoticon&quot; src=&quot;https://jira.spring.io/images/icons/emoticons/smile.png&quot; height=&quot;16&quot; width=&quot;16&quot; align=&quot;absmiddle&quot; alt=&quot;&quot; border=&quot;0&quot;/&gt;. Does your comment imply you see this working with the latest snapshots?&lt;/p&gt;</comment>
                            <comment id="101464" author="sbarlabanov" created="Sun, 6 Apr 2014 13:23:31 +0000"  >&lt;p&gt;Sorry for the delay, Oliver.&lt;br/&gt;
With spring-data-mongodb 1.5.0.M1 (means spring-data-commons:jar:1.8.0.M1) the same exception occurs &lt;img class=&quot;emoticon&quot; src=&quot;https://jira.spring.io/images/icons/emoticons/sad.png&quot; height=&quot;16&quot; width=&quot;16&quot; align=&quot;absmiddle&quot; alt=&quot;&quot; border=&quot;0&quot;/&gt;. Or is it the wrong version to try and your fix is not inside?&lt;br/&gt;
You can try it with the small maven project I attached to the issue. Just update the version of spring-data-mongodb in pom.xml and run &apos;mvn clean install &lt;img class=&quot;emoticon&quot; src=&quot;https://jira.spring.io/images/icons/emoticons/wink.png&quot; height=&quot;16&quot; width=&quot;16&quot; align=&quot;absmiddle&quot; alt=&quot;&quot; border=&quot;0&quot;/&gt;.&lt;/p&gt;</comment>
                            <comment id="101472" author="olivergierke" created="Mon, 7 Apr 2014 00:02:38 +0000"  >&lt;p&gt;You need to try the snapshots &lt;img class=&quot;emoticon&quot; src=&quot;https://jira.spring.io/images/icons/emoticons/smile.png&quot; height=&quot;16&quot; width=&quot;16&quot; align=&quot;absmiddle&quot; alt=&quot;&quot; border=&quot;0&quot;/&gt;. The fix made it in after we released M1 and is scheduled for M2.&lt;/p&gt;</comment>
                            <comment id="101531" author="sbarlabanov" created="Tue, 8 Apr 2014 01:35:59 +0000"  >&lt;p&gt;Here is a little bit more complex mapping - see Freelancer class. This mapping does not work -&amp;gt; Detected mapping ambiguity!&lt;/p&gt;</comment>
                            <comment id="101532" author="sbarlabanov" created="Tue, 8 Apr 2014 01:38:55 +0000"  >&lt;p&gt;So the old test case did work with 1.5.0-SNAPSHOT of data-mongodb. But I made it a little bit more complex and the same exception occurs again. I wrapped the type in a collection type in a super class. It is more complex, but there is still enough information to find out the correct types. And it works with 1.2 &lt;img class=&quot;emoticon&quot; src=&quot;https://jira.spring.io/images/icons/emoticons/tongue.png&quot; height=&quot;16&quot; width=&quot;16&quot; align=&quot;absmiddle&quot; alt=&quot;&quot; border=&quot;0&quot;/&gt;.&lt;/p&gt;</comment>
                            <comment id="101534" author="sbarlabanov" created="Tue, 8 Apr 2014 01:46:38 +0000"  >&lt;p&gt;I attached springbug-2.zip to the issue. It contains the extended test case.&lt;/p&gt;</comment>
                            <comment id="101691" author="sbarlabanov" created="Thu, 10 Apr 2014 09:30:09 +0000"  >&lt;p&gt;It is not fixed completely. Some more complex scenario still does not work (springbug-2.zip in the attachment). See the previous comments.&lt;/p&gt;</comment>
                    </comments>
                    <attachments>
                            <attachment id="21920" name="springbug-2.zip" size="6886" author="sbarlabanov" created="Tue, 8 Apr 2014 01:35:59 +0000"/>
                            <attachment id="21903" name="springbug.zip" size="5983" author="sbarlabanov" created="Tue, 1 Apr 2014 12:00:48 +0000"/>
                    </attachments>
                <subtasks>
                    </subtasks>
                <customfields>
                                                                            <customfield id="customfield_10170" key="com.atlassian.jira.ext.charting:firstresponsedate">
                        <customfieldname>First Response Date</customfieldname>
                        <customfieldvalues>
                            <customfieldvalue>Wed, 2 Apr 2014 00:43:03 +0000</customfieldvalue>

                        </customfieldvalues>
                    </customfield>
                                                                                            <customfield id="customfield_10280" key="com.pyxis.greenhopper.jira:gh-global-rank">
                        <customfieldname>Global Rank</customfieldname>
                        <customfieldvalues>
                            <customfieldvalue>43103</customfieldvalue>
                        </customfieldvalues>
                    </customfield>
                                                                <customfield id="customfield_10182" key="com.atlassian.jira.toolkit:lastupdaterorcommenter">
                        <customfieldname>Last updater</customfieldname>
                        <customfieldvalues>
                            <customfieldvalue>olivergierke</customfieldvalue>

                        </customfieldvalues>
                    </customfield>
                                                                                            <customfield id="customfield_10880" key="com.pyxis.greenhopper.jira:gh-lexo-rank">
                        <customfieldname>Rank</customfieldname>
                        <customfieldvalues>
                            <customfieldvalue>0|i07fs7:</customfieldvalue>

                        </customfieldvalues>
                    </customfield>
                                                                <customfield id="customfield_10380" key="com.pyxis.greenhopper.jira:gh-global-rank">
                        <customfieldname>Rank (Obsolete)</customfieldname>
                        <customfieldvalues>
                            <customfieldvalue>43429</customfieldvalue>
                        </customfieldvalues>
                    </customfield>
                                                                <customfield id="customfield_10381" key="com.pyxis.greenhopper.jira:gh-global-rank">
                        <customfieldname>Ranking</customfieldname>
                        <customfieldvalues>
                            <customfieldvalue>42805</customfieldvalue>
                        </customfieldvalues>
                    </customfield>
                                                                                                                        <customfield id="customfield_10480" key="com.pyxis.greenhopper.jira:gh-sprint">
                        <customfieldname>Sprint</customfieldname>
                        <customfieldvalues>
                                <customfieldvalue id="42">46 - Codd SR2</customfieldvalue>

                        </customfieldvalues>
                    </customfield>
                                                                <customfield id="customfield_10171" key="com.atlassian.jira.ext.charting:timeinstatus">
                        <customfieldname>Time in Status</customfieldname>
                        <customfieldvalues>
                            
                        </customfieldvalues>
                    </customfield>
                                                                </customfields>
    </item>
</channel>
</rss>