<!-- 
RSS generated by JIRA (6.4.11#64026-sha1:78f6ec473a3f058bd5d6c30e9319c7ab376bdb9c) at Thu Dec 22 13:12:38 UTC 2016

It is possible to restrict the fields that are returned in this document by specifying the 'field' parameter in your request.
For example, to request only the issue key and summary add field=key&field=summary to the URL of your request.
For example:
https://jira.spring.io/si/jira.issueviews:issue-xml/DATACMNS-352/DATACMNS-352.xml?field=key&amp;field=summary
-->
<rss version="0.92" >
<channel>
    <title>Spring JIRA</title>
    <link>https://jira.spring.io</link>
    <description>This file is an XML representation of an issue</description>
    <language>en-uk</language>    <build-info>
        <version>6.4.11</version>
        <build-number>64026</build-number>
        <build-date>25-08-2015</build-date>
    </build-info>

<item>
            <title>[DATACMNS-352] SortHandlerMethodArgumentResolver and PageableHandlerMethodArgumentResolver have inconsistent property names</title>
                <link>https://jira.spring.io/browse/DATACMNS-352</link>
                <project id="10510" key="DATACMNS">Spring Data Commons</project>
                    <description>&lt;p&gt;In &lt;tt&gt;SortHandlerMethodArgumentResolver&lt;/tt&gt; (added in 1.6), you can customize the request parameter name with method &lt;tt&gt;setSortParameter&lt;/tt&gt;. However, &lt;tt&gt;PageableHandlerMethodArgumentResolver&lt;/tt&gt; uses the word &quot;property&quot; instead of &quot;paramater&quot; for its request parameter properties: &lt;tt&gt;setPageProperty&lt;/tt&gt; and &lt;tt&gt;setSizeProperty&lt;/tt&gt;. These should be consistent. I prefer &quot;parameter&quot; because that reflects the fact that it&apos;s a &lt;em&gt;request parameter&lt;/em&gt;, but however they&apos;re named it should be consistent.&lt;/p&gt;</description>
                <environment></environment>
        <key id="50147">DATACMNS-352</key>
            <summary>SortHandlerMethodArgumentResolver and PageableHandlerMethodArgumentResolver have inconsistent property names</summary>
                <type id="1" iconUrl="https://jira.spring.io/images/icons/issuetypes/bug.png">Bug</type>
                                            <priority id="3" iconUrl="https://jira.spring.io/images/icons/priorities/major.png">Major</priority>
                        <status id="6" iconUrl="https://jira.spring.io/images/icons/statuses/closed.png" description="The issue is considered finished, the resolution is correct. Issues which are not closed can be reopened.">Closed</status>
                    <statusCategory id="3" key="done" colorName="green"/>
                                    <resolution id="1">Fixed</resolution>
                                        <assignee username="olivergierke">Oliver Gierke</assignee>
                                    <reporter username="guitarking117">Nick Williams</reporter>
                        <labels>
                    </labels>
                <created>Mon, 5 Aug 2013 19:29:05 +0000</created>
                <updated>Mon, 9 Sep 2013 20:58:54 +0000</updated>
                            <resolved>Tue, 13 Aug 2013 03:17:53 +0000</resolved>
                                    <version>1.6 RC1</version>
                                    <fixVersion>1.6 Final</fixVersion>
                                    <component>Core</component>
                        <due></due>
                            <votes>0</votes>
                                    <watches>1</watches>
                                                                <comments>
                            <comment id="92736" author="guitarking117" created="Tue, 13 Aug 2013 14:55:44 +0000"  >&lt;p&gt;Sweet. Thanks!&lt;/p&gt;</comment>
                    </comments>
                    <attachments>
                    </attachments>
                <subtasks>
                    </subtasks>
                <customfields>
                                                                                                                                    <customfield id="customfield_10280" key="com.pyxis.greenhopper.jira:gh-global-rank">
                        <customfieldname>Global Rank</customfieldname>
                        <customfieldvalues>
                            <customfieldvalue>36644</customfieldvalue>
                        </customfieldvalues>
                    </customfield>
                                                                <customfield id="customfield_10182" key="com.atlassian.jira.toolkit:lastupdaterorcommenter">
                        <customfieldname>Last updater</customfieldname>
                        <customfieldvalues>
                            <customfieldvalue>tmarshall</customfieldvalue>

                        </customfieldvalues>
                    </customfield>
                                                                                            <customfield id="customfield_10880" key="com.pyxis.greenhopper.jira:gh-lexo-rank">
                        <customfieldname>Rank</customfieldname>
                        <customfieldvalues>
                            <customfieldvalue>0|i008tj:</customfieldvalue>

                        </customfieldvalues>
                    </customfield>
                                                                <customfield id="customfield_10380" key="com.pyxis.greenhopper.jira:gh-global-rank">
                        <customfieldname>Rank (Obsolete)</customfieldname>
                        <customfieldvalues>
                            <customfieldvalue>1451</customfieldvalue>
                        </customfieldvalues>
                    </customfield>
                                                                <customfield id="customfield_10381" key="com.pyxis.greenhopper.jira:gh-global-rank">
                        <customfieldname>Ranking</customfieldname>
                        <customfieldvalues>
                            <customfieldvalue>36346</customfieldvalue>
                        </customfieldvalues>
                    </customfield>
                                                                                                                        <customfield id="customfield_10480" key="com.pyxis.greenhopper.jira:gh-sprint">
                        <customfieldname>Sprint</customfieldname>
                        <customfieldvalues>
                                <customfieldvalue id="17">The Road To SpringOne</customfieldvalue>

                        </customfieldvalues>
                    </customfield>
                                                                <customfield id="customfield_10171" key="com.atlassian.jira.ext.charting:timeinstatus">
                        <customfieldname>Time in Status</customfieldname>
                        <customfieldvalues>
                            
                        </customfieldvalues>
                    </customfield>
                                                                </customfields>
    </item>
</channel>
</rss>