<!-- 
RSS generated by JIRA (6.4.11#64026-sha1:78f6ec473a3f058bd5d6c30e9319c7ab376bdb9c) at Thu Dec 22 13:04:22 UTC 2016

It is possible to restrict the fields that are returned in this document by specifying the 'field' parameter in your request.
For example, to request only the issue key and summary add field=key&field=summary to the URL of your request.
For example:
https://jira.spring.io/si/jira.issueviews:issue-xml/DATACMNS-477/DATACMNS-477.xml?field=key&amp;field=summary
-->
<rss version="0.92" >
<channel>
    <title>Spring JIRA</title>
    <link>https://jira.spring.io</link>
    <description>This file is an XML representation of an issue</description>
    <language>en-uk</language>    <build-info>
        <version>6.4.11</version>
        <build-number>64026</build-number>
        <build-date>25-08-2015</build-date>
    </build-info>

<item>
            <title>[DATACMNS-477] PageableHandlerMethodArgumentResolver.setFallbackPageable(null) does not work as specified</title>
                <link>https://jira.spring.io/browse/DATACMNS-477</link>
                <project id="10510" key="DATACMNS">Spring Data Commons</project>
                    <description>&lt;p&gt;The javadoc indicates that passing null to this method is valid and should result in a null value handed into the controller method.  However if a null value is passed the result is a &lt;tt&gt;NullPointerException&lt;/tt&gt; thrown from the &lt;tt&gt;resolveArgument(&#8230;)&lt;/tt&gt; method.  It is clear from the implementation code in &lt;tt&gt;resolveArgument(&#8230;)&lt;/tt&gt; that a &lt;tt&gt;null&lt;/tt&gt; default is not anticipated.  The fix is relatively trivial: the &lt;tt&gt;resolveArgument(&#8230;)&lt;/tt&gt; method simply needs to return &lt;tt&gt;null&lt;/tt&gt; if the &lt;tt&gt;defaultOrFallback&lt;/tt&gt; value is &lt;tt&gt;null&lt;/tt&gt;.&lt;/p&gt;

&lt;p&gt;The ability to provide &lt;tt&gt;null&lt;/tt&gt; as a default value allows an application to support both paged and non paged results from a single controller method, depending on whether the page parameters are passed in.  The workaround is to declare separate methods and use request mappings to differentiate them based on presence of the page parameters in the request, but this seems awkward compared to being able to simply test for a &lt;tt&gt;null&lt;/tt&gt; pageable.&lt;/p&gt;</description>
                <environment></environment>
        <key id="56724">DATACMNS-477</key>
            <summary>PageableHandlerMethodArgumentResolver.setFallbackPageable(null) does not work as specified</summary>
                <type id="1" iconUrl="https://jira.spring.io/images/icons/issuetypes/bug.png">Bug</type>
                                            <priority id="4" iconUrl="https://jira.spring.io/images/icons/priorities/minor.png">Minor</priority>
                        <status id="6" iconUrl="https://jira.spring.io/images/icons/statuses/closed.png" description="The issue is considered finished, the resolution is correct. Issues which are not closed can be reopened.">Closed</status>
                    <statusCategory id="3" key="done" colorName="green"/>
                                    <resolution id="1">Fixed</resolution>
                                        <assignee username="olivergierke">Oliver Gierke</assignee>
                                    <reporter username="jkranes">Jon Kranes</reporter>
                        <labels>
                    </labels>
                <created>Wed, 26 Mar 2014 09:51:20 +0000</created>
                <updated>Mon, 31 Mar 2014 04:58:47 +0000</updated>
                            <resolved>Wed, 26 Mar 2014 10:24:20 +0000</resolved>
                                    <version>1.7.1 (Codd SR1)</version>
                                    <fixVersion>1.8 M1 (Dijkstra)</fixVersion>
                    <fixVersion>1.7.2 (Codd SR2)</fixVersion>
                                    <component>Core</component>
                        <due></due>
                            <votes>0</votes>
                                    <watches>1</watches>
                                                                        <attachments>
                    </attachments>
                <subtasks>
                    </subtasks>
                <customfields>
                                                                                                                                    <customfield id="customfield_10280" key="com.pyxis.greenhopper.jira:gh-global-rank">
                        <customfieldname>Global Rank</customfieldname>
                        <customfieldvalues>
                            <customfieldvalue>42980</customfieldvalue>
                        </customfieldvalues>
                    </customfield>
                                                                <customfield id="customfield_10182" key="com.atlassian.jira.toolkit:lastupdaterorcommenter">
                        <customfieldname>Last updater</customfieldname>
                        <customfieldvalues>
                            <customfieldvalue>olivergierke</customfieldvalue>

                        </customfieldvalues>
                    </customfield>
                                                                                            <customfield id="customfield_10880" key="com.pyxis.greenhopper.jira:gh-lexo-rank">
                        <customfieldname>Rank</customfieldname>
                        <customfieldvalues>
                            <customfieldvalue>0|i07evz:</customfieldvalue>

                        </customfieldvalues>
                    </customfield>
                                                                <customfield id="customfield_10380" key="com.pyxis.greenhopper.jira:gh-global-rank">
                        <customfieldname>Rank (Obsolete)</customfieldname>
                        <customfieldvalues>
                            <customfieldvalue>43284</customfieldvalue>
                        </customfieldvalues>
                    </customfield>
                                                                <customfield id="customfield_10381" key="com.pyxis.greenhopper.jira:gh-global-rank">
                        <customfieldname>Ranking</customfieldname>
                        <customfieldvalues>
                            <customfieldvalue>42682</customfieldvalue>
                        </customfieldvalues>
                    </customfield>
                                                                                                                        <customfield id="customfield_10480" key="com.pyxis.greenhopper.jira:gh-sprint">
                        <customfieldname>Sprint</customfieldname>
                        <customfieldvalues>
                                <customfieldvalue id="40">45 - Dijkstra M1</customfieldvalue>

                        </customfieldvalues>
                    </customfield>
                                                                <customfield id="customfield_10171" key="com.atlassian.jira.ext.charting:timeinstatus">
                        <customfieldname>Time in Status</customfieldname>
                        <customfieldvalues>
                            
                        </customfieldvalues>
                    </customfield>
                                                                </customfields>
    </item>
</channel>
</rss>