<!-- 
RSS generated by JIRA (6.4.11#64026-sha1:78f6ec473a3f058bd5d6c30e9319c7ab376bdb9c) at Thu Dec 22 13:15:28 UTC 2016

It is possible to restrict the fields that are returned in this document by specifying the 'field' parameter in your request.
For example, to request only the issue key and summary add field=key&field=summary to the URL of your request.
For example:
https://jira.spring.io/si/jira.issueviews:issue-xml/DATACMNS-158/DATACMNS-158.xml?field=key&amp;field=summary
-->
<rss version="0.92" >
<channel>
    <title>Spring JIRA</title>
    <link>https://jira.spring.io</link>
    <description>This file is an XML representation of an issue</description>
    <language>en-uk</language>    <build-info>
        <version>6.4.11</version>
        <build-number>64026</build-number>
        <build-date>25-08-2015</build-date>
    </build-info>

<item>
            <title>[DATACMNS-158] Stack overflow caused by digits in unknown property names</title>
                <link>https://jira.spring.io/browse/DATACMNS-158</link>
                <project id="10510" key="DATACMNS">Spring Data Commons</project>
                    <description>&lt;p&gt;When org.springframework.data.mapping.PropertyPath tries to find a non-existent property that contains any digit (e.g. when a finder method with a mistyped property name and a digit has been added to repository interface) PropertyPath.create() method goes into a long recursion which causes StackOverflowError.&lt;/p&gt;

&lt;p&gt;Removing digits from the finder method causes IllegalArgumentException with a helpful error message (property not found etc.) as expected.&lt;/p&gt;

&lt;p&gt;Attaching stack-trace and a sample test project that uses a JPA repository.&lt;/p&gt;</description>
                <environment></environment>
        <key id="43043">DATACMNS-158</key>
            <summary>Stack overflow caused by digits in unknown property names</summary>
                <type id="1" iconUrl="https://jira.spring.io/images/icons/issuetypes/bug.png">Bug</type>
                                            <priority id="4" iconUrl="https://jira.spring.io/images/icons/priorities/minor.png">Minor</priority>
                        <status id="6" iconUrl="https://jira.spring.io/images/icons/statuses/closed.png" description="The issue is considered finished, the resolution is correct. Issues which are not closed can be reopened.">Closed</status>
                    <statusCategory id="3" key="done" colorName="green"/>
                                    <resolution id="3">Duplicate</resolution>
                                        <assignee username="olivergierke">Oliver Gierke</assignee>
                                    <reporter username="prickus">Osvaldas Grigas</reporter>
                        <labels>
                    </labels>
                <created>Fri, 20 Apr 2012 08:54:40 +0000</created>
                <updated>Thu, 20 Feb 2014 02:54:53 +0000</updated>
                            <resolved>Mon, 23 Apr 2012 10:11:01 +0000</resolved>
                                    <version>1.1 Final</version>
                    <version>1.3 M1</version>
                                    <fixVersion>1.3 RC1</fixVersion>
                                    <component>Core</component>
                        <due></due>
                            <votes>0</votes>
                                    <watches>0</watches>
                                    <timeoriginalestimate seconds="0">0d</timeoriginalestimate>
                            <timeestimate seconds="0">0d</timeestimate>
                                        <comments>
                            <comment id="77876" author="olivergierke" created="Mon, 23 Apr 2012 10:11:00 +0000"  >&lt;p&gt;It seems your creating a similar situation that caused &lt;a href=&quot;https://jira.spring.io/browse/DATACMNS-139&quot; title=&quot;StackOverflowError from infinite recursion in PropertyPath.create:326&quot; class=&quot;issue-link&quot; data-issue-key=&quot;DATACMNS-139&quot;&gt;&lt;del&gt;DATACMNS-139&lt;/del&gt;&lt;/a&gt;. However I tried to reproduce this case with a unit test in Spring Data Commons (see this &lt;a href=&quot;https://github.com/SpringSource/spring-data-commons/commit/8448573c3ef2ab359eb9496e45b7edc2b286b0c1&quot; class=&quot;external-link&quot; rel=&quot;nofollow&quot;&gt;commit&lt;/a&gt;) but cannot reproduce it against the current build snapshot. The test case you added uses 1.3 M1, not 1.3 RC1 (which you reported the ticket against). The test case indeed fails against 1.3 M1 but &lt;b&gt;does not&lt;/b&gt; if I upgrade to 1.3 RC1. So I assume this is fixed with the RC release and I&apos;ll close this one as duplicate of &lt;a href=&quot;https://jira.spring.io/browse/DATACMNS-139&quot; title=&quot;StackOverflowError from infinite recursion in PropertyPath.create:326&quot; class=&quot;issue-link&quot; data-issue-key=&quot;DATACMNS-139&quot;&gt;&lt;del&gt;DATACMNS-139&lt;/del&gt;&lt;/a&gt;. In case you still see issues in this area feel free to ping us back.&lt;/p&gt;</comment>
                            <comment id="77969" author="prickus" created="Fri, 27 Apr 2012 00:22:56 +0000"  >&lt;p&gt;You&apos;re right. Upgrading to 1.3.0.RC1 did solve the issue. Sorry for the mix-up.&lt;/p&gt;</comment>
                    </comments>
                <issuelinks>
                            <issuelinktype id="10000">
                    <name>Duplicate</name>
                                            <outwardlinks description="duplicates">
                                        <issuelink>
            <issuekey id="42702">DATACMNS-139</issuekey>
        </issuelink>
                            </outwardlinks>
                                                        </issuelinktype>
                    </issuelinks>
                <attachments>
                            <attachment id="19606" name="spring-data-commons-core-test.zip" size="4899" author="prickus" created="Fri, 20 Apr 2012 08:54:40 +0000"/>
                            <attachment id="19605" name="stacktrace.txt" size="85553" author="prickus" created="Fri, 20 Apr 2012 08:54:40 +0000"/>
                    </attachments>
                <subtasks>
                    </subtasks>
                <customfields>
                                                                            <customfield id="customfield_10170" key="com.atlassian.jira.ext.charting:firstresponsedate">
                        <customfieldname>First Response Date</customfieldname>
                        <customfieldvalues>
                            <customfieldvalue>Mon, 23 Apr 2012 10:11:00 +0000</customfieldvalue>

                        </customfieldvalues>
                    </customfield>
                                                                                            <customfield id="customfield_10280" key="com.pyxis.greenhopper.jira:gh-global-rank">
                        <customfieldname>Global Rank</customfieldname>
                        <customfieldvalues>
                            <customfieldvalue>30465</customfieldvalue>
                        </customfieldvalues>
                    </customfield>
                                                                <customfield id="customfield_10182" key="com.atlassian.jira.toolkit:lastupdaterorcommenter">
                        <customfieldname>Last updater</customfieldname>
                        <customfieldvalues>
                            <customfieldvalue>olivergierke</customfieldvalue>

                        </customfieldvalues>
                    </customfield>
                                                                                            <customfield id="customfield_10880" key="com.pyxis.greenhopper.jira:gh-lexo-rank">
                        <customfieldname>Rank</customfieldname>
                        <customfieldvalues>
                            <customfieldvalue>0|i05j0f:</customfieldvalue>

                        </customfieldvalues>
                    </customfield>
                                                                <customfield id="customfield_10380" key="com.pyxis.greenhopper.jira:gh-global-rank">
                        <customfieldname>Rank (Obsolete)</customfieldname>
                        <customfieldvalues>
                            <customfieldvalue>32286</customfieldvalue>
                        </customfieldvalues>
                    </customfield>
                                                                <customfield id="customfield_10381" key="com.pyxis.greenhopper.jira:gh-global-rank">
                        <customfieldname>Ranking</customfieldname>
                        <customfieldvalues>
                            <customfieldvalue>30165</customfieldvalue>
                        </customfieldvalues>
                    </customfield>
                                                                                                                                                    <customfield id="customfield_10171" key="com.atlassian.jira.ext.charting:timeinstatus">
                        <customfieldname>Time in Status</customfieldname>
                        <customfieldvalues>
                            
                        </customfieldvalues>
                    </customfield>
                                                                </customfields>
    </item>
</channel>
</rss>