<!-- 
RSS generated by JIRA (6.4.11#64026-sha1:78f6ec473a3f058bd5d6c30e9319c7ab376bdb9c) at Thu Dec 22 13:06:09 UTC 2016

It is possible to restrict the fields that are returned in this document by specifying the 'field' parameter in your request.
For example, to request only the issue key and summary add field=key&field=summary to the URL of your request.
For example:
https://jira.spring.io/si/jira.issueviews:issue-xml/DATACMNS-745/DATACMNS-745.xml?field=key&amp;field=summary
-->
<rss version="0.92" >
<channel>
    <title>Spring JIRA</title>
    <link>https://jira.spring.io</link>
    <description>This file is an XML representation of an issue</description>
    <language>en-uk</language>    <build-info>
        <version>6.4.11</version>
        <build-number>64026</build-number>
        <build-date>25-08-2015</build-date>
    </build-info>

<item>
            <title>[DATACMNS-745] Make return types of CrudRepository#delete(ID) and derived delete queries coherent</title>
                <link>https://jira.spring.io/browse/DATACMNS-745</link>
                <project id="10510" key="DATACMNS">Spring Data Commons</project>
                    <description>&lt;p&gt;&lt;tt&gt;CrudRepository.delete(ID)&lt;/tt&gt; has a &lt;tt&gt;void&lt;/tt&gt; return type. When writing a derived delete query (such as &lt;tt&gt;MyRepository#deleteByEmail(String)&lt;/tt&gt; for example), you cannot set the return type to &lt;tt&gt;void&lt;/tt&gt;: you have to return a long (the number of affected rows).&lt;/p&gt;

&lt;p&gt;It could be interesting to make those return types coherent: &lt;tt&gt;CrudRepository.delete(ID)&lt;/tt&gt; should return a long as well. &lt;tt&gt;Void&lt;/tt&gt; return type could also be allowed for derived delete queries, but having the number of affected rows is actually quite convenient (e.g. you can return a 404 in case of no row affected instead of first querying the database to check that the row exists).&lt;/p&gt;</description>
                <environment></environment>
        <key id="65150">DATACMNS-745</key>
            <summary>Make return types of CrudRepository#delete(ID) and derived delete queries coherent</summary>
                <type id="4" iconUrl="https://jira.spring.io/images/icons/issuetypes/improvement.png">Improvement</type>
                                            <priority id="4" iconUrl="https://jira.spring.io/images/icons/priorities/minor.png">Minor</priority>
                        <status id="5" iconUrl="https://jira.spring.io/images/icons/statuses/resolved.png" description="A resolution has been taken, and it is awaiting verification by reporter. From here issues are either reopened, or are closed.">Resolved</status>
                    <statusCategory id="3" key="done" colorName="green"/>
                                    <resolution id="3">Duplicate</resolution>
                                        <assignee username="olivergierke">Oliver Gierke</assignee>
                                    <reporter username="sp00m">Christophe Maillard</reporter>
                        <labels>
                    </labels>
                <created>Wed, 5 Aug 2015 01:53:21 +0000</created>
                <updated>Wed, 5 Aug 2015 05:28:02 +0000</updated>
                            <resolved>Wed, 5 Aug 2015 05:28:02 +0000</resolved>
                                                                    <component>Core</component>
                    <component>Repositories</component>
                        <due></due>
                            <votes>0</votes>
                                    <watches>2</watches>
                                                                <comments>
                            <comment id="118277" author="olivergierke" created="Wed, 5 Aug 2015 03:01:37 +0000"  >&lt;p&gt;Using &lt;tt&gt;void&lt;/tt&gt; as return type on query methods should be supported actually? We recently &lt;a href=&quot;https://jira.spring.io/browse/DATAMONGO-1266&quot; class=&quot;external-link&quot; rel=&quot;nofollow&quot;&gt;fixed&lt;/a&gt; a glitch in that for MongoDB. Is there any place else you see this failing?&lt;/p&gt;

&lt;p&gt;Changing the return type on &lt;tt&gt;CrudRepository&lt;/tt&gt; is not an option unfortunately as it would break binary compatibility for existing clients. Also, not all of the store implementations actually return the number of affected rows in their APIs so there&apos;s nothing we can actually return here.&lt;/p&gt;</comment>
                            <comment id="118282" author="sp00m" created="Wed, 5 Aug 2015 04:50:27 +0000"  >&lt;p&gt;Good catch, duplicate of &lt;a href=&quot;https://jira.spring.io/browse/DATAMONGO-1266&quot; title=&quot;Repository query methods returning a primitive do not detect domain type correctly&quot; class=&quot;issue-link&quot; data-issue-key=&quot;DATAMONGO-1266&quot;&gt;&lt;del&gt;DATAMONGO-1266&lt;/del&gt;&lt;/a&gt;, sorry for that... Waiting for spring-data-mongo 1.7.3.RELEASE then, thank you &lt;img class=&quot;emoticon&quot; src=&quot;https://jira.spring.io/images/icons/emoticons/smile.png&quot; height=&quot;16&quot; width=&quot;16&quot; align=&quot;absmiddle&quot; alt=&quot;&quot; border=&quot;0&quot;/&gt;&lt;/p&gt;</comment>
                    </comments>
                <issuelinks>
                            <issuelinktype id="10000">
                    <name>Duplicate</name>
                                            <outwardlinks description="duplicates">
                                        <issuelink>
            <issuekey id="65069">DATAMONGO-1266</issuekey>
        </issuelink>
                            </outwardlinks>
                                                        </issuelinktype>
                    </issuelinks>
                <attachments>
                    </attachments>
                <subtasks>
                    </subtasks>
                <customfields>
                                                                            <customfield id="customfield_10170" key="com.atlassian.jira.ext.charting:firstresponsedate">
                        <customfieldname>First Response Date</customfieldname>
                        <customfieldvalues>
                            <customfieldvalue>Wed, 5 Aug 2015 03:01:37 +0000</customfieldvalue>

                        </customfieldvalues>
                    </customfield>
                                                                                            <customfield id="customfield_10280" key="com.pyxis.greenhopper.jira:gh-global-rank">
                        <customfieldname>Global Rank</customfieldname>
                        <customfieldvalues>
                            <customfieldvalue>9223372036854775807</customfieldvalue>
                        </customfieldvalues>
                    </customfield>
                                                                <customfield id="customfield_10182" key="com.atlassian.jira.toolkit:lastupdaterorcommenter">
                        <customfieldname>Last updater</customfieldname>
                        <customfieldvalues>
                            <customfieldvalue>olivergierke</customfieldvalue>

                        </customfieldvalues>
                    </customfield>
                                                                                            <customfield id="customfield_10880" key="com.pyxis.greenhopper.jira:gh-lexo-rank">
                        <customfieldname>Rank</customfieldname>
                        <customfieldvalues>
                            <customfieldvalue>0|i08nt3:</customfieldvalue>

                        </customfieldvalues>
                    </customfield>
                                                                <customfield id="customfield_10380" key="com.pyxis.greenhopper.jira:gh-global-rank">
                        <customfieldname>Rank (Obsolete)</customfieldname>
                        <customfieldvalues>
                            <customfieldvalue>9223372036854775807</customfieldvalue>
                        </customfieldvalues>
                    </customfield>
                                                                <customfield id="customfield_10381" key="com.pyxis.greenhopper.jira:gh-global-rank">
                        <customfieldname>Ranking</customfieldname>
                        <customfieldvalues>
                            <customfieldvalue>9223372036854775807</customfieldvalue>
                        </customfieldvalues>
                    </customfield>
                                                                                                                                                    <customfield id="customfield_10171" key="com.atlassian.jira.ext.charting:timeinstatus">
                        <customfieldname>Time in Status</customfieldname>
                        <customfieldvalues>
                            
                        </customfieldvalues>
                    </customfield>
                                                                </customfields>
    </item>
</channel>
</rss>