<!-- 
RSS generated by JIRA (6.4.11#64026-sha1:78f6ec473a3f058bd5d6c30e9319c7ab376bdb9c) at Thu Dec 22 13:06:29 UTC 2016

It is possible to restrict the fields that are returned in this document by specifying the 'field' parameter in your request.
For example, to request only the issue key and summary add field=key&field=summary to the URL of your request.
For example:
https://jira.spring.io/si/jira.issueviews:issue-xml/DATACMNS-136/DATACMNS-136.xml?field=key&amp;field=summary
-->
<rss version="0.92" >
<channel>
    <title>Spring JIRA</title>
    <link>https://jira.spring.io</link>
    <description>This file is an XML representation of an issue</description>
    <language>en-uk</language>    <build-info>
        <version>6.4.11</version>
        <build-number>64026</build-number>
        <build-date>25-08-2015</build-date>
    </build-info>

<item>
            <title>[DATACMNS-136] some osgi imports are marked required in manifest.mf</title>
                <link>https://jira.spring.io/browse/DATACMNS-136</link>
                <project id="10510" key="DATACMNS">Spring Data Commons</project>
                    <description>&lt;p&gt;Looking at the pom some dependencies are marked as optional, but are not marked optional in the MANIFEST.MF for osgi.&lt;/p&gt;

&lt;p&gt;I believe the following should be marked as optional.&lt;br/&gt;
org.springframework.aop.framework_[3.0.7,4.0.0).&lt;br/&gt;
org.springframework.context_[3.0.7,4.0.0).&lt;br/&gt;
org.springframework.context.annotation_[3.0.7,4.0.0).&lt;br/&gt;
org.springframework.context.expression_[3.0.7,4.0.0).&lt;br/&gt;
org.springframework.dao_[3.0.7,4.0.0).&lt;br/&gt;
org.springframework.dao.support_[3.0.7,4.0.0).&lt;br/&gt;
org.springframework.expression_[3.0.7,4.0.0).&lt;br/&gt;
org.springframework.expression.spel.standard_[3.0.7,4.0.0).&lt;br/&gt;
org.springframework.expression.spel.support_[3.0.7,4.0.0).&lt;br/&gt;
org.springframework.transaction_[3.0.7,4.0.0).&lt;br/&gt;
org.springframework.transaction.annotation_[3.0.7,4.0.0).&lt;br/&gt;
org.springframework.transaction.interceptor_[3.0.7,4.0.0).&lt;br/&gt;
org.springframework.transaction.support_[3.0.7,4.0.0).&lt;br/&gt;
org.springframework.validation_[3.0.7,4.0.0).&lt;/p&gt;</description>
                <environment></environment>
        <key id="42637">DATACMNS-136</key>
            <summary>some osgi imports are marked required in manifest.mf</summary>
                <type id="1" iconUrl="https://jira.spring.io/images/icons/issuetypes/bug.png">Bug</type>
                                            <priority id="4" iconUrl="https://jira.spring.io/images/icons/priorities/minor.png">Minor</priority>
                        <status id="5" iconUrl="https://jira.spring.io/images/icons/statuses/resolved.png" description="A resolution has been taken, and it is awaiting verification by reporter. From here issues are either reopened, or are closed.">Resolved</status>
                    <statusCategory id="3" key="done" colorName="green"/>
                                    <resolution id="1">Fixed</resolution>
                                        <assignee username="olivergierke">Oliver Gierke</assignee>
                                    <reporter username="kooper">Rob Kooper</reporter>
                        <labels>
                    </labels>
                <created>Mon, 19 Mar 2012 14:55:31 +0000</created>
                <updated>Thu, 20 Feb 2014 02:55:31 +0000</updated>
                            <resolved>Tue, 20 Mar 2012 04:55:03 +0000</resolved>
                                    <version>1.3 M1</version>
                                    <fixVersion>1.3 RC1</fixVersion>
                                    <component>Core</component>
                        <due></due>
                            <votes>0</votes>
                                    <watches>0</watches>
                                            <timeestimate seconds="0">0d</timeestimate>
                            <timespent seconds="600">10m</timespent>
                                <comments>
                            <comment id="77004" author="kooper" created="Mon, 19 Mar 2012 17:44:01 +0000"  >&lt;p&gt;Patch to fix optional plugins&lt;/p&gt;</comment>
                            <comment id="77015" author="olivergierke" created="Tue, 20 Mar 2012 04:55:02 +0000"  >&lt;p&gt;Good catch! Applied fix and deployed to snapshot repository of 1.3.x.&lt;/p&gt;</comment>
                    </comments>
                    <attachments>
                            <attachment id="19536" name="spring.osgi.patch" size="2649" author="kooper" created="Mon, 19 Mar 2012 17:44:01 +0000"/>
                    </attachments>
                <subtasks>
                    </subtasks>
                <customfields>
                                                                            <customfield id="customfield_10170" key="com.atlassian.jira.ext.charting:firstresponsedate">
                        <customfieldname>First Response Date</customfieldname>
                        <customfieldvalues>
                            <customfieldvalue>Tue, 20 Mar 2012 04:55:02 +0000</customfieldvalue>

                        </customfieldvalues>
                    </customfield>
                                                                                            <customfield id="customfield_10280" key="com.pyxis.greenhopper.jira:gh-global-rank">
                        <customfieldname>Global Rank</customfieldname>
                        <customfieldvalues>
                            <customfieldvalue>30059</customfieldvalue>
                        </customfieldvalues>
                    </customfield>
                                                                <customfield id="customfield_10182" key="com.atlassian.jira.toolkit:lastupdaterorcommenter">
                        <customfieldname>Last updater</customfieldname>
                        <customfieldvalues>
                            <customfieldvalue>olivergierke</customfieldvalue>

                        </customfieldvalues>
                    </customfield>
                                                                                            <customfield id="customfield_10880" key="com.pyxis.greenhopper.jira:gh-lexo-rank">
                        <customfieldname>Rank</customfieldname>
                        <customfieldvalues>
                            <customfieldvalue>0|i05giv:</customfieldvalue>

                        </customfieldvalues>
                    </customfield>
                                                                <customfield id="customfield_10380" key="com.pyxis.greenhopper.jira:gh-global-rank">
                        <customfieldname>Rank (Obsolete)</customfieldname>
                        <customfieldvalues>
                            <customfieldvalue>31883</customfieldvalue>
                        </customfieldvalues>
                    </customfield>
                                                                <customfield id="customfield_10381" key="com.pyxis.greenhopper.jira:gh-global-rank">
                        <customfieldname>Ranking</customfieldname>
                        <customfieldvalues>
                            <customfieldvalue>29759</customfieldvalue>
                        </customfieldvalues>
                    </customfield>
                                                                                                                                                    <customfield id="customfield_10171" key="com.atlassian.jira.ext.charting:timeinstatus">
                        <customfieldname>Time in Status</customfieldname>
                        <customfieldvalues>
                            
                        </customfieldvalues>
                    </customfield>
                                                                </customfields>
    </item>
</channel>
</rss>