<!-- 
RSS generated by JIRA (6.4.11#64026-sha1:78f6ec473a3f058bd5d6c30e9319c7ab376bdb9c) at Thu Dec 22 13:27:09 UTC 2016

It is possible to restrict the fields that are returned in this document by specifying the 'field' parameter in your request.
For example, to request only the issue key and summary add field=key&field=summary to the URL of your request.
For example:
https://jira.spring.io/si/jira.issueviews:issue-xml/DATACMNS-773/DATACMNS-773.xml?field=key&amp;field=summary
-->
<rss version="0.92" >
<channel>
    <title>Spring JIRA</title>
    <link>https://jira.spring.io</link>
    <description>This file is an XML representation of an issue</description>
    <language>en-uk</language>    <build-info>
        <version>6.4.11</version>
        <build-number>64026</build-number>
        <build-date>25-08-2015</build-date>
    </build-info>

<item>
            <title>[DATACMNS-773] Add support for persisting ZoneId instances out of the box</title>
                <link>https://jira.spring.io/browse/DATACMNS-773</link>
                <project id="10510" key="DATACMNS">Spring Data Commons</project>
                    <description>&lt;p&gt;The JSR-310 mapping support can read a simple string (e.g., &lt;tt&gt;&quot;US/Central&quot;&lt;/tt&gt;) into a &lt;tt&gt;ZoneId&lt;/tt&gt; field, but when it&apos;s saved, it&apos;s saved as a complex serialized object, with &lt;tt&gt;_class: &quot;java.time.ZoneRegion&quot;&lt;/tt&gt; and all the internal state.&lt;/p&gt;

&lt;p&gt;However, the mapper can&apos;t read this saved object, presumably because of the lack of a cooperative constructor; the exception message is&lt;/p&gt;
&lt;p/&gt;
&lt;div id=&quot;syntaxplugin&quot; class=&quot;syntaxplugin&quot; style=&quot;border: 1px dashed #bbb; border-radius: 5px !important; overflow: auto; max-height: 30em;&quot;&gt;
&lt;table cellspacing=&quot;0&quot; cellpadding=&quot;0&quot; border=&quot;0&quot; width=&quot;100%&quot; style=&quot;font-size: 1em; line-height: 1.4em !important; font-weight: normal; font-style: normal; color: black;&quot;&gt;
		&lt;tbody &gt;
				&lt;tr id=&quot;syntaxplugin_code_and_gutter&quot;&gt;
						&lt;td  style=&quot; line-height: 1.4em !important; padding: 0em; vertical-align: top;&quot;&gt;
					&lt;pre style=&quot;font-size: 1em; margin: 0 10px;  margin-top: 10px;   margin-bottom: 10px;  width: auto; padding: 0;&quot;&gt;&lt;span style=&quot;color: black; font-family: &apos;Consolas&apos;, &apos;Bitstream Vera Sans Mono&apos;, &apos;Courier New&apos;, Courier, monospace !important;&quot;&gt;org.springframework.data.mapping.model.MappingException: No property null found on entity class java.time.ZoneRegion to bind constructor parameter to!&lt;/span&gt;&lt;/pre&gt;
			&lt;/td&gt;
		&lt;/tr&gt;
			&lt;/tbody&gt;
&lt;/table&gt;
&lt;/div&gt;
&lt;p/&gt;

&lt;p&gt;I suggest that the &lt;tt&gt;ZoneId&lt;/tt&gt; should be saved as the simple string identifier.&lt;/p&gt;</description>
                <environment></environment>
        <key id="66006">DATACMNS-773</key>
            <summary>Add support for persisting ZoneId instances out of the box</summary>
                <type id="2" iconUrl="https://jira.spring.io/images/icons/issuetypes/newfeature.png">New Feature</type>
                                            <priority id="3" iconUrl="https://jira.spring.io/images/icons/priorities/major.png">Major</priority>
                        <status id="6" iconUrl="https://jira.spring.io/images/icons/statuses/closed.png" description="The issue is considered finished, the resolution is correct. Issues which are not closed can be reopened.">Closed</status>
                    <statusCategory id="3" key="done" colorName="green"/>
                                    <resolution id="1">Fixed</resolution>
                                        <assignee username="olivergierke">Oliver Gierke</assignee>
                                    <reporter username="w_c_smith">Christopher Smith</reporter>
                        <labels>
                    </labels>
                <created>Fri, 25 Sep 2015 04:43:18 +0000</created>
                <updated>Fri, 12 Feb 2016 16:08:30 +0000</updated>
                            <resolved>Mon, 5 Oct 2015 16:46:04 +0000</resolved>
                                                    <fixVersion>1.12 M1 (Hopper)</fixVersion>
                                    <component>Mapping metadata</component>
                        <due></due>
                            <votes>0</votes>
                                    <watches>2</watches>
                                                                <comments>
                            <comment id="120290" author="olivergierke" created="Mon, 5 Oct 2015 10:49:10 +0000"  >&lt;p&gt;The JSR-310 support does not cover &lt;tt&gt;ZoneId&lt;/tt&gt; currently so you basically have to provide your own pair of &lt;tt&gt;Converter&lt;/tt&gt; implementations for now. Looks like we can provide a &lt;tt&gt;Converter&lt;/tt&gt; for this out of the box, too.&lt;/p&gt;</comment>
                            <comment id="120307" author="w_c_smith" created="Mon, 5 Oct 2015 17:14:51 +0000"  >&lt;p&gt;Adding the converter was trivial once I realized it needed to be done; I just expected that would have been one of the types handled in the JSR-310 support added in Gosling.&lt;/p&gt;</comment>
                    </comments>
                <issuelinks>
                            <issuelinktype id="10000">
                    <name>Duplicate</name>
                                                                <inwardlinks description="is duplicated by">
                                        <issuelink>
            <issuekey id="66181">DATACMNS-772</issuekey>
        </issuelink>
                            </inwardlinks>
                                    </issuelinktype>
                    </issuelinks>
                <attachments>
                    </attachments>
                <subtasks>
                    </subtasks>
                <customfields>
                                                                            <customfield id="customfield_10170" key="com.atlassian.jira.ext.charting:firstresponsedate">
                        <customfieldname>First Response Date</customfieldname>
                        <customfieldvalues>
                            <customfieldvalue>Mon, 5 Oct 2015 10:49:10 +0000</customfieldvalue>

                        </customfieldvalues>
                    </customfield>
                                                                                            <customfield id="customfield_10280" key="com.pyxis.greenhopper.jira:gh-global-rank">
                        <customfieldname>Global Rank</customfieldname>
                        <customfieldvalues>
                            <customfieldvalue>9223372036854775807</customfieldvalue>
                        </customfieldvalues>
                    </customfield>
                                                                <customfield id="customfield_10182" key="com.atlassian.jira.toolkit:lastupdaterorcommenter">
                        <customfieldname>Last updater</customfieldname>
                        <customfieldvalues>
                            <customfieldvalue>olivergierke</customfieldvalue>

                        </customfieldvalues>
                    </customfield>
                                                                                            <customfield id="customfield_10880" key="com.pyxis.greenhopper.jira:gh-lexo-rank">
                        <customfieldname>Rank</customfieldname>
                        <customfieldvalues>
                            <customfieldvalue>0|i08sdb:</customfieldvalue>

                        </customfieldvalues>
                    </customfield>
                                                                <customfield id="customfield_10380" key="com.pyxis.greenhopper.jira:gh-global-rank">
                        <customfieldname>Rank (Obsolete)</customfieldname>
                        <customfieldvalues>
                            <customfieldvalue>9223372036854775807</customfieldvalue>
                        </customfieldvalues>
                    </customfield>
                                                                <customfield id="customfield_10381" key="com.pyxis.greenhopper.jira:gh-global-rank">
                        <customfieldname>Ranking</customfieldname>
                        <customfieldvalues>
                            <customfieldvalue>9223372036854775807</customfieldvalue>
                        </customfieldvalues>
                    </customfield>
                                                                                                                        <customfield id="customfield_10480" key="com.pyxis.greenhopper.jira:gh-sprint">
                        <customfieldname>Sprint</customfieldname>
                        <customfieldvalues>
                                <customfieldvalue id="100">SpringOne 2015</customfieldvalue>

                        </customfieldvalues>
                    </customfield>
                                                                <customfield id="customfield_10171" key="com.atlassian.jira.ext.charting:timeinstatus">
                        <customfieldname>Time in Status</customfieldname>
                        <customfieldvalues>
                            
                        </customfieldvalues>
                    </customfield>
                                                                </customfields>
    </item>
</channel>
</rss>