<!-- 
RSS generated by JIRA (6.4.11#64026-sha1:78f6ec473a3f058bd5d6c30e9319c7ab376bdb9c) at Thu Dec 22 13:08:55 UTC 2016

It is possible to restrict the fields that are returned in this document by specifying the 'field' parameter in your request.
For example, to request only the issue key and summary add field=key&field=summary to the URL of your request.
For example:
https://jira.spring.io/si/jira.issueviews:issue-xml/DATACMNS-848/DATACMNS-848.xml?field=key&amp;field=summary
-->
<rss version="0.92" >
<channel>
    <title>Spring JIRA</title>
    <link>https://jira.spring.io</link>
    <description>This file is an XML representation of an issue</description>
    <language>en-uk</language>    <build-info>
        <version>6.4.11</version>
        <build-number>64026</build-number>
        <build-date>25-08-2015</build-date>
    </build-info>

<item>
            <title>[DATACMNS-848] Support JSR-310 Duration and Period (to and from String)</title>
                <link>https://jira.spring.io/browse/DATACMNS-848</link>
                <project id="10510" key="DATACMNS">Spring Data Commons</project>
                    <description>&lt;p&gt;The current &lt;a href=&quot;https://github.com/spring-projects/spring-data-commons/blob/1.12.1.RELEASE/src/main/java/org/springframework/data/convert/Jsr310Converters.java&quot; class=&quot;external-link&quot; rel=&quot;nofollow&quot;&gt;Jsr310Converters.java&lt;/a&gt; doesn&apos;t support convertion to and from String representations of &lt;tt&gt;java.time.Duration&lt;/tt&gt; and &lt;tt&gt;java.time.Period&lt;/tt&gt;.&lt;/p&gt;

&lt;p&gt;MongoTemplate should understand how to deserialize for instance &lt;tt&gt;&quot;PT3M&quot;&lt;/tt&gt; to a &lt;tt&gt;java.time.Duration&lt;/tt&gt; (by &lt;tt&gt;Duration#parse&lt;/tt&gt;&lt;/p&gt;</description>
                <environment></environment>
        <key id="68430">DATACMNS-848</key>
            <summary>Support JSR-310 Duration and Period (to and from String)</summary>
                <type id="4" iconUrl="https://jira.spring.io/images/icons/issuetypes/improvement.png">Improvement</type>
                                            <priority id="3" iconUrl="https://jira.spring.io/images/icons/priorities/major.png">Major</priority>
                        <status id="5" iconUrl="https://jira.spring.io/images/icons/statuses/resolved.png" description="A resolution has been taken, and it is awaiting verification by reporter. From here issues are either reopened, or are closed.">Resolved</status>
                    <statusCategory id="3" key="done" colorName="green"/>
                                    <resolution id="3">Duplicate</resolution>
                                        <assignee username="olivergierke">Oliver Gierke</assignee>
                                    <reporter username="jgogstad">Jostein Gogstad</reporter>
                        <labels>
                    </labels>
                <created>Thu, 21 Apr 2016 10:56:08 +0000</created>
                <updated>Mon, 5 Dec 2016 08:51:28 +0000</updated>
                            <resolved>Mon, 5 Dec 2016 08:51:16 +0000</resolved>
                                    <version>1.12.1 (Hopper SR1)</version>
                                                    <component>Core</component>
                        <due></due>
                            <votes>1</votes>
                                    <watches>2</watches>
                                                                <comments>
                            <comment id="133575" author="schosterbarak" created="Wed, 23 Nov 2016 13:31:37 +0000"  >&lt;p&gt;handle issue: &lt;a href=&quot;https://jira.spring.io/browse/DATACMNS-848&quot; title=&quot;Support JSR-310 Duration and Period (to and from String)&quot; class=&quot;issue-link&quot; data-issue-key=&quot;DATACMNS-848&quot;&gt;&lt;del&gt;DATACMNS-848&lt;/del&gt;&lt;/a&gt;&lt;br/&gt;
author: barak schoster&lt;br/&gt;
mail: schosterbarak@gmail.com&lt;/p&gt;</comment>
                    </comments>
                <issuelinks>
                            <issuelinktype id="10000">
                    <name>Duplicate</name>
                                            <outwardlinks description="duplicates">
                                        <issuelink>
            <issuekey id="70693">DATACMNS-951</issuekey>
        </issuelink>
                            </outwardlinks>
                                                        </issuelinktype>
                    </issuelinks>
                <attachments>
                    </attachments>
                <subtasks>
                    </subtasks>
                <customfields>
                                                                            <customfield id="customfield_10170" key="com.atlassian.jira.ext.charting:firstresponsedate">
                        <customfieldname>First Response Date</customfieldname>
                        <customfieldvalues>
                            <customfieldvalue>Wed, 23 Nov 2016 13:31:37 +0000</customfieldvalue>

                        </customfieldvalues>
                    </customfield>
                                                                                            <customfield id="customfield_10280" key="com.pyxis.greenhopper.jira:gh-global-rank">
                        <customfieldname>Global Rank</customfieldname>
                        <customfieldvalues>
                            <customfieldvalue>9223372036854775807</customfieldvalue>
                        </customfieldvalues>
                    </customfield>
                                                                <customfield id="customfield_10182" key="com.atlassian.jira.toolkit:lastupdaterorcommenter">
                        <customfieldname>Last updater</customfieldname>
                        <customfieldvalues>
                            <customfieldvalue>olivergierke</customfieldvalue>

                        </customfieldvalues>
                    </customfield>
                                                                <customfield id="customfield_10684" key="com.atlassian.jira.plugin.system.customfieldtypes:url">
                        <customfieldname>Pull Request URL</customfieldname>
                        <customfieldvalues>
                            <customfieldvalue><![CDATA[https://github.com/spring-projects/spring-data-commons/pull/186]]></customfieldvalue>

                        </customfieldvalues>
                    </customfield>
                                                                <customfield id="customfield_10880" key="com.pyxis.greenhopper.jira:gh-lexo-rank">
                        <customfieldname>Rank</customfieldname>
                        <customfieldvalues>
                            <customfieldvalue>0|i096x3:</customfieldvalue>

                        </customfieldvalues>
                    </customfield>
                                                                <customfield id="customfield_10380" key="com.pyxis.greenhopper.jira:gh-global-rank">
                        <customfieldname>Rank (Obsolete)</customfieldname>
                        <customfieldvalues>
                            <customfieldvalue>9223372036854775807</customfieldvalue>
                        </customfieldvalues>
                    </customfield>
                                                                <customfield id="customfield_10381" key="com.pyxis.greenhopper.jira:gh-global-rank">
                        <customfieldname>Ranking</customfieldname>
                        <customfieldvalues>
                            <customfieldvalue>9223372036854775807</customfieldvalue>
                        </customfieldvalues>
                    </customfield>
                                                                                                                                                    <customfield id="customfield_10171" key="com.atlassian.jira.ext.charting:timeinstatus">
                        <customfieldname>Time in Status</customfieldname>
                        <customfieldvalues>
                            
                        </customfieldvalues>
                    </customfield>
                                                                </customfields>
    </item>
</channel>
</rss>