<?xml version = "1.0" encoding = "UTF-8" ?>
<bugrepository name="MATH">
	<bug id="1" master="362" duplicate="404" opendate="2010-04-06 11:38:46" fixdate="2010-08-30 13:53:12" resolution="Fixed">
		<buginformation>
			<summary>LevenbergMarquardtOptimizer ignores the VectorialConvergenceChecker parameter passed to it Confusing interface for "LevenbergMarquardtOptimizer"</summary>
			<description>LevenbergMarquardtOptimizer ignores the VectorialConvergenceChecker parameter passed to it. This makes it hard to specify custom stopping criteria for the optimizer. LevenbergMarquardtOptimizer inherits from AbstractLeastSquaresOptimizer which in turn implements DifferentiableMultivariateVectorialOptimizer. That interface mandates methods for setting and getting a VectorialConvergenceChecker.
In v2.1, however, that checker is never used! The convergence check is performed using parameters specific to the Levenberg-Marquardt algorithm. Such circumvention of the superclass interface is confusing and leads to totally unexpected behaviour (such as changing the values of the thresholds of the VectorialConvergenceChecker being ineffective).
In the development version, the default constructor of LevenbergMarquardtOptimizer sets the the VectorialConvergenceChecker field to "null" and when such is the case, the behaviour is as in v2.1. Although it is documented, this is still confusing since it is impossible to use LevenbergMarquardtOptimizer through its DifferentiableMultivariateVectorialOptimizer interface: When using the VectorialConvergenceChecker, one does not know what parameters to use in order to reproduce the results obtained with the LM-specific convergence check (i.e. how to reproduce the result from v2.1).
Unless I&amp;amp;apos;m missing something, I think that there should be an LM-specific implementation of VectorialConvergenceChecker that, when given the usual relative and absolute thresholds, can perform a check that will give the same result as the currently specific check (when the "checker" field is "null").</description>
			<version>2.1</version>
			<fixedVersion>3.0</fixedVersion>
			<type>Bug</type>
		</buginformation>
		<fixedFiles>
			<file type="M">org.apache.commons.math.optimization.general.LevenbergMarquardtOptimizer.java</file>
			<file type="M">org.apache.commons.math.optimization.general.LevenbergMarquardtOptimizerTest.java</file>
			<file type="M">org.apache.commons.math.optimization.general.MinpackTest.java</file>
		</fixedFiles>
		<links>
			<link type="Duplicate" description="is duplicated by">404</link>
			<link type="Duplicate" description="duplicates">362</link>
			<link type="Incorporates" description="is part of">413</link>
		</links>
	</bug>
	<bug id="2" master="760" duplicate="1192" opendate="2012-03-03 01:20:44" fixdate="2015-02-16 23:03:49" resolution="Fixed">
		<buginformation>
			<summary>DescriptiveStatistics.windowSize has a getter and setter, but is protected, so subclasses can bypass the validation check in the setter "Descriptive statistics" has a non-final protected field</summary>
			<description>DescriptiveStatistics.windowSize has a setter which does validation and maintains the list if necessary.
However the field is protected, so classes can ignore the setter.
As it happens, this is exactly what the subclass ListUnivariateImpl.setWindowSize does.
The field should be made private. Field "windowSize" should be private (there is setter method).
</description>
			<version>3.4</version>
			<fixedVersion>4.0</fixedVersion>
			<type>Bug</type>
		</buginformation>
		<fixedFiles>
			<file type="M">org.apache.commons.math4.stat.descriptive.DescriptiveStatistics.java</file>
		</fixedFiles>
		<links>
			<link type="Duplicate" description="is duplicated by">1192</link>
			<link type="Reference" description="relates to">759</link>
			<link type="Duplicate" description="duplicates">760</link>
		</links>
	</bug>
	<bug id="3" master="60" duplicate="42" opendate="2006-05-14 04:20:21" fixdate="2006-06-05 10:17:24" resolution="Fixed">
		<buginformation>
			<summary>[math] Function math.fraction.ProperFractionFormat.parse(String, ParsePosition) return illogical result [math] Function "Fraction math.fraction.FractionFormat.parse(String, ParsePosition) " does not handle parsing the numerater properly</summary>
			<description>Hello,
I find illogical returned result from function "Fraction parse(String source, 
ParsePostion pos)" (in class ProperFractionFormat of the Fraction Package) of 
the Commons Math library. Please see the following code segment for more 
details:
"
ProperFractionFormat properFormat = new ProperFractionFormat();
result = null;
String source = "1 -1 / 2";
ParsePosition pos = new ParsePosition(0);
//Test 1 : fail 
public void testParseNegative(){
   String source = "-1 -2 / 3";
   ParsePosition pos = new ParsePosition(0);
   Fraction actual = properFormat.parse(source, pos);
   assertNull(actual);
}
// Test2: success
public void testParseNegative(){
   String source = "-1 -2 / 3";
   ParsePosition pos = new ParsePosition(0);
   Fraction actual = properFormat.parse(source, pos);  // return Fraction 1/3
   assertEquals(1, source.getNumerator());
   assertEquals(3, source.getDenominator());
}
"
Note: Similarly, when I passed in the following inputs: 
  input 2: (source = 1 2 / -3, pos = 0)
  input 3: ( source =  -1 -2 / 3, pos = 0)
Function "Fraction parse(String, ParsePosition)" returned Fraction 1/3 (means 
the result Fraction had numerator = 1 and  denominator = 3)for all 3 inputs 
above.
I think the function does not handle parsing the numberator/ denominator 
properly incase input string provide invalid numerator/denominator. 
Thank you! Hello,
While testing function "Fraction math.fraction.FractionFormat.parse(String, 
ParsePosition) ", I found it did not handle properly the case the input string 
passed in is incorrect. 
When I passed in a String that represented a Fraction to be parsed, if the 
Fraction embedded in the String had a whole value, while either the numerator 
or denominator had the negative sign, the function just returned 
1/abs(denomitator).
Please see the following code segment for more details:
"   
  NumberFormat nf = null; 
  FractionFormat properFormat = FractionFormat.getProperInstance
(Locale.getDefault());
  FractionFormat improperFormat = FractionFormat.getImproperInstance
(Locale.getDefault());
//Test 1 : fail 
public void testParseNegative(){
   String source = "1 -2 / 3";
   ParsePosition pos = new ParsePosition(0);
   Fraction actual = properFormat.parse(source, pos);
   assertNull(actual);
}
// Test2: success
public void testParseNegative(){
   String source = "1 -2 / 3";
   ParsePosition pos = new ParsePosition(0);
   Fraction actual = properFormat.parse(source, pos);  // return Fraction 1/3
   assertEquals(1, source.getNumerator());
   assertEquals(3, source.getDenominator());
}
"
Note: Similarly, when I passed in the following inputs: 
  input 2: (source = 1 2 / -3, pos = 0)
  input 3: ( source =  -1 -2 / 3, pos = 0)
Function "Fraction parse(String, ParsePosition)" returned Fraction 1/3 (means 
the result Fraction had numerator = 1 and  denominator = 3)for all 3 inputs 
above.
I think the function does not handle parsing the numberator/ denominator 
properly incase input string provides negative numerator or negative 
denominator while there is the whole value.
Thank you!
Nhung</description>
			<version>1.1</version>
			<fixedVersion></fixedVersion>
			<type>Bug</type>
		</buginformation>
		<fixedFiles>
			<file type="M">org.apache.commons.math.fraction.ProperFractionFormat.java</file>
			<file type="M">org.apache.commons.math.fraction.FractionFormatTest.java</file>
		</fixedFiles>
		<links>
			<link type="Duplicate" description="is duplicated by">42</link>
			<link type="Duplicate" description="duplicates">60</link>
		</links>
	</bug>
	<bug id="4" master="578" duplicate="805" opendate="2011-05-16 14:34:47" fixdate="2012-07-23 20:01:57" resolution="Fixed">
		<buginformation>
			<summary>Decrease DescriptiveStatistics performance from 2.0 to 2.2 Percentile calculation is very slow when input data are constants</summary>
			<description>Switching between commons-math 2.0 to 2.2 we note how the
DescriptiveStatistics.addValue(double) has decrease the performance.
I tested with 2 million values.
DescriptiveStatistics ds = new DescriptiveStatistics();
for(int i = 0; i&amp;lt;1000*1000*2; i++) 
{ //2 million values
    ds.addValue(v);
}

ds.getPercentile(50);
Seems that depending by the values inserted in the DescriptiveStatistics it takes different time:

with a single value (0)
	
2.0 -&amp;gt; take ~500 ms
2.2 -&amp;gt; take more than 10 minutes


with 50% fixed value (0) and 50% Math.random()
	
2.0 -&amp;gt; take ~500 ms
2.2 -&amp;gt; take ~250000 ms -&amp;gt; ~250 second


with 100% Math.random()
	
2.0 -&amp;gt; take ~500 ms
2.2 -&amp;gt; take ~70 ms



 I use the Percentile class to calculate quantile on a big array (10^6 entries). When I have to test the performance of my code, I notice that the calculation of quantile is at least 100x slower when my data are constants (10^6 of the same nomber). Maybe the Percentile calculation can be improved for this special case.</description>
			<version>3.0</version>
			<fixedVersion>3.1</fixedVersion>
			<type>Bug</type>
		</buginformation>
		<fixedFiles>
			<file type="M">org.apache.commons.math3.stat.descriptive.rank.Percentile.java</file>
		</fixedFiles>
		<links>
			<link type="Duplicate" description="is duplicated by">805</link>
			<link type="Duplicate" description="duplicates">578</link>
		</links>
	</bug>
	<bug id="5" master="418" duplicate="1112" opendate="2010-09-18 15:51:52" fixdate="2014-06-21 18:21:55" resolution="Fixed">
		<buginformation>
			<summary>add a storeless version of Percentile Implementation of Percentile function that does not need to store values</summary>
			<description>The Percentile class can handle only in-memory data.
It would be interesting to use an on-line algorithm to estimate quantiles as a storeless statistic.
An example of such an algorithm is the exponentially weighted stochastic approximation  described in a 2000 paper by Fei Chen ,  Diane Lambert  and Jos C. Pinheiro "Incremental Quantile Estimation for Massive Tracking" which can be retrieved from CiteSeerX at http://citeseerx.ist.psu.edu/viewdoc/summary?doi=10.1.1.105.1580. A new implementation of Percentile calculation based on P Square algorithm( http://www.cse.wustl.edu/~jain/papers/psqr.htm) is being proposed here. This new implementation has key advantage that it doesn&amp;amp;apos;t need to store inputs and needs a constant space to compute the percentile as the input is consumed.
This advantage is much required when used in computing the percentiles at big-data scale or for in-stream analytics.</description>
			<version>3.2</version>
			<fixedVersion>3.4</fixedVersion>
			<type>New Feature</type>
		</buginformation>
		<fixedFiles>
			<file type="M">org.apache.commons.math3.stat.descriptive.rank.PSquarePercentileTest.java</file>
		</fixedFiles>
		<links>
			<link type="Duplicate" description="is duplicated by">1112</link>
			<link type="Duplicate" description="duplicates">418</link>
		</links>
	</bug>
	<bug id="6" master="1203" duplicate="1234" opendate="2015-02-19 17:46:40" fixdate="2015-06-19 08:21:42" resolution="Fixed">
		<buginformation>
			<summary>getKernel fails for buckets with only multiple instances of the same value in random.EmpiricalDistribution Impossible NotStrictlyPositiveException after getStandardDeviation()</summary>
			<description>After loading a set of values into an EmpericalDistribution, assume that there&amp;amp;apos;s a case where a single bin ONLY contains multiple instances of the same value.  In this case the standard deviation will equal zero.  This will fail when getKernel attempts to create a NormalDistribution.  The other case where stddev=0 is when there is only a single value in the bin, and this is handled by returning a ConstantRealDistribution rather than a NormalDistrbution.
See: https://issues.apache.org/jira/browse/MATH-984 org.apache.commons.math3.random.EmpiricalDistribution.density() calls 
EmpiricalDistribution.getKernel which calls
bStats.getStandardDeviation()  bStats is SummaryStatistics
and return result caused NotStrictlyPositiveException: standard deviation (0)
in new NormalDistribution(randomData.getRandomGenerator(),
                bStats.getMean(), bStats.getStandardDeviation(),
                NormalDistribution.DEFAULT_INVERSE_ABSOLUTE_ACCURACY);
As I understand, it shouldn&amp;amp;apos;t be so by contract of SummaryStatistics.</description>
			<version>3.4</version>
			<fixedVersion>4.0, 3.5</fixedVersion>
			<type>Bug</type>
		</buginformation>
		<fixedFiles>
			<file type="M">org.apache.commons.math4.random.EmpiricalDistributionTest.java</file>
			<file type="M">org.apache.commons.math4.random.EmpiricalDistribution.java</file>
		</fixedFiles>
		<links>
			<link type="Duplicate" description="is duplicated by">1234</link>
			<link type="Duplicate" description="duplicates">1203</link>
		</links>
	</bug>
	<bug id="7" master="781" duplicate="813" opendate="2012-04-21 07:11:57" fixdate="2012-07-10 20:05:31" resolution="Fixed">
		<buginformation>
			<summary>SimplexSolver gives bad results SimplexSolver bug?</summary>
			<description>Methode SimplexSolver.optimeze(...) gives bad results with commons-math3-3.0
in a simple test problem. It works well in commons-math-2.2.  I am trying to use the SimplexSolver in commons-math3-3.0 and am getting unpredictable results. I am pasting the problem code below. Basically swapping the sequence of the last two constraints results in two different results (of which one is pure sub-optimal). Am I not using the solver correctly?
------------------------------
import java.util.ArrayList;
import java.util.Collection;
import org.apache.commons.math3.optimization.*;
import org.apache.commons.math3.optimization.linear.*;
public class Commons_Solver {
  public static void main(String[] args) {
 // describe the optimization problem
    LinearObjectiveFunction f = new LinearObjectiveFunction(new double[] 
{ 1, 1, 1, 1, 1, 1, 0, 0 }
, 0);
    Collection &amp;lt;LinearConstraint&amp;gt;constraints = new ArrayList&amp;lt;LinearConstraint&amp;gt;();
    //variables upper bounds
    constraints.add(new LinearConstraint(new double[] 
{ 1, 0, 0, 0, 0, 0, 0, 0 }, Relationship.LEQ, 38));
    constraints.add(new LinearConstraint(new double[] { 0, 1, 0, 0, 0, 0, 0, 0 }, Relationship.LEQ, 34));
    constraints.add(new LinearConstraint(new double[] { 0, 0, 1, 0, 0, 0, 0, 0 }, Relationship.LEQ, 1));
    constraints.add(new LinearConstraint(new double[] { 0, 0, 0, 1, 0, 0, 0, 0 }, Relationship.LEQ, 6));
    constraints.add(new LinearConstraint(new double[] { 0, 0, 0, 0, 1, 0, 0, 0 }, Relationship.LEQ, 17));
    constraints.add(new LinearConstraint(new double[] { 0, 0, 0, 0, 0, 1, 0, 0 }, Relationship.LEQ, 11));
    constraints.add(new LinearConstraint(new double[] { 0, 0, 0, 0, 0, 0, 1, 0 }, Relationship.LEQ, 101));
    constraints.add(new LinearConstraint(new double[] { 0, 0, 0, 0, 0, 0, 0, 1 }, Relationship.LEQ, 1e10));

    //variables lower bounds
    constraints.add(new LinearConstraint(new double[] { 1, 0, 0, 0, 0, 0, 0, 0 }
, Relationship.GEQ, 0));
    constraints.add(new LinearConstraint(new double[] 
{ 0, 1, 0, 0, 0, 0, 0, 0 }
, Relationship.GEQ, 0));
    constraints.add(new LinearConstraint(new double[] 
{ 0, 0, 1, 0, 0, 0, 0, 0 }
, Relationship.GEQ, 0));
    constraints.add(new LinearConstraint(new double[] 
{ 0, 0, 0, 1, 0, 0, 0, 0 }
, Relationship.GEQ, 0));
    constraints.add(new LinearConstraint(new double[] 
{ 0, 0, 0, 0, 1, 0, 0, 0 }
, Relationship.GEQ, 0));
    constraints.add(new LinearConstraint(new double[] 
{ 0, 0, 0, 0, 0, 1, 0, 0 }
, Relationship.GEQ, 0));
    constraints.add(new LinearConstraint(new double[] 
{ 0, 0, 0, 0, 0, 0, 1, 0 }
, Relationship.GEQ, 0));
    constraints.add(new LinearConstraint(new double[] 
{ 0, 0, 0, 0, 0, 0, 0, 1 }
, Relationship.GEQ, 0));
    constraints.add(new LinearConstraint(new double[] 
{ -1,-1, -1, -1, -1, -1, 1, 0 }
, Relationship.EQ, 0));
    constraints.add(new LinearConstraint(new double[] 
{ -1, -1, -1, -1, -1, -1,0 , 1 }
, Relationship.EQ, 0));
    constraints.add(new LinearConstraint(new double[] 
{ 1, 0, 0, 0, 0, 0, 0, -0.2841121495327103  }
, Relationship.GEQ, 0));
    constraints.add(new LinearConstraint(new double[] 
{ 0, 1, 0, 0, 0, 0, 0, -0.25420560747663556  }
, Relationship.GEQ, 0));
    constraints.add(new LinearConstraint(new double[] 
{ 0, 0, 0, 1, 0, 0, 0, -0.04485981308411215 }
, Relationship.GEQ, 0));
    /*---------------
    Swapping the sequence of the below two constraints produces two different results 
    ------------------*/
    constraints.add(new LinearConstraint(new double[] 
{ 0, 0, 0, 0, 1, 0, 0, -0.12710280373831778  }
, Relationship.GEQ, 0));
    constraints.add(new LinearConstraint(new double[] 
{ 0, 0, 0, 0, 0, 1, 0, -0.08224299065420561  }
, Relationship.GEQ, 0));
    /------------------/
    PointValuePair solution = new SimplexSolver().optimize(f, constraints, GoalType.MAXIMIZE, false);
    // get the solution
    for (int i = 0 ; i &amp;lt; solution.getPoint().length; i++)      
      System.out.println("x[" + i + "] = " +  solution.getPoint()[i]);
    System.out.println("value = " + solution.getValue());
  }
}
----------------------------------</description>
			<version>3.0</version>
			<fixedVersion>3.1</fixedVersion>
			<type>Bug</type>
		</buginformation>
		<fixedFiles>
			<file type="M">org.apache.commons.math3.optimization.linear.SimplexTableau.java</file>
			<file type="M">org.apache.commons.math3.optimization.linear.SimplexSolverTest.java</file>
		</fixedFiles>
		<links>
			<link type="Duplicate" description="is duplicated by">813</link>
			<link type="Duplicate" description="duplicates">781</link>
		</links>
	</bug>
	<bug id="8" master="1356" duplicate="1384" opendate="2016-04-13 12:27:15" fixdate="2016-09-06 06:48:25" resolution="Fixed">
		<buginformation>
			<summary>HypergeometricDistribution probability give NaN result HypergeometricDistribution logProbability() returns NaN for edge cases</summary>
			<description>Hi,
Unless I am mistaken the HypergeometricDistribution probability method returns NaN for the following cases :
HypergeometricDistribution hgd = new HypergeometricDistribution(11,11,1);
double probIT = hgd.probability(1);
HypergeometricDistribution hgd = new HypergeometricDistribution(11,11,11);
double probIT = hgd.probability(11);
I think it should return 1.0
Thanks,
Thomas For certain edge cases, HypergeometricDistribution.logProbability() will return NaN.
To compute the hypergeometric log probability, three binomial log probabilities are computed and then combined accordingly. The implementation is essentially the same as in BinomialDistribution.logProbability() and uses the SaddlePointExpansion. However, the Binomial implementation includes an extra check for the edge case of 0 trials which the HyperGeometric lacks.
An example call which fails is:
new HypergeometricDistribution(null, 11, 0, 1).logProbability(0)
which returns NaN instead of 0.0.
Note that
new HypergeometricDistribution(null, 10, 0, 1).logProbability(0)
returns 0 as expected.
Possible fixes:
1. Check for the edge cases and return appropriate values. This would make the code somewhat more complex.
2. Instead of duplicating the implementation use BinomialDistribution.logProbability(). This is much simpler/more readable but will reduce performance as each call to BinomialDistribution.logProbability() makes redundant checks of validity of input parameters etc.
I am happy to submit a PR at the GitHub repo implementing either 1 or 2 with the necessary tests.</description>
			<version>3.6.1</version>
			<fixedVersion>4.0</fixedVersion>
			<type>Bug</type>
		</buginformation>
		<fixedFiles>
			<file type="M">org.apache.commons.math4.distribution.SaddlePointExpansion.java</file>
			<file type="M">org.apache.commons.math4.distribution.HypergeometricDistributionTest.java</file>
		</fixedFiles>
		<links>
			<link type="Duplicate" description="is duplicated by">1384</link>
			<link type="Duplicate" description="duplicates">1356</link>
		</links>
	</bug>
</bugrepository>