<!-- 
RSS generated by JIRA (6.4.11#64026-sha1:78f6ec473a3f058bd5d6c30e9319c7ab376bdb9c) at Thu Dec 22 18:01:17 UTC 2016

It is possible to restrict the fields that are returned in this document by specifying the 'field' parameter in your request.
For example, to request only the issue key and summary add field=key&field=summary to the URL of your request.
For example:
https://jira.spring.io/si/jira.issueviews:issue-xml/SPR-2185/SPR-2185.xml?field=key&amp;field=summary
-->
<rss version="0.92" >
<channel>
    <title>Spring JIRA</title>
    <link>https://jira.spring.io</link>
    <description>This file is an XML representation of an issue</description>
    <language>en-uk</language>    <build-info>
        <version>6.4.11</version>
        <build-number>64026</build-number>
        <build-date>25-08-2015</build-date>
    </build-info>

<item>
            <title>[SPR-2185] Null model assertion causes backwards compatibility issue</title>
                <link>https://jira.spring.io/browse/SPR-2185</link>
                <project id="10000" key="SPR">Spring Framework</project>
                    <description>&lt;p&gt;Upgrading from 1.2.6 to 2.0 RC1 causes this to happen in some of my controllers:&lt;/p&gt;

&lt;p&gt;java.lang.IllegalArgumentException: Model object should not be null&lt;br/&gt;
        at org.springframework.util.Assert.notNull(Assert.java:113)&lt;br/&gt;
        at org.springframework.ui.ModelMap.addObject(ModelMap.java:75)&lt;br/&gt;
        at org.springframework.web.servlet.ModelAndView.addObject(ModelAndView.java:238)&lt;/p&gt;

&lt;p&gt;It&apos;s not really a big problem, but I thought you guys should be aware of it as it &lt;b&gt;does&lt;/b&gt; cause compatibility issues.  Out of curiosity, why can&apos;t we have a null model object?&lt;/p&gt;</description>
            <key id="14290">SPR-2185</key>
            <summary>Null model assertion causes backwards compatibility issue</summary>
                <type id="1" iconUrl="https://jira.spring.io/images/icons/issuetypes/bug.png">Bug</type>
                                            <priority id="4" iconUrl="https://jira.spring.io/images/icons/priorities/minor.png">Minor</priority>
                        <status id="6" iconUrl="https://jira.spring.io/images/icons/statuses/closed.png" description="The issue is considered finished, the resolution is correct. Issues which are not closed can be reopened.">Closed</status>
                    <statusCategory id="3" key="done" colorName="green"/>
                                    <resolution id="1">Fixed</resolution>
                                        <assignee username="springboy">Rick Evans</assignee>
                                    <reporter username="jmays">Joe Mays</reporter>
                        <labels>
                    </labels>
                <created>Sat, 24 Jun 2006 11:24:20 +0000</created>
                <updated>Tue, 19 Jun 2012 03:52:27 +0000</updated>
                            <resolved>Mon, 26 Jun 2006 00:44:58 +0000</resolved>
                                    <version>2.0 RC1</version>
                                    <fixVersion>2.0 RC2</fixVersion>
                                    <component>Web</component>
                        <due></due>
                            <votes>0</votes>
                                    <watches>0</watches>
                                                                <comments>
                            <comment id="18203" author="springboy" created="Mon, 26 Jun 2006 00:20:55 +0000"  >&lt;p&gt;Hi Joe&lt;/p&gt;

&lt;p&gt;I&apos;m tempted to agree with you on this one.&lt;/p&gt;

&lt;p&gt;It does break backward compatibility, and was added as part of the convention over configuration (CoC) functionality. The CoC functionality allows one to simply add objects to a ModelAndView and let the ModelAndView figure out the name base don a set of naming conventions. Obviously if the model object is null, then the ModelAndView cannot figure out the name, hence the exception that you are now seeing. However, if you are already supplying the name, then well, it&apos;s up to you as to whether or not you want to put a null into the ModelAndView.&lt;/p&gt;

&lt;p&gt;Let me have a quick confer with the other Spring devs (specifically the guy who implemented the CoC support) and I&apos;ll get back to you (and hopefully this issue).&lt;/p&gt;

&lt;p&gt;Cheers&lt;br/&gt;
Rick&lt;/p&gt;</comment>
                            <comment id="18204" author="springboy" created="Mon, 26 Jun 2006 00:44:58 +0000"  >&lt;p&gt;Hi Joe&lt;/p&gt;

&lt;p&gt;Indeed, fixed as per your request. Thanks for spotting this.&lt;/p&gt;

&lt;p&gt;Cheers&lt;br/&gt;
Rick&lt;/p&gt;</comment>
                            <comment id="18216" author="jmays" created="Mon, 26 Jun 2006 11:34:10 +0000"  >&lt;p&gt;Thanks, Rick.&lt;/p&gt;

&lt;p&gt;We&apos;re using Spring for a rather large project at my company, and it means a lot to us that you guys are this responsive and are this concerned about backwards compatibility.  Thanks a lot for looking into this, and taking time to explain the issue.  Spring is a top-class product by every measure, and the dedication of the Spring team makes it that way.&lt;/p&gt;

&lt;p&gt;Sincerely,&lt;br/&gt;
Joe Mays&lt;/p&gt;</comment>
                    </comments>
                    <attachments>
                    </attachments>
                <subtasks>
                    </subtasks>
                <customfields>
                                                <customfield id="customfield_10180" key="com.atlassian.jira.toolkit:dayslastcommented">
                        <customfieldname>Days since last comment</customfieldname>
                        <customfieldvalues>
                                        10 years, 27 weeks, 3 days ago
    
                        </customfieldvalues>
                    </customfield>
                                                                                            <customfield id="customfield_10170" key="com.atlassian.jira.ext.charting:firstresponsedate">
                        <customfieldname>First Response Date</customfieldname>
                        <customfieldvalues>
                            <customfieldvalue>Mon, 26 Jun 2006 00:20:55 +0000</customfieldvalue>

                        </customfieldvalues>
                    </customfield>
                                                                                            <customfield id="customfield_10181" key="com.atlassian.jira.toolkit:lastusercommented">
                        <customfieldname>Last commented by a User</customfieldname>
                        <customfieldvalues>
                            <customfieldvalue>true</customfieldvalue>
                        </customfieldvalues>
                    </customfield>
                                                                <customfield id="customfield_10182" key="com.atlassian.jira.toolkit:lastupdaterorcommenter">
                        <customfieldname>Last updater</customfieldname>
                        <customfieldvalues>
                            <customfieldvalue>tmarshall</customfieldvalue>

                        </customfieldvalues>
                    </customfield>
                                                                                            <customfield id="customfield_10880" key="com.pyxis.greenhopper.jira:gh-lexo-rank">
                        <customfieldname>Rank</customfieldname>
                        <customfieldvalues>
                            <customfieldvalue>0|i0197b:</customfieldvalue>

                        </customfieldvalues>
                    </customfield>
                                                                <customfield id="customfield_10380" key="com.pyxis.greenhopper.jira:gh-global-rank">
                        <customfieldname>Rank (Obsolete)</customfieldname>
                        <customfieldvalues>
                            <customfieldvalue>7368</customfieldvalue>
                        </customfieldvalues>
                    </customfield>
                                                                                                                                                    <customfield id="customfield_10171" key="com.atlassian.jira.ext.charting:timeinstatus">
                        <customfieldname>Time in Status</customfieldname>
                        <customfieldvalues>
                            
                        </customfieldvalues>
                    </customfield>
                                                                </customfields>
    </item>
</channel>
</rss>