<!-- 
RSS generated by JIRA (6.4.11#64026-sha1:78f6ec473a3f058bd5d6c30e9319c7ab376bdb9c) at Thu Dec 22 18:07:56 UTC 2016

It is possible to restrict the fields that are returned in this document by specifying the 'field' parameter in your request.
For example, to request only the issue key and summary add field=key&field=summary to the URL of your request.
For example:
https://jira.spring.io/si/jira.issueviews:issue-xml/SPR-214/SPR-214.xml?field=key&amp;field=summary
-->
<rss version="0.92" >
<channel>
    <title>Spring JIRA</title>
    <link>https://jira.spring.io</link>
    <description>This file is an XML representation of an issue</description>
    <language>en-uk</language>    <build-info>
        <version>6.4.11</version>
        <build-number>64026</build-number>
        <build-date>25-08-2015</build-date>
    </build-info>

<item>
            <title>[SPR-214] Possible Bug in BeanDefinitionReaderUtils.java ??</title>
                <link>https://jira.spring.io/browse/SPR-214</link>
                <project id="10000" key="SPR">Spring Framework</project>
                    <description>&lt;p&gt;From the latest in CVS HEAD &lt;/p&gt;

&lt;p&gt;BeanDefinitionReaderUtils.java &lt;/p&gt;

&lt;p&gt;/****&lt;/p&gt;

&lt;p&gt;53  if (parent == null) {&lt;br/&gt;
54    if (beanClass != null) &lt;/p&gt;
{
55  	 return new RootBeanDefinition(beanClass, cargs, pvs);
56     }
&lt;p&gt;57     else &lt;/p&gt;
{
58  	 return new RootBeanDefinition(className, cargs, pvs);
59     }
&lt;p&gt;60  }&lt;br/&gt;
61  else {&lt;br/&gt;
62   if (beanClass != null) &lt;/p&gt;
{
63  	return new ChildBeanDefinition(parent, beanClass, cargs, pvs);
64   }
&lt;p&gt;65   else &lt;/p&gt;
{
66  	return new ChildBeanDefinition(parent, className, cargs, pvs);
67   }
&lt;p&gt;68  }&lt;/p&gt;

&lt;p&gt;*****/&lt;br/&gt;
According to the above,&lt;/p&gt;

&lt;p&gt;When I have a default Parent view defined in the xml say &quot;parentView&quot; on  the ResourceBundleViewResolver and in the resource bundle, the definition is &quot;parentView.class=net...view.JstlView&quot; &lt;/p&gt;

&lt;p&gt;Line 63 gets executed with return type as ChildDefinition with the parent = the same as the default parent View  &lt;/p&gt;

&lt;p&gt;This  results in an exception being thrown in AbstractFactorBean.java in method  getMergedBeanDefinition , lines 546-557. &lt;/p&gt;

&lt;p&gt;/** From AbstractFactorBean.java ****&lt;/p&gt;

&lt;p&gt;546  else if (bd instanceof ChildBeanDefinition) {&lt;br/&gt;
547 	ChildBeanDefinition cbd = (ChildBeanDefinition) bd;&lt;br/&gt;
548 	RootBeanDefinition pbd = null;&lt;br/&gt;
549 	if (!beanName.equals(cbd.getParentName())) &lt;/p&gt;
{
550 	  pbd = getMergedBeanDefinition(cbd.getParentName(), true);
551 	}
&lt;p&gt;552 	else {&lt;br/&gt;
553 	  if (getParentBeanFactory() instanceof AbstractBeanFactory) &lt;/p&gt;
{
554 	      pbd = ((AbstractBeanFactory) getParentBeanFactory()).getMergedBeanDefinition(cbd.getParentName(), true);
555 	  }
&lt;p&gt;556 	  else &lt;/p&gt;
{
557 		throw new NoSuchBeanDefinitionException(cbd.getParentName(),
558  &quot;Parent name &apos;&quot; + cbd.getParentName() +
559  &quot;&apos; is equal to bean name &apos;&quot; + beanName +
560  &quot;&apos; - cannot be resolved without an AbstractBeanFactory parent&quot;);
561 	  }
&lt;p&gt;562     }&lt;/p&gt;

&lt;p&gt;******/&lt;/p&gt;

&lt;p&gt;Since &quot;parentView&quot; is a child definition. Line 549 will be true and 553 will be executed. Since the ParentBeanFactory is an instance of ApplicationContext, error is thrown at line 557 and the view is not rendered. &lt;/p&gt;

&lt;p&gt;As a temp fix, I changed line 63 to return RootBeanDefinition and it works fine. However, a proper sol may be perhaps to indicate to BeanDefinitionReaderUtils that the concerned prefix is root as the class def is from the defaultParentView.&lt;/p&gt;

&lt;p&gt;Thanks&lt;br/&gt;
Shishir&lt;/p&gt;
</description>
            <key id="10400">SPR-214</key>
            <summary>Possible Bug in BeanDefinitionReaderUtils.java ??</summary>
                <type id="1" iconUrl="https://jira.spring.io/images/icons/issuetypes/bug.png">Bug</type>
                                            <priority id="2" iconUrl="https://jira.spring.io/images/icons/priorities/critical.png">Critical</priority>
                        <status id="6" iconUrl="https://jira.spring.io/images/icons/statuses/closed.png" description="The issue is considered finished, the resolution is correct. Issues which are not closed can be reopened.">Closed</status>
                    <statusCategory id="3" key="done" colorName="green"/>
                                    <resolution id="1">Fixed</resolution>
                                        <assignee username="juergen.hoeller">Juergen Hoeller</assignee>
                                    <reporter username="shishirksingh">Shishir K Singh</reporter>
                        <labels>
                    </labels>
                <created>Mon, 12 Jul 2004 19:49:46 +0000</created>
                <updated>Tue, 27 Jul 2004 03:42:37 +0000</updated>
                            <resolved>Tue, 27 Jul 2004 03:42:37 +0000</resolved>
                                    <version>1.1 RC1</version>
                                    <fixVersion>1.1 RC1</fixVersion>
                                    <component>Core</component>
                    <component>Web</component>
                        <due></due>
                            <votes>0</votes>
                                    <watches>1</watches>
                                                                <comments>
                            <comment id="10691" author="juergen.hoeller" created="Tue, 27 Jul 2004 03:42:37 +0000"  >&lt;p&gt;Indeed, that&apos;s bug caused by the new extended child bean definition concept. I&apos;ve added a check to PropertiesBeanDefinitionReader, to just apply the defaultParentBean setting if we&apos;re not dealing with that parent bean definition itself.&lt;/p&gt;

&lt;p&gt;Thanks for the report!&lt;/p&gt;

&lt;p&gt;Juergen&lt;/p&gt;</comment>
                    </comments>
                    <attachments>
                    </attachments>
                <subtasks>
                    </subtasks>
                <customfields>
                                                <customfield id="customfield_10180" key="com.atlassian.jira.toolkit:dayslastcommented">
                        <customfieldname>Days since last comment</customfieldname>
                        <customfieldvalues>
                                        12 years, 23 weeks, 2 days ago
    
                        </customfieldvalues>
                    </customfield>
                                                                                            <customfield id="customfield_10170" key="com.atlassian.jira.ext.charting:firstresponsedate">
                        <customfieldname>First Response Date</customfieldname>
                        <customfieldvalues>
                            <customfieldvalue>Tue, 27 Jul 2004 03:42:37 +0000</customfieldvalue>

                        </customfieldvalues>
                    </customfield>
                                                                                            <customfield id="customfield_10181" key="com.atlassian.jira.toolkit:lastusercommented">
                        <customfieldname>Last commented by a User</customfieldname>
                        <customfieldvalues>
                            <customfieldvalue>false</customfieldvalue>
                        </customfieldvalues>
                    </customfield>
                                                                <customfield id="customfield_10182" key="com.atlassian.jira.toolkit:lastupdaterorcommenter">
                        <customfieldname>Last updater</customfieldname>
                        <customfieldvalues>
                            <customfieldvalue>tmarshall</customfieldvalue>

                        </customfieldvalues>
                    </customfield>
                                                                                            <customfield id="customfield_10880" key="com.pyxis.greenhopper.jira:gh-lexo-rank">
                        <customfieldname>Rank</customfieldname>
                        <customfieldvalues>
                            <customfieldvalue>0|i01b9r:</customfieldvalue>

                        </customfieldvalues>
                    </customfield>
                                                                <customfield id="customfield_10380" key="com.pyxis.greenhopper.jira:gh-global-rank">
                        <customfieldname>Rank (Obsolete)</customfieldname>
                        <customfieldvalues>
                            <customfieldvalue>7703</customfieldvalue>
                        </customfieldvalues>
                    </customfield>
                                                                                                                                                    <customfield id="customfield_10171" key="com.atlassian.jira.ext.charting:timeinstatus">
                        <customfieldname>Time in Status</customfieldname>
                        <customfieldvalues>
                            
                        </customfieldvalues>
                    </customfield>
                                                                </customfields>
    </item>
</channel>
</rss>