<!-- 
RSS generated by JIRA (6.4.11#64026-sha1:78f6ec473a3f058bd5d6c30e9319c7ab376bdb9c) at Thu Dec 22 19:20:02 UTC 2016

It is possible to restrict the fields that are returned in this document by specifying the 'field' parameter in your request.
For example, to request only the issue key and summary add field=key&field=summary to the URL of your request.
For example:
https://jira.spring.io/si/jira.issueviews:issue-xml/SPR-2794/SPR-2794.xml?field=key&amp;field=summary
-->
<rss version="0.92" >
<channel>
    <title>Spring JIRA</title>
    <link>https://jira.spring.io</link>
    <description>This file is an XML representation of an issue</description>
    <language>en-uk</language>    <build-info>
        <version>6.4.11</version>
        <build-number>64026</build-number>
        <build-date>25-08-2015</build-date>
    </build-info>

<item>
            <title>[SPR-2794] DispatcherPortlet does not restore LocaleContextHolder and RequestContextHolder state</title>
                <link>https://jira.spring.io/browse/SPR-2794</link>
                <project id="10000" key="SPR">Spring Framework</project>
                    <description>&lt;p&gt;Finally blocks in DispatcherPortlet.doActionService() and doRenderService() reset Thread-bound references held by by LocaleContextHolder and RequestContextHolder. This is problematic for clients that require access to scoped beans following DispatcherPortlet invocation. For example, a portlet container may depend on request- or session-scoped beans initialized by a ServletRequestListener or Filter. Such a container likely expects those beans to be accessible for the complete lifetime of a request and may be unpleasantly suprised by DispatcherPortlet&apos;s aggressive cleanup behavior. Ideally, DispatcherPortlet would behave like DispatcherServlet and restore the received state of LocaleContextHolder and RequestContextHolder after it completes its internal request handling.&lt;/p&gt;</description>
            <key id="15400">SPR-2794</key>
            <summary>DispatcherPortlet does not restore LocaleContextHolder and RequestContextHolder state</summary>
                <type id="1" iconUrl="https://jira.spring.io/images/icons/issuetypes/bug.png">Bug</type>
                                            <priority id="4" iconUrl="https://jira.spring.io/images/icons/priorities/minor.png">Minor</priority>
                        <status id="6" iconUrl="https://jira.spring.io/images/icons/statuses/closed.png" description="The issue is considered finished, the resolution is correct. Issues which are not closed can be reopened.">Closed</status>
                    <statusCategory id="3" key="done" colorName="green"/>
                                    <resolution id="1">Fixed</resolution>
                                        <assignee username="juergen.hoeller">Juergen Hoeller</assignee>
                                    <reporter username="dmccallum">Dan McCallum</reporter>
                        <labels>
                    </labels>
                <created>Thu, 2 Nov 2006 09:21:48 +0000</created>
                <updated>Tue, 19 Jun 2012 03:50:20 +0000</updated>
                            <resolved>Fri, 3 Nov 2006 08:05:06 +0000</resolved>
                                    <version>2.0 final</version>
                    <version>2.0.1</version>
                                    <fixVersion>2.0.1</fixVersion>
                                    <component>Web</component>
                        <due></due>
                            <votes>0</votes>
                                    <watches>0</watches>
                                                                <comments>
                            <comment id="20615" author="dmccallum" created="Thu, 2 Nov 2006 09:24:55 +0000"  >&lt;p&gt;Attached patch restores LocaleContextHolder and RequestContextHolder state in DispatcherPortlet. Implementation is effectively identical to the same behavior in DispatcherServlet. Patch includes unit tests.&lt;/p&gt;</comment>
                            <comment id="20633" author="juergen.hoeller" created="Fri, 3 Nov 2006 08:05:06 +0000"  >&lt;p&gt;Thanks for the suggestion! Indeed, even if DispatcherPortlets themselves are never chained, the surrounding environment might be based on a DispatcherServlet or otherwise use Spring&apos;s request context holders there...&lt;/p&gt;

&lt;p&gt;Juergen&lt;/p&gt;</comment>
                    </comments>
                    <attachments>
                            <attachment id="12081" name="dispatcher-portlet-patch.txt" size="10742" author="dmccallum" created="Thu, 2 Nov 2006 09:24:55 +0000"/>
                    </attachments>
                <subtasks>
                    </subtasks>
                <customfields>
                                                <customfield id="customfield_10180" key="com.atlassian.jira.toolkit:dayslastcommented">
                        <customfieldname>Days since last comment</customfieldname>
                        <customfieldvalues>
                                        10 years, 8 weeks, 6 days ago
    
                        </customfieldvalues>
                    </customfield>
                                                                                            <customfield id="customfield_10170" key="com.atlassian.jira.ext.charting:firstresponsedate">
                        <customfieldname>First Response Date</customfieldname>
                        <customfieldvalues>
                            <customfieldvalue>Fri, 3 Nov 2006 08:05:06 +0000</customfieldvalue>

                        </customfieldvalues>
                    </customfield>
                                                                                            <customfield id="customfield_10181" key="com.atlassian.jira.toolkit:lastusercommented">
                        <customfieldname>Last commented by a User</customfieldname>
                        <customfieldvalues>
                            <customfieldvalue>false</customfieldvalue>
                        </customfieldvalues>
                    </customfield>
                                                                <customfield id="customfield_10182" key="com.atlassian.jira.toolkit:lastupdaterorcommenter">
                        <customfieldname>Last updater</customfieldname>
                        <customfieldvalues>
                            <customfieldvalue>tmarshall</customfieldvalue>

                        </customfieldvalues>
                    </customfield>
                                                                                            <customfield id="customfield_10880" key="com.pyxis.greenhopper.jira:gh-lexo-rank">
                        <customfieldname>Rank</customfieldname>
                        <customfieldvalues>
                            <customfieldvalue>0|i00vd3:</customfieldvalue>

                        </customfieldvalues>
                    </customfield>
                                                                <customfield id="customfield_10380" key="com.pyxis.greenhopper.jira:gh-global-rank">
                        <customfieldname>Rank (Obsolete)</customfieldname>
                        <customfieldvalues>
                            <customfieldvalue>5126</customfieldvalue>
                        </customfieldvalues>
                    </customfield>
                                                                                                                                                    <customfield id="customfield_10171" key="com.atlassian.jira.ext.charting:timeinstatus">
                        <customfieldname>Time in Status</customfieldname>
                        <customfieldvalues>
                            
                        </customfieldvalues>
                    </customfield>
                                                                </customfields>
    </item>
</channel>
</rss>