<!-- 
RSS generated by JIRA (6.4.11#64026-sha1:78f6ec473a3f058bd5d6c30e9319c7ab376bdb9c) at Thu Dec 22 21:09:36 UTC 2016

It is possible to restrict the fields that are returned in this document by specifying the 'field' parameter in your request.
For example, to request only the issue key and summary add field=key&field=summary to the URL of your request.
For example:
https://jira.spring.io/si/jira.issueviews:issue-xml/SPR-11797/SPR-11797.xml?field=key&amp;field=summary
-->
<rss version="0.92" >
<channel>
    <title>Spring JIRA</title>
    <link>https://jira.spring.io</link>
    <description>This file is an XML representation of an issue</description>
    <language>en-uk</language>    <build-info>
        <version>6.4.11</version>
        <build-number>64026</build-number>
        <build-date>25-08-2015</build-date>
    </build-info>

<item>
            <title>[SPR-11797] Getting NPE in HttpSessionEventPublisher</title>
                <link>https://jira.spring.io/browse/SPR-11797</link>
                <project id="10000" key="SPR">Spring Framework</project>
                    <description>&lt;p&gt;I am trying to run spring 4 mvc application in servlet 3 container (tomcat 7).&lt;br/&gt;
I have implemented ApplicationListener&amp;lt;ApplicationEvent&amp;gt; to receive notification on session creation and session destroy events. &lt;/p&gt;

&lt;p&gt;Whenever I try to access my application, I am getting NPE at below code in HttpSessionEventPublisher&lt;/p&gt;

&lt;p&gt;getContext(event.getSession().getServletContext()).publishEvent(e);&lt;/p&gt;

&lt;p&gt;I have further debugged the code and noticed that following getContext method is returning null instead of applicationContext. The webapplication context is not being set for key &quot;WebApplicationContext.ROOT_WEB_APPLICATION_CONTEXT_ATTRIBUTE&quot; in servlet context hence causing NPE.&lt;/p&gt;

&lt;p&gt;Thanks,&lt;br/&gt;
Amit&lt;/p&gt;</description>
            <key id="57779">SPR-11797</key>
            <summary>Getting NPE in HttpSessionEventPublisher</summary>
                <type id="1" iconUrl="https://jira.spring.io/images/icons/issuetypes/bug.png">Bug</type>
                                            <priority id="1" iconUrl="https://jira.spring.io/images/icons/priorities/blocker.png">Blocker</priority>
                        <status id="5" iconUrl="https://jira.spring.io/images/icons/statuses/resolved.png" description="A resolution has been taken, and it is awaiting verification by reporter. From here issues are either reopened, or are closed.">Resolved</status>
                    <statusCategory id="3" key="done" colorName="green"/>
                                    <resolution id="6">Invalid</resolution>
                                        <assignee username="rstoya05-aop">Rossen Stoyanchev</assignee>
                                    <reporter username="arun1607">Amit Shrivastava</reporter>
                        <labels>
                            <label>Spring</label>
                    </labels>
                <created>Fri, 16 May 2014 05:43:40 +0000</created>
                <updated>Fri, 16 May 2014 07:52:17 +0000</updated>
                            <resolved>Fri, 16 May 2014 06:33:41 +0000</resolved>
                                    <version>4.0.4</version>
                                                    <component>Web</component>
                        <due></due>
                            <votes>0</votes>
                                    <watches>2</watches>
                                                                <comments>
                            <comment id="103452" author="juergen.hoeller" created="Fri, 16 May 2014 06:33:41 +0000"  >&lt;p&gt;This doesn&apos;t seem like a Spring Framework issue, rather a problem with Spring Security&apos;s HttpSessionEventPublisher... to be followed up at &lt;a href=&quot;https://jira.spring.io/browse/SEC-2594&quot; title=&quot;Getting NPE in HttpSessionEventPublisher&quot; class=&quot;issue-link&quot; data-issue-key=&quot;SEC-2594&quot;&gt;&lt;del&gt;SEC-2594&lt;/del&gt;&lt;/a&gt;.&lt;/p&gt;

&lt;p&gt;Juergen&lt;/p&gt;</comment>
                    </comments>
                <issuelinks>
                            <issuelinktype id="10000">
                    <name>Duplicate</name>
                                                                <inwardlinks description="is duplicated by">
                                        <issuelink>
            <issuekey id="57781">SPR-11798</issuekey>
        </issuelink>
            <issuelink>
            <issuekey id="57782">SPR-11799</issuekey>
        </issuelink>
                            </inwardlinks>
                                    </issuelinktype>
                    </issuelinks>
                <attachments>
                    </attachments>
                <subtasks>
                    </subtasks>
                <customfields>
                                                <customfield id="customfield_10180" key="com.atlassian.jira.toolkit:dayslastcommented">
                        <customfieldname>Days since last comment</customfieldname>
                        <customfieldvalues>
                                        2 years, 31 weeks, 6 days ago
    
                        </customfieldvalues>
                    </customfield>
                                                                                            <customfield id="customfield_10170" key="com.atlassian.jira.ext.charting:firstresponsedate">
                        <customfieldname>First Response Date</customfieldname>
                        <customfieldvalues>
                            <customfieldvalue>Fri, 16 May 2014 06:33:41 +0000</customfieldvalue>

                        </customfieldvalues>
                    </customfield>
                                                                                            <customfield id="customfield_10181" key="com.atlassian.jira.toolkit:lastusercommented">
                        <customfieldname>Last commented by a User</customfieldname>
                        <customfieldvalues>
                            <customfieldvalue>false</customfieldvalue>
                        </customfieldvalues>
                    </customfield>
                                                                <customfield id="customfield_10182" key="com.atlassian.jira.toolkit:lastupdaterorcommenter">
                        <customfieldname>Last updater</customfieldname>
                        <customfieldvalues>
                            <customfieldvalue>juergen.hoeller</customfieldvalue>

                        </customfieldvalues>
                    </customfield>
                                                                                            <customfield id="customfield_10880" key="com.pyxis.greenhopper.jira:gh-lexo-rank">
                        <customfieldname>Rank</customfieldname>
                        <customfieldvalues>
                            <customfieldvalue>0|i07k0v:</customfieldvalue>

                        </customfieldvalues>
                    </customfield>
                                                                <customfield id="customfield_10380" key="com.pyxis.greenhopper.jira:gh-global-rank">
                        <customfieldname>Rank (Obsolete)</customfieldname>
                        <customfieldvalues>
                            <customfieldvalue>44116</customfieldvalue>
                        </customfieldvalues>
                    </customfield>
                                                                                                                                                    <customfield id="customfield_10171" key="com.atlassian.jira.ext.charting:timeinstatus">
                        <customfieldname>Time in Status</customfieldname>
                        <customfieldvalues>
                            
                        </customfieldvalues>
                    </customfield>
                                                                </customfields>
    </item>
</channel>
</rss>