<!-- 
RSS generated by JIRA (6.4.11#64026-sha1:78f6ec473a3f058bd5d6c30e9319c7ab376bdb9c) at Thu Dec 22 20:56:46 UTC 2016

It is possible to restrict the fields that are returned in this document by specifying the 'field' parameter in your request.
For example, to request only the issue key and summary add field=key&field=summary to the URL of your request.
For example:
https://jira.spring.io/si/jira.issueviews:issue-xml/SPR-6440/SPR-6440.xml?field=key&amp;field=summary
-->
<rss version="0.92" >
<channel>
    <title>Spring JIRA</title>
    <link>https://jira.spring.io</link>
    <description>This file is an XML representation of an issue</description>
    <language>en-uk</language>    <build-info>
        <version>6.4.11</version>
        <build-number>64026</build-number>
        <build-date>25-08-2015</build-date>
    </build-info>

<item>
            <title>[SPR-6440] Merge JdbcTemplate and SimpleJdbcTemplate, deprecate SimpleJdbcTemplate</title>
                <link>https://jira.spring.io/browse/SPR-6440</link>
                <project id="10000" key="SPR">Spring Framework</project>
                    <description>&lt;p&gt;Now that RowMapper offers parameterized types can we please abandon SimpleJdbcTemplate? It still lacks some functionality (e.g. fetch size) over JdbcTemplate so sometimes both are used.&lt;/p&gt;</description>
            <key id="28926">SPR-6440</key>
            <summary>Merge JdbcTemplate and SimpleJdbcTemplate, deprecate SimpleJdbcTemplate</summary>
                <type id="4" iconUrl="https://jira.spring.io/images/icons/issuetypes/improvement.png">Improvement</type>
                                            <priority id="4" iconUrl="https://jira.spring.io/images/icons/priorities/minor.png">Minor</priority>
                        <status id="5" iconUrl="https://jira.spring.io/images/icons/statuses/resolved.png" description="A resolution has been taken, and it is awaiting verification by reporter. From here issues are either reopened, or are closed.">Resolved</status>
                    <statusCategory id="3" key="done" colorName="green"/>
                                    <resolution id="3">Duplicate</resolution>
                                        <assignee username="cbeams">Chris Beams</assignee>
                                    <reporter username="jbar">Joern Barthel</reporter>
                        <labels>
                    </labels>
                <created>Tue, 24 Nov 2009 20:08:41 +0000</created>
                <updated>Wed, 16 May 2012 01:23:17 +0000</updated>
                            <resolved>Tue, 20 Mar 2012 06:29:29 +0000</resolved>
                                    <version>3.0 RC2</version>
                                                    <component>Data</component>
                        <due></due>
                            <votes>0</votes>
                                    <watches>2</watches>
                                                                    <issuelinks>
                            <issuelinktype id="10000">
                    <name>Duplicate</name>
                                            <outwardlinks description="duplicates">
                                        <issuelink>
            <issuekey id="30393">SPR-6922</issuekey>
        </issuelink>
                            </outwardlinks>
                                                        </issuelinktype>
                    </issuelinks>
                <attachments>
                    </attachments>
                <subtasks>
                    </subtasks>
                <customfields>
                                                <customfield id="customfield_10180" key="com.atlassian.jira.toolkit:dayslastcommented">
                        <customfieldname>Days since last comment</customfieldname>
                        <customfieldvalues>
                                        7 years, 5 weeks, 2 days ago
    
                        </customfieldvalues>
                    </customfield>
                                                                                                                                                    <customfield id="customfield_10181" key="com.atlassian.jira.toolkit:lastusercommented">
                        <customfieldname>Last commented by a User</customfieldname>
                        <customfieldvalues>
                            <customfieldvalue>true</customfieldvalue>
                        </customfieldvalues>
                    </customfield>
                                                                <customfield id="customfield_10182" key="com.atlassian.jira.toolkit:lastupdaterorcommenter">
                        <customfieldname>Last updater</customfieldname>
                        <customfieldvalues>
                            <customfieldvalue>tmarshall</customfieldvalue>

                        </customfieldvalues>
                    </customfield>
                                                                                            <customfield id="customfield_10880" key="com.pyxis.greenhopper.jira:gh-lexo-rank">
                        <customfieldname>Rank</customfieldname>
                        <customfieldvalues>
                            <customfieldvalue>0|i01def:</customfieldvalue>

                        </customfieldvalues>
                    </customfield>
                                                                <customfield id="customfield_10380" key="com.pyxis.greenhopper.jira:gh-global-rank">
                        <customfieldname>Rank (Obsolete)</customfieldname>
                        <customfieldvalues>
                            <customfieldvalue>8048</customfieldvalue>
                        </customfieldvalues>
                    </customfield>
                                                                                                                                                    <customfield id="customfield_10171" key="com.atlassian.jira.ext.charting:timeinstatus">
                        <customfieldname>Time in Status</customfieldname>
                        <customfieldvalues>
                            
                        </customfieldvalues>
                    </customfield>
                                                                </customfields>
    </item>
</channel>
</rss>