<!-- 
RSS generated by JIRA (6.4.11#64026-sha1:78f6ec473a3f058bd5d6c30e9319c7ab376bdb9c) at Thu Dec 22 20:49:38 UTC 2016

It is possible to restrict the fields that are returned in this document by specifying the 'field' parameter in your request.
For example, to request only the issue key and summary add field=key&field=summary to the URL of your request.
For example:
https://jira.spring.io/si/jira.issueviews:issue-xml/SPR-978/SPR-978.xml?field=key&amp;field=summary
-->
<rss version="0.92" >
<channel>
    <title>Spring JIRA</title>
    <link>https://jira.spring.io</link>
    <description>This file is an XML representation of an issue</description>
    <language>en-uk</language>    <build-info>
        <version>6.4.11</version>
        <build-number>64026</build-number>
        <build-date>25-08-2015</build-date>
    </build-info>

<item>
            <title>[SPR-978] Configurer that resolves placeholders as environment entries</title>
                <link>https://jira.spring.io/browse/SPR-978</link>
                <project id="10000" key="SPR">Spring Framework</project>
                    <description>&lt;p&gt;We need a configurer that resolves placeholder as application&apos;s environment entries.&lt;/p&gt;

&lt;p&gt;Our application is deployed on different environments (development, integration, production) and even in production we have the same application deployed many times.&lt;/p&gt;

&lt;p&gt;We must build different web archives just to change few properties (mail server, reporting server, etc.).&lt;/p&gt;

&lt;p&gt;In a J2EE application, such properties should be configured in application&apos;s environment entries (JNDI).&lt;/p&gt;

&lt;p&gt;I&apos;ll attached a proposal for an EnvironmentEntryPropertyPlaceholderConfigurer.&lt;/p&gt;

&lt;p&gt;See this thread for more infos:&lt;br/&gt;
&lt;a href=&quot;http://forum.springframework.org/viewtopic.php?t=5196&quot; class=&quot;external-link&quot; rel=&quot;nofollow&quot;&gt;http://forum.springframework.org/viewtopic.php?t=5196&lt;/a&gt;&lt;/p&gt;
</description>
            <key id="11615">SPR-978</key>
            <summary>Configurer that resolves placeholders as environment entries</summary>
                <type id="2" iconUrl="https://jira.spring.io/images/icons/issuetypes/newfeature.png">New Feature</type>
                                            <priority id="4" iconUrl="https://jira.spring.io/images/icons/priorities/minor.png">Minor</priority>
                        <status id="5" iconUrl="https://jira.spring.io/images/icons/statuses/resolved.png" description="A resolution has been taken, and it is awaiting verification by reporter. From here issues are either reopened, or are closed.">Resolved</status>
                    <statusCategory id="3" key="done" colorName="green"/>
                                    <resolution id="3">Duplicate</resolution>
                                        <assignee username="cbeams">Chris Beams</assignee>
                                    <reporter username="pierreb">Pierre Bittner</reporter>
                        <labels>
                    </labels>
                <created>Tue, 24 May 2005 02:00:51 +0000</created>
                <updated>Tue, 26 Apr 2011 01:27:28 +0000</updated>
                            <resolved>Tue, 26 Apr 2011 01:26:54 +0000</resolved>
                                                                    <component>Core</component>
                        <due></due>
                            <votes>0</votes>
                                    <watches>1</watches>
                                                                <comments>
                            <comment id="65679" author="cbeams" created="Tue, 26 Apr 2011 01:27:07 +0000"  >&lt;p&gt;Resolving as duplicate of &lt;a href=&quot;https://jira.spring.io/browse/SPR-3030&quot; title=&quot;JNDI Property Placeholder Configurer&quot; class=&quot;issue-link&quot; data-issue-key=&quot;SPR-3030&quot;&gt;&lt;del&gt;SPR-3030&lt;/del&gt;&lt;/a&gt;.  See my comments on that issue regarding Spring 3.1&apos;s support for &lt;tt&gt;PropertySources&lt;/tt&gt;, &lt;tt&gt;PropertySourcesPlaceholderConfigurer&lt;/tt&gt;, and specifically &lt;tt&gt;JndiPropertySource&lt;/tt&gt;&lt;/p&gt;</comment>
                    </comments>
                <issuelinks>
                            <issuelinktype id="10000">
                    <name>Duplicate</name>
                                            <outwardlinks description="duplicates">
                                        <issuelink>
            <issuekey id="15866">SPR-3030</issuekey>
        </issuelink>
                            </outwardlinks>
                                                        </issuelinktype>
                    </issuelinks>
                <attachments>
                            <attachment id="10742" name="EnvironmentEntryPropertyPlaceholderConfigurer.java" size="5855" author="pierreb" created="Tue, 24 May 2005 02:01:54 +0000"/>
                            <attachment id="10743" name="EnvironmentEntryPropertyPlaceholderConfigurerTests.java" size="4320" author="pierreb" created="Tue, 24 May 2005 02:02:41 +0000"/>
                    </attachments>
                <subtasks>
                    </subtasks>
                <customfields>
                                                <customfield id="customfield_10180" key="com.atlassian.jira.toolkit:dayslastcommented">
                        <customfieldname>Days since last comment</customfieldname>
                        <customfieldvalues>
                                        5 years, 35 weeks, 2 days ago
    
                        </customfieldvalues>
                    </customfield>
                                                                                            <customfield id="customfield_10170" key="com.atlassian.jira.ext.charting:firstresponsedate">
                        <customfieldname>First Response Date</customfieldname>
                        <customfieldvalues>
                            <customfieldvalue>Tue, 26 Apr 2011 01:27:07 +0000</customfieldvalue>

                        </customfieldvalues>
                    </customfield>
                                                                                            <customfield id="customfield_10181" key="com.atlassian.jira.toolkit:lastusercommented">
                        <customfieldname>Last commented by a User</customfieldname>
                        <customfieldvalues>
                            <customfieldvalue>true</customfieldvalue>
                        </customfieldvalues>
                    </customfield>
                                                                <customfield id="customfield_10182" key="com.atlassian.jira.toolkit:lastupdaterorcommenter">
                        <customfieldname>Last updater</customfieldname>
                        <customfieldvalues>
                            <customfieldvalue>tmarshall</customfieldvalue>

                        </customfieldvalues>
                    </customfield>
                                                                                            <customfield id="customfield_10880" key="com.pyxis.greenhopper.jira:gh-lexo-rank">
                        <customfieldname>Rank</customfieldname>
                        <customfieldvalues>
                            <customfieldvalue>0|i039yf:</customfieldvalue>

                        </customfieldvalues>
                    </customfield>
                                                                <customfield id="customfield_10380" key="com.pyxis.greenhopper.jira:gh-global-rank">
                        <customfieldname>Rank (Obsolete)</customfieldname>
                        <customfieldvalues>
                            <customfieldvalue>19155</customfieldvalue>
                        </customfieldvalues>
                    </customfield>
                                                                                                                                                    <customfield id="customfield_10171" key="com.atlassian.jira.ext.charting:timeinstatus">
                        <customfieldname>Time in Status</customfieldname>
                        <customfieldvalues>
                            
                        </customfieldvalues>
                    </customfield>
                                                                </customfields>
    </item>
</channel>
</rss>