<!-- 
RSS generated by JIRA (6.4.11#64026-sha1:78f6ec473a3f058bd5d6c30e9319c7ab376bdb9c) at Thu Dec 22 18:26:35 UTC 2016

It is possible to restrict the fields that are returned in this document by specifying the 'field' parameter in your request.
For example, to request only the issue key and summary add field=key&field=summary to the URL of your request.
For example:
https://jira.spring.io/si/jira.issueviews:issue-xml/SPR-771/SPR-771.xml?field=key&amp;field=summary
-->
<rss version="0.92" >
<channel>
    <title>Spring JIRA</title>
    <link>https://jira.spring.io</link>
    <description>This file is an XML representation of an issue</description>
    <language>en-uk</language>    <build-info>
        <version>6.4.11</version>
        <build-number>64026</build-number>
        <build-date>25-08-2015</build-date>
    </build-info>

<item>
            <title>[SPR-771] JmsConnectionFactoryBean Does Not Handle Null Usernames/Passwords</title>
                <link>https://jira.spring.io/browse/SPR-771</link>
                <project id="10000" key="SPR">Spring Framework</project>
                    <description>&lt;p&gt;There isn&apos;t a SpringJMS Component yet, so...&lt;/p&gt;


&lt;p&gt;The JmsConnectionFactoryBean attempts to connect with a username and password.  If those two parameters are null, then it should use the no-arg version of createConnection.&lt;/p&gt;

&lt;p&gt;Attached is the patch that handles this.&lt;/p&gt;</description>
            <key id="11237">SPR-771</key>
            <summary>JmsConnectionFactoryBean Does Not Handle Null Usernames/Passwords</summary>
                <type id="1" iconUrl="https://jira.spring.io/images/icons/issuetypes/bug.png">Bug</type>
                                            <priority id="3" iconUrl="https://jira.spring.io/images/icons/priorities/major.png">Major</priority>
                        <status id="6" iconUrl="https://jira.spring.io/images/icons/statuses/closed.png" description="The issue is considered finished, the resolution is correct. Issues which are not closed can be reopened.">Closed</status>
                    <statusCategory id="3" key="done" colorName="green"/>
                                    <resolution id="1">Fixed</resolution>
                                        <assignee username="juergen.hoeller">Juergen Hoeller</assignee>
                                    <reporter username="sethladd">Seth Ladd</reporter>
                        <labels>
                    </labels>
                <created>Wed, 9 Mar 2005 11:10:32 +0000</created>
                <updated>Thu, 10 Mar 2005 04:04:22 +0000</updated>
                            <resolved>Wed, 9 Mar 2005 20:44:40 +0000</resolved>
                                    <version>1.2 RC1</version>
                                    <fixVersion>1.2 RC1</fixVersion>
                                        <due></due>
                            <votes>0</votes>
                                    <watches>1</watches>
                                                                <comments>
                            <comment id="12519" author="sethladd" created="Wed, 9 Mar 2005 11:11:34 +0000"  >&lt;p&gt;Patch to handle null usernames and passwords.&lt;/p&gt;</comment>
                            <comment id="12535" author="juergen.hoeller" created="Wed, 9 Mar 2005 20:44:40 +0000"  >&lt;p&gt;Thanks for spotting this - fixed.&lt;/p&gt;

&lt;p&gt;But hey, this is sandbox code &lt;img class=&quot;emoticon&quot; src=&quot;https://jira.spring.io/images/icons/emoticons/wink.png&quot; height=&quot;16&quot; width=&quot;16&quot; align=&quot;absmiddle&quot; alt=&quot;&quot; border=&quot;0&quot;/&gt; What exactly are using JmsConnectionFactoryBean for, Seth? I would love to learn about use cases for it; we need to decide whether we move it over to the main sources.&lt;/p&gt;

&lt;p&gt;Juergen&lt;/p&gt;</comment>
                            <comment id="12537" author="sethladd" created="Thu, 10 Mar 2005 04:04:22 +0000"  >&lt;p&gt;Thanks for commiting the patch!&lt;/p&gt;

&lt;p&gt;Just experimenting now with all the different Spring JMS support classes.  My initial impressions are that JmsTemplate handles everything right now, so the immediate need for JmsConnectionFactoryBean isn&apos;t great.  But, of course, if you can&apos;t use the template for some reason, these FactoryBeans are very helpful.&lt;/p&gt;

&lt;p&gt;I&apos;m moving to integrate JMS w/ the rest of our services, so integrating a JTA manager w/ both JMS and our standard DB services is for today.&lt;/p&gt;</comment>
                    </comments>
                    <attachments>
                            <attachment id="10572" name="patch.txt" size="1165" author="sethladd" created="Wed, 9 Mar 2005 11:11:34 +0000"/>
                    </attachments>
                <subtasks>
                    </subtasks>
                <customfields>
                                                <customfield id="customfield_10180" key="com.atlassian.jira.toolkit:dayslastcommented">
                        <customfieldname>Days since last comment</customfieldname>
                        <customfieldvalues>
                                        11 years, 43 weeks ago
    
                        </customfieldvalues>
                    </customfield>
                                                                                            <customfield id="customfield_10170" key="com.atlassian.jira.ext.charting:firstresponsedate">
                        <customfieldname>First Response Date</customfieldname>
                        <customfieldvalues>
                            <customfieldvalue>Wed, 9 Mar 2005 20:44:40 +0000</customfieldvalue>

                        </customfieldvalues>
                    </customfield>
                                                                                            <customfield id="customfield_10181" key="com.atlassian.jira.toolkit:lastusercommented">
                        <customfieldname>Last commented by a User</customfieldname>
                        <customfieldvalues>
                            <customfieldvalue>true</customfieldvalue>
                        </customfieldvalues>
                    </customfield>
                                                                <customfield id="customfield_10182" key="com.atlassian.jira.toolkit:lastupdaterorcommenter">
                        <customfieldname>Last updater</customfieldname>
                        <customfieldvalues>
                            <customfieldvalue>tmarshall</customfieldvalue>

                        </customfieldvalues>
                    </customfield>
                                                                                            <customfield id="customfield_10880" key="com.pyxis.greenhopper.jira:gh-lexo-rank">
                        <customfieldname>Rank</customfieldname>
                        <customfieldvalues>
                            <customfieldvalue>0|i04xf3:</customfieldvalue>

                        </customfieldvalues>
                    </customfield>
                                                                <customfield id="customfield_10380" key="com.pyxis.greenhopper.jira:gh-global-rank">
                        <customfieldname>Rank (Obsolete)</customfieldname>
                        <customfieldvalues>
                            <customfieldvalue>28788</customfieldvalue>
                        </customfieldvalues>
                    </customfield>
                                                                                                                                                    <customfield id="customfield_10171" key="com.atlassian.jira.ext.charting:timeinstatus">
                        <customfieldname>Time in Status</customfieldname>
                        <customfieldvalues>
                            
                        </customfieldvalues>
                    </customfield>
                                                                </customfields>
    </item>
</channel>
</rss>