<!-- 
RSS generated by JIRA (6.4.11#64026-sha1:78f6ec473a3f058bd5d6c30e9319c7ab376bdb9c) at Thu Dec 22 17:51:05 UTC 2016

It is possible to restrict the fields that are returned in this document by specifying the 'field' parameter in your request.
For example, to request only the issue key and summary add field=key&field=summary to the URL of your request.
For example:
https://jira.spring.io/si/jira.issueviews:issue-xml/SPR-4118/SPR-4118.xml?field=key&amp;field=summary
-->
<rss version="0.92" >
<channel>
    <title>Spring JIRA</title>
    <link>https://jira.spring.io</link>
    <description>This file is an XML representation of an issue</description>
    <language>en-uk</language>    <build-info>
        <version>6.4.11</version>
        <build-number>64026</build-number>
        <build-date>25-08-2015</build-date>
    </build-info>

<item>
            <title>[SPR-4118]  PROPAGATION_REQUIRES_NEW fails on JBoss 4.2.1 when using Hibernate connection release mode &quot;on_close&quot;</title>
                <link>https://jira.spring.io/browse/SPR-4118</link>
                <project id="10000" key="SPR">Spring Framework</project>
                    <description>&lt;p&gt;My Issue is same as the one explained in the below link.&lt;/p&gt;

&lt;p&gt;&lt;a href=&quot;http://opensource.atlassian.com/projects/spring/browse/SPR-4077&quot; class=&quot;external-link&quot; rel=&quot;nofollow&quot;&gt;http://opensource.atlassian.com/projects/spring/browse/SPR-4077&lt;/a&gt;&lt;/p&gt;

&lt;p&gt;But my use gets resolved after adding the below param to the Spring Config file &lt;/p&gt;

&lt;p&gt;&amp;lt;property name=&quot;useTransactionAwareDataSource&quot; value=&quot;true&quot;/&amp;gt; &lt;/p&gt;

&lt;p&gt;&amp;lt;prop key=&quot;hibernate.connection.release_mode&quot;&amp;gt;after_statement&amp;lt;/prop&amp;gt; &lt;/p&gt;

&lt;p&gt;and&lt;br/&gt;
&amp;lt;property name=&quot;transactionSynchronization&quot;&amp;gt;&lt;br/&gt;
          &amp;lt;bean id=&quot;org.springframework.transaction.jta.JtaTransactionManager.SYNCHRONIZATION_NEVER&quot;&lt;br/&gt;
              class=&quot;org.springframework.beans.factory.config.FieldRetrievingFactoryBean&quot;/&amp;gt;&lt;br/&gt;
      &amp;lt;/property&amp;gt;&lt;br/&gt;
to transactionManager bean.&lt;/p&gt;

&lt;p&gt;If  SYNCHRONIZATION_NEVER is used the below exception is thrown which getCurrentSession is invoked.&lt;br/&gt;
INFO  &lt;span class=&quot;error&quot;&gt;&amp;#91;HibernateUtil&amp;#93;&lt;/span&gt; getCurrentSession in data DS..&lt;br/&gt;
2007-11-17 03:05:08,231 DEBUG &lt;span class=&quot;error&quot;&gt;&amp;#91;org.springframework.beans.factory.support.DefaultListableBeanFactory&amp;#93;&lt;/span&gt; Returning cached instance of singleton bean &apos;LoadDataSessionFactory&apos;&lt;br/&gt;
2007-11-17 03:05:08,231 DEBUG &lt;span class=&quot;error&quot;&gt;&amp;#91;org.springframework.orm.hibernate3.SessionFactoryUtils&amp;#93;&lt;/span&gt; Opening Hibernate Session&lt;br/&gt;
2007-11-17 03:05:08,231 DEBUG &lt;span class=&quot;error&quot;&gt;&amp;#91;org.hibernate.impl.SessionImpl&amp;#93;&lt;/span&gt; opened session at timestamp: 11952867082&lt;br/&gt;
2007-11-17 03:05:08,231 DEBUG &lt;span class=&quot;error&quot;&gt;&amp;#91;org.springframework.orm.hibernate3.SessionFactoryUtils&amp;#93;&lt;/span&gt; Closing Hibernate Session&lt;br/&gt;
2007-11-17 03:05:08,231 ERROR &lt;span class=&quot;error&quot;&gt;&amp;#91;HibernateUtil&amp;#93;&lt;/span&gt; Error in getCurrentSession: &lt;br/&gt;
org.hibernate.HibernateException: No Hibernate Session bound to thread, and configuration does not allow creation of non-transactional one here&lt;br/&gt;
	at org.springframework.orm.hibernate3.AbstractSessionFactoryBean$TransactionAwareInvocationHandler.invoke(AbstractSessionFactoryBean.java:296)&lt;br/&gt;
	at $Proxy61.getCurrentSession(Unknown Source)&lt;br/&gt;
	at HibernateUtil.getCurrentSession(LoadDataHibernateUtil.java:74)&lt;br/&gt;
	.................&lt;/p&gt;



&lt;p&gt;Please Helpout......&lt;br/&gt;
Thanks in Advance for Springs Support&lt;/p&gt;

&lt;p&gt;Is this the only solution for this issue? Or do we have any fix versions that spring is going to release?. &lt;/p&gt;

&lt;p&gt;We are using Spring.jar 2.0.2 &lt;/p&gt;
</description>
            <key id="18565">SPR-4118</key>
            <summary> PROPAGATION_REQUIRES_NEW fails on JBoss 4.2.1 when using Hibernate connection release mode &quot;on_close&quot;</summary>
                <type id="1" iconUrl="https://jira.spring.io/images/icons/issuetypes/bug.png">Bug</type>
                                            <priority id="3" iconUrl="https://jira.spring.io/images/icons/priorities/major.png">Major</priority>
                        <status id="5" iconUrl="https://jira.spring.io/images/icons/statuses/resolved.png" description="A resolution has been taken, and it is awaiting verification by reporter. From here issues are either reopened, or are closed.">Resolved</status>
                    <statusCategory id="3" key="done" colorName="green"/>
                                    <resolution id="3">Duplicate</resolution>
                                        <assignee username="juergen.hoeller">Juergen Hoeller</assignee>
                                    <reporter username="jansiemerlin@gmail.com">Jansie Merlin</reporter>
                        <labels>
                    </labels>
                <created>Fri, 16 Nov 2007 18:13:16 +0000</created>
                <updated>Tue, 19 Jun 2012 02:28:21 +0000</updated>
                            <resolved>Fri, 16 Nov 2007 23:23:56 +0000</resolved>
                                                                    <component>Transaction</component>
                        <due></due>
                            <votes>0</votes>
                                    <watches>0</watches>
                                    <timeoriginalestimate seconds="57600">2d</timeoriginalestimate>
                            <timeestimate seconds="57600">2d</timeestimate>
                                        <comments>
                            <comment id="27761" author="juergen.hoeller" created="Fri, 16 Nov 2007 23:23:56 +0000"  >&lt;p&gt;As outlined in &lt;a href=&quot;https://jira.spring.io/browse/SPR-4077&quot; title=&quot;PROPAGATION_REQUIRES_NEW fails on JBoss 4.2.1 when using Hibernate connection release mode &amp;quot;on_close&amp;quot;&quot; class=&quot;issue-link&quot; data-issue-key=&quot;SPR-4077&quot;&gt;&lt;del&gt;SPR-4077&lt;/del&gt;&lt;/a&gt;, this should work out of the box in Spring 2.5. With previous Spring versions, Hibernate&apos;s connection release mode &quot;after_statement&quot; (as you used as well) is the recommended solution.&lt;/p&gt;

&lt;p&gt;I&apos;m not sure why you&apos;re trying to switch Spring&apos;s transaction synchronization mode to SYNCHRONIZATION_NEVER? Leave it at the default - this should work fine. If you insist on switching it to NEVER for some reason, then make sure that Hibernate is configured with a JBossTransactionManagerLookup which will allow for registering synchronizations with the JTA transaction manager directly.&lt;/p&gt;

&lt;p&gt;Juergen&lt;/p&gt;</comment>
                            <comment id="27773" author="jansiemerlin@gmail.com" created="Sun, 18 Nov 2007 03:59:33 +0000"  >&lt;p&gt;Thanks a lot for your immediate response&lt;/p&gt;

&lt;p&gt;I tried configuring JBossTransactionManagerLookup as below&lt;/p&gt;

&lt;p&gt;                &amp;lt;prop key=&quot;hibernate.transaction.manager_lookup_class&quot;&amp;gt;&lt;br/&gt;
                    org.hibernate.transaction.JBossTransactionManagerLookup&lt;br/&gt;
                &amp;lt;/prop&amp;gt;&lt;br/&gt;
even then my application fails when getCurrentSession is invoked.&lt;/p&gt;</comment>
                            <comment id="27774" author="juergen.hoeller" created="Sun, 18 Nov 2007 04:03:25 +0000"  >&lt;p&gt;Why do switch to SYNCHRONIZATION_NEVER in the first place? Does the default not work for you for some reason?&lt;/p&gt;

&lt;p&gt;Also, please post the stacktrace of the exception that you get from getCurrentSession.&lt;/p&gt;

&lt;p&gt;Juergen&lt;/p&gt;</comment>
                            <comment id="27775" author="jansiemerlin@gmail.com" created="Sun, 18 Nov 2007 04:40:03 +0000"  >
&lt;p&gt;Thanks for your interest and support.&lt;/p&gt;

&lt;p&gt;I tried my aplication with Spring 2.5 dated 17-11.&lt;/p&gt;

&lt;p&gt;When the Requires bean invokes the Reqires_New bean the below expection is thrown.&lt;br/&gt;
If i use SYNCHRONIZATION_NEVER my application works fine.&lt;/p&gt;

&lt;p&gt;java.lang.IllegalStateException: Trying to change transaction TransactionImple &amp;lt; ac, BasicAction: a035af8:b0a:473df837:15e status: ActionStatus.RUNNING &amp;gt; in enlist!&lt;br/&gt;
2007-11-16 15:17:45,716 ERROR &lt;span class=&quot;error&quot;&gt;&amp;#91;STDERR&amp;#93;&lt;/span&gt; 	at org.jboss.resource.connectionmanager.TxConnectionManager$TxConnectionEventListener.enlist(TxConnectionManager.java:525)&lt;br/&gt;
2007-11-16 15:17:45,716 ERROR &lt;span class=&quot;error&quot;&gt;&amp;#91;STDERR&amp;#93;&lt;/span&gt; 	at org.jboss.resource.connectionmanager.TxConnectionManager.transactionStarted(TxConnectionManager.java:328)&lt;br/&gt;
2007-11-16 15:17:45,716 ERROR &lt;span class=&quot;error&quot;&gt;&amp;#91;STDERR&amp;#93;&lt;/span&gt; 	at org.jboss.resource.connectionmanager.CachedConnectionManager.userTransactionStarted(CachedConnectionManager.java:360)&lt;br/&gt;
2007-11-16 15:17:45,716 ERROR &lt;span class=&quot;error&quot;&gt;&amp;#91;STDERR&amp;#93;&lt;/span&gt; &lt;/p&gt;

&lt;p&gt;2007-11-16 15:17:45,731 DEBUG &lt;span class=&quot;error&quot;&gt;&amp;#91;org.springframework.transaction.interceptor.TransactionInterceptor&amp;#93;&lt;/span&gt; Completing transaction for &lt;span class=&quot;error&quot;&gt;&amp;#91;com.taxware.twe.facade.interfaces.IOrganizationFacade.setupAccountingMethod&amp;#93;&lt;/span&gt;&lt;br/&gt;
2007-11-16 15:17:45,731 DEBUG &lt;span class=&quot;error&quot;&gt;&amp;#91;com.taxware.twe.util.spring.TweJtaTransactionManager&amp;#93;&lt;/span&gt; Triggering beforeCommit synchronization&lt;br/&gt;
2007-11-16 15:17:45,731 DEBUG &lt;span class=&quot;error&quot;&gt;&amp;#91;com.taxware.twe.util.spring.TweJtaTransactionManager&amp;#93;&lt;/span&gt; Triggering beforeCompletion synchronization&lt;br/&gt;
2007-11-16 15:17:45,731 ERROR &lt;span class=&quot;error&quot;&gt;&amp;#91;MyBd&amp;#93;&lt;/span&gt; Cannot deactivate transaction synchronization - not active&lt;br/&gt;
java.lang.IllegalStateException: Cannot deactivate transaction synchronization - not active&lt;br/&gt;
	at org.springframework.transaction.support.TransactionSynchronizationManager.clearSynchronization(TransactionSynchronizationManager.java:270)&lt;br/&gt;
	at org.springframework.transaction.support.AbstractPlatformTransactionManager.cleanupAfterCompletion(AbstractPlatformTransactionManager.java:902)&lt;br/&gt;
	at org.springframework.transaction.support.AbstractPlatformTransactionManager.processCommit(AbstractPlatformTransactionManager.java:704)&lt;br/&gt;
	at org.springframework.transaction.support.AbstractPlatformTransactionManager.commit(AbstractPlatformTransactionManager.java:624)&lt;br/&gt;
	at org.springframework.transaction.interceptor.TransactionAspectSupport.commitTransactionAfterReturning(TransactionAspectSupport.java:307)&lt;br/&gt;
	at org.springframework.transaction.interceptor.TransactionInterceptor.invoke(TransactionInterceptor.java:117)&lt;br/&gt;
	at org.springframework.aop.framework.ReflectiveMethodInvocation.proceed(ReflectiveMethodInvocation.java:176)&lt;br/&gt;
	at com.taxware.twe.common.storage.StorageNotificationInterceptor.invoke(StorageNotificationInterceptor.java:91)&lt;br/&gt;
	at org.springframework.aop.framework.ReflectiveMethodInvocation.proceed(ReflectiveMethodInvocation.java:176)&lt;br/&gt;
	at org.springframework.aop.framework.JdkDynamicAopProxy.invoke(JdkDynamicAopProxy.java:210)&lt;/p&gt;


&lt;p&gt;If I use SYNCHRONIZATION_NEVER i get the below exception when getCurrentSession is invoked&lt;/p&gt;

&lt;p&gt;2007-11-17 03:05:08,231 DEBUG &lt;span class=&quot;error&quot;&gt;&amp;#91;org.springframework.orm.hibernate3.SessionFactoryUtils&amp;#93;&lt;/span&gt; Opening Hibernate Session&lt;br/&gt;
2007-11-17 03:05:08,231 DEBUG &lt;span class=&quot;error&quot;&gt;&amp;#91;org.hibernate.impl.SessionImpl&amp;#93;&lt;/span&gt; opened session at timestamp: 11952867082&lt;br/&gt;
2007-11-17 03:05:08,231 DEBUG &lt;span class=&quot;error&quot;&gt;&amp;#91;org.springframework.orm.hibernate3.SessionFactoryUtils&amp;#93;&lt;/span&gt; Closing Hibernate Session&lt;br/&gt;
2007-11-17 03:05:08,231 ERROR &lt;span class=&quot;error&quot;&gt;&amp;#91;com.taxware.twe.loaddata.LoadDataHibernateUtil&amp;#93;&lt;/span&gt; Error in getCurrentSession: &lt;br/&gt;
org.hibernate.HibernateException: No Hibernate Session bound to thread, and configuration does not allow creation of non-transactional one here&lt;br/&gt;
	at org.springframework.orm.hibernate3.AbstractSessionFactoryBean$TransactionAwareInvocationHandler.invoke(AbstractSessionFactoryBean.java:296)&lt;br/&gt;
	at $Proxy61.getCurrentSession(Unknown Source)&lt;br/&gt;
	at yHibernateUtil.getCurrentSession(LoadDataHibernateUtil.java:74)&lt;/p&gt;
&lt;hr /&gt;
&lt;p&gt;	at sun.reflect.NativeMethodAccessorImpl.invoke0(Native Method)&lt;br/&gt;
	at sun.reflect.NativeMethodAccessorImpl.invoke(NativeMethodAccessorImpl.java:39)&lt;br/&gt;
	at sun.reflect.DelegatingMethodAccessorImpl.invoke(DelegatingMethodAccessorImpl.java:25)&lt;br/&gt;
	at java.lang.reflect.Method.invoke(Method.java:585)&lt;br/&gt;
	at org.springframework.aop.support.AopUtils.invokeJoinpointUsingReflection(AopUtils.java:281)&lt;br/&gt;
	at org.springframework.aop.framework.ReflectiveMethodInvocation.invokeJoinpoint(ReflectiveMethodInvocation.java:187)&lt;br/&gt;
	at org.springframework.aop.framework.ReflectiveMethodInvocation.proceed(ReflectiveMethodInvocation.java:154)&lt;br/&gt;
	at org.springframework.transaction.interceptor.TransactionInterceptor.invoke(TransactionInterceptor.java:107)&lt;br/&gt;
	at org.springframework.aop.framework.ReflectiveMethodInvocation.proceed(ReflectiveMethodInvocation.java:176)&lt;br/&gt;
	at org.springframework.aop.framework.JdkDynamicAopProxy.invoke(JdkDynamicAopProxy.java:210)&lt;/p&gt;


&lt;p&gt;I have never seen a such a fast reply for any group till date&lt;br/&gt;
Hats offs to the Spring Team&lt;/p&gt;</comment>
                            <comment id="27776" author="juergen.hoeller" created="Sun, 18 Nov 2007 04:51:49 +0000"  >&lt;p&gt;You apparently have tried the following already, but maybe only in combination with SYNCHRONIZATION_NEVER...&lt;/p&gt;

&lt;p&gt;  &amp;lt;property name=&quot;useTransactionAwareDataSource&quot; value=&quot;true&quot;/&amp;gt; &lt;/p&gt;

&lt;p&gt;  &amp;lt;prop key=&quot;hibernate.connection.release_mode&quot;&amp;gt;after_statement&amp;lt;/prop&amp;gt; &lt;/p&gt;

&lt;p&gt;That should work fine even with the default synchronization mode. Have you tried that in your environment?&lt;/p&gt;

&lt;p&gt;In other words, leave the default synchronization mode and &lt;b&gt;only&lt;/b&gt; change the above two settings on LocalSessionFactoryBean / in the Hibernate properties.&lt;/p&gt;

&lt;p&gt;Juergen&lt;/p&gt;</comment>
                            <comment id="27778" author="jansiemerlin@gmail.com" created="Sun, 18 Nov 2007 04:58:45 +0000"  >&lt;p&gt;Adding the below property alone does not fix my issue&lt;/p&gt;

&lt;p&gt;  &amp;lt;property name=&quot;useTransactionAwareDataSource&quot; value=&quot;true&quot;/&amp;gt; &lt;/p&gt;

&lt;p&gt;  &amp;lt;prop key=&quot;hibernate.connection.release_mode&quot;&amp;gt;after_statement&amp;lt;/prop&amp;gt; &lt;/p&gt;

&lt;p&gt;only if SYNCHRONIZATION_NEVER is used along with these property my applicaion works fine.&lt;/p&gt;

&lt;p&gt;If the above properties are set  but SYNCHRONIZATION_NEVER is not set my application  fails stating&lt;/p&gt;

&lt;p&gt;java.lang.IllegalStateException: Trying to change transaction TransactionImple &amp;lt; ac, BasicAction: a035af8:b0a:473df837:15e status: ActionStatus.RUNNING &amp;gt; in enlist! &lt;br/&gt;
2007-11-16 15:17:45,716 ERROR &lt;span class=&quot;error&quot;&gt;&amp;#91;STDERR&amp;#93;&lt;/span&gt; at org.jboss.resource.connectionmanager.TxConnectionManager$TxConnectionEventListener.enlist(TxConnectionManager.java:525) &lt;br/&gt;
2007-11-16 15:17:45,716 ERROR &lt;span class=&quot;error&quot;&gt;&amp;#91;STDERR&amp;#93;&lt;/span&gt; at org.jboss.resource.connectionmanager.TxConnectionManager.transactionStarted(TxConnectionManager.java:328) &lt;br/&gt;
2007-11-16 15:17:45,716 ERROR &lt;span class=&quot;error&quot;&gt;&amp;#91;STDERR&amp;#93;&lt;/span&gt; at org.jboss.resource.connectionmanager.CachedConnectionManager.userTransactionStarted(CachedConnectionManager.java:360) &lt;br/&gt;
2007-11-16 15:17:45,716 ERROR &lt;span class=&quot;error&quot;&gt;&amp;#91;STDERR&amp;#93;&lt;/span&gt; &lt;/p&gt;

&lt;p&gt;2007-11-16 15:17:45,731 DEBUG &lt;span class=&quot;error&quot;&gt;&amp;#91;org.springframework.transaction.interceptor.TransactionInterceptor&amp;#93;&lt;/span&gt; Completing transaction for &lt;span class=&quot;error&quot;&gt;&amp;#91;com.taxware.twe.facade.interfaces.IOrganizationFacade.setupAccountingMethod&amp;#93;&lt;/span&gt; &lt;br/&gt;
2007-11-16 15:17:45,731 DEBUG &lt;span class=&quot;error&quot;&gt;&amp;#91;com.taxware.twe.util.spring.TweJtaTransactionManager&amp;#93;&lt;/span&gt; Triggering beforeCommit synchronization &lt;br/&gt;
2007-11-16 15:17:45,731 DEBUG &lt;span class=&quot;error&quot;&gt;&amp;#91;com.taxware.twe.util.spring.TweJtaTransactionManager&amp;#93;&lt;/span&gt; Triggering beforeCompletion synchronization &lt;br/&gt;
2007-11-16 15:17:45,731 ERROR &lt;span class=&quot;error&quot;&gt;&amp;#91;MyBd&amp;#93;&lt;/span&gt; Cannot deactivate transaction synchronization - not active &lt;br/&gt;
java.lang.IllegalStateException: Cannot deactivate transaction synchronization - not active &lt;br/&gt;
at org.springframework.transaction.support.TransactionSynchronizationManager.clearSynchronization(TransactionSynchronizationManager.java:270) &lt;br/&gt;
at org.springframework.transaction.support.AbstractPlatformTransactionManager.cleanupAfterCompletion(AbstractPlatformTransactionManager.java:902) &lt;br/&gt;
at org.springframework.transaction.support.AbstractPlatformTransactionManager.processCommit(AbstractPlatformTransactionManager.java:704) &lt;br/&gt;
at org.springframework.transaction.support.AbstractPlatformTransactionManager.commit(AbstractPlatformTransactionManager.java:624) &lt;br/&gt;
at org.springframework.transaction.interceptor.TransactionAspectSupport.commitTransactionAfterReturning(TransactionAspectSupport.java:307) &lt;br/&gt;
at org.springframework.transaction.interceptor.TransactionInterceptor.invoke(TransactionInterceptor.java:117) &lt;br/&gt;
at org.springframework.aop.framework.ReflectiveMethodInvocation.proceed(ReflectiveMethodInvocation.java:176) &lt;br/&gt;
at com.taxware.twe.common.storage.StorageNotificationInterceptor.invoke(StorageNotificationInterceptor.java:91) &lt;br/&gt;
at org.springframework.aop.framework.ReflectiveMethodInvocation.proceed(ReflectiveMethodInvocation.java:176) &lt;br/&gt;
at org.springframework.aop.framework.JdkDynamicAopProxy.invoke(JdkDynamicAopProxy.java:210) &lt;/p&gt;


&lt;p&gt;Thanks a lot for your Support&lt;/p&gt;</comment>
                            <comment id="27790" author="juergen.hoeller" created="Sun, 18 Nov 2007 20:28:26 +0000"  >&lt;p&gt;FYI, there&apos;s a new &lt;a href=&quot;https://jira.spring.io/browse/SPR-4122&quot; title=&quot;Propagation REQUIRES_NEW fails on JBoss Application Server 4.2.1 when keeping a JDBC Connection handle&quot; class=&quot;issue-link&quot; data-issue-key=&quot;SPR-4122&quot;&gt;&lt;del&gt;SPR-4122&lt;/del&gt;&lt;/a&gt; tracking the status of the reopened JBoss 4.2.1 issue.&lt;/p&gt;

&lt;p&gt;Juergen&lt;/p&gt;</comment>
                    </comments>
                <issuelinks>
                            <issuelinktype id="10000">
                    <name>Duplicate</name>
                                            <outwardlinks description="duplicates">
                                        <issuelink>
            <issuekey id="18468">SPR-4077</issuekey>
        </issuelink>
                            </outwardlinks>
                                                        </issuelinktype>
                            <issuelinktype id="10020">
                    <name>Related</name>
                                                                <inwardlinks description="is related to">
                                        <issuelink>
            <issuekey id="18575">SPR-4122</issuekey>
        </issuelink>
                            </inwardlinks>
                                    </issuelinktype>
                    </issuelinks>
                <attachments>
                    </attachments>
                <subtasks>
                    </subtasks>
                <customfields>
                                                <customfield id="customfield_10180" key="com.atlassian.jira.toolkit:dayslastcommented">
                        <customfieldname>Days since last comment</customfieldname>
                        <customfieldvalues>
                                        9 years, 6 weeks, 3 days ago
    
                        </customfieldvalues>
                    </customfield>
                                                                                            <customfield id="customfield_10170" key="com.atlassian.jira.ext.charting:firstresponsedate">
                        <customfieldname>First Response Date</customfieldname>
                        <customfieldvalues>
                            <customfieldvalue>Fri, 16 Nov 2007 23:23:56 +0000</customfieldvalue>

                        </customfieldvalues>
                    </customfield>
                                                                                            <customfield id="customfield_10181" key="com.atlassian.jira.toolkit:lastusercommented">
                        <customfieldname>Last commented by a User</customfieldname>
                        <customfieldvalues>
                            <customfieldvalue>false</customfieldvalue>
                        </customfieldvalues>
                    </customfield>
                                                                <customfield id="customfield_10182" key="com.atlassian.jira.toolkit:lastupdaterorcommenter">
                        <customfieldname>Last updater</customfieldname>
                        <customfieldvalues>
                            <customfieldvalue>tmarshall</customfieldvalue>

                        </customfieldvalues>
                    </customfield>
                                                                                            <customfield id="customfield_10880" key="com.pyxis.greenhopper.jira:gh-lexo-rank">
                        <customfieldname>Rank</customfieldname>
                        <customfieldvalues>
                            <customfieldvalue>0|i04t1r:</customfieldvalue>

                        </customfieldvalues>
                    </customfield>
                                                                <customfield id="customfield_10380" key="com.pyxis.greenhopper.jira:gh-global-rank">
                        <customfieldname>Rank (Obsolete)</customfieldname>
                        <customfieldvalues>
                            <customfieldvalue>28080</customfieldvalue>
                        </customfieldvalues>
                    </customfield>
                                                                                                                                                    <customfield id="customfield_10171" key="com.atlassian.jira.ext.charting:timeinstatus">
                        <customfieldname>Time in Status</customfieldname>
                        <customfieldvalues>
                            
                        </customfieldvalues>
                    </customfield>
                                                                </customfields>
    </item>
</channel>
</rss>