<!-- 
RSS generated by JIRA (6.4.11#64026-sha1:78f6ec473a3f058bd5d6c30e9319c7ab376bdb9c) at Thu Dec 22 17:54:19 UTC 2016

It is possible to restrict the fields that are returned in this document by specifying the 'field' parameter in your request.
For example, to request only the issue key and summary add field=key&field=summary to the URL of your request.
For example:
https://jira.spring.io/si/jira.issueviews:issue-xml/SPR-2178/SPR-2178.xml?field=key&amp;field=summary
-->
<rss version="0.92" >
<channel>
    <title>Spring JIRA</title>
    <link>https://jira.spring.io</link>
    <description>This file is an XML representation of an issue</description>
    <language>en-uk</language>    <build-info>
        <version>6.4.11</version>
        <build-number>64026</build-number>
        <build-date>25-08-2015</build-date>
    </build-info>

<item>
            <title>[SPR-2178] &lt;aop:aspectj-autoproxy /&gt; with abstract beans (with class specified) causes NPE</title>
                <link>https://jira.spring.io/browse/SPR-2178</link>
                <project id="10000" key="SPR">Spring Framework</project>
                    <description>&lt;p&gt;Previously reported as &lt;a href=&quot;http://opensource.atlassian.com/projects/spring/browse/SPR-2143&quot; class=&quot;external-link&quot; rel=&quot;nofollow&quot;&gt;http://opensource.atlassian.com/projects/spring/browse/SPR-2143&lt;/a&gt;; this was partially fixed in RC1, however, abstract bean definitions that specify a class cause the below exception.  Note the addition of the &apos;class&apos; attribute on the final abstract bean &apos;testAbstract2&apos;&lt;/p&gt;

&lt;p&gt;   &amp;lt;aop:aspectj-autoproxy /&amp;gt;&lt;/p&gt;

&lt;p&gt;    &amp;lt;bean id=&quot;testAspect&quot; class=&quot;bridges.web.legacy.TestAspect&quot; /&amp;gt;&lt;/p&gt;

&lt;p&gt;    &amp;lt;bean id=&quot;testAction&quot; class=&quot;org.apache.struts.action.Action&quot; /&amp;gt;&lt;/p&gt;

&lt;p&gt;    &amp;lt;bean id=&quot;testAbstract&quot; abstract=&quot;true&quot; /&amp;gt;&lt;/p&gt;

&lt;p&gt;    &amp;lt;bean id=&quot;testAbstract2&quot; class=&quot;org.springframework.aop.framework.ProxyFactoryBean&quot; abstract=&quot;true&quot;/&amp;gt;&lt;/p&gt;

&lt;p&gt;org.springframework.beans.factory.BeanIsAbstractException: Error creating bean with name &apos;testAbstract2&apos;: Bean definition is abstract&lt;br/&gt;
at org.springframework.beans.factory.support.AbstractBeanFactory.checkMergedBeanDefinition(AbstractBeanFactory.java:864)&lt;br/&gt;
at org.springframework.beans.factory.support.AbstractBeanFactory.getBean(AbstractBeanFactory.java:244)&lt;br/&gt;
at org.springframework.beans.factory.support.AbstractBeanFactory.getBean(AbstractBeanFactory.java:168)&lt;br/&gt;
at org.springframework.beans.factory.support.AbstractBeanFactory.getType(AbstractBeanFactory.java:392)&lt;br/&gt;
at org.springframework.aop.aspectj.annotation.AnnotationAwareAspectJAutoProxyCreator.createAspectJAdvisors(AnnotationAwareAspectJAutoProxyCreator.java:167)&lt;br/&gt;
at org.springframework.aop.aspectj.annotation.AnnotationAwareAspectJAutoProxyCreator.findCandidateAdvisors(AnnotationAwareAspectJAutoProxyCreator.java:137)&lt;br/&gt;
at org.springframework.aop.framework.autoproxy.AbstractAdvisorAutoProxyCreator.setBeanFactory(AbstractAdvisorAutoProxyCreator.java:61)&lt;br/&gt;
at org.springframework.beans.factory.support.AbstractAutowireCapableBeanFactory.initializeBean(AbstractAutowireCapableBeanFactory.java:863)&lt;br/&gt;
at org.springframework.beans.factory.support.AbstractAutowireCapableBeanFactory.createBean(AbstractAutowireCapableBeanFactory.java:393)&lt;br/&gt;
at org.springframework.beans.factory.support.AbstractBeanFactory.getBean(AbstractBeanFactory.java:257)&lt;br/&gt;
at org.springframework.beans.factory.support.AbstractBeanFactory.getBean(AbstractBeanFactory.java:168)&lt;br/&gt;
at org.springframework.beans.factory.support.DefaultListableBeanFactory.getBeansOfType(DefaultListableBeanFactory.java:199)&lt;br/&gt;
at org.springframework.context.support.AbstractApplicationContext.getBeansOfType(AbstractApplicationContext.java:662)&lt;br/&gt;
at org.springframework.context.support.AbstractApplicationContext.registerBeanPostProcessors(AbstractApplicationContext.java:426)&lt;br/&gt;
at org.springframework.context.support.AbstractApplicationContext.refresh(AbstractApplicationContext.java:317)&lt;br/&gt;
at org.springframework.context.support.ClassPathXmlApplicationContext.&amp;lt;init&amp;gt;(ClassPathXmlApplicationContext.java:92)&lt;br/&gt;
at org.springframework.context.support.ClassPathXmlApplicationContext.&amp;lt;init&amp;gt;(ClassPathXmlApplicationContext.java:77)&lt;br/&gt;
at org.springframework.context.support.ClassPathXmlApplicationContext.&amp;lt;init&amp;gt;(ClassPathXmlApplicationContext.java:68)&lt;br/&gt;
at bridges.web.legacy.LegacyBridgeAopTest.testIt(LegacyBridgeAopTest.java:13)&lt;br/&gt;
at sun.reflect.NativeMethodAccessorImpl.invoke0(Native Method)&lt;br/&gt;
at sun.reflect.NativeMethodAccessorImpl.invoke(NativeMethodAccessorImpl.java:39)&lt;br/&gt;
at sun.reflect.DelegatingMethodAccessorImpl.invoke(DelegatingMethodAccessorImpl.java:25)&lt;br/&gt;
at java.lang.reflect.Method.invoke(Method.java:585)&lt;br/&gt;
at junit.framework.TestCase.runTest(TestCase.java:154)&lt;br/&gt;
at junit.framework.TestCase.runBare(TestCase.java:127)&lt;br/&gt;
at junit.framework.TestResult$1.protect(TestResult.java:106)&lt;br/&gt;
at junit.framework.TestResult.runProtected(TestResult.java:124)&lt;br/&gt;
at junit.framework.TestResult.run(TestResult.java:109)&lt;br/&gt;
at junit.framework.TestCase.run(TestCase.java:118)&lt;br/&gt;
at junit.framework.TestSuite.runTest(TestSuite.java:208)&lt;br/&gt;
at junit.framework.TestSuite.run(TestSuite.java:203)&lt;br/&gt;
at org.eclipse.jdt.internal.junit.runner.RemoteTestRunner.runTests(RemoteTestRunner.java:478)&lt;br/&gt;
at org.eclipse.jdt.internal.junit.runner.RemoteTestRunner.run(RemoteTestRunner.java:344)&lt;br/&gt;
at org.eclipse.jdt.internal.junit.runner.RemoteTestRunner.main(RemoteTestRunner.java:196) &lt;/p&gt;</description>
            <key id="14280">SPR-2178</key>
            <summary>&lt;aop:aspectj-autoproxy /&gt; with abstract beans (with class specified) causes NPE</summary>
                <type id="1" iconUrl="https://jira.spring.io/images/icons/issuetypes/bug.png">Bug</type>
                                            <priority id="1" iconUrl="https://jira.spring.io/images/icons/priorities/blocker.png">Blocker</priority>
                        <status id="6" iconUrl="https://jira.spring.io/images/icons/statuses/closed.png" description="The issue is considered finished, the resolution is correct. Issues which are not closed can be reopened.">Closed</status>
                    <statusCategory id="3" key="done" colorName="green"/>
                                    <resolution id="1">Fixed</resolution>
                                        <assignee username="juergen.hoeller">Juergen Hoeller</assignee>
                                    <reporter username="chrislee">Chris Lee</reporter>
                        <labels>
                    </labels>
                <created>Thu, 22 Jun 2006 04:46:09 +0000</created>
                <updated>Tue, 19 Jun 2012 03:52:34 +0000</updated>
                            <resolved>Wed, 5 Jul 2006 01:36:42 +0000</resolved>
                                    <version>2.0 RC1</version>
                                    <fixVersion>2.0 RC2</fixVersion>
                                    <component>Core:AOP</component>
                        <due></due>
                            <votes>1</votes>
                                    <watches>2</watches>
                                                                <comments>
                            <comment id="18210" author="juergen.hoeller" created="Mon, 26 Jun 2006 04:22:36 +0000"  >&lt;p&gt;I&apos;m unfortunately unable to reproduce this - the given scenario does seem to work for me. Can you please try to come up with an isolated test case for this?&lt;/p&gt;

&lt;p&gt;Juergen&lt;/p&gt;</comment>
                            <comment id="18213" author="chrislee" created="Mon, 26 Jun 2006 05:00:05 +0000"  >&lt;p&gt;Attaching a stand-alone test; contains:&lt;/p&gt;

&lt;p&gt;run-test.cmd (adjust JAVA_HOME as appropriate)&lt;br/&gt;
test/SpringAopTestMain.class (loads context from classpath)&lt;br/&gt;
test/spring-aop-test-context.xml (minimal context to illustrate problem - see comments within)&lt;br/&gt;
spring-2.0-rc1.jar (official release)&lt;br/&gt;
commons-logging.jar (required dependency)&lt;/p&gt;

&lt;p&gt;Console output:&lt;/p&gt;


&lt;p&gt;C:\spring-test&amp;gt;set JAVA_HOME=c:\progra~1\java\jdk1.5.0_06 &lt;/p&gt;

&lt;p&gt;C:\spring-test&amp;gt;set CLASSPATH=.;.\spring-2.0-rc1.jar;.\commons-logging.jar &lt;/p&gt;

&lt;p&gt;C:\spring-test&amp;gt;c:\progra~1\java\jdk1.5.0_06\bin\java -cp .;.\spring-2.0-rc1.jar;.\commons-logging.jar test.SpringAopTestMain &lt;br/&gt;
Starting test app...&lt;br/&gt;
Jun 26, 2006 11:00:14 AM org.springframework.core.CollectionFactory &amp;lt;clinit&amp;gt;&lt;br/&gt;
INFO: JDK 1.4+ collections available&lt;br/&gt;
Jun 26, 2006 11:00:15 AM org.springframework.beans.factory.xml.XmlBeanDefinitionReader loadBeanDefinitions&lt;br/&gt;
INFO: Loading XML bean definitions from class path resource &lt;span class=&quot;error&quot;&gt;&amp;#91;test/spring-aop-test-context.xml&amp;#93;&lt;/span&gt;&lt;br/&gt;
Jun 26, 2006 11:00:15 AM org.springframework.context.support.AbstractRefreshableApplicationContext refreshBeanFactory&lt;br/&gt;
INFO: Bean factory for application context &lt;span class=&quot;error&quot;&gt;&amp;#91;org.springframework.context.support.ClassPathXmlApplicationContext;hashCode=17517359&amp;#93;&lt;/span&gt;: org.springframework.beans.factory.support.DefaultListableBeanFactory defining beans &lt;span class=&quot;error&quot;&gt;&amp;#91;org.springframework.aop.config.internalAutoProxyCreator,testAbstractBeanWithClass&amp;#93;&lt;/span&gt;; root of BeanFactory hierarchy&lt;br/&gt;
Jun 26, 2006 11:00:15 AM org.springframework.context.support.AbstractApplicationContext refresh&lt;br/&gt;
INFO: 2 beans defined in application context &lt;span class=&quot;error&quot;&gt;&amp;#91;org.springframework.context.support.ClassPathXmlApplicationContext;hashCode=17517359&amp;#93;&lt;/span&gt;&lt;br/&gt;
Jun 26, 2006 11:00:15 AM org.springframework.aop.framework.DefaultAopProxyFactory &amp;lt;clinit&amp;gt;&lt;br/&gt;
INFO: CGLIB2 not available: proxyTargetClass feature disabled&lt;br/&gt;
Jun 26, 2006 11:00:15 AM org.springframework.beans.factory.support.AbstractBeanFactory destroySingletons&lt;br/&gt;
INFO: Destroying singletons in factory &lt;/p&gt;
{org.springframework.beans.factory.support.DefaultListableBeanFactory defining beans [org.springframework.aop.config.internalAutoProxyCreator,testAbstractBeanWithClass]; root of BeanFactory hierarchy}
&lt;p&gt;Exception in thread &quot;main&quot; org.springframework.beans.factory.BeanIsAbstractException: Error creating bean with name &apos;testAbstractBeanWithClass&apos;: Bean definition is abstract&lt;br/&gt;
	at org.springframework.beans.factory.support.AbstractBeanFactory.checkMergedBeanDefinition(AbstractBeanFactory.java:864)&lt;br/&gt;
	at org.springframework.beans.factory.support.AbstractBeanFactory.getBean(AbstractBeanFactory.java:244)&lt;br/&gt;
	at org.springframework.beans.factory.support.AbstractBeanFactory.getBean(AbstractBeanFactory.java:168)&lt;br/&gt;
	at org.springframework.beans.factory.support.AbstractBeanFactory.getType(AbstractBeanFactory.java:392)&lt;br/&gt;
	at org.springframework.aop.aspectj.annotation.AnnotationAwareAspectJAutoProxyCreator.createAspectJAdvisors(AnnotationAwareAspectJAutoProxyCreator.java:167)&lt;br/&gt;
	at org.springframework.aop.aspectj.annotation.AnnotationAwareAspectJAutoProxyCreator.findCandidateAdvisors(AnnotationAwareAspectJAutoProxyCreator.java:137)&lt;br/&gt;
	at org.springframework.aop.framework.autoproxy.AbstractAdvisorAutoProxyCreator.setBeanFactory(AbstractAdvisorAutoProxyCreator.java:61)&lt;br/&gt;
	at org.springframework.beans.factory.support.AbstractAutowireCapableBeanFactory.initializeBean(AbstractAutowireCapableBeanFactory.java:863)&lt;br/&gt;
	at org.springframework.beans.factory.support.AbstractAutowireCapableBeanFactory.createBean(AbstractAutowireCapableBeanFactory.java:393)&lt;br/&gt;
	at org.springframework.beans.factory.support.AbstractBeanFactory.getBean(AbstractBeanFactory.java:257)&lt;br/&gt;
	at org.springframework.beans.factory.support.AbstractBeanFactory.getBean(AbstractBeanFactory.java:168)&lt;br/&gt;
	at org.springframework.beans.factory.support.DefaultListableBeanFactory.getBeansOfType(DefaultListableBeanFactory.java:199)&lt;br/&gt;
	at org.springframework.context.support.AbstractApplicationContext.getBeansOfType(AbstractApplicationContext.java:662)&lt;br/&gt;
	at org.springframework.context.support.AbstractApplicationContext.registerBeanPostProcessors(AbstractApplicationContext.java:426)&lt;br/&gt;
	at org.springframework.context.support.AbstractApplicationContext.refresh(AbstractApplicationContext.java:317)&lt;br/&gt;
	at org.springframework.context.support.ClassPathXmlApplicationContext.&amp;lt;init&amp;gt;(ClassPathXmlApplicationContext.java:92)&lt;br/&gt;
	at org.springframework.context.support.ClassPathXmlApplicationContext.&amp;lt;init&amp;gt;(ClassPathXmlApplicationContext.java:77)&lt;br/&gt;
	at org.springframework.context.support.ClassPathXmlApplicationContext.&amp;lt;init&amp;gt;(ClassPathXmlApplicationContext.java:68)&lt;br/&gt;
	at test.SpringAopTestMain.main(SpringAopTestMain.java:10)&lt;/p&gt;</comment>
                            <comment id="18214" author="chrislee" created="Mon, 26 Jun 2006 05:00:43 +0000"  >&lt;p&gt;&lt;br/&gt;
Stand-alone test case to illustrate issue (as per previous comment)&lt;/p&gt;</comment>
                            <comment id="18215" author="chrislee" created="Mon, 26 Jun 2006 05:02:44 +0000"  >&lt;p&gt;&lt;br/&gt;
Java source (zip only contained class file)&lt;/p&gt;</comment>
                            <comment id="18405" author="juergen.hoeller" created="Wed, 5 Jul 2006 01:36:42 +0000"  >&lt;p&gt;I&apos;ve verified that this did fail for 2.0 RC1 but passes for recent 2.0 RC2 snapshots already, probably as consequence of some general cleanup in that area. So please give a recent nightly snapshot a try (or wait for the upcoming 2.0 RC2 release) and let us know whether it works for you!&lt;/p&gt;

&lt;p&gt;Juergen&lt;/p&gt;</comment>
                            <comment id="18410" author="chrislee" created="Wed, 5 Jul 2006 04:28:23 +0000"  >&lt;p&gt;Works great, thanks!&lt;/p&gt;</comment>
                    </comments>
                    <attachments>
                            <attachment id="11732" name="SpringAopTestMain.java" size="384" author="chrislee" created="Mon, 26 Jun 2006 05:02:44 +0000"/>
                            <attachment id="11731" name="spring-test.zip" size="2239583" author="chrislee" created="Mon, 26 Jun 2006 05:00:43 +0000"/>
                    </attachments>
                <subtasks>
                    </subtasks>
                <customfields>
                                                <customfield id="customfield_10180" key="com.atlassian.jira.toolkit:dayslastcommented">
                        <customfieldname>Days since last comment</customfieldname>
                        <customfieldvalues>
                                        10 years, 26 weeks, 1 day ago
    
                        </customfieldvalues>
                    </customfield>
                                                                                            <customfield id="customfield_10170" key="com.atlassian.jira.ext.charting:firstresponsedate">
                        <customfieldname>First Response Date</customfieldname>
                        <customfieldvalues>
                            <customfieldvalue>Mon, 26 Jun 2006 04:22:36 +0000</customfieldvalue>

                        </customfieldvalues>
                    </customfield>
                                                                                            <customfield id="customfield_10181" key="com.atlassian.jira.toolkit:lastusercommented">
                        <customfieldname>Last commented by a User</customfieldname>
                        <customfieldvalues>
                            <customfieldvalue>true</customfieldvalue>
                        </customfieldvalues>
                    </customfield>
                                                                <customfield id="customfield_10182" key="com.atlassian.jira.toolkit:lastupdaterorcommenter">
                        <customfieldname>Last updater</customfieldname>
                        <customfieldvalues>
                            <customfieldvalue>tmarshall</customfieldvalue>

                        </customfieldvalues>
                    </customfield>
                                                                                            <customfield id="customfield_10880" key="com.pyxis.greenhopper.jira:gh-lexo-rank">
                        <customfieldname>Rank</customfieldname>
                        <customfieldvalues>
                            <customfieldvalue>0|i031pj:</customfieldvalue>

                        </customfieldvalues>
                    </customfield>
                                                                <customfield id="customfield_10380" key="com.pyxis.greenhopper.jira:gh-global-rank">
                        <customfieldname>Rank (Obsolete)</customfieldname>
                        <customfieldvalues>
                            <customfieldvalue>17819</customfieldvalue>
                        </customfieldvalues>
                    </customfield>
                                                                                                                                                    <customfield id="customfield_10171" key="com.atlassian.jira.ext.charting:timeinstatus">
                        <customfieldname>Time in Status</customfieldname>
                        <customfieldvalues>
                            
                        </customfieldvalues>
                    </customfield>
                                                                </customfields>
    </item>
</channel>
</rss>