<!-- 
RSS generated by JIRA (6.4.11#64026-sha1:78f6ec473a3f058bd5d6c30e9319c7ab376bdb9c) at Thu Dec 22 21:19:58 UTC 2016

It is possible to restrict the fields that are returned in this document by specifying the 'field' parameter in your request.
For example, to request only the issue key and summary add field=key&field=summary to the URL of your request.
For example:
https://jira.spring.io/si/jira.issueviews:issue-xml/SPR-13625/SPR-13625.xml?field=key&amp;field=summary
-->
<rss version="0.92" >
<channel>
    <title>Spring JIRA</title>
    <link>https://jira.spring.io</link>
    <description>This file is an XML representation of an issue</description>
    <language>en-uk</language>    <build-info>
        <version>6.4.11</version>
        <build-number>64026</build-number>
        <build-date>25-08-2015</build-date>
    </build-info>

<item>
            <title>[SPR-13625] Support SpEL next to placeholders in annotation attributes (e.g. @Scheduled)</title>
                <link>https://jira.spring.io/browse/SPR-13625</link>
                <project id="10000" key="SPR">Spring Framework</project>
                    <description>&lt;p&gt;Currently The @Scheduled (fixdRateString) annotation supports property evaluations, however it does not parse spring expressions correctly.&lt;/p&gt;

&lt;p&gt;The problem has been recreated at &lt;a href=&quot;https://github.com/rikitikitaco/schedulerSpel&quot; class=&quot;external-link&quot; rel=&quot;nofollow&quot;&gt;https://github.com/rikitikitaco/schedulerSpel&lt;/a&gt;&lt;/p&gt;</description>
            <key id="66517">SPR-13625</key>
            <summary>Support SpEL next to placeholders in annotation attributes (e.g. @Scheduled)</summary>
                <type id="4" iconUrl="https://jira.spring.io/images/icons/issuetypes/improvement.png">Improvement</type>
                                            <priority id="3" iconUrl="https://jira.spring.io/images/icons/priorities/major.png">Major</priority>
                        <status id="6" iconUrl="https://jira.spring.io/images/icons/statuses/closed.png" description="The issue is considered finished, the resolution is correct. Issues which are not closed can be reopened.">Closed</status>
                    <statusCategory id="3" key="done" colorName="green"/>
                                    <resolution id="8">Complete</resolution>
                                        <assignee username="juergen.hoeller">Juergen Hoeller</assignee>
                                    <reporter username="jdawson">Joseph Dawson</reporter>
                        <labels>
                    </labels>
                <created>Fri, 30 Oct 2015 10:45:14 +0000</created>
                <updated>Thu, 14 Apr 2016 07:53:31 +0000</updated>
                            <resolved>Wed, 17 Feb 2016 19:35:59 +0000</resolved>
                                                    <fixVersion>4.3 RC1</fixVersion>
                                        <due></due>
                            <votes>0</votes>
                                    <watches>4</watches>
                                                                <comments>
                            <comment id="121091" author="juergen.hoeller" created="Fri, 30 Oct 2015 10:50:33 +0000"  >&lt;p&gt;This is actually by design, since SpEL expressions are semantically meant to be re-evaluated every time, whereas simple placeholder variables are semantically resolved once only - against the current values at startup. Scheduling requires a pre-defined trigger and is therefore semantically a match for placeholders but not really for fully dynamic SpEL expressions.&lt;/p&gt;

&lt;p&gt;Do you have a specific use case? Could you use &lt;tt&gt;ApplicationContext&lt;/tt&gt; environment properties or local &lt;tt&gt;PropertyPlaceholderConfigurer&lt;/tt&gt; properties instead?&lt;/p&gt;

&lt;p&gt;Juergen&lt;/p&gt;</comment>
                            <comment id="121099" author="neilg" created="Fri, 30 Oct 2015 13:42:09 +0000"  >&lt;p&gt;It&apos;s not completely clear to me what &quot;re-evaluated every time&quot; means in this context. I understand that, for instance, in a Spring Integration application, using SpEL to make a routing decision we would want the expression to be evaluated each time a routing decision is made, but I don&apos;t think that applies here, it&apos;s simply extracting a value from the application context at startup.&lt;/p&gt;

&lt;p&gt;There are other Spring annotations that support SpEL in the way described, e.g. org.springframework.amqp.rabbit.annotation.RabbitListener&apos;s queues field is resolved for both placeholders and full SpEL expressions in RabbitListenerAnnotationBeanPostProcessor. It would be good if we could replicate that behaviour in the @Scheduled annotation. I appreciate that if the value that the expression evaluates to changes, this wouldn&apos;t trigger a change in the configured schedule, but I think that&apos;s reasonable behaviour. If an developer wants to update the schedule after it&apos;s started, then using @Scheduled is probably not the way to do it anyway.&lt;/p&gt;

&lt;p&gt;Would it be worth submitting a merge request for consideration?&lt;/p&gt;</comment>
                            <comment id="121178" author="juergen.hoeller" created="Mon, 2 Nov 2015 13:38:13 +0000"  >&lt;p&gt;Alright, we&apos;ll have a broader look at this (also including &lt;tt&gt;@JmsListener&lt;/tt&gt; and co) for 4.3. We may support SpEL in such places as well; it&apos;s just not something we commonly do yet if the semantic context is startup-time resolution of static property values.&lt;/p&gt;

&lt;p&gt;Juergen&lt;/p&gt;</comment>
                            <comment id="127296" author="juergen.hoeller" created="Wed, 17 Feb 2016 19:35:59 +0000"  >&lt;p&gt;As of 4.3, all &lt;tt&gt;EmbeddedValueResolverAware&lt;/tt&gt; beans will receive a resolver adapter which deals with placeholders as well as expressions. In some other places, an &lt;tt&gt;EmbeddedValueResolver&lt;/tt&gt; is used directly to achieve the same effect. This means that all annotation attributes which support placeholders already also support expressions now.&lt;/p&gt;

&lt;p&gt;Juergen&lt;/p&gt;</comment>
                    </comments>
                <issuelinks>
                            <issuelinktype id="10000">
                    <name>Duplicate</name>
                                                                <inwardlinks description="is duplicated by">
                                        <issuelink>
            <issuekey id="68156">SPR-14114</issuekey>
        </issuelink>
            <issuelink>
            <issuekey id="68335">SPR-14170</issuekey>
        </issuelink>
            <issuelink>
            <issuekey id="68256">SPR-14137</issuekey>
        </issuelink>
                            </inwardlinks>
                                    </issuelinktype>
                            <issuelinktype id="10151">
                    <name>Relate</name>
                                                                <inwardlinks description="is related to">
                                        <issuelink>
            <issuekey id="67700">SPR-13952</issuekey>
        </issuelink>
            <issuelink>
            <issuekey id="68264">SPR-14140</issuekey>
        </issuelink>
                            </inwardlinks>
                                    </issuelinktype>
                    </issuelinks>
                <attachments>
                    </attachments>
                <subtasks>
                    </subtasks>
                <customfields>
                                                <customfield id="customfield_10180" key="com.atlassian.jira.toolkit:dayslastcommented">
                        <customfieldname>Days since last comment</customfieldname>
                        <customfieldvalues>
                                        44 weeks, 1 day ago
    
                        </customfieldvalues>
                    </customfield>
                                                                                            <customfield id="customfield_10170" key="com.atlassian.jira.ext.charting:firstresponsedate">
                        <customfieldname>First Response Date</customfieldname>
                        <customfieldvalues>
                            <customfieldvalue>Fri, 30 Oct 2015 10:50:33 +0000</customfieldvalue>

                        </customfieldvalues>
                    </customfield>
                                                                                            <customfield id="customfield_10181" key="com.atlassian.jira.toolkit:lastusercommented">
                        <customfieldname>Last commented by a User</customfieldname>
                        <customfieldvalues>
                            <customfieldvalue>false</customfieldvalue>
                        </customfieldvalues>
                    </customfield>
                                                                <customfield id="customfield_10182" key="com.atlassian.jira.toolkit:lastupdaterorcommenter">
                        <customfieldname>Last updater</customfieldname>
                        <customfieldvalues>
                            <customfieldvalue>juergen.hoeller</customfieldvalue>

                        </customfieldvalues>
                    </customfield>
                                                                                            <customfield id="customfield_10880" key="com.pyxis.greenhopper.jira:gh-lexo-rank">
                        <customfieldname>Rank</customfieldname>
                        <customfieldvalues>
                            <customfieldvalue>0|i08vcf:</customfieldvalue>

                        </customfieldvalues>
                    </customfield>
                                                                <customfield id="customfield_10380" key="com.pyxis.greenhopper.jira:gh-global-rank">
                        <customfieldname>Rank (Obsolete)</customfieldname>
                        <customfieldvalues>
                            <customfieldvalue>9223372036854775807</customfieldvalue>
                        </customfieldvalues>
                    </customfield>
                                                                <customfield id="customfield_10120" key="com.atlassian.jira.plugin.system.customfieldtypes:url">
                        <customfieldname>Reference URL</customfieldname>
                        <customfieldvalues>
                            <customfieldvalue><![CDATA[https://github.com/rikitikitaco/schedulerSpel]]></customfieldvalue>

                        </customfieldvalues>
                    </customfield>
                                                                                                                        <customfield id="customfield_10171" key="com.atlassian.jira.ext.charting:timeinstatus">
                        <customfieldname>Time in Status</customfieldname>
                        <customfieldvalues>
                            
                        </customfieldvalues>
                    </customfield>
                                                                </customfields>
    </item>
</channel>
</rss>