<!-- 
RSS generated by JIRA (6.4.11#64026-sha1:78f6ec473a3f058bd5d6c30e9319c7ab376bdb9c) at Thu Dec 22 18:04:59 UTC 2016

It is possible to restrict the fields that are returned in this document by specifying the 'field' parameter in your request.
For example, to request only the issue key and summary add field=key&field=summary to the URL of your request.
For example:
https://jira.spring.io/si/jira.issueviews:issue-xml/SPR-366/SPR-366.xml?field=key&amp;field=summary
-->
<rss version="0.92" >
<channel>
    <title>Spring JIRA</title>
    <link>https://jira.spring.io</link>
    <description>This file is an XML representation of an issue</description>
    <language>en-uk</language>    <build-info>
        <version>6.4.11</version>
        <build-number>64026</build-number>
        <build-date>25-08-2015</build-date>
    </build-info>

<item>
            <title>[SPR-366] Taglib documentation for errors.globalErrors is incorrect</title>
                <link>https://jira.spring.io/browse/SPR-366</link>
                <project id="10000" key="SPR">Spring Framework</project>
                    <description>&lt;p&gt;The taglib documentation here:&lt;/p&gt;

&lt;p&gt;&amp;lt;a href=&quot;http://www.springframework.org/docs/taglib/&quot;&amp;gt;&lt;a href=&quot;http://www.springframework.org/docs/taglib/&quot; class=&quot;external-link&quot; rel=&quot;nofollow&quot;&gt;http://www.springframework.org/docs/taglib/&lt;/a&gt;&amp;lt;/a&amp;gt;&lt;/p&gt;

&lt;p&gt;says &quot;errors.allGlobalErrors&quot; which should read &quot;errors.globalErrors&quot;&lt;/p&gt;</description>
            <key id="10614">SPR-366</key>
            <summary>Taglib documentation for errors.globalErrors is incorrect</summary>
                <type id="1" iconUrl="https://jira.spring.io/images/icons/issuetypes/bug.png">Bug</type>
                                            <priority id="5" iconUrl="https://jira.spring.io/images/icons/priorities/trivial.png">Trivial</priority>
                        <status id="6" iconUrl="https://jira.spring.io/images/icons/statuses/closed.png" description="The issue is considered finished, the resolution is correct. Issues which are not closed can be reopened.">Closed</status>
                    <statusCategory id="3" key="done" colorName="green"/>
                                    <resolution id="1">Fixed</resolution>
                                        <assignee username="juergen.hoeller">Juergen Hoeller</assignee>
                                    <reporter username="nilesh">Nilesh Kapadia</reporter>
                        <labels>
                    </labels>
                <created>Mon, 4 Oct 2004 03:33:59 +0000</created>
                <updated>Mon, 4 Oct 2004 20:08:08 +0000</updated>
                            <resolved>Mon, 4 Oct 2004 20:08:08 +0000</resolved>
                                                    <fixVersion>1.1.2</fixVersion>
                                    <component>[Documentation]</component>
                        <due></due>
                            <votes>0</votes>
                                    <watches>1</watches>
                                                                <comments>
                            <comment id="11199" author="katentim" created="Mon, 4 Oct 2004 19:23:09 +0000"  >&lt;p&gt;Juergen,&lt;/p&gt;

&lt;p&gt;I&apos;ve written a XSL stylesheet (and ant target) which transforms the spring.tld file into a HTML frameset with menu. I should have this done in a couple of days, or earlier if you are keen to progress this. Do you want me to submit a preview of it here.&lt;/p&gt;

&lt;p&gt;I thought this would achieve a couple of things:&lt;/p&gt;
&lt;ul class=&quot;alternate&quot; type=&quot;square&quot;&gt;
	&lt;li&gt;Consistent documentation for each tag&lt;/li&gt;
	&lt;li&gt;Documentation is as up-to-date as the TLD&lt;/li&gt;
	&lt;li&gt;To update documentation, just update the TLD or XSL files&lt;/li&gt;
	&lt;li&gt;Link into Javadoc (as existing docs do)&lt;/li&gt;
&lt;/ul&gt;


&lt;p&gt;Tag specific comments would have to be added to the XSL file, but it should be more maintainable overall. Some of this documentation can be moved to the TLD according to the TLD DTD (e.g. add &quot;attribute&quot; and &quot;variable&quot; descriptions). This is the best place for the documentation, as long as there isn&apos;t so much that file size becomes a concern.&lt;/p&gt;</comment>
                            <comment id="11201" author="juergen.hoeller" created="Mon, 4 Oct 2004 20:08:08 +0000"  >&lt;p&gt;Thanks for spotting this - fixed!&lt;/p&gt;

&lt;p&gt;Tim, generating the taglib doc to keep it in sync sounds promising! Please post your suggestion to the developer list for further discussion!&lt;/p&gt;

&lt;p&gt;Juergen&lt;/p&gt;</comment>
                    </comments>
                    <attachments>
                    </attachments>
                <subtasks>
                    </subtasks>
                <customfields>
                                                <customfield id="customfield_10180" key="com.atlassian.jira.toolkit:dayslastcommented">
                        <customfieldname>Days since last comment</customfieldname>
                        <customfieldvalues>
                                        12 years, 13 weeks, 2 days ago
    
                        </customfieldvalues>
                    </customfield>
                                                                                            <customfield id="customfield_10170" key="com.atlassian.jira.ext.charting:firstresponsedate">
                        <customfieldname>First Response Date</customfieldname>
                        <customfieldvalues>
                            <customfieldvalue>Mon, 4 Oct 2004 19:23:09 +0000</customfieldvalue>

                        </customfieldvalues>
                    </customfield>
                                                                                            <customfield id="customfield_10181" key="com.atlassian.jira.toolkit:lastusercommented">
                        <customfieldname>Last commented by a User</customfieldname>
                        <customfieldvalues>
                            <customfieldvalue>false</customfieldvalue>
                        </customfieldvalues>
                    </customfield>
                                                                <customfield id="customfield_10182" key="com.atlassian.jira.toolkit:lastupdaterorcommenter">
                        <customfieldname>Last updater</customfieldname>
                        <customfieldvalues>
                            <customfieldvalue>tmarshall</customfieldvalue>

                        </customfieldvalues>
                    </customfield>
                                                                                            <customfield id="customfield_10880" key="com.pyxis.greenhopper.jira:gh-lexo-rank">
                        <customfieldname>Rank</customfieldname>
                        <customfieldvalues>
                            <customfieldvalue>0|i01im7:</customfieldvalue>

                        </customfieldvalues>
                    </customfield>
                                                                <customfield id="customfield_10380" key="com.pyxis.greenhopper.jira:gh-global-rank">
                        <customfieldname>Rank (Obsolete)</customfieldname>
                        <customfieldvalues>
                            <customfieldvalue>8893</customfieldvalue>
                        </customfieldvalues>
                    </customfield>
                                                                                                                                                    <customfield id="customfield_10171" key="com.atlassian.jira.ext.charting:timeinstatus">
                        <customfieldname>Time in Status</customfieldname>
                        <customfieldvalues>
                            
                        </customfieldvalues>
                    </customfield>
                                                                </customfields>
    </item>
</channel>
</rss>