<!-- 
RSS generated by JIRA (6.4.11#64026-sha1:78f6ec473a3f058bd5d6c30e9319c7ab376bdb9c) at Thu Dec 22 18:53:54 UTC 2016

It is possible to restrict the fields that are returned in this document by specifying the 'field' parameter in your request.
For example, to request only the issue key and summary add field=key&field=summary to the URL of your request.
For example:
https://jira.spring.io/si/jira.issueviews:issue-xml/SPR-760/SPR-760.xml?field=key&amp;field=summary
-->
<rss version="0.92" >
<channel>
    <title>Spring JIRA</title>
    <link>https://jira.spring.io</link>
    <description>This file is an XML representation of an issue</description>
    <language>en-uk</language>    <build-info>
        <version>6.4.11</version>
        <build-number>64026</build-number>
        <build-date>25-08-2015</build-date>
    </build-info>

<item>
            <title>[SPR-760] ReloadableResourceBundleMessageSource requires cacheSeconds to be refreshable</title>
                <link>https://jira.spring.io/browse/SPR-760</link>
                <project id="10000" key="SPR">Spring Framework</project>
                    <description>&lt;p&gt;I&apos;m using ReloadableResourceBundleMessageSource for application messages. It is required to be able to refresh them at runtime (hot reload), so I&apos;m using a JMX invoke on clearCacheIncludingAncestors. This method runs fine ONLY if cacheSeconds is not set to -1 (disabled).&lt;/p&gt;

&lt;p&gt;Not beeing a problem, I set it to 36000 and run my app. Now, refreshProperties fails because one of my property files is in a jar in WEB-INF/lib (not readable form filesystem).&lt;/p&gt;

&lt;p&gt;auto-refresh should not fail if resource.getFile() throws IOException. In current version it return an empty PropertiesHolder (line 455). It may try to load the properties (separate cacheMillis check try/catch from properties loading try/catch).&lt;br/&gt;
It may also be possible to programmatically refresh messageSource with autorefresh disabled.&lt;/p&gt;</description>
            <key id="11219">SPR-760</key>
            <summary>ReloadableResourceBundleMessageSource requires cacheSeconds to be refreshable</summary>
                <type id="1" iconUrl="https://jira.spring.io/images/icons/issuetypes/bug.png">Bug</type>
                                            <priority id="4" iconUrl="https://jira.spring.io/images/icons/priorities/minor.png">Minor</priority>
                        <status id="6" iconUrl="https://jira.spring.io/images/icons/statuses/closed.png" description="The issue is considered finished, the resolution is correct. Issues which are not closed can be reopened.">Closed</status>
                    <statusCategory id="3" key="done" colorName="green"/>
                                    <resolution id="1">Fixed</resolution>
                                        <assignee username="juergen.hoeller">Juergen Hoeller</assignee>
                                    <reporter username="ndeloof">nicolas de loof</reporter>
                        <labels>
                    </labels>
                <created>Thu, 3 Mar 2005 01:07:54 +0000</created>
                <updated>Fri, 25 Mar 2005 02:36:39 +0000</updated>
                            <resolved>Fri, 25 Mar 2005 02:36:39 +0000</resolved>
                                    <version>1.1.5</version>
                                    <fixVersion>1.2 RC1</fixVersion>
                                    <component>Core</component>
                        <due></due>
                            <votes>0</votes>
                                    <watches>0</watches>
                                                                <comments>
                            <comment id="12481" author="ndeloof" created="Thu, 3 Mar 2005 01:52:45 +0000"  >&lt;p&gt;Just a comment because I&apos;m not sure my description of the bug is really clear.&lt;/p&gt;

&lt;p&gt;ReloadableResourceBundleMessageSource cannot be refreshed until cacheMillis &amp;lt; 0. See resolveCode &amp;amp; resolveCodeWithoutArguments, a merged properties cahce is used.&lt;/p&gt;

&lt;p&gt;When enabling reaload (cacheMillis &amp;gt;= 0) ReloadableResourceBundleMessageSource cannot use any resource that isn&apos;t readable as a filesystem resource. &lt;/p&gt;

&lt;p&gt;I suggest :&lt;br/&gt;
1. Allow clear/refresh on merged properties for programmatic hot-reload of resources.&lt;/p&gt;

&lt;p&gt;2. Allow use of non file-system resources mixed by simply not skipping loading a resource if getFile() throws an IOException.&lt;/p&gt;
</comment>
                            <comment id="12484" author="ndeloof" created="Thu, 3 Mar 2005 18:49:29 +0000"  >&lt;p&gt;Patch proposal to solve this issue :&lt;/p&gt;
&lt;ul class=&quot;alternate&quot; type=&quot;square&quot;&gt;
	&lt;li&gt;clear merged properties on clearCache()&lt;/li&gt;
	&lt;li&gt;load properties even if lastModified cannot be read.&lt;/li&gt;
&lt;/ul&gt;
</comment>
                            <comment id="12711" author="juergen.hoeller" created="Fri, 25 Mar 2005 02:36:39 +0000"  >&lt;p&gt;Thanks for spotting those! I&apos;ve fixed both issues.&lt;/p&gt;

&lt;p&gt;Juergen&lt;/p&gt;</comment>
                    </comments>
                    <attachments>
                            <attachment id="10563" name="patch.txt" size="3101" author="ndeloof" created="Thu, 3 Mar 2005 18:49:29 +0000"/>
                    </attachments>
                <subtasks>
                    </subtasks>
                <customfields>
                                                <customfield id="customfield_10180" key="com.atlassian.jira.toolkit:dayslastcommented">
                        <customfieldname>Days since last comment</customfieldname>
                        <customfieldvalues>
                                        11 years, 40 weeks, 6 days ago
    
                        </customfieldvalues>
                    </customfield>
                                                                                            <customfield id="customfield_10170" key="com.atlassian.jira.ext.charting:firstresponsedate">
                        <customfieldname>First Response Date</customfieldname>
                        <customfieldvalues>
                            <customfieldvalue>Fri, 25 Mar 2005 02:36:39 +0000</customfieldvalue>

                        </customfieldvalues>
                    </customfield>
                                                                                            <customfield id="customfield_10181" key="com.atlassian.jira.toolkit:lastusercommented">
                        <customfieldname>Last commented by a User</customfieldname>
                        <customfieldvalues>
                            <customfieldvalue>false</customfieldvalue>
                        </customfieldvalues>
                    </customfield>
                                                                <customfield id="customfield_10182" key="com.atlassian.jira.toolkit:lastupdaterorcommenter">
                        <customfieldname>Last updater</customfieldname>
                        <customfieldvalues>
                            <customfieldvalue>tmarshall</customfieldvalue>

                        </customfieldvalues>
                    </customfield>
                                                                                            <customfield id="customfield_10880" key="com.pyxis.greenhopper.jira:gh-lexo-rank">
                        <customfieldname>Rank</customfieldname>
                        <customfieldvalues>
                            <customfieldvalue>0|i04xaf:</customfieldvalue>

                        </customfieldvalues>
                    </customfield>
                                                                <customfield id="customfield_10380" key="com.pyxis.greenhopper.jira:gh-global-rank">
                        <customfieldname>Rank (Obsolete)</customfieldname>
                        <customfieldvalues>
                            <customfieldvalue>28767</customfieldvalue>
                        </customfieldvalues>
                    </customfield>
                                                                                                                                                    <customfield id="customfield_10171" key="com.atlassian.jira.ext.charting:timeinstatus">
                        <customfieldname>Time in Status</customfieldname>
                        <customfieldvalues>
                            
                        </customfieldvalues>
                    </customfield>
                                                                </customfields>
    </item>
</channel>
</rss>