<!-- 
RSS generated by JIRA (6.4.11#64026-sha1:78f6ec473a3f058bd5d6c30e9319c7ab376bdb9c) at Thu Dec 22 18:24:16 UTC 2016

It is possible to restrict the fields that are returned in this document by specifying the 'field' parameter in your request.
For example, to request only the issue key and summary add field=key&field=summary to the URL of your request.
For example:
https://jira.spring.io/si/jira.issueviews:issue-xml/SPR-8531/SPR-8531.xml?field=key&amp;field=summary
-->
<rss version="0.92" >
<channel>
    <title>Spring JIRA</title>
    <link>https://jira.spring.io</link>
    <description>This file is an XML representation of an issue</description>
    <language>en-uk</language>    <build-info>
        <version>6.4.11</version>
        <build-number>64026</build-number>
        <build-date>25-08-2015</build-date>
    </build-info>

<item>
            <title>[SPR-8531] META-INF/spring.handlers are hidden resources when running with special isolated ClassLoader, for example as osgi Netbeans plugins or javawebstart</title>
                <link>https://jira.spring.io/browse/SPR-8531</link>
                <project id="10000" key="SPR">Spring Framework</project>
                    <description>&lt;p&gt;the META-INF/ is a hidden package for isolated ClassLoader, for example as osgi Netbeans plugins&lt;/p&gt;

&lt;p&gt;Suppose you want to use Spring in your netbeans plugins application, and your application in split into several plugins depending of each others, you can not start the ClassPathXmlApplicationContext, because it fails to validate xml files, as none of the META-INF/spring.handlers are seen by the ClassLoader of your plugin.&lt;/p&gt;

&lt;p&gt;Unfortunately, this resource name &quot;META-INF/spring.handlers&quot; is hard-coded in org.springframework.beans.factory.xml.PluggableSchemaResolver and the stack calling this constructor from ClassPathXmlApplicationContext is extremely difficult (impossible?) to customize so as to change the default value.&lt;/p&gt;

&lt;p&gt;Would it be possible to use another (additionnal) resource name than &quot;META-INF/spring.handlers&quot;, for example &quot;org/springframework/spring.handlers&quot; ? A simple migration plan would be to search for both names, and simply concatenate results : no backward compatible problem, and no more problem with all these strange isolated ClassLoader such as osgi, Netbeans, JavaWebStart... &lt;/p&gt;

</description>
            <key id="38766">SPR-8531</key>
            <summary>META-INF/spring.handlers are hidden resources when running with special isolated ClassLoader, for example as osgi Netbeans plugins or javawebstart</summary>
                <type id="1" iconUrl="https://jira.spring.io/images/icons/issuetypes/bug.png">Bug</type>
                                            <priority id="4" iconUrl="https://jira.spring.io/images/icons/priorities/minor.png">Minor</priority>
                        <status id="5" iconUrl="https://jira.spring.io/images/icons/statuses/resolved.png" description="A resolution has been taken, and it is awaiting verification by reporter. From here issues are either reopened, or are closed.">Resolved</status>
                    <statusCategory id="3" key="done" colorName="green"/>
                                    <resolution id="3">Duplicate</resolution>
                                        <assignee username="cbeams">Chris Beams</assignee>
                                    <reporter username="arnaud.nauwynck">Arnaud Nauwynck</reporter>
                        <labels>
                    </labels>
                <created>Thu, 14 Jul 2011 06:30:02 +0000</created>
                <updated>Fri, 15 Jul 2011 11:41:06 +0000</updated>
                            <resolved>Fri, 15 Jul 2011 11:41:04 +0000</resolved>
                                                                    <component>Core</component>
                        <due></due>
                            <votes>0</votes>
                                    <watches>0</watches>
                                                                    <issuelinks>
                            <issuelinktype id="10000">
                    <name>Duplicate</name>
                                            <outwardlinks description="duplicates">
                                        <issuelink>
            <issuekey id="38098">SPR-8368</issuekey>
        </issuelink>
                            </outwardlinks>
                                                        </issuelinktype>
                    </issuelinks>
                <attachments>
                    </attachments>
                <subtasks>
                    </subtasks>
                <customfields>
                                                <customfield id="customfield_10180" key="com.atlassian.jira.toolkit:dayslastcommented">
                        <customfieldname>Days since last comment</customfieldname>
                        <customfieldvalues>
                                        5 years, 24 weeks ago
    
                        </customfieldvalues>
                    </customfield>
                                                                                                                                                    <customfield id="customfield_10181" key="com.atlassian.jira.toolkit:lastusercommented">
                        <customfieldname>Last commented by a User</customfieldname>
                        <customfieldvalues>
                            <customfieldvalue>true</customfieldvalue>
                        </customfieldvalues>
                    </customfield>
                                                                <customfield id="customfield_10182" key="com.atlassian.jira.toolkit:lastupdaterorcommenter">
                        <customfieldname>Last updater</customfieldname>
                        <customfieldvalues>
                            <customfieldvalue>tmarshall</customfieldvalue>

                        </customfieldvalues>
                    </customfield>
                                                                                            <customfield id="customfield_10880" key="com.pyxis.greenhopper.jira:gh-lexo-rank">
                        <customfieldname>Rank</customfieldname>
                        <customfieldvalues>
                            <customfieldvalue>0|i0389b:</customfieldvalue>

                        </customfieldvalues>
                    </customfield>
                                                                <customfield id="customfield_10380" key="com.pyxis.greenhopper.jira:gh-global-rank">
                        <customfieldname>Rank (Obsolete)</customfieldname>
                        <customfieldvalues>
                            <customfieldvalue>18880</customfieldvalue>
                        </customfieldvalues>
                    </customfield>
                                                                                                                                                    <customfield id="customfield_10171" key="com.atlassian.jira.ext.charting:timeinstatus">
                        <customfieldname>Time in Status</customfieldname>
                        <customfieldvalues>
                            
                        </customfieldvalues>
                    </customfield>
                                                                </customfields>
    </item>
</channel>
</rss>