<!-- 
RSS generated by JIRA (6.4.11#64026-sha1:78f6ec473a3f058bd5d6c30e9319c7ab376bdb9c) at Thu Dec 22 20:56:24 UTC 2016

It is possible to restrict the fields that are returned in this document by specifying the 'field' parameter in your request.
For example, to request only the issue key and summary add field=key&field=summary to the URL of your request.
For example:
https://jira.spring.io/si/jira.issueviews:issue-xml/SPR-1313/SPR-1313.xml?field=key&amp;field=summary
-->
<rss version="0.92" >
<channel>
    <title>Spring JIRA</title>
    <link>https://jira.spring.io</link>
    <description>This file is an XML representation of an issue</description>
    <language>en-uk</language>    <build-info>
        <version>6.4.11</version>
        <build-number>64026</build-number>
        <build-date>25-08-2015</build-date>
    </build-info>

<item>
            <title>[SPR-1313] Cannot set anonymous factory bean</title>
                <link>https://jira.spring.io/browse/SPR-1313</link>
                <project id="10000" key="SPR">Spring Framework</project>
                    <description>&lt;p&gt;You can create beans via instance factory method:&lt;br/&gt;
&amp;lt;bean id=&quot;exampleBean&quot;&lt;br/&gt;
      factory-bean=&quot;myFactoryBean&quot;&lt;br/&gt;
      factory-method=&quot;createInstance&quot;/&amp;gt;&lt;/p&gt;

&lt;p&gt;But you cannot use this construct to set anonymous beans as properties. For example, this will not work:&lt;br/&gt;
&amp;lt;bean id=&quot;containerBean&quot; class=&quot;...&quot;&amp;gt;&lt;br/&gt;
    &amp;lt;property name=&quot;someProp&quot;&amp;gt;&lt;br/&gt;
        &amp;lt;bean&lt;br/&gt;
            factory-bean=&quot;myFactoryBean&quot;&lt;br/&gt;
            factory-method=&quot;createInstance&quot;/&amp;gt;&lt;br/&gt;
    &amp;lt;/property&amp;gt;&lt;br/&gt;
&amp;lt;/bean&amp;gt;&lt;/p&gt;

&lt;p&gt;The following error is thrown:&lt;br/&gt;
org.springframework.beans.factory.BeanDefinitionStoreException: Error registering bean with name &apos;&apos; defined in ServletContext resource &lt;span class=&quot;error&quot;&gt;&amp;#91;/WEB-INF/applicationContext.xml&amp;#93;&lt;/span&gt;: Unnamed bean definition specifies neither &apos;class&apos; nor &apos;parent&apos; - can&apos;t generate name&lt;/p&gt;

&lt;p&gt;If you name the inner bean then it all works:&lt;br/&gt;
&amp;lt;bean id=&quot;containerBean&quot; class=&quot;...&quot;&amp;gt;&lt;br/&gt;
    &amp;lt;property name=&quot;someProp&quot;&amp;gt;&lt;br/&gt;
        &amp;lt;bean id=&quot;exampleBean&quot;&lt;br/&gt;
            factory-bean=&quot;myFactoryBean&quot;&lt;br/&gt;
            factory-method=&quot;createInstance&quot;/&amp;gt;&lt;br/&gt;
    &amp;lt;/property&amp;gt;&lt;br/&gt;
&amp;lt;/bean&amp;gt;&lt;/p&gt;</description>
            <key id="12405">SPR-1313</key>
            <summary>Cannot set anonymous factory bean</summary>
                <type id="1" iconUrl="https://jira.spring.io/images/icons/issuetypes/bug.png">Bug</type>
                                            <priority id="3" iconUrl="https://jira.spring.io/images/icons/priorities/major.png">Major</priority>
                        <status id="6" iconUrl="https://jira.spring.io/images/icons/statuses/closed.png" description="The issue is considered finished, the resolution is correct. Issues which are not closed can be reopened.">Closed</status>
                    <statusCategory id="3" key="done" colorName="green"/>
                                    <resolution id="1">Fixed</resolution>
                                        <assignee username="juergen.hoeller">Juergen Hoeller</assignee>
                                    <reporter username="mariuss">Marius Scurtescu</reporter>
                        <labels>
                    </labels>
                <created>Tue, 20 Sep 2005 11:04:15 +0000</created>
                <updated>Tue, 19 Jun 2012 03:54:01 +0000</updated>
                            <resolved>Thu, 22 Sep 2005 08:54:00 +0000</resolved>
                                    <version>1.1.5</version>
                                    <fixVersion>1.2.3</fixVersion>
                                    <component>Core</component>
                        <due></due>
                            <votes>0</votes>
                                    <watches>0</watches>
                                                                <comments>
                            <comment id="14744" author="juergen.hoeller" created="Thu, 22 Sep 2005 08:54:00 +0000"  >&lt;p&gt;FYI, this has already been fixed since 1.2.3.&lt;/p&gt;

&lt;p&gt;Juergen&lt;/p&gt;</comment>
                    </comments>
                    <attachments>
                    </attachments>
                <subtasks>
                    </subtasks>
                <customfields>
                                                <customfield id="customfield_10180" key="com.atlassian.jira.toolkit:dayslastcommented">
                        <customfieldname>Days since last comment</customfieldname>
                        <customfieldvalues>
                                        11 years, 15 weeks ago
    
                        </customfieldvalues>
                    </customfield>
                                                                                            <customfield id="customfield_10170" key="com.atlassian.jira.ext.charting:firstresponsedate">
                        <customfieldname>First Response Date</customfieldname>
                        <customfieldvalues>
                            <customfieldvalue>Thu, 22 Sep 2005 08:54:00 +0000</customfieldvalue>

                        </customfieldvalues>
                    </customfield>
                                                                                            <customfield id="customfield_10181" key="com.atlassian.jira.toolkit:lastusercommented">
                        <customfieldname>Last commented by a User</customfieldname>
                        <customfieldvalues>
                            <customfieldvalue>false</customfieldvalue>
                        </customfieldvalues>
                    </customfield>
                                                                <customfield id="customfield_10182" key="com.atlassian.jira.toolkit:lastupdaterorcommenter">
                        <customfieldname>Last updater</customfieldname>
                        <customfieldvalues>
                            <customfieldvalue>tmarshall</customfieldvalue>

                        </customfieldvalues>
                    </customfield>
                                                                                            <customfield id="customfield_10880" key="com.pyxis.greenhopper.jira:gh-lexo-rank">
                        <customfieldname>Rank</customfieldname>
                        <customfieldvalues>
                            <customfieldvalue>0|i04w9z:</customfieldvalue>

                        </customfieldvalues>
                    </customfield>
                                                                <customfield id="customfield_10380" key="com.pyxis.greenhopper.jira:gh-global-rank">
                        <customfieldname>Rank (Obsolete)</customfieldname>
                        <customfieldvalues>
                            <customfieldvalue>28603</customfieldvalue>
                        </customfieldvalues>
                    </customfield>
                                                                                                                                                    <customfield id="customfield_10171" key="com.atlassian.jira.ext.charting:timeinstatus">
                        <customfieldname>Time in Status</customfieldname>
                        <customfieldvalues>
                            
                        </customfieldvalues>
                    </customfield>
                                                                </customfields>
    </item>
</channel>
</rss>