<!-- 
RSS generated by JIRA (6.4.11#64026-sha1:78f6ec473a3f058bd5d6c30e9319c7ab376bdb9c) at Thu Dec 22 18:15:20 UTC 2016

It is possible to restrict the fields that are returned in this document by specifying the 'field' parameter in your request.
For example, to request only the issue key and summary add field=key&field=summary to the URL of your request.
For example:
https://jira.spring.io/si/jira.issueviews:issue-xml/SPR-1105/SPR-1105.xml?field=key&amp;field=summary
-->
<rss version="0.92" >
<channel>
    <title>Spring JIRA</title>
    <link>https://jira.spring.io</link>
    <description>This file is an XML representation of an issue</description>
    <language>en-uk</language>    <build-info>
        <version>6.4.11</version>
        <build-number>64026</build-number>
        <build-date>25-08-2015</build-date>
    </build-info>

<item>
            <title>[SPR-1105] Constructor resolution fault</title>
                <link>https://jira.spring.io/browse/SPR-1105</link>
                <project id="10000" key="SPR">Spring Framework</project>
                    <description>&lt;p&gt;I encountered a weird issue concerning constructors.&lt;/p&gt;

&lt;p&gt;I have a bean with four constructors with following signatures&lt;br/&gt;
(Set), (Set, Set), (Map), (Map, Set).&lt;/p&gt;

&lt;p&gt;The bean specification in the application context provides a single argument like that:&lt;/p&gt;

&lt;p&gt;&amp;lt;constructor-arg&amp;gt;&lt;br/&gt;
  &amp;lt;map&amp;gt;&lt;br/&gt;
    &amp;lt;entry ...&lt;br/&gt;
  &amp;lt;/map&amp;gt;&lt;br/&gt;
&amp;lt;/constructor-arg&amp;gt;&lt;/p&gt;


&lt;p&gt;However, the constructor with the signature (Set) has been invoked! From debugging DefaultListableBeanFactory#autowireConstructor I saw that all candidate constructors have been found correctly, but the wrong one was chosen. &lt;br/&gt;
Strangely, the argument was not a map but a LinkedHashSet with one element (namely the specified map!).&lt;/p&gt;

&lt;p&gt;The effect occured after updating from Spring 1.1.5 to 1.2.2. Unfortunately I have not been able yet to create a small example reproducing the problem. The effect occurs in a rather complex application with a lot of configuration (but there it is reproducible).&lt;/p&gt;

&lt;p&gt;My workaround is the specification of the &quot;type&quot; attribute for constructor-arg.&lt;/p&gt;

</description>
            <key id="11926">SPR-1105</key>
            <summary>Constructor resolution fault</summary>
                <type id="1" iconUrl="https://jira.spring.io/images/icons/issuetypes/bug.png">Bug</type>
                                            <priority id="3" iconUrl="https://jira.spring.io/images/icons/priorities/major.png">Major</priority>
                        <status id="6" iconUrl="https://jira.spring.io/images/icons/statuses/closed.png" description="The issue is considered finished, the resolution is correct. Issues which are not closed can be reopened.">Closed</status>
                    <statusCategory id="3" key="done" colorName="green"/>
                                    <resolution id="1">Fixed</resolution>
                                        <assignee username="juergen.hoeller">Juergen Hoeller</assignee>
                                    <reporter username="asenft">Andreas Senft</reporter>
                        <labels>
                    </labels>
                <created>Wed, 6 Jul 2005 18:08:57 +0000</created>
                <updated>Tue, 19 Jul 2005 02:14:29 +0000</updated>
                            <resolved>Tue, 19 Jul 2005 02:14:29 +0000</resolved>
                                    <version>1.2.2</version>
                                    <fixVersion>1.2.3</fixVersion>
                                        <due></due>
                            <votes>0</votes>
                                    <watches>0</watches>
                                                                <comments>
                            <comment id="13775" author="asenft" created="Wed, 6 Jul 2005 18:24:44 +0000"  >&lt;p&gt;I finally managed to create a simple example.&lt;br/&gt;
Strange: Switch the order of constructors in the TestType class and the error goes away!&lt;/p&gt;</comment>
                            <comment id="13924" author="juergen.hoeller" created="Tue, 19 Jul 2005 02:14:29 +0000"  >&lt;p&gt;Indeed, if the Set constructor is found first, the Map is converted into a Set element. That is certainly not desirable. It&apos;s a side effect of our type conversion trying to be smart: if encountering a collection but no collection or array given, it creates a collection with the given object as single element. That&apos;s appropriate for some scenarios, but obviously not for this one.&lt;/p&gt;

&lt;p&gt;The root cause is the input for the type difference weight algorithm that chooses between multiple overloaded constructors with the same number of arguments. We previously ran that algorithm on the &lt;em&gt;type-converted&lt;/em&gt; arguments, never on the &lt;em&gt;raw&lt;/em&gt; arguments. That sometimes leads to suboptimal results. Running the algorithm on the raw arguments too and preferring a lower weight from the raw arguments will always choose the Map constructor in our case, as it is the closes match to the raw argument (as passed in).&lt;/p&gt;

&lt;p&gt;Juergen&lt;/p&gt;</comment>
                    </comments>
                    <attachments>
                            <attachment id="10899" name="bugdemo.zip" size="1122" author="asenft" created="Wed, 6 Jul 2005 18:24:44 +0000"/>
                    </attachments>
                <subtasks>
                    </subtasks>
                <customfields>
                                                <customfield id="customfield_10180" key="com.atlassian.jira.toolkit:dayslastcommented">
                        <customfieldname>Days since last comment</customfieldname>
                        <customfieldvalues>
                                        11 years, 24 weeks, 2 days ago
    
                        </customfieldvalues>
                    </customfield>
                                                                                            <customfield id="customfield_10170" key="com.atlassian.jira.ext.charting:firstresponsedate">
                        <customfieldname>First Response Date</customfieldname>
                        <customfieldvalues>
                            <customfieldvalue>Tue, 19 Jul 2005 02:14:29 +0000</customfieldvalue>

                        </customfieldvalues>
                    </customfield>
                                                                                            <customfield id="customfield_10181" key="com.atlassian.jira.toolkit:lastusercommented">
                        <customfieldname>Last commented by a User</customfieldname>
                        <customfieldvalues>
                            <customfieldvalue>false</customfieldvalue>
                        </customfieldvalues>
                    </customfield>
                                                                <customfield id="customfield_10182" key="com.atlassian.jira.toolkit:lastupdaterorcommenter">
                        <customfieldname>Last updater</customfieldname>
                        <customfieldvalues>
                            <customfieldvalue>tmarshall</customfieldvalue>

                        </customfieldvalues>
                    </customfield>
                                                                                            <customfield id="customfield_10880" key="com.pyxis.greenhopper.jira:gh-lexo-rank">
                        <customfieldname>Rank</customfieldname>
                        <customfieldvalues>
                            <customfieldvalue>0|i04wmn:</customfieldvalue>

                        </customfieldvalues>
                    </customfield>
                                                                <customfield id="customfield_10380" key="com.pyxis.greenhopper.jira:gh-global-rank">
                        <customfieldname>Rank (Obsolete)</customfieldname>
                        <customfieldvalues>
                            <customfieldvalue>28660</customfieldvalue>
                        </customfieldvalues>
                    </customfield>
                                                                                                                                                    <customfield id="customfield_10171" key="com.atlassian.jira.ext.charting:timeinstatus">
                        <customfieldname>Time in Status</customfieldname>
                        <customfieldvalues>
                            
                        </customfieldvalues>
                    </customfield>
                                                                </customfields>
    </item>
</channel>
</rss>