<!-- 
RSS generated by JIRA (6.4.11#64026-sha1:78f6ec473a3f058bd5d6c30e9319c7ab376bdb9c) at Thu Dec 22 18:05:41 UTC 2016

It is possible to restrict the fields that are returned in this document by specifying the 'field' parameter in your request.
For example, to request only the issue key and summary add field=key&field=summary to the URL of your request.
For example:
https://jira.spring.io/si/jira.issueviews:issue-xml/SPR-1461/SPR-1461.xml?field=key&amp;field=summary
-->
<rss version="0.92" >
<channel>
    <title>Spring JIRA</title>
    <link>https://jira.spring.io</link>
    <description>This file is an XML representation of an issue</description>
    <language>en-uk</language>    <build-info>
        <version>6.4.11</version>
        <build-number>64026</build-number>
        <build-date>25-08-2015</build-date>
    </build-info>

<item>
            <title>[SPR-1461] ClassLoader set on a WebApplicationContext is used to load beans but not to inject Class properties which uses the current thread&apos;s context ClassLoader</title>
                <link>https://jira.spring.io/browse/SPR-1461</link>
                <project id="10000" key="SPR">Spring Framework</project>
                    <description>&lt;p&gt;Set a ClassLoader set on a WebApplicationContext that is NOT the current thread&apos;s ClassLoader.&lt;br/&gt;
This ClassLoader is used to load beans.&lt;br/&gt;
But if you try to inject Class properties into those beans then it uses the current thread&apos;s context ClassLoader.&lt;/p&gt;

&lt;p&gt;The same ClassLoader should be used in both cases - ideally the one set on the WebApplicationContext.&lt;/p&gt;

&lt;p&gt;org.springframework.beans.propertyeditors.ClassEditor.setAsText calls ClassUtils.forName(String className).&lt;br/&gt;
This method is hardwired to use the current thread&apos;s context ClassLoader.&lt;br/&gt;
Any call to ClassUtils.forName(String className)  should be changed to the version that accepts a ClassLoader.&lt;br/&gt;
Thanks.&lt;/p&gt;</description>
            <key id="12709">SPR-1461</key>
            <summary>ClassLoader set on a WebApplicationContext is used to load beans but not to inject Class properties which uses the current thread&apos;s context ClassLoader</summary>
                <type id="1" iconUrl="https://jira.spring.io/images/icons/issuetypes/bug.png">Bug</type>
                                            <priority id="3" iconUrl="https://jira.spring.io/images/icons/priorities/major.png">Major</priority>
                        <status id="6" iconUrl="https://jira.spring.io/images/icons/statuses/closed.png" description="The issue is considered finished, the resolution is correct. Issues which are not closed can be reopened.">Closed</status>
                    <statusCategory id="3" key="done" colorName="green"/>
                                    <resolution id="8">Complete</resolution>
                                        <assignee username="juergen.hoeller">Juergen Hoeller</assignee>
                                    <reporter username="mkanaley">Michael Kanaley</reporter>
                        <labels>
                    </labels>
                <created>Thu, 10 Nov 2005 20:03:53 +0000</created>
                <updated>Tue, 19 Jun 2012 03:54:29 +0000</updated>
                            <resolved>Mon, 13 Sep 2010 22:58:32 +0000</resolved>
                                    <version>1.2.5</version>
                                    <fixVersion>3.0.5</fixVersion>
                                        <due></due>
                            <votes>0</votes>
                                    <watches>1</watches>
                                                                <comments>
                            <comment id="15398" author="juergen.hoeller" created="Sun, 13 Nov 2005 09:20:47 +0000"  >&lt;p&gt;AbstractApplicationContext registers a ClassLoader-aware ClassEditor for its configured ClassLoader now. Furthermore, I&apos;ve revised the entire ClassLoader handling to determine a default ClassLoader at construction time, if appropriate, instead of obtaining the thread context ClassLoader on actual access (which causes known issues with JMX and RMI requests which do not necessarily have the expected thread context ClassLoader).&lt;/p&gt;

&lt;p&gt;Juergen&lt;/p&gt;</comment>
                            <comment id="57990" author="ittayd" created="Mon, 13 Sep 2010 11:36:14 +0000"  >&lt;p&gt;ResourceEditorRegistrar registers ClassEditor with the right class loader. However, it doesn&apos;t register ClassArrayEditor. So the problem in the bug exists for properties of type Class[]&lt;/p&gt;</comment>
                            <comment id="57991" author="ittayd" created="Mon, 13 Sep 2010 11:36:36 +0000"  >&lt;p&gt;in 3.0.4&lt;/p&gt;</comment>
                            <comment id="58025" author="juergen.hoeller" created="Mon, 13 Sep 2010 22:58:32 +0000"  >&lt;p&gt;Good catch - that gap has been closed for 3.0.5 now.&lt;/p&gt;

&lt;p&gt;Juergen&lt;/p&gt;</comment>
                    </comments>
                    <attachments>
                    </attachments>
                <subtasks>
                    </subtasks>
                <customfields>
                                                <customfield id="customfield_10180" key="com.atlassian.jira.toolkit:dayslastcommented">
                        <customfieldname>Days since last comment</customfieldname>
                        <customfieldvalues>
                                        6 years, 15 weeks, 2 days ago
    
                        </customfieldvalues>
                    </customfield>
                                                                                            <customfield id="customfield_10170" key="com.atlassian.jira.ext.charting:firstresponsedate">
                        <customfieldname>First Response Date</customfieldname>
                        <customfieldvalues>
                            <customfieldvalue>Sun, 13 Nov 2005 09:20:47 +0000</customfieldvalue>

                        </customfieldvalues>
                    </customfield>
                                                                                            <customfield id="customfield_10181" key="com.atlassian.jira.toolkit:lastusercommented">
                        <customfieldname>Last commented by a User</customfieldname>
                        <customfieldvalues>
                            <customfieldvalue>false</customfieldvalue>
                        </customfieldvalues>
                    </customfield>
                                                                <customfield id="customfield_10182" key="com.atlassian.jira.toolkit:lastupdaterorcommenter">
                        <customfieldname>Last updater</customfieldname>
                        <customfieldvalues>
                            <customfieldvalue>tmarshall</customfieldvalue>

                        </customfieldvalues>
                    </customfield>
                                                                                            <customfield id="customfield_10880" key="com.pyxis.greenhopper.jira:gh-lexo-rank">
                        <customfieldname>Rank</customfieldname>
                        <customfieldvalues>
                            <customfieldvalue>0|i020iv:</customfieldvalue>

                        </customfieldvalues>
                    </customfield>
                                                                <customfield id="customfield_10380" key="com.pyxis.greenhopper.jira:gh-global-rank">
                        <customfieldname>Rank (Obsolete)</customfieldname>
                        <customfieldvalues>
                            <customfieldvalue>11794</customfieldvalue>
                        </customfieldvalues>
                    </customfield>
                                                                                                                                                    <customfield id="customfield_10171" key="com.atlassian.jira.ext.charting:timeinstatus">
                        <customfieldname>Time in Status</customfieldname>
                        <customfieldvalues>
                            
                        </customfieldvalues>
                    </customfield>
                                                                </customfields>
    </item>
</channel>
</rss>