<!-- 
RSS generated by JIRA (6.4.11#64026-sha1:78f6ec473a3f058bd5d6c30e9319c7ab376bdb9c) at Thu Dec 22 19:24:18 UTC 2016

It is possible to restrict the fields that are returned in this document by specifying the 'field' parameter in your request.
For example, to request only the issue key and summary add field=key&field=summary to the URL of your request.
For example:
https://jira.spring.io/si/jira.issueviews:issue-xml/SPR-2381/SPR-2381.xml?field=key&amp;field=summary
-->
<rss version="0.92" >
<channel>
    <title>Spring JIRA</title>
    <link>https://jira.spring.io</link>
    <description>This file is an XML representation of an issue</description>
    <language>en-uk</language>    <build-info>
        <version>6.4.11</version>
        <build-number>64026</build-number>
        <build-date>25-08-2015</build-date>
    </build-info>

<item>
            <title>[SPR-2381] Typo, Concept Clarification, and Example Corrections</title>
                <link>https://jira.spring.io/browse/SPR-2381</link>
                <project id="10000" key="SPR">Spring Framework</project>
                    <description>&lt;p&gt;Page 17&lt;br/&gt;
Text:&lt;br/&gt;
    &quot;When using XM-based configuration&quot;&lt;br/&gt;
should read:&lt;br/&gt;
    &quot;When using XML-based configuration&quot;&lt;/p&gt;


&lt;p&gt;Page 20&lt;br/&gt;
Text:&lt;br/&gt;
    &quot;of the bean itsel being in control&quot;&lt;br/&gt;
should read:&lt;br/&gt;
    &quot;of the bean itself being in control&quot;&lt;/p&gt;


&lt;p&gt;Page 22&lt;br/&gt;
The following text is worded confusingly:&lt;br/&gt;
    &quot;This does mean that a Spring container which has loaded correctly, can later generate an&lt;br/&gt;
exception when you request a bean, if there is a problem creating that bean or one of its dependencies.&quot;&lt;br/&gt;
Perhaps instead:&lt;br/&gt;
    &quot;This means that a Spring container which has loaded correctly can later generate an&lt;br/&gt;
exception when you request a bean if there is a problem creating that bean or one of its dependencies.&lt;/p&gt;


&lt;p&gt;Page 23&lt;br/&gt;
Text:&lt;br/&gt;
      &amp;lt;!-- setter injection using the neater &apos;ref&apos; attribute --&amp;gt;&lt;br/&gt;
      &amp;lt;property name=&quot;beanTwo&quot;&amp;gt;&amp;lt;ref bean=&quot;yetAnotherBean&quot;/&amp;gt;&amp;lt;/property&amp;gt;&lt;br/&gt;
should read:&lt;br/&gt;
      &amp;lt;!-- setter injection using the neater &apos;ref&apos; attribute --&amp;gt;&lt;br/&gt;
      &amp;lt;property name=&quot;beanTwo&quot; ref=&quot;yetAnotherBean&quot;/&amp;gt;&lt;/p&gt;


&lt;p&gt;Page 24:&lt;br/&gt;
The following code snippet should use the new style to promote good style:&lt;br/&gt;
      &amp;lt;constructor-arg&amp;gt;&amp;lt;ref bean=&quot;anotherExampleBean&quot;/&amp;gt;&amp;lt;/constructor-arg&amp;gt;&lt;br/&gt;
      &amp;lt;constructor-arg&amp;gt;&amp;lt;ref bean=&quot;yetAnotherBean&quot;/&amp;gt;&amp;lt;/constructor-arg&amp;gt;&lt;br/&gt;
      &amp;lt;constructor-arg&amp;gt;&amp;lt;value&amp;gt;1&amp;lt;/value&amp;gt;&amp;lt;/constructor-arg&amp;gt;&lt;br/&gt;
change to:&lt;br/&gt;
      &amp;lt;constructor-arg ref=&quot;anotherExampleBean&quot;/&amp;gt;&lt;br/&gt;
      &amp;lt;constructor-arg ref=&quot;yetAnotherBean&quot;/&amp;gt;&lt;br/&gt;
      &amp;lt;constructor-arg value=&quot;1&quot;/&amp;gt;&lt;/p&gt;


&lt;p&gt;Page 25:&lt;br/&gt;
The following code snippet should use the new style to promote good style:&lt;br/&gt;
      &amp;lt;constructor-arg type=&quot;int&quot;&amp;gt;&amp;lt;value&amp;gt;7500000&amp;lt;/value&amp;gt;&amp;lt;/constructor-arg&amp;gt;&lt;br/&gt;
      &amp;lt;constructor-arg type=&quot;java.lang.String&quot;&amp;gt;&amp;lt;value&amp;gt;42&amp;lt;/value&amp;gt;&amp;lt;/constructor-arg&amp;gt;&lt;br/&gt;
change to:&lt;br/&gt;
      &amp;lt;constructor-arg type=&quot;int&quot; value=&quot;7500000&quot;/&amp;gt;&lt;br/&gt;
      &amp;lt;constructor-arg type=&quot;java.lang.String&quot; value=&quot;42&quot;/&amp;gt;&lt;/p&gt;


&lt;p&gt;Page 26:&lt;br/&gt;
Text:&lt;br/&gt;
    &quot;actually instantiated... if the &apos;client&apos; bean&quot;&lt;br/&gt;
should read:&lt;br/&gt;
    &quot;actually instantiated. If the &apos;client&apos; bean&quot;&lt;/p&gt;


&lt;p&gt;Page 34:&lt;br/&gt;
Unless I misunderstood something, the example below seems incorrect since the &amp;lt;property&amp;gt; tag with ref=&quot;&quot; value should on its &lt;/p&gt;

&lt;p&gt;own create a dependency. A different example that doesn&apos;t inherently create this dependency with an XML tag might be better &lt;/p&gt;

&lt;p&gt;(or perhaps even a compare/contrast example):&lt;br/&gt;
      &amp;lt;bean id=&quot;beanOne&quot; class=&quot;ExampleBean&quot; depends-on=&quot;manager&quot;&amp;gt;&lt;br/&gt;
        &amp;lt;property name=&quot;manager&quot; ref=&quot;manager&quot; /&amp;gt;&lt;br/&gt;
      &amp;lt;/bean&amp;gt;&lt;/p&gt;

&lt;p&gt;      &amp;lt;bean id=&quot;manager&quot; class=&quot;ManagerBean&quot; /&amp;gt;&lt;/p&gt;


&lt;p&gt;Page 35:&lt;br/&gt;
Text:&lt;br/&gt;
    &quot;element; to wit...&quot;&lt;br/&gt;
should read:&lt;br/&gt;
    &quot;element; to wit:&quot;&lt;/p&gt;


&lt;p&gt;Page 39:&lt;br/&gt;
The following text is confusing:&lt;br/&gt;
    &quot;This also means that you can define more than one bean definition for a single class, and then Spring will create exactly &lt;/p&gt;

&lt;p&gt;two instances of that particular class, each with their own particular configuration.&quot;&lt;/p&gt;


&lt;p&gt;Page 47:&lt;br/&gt;
&quot;destroy()&quot; is listed in the following text as a method name that is not Spring-specific, but the DisposableBean interface &lt;/p&gt;

&lt;p&gt;referred to uses &quot;destroy()&quot;, so perhaps a different method name could be chosen:&lt;br/&gt;
    &quot;typically finds oneself writing methods with names such as init(), initialize(), dispose(), destroy(), etc.&quot;&lt;/p&gt;


&lt;p&gt;Page 51:&lt;br/&gt;
Is &apos;scope&apos; inherited by the child, or is it always taken from the child definition? Since &apos;singleton&apos; is always taken from the &lt;/p&gt;

&lt;p&gt;child I assume &apos;scope&apos; is as well. The text between the two code snippets needs to be clarified on this matter.&lt;/p&gt;


&lt;p&gt;Page 51:&lt;br/&gt;
Text:&lt;br/&gt;
    &quot;and it is also defined as abstract.&quot;&lt;br/&gt;
should read (for clarity):&lt;br/&gt;
    &quot;and it is also implicitly abstract.&quot;&lt;/p&gt;


&lt;p&gt;Page 53:&lt;br/&gt;
Text:&lt;br/&gt;
    &quot;post-processors explcitly have to be&quot;&lt;br/&gt;
should read:&lt;br/&gt;
    &quot;post-processors explicitly have to be&quot;&lt;/p&gt;


&lt;p&gt;Page 58:&lt;br/&gt;
Text:&lt;br/&gt;
    &quot;providing access to messages in, i18n-style&quot;&lt;br/&gt;
should read:&lt;br/&gt;
    &quot;providing access to messages in i18n-style&quot;&lt;/p&gt;


&lt;p&gt;Page 58-60 (Section 3.8.1):&lt;br/&gt;
There is no example on retrieving a message using an injected MethodSource. Instead, all examples use the &apos;ClassPathXmlApplicationContext&apos; to create a MessageSource for use in the method.&lt;/p&gt;


&lt;p&gt;Page 63:&lt;br/&gt;
Text:&lt;br/&gt;
    &quot;delimiters (comma, semi-colon and space) and use&quot;&lt;br/&gt;
should read:&lt;br/&gt;
    &quot;delimiters (comma, semi-colon and whitespace) and use&quot;&lt;/p&gt;</description>
            <key id="14676">SPR-2381</key>
            <summary>Typo, Concept Clarification, and Example Corrections</summary>
                <type id="1" iconUrl="https://jira.spring.io/images/icons/issuetypes/bug.png">Bug</type>
                                            <priority id="3" iconUrl="https://jira.spring.io/images/icons/priorities/major.png">Major</priority>
                        <status id="6" iconUrl="https://jira.spring.io/images/icons/statuses/closed.png" description="The issue is considered finished, the resolution is correct. Issues which are not closed can be reopened.">Closed</status>
                    <statusCategory id="3" key="done" colorName="green"/>
                                    <resolution id="1">Fixed</resolution>
                                        <assignee username="springboy">Rick Evans</assignee>
                                    <reporter username="tortuga">Tor Tuga</reporter>
                        <labels>
                    </labels>
                <created>Thu, 3 Aug 2006 06:19:27 +0000</created>
                <updated>Tue, 19 Jun 2012 03:51:17 +0000</updated>
                            <resolved>Thu, 3 Aug 2006 21:41:16 +0000</resolved>
                                    <version>2.0 RC2</version>
                                    <fixVersion>2.0 RC3</fixVersion>
                                    <component>[Documentation]</component>
                        <due></due>
                            <votes>0</votes>
                                    <watches>0</watches>
                                                                <comments>
                            <comment id="18899" author="springboy" created="Thu, 3 Aug 2006 21:41:16 +0000"  >&lt;p&gt;Hi Tor&lt;/p&gt;

&lt;p&gt;Fixed.&lt;/p&gt;

&lt;p&gt;Thanks for taking the time to create a JIRA issue with all those mistakes, it&apos;s appreciated.&lt;/p&gt;

&lt;p&gt;Cheers&lt;br/&gt;
Rick&lt;/p&gt;</comment>
                            <comment id="18902" author="tortuga" created="Fri, 4 Aug 2006 07:11:59 +0000"  >&lt;p&gt;Hi Rick,&lt;/p&gt;

&lt;p&gt;Thanks for fixing all those, and you&apos;re welcome! I should be reading the rest of the doc in the next few weeks, so I&apos;ll post more corrections as I see them.&lt;/p&gt;

&lt;p&gt;-Tor&lt;/p&gt;</comment>
                    </comments>
                    <attachments>
                    </attachments>
                <subtasks>
                    </subtasks>
                <customfields>
                                                <customfield id="customfield_10180" key="com.atlassian.jira.toolkit:dayslastcommented">
                        <customfieldname>Days since last comment</customfieldname>
                        <customfieldvalues>
                                        10 years, 21 weeks, 6 days ago
    
                        </customfieldvalues>
                    </customfield>
                                                                                            <customfield id="customfield_10170" key="com.atlassian.jira.ext.charting:firstresponsedate">
                        <customfieldname>First Response Date</customfieldname>
                        <customfieldvalues>
                            <customfieldvalue>Thu, 3 Aug 2006 21:41:16 +0000</customfieldvalue>

                        </customfieldvalues>
                    </customfield>
                                                                                            <customfield id="customfield_10181" key="com.atlassian.jira.toolkit:lastusercommented">
                        <customfieldname>Last commented by a User</customfieldname>
                        <customfieldvalues>
                            <customfieldvalue>true</customfieldvalue>
                        </customfieldvalues>
                    </customfield>
                                                                <customfield id="customfield_10182" key="com.atlassian.jira.toolkit:lastupdaterorcommenter">
                        <customfieldname>Last updater</customfieldname>
                        <customfieldvalues>
                            <customfieldvalue>tmarshall</customfieldvalue>

                        </customfieldvalues>
                    </customfield>
                                                                                            <customfield id="customfield_10880" key="com.pyxis.greenhopper.jira:gh-lexo-rank">
                        <customfieldname>Rank</customfieldname>
                        <customfieldvalues>
                            <customfieldvalue>0|i01hqf:</customfieldvalue>

                        </customfieldvalues>
                    </customfield>
                                                                <customfield id="customfield_10380" key="com.pyxis.greenhopper.jira:gh-global-rank">
                        <customfieldname>Rank (Obsolete)</customfieldname>
                        <customfieldvalues>
                            <customfieldvalue>8750</customfieldvalue>
                        </customfieldvalues>
                    </customfield>
                                                                                                                                                    <customfield id="customfield_10171" key="com.atlassian.jira.ext.charting:timeinstatus">
                        <customfieldname>Time in Status</customfieldname>
                        <customfieldvalues>
                            
                        </customfieldvalues>
                    </customfield>
                                                                </customfields>
    </item>
</channel>
</rss>