<!-- 
RSS generated by JIRA (6.4.11#64026-sha1:78f6ec473a3f058bd5d6c30e9319c7ab376bdb9c) at Thu Dec 22 18:54:45 UTC 2016

It is possible to restrict the fields that are returned in this document by specifying the 'field' parameter in your request.
For example, to request only the issue key and summary add field=key&field=summary to the URL of your request.
For example:
https://jira.spring.io/si/jira.issueviews:issue-xml/SPR-2804/SPR-2804.xml?field=key&amp;field=summary
-->
<rss version="0.92" >
<channel>
    <title>Spring JIRA</title>
    <link>https://jira.spring.io</link>
    <description>This file is an XML representation of an issue</description>
    <language>en-uk</language>    <build-info>
        <version>6.4.11</version>
        <build-number>64026</build-number>
        <build-date>25-08-2015</build-date>
    </build-info>

<item>
            <title>[SPR-2804] Target Chains: factory bean for a proxy that builds up a composite service from a list of targets</title>
                <link>https://jira.spring.io/browse/SPR-2804</link>
                <project id="10000" key="SPR">Spring Framework</project>
                    <description>&lt;p&gt;Here are some docos I wrote for an implementation that I was considering for springmodules.  It seems more like a core feature, when I think about it, so I thought I&apos;d see what people think here...&lt;/p&gt;

&lt;p&gt;1.2. Target Chains&lt;/p&gt;

&lt;p&gt;Use the factory bean to create a composite service that delegates to a chain of existing services, all with the same interface. The chain is terminated according to some simple rules depending on the return type of the method being called. Thus:&lt;/p&gt;

&lt;ul&gt;
	&lt;li&gt;If the method returns Void, then all targets are executed.&lt;/li&gt;
	&lt;li&gt;If the method returns Boolean (or boolean), then execution stops with the first target that returns true.&lt;/li&gt;
	&lt;li&gt;If the method returns Object, then execution stops with the first target that returns not null.&lt;/li&gt;
&lt;/ul&gt;


&lt;p&gt;Once the chain has finished executing the composite method returns the object returned by the last executed target. A Target Chain can itself take part in a chain as a target, and the behaviour remains the same.&lt;/p&gt;

&lt;p&gt;If any part of the chain throws an exception the chain terminates and the exception is re-thrown by the composite. No clean up is attempted.&lt;/p&gt;


&lt;p&gt;1.2.1. Example of Target Chain&lt;/p&gt;

&lt;p&gt;To configure a Target Chain all that is needed is a chain of targets (a List), and an object type (which must be an Interface).&lt;/p&gt;

&lt;p&gt;&amp;lt;bean id=&quot;compositeResourceLocator&quot;&lt;br/&gt;
    class=&quot;org.springmodules.aop.framework.TargetChainProxyFactoryBean&quot;&amp;gt;&lt;br/&gt;
	&amp;lt;property name=&quot;objectType&quot; value=&quot;com.mycompany.ResourceLocator&quot;/&amp;gt;&lt;/p&gt;

&lt;p&gt;	&amp;lt;property name=&quot;target&quot;&amp;gt;&lt;br/&gt;
		&amp;lt;list&amp;gt;&lt;br/&gt;
			&amp;lt;ref bean=&quot;localResourceLocator&quot;/&amp;gt;&lt;br/&gt;
			&amp;lt;ref bean=&quot;remoteResourceLocator&quot;/&amp;gt;&lt;br/&gt;
		&amp;lt;/list&amp;gt;&lt;br/&gt;
	&amp;lt;/property&amp;gt;&lt;/p&gt;

&lt;p&gt;&amp;lt;/bean&amp;gt;&lt;/p&gt;

&lt;p&gt;This exposes a bean called compositeResourceLocator which implements the interface com.mycompany.ResourceLocator. Calls to (e.g.) a method URL locate(String) will be delegated first to the localResourceLocator, and if nothing is found (null returned), it will move on to the remoteResourceLocator.&lt;/p&gt;</description>
            <key id="15425">SPR-2804</key>
            <summary>Target Chains: factory bean for a proxy that builds up a composite service from a list of targets</summary>
                <type id="2" iconUrl="https://jira.spring.io/images/icons/issuetypes/newfeature.png">New Feature</type>
                                            <priority id="3" iconUrl="https://jira.spring.io/images/icons/priorities/major.png">Major</priority>
                        <status id="5" iconUrl="https://jira.spring.io/images/icons/statuses/resolved.png" description="A resolution has been taken, and it is awaiting verification by reporter. From here issues are either reopened, or are closed.">Resolved</status>
                    <statusCategory id="3" key="done" colorName="green"/>
                                    <resolution id="3">Duplicate</resolution>
                                        <assignee username="-1">Unassigned</assignee>
                                    <reporter username="david_syer">Dave Syer</reporter>
                        <labels>
                    </labels>
                <created>Mon, 6 Nov 2006 21:40:59 +0000</created>
                <updated>Fri, 16 Feb 2007 01:22:00 +0000</updated>
                            <resolved>Fri, 16 Feb 2007 01:22:00 +0000</resolved>
                                                                    <component>Core:AOP</component>
                        <due></due>
                            <votes>0</votes>
                                    <watches>0</watches>
                                                                <comments>
                            <comment id="20781" author="david_syer" created="Mon, 13 Nov 2006 05:05:28 +0000"  >&lt;p&gt;This is a duplicate of &lt;a href=&quot;https://jira.spring.io/browse/SPR-1684&quot; title=&quot;ChainOfResponsibilityFactoryBean; factoryBean which creates a proxy that acts as a COR over a list of objects&quot; class=&quot;issue-link&quot; data-issue-key=&quot;SPR-1684&quot;&gt;&lt;del&gt;SPR-1684&lt;/del&gt;&lt;/a&gt;.  Great minds?&lt;/p&gt;</comment>
                            <comment id="22268" author="david_syer" created="Fri, 16 Feb 2007 01:22:00 +0000"  >&lt;p&gt;Duplicate of &lt;a href=&quot;https://jira.spring.io/browse/SPR-1684&quot; title=&quot;ChainOfResponsibilityFactoryBean; factoryBean which creates a proxy that acts as a COR over a list of objects&quot; class=&quot;issue-link&quot; data-issue-key=&quot;SPR-1684&quot;&gt;&lt;del&gt;SPR-1684&lt;/del&gt;&lt;/a&gt;&lt;/p&gt;</comment>
                    </comments>
                <issuelinks>
                            <issuelinktype id="10000">
                    <name>Duplicate</name>
                                            <outwardlinks description="duplicates">
                                        <issuelink>
            <issuekey id="13311">SPR-1684</issuekey>
        </issuelink>
                            </outwardlinks>
                                                        </issuelinktype>
                    </issuelinks>
                <attachments>
                    </attachments>
                <subtasks>
                    </subtasks>
                <customfields>
                                                <customfield id="customfield_10180" key="com.atlassian.jira.toolkit:dayslastcommented">
                        <customfieldname>Days since last comment</customfieldname>
                        <customfieldvalues>
                                        9 years, 45 weeks, 6 days ago
    
                        </customfieldvalues>
                    </customfield>
                                                                                                                                                    <customfield id="customfield_10181" key="com.atlassian.jira.toolkit:lastusercommented">
                        <customfieldname>Last commented by a User</customfieldname>
                        <customfieldvalues>
                            <customfieldvalue>false</customfieldvalue>
                        </customfieldvalues>
                    </customfield>
                                                                <customfield id="customfield_10182" key="com.atlassian.jira.toolkit:lastupdaterorcommenter">
                        <customfieldname>Last updater</customfieldname>
                        <customfieldvalues>
                            <customfieldvalue>tmarshall</customfieldvalue>

                        </customfieldvalues>
                    </customfield>
                                                                                            <customfield id="customfield_10880" key="com.pyxis.greenhopper.jira:gh-lexo-rank">
                        <customfieldname>Rank</customfieldname>
                        <customfieldvalues>
                            <customfieldvalue>0|i03813:</customfieldvalue>

                        </customfieldvalues>
                    </customfield>
                                                                <customfield id="customfield_10380" key="com.pyxis.greenhopper.jira:gh-global-rank">
                        <customfieldname>Rank (Obsolete)</customfieldname>
                        <customfieldvalues>
                            <customfieldvalue>18843</customfieldvalue>
                        </customfieldvalues>
                    </customfield>
                                                                                                                                                    <customfield id="customfield_10171" key="com.atlassian.jira.ext.charting:timeinstatus">
                        <customfieldname>Time in Status</customfieldname>
                        <customfieldvalues>
                            
                        </customfieldvalues>
                    </customfield>
                                                                </customfields>
    </item>
</channel>
</rss>