<!-- 
RSS generated by JIRA (6.4.11#64026-sha1:78f6ec473a3f058bd5d6c30e9319c7ab376bdb9c) at Thu Dec 22 21:45:50 UTC 2016

It is possible to restrict the fields that are returned in this document by specifying the 'field' parameter in your request.
For example, to request only the issue key and summary add field=key&field=summary to the URL of your request.
For example:
https://jira.spring.io/si/jira.issueviews:issue-xml/SPR-4683/SPR-4683.xml?field=key&amp;field=summary
-->
<rss version="0.92" >
<channel>
    <title>Spring JIRA</title>
    <link>https://jira.spring.io</link>
    <description>This file is an XML representation of an issue</description>
    <language>en-uk</language>    <build-info>
        <version>6.4.11</version>
        <build-number>64026</build-number>
        <build-date>25-08-2015</build-date>
    </build-info>

<item>
            <title>[SPR-4683] NullPointerException in org.springframework.aop.framework.autoproxy.AbstractAutoProxyCreator</title>
                <link>https://jira.spring.io/browse/SPR-4683</link>
                <project id="10000" key="SPR">Spring Framework</project>
                    <description>&lt;p&gt;Since upgrading from 2.5.2 to 2.5.3 I am getting a NullPointerException when attempting to load a org.springframework.context.support.ResourceBundleMessageSource in  a context file that is imported by a parent context file, eg.&lt;/p&gt;

&lt;p&gt;&amp;lt;beans ....&lt;br/&gt;
    &amp;lt;import resource=&quot;classpath:applicationContext-core.xml&quot; /&amp;gt;&lt;br/&gt;
...&lt;br/&gt;
&amp;lt;/beans&amp;gt;&lt;/p&gt;

&lt;p&gt;where the &quot;messageSource&quot; bean is contained in the imported resource.&lt;/p&gt;

&lt;p&gt;This did not happen with 2.5.2.  After doing a search in the changelog for 2.5.3 here in JIRA, I can&apos;t seem to find an explanation why.&lt;/p&gt;

&lt;p&gt;The following stack trace is generated on startup of the container:&lt;br/&gt;
Exception in thread &quot;main&quot; org.springframework.beans.factory.BeanCreationException: Error creating bean with name &apos;messageSource&apos; defined in class path resource &lt;span class=&quot;error&quot;&gt;&amp;#91;applicationContext-core.xml&amp;#93;&lt;/span&gt;: Initialization of bean failed; nested exception is java.lang.NullPointerException&lt;br/&gt;
	at org.springframework.beans.factory.support.AbstractAutowireCapableBeanFactory.doCreateBean(AbstractAutowireCapableBeanFactory.java:478)&lt;br/&gt;
	at org.springframework.beans.factory.support.AbstractAutowireCapableBeanFactory$1.run(AbstractAutowireCapableBeanFactory.java:409)&lt;br/&gt;
	at java.security.AccessController.doPrivileged(Native Method)&lt;br/&gt;
	at org.springframework.beans.factory.support.AbstractAutowireCapableBeanFactory.createBean(AbstractAutowireCapableBeanFactory.java:380)&lt;br/&gt;
	at org.springframework.beans.factory.support.AbstractBeanFactory$1.getObject(AbstractBeanFactory.java:264)&lt;br/&gt;
	at org.springframework.beans.factory.support.DefaultSingletonBeanRegistry.getSingleton(DefaultSingletonBeanRegistry.java:217)&lt;br/&gt;
	at org.springframework.beans.factory.support.AbstractBeanFactory.doGetBean(AbstractBeanFactory.java:261)&lt;br/&gt;
	at org.springframework.beans.factory.support.AbstractBeanFactory.getBean(AbstractBeanFactory.java:185)&lt;br/&gt;
	at org.springframework.beans.factory.support.AbstractBeanFactory.getBean(AbstractBeanFactory.java:168)&lt;br/&gt;
	at org.springframework.context.support.AbstractApplicationContext.initMessageSource(AbstractApplicationContext.java:628)&lt;br/&gt;
	at org.springframework.context.support.AbstractApplicationContext.refresh(AbstractApplicationContext.java:369)&lt;br/&gt;
	at org.springframework.context.support.ClassPathXmlApplicationContext.&amp;lt;init&amp;gt;(ClassPathXmlApplicationContext.java:139)&lt;br/&gt;
	at org.springframework.context.support.ClassPathXmlApplicationContext.&amp;lt;init&amp;gt;(ClassPathXmlApplicationContext.java:83)&lt;br/&gt;
	at au.com.woolworths.pap.server.PapTcpServer.main(PapTcpServer.java:82)&lt;br/&gt;
Caused by: java.lang.NullPointerException&lt;br/&gt;
	at org.springframework.aop.framework.autoproxy.AbstractAutoProxyCreator.getCacheKey(AbstractAutoProxyCreator.java:322)&lt;br/&gt;
	at org.springframework.aop.framework.autoproxy.AbstractAutoProxyCreator.predictBeanType(AbstractAutoProxyCreator.java:245)&lt;br/&gt;
	at org.springframework.beans.factory.support.AbstractAutowireCapableBeanFactory.predictBeanType(AbstractAutowireCapableBeanFactory.java:531)&lt;br/&gt;
	at org.springframework.beans.factory.support.AbstractBeanFactory.isFactoryBean(AbstractBeanFactory.java:1174)&lt;br/&gt;
	at org.springframework.beans.factory.support.DefaultListableBeanFactory.getBeanNamesForType(DefaultListableBeanFactory.java:222)&lt;br/&gt;
	at org.springframework.beans.factory.BeanFactoryUtils.beanNamesForTypeIncludingAncestors(BeanFactoryUtils.java:187)&lt;br/&gt;
	at org.springframework.aop.framework.autoproxy.BeanFactoryAdvisorRetrievalHelper.findAdvisorBeans(BeanFactoryAdvisorRetrievalHelper.java:73)&lt;br/&gt;
	at org.springframework.aop.framework.autoproxy.AbstractAdvisorAutoProxyCreator.findCandidateAdvisors(AbstractAdvisorAutoProxyCreator.java:98)&lt;br/&gt;
	at org.springframework.aop.framework.autoproxy.AbstractAdvisorAutoProxyCreator.findEligibleAdvisors(AbstractAdvisorAutoProxyCreator.java:84)&lt;br/&gt;
	at org.springframework.aop.framework.autoproxy.AbstractAdvisorAutoProxyCreator.getAdvicesAndAdvisorsForBean(AbstractAdvisorAutoProxyCreator.java:66)&lt;br/&gt;
	at org.springframework.aop.framework.autoproxy.AbstractAutoProxyCreator.wrapIfNecessary(AbstractAutoProxyCreator.java:345)&lt;br/&gt;
	at org.springframework.aop.framework.autoproxy.AbstractAutoProxyCreator.postProcessAfterInitialization(AbstractAutoProxyCreator.java:309)&lt;br/&gt;
	at org.springframework.beans.factory.support.AbstractAutowireCapableBeanFactory.applyBeanPostProcessorsAfterInitialization(AbstractAutowireCapableBeanFactory.java:361)&lt;br/&gt;
	at org.springframework.beans.factory.support.AbstractAutowireCapableBeanFactory.initializeBean(AbstractAutowireCapableBeanFactory.java:1342)&lt;br/&gt;
	at org.springframework.beans.factory.support.AbstractAutowireCapableBeanFactory.doCreateBean(AbstractAutowireCapableBeanFactory.java:471)&lt;br/&gt;
	... 13 more&lt;/p&gt;


&lt;p&gt;Alan&lt;/p&gt;</description>
            <key id="21582">SPR-4683</key>
            <summary>NullPointerException in org.springframework.aop.framework.autoproxy.AbstractAutoProxyCreator</summary>
                <type id="1" iconUrl="https://jira.spring.io/images/icons/issuetypes/bug.png">Bug</type>
                                            <priority id="3" iconUrl="https://jira.spring.io/images/icons/priorities/major.png">Major</priority>
                        <status id="6" iconUrl="https://jira.spring.io/images/icons/statuses/closed.png" description="The issue is considered finished, the resolution is correct. Issues which are not closed can be reopened.">Closed</status>
                    <statusCategory id="3" key="done" colorName="green"/>
                                    <resolution id="1">Fixed</resolution>
                                        <assignee username="juergen.hoeller">Juergen Hoeller</assignee>
                                    <reporter username="alankstewart">Alan Stewart (personal account)</reporter>
                        <labels>
                    </labels>
                <created>Wed, 9 Apr 2008 14:33:18 +0000</created>
                <updated>Tue, 19 Jun 2012 03:47:20 +0000</updated>
                            <resolved>Tue, 15 Apr 2008 09:16:39 +0000</resolved>
                                    <version>2.5.3</version>
                                    <fixVersion>2.5.4</fixVersion>
                                        <due></due>
                            <votes>3</votes>
                                    <watches>2</watches>
                                                                <comments>
                            <comment id="34530" author="alankstewart" created="Wed, 9 Apr 2008 15:54:06 +0000"  >&lt;p&gt;Platform is actually standalone and the Sun JDK is 6&lt;/p&gt;</comment>
                            <comment id="34640" author="kajh" created="Sun, 13 Apr 2008 03:53:21 +0000"  >&lt;p&gt;I get a similar stacktrace after upgrading from spring 2.5.2 to 2.5.3:&lt;/p&gt;

&lt;p&gt;org.springframework.beans.factory.BeanCreationException: Error creating bean with name &apos;messageSource&apos; defined in ServletContext resource &lt;span class=&quot;error&quot;&gt;&amp;#91;/WEB-INF/applicationContext.xml&amp;#93;&lt;/span&gt;: BeanPostProcessor before instantiation of bean failed; nested exception is java.lang.NullPointerException&lt;br/&gt;
	at org.springframework.beans.factory.support.AbstractAutowireCapableBeanFactory$1.run(AbstractAutowireCapableBeanFactory.java:405)&lt;br/&gt;
	at java.security.AccessController.doPrivileged(Native Method)&lt;br/&gt;
	at org.springframework.beans.factory.support.AbstractAutowireCapableBeanFactory.createBean(AbstractAutowireCapableBeanFactory.java:380)&lt;br/&gt;
	at org.springframework.beans.factory.support.AbstractBeanFactory$1.getObject(AbstractBeanFactory.java:264)&lt;br/&gt;
	at org.springframework.beans.factory.support.DefaultSingletonBeanRegistry.getSingleton(DefaultSingletonBeanRegistry.java:217)&lt;br/&gt;
	at org.springframework.beans.factory.support.AbstractBeanFactory.doGetBean(AbstractBeanFactory.java:261)&lt;br/&gt;
	at org.springframework.beans.factory.support.AbstractBeanFactory.getBean(AbstractBeanFactory.java:185)&lt;/p&gt;

&lt;p&gt;I&apos;m on osx 10.5.2, 1.5.0_13 and jetty-6.2-SNAPSHOT.&lt;/p&gt;

&lt;p&gt;from applicationContext.xml:&lt;/p&gt;

&lt;p&gt;   &amp;lt;bean id=&quot;messageSource&quot; class=&quot;org.springframework.context.support.ResourceBundleMessageSource&quot;&amp;gt;&lt;br/&gt;
      &amp;lt;property name=&quot;basenames&quot;&amp;gt;&lt;br/&gt;
         &amp;lt;list&amp;gt;&lt;br/&gt;
            &amp;lt;value&amp;gt;messages&amp;lt;/value&amp;gt;&lt;br/&gt;
         &amp;lt;/list&amp;gt;&lt;br/&gt;
      &amp;lt;/property&amp;gt;&lt;br/&gt;
   &amp;lt;/bean&amp;gt;&lt;/p&gt;

&lt;p&gt;from web.xml:&lt;/p&gt;

&lt;p&gt; &amp;lt;context-param&amp;gt;&lt;br/&gt;
      &amp;lt;param-name&amp;gt;contextConfigLocation&amp;lt;/param-name&amp;gt;&lt;br/&gt;
      &amp;lt;param-value&amp;gt;/WEB-INF/applicationContext.xml  /WEB-INF/dwr-beans.xml&amp;lt;/param-value&amp;gt;&lt;br/&gt;
   &amp;lt;/context-param&amp;gt;&lt;/p&gt;
</comment>
                            <comment id="34655" author="alankstewart" created="Sun, 13 Apr 2008 12:33:41 +0000"  >&lt;p&gt;I don&apos;t think the problem is specifc to the ResourceBundleMessageSource because when I comment this bean out, the same error occurs on the next bean it tries to load&lt;/p&gt;</comment>
                            <comment id="34656" author="danc919" created="Sun, 13 Apr 2008 12:56:48 +0000"  >&lt;p&gt;Similar problem here upgrading from 2.5.1 to 2.5.3.  Stack trace I get is:&lt;/p&gt;

&lt;p&gt;org.springframework.beans.factory.BeanCreationException: Error creating bean with name &apos;messageSource&apos; defined in class path resource &lt;span class=&quot;error&quot;&gt;&amp;#91;...&amp;#93;&lt;/span&gt;: BeanPostProcessor before instantiation of bean failed; nested exception is java.lang.NullPointerException&lt;br/&gt;
	at org.springframework.beans.factory.support.AbstractAutowireCapableBeanFactory$1.run(AbstractAutowireCapableBeanFactory.java:405)&lt;br/&gt;
	at org.springframework.beans.factory.support.AbstractAutowireCapableBeanFactory.createBean(AbstractAutowireCapableBeanFactory.java:380)&lt;br/&gt;
	at org.springframework.beans.factory.support.AbstractBeanFactory$1.getObject(AbstractBeanFactory.java:264)&lt;br/&gt;
	at org.springframework.beans.factory.support.DefaultSingletonBeanRegistry.getSingleton(DefaultSingletonBeanRegistry.java:217)&lt;br/&gt;
	at org.springframework.beans.factory.support.AbstractBeanFactory.doGetBean(AbstractBeanFactory.java:261)&lt;br/&gt;
	at org.springframework.beans.factory.support.AbstractBeanFactory.getBean(AbstractBeanFactory.java:185)&lt;br/&gt;
	at org.springframework.beans.factory.support.AbstractBeanFactory.getBean(AbstractBeanFactory.java:168)&lt;br/&gt;
	at org.springframework.context.support.AbstractApplicationContext.initMessageSource(AbstractApplicationContext.java:628)&lt;br/&gt;
	at org.springframework.context.support.AbstractApplicationContext.refresh(AbstractApplicationContext.java:369)&lt;br/&gt;
	at org.springframework.context.support.ClassPathXmlApplicationContext.&amp;lt;init&amp;gt;(ClassPathXmlApplicationContext.java:139)&lt;br/&gt;
	at org.springframework.context.support.ClassPathXmlApplicationContext.&amp;lt;init&amp;gt;(ClassPathXmlApplicationContext.java:105)&lt;br/&gt;
	...&lt;br/&gt;
Caused by: java.lang.NullPointerException&lt;br/&gt;
	at org.springframework.aop.framework.autoproxy.AbstractAutoProxyCreator.getCacheKey(AbstractAutoProxyCreator.java:322)&lt;br/&gt;
	at org.springframework.aop.framework.autoproxy.AbstractAutoProxyCreator.predictBeanType(AbstractAutoProxyCreator.java:245)&lt;br/&gt;
	at org.springframework.beans.factory.support.AbstractAutowireCapableBeanFactory.predictBeanType(AbstractAutowireCapableBeanFactory.java:531&lt;br/&gt;
)&lt;br/&gt;
	at org.springframework.beans.factory.support.AbstractBeanFactory.isFactoryBean(AbstractBeanFactory.java:1174)&lt;br/&gt;
	at org.springframework.beans.factory.support.DefaultListableBeanFactory.getBeanNamesForType(DefaultListableBeanFactory.java:222)&lt;br/&gt;
	at org.springframework.beans.factory.BeanFactoryUtils.beanNamesForTypeIncludingAncestors(BeanFactoryUtils.java:187)&lt;br/&gt;
	at org.springframework.aop.framework.autoproxy.BeanFactoryAdvisorRetrievalHelper.findAdvisorBeans(BeanFactoryAdvisorRetrievalHelper.java:73&lt;br/&gt;
)&lt;br/&gt;
	at org.springframework.aop.framework.autoproxy.AbstractAdvisorAutoProxyCreator.findCandidateAdvisors(AbstractAdvisorAutoProxyCreator.java:9&lt;br/&gt;
8)&lt;br/&gt;
	at org.springframework.aop.aspectj.autoproxy.AspectJAwareAdvisorAutoProxyCreator.shouldSkip(AspectJAwareAdvisorAutoProxyCreator.java:105)&lt;br/&gt;
	at org.springframework.aop.framework.autoproxy.AbstractAutoProxyCreator.postProcessBeforeInstantiation(AbstractAutoProxyCreator.java:266)&lt;br/&gt;
	at org.springframework.beans.factory.support.AbstractAutowireCapableBeanFactory.applyBeanPostProcessorsBeforeInstantiation(AbstractAutowire&lt;br/&gt;
CapableBeanFactory.java:789)&lt;br/&gt;
	at org.springframework.beans.factory.support.AbstractAutowireCapableBeanFactory.resolveBeforeInstantiation(AbstractAutowireCapableBeanFacto&lt;br/&gt;
ry.java:760)&lt;br/&gt;
	at org.springframework.beans.factory.support.AbstractAutowireCapableBeanFactory$1.run(AbstractAutowireCapableBeanFactory.java:399)&lt;br/&gt;
	... 14 more&lt;/p&gt;

&lt;p&gt;I modified a local copy of org.springframework.beans.factory.support.AbstractAutowireCapableBeanFactory.java as follows and the problem has been corrected for my application:&lt;/p&gt;

&lt;p&gt;&amp;#8212; spring-framework-2.5.3/src/org/springframework/beans/factory/support/AbstractAutowireCapableBeanFactory.java   2008-03-26 19:36:18.000000000 -0400&lt;br/&gt;
+++ local/src/org/springframework/beans/factory/support/AbstractAutowireCapableBeanFactory.java  2008-04-13 21:40:36.000000000 -0400&lt;br/&gt;
@@ -523,7 +523,7 @@&lt;br/&gt;
                }&lt;br/&gt;
                // Apply SmartInstantiationAwareBeanPostProcessors to predict the&lt;br/&gt;
                // eventual type after a before-instantiation shortcut.&lt;/p&gt;
&lt;ul class=&quot;alternate&quot; type=&quot;square&quot;&gt;
	&lt;li&gt;if (!mbd.isSynthetic() &amp;amp;&amp;amp; hasInstantiationAwareBeanPostProcessors()) {&lt;br/&gt;
+               if (beanClass != null &amp;amp;&amp;amp; !mbd.isSynthetic() &amp;amp;&amp;amp; hasInstantiationAwareBeanPostProcessors()) {&lt;br/&gt;
                        for (Iterator it = getBeanPostProcessors().iterator(); it.hasNext(); ) {&lt;br/&gt;
                                BeanPostProcessor bp = (BeanPostProcessor) it.next();&lt;br/&gt;
                                if (bp instanceof SmartInstantiationAwareBeanPostProcessor) {&lt;/li&gt;
&lt;/ul&gt;


&lt;p&gt;The NPE is generated because multiple candidate method signatures return different types (StringBuffer and String) for a bean definition I have called todayString, and getTypeForFactoryMethod(beanName, mbd, typesToMatch) at line 519 returns NULL.&lt;/p&gt;

&lt;p&gt;    &amp;lt;bean&lt;br/&gt;
        id=&quot;dateFormat&quot;&lt;br/&gt;
        class=&quot;java.text.SimpleDateFormat&quot;&lt;br/&gt;
    &amp;gt;&lt;br/&gt;
        &amp;lt;constructor-arg&lt;br/&gt;
            index=&quot;0&quot;&lt;br/&gt;
            type=&quot;java.lang.String&quot;&lt;br/&gt;
            value=&quot;yyyy-MM-dd&quot;&lt;br/&gt;
        /&amp;gt;&lt;br/&gt;
    &amp;lt;/bean&amp;gt;&lt;/p&gt;

&lt;p&gt;    &amp;lt;bean&lt;br/&gt;
        id=&quot;today&quot;&lt;br/&gt;
        factory-bean=&quot;dateFormat&quot;&lt;br/&gt;
        factory-method=&quot;parse&quot;&lt;br/&gt;
    &amp;gt;&lt;br/&gt;
        &amp;lt;constructor-arg&lt;br/&gt;
            index=&quot;0&quot;&lt;br/&gt;
            type=&quot;java.lang.String&quot;&lt;br/&gt;
        &amp;gt;&lt;br/&gt;
            &amp;lt;ref local=&quot;todayString&quot; /&amp;gt;&lt;br/&gt;
        &amp;lt;/constructor-arg&amp;gt;&lt;br/&gt;
    &amp;lt;/bean&amp;gt;&lt;/p&gt;

&lt;p&gt;    &amp;lt;bean&lt;br/&gt;
        id=&quot;todayString&quot;&lt;br/&gt;
        factory-bean=&quot;dateFormat&quot;&lt;br/&gt;
        factory-method=&quot;format&quot;&lt;br/&gt;
    &amp;gt;&lt;br/&gt;
        &amp;lt;constructor-arg&lt;br/&gt;
            index=&quot;0&quot;&lt;br/&gt;
            type=&quot;java.util.Date&quot;&lt;br/&gt;
        &amp;gt;&lt;br/&gt;
            &amp;lt;bean class=&quot;java.util.Date&quot; /&amp;gt;&lt;br/&gt;
        &amp;lt;/constructor-arg&amp;gt;&lt;br/&gt;
    &amp;lt;/bean&amp;gt;&lt;/p&gt;</comment>
                            <comment id="34763" author="juergen.hoeller" created="Tue, 15 Apr 2008 09:16:39 +0000"  >&lt;p&gt;Indeed, &quot;predictBeanType&quot; is only supposed to be called for a non-null raw bean Class. I&apos;ve revised AbstractAutowireCapableBeanFactory accordingly.&lt;/p&gt;

&lt;p&gt;This will be available in the next 2.5.4 snapshot (&lt;a href=&quot;http://static.springframework.org/downloads/nightly/snapshot-download.php?project=SPR&quot; class=&quot;external-link&quot; rel=&quot;nofollow&quot;&gt;http://static.springframework.org/downloads/nightly/snapshot-download.php?project=SPR&lt;/a&gt;). Please give it a try and let me know whether it works for you (again)...&lt;/p&gt;

&lt;p&gt;Juergen&lt;/p&gt;</comment>
                            <comment id="34904" author="danc919" created="Fri, 18 Apr 2008 11:02:29 +0000"  >&lt;p&gt;Confirmed the correction contained in spring-framework-2.5.4-with-dependencies-20080415-465.zip corrects this issue within my application.&lt;/p&gt;</comment>
                    </comments>
                <issuelinks>
                            <issuelinktype id="10000">
                    <name>Duplicate</name>
                                                                <inwardlinks description="is duplicated by">
                                        <issuelink>
            <issuekey id="21697">SPR-4704</issuekey>
        </issuelink>
                            </inwardlinks>
                                    </issuelinktype>
                    </issuelinks>
                <attachments>
                    </attachments>
                <subtasks>
                    </subtasks>
                <customfields>
                                                <customfield id="customfield_10180" key="com.atlassian.jira.toolkit:dayslastcommented">
                        <customfieldname>Days since last comment</customfieldname>
                        <customfieldvalues>
                                        8 years, 36 weeks, 6 days ago
    
                        </customfieldvalues>
                    </customfield>
                                                                                            <customfield id="customfield_10170" key="com.atlassian.jira.ext.charting:firstresponsedate">
                        <customfieldname>First Response Date</customfieldname>
                        <customfieldvalues>
                            <customfieldvalue>Sun, 13 Apr 2008 03:53:21 +0000</customfieldvalue>

                        </customfieldvalues>
                    </customfield>
                                                                                            <customfield id="customfield_10181" key="com.atlassian.jira.toolkit:lastusercommented">
                        <customfieldname>Last commented by a User</customfieldname>
                        <customfieldvalues>
                            <customfieldvalue>true</customfieldvalue>
                        </customfieldvalues>
                    </customfield>
                                                                <customfield id="customfield_10182" key="com.atlassian.jira.toolkit:lastupdaterorcommenter">
                        <customfieldname>Last updater</customfieldname>
                        <customfieldvalues>
                            <customfieldvalue>tmarshall</customfieldvalue>

                        </customfieldvalues>
                    </customfield>
                                                                                            <customfield id="customfield_10880" key="com.pyxis.greenhopper.jira:gh-lexo-rank">
                        <customfieldname>Rank</customfieldname>
                        <customfieldvalues>
                            <customfieldvalue>0|i00s7z:</customfieldvalue>

                        </customfieldvalues>
                    </customfield>
                                                                <customfield id="customfield_10380" key="com.pyxis.greenhopper.jira:gh-global-rank">
                        <customfieldname>Rank (Obsolete)</customfieldname>
                        <customfieldvalues>
                            <customfieldvalue>4617</customfieldvalue>
                        </customfieldvalues>
                    </customfield>
                                                                                                                                                    <customfield id="customfield_10171" key="com.atlassian.jira.ext.charting:timeinstatus">
                        <customfieldname>Time in Status</customfieldname>
                        <customfieldvalues>
                            
                        </customfieldvalues>
                    </customfield>
                                                                </customfields>
    </item>
</channel>
</rss>