<!-- 
RSS generated by JIRA (6.4.11#64026-sha1:78f6ec473a3f058bd5d6c30e9319c7ab376bdb9c) at Thu Dec 22 21:17:42 UTC 2016

It is possible to restrict the fields that are returned in this document by specifying the 'field' parameter in your request.
For example, to request only the issue key and summary add field=key&field=summary to the URL of your request.
For example:
https://jira.spring.io/si/jira.issueviews:issue-xml/SPR-5213/SPR-5213.xml?field=key&amp;field=summary
-->
<rss version="0.92" >
<channel>
    <title>Spring JIRA</title>
    <link>https://jira.spring.io</link>
    <description>This file is an XML representation of an issue</description>
    <language>en-uk</language>    <build-info>
        <version>6.4.11</version>
        <build-number>64026</build-number>
        <build-date>25-08-2015</build-date>
    </build-info>

<item>
            <title>[SPR-5213] Class cast exception in AbstractBeanDefinition.getBeanClassName(AbstractBeanDefinition.java:305)</title>
                <link>https://jira.spring.io/browse/SPR-5213</link>
                <project id="10000" key="SPR">Spring Framework</project>
                    <description>&lt;p&gt;I saw a similar issue raised out by Jasper Rosenberg   (&lt;a href=&quot;https://jira.spring.io/browse/SPR-4059&quot; title=&quot;Class cast exception in AbstractBeanDefinition.getBeanClassName()&quot; class=&quot;issue-link&quot; data-issue-key=&quot;SPR-4059&quot;&gt;&lt;del&gt;SPR-4059&lt;/del&gt;&lt;/a&gt; ).&lt;/p&gt;

&lt;p&gt;I would like to share my understanding on this , code snippet below is using the non-thread safe variable beanClass, which may cause issue in multiple thread environment.  &lt;/p&gt;

&lt;p&gt;                   private Object beanClass&lt;/p&gt;

&lt;p&gt;   	public String getBeanClassName() {&lt;br/&gt;
   		if (this.beanClass instanceof Class) &lt;/p&gt;
{
   			return ((Class) this.beanClass).getName();
  		}
&lt;p&gt;   		else &lt;/p&gt;
{
   			return (String) this.beanClass;
   		}
&lt;p&gt;	}&lt;/p&gt;



&lt;p&gt;	public Class resolveBeanClass(ClassLoader classLoader) throws ClassNotFoundException {&lt;br/&gt;
	                 //This may cause issue related to synchronized&lt;br/&gt;
                                       if (this.beanClass == null) &lt;/p&gt;
{
			return null;
		}
&lt;p&gt;		Class resolvedClass = ClassUtils.forName(getBeanClassName(), classLoader);&lt;br/&gt;
		this.beanClass = resolvedClass;&lt;br/&gt;
		return resolvedClass;&lt;br/&gt;
	}&lt;/p&gt;

&lt;p&gt;Please let me know if this is fixed in higher version of Spring.&lt;/p&gt;</description>
            <key id="24276">SPR-5213</key>
            <summary>Class cast exception in AbstractBeanDefinition.getBeanClassName(AbstractBeanDefinition.java:305)</summary>
                <type id="1" iconUrl="https://jira.spring.io/images/icons/issuetypes/bug.png">Bug</type>
                                            <priority id="3" iconUrl="https://jira.spring.io/images/icons/priorities/major.png">Major</priority>
                        <status id="6" iconUrl="https://jira.spring.io/images/icons/statuses/closed.png" description="The issue is considered finished, the resolution is correct. Issues which are not closed can be reopened.">Closed</status>
                    <statusCategory id="3" key="done" colorName="green"/>
                                    <resolution id="1">Fixed</resolution>
                                        <assignee username="juergen.hoeller">Juergen Hoeller</assignee>
                                    <reporter username="marvel_ss">Marvel</reporter>
                        <labels>
                    </labels>
                <created>Sun, 12 Oct 2008 23:33:13 +0000</created>
                <updated>Tue, 19 Jun 2012 03:47:08 +0000</updated>
                            <resolved>Mon, 13 Oct 2008 22:05:42 +0000</resolved>
                                    <version>2.0.3</version>
                                    <fixVersion>2.0.8</fixVersion>
                    <fixVersion>2.5.1</fixVersion>
                                    <component>Core</component>
                        <due></due>
                            <votes>0</votes>
                                    <watches>0</watches>
                                    <timeoriginalestimate seconds="57600">2d</timeoriginalestimate>
                            <timeestimate seconds="57600">2d</timeestimate>
                                        <comments>
                            <comment id="40298" author="juergen.hoeller" created="Mon, 13 Oct 2008 22:05:42 +0000"  >&lt;p&gt;The basic visibility issue for that beanClass variable has been fixed in Spring 2.5.1 / 2.0.8 already. I&apos;ll put in a further refinement for Spring 2.5.6 that addresses a remaining corner case. So for the time being, please give Spring 2.5.5 (or 2.0.8) a try. If you want to test the most recent version, try a nightly 2.5.6 snapshot.&lt;/p&gt;

&lt;p&gt;Juergen&lt;/p&gt;</comment>
                    </comments>
                <issuelinks>
                            <issuelinktype id="10000">
                    <name>Duplicate</name>
                                                                <inwardlinks description="is duplicated by">
                                        <issuelink>
            <issuekey id="24275">SPR-5212</issuekey>
        </issuelink>
                            </inwardlinks>
                                    </issuelinktype>
                    </issuelinks>
                <attachments>
                            <attachment id="14768" name="issue.bmp" size="8878" author="marvel_ss" created="Sun, 12 Oct 2008 23:33:13 +0000"/>
                    </attachments>
                <subtasks>
                    </subtasks>
                <customfields>
                                                <customfield id="customfield_10180" key="com.atlassian.jira.toolkit:dayslastcommented">
                        <customfieldname>Days since last comment</customfieldname>
                        <customfieldvalues>
                                        8 years, 11 weeks, 2 days ago
    
                        </customfieldvalues>
                    </customfield>
                                                                                            <customfield id="customfield_10170" key="com.atlassian.jira.ext.charting:firstresponsedate">
                        <customfieldname>First Response Date</customfieldname>
                        <customfieldvalues>
                            <customfieldvalue>Mon, 13 Oct 2008 22:05:42 +0000</customfieldvalue>

                        </customfieldvalues>
                    </customfield>
                                                                                            <customfield id="customfield_10181" key="com.atlassian.jira.toolkit:lastusercommented">
                        <customfieldname>Last commented by a User</customfieldname>
                        <customfieldvalues>
                            <customfieldvalue>false</customfieldvalue>
                        </customfieldvalues>
                    </customfield>
                                                                <customfield id="customfield_10182" key="com.atlassian.jira.toolkit:lastupdaterorcommenter">
                        <customfieldname>Last updater</customfieldname>
                        <customfieldvalues>
                            <customfieldvalue>tmarshall</customfieldvalue>

                        </customfieldvalues>
                    </customfield>
                                                                                            <customfield id="customfield_10880" key="com.pyxis.greenhopper.jira:gh-lexo-rank">
                        <customfieldname>Rank</customfieldname>
                        <customfieldvalues>
                            <customfieldvalue>0|i00rlj:</customfieldvalue>

                        </customfieldvalues>
                    </customfield>
                                                                <customfield id="customfield_10380" key="com.pyxis.greenhopper.jira:gh-global-rank">
                        <customfieldname>Rank (Obsolete)</customfieldname>
                        <customfieldvalues>
                            <customfieldvalue>4516</customfieldvalue>
                        </customfieldvalues>
                    </customfield>
                                                                                                                                                    <customfield id="customfield_10171" key="com.atlassian.jira.ext.charting:timeinstatus">
                        <customfieldname>Time in Status</customfieldname>
                        <customfieldvalues>
                            
                        </customfieldvalues>
                    </customfield>
                                                                </customfields>
    </item>
</channel>
</rss>