<!-- 
RSS generated by JIRA (6.4.11#64026-sha1:78f6ec473a3f058bd5d6c30e9319c7ab376bdb9c) at Thu Dec 22 20:58:34 UTC 2016

It is possible to restrict the fields that are returned in this document by specifying the 'field' parameter in your request.
For example, to request only the issue key and summary add field=key&field=summary to the URL of your request.
For example:
https://jira.spring.io/si/jira.issueviews:issue-xml/SPR-4456/SPR-4456.xml?field=key&amp;field=summary
-->
<rss version="0.92" >
<channel>
    <title>Spring JIRA</title>
    <link>https://jira.spring.io</link>
    <description>This file is an XML representation of an issue</description>
    <language>en-uk</language>    <build-info>
        <version>6.4.11</version>
        <build-number>64026</build-number>
        <build-date>25-08-2015</build-date>
    </build-info>

<item>
            <title>[SPR-4456] Weird autowiring bug</title>
                <link>https://jira.spring.io/browse/SPR-4456</link>
                <project id="10000" key="SPR">Spring Framework</project>
                    <description>&lt;p&gt;Please se attached class ApplicationContextReaderImpl.java .&lt;br/&gt;
Testcase:&lt;br/&gt;
We tried to get this class @Autowired into a consumer of the class (The consumer declares @Autowired on the interface).&lt;/p&gt;

&lt;p&gt;Observations:&lt;br/&gt;
1) If used as is - Spring finds no match (expecting 1 unique bean - finds none).&lt;br/&gt;
2) If it&apos;s not defined in the spring context as a @Component but defined in xml - it will be found!&lt;br/&gt;
3) If the inner Cache class is defined as a static class - autowiring ( 1) ) will succeed.&lt;/p&gt;

&lt;p&gt;So this clearly has to be an autowiring bug.&lt;/p&gt;
</description>
            <key id="20564">SPR-4456</key>
            <summary>Weird autowiring bug</summary>
                <type id="1" iconUrl="https://jira.spring.io/images/icons/issuetypes/bug.png">Bug</type>
                                            <priority id="2" iconUrl="https://jira.spring.io/images/icons/priorities/critical.png">Critical</priority>
                        <status id="5" iconUrl="https://jira.spring.io/images/icons/statuses/resolved.png" description="A resolution has been taken, and it is awaiting verification by reporter. From here issues are either reopened, or are closed.">Resolved</status>
                    <statusCategory id="3" key="done" colorName="green"/>
                                    <resolution id="3">Duplicate</resolution>
                                        <assignee username="juergen.hoeller">Juergen Hoeller</assignee>
                                    <reporter username="david@davidkarlsen.com">David J. M. Karlsen</reporter>
                        <labels>
                    </labels>
                <created>Tue, 12 Feb 2008 01:06:01 +0000</created>
                <updated>Tue, 19 Jun 2012 02:28:11 +0000</updated>
                            <resolved>Thu, 14 Feb 2008 21:36:11 +0000</resolved>
                                    <version>2.5.1</version>
                                                    <component>Core</component>
                        <due></due>
                            <votes>0</votes>
                                    <watches>0</watches>
                                                                <comments>
                            <comment id="31979" author="david@davidkarlsen.com" created="Tue, 12 Feb 2008 01:09:14 +0000"  >&lt;p&gt;Testcase&lt;/p&gt;</comment>
                            <comment id="32074" author="juergen.hoeller" created="Thu, 14 Feb 2008 21:36:11 +0000"  >&lt;p&gt;This should already be fixed in recent 2.5.2 snapshots (&lt;a href=&quot;http://static.springframework.org/downloads/nightly/snapshot-download.php?project=SPR&quot; class=&quot;external-link&quot; rel=&quot;nofollow&quot;&gt;http://static.springframework.org/downloads/nightly/snapshot-download.php?project=SPR&lt;/a&gt;). Feel free to give it a try...&lt;/p&gt;

&lt;p&gt;Juergen&lt;/p&gt;</comment>
                    </comments>
                <issuelinks>
                            <issuelinktype id="10000">
                    <name>Duplicate</name>
                                            <outwardlinks description="duplicates">
                                        <issuelink>
            <issuekey id="19122">SPR-4324</issuekey>
        </issuelink>
                            </outwardlinks>
                                                        </issuelinktype>
                    </issuelinks>
                <attachments>
                            <attachment id="13637" name="ApplicationContextReaderImpl.java" size="8661" author="david@davidkarlsen.com" created="Tue, 12 Feb 2008 01:09:14 +0000"/>
                    </attachments>
                <subtasks>
                    </subtasks>
                <customfields>
                                                <customfield id="customfield_10180" key="com.atlassian.jira.toolkit:dayslastcommented">
                        <customfieldname>Days since last comment</customfieldname>
                        <customfieldvalues>
                                        8 years, 45 weeks, 6 days ago
    
                        </customfieldvalues>
                    </customfield>
                                                                                            <customfield id="customfield_10170" key="com.atlassian.jira.ext.charting:firstresponsedate">
                        <customfieldname>First Response Date</customfieldname>
                        <customfieldvalues>
                            <customfieldvalue>Thu, 14 Feb 2008 21:36:11 +0000</customfieldvalue>

                        </customfieldvalues>
                    </customfield>
                                                                                            <customfield id="customfield_10181" key="com.atlassian.jira.toolkit:lastusercommented">
                        <customfieldname>Last commented by a User</customfieldname>
                        <customfieldvalues>
                            <customfieldvalue>false</customfieldvalue>
                        </customfieldvalues>
                    </customfield>
                                                                <customfield id="customfield_10182" key="com.atlassian.jira.toolkit:lastupdaterorcommenter">
                        <customfieldname>Last updater</customfieldname>
                        <customfieldvalues>
                            <customfieldvalue>tmarshall</customfieldvalue>

                        </customfieldvalues>
                    </customfield>
                                                                                            <customfield id="customfield_10880" key="com.pyxis.greenhopper.jira:gh-lexo-rank">
                        <customfieldname>Rank</customfieldname>
                        <customfieldvalues>
                            <customfieldvalue>0|i04smn:</customfieldvalue>

                        </customfieldvalues>
                    </customfield>
                                                                <customfield id="customfield_10380" key="com.pyxis.greenhopper.jira:gh-global-rank">
                        <customfieldname>Rank (Obsolete)</customfieldname>
                        <customfieldvalues>
                            <customfieldvalue>28012</customfieldvalue>
                        </customfieldvalues>
                    </customfield>
                                                                                                                                                    <customfield id="customfield_10171" key="com.atlassian.jira.ext.charting:timeinstatus">
                        <customfieldname>Time in Status</customfieldname>
                        <customfieldvalues>
                            
                        </customfieldvalues>
                    </customfield>
                                                                </customfields>
    </item>
</channel>
</rss>