<!-- 
RSS generated by JIRA (6.4.11#64026-sha1:78f6ec473a3f058bd5d6c30e9319c7ab376bdb9c) at Thu Dec 22 19:19:29 UTC 2016

It is possible to restrict the fields that are returned in this document by specifying the 'field' parameter in your request.
For example, to request only the issue key and summary add field=key&field=summary to the URL of your request.
For example:
https://jira.spring.io/si/jira.issueviews:issue-xml/SPR-2420/SPR-2420.xml?field=key&amp;field=summary
-->
<rss version="0.92" >
<channel>
    <title>Spring JIRA</title>
    <link>https://jira.spring.io</link>
    <description>This file is an XML representation of an issue</description>
    <language>en-uk</language>    <build-info>
        <version>6.4.11</version>
        <build-number>64026</build-number>
        <build-date>25-08-2015</build-date>
    </build-info>

<item>
            <title>[SPR-2420] Hessian support broken with Resin 3.0.21</title>
                <link>https://jira.spring.io/browse/SPR-2420</link>
                <project id="10000" key="SPR">Spring Framework</project>
                    <description>&lt;p&gt;The signature of:&lt;/p&gt;

&lt;p&gt;com.caucho.hessian.server.HessianSkeleton.invoke() has changed between resin 3.0.19 to 3.0.21.&lt;/p&gt;

&lt;p&gt;The following exception is thrown when using HessianServiceExporter: &lt;/p&gt;

&lt;p&gt;21:30:13,024 ERROR &lt;span class=&quot;error&quot;&gt;&amp;#91;resin-tcp-connection-*:8080-21&amp;#93;&lt;/span&gt; org.springframework.web.servlet.DispatcherServlet - Could not complete request&lt;br/&gt;
org.springframework.web.util.NestedServletException: Hessian skeleton invocation failed; nested exception is java.lang.NoSuchMethodError: com.caucho.hessian.server.HessianSkeleton.invoke(Lcom/caucho/hessian/io/HessianInput;Lcom/caucho/hessian/io/HessianOutput;)V&lt;br/&gt;
java.lang.NoSuchMethodError: com.caucho.hessian.server.HessianSkeleton.invoke(Lcom/caucho/hessian/io/HessianInput;Lcom/caucho/hessian/io/HessianOutput;)V&lt;br/&gt;
        at org.springframework.remoting.caucho.HessianServiceExporter.handleRequest(HessianServiceExporter.java:91)&lt;br/&gt;
        at org.springframework.web.servlet.mvc.SimpleControllerHandlerAdapter.handle(SimpleControllerHandlerAdapter.java:44)&lt;br/&gt;
        at org.springframework.web.servlet.DispatcherServlet.doDispatch(DispatcherServlet.java:723)&lt;br/&gt;
        at org.springframework.web.servlet.DispatcherServlet.doService(DispatcherServlet.java:663)&lt;br/&gt;
        at org.springframework.web.servlet.FrameworkServlet.processRequest(FrameworkServlet.java:394)&lt;br/&gt;
        at org.springframework.web.servlet.FrameworkServlet.doPost(FrameworkServlet.java:358)&lt;br/&gt;
        at javax.servlet.http.HttpServlet.service(HttpServlet.java:154)&lt;br/&gt;
        at javax.servlet.http.HttpServlet.service(HttpServlet.java:92)&lt;br/&gt;
        at com.caucho.server.dispatch.ServletFilterChain.doFilter(ServletFilterChain.java:106)&lt;br/&gt;
        at com.caucho.server.webapp.WebAppFilterChain.doFilter(WebAppFilterChain.java:173)&lt;br/&gt;
        at com.caucho.server.dispatch.ServletInvocation.service(ServletInvocation.java:229)&lt;br/&gt;
        at com.caucho.server.http.HttpRequest.handleRequest(HttpRequest.java:274)&lt;br/&gt;
        at com.caucho.server.port.TcpConnection.run(TcpConnection.java:511)&lt;br/&gt;
        at com.caucho.util.ThreadPool.runTasks(ThreadPool.java:516)&lt;br/&gt;
        at com.caucho.util.ThreadPool.run(ThreadPool.java:442)&lt;br/&gt;
        at java.lang.Thread.run(Thread.java:595)&lt;/p&gt;</description>
            <key id="14753">SPR-2420</key>
            <summary>Hessian support broken with Resin 3.0.21</summary>
                <type id="1" iconUrl="https://jira.spring.io/images/icons/issuetypes/bug.png">Bug</type>
                                            <priority id="3" iconUrl="https://jira.spring.io/images/icons/priorities/major.png">Major</priority>
                        <status id="6" iconUrl="https://jira.spring.io/images/icons/statuses/closed.png" description="The issue is considered finished, the resolution is correct. Issues which are not closed can be reopened.">Closed</status>
                    <statusCategory id="3" key="done" colorName="green"/>
                                    <resolution id="1">Fixed</resolution>
                                        <assignee username="juergen.hoeller">Juergen Hoeller</assignee>
                                    <reporter username="matherbiatch">Henric Larsson</reporter>
                        <labels>
                    </labels>
                <created>Sun, 13 Aug 2006 07:38:38 +0000</created>
                <updated>Tue, 19 Jun 2012 03:50:38 +0000</updated>
                            <resolved>Wed, 16 Aug 2006 01:59:15 +0000</resolved>
                                    <version>2.0 RC3</version>
                                    <fixVersion>2.0 RC4</fixVersion>
                                    <component>Remoting</component>
                        <due></due>
                            <votes>0</votes>
                                    <watches>2</watches>
                                                                <comments>
                            <comment id="19071" author="juergen.hoeller" created="Wed, 16 Aug 2006 01:59:15 +0000"  >&lt;p&gt;I&apos;ve added support for the Hessian 2 protocol (as introduced in Hessian 3.0.20) in the course of some general overhaul of Spring&apos;s Hessian/Burlap support. Spring not autodetects whether it operates against classic Hessian (Hessian 1) or Hessian 2, in addition to the previous autodetection of Hessian 2.x versus 3.x. I&apos;ve also added support for a configurable Hessian SerializerFactory as well as a directly exposed &quot;sendCollectionType&quot; property (on both HessianProxyFactoryBean and HessianServiceExporter).&lt;/p&gt;

&lt;p&gt;Note that this will only available in Spring 2.0 final. It&apos;s also gonna be in tonight&apos;s nightly snapshot; feel free to give that an early try! However, this is not planned to be backported to Spring 1.2.9, which will still require to have Hessian 3.0.19- on the classpath (if necessary, with an appropriate Hessian jar included in the application&apos;s libraries).&lt;/p&gt;

&lt;p&gt;Juergen&lt;/p&gt;</comment>
                            <comment id="19800" author="star2323" created="Fri, 22 Sep 2006 00:21:32 +0000"  >&lt;p&gt;Hello,&lt;/p&gt;

&lt;p&gt;I&apos;m having the exact same problem.  How does one fix this problem?&lt;/p&gt;

&lt;p&gt;Thanks&lt;/p&gt;</comment>
                            <comment id="19802" author="juergen.hoeller" created="Fri, 22 Sep 2006 00:26:45 +0000"  >&lt;p&gt;Update to Spring 2.0 RC4 - this should work fine there!&lt;/p&gt;

&lt;p&gt;Juergen&lt;/p&gt;</comment>
                            <comment id="22115" author="erikvanoosten" created="Wed, 7 Feb 2007 20:01:43 +0000"  >&lt;p&gt;Just for the record: the Spring 1.2.8 and Hessian 3.0.20 combination also do not work. It throws an NoSuchMethodError: invoke.&lt;/p&gt;</comment>
                            <comment id="22138" author="juergen.hoeller" created="Thu, 8 Feb 2007 05:44:46 +0000"  >&lt;p&gt;Yes, as per my comment above, this is not available in Spring 1.2.8 and is also not included in the current 1.2.9 snapshots. We recommend to upgrade to Spring 2.0 for Hessian 3.0.20+ support.&lt;/p&gt;

&lt;p&gt;Juergen&lt;/p&gt;</comment>
                    </comments>
                    <attachments>
                    </attachments>
                <subtasks>
                    </subtasks>
                <customfields>
                                                <customfield id="customfield_10180" key="com.atlassian.jira.toolkit:dayslastcommented">
                        <customfieldname>Days since last comment</customfieldname>
                        <customfieldvalues>
                                        9 years, 47 weeks ago
    
                        </customfieldvalues>
                    </customfield>
                                                                                            <customfield id="customfield_10170" key="com.atlassian.jira.ext.charting:firstresponsedate">
                        <customfieldname>First Response Date</customfieldname>
                        <customfieldvalues>
                            <customfieldvalue>Wed, 16 Aug 2006 01:59:15 +0000</customfieldvalue>

                        </customfieldvalues>
                    </customfield>
                                                                                            <customfield id="customfield_10181" key="com.atlassian.jira.toolkit:lastusercommented">
                        <customfieldname>Last commented by a User</customfieldname>
                        <customfieldvalues>
                            <customfieldvalue>false</customfieldvalue>
                        </customfieldvalues>
                    </customfield>
                                                                <customfield id="customfield_10182" key="com.atlassian.jira.toolkit:lastupdaterorcommenter">
                        <customfieldname>Last updater</customfieldname>
                        <customfieldvalues>
                            <customfieldvalue>tmarshall</customfieldvalue>

                        </customfieldvalues>
                    </customfield>
                                                                                            <customfield id="customfield_10880" key="com.pyxis.greenhopper.jira:gh-lexo-rank">
                        <customfieldname>Rank</customfieldname>
                        <customfieldvalues>
                            <customfieldvalue>0|i04tt3:</customfieldvalue>

                        </customfieldvalues>
                    </customfield>
                                                                <customfield id="customfield_10380" key="com.pyxis.greenhopper.jira:gh-global-rank">
                        <customfieldname>Rank (Obsolete)</customfieldname>
                        <customfieldvalues>
                            <customfieldvalue>28203</customfieldvalue>
                        </customfieldvalues>
                    </customfield>
                                                                                                                                                    <customfield id="customfield_10171" key="com.atlassian.jira.ext.charting:timeinstatus">
                        <customfieldname>Time in Status</customfieldname>
                        <customfieldvalues>
                            
                        </customfieldvalues>
                    </customfield>
                                                                </customfields>
    </item>
</channel>
</rss>