<!-- 
RSS generated by JIRA (6.4.11#64026-sha1:78f6ec473a3f058bd5d6c30e9319c7ab376bdb9c) at Thu Dec 22 18:33:17 UTC 2016

It is possible to restrict the fields that are returned in this document by specifying the 'field' parameter in your request.
For example, to request only the issue key and summary add field=key&field=summary to the URL of your request.
For example:
https://jira.spring.io/si/jira.issueviews:issue-xml/SPR-177/SPR-177.xml?field=key&amp;field=summary
-->
<rss version="0.92" >
<channel>
    <title>Spring JIRA</title>
    <link>https://jira.spring.io</link>
    <description>This file is an XML representation of an issue</description>
    <language>en-uk</language>    <build-info>
        <version>6.4.11</version>
        <build-number>64026</build-number>
        <build-date>25-08-2015</build-date>
    </build-info>

<item>
            <title>[SPR-177] PropertyPlaceholderConfigurer does not recognize default properties</title>
                <link>https://jira.spring.io/browse/SPR-177</link>
                <project id="10000" key="SPR">Spring Framework</project>
                    <description>&lt;p&gt;PropertyPlaceholderConfigurer correctly substitutes explcit properties of a Properties object but does not recignize default properties if those exist.&lt;/p&gt;

&lt;p&gt;Junit test case is attached.&lt;/p&gt;</description>
            <key id="10351">SPR-177</key>
            <summary>PropertyPlaceholderConfigurer does not recognize default properties</summary>
                <type id="1" iconUrl="https://jira.spring.io/images/icons/issuetypes/bug.png">Bug</type>
                                            <priority id="4" iconUrl="https://jira.spring.io/images/icons/priorities/minor.png">Minor</priority>
                        <status id="6" iconUrl="https://jira.spring.io/images/icons/statuses/closed.png" description="The issue is considered finished, the resolution is correct. Issues which are not closed can be reopened.">Closed</status>
                    <statusCategory id="3" key="done" colorName="green"/>
                                    <resolution id="1">Fixed</resolution>
                                        <assignee username="juergen.hoeller">Juergen Hoeller</assignee>
                                    <reporter username="krishnan_anantheswaran@yahoo.com">Krishnan Anantheswaran</reporter>
                        <labels>
                    </labels>
                <created>Mon, 21 Jun 2004 08:22:56 +0000</created>
                <updated>Tue, 22 Jun 2004 03:35:57 +0000</updated>
                            <resolved>Mon, 21 Jun 2004 09:31:14 +0000</resolved>
                                    <version>1.0.2</version>
                                    <fixVersion>1.1 RC1</fixVersion>
                                    <component>Core</component>
                        <due></due>
                            <votes>0</votes>
                                    <watches>1</watches>
                                                                <comments>
                            <comment id="10500" author="krishnan_anantheswaran@yahoo.com" created="Mon, 21 Jun 2004 08:23:42 +0000"  >&lt;p&gt;Junit test case that demonstrates the bug&lt;/p&gt;</comment>
                            <comment id="10501" author="krishnan_anantheswaran@yahoo.com" created="Mon, 21 Jun 2004 08:25:22 +0000"  >&lt;p&gt;There is a valid use case for this. I want to be able to provide environment-independent defaults for runtime properties and only override the ones that actually differ on different environments.&lt;/p&gt;

&lt;p&gt;Currently I work around this by manually merging the properties defined in base v/s runtime. This is tedious.&lt;/p&gt;</comment>
                            <comment id="10502" author="juergen.hoeller" created="Mon, 21 Jun 2004 09:31:14 +0000"  >&lt;p&gt;Indeed, we should regard the defaults of a Properties instance here - I&apos;ve just adapted this. The reason why we lost the defaults up to now is that the given Properties were copied into a merged Properties instance via putAll, which of course doesn&apos;t copy the defaults.&lt;/p&gt;

&lt;p&gt;Juergen&lt;/p&gt;</comment>
                            <comment id="10508" author="krishnan_anantheswaran@yahoo.com" created="Tue, 22 Jun 2004 03:33:14 +0000"  >&lt;p&gt;Hi Juergen,&lt;/p&gt;

&lt;p&gt;Wow! that was really quick.&lt;/p&gt;

&lt;p&gt;I don&apos;t see any updates to the CVS tree as a result of this fix. I assume you changed PropertyPlaceholderConfigurer.java and that I need to check out the CVS HEAD.&lt;/p&gt;

&lt;p&gt;Please advise.&lt;/p&gt;

&lt;p&gt;Regards&lt;br/&gt;
Krishnan&lt;/p&gt;


</comment>
                            <comment id="10509" author="juergen.hoeller" created="Tue, 22 Jun 2004 03:35:57 +0000"  >&lt;p&gt;Actually, I discovered a side effect with PropertyOverrideConfigurer (which shares a common base class with PropertyPlaceholderConfigurer)afterwards, and haven&apos;t committed the change yet. I&apos;ll clarify this tonight; expect the change to be committed by tomorrow morning.&lt;/p&gt;

&lt;p&gt;Juergen&lt;/p&gt;</comment>
                    </comments>
                    <attachments>
                            <attachment id="10114" name="ExposePpcBug.java" size="1967" author="krishnan_anantheswaran@yahoo.com" created="Mon, 21 Jun 2004 08:23:42 +0000"/>
                    </attachments>
                <subtasks>
                    </subtasks>
                <customfields>
                                                <customfield id="customfield_10180" key="com.atlassian.jira.toolkit:dayslastcommented">
                        <customfieldname>Days since last comment</customfieldname>
                        <customfieldvalues>
                                        12 years, 28 weeks, 2 days ago
    
                        </customfieldvalues>
                    </customfield>
                                                                                            <customfield id="customfield_10170" key="com.atlassian.jira.ext.charting:firstresponsedate">
                        <customfieldname>First Response Date</customfieldname>
                        <customfieldvalues>
                            <customfieldvalue>Mon, 21 Jun 2004 09:31:14 +0000</customfieldvalue>

                        </customfieldvalues>
                    </customfield>
                                                                                            <customfield id="customfield_10181" key="com.atlassian.jira.toolkit:lastusercommented">
                        <customfieldname>Last commented by a User</customfieldname>
                        <customfieldvalues>
                            <customfieldvalue>false</customfieldvalue>
                        </customfieldvalues>
                    </customfield>
                                                                <customfield id="customfield_10182" key="com.atlassian.jira.toolkit:lastupdaterorcommenter">
                        <customfieldname>Last updater</customfieldname>
                        <customfieldvalues>
                            <customfieldvalue>tmarshall</customfieldvalue>

                        </customfieldvalues>
                    </customfield>
                                                                                            <customfield id="customfield_10880" key="com.pyxis.greenhopper.jira:gh-lexo-rank">
                        <customfieldname>Rank</customfieldname>
                        <customfieldvalues>
                            <customfieldvalue>0|i04yhr:</customfieldvalue>

                        </customfieldvalues>
                    </customfield>
                                                                <customfield id="customfield_10380" key="com.pyxis.greenhopper.jira:gh-global-rank">
                        <customfieldname>Rank (Obsolete)</customfieldname>
                        <customfieldvalues>
                            <customfieldvalue>28962</customfieldvalue>
                        </customfieldvalues>
                    </customfield>
                                                                                                                                                    <customfield id="customfield_10171" key="com.atlassian.jira.ext.charting:timeinstatus">
                        <customfieldname>Time in Status</customfieldname>
                        <customfieldvalues>
                            
                        </customfieldvalues>
                    </customfield>
                                                                </customfields>
    </item>
</channel>
</rss>