<!-- 
RSS generated by JIRA (6.4.11#64026-sha1:78f6ec473a3f058bd5d6c30e9319c7ab376bdb9c) at Thu Dec 22 19:44:04 UTC 2016

It is possible to restrict the fields that are returned in this document by specifying the 'field' parameter in your request.
For example, to request only the issue key and summary add field=key&field=summary to the URL of your request.
For example:
https://jira.spring.io/si/jira.issueviews:issue-xml/SPR-18/SPR-18.xml?field=key&amp;field=summary
-->
<rss version="0.92" >
<channel>
    <title>Spring JIRA</title>
    <link>https://jira.spring.io</link>
    <description>This file is an XML representation of an issue</description>
    <language>en-uk</language>    <build-info>
        <version>6.4.11</version>
        <build-number>64026</build-number>
        <build-date>25-08-2015</build-date>
    </build-info>

<item>
            <title>[SPR-18] BeanUtils.copyProperties does not check for read method access</title>
                <link>https://jira.spring.io/browse/SPR-18</link>
                <project id="10000" key="SPR">Spring Framework</project>
                    <description>&lt;p&gt;If a bean has a property that has a public setter and a private/protected getter then BeanUtils.copyProperties attempts to call the non-visible read method and throws a FatalBeanException.&lt;/p&gt;

&lt;p&gt;I&apos;m not sure if that is the intended result, but here is a code snippet from line 135 of BeanUtils.java for release 1.0-m4 that changes the behavior to what I expect (&lt;img class=&quot;emoticon&quot; src=&quot;https://jira.spring.io/images/icons/emoticons/smile.png&quot; height=&quot;16&quot; width=&quot;16&quot; align=&quot;absmiddle&quot; alt=&quot;&quot; border=&quot;0&quot;/&gt;):&lt;/p&gt;

&lt;p&gt;if (targetDesc.getWriteMethod() != null &amp;amp;&amp;amp;&lt;br/&gt;
    sourceDesc.getReadMethod() != null &amp;amp;&amp;amp;&lt;br/&gt;
    (ignoreProperties == null || (!ignoreList.contains(name)))) {&lt;br/&gt;
    values.addPropertyValue(new PropertyValue(name, sourceBw.getPropertyValue(name)));&lt;br/&gt;
}&lt;/p&gt;

&lt;p&gt;Thanks for an awesome framework!&lt;/p&gt;</description>
            <key id="10070">SPR-18</key>
            <summary>BeanUtils.copyProperties does not check for read method access</summary>
                <type id="1" iconUrl="https://jira.spring.io/images/icons/issuetypes/bug.png">Bug</type>
                                            <priority id="4" iconUrl="https://jira.spring.io/images/icons/priorities/minor.png">Minor</priority>
                        <status id="6" iconUrl="https://jira.spring.io/images/icons/statuses/closed.png" description="The issue is considered finished, the resolution is correct. Issues which are not closed can be reopened.">Closed</status>
                    <statusCategory id="3" key="done" colorName="green"/>
                                    <resolution id="1">Fixed</resolution>
                                        <assignee username="rod.johnson">Rod Johnson</assignee>
                                    <reporter username="johnmshields">John M. Shields</reporter>
                        <labels>
                    </labels>
                <created>Mon, 12 Jan 2004 08:23:28 +0000</created>
                <updated>Wed, 14 Jan 2004 08:13:45 +0000</updated>
                            <resolved>Wed, 14 Jan 2004 08:13:45 +0000</resolved>
                                    <version>1.0 M4</version>
                                                    <component>Core</component>
                        <due></due>
                            <votes>0</votes>
                                    <watches>0</watches>
                                                                <comments>
                            <comment id="10082" author="juergen.hoeller" created="Wed, 14 Jan 2004 08:13:45 +0000"  >&lt;p&gt;Fixed - thanks for pointing out the issue!&lt;/p&gt;</comment>
                    </comments>
                    <attachments>
                    </attachments>
                <subtasks>
                    </subtasks>
                <customfields>
                                                <customfield id="customfield_10180" key="com.atlassian.jira.toolkit:dayslastcommented">
                        <customfieldname>Days since last comment</customfieldname>
                        <customfieldvalues>
                                        12 years, 51 weeks, 1 day ago
    
                        </customfieldvalues>
                    </customfield>
                                                                                            <customfield id="customfield_10170" key="com.atlassian.jira.ext.charting:firstresponsedate">
                        <customfieldname>First Response Date</customfieldname>
                        <customfieldvalues>
                            <customfieldvalue>Wed, 14 Jan 2004 08:13:45 +0000</customfieldvalue>

                        </customfieldvalues>
                    </customfield>
                                                                                            <customfield id="customfield_10181" key="com.atlassian.jira.toolkit:lastusercommented">
                        <customfieldname>Last commented by a User</customfieldname>
                        <customfieldvalues>
                            <customfieldvalue>false</customfieldvalue>
                        </customfieldvalues>
                    </customfield>
                                                                <customfield id="customfield_10182" key="com.atlassian.jira.toolkit:lastupdaterorcommenter">
                        <customfieldname>Last updater</customfieldname>
                        <customfieldvalues>
                            <customfieldvalue>tmarshall</customfieldvalue>

                        </customfieldvalues>
                    </customfield>
                                                                                            <customfield id="customfield_10880" key="com.pyxis.greenhopper.jira:gh-lexo-rank">
                        <customfieldname>Rank</customfieldname>
                        <customfieldvalues>
                            <customfieldvalue>0|i037pb:</customfieldvalue>

                        </customfieldvalues>
                    </customfield>
                                                                <customfield id="customfield_10380" key="com.pyxis.greenhopper.jira:gh-global-rank">
                        <customfieldname>Rank (Obsolete)</customfieldname>
                        <customfieldvalues>
                            <customfieldvalue>18790</customfieldvalue>
                        </customfieldvalues>
                    </customfield>
                                                                                                                                                                                </customfields>
    </item>
</channel>
</rss>