<!-- 
RSS generated by JIRA (6.4.11#64026-sha1:78f6ec473a3f058bd5d6c30e9319c7ab376bdb9c) at Thu Dec 22 19:48:44 UTC 2016

It is possible to restrict the fields that are returned in this document by specifying the 'field' parameter in your request.
For example, to request only the issue key and summary add field=key&field=summary to the URL of your request.
For example:
https://jira.spring.io/si/jira.issueviews:issue-xml/SPR-2554/SPR-2554.xml?field=key&amp;field=summary
-->
<rss version="0.92" >
<channel>
    <title>Spring JIRA</title>
    <link>https://jira.spring.io</link>
    <description>This file is an XML representation of an issue</description>
    <language>en-uk</language>    <build-info>
        <version>6.4.11</version>
        <build-number>64026</build-number>
        <build-date>25-08-2015</build-date>
    </build-info>

<item>
            <title>[SPR-2554] LabelTag used in conjunction with multiple RadioButtons will generate illegal id values.</title>
                <link>https://jira.spring.io/browse/SPR-2554</link>
                <project id="10000" key="SPR">Spring Framework</project>
                    <description>&lt;p&gt;If you have a radio button group bound to a form property like the following.&lt;/p&gt;

&lt;p&gt;&amp;lt;form:form&amp;gt;&lt;br/&gt;
&amp;lt;p&amp;gt; Choose One &amp;lt;/P&lt;br/&gt;
&amp;lt;form:label path=&quot;someProperty&quot;&amp;gt;&amp;lt;form:radiobutton path=&quot;someProperty&quot; value=&quot;value1&quot;/&amp;gt;Label One&amp;lt;/form:label&amp;gt;&lt;br/&gt;
&amp;lt;form:label path=&quot;someProperty&quot;&amp;gt;&amp;lt;form:radiobutton path=&quot;someProperty&quot; value=&quot;value2&quot;/&amp;gt;Label Two&amp;lt;/form:label&amp;gt;&lt;br/&gt;
&amp;lt;/form:form&amp;gt;&lt;/p&gt;

&lt;p&gt;The LabelTag will generate an ID value of &quot;someProperty.label&quot;.  This doesn&apos;t work becuase it uses the same id value twice.  The RadioButtonTag on the other hand is smart enough to modify the id to be &quot;someProperty1&quot; and &quot;someProperty2&quot;.&lt;/p&gt;

&lt;p&gt;Solutions would be to either make the label tag act like the Radiobutton tag with respect to ID attributes, or in my opinion a better solution is to not output id attributes at all unless the user actually specifies their own id.  It just adds extra cruft to the html.&lt;/p&gt;</description>
            <key id="14931">SPR-2554</key>
            <summary>LabelTag used in conjunction with multiple RadioButtons will generate illegal id values.</summary>
                <type id="1" iconUrl="https://jira.spring.io/images/icons/issuetypes/bug.png">Bug</type>
                                            <priority id="3" iconUrl="https://jira.spring.io/images/icons/priorities/major.png">Major</priority>
                        <status id="6" iconUrl="https://jira.spring.io/images/icons/statuses/closed.png" description="The issue is considered finished, the resolution is correct. Issues which are not closed can be reopened.">Closed</status>
                    <statusCategory id="3" key="done" colorName="green"/>
                                    <resolution id="1">Fixed</resolution>
                                        <assignee username="springboy">Rick Evans</assignee>
                                    <reporter username="rwells">Roy Wells</reporter>
                        <labels>
                    </labels>
                <created>Thu, 7 Sep 2006 05:11:36 +0000</created>
                <updated>Tue, 19 Jun 2012 03:50:19 +0000</updated>
                            <resolved>Sun, 10 Sep 2006 02:43:10 +0000</resolved>
                                    <version>2.0 RC3</version>
                                    <fixVersion>2.0 RC4</fixVersion>
                                    <component>Web</component>
                        <due></due>
                            <votes>0</votes>
                                    <watches>0</watches>
                                                                <comments>
                            <comment id="19502" author="springboy" created="Sun, 10 Sep 2006 02:43:10 +0000"  >&lt;p&gt;Fixed. Thanks for spotting this.&lt;/p&gt;

&lt;p&gt;The &amp;lt;label/&amp;gt; tag now no longer generates id attributes by default, as per your suggestion. If you want an id attribute on a &amp;lt;label/&amp;gt; then you have to add it yourself explicitly.&lt;/p&gt;

&lt;p&gt;Cheers&lt;br/&gt;
Rick&lt;/p&gt;</comment>
                    </comments>
                    <attachments>
                    </attachments>
                <subtasks>
                    </subtasks>
                <customfields>
                                                <customfield id="customfield_10180" key="com.atlassian.jira.toolkit:dayslastcommented">
                        <customfieldname>Days since last comment</customfieldname>
                        <customfieldvalues>
                                        10 years, 16 weeks, 4 days ago
    
                        </customfieldvalues>
                    </customfield>
                                                                                            <customfield id="customfield_10170" key="com.atlassian.jira.ext.charting:firstresponsedate">
                        <customfieldname>First Response Date</customfieldname>
                        <customfieldvalues>
                            <customfieldvalue>Sun, 10 Sep 2006 02:43:10 +0000</customfieldvalue>

                        </customfieldvalues>
                    </customfield>
                                                                                            <customfield id="customfield_10181" key="com.atlassian.jira.toolkit:lastusercommented">
                        <customfieldname>Last commented by a User</customfieldname>
                        <customfieldvalues>
                            <customfieldvalue>false</customfieldvalue>
                        </customfieldvalues>
                    </customfield>
                                                                <customfield id="customfield_10182" key="com.atlassian.jira.toolkit:lastupdaterorcommenter">
                        <customfieldname>Last updater</customfieldname>
                        <customfieldvalues>
                            <customfieldvalue>tmarshall</customfieldvalue>

                        </customfieldvalues>
                    </customfield>
                                                                                            <customfield id="customfield_10880" key="com.pyxis.greenhopper.jira:gh-lexo-rank">
                        <customfieldname>Rank</customfieldname>
                        <customfieldvalues>
                            <customfieldvalue>0|i00vvr:</customfieldvalue>

                        </customfieldvalues>
                    </customfield>
                                                                <customfield id="customfield_10380" key="com.pyxis.greenhopper.jira:gh-global-rank">
                        <customfieldname>Rank (Obsolete)</customfieldname>
                        <customfieldvalues>
                            <customfieldvalue>5210</customfieldvalue>
                        </customfieldvalues>
                    </customfield>
                                                                                                                                                    <customfield id="customfield_10171" key="com.atlassian.jira.ext.charting:timeinstatus">
                        <customfieldname>Time in Status</customfieldname>
                        <customfieldvalues>
                            
                        </customfieldvalues>
                    </customfield>
                                                                </customfields>
    </item>
</channel>
</rss>