<!-- 
RSS generated by JIRA (6.4.11#64026-sha1:78f6ec473a3f058bd5d6c30e9319c7ab376bdb9c) at Thu Dec 22 20:37:41 UTC 2016

It is possible to restrict the fields that are returned in this document by specifying the 'field' parameter in your request.
For example, to request only the issue key and summary add field=key&field=summary to the URL of your request.
For example:
https://jira.spring.io/si/jira.issueviews:issue-xml/SPR-3489/SPR-3489.xml?field=key&amp;field=summary
-->
<rss version="0.92" >
<channel>
    <title>Spring JIRA</title>
    <link>https://jira.spring.io</link>
    <description>This file is an XML representation of an issue</description>
    <language>en-uk</language>    <build-info>
        <version>6.4.11</version>
        <build-number>64026</build-number>
        <build-date>25-08-2015</build-date>
    </build-info>

<item>
            <title>[SPR-3489] Support for generating URLs from patterns with placeholders</title>
                <link>https://jira.spring.io/browse/SPR-3489</link>
                <project id="10000" key="SPR">Spring Framework</project>
                    <description>&lt;p&gt;From a jsp if you could say something like this:&lt;/p&gt;

&lt;p&gt;    &amp;lt;spring:control-link pattern=&quot;airSearch&quot;/&amp;gt;&lt;/p&gt;

&lt;p&gt;And it spits out something like this:&lt;/p&gt;

&lt;p&gt;   &lt;a href=&quot;http://www.orbitz.com/shop/air-search?src=ORD&amp;amp;dest=MCO&quot; class=&quot;external-link&quot; rel=&quot;nofollow&quot;&gt;http://www.orbitz.com/shop/air-search?src=ORD&amp;amp;dest=MCO&lt;/a&gt;&lt;/p&gt;

&lt;p&gt;Where the pattern looks something like this:&lt;/p&gt;

&lt;p&gt;url-patterns.properties&lt;br/&gt;
    airSearch=/shop/air-search/?src=$&lt;/p&gt;
{src}
&lt;p&gt;&amp;amp;dest=$&lt;/p&gt;
{mco}

&lt;p&gt;The parameter subsitution would occur from whats in the request parameter map.&lt;/p&gt;

&lt;p&gt;This would be useful for invoking arbitrary controllers such as Web Flows or plain MVC controllers.  Particularly for rest-ful (stateless) interactions.  Orbitz would benefit from this particularly, for example.&lt;/p&gt;

&lt;p&gt;Rails and Django both have a similiar feature.&lt;/p&gt;</description>
            <key id="16846">SPR-3489</key>
            <summary>Support for generating URLs from patterns with placeholders</summary>
                <type id="2" iconUrl="https://jira.spring.io/images/icons/issuetypes/newfeature.png">New Feature</type>
                                            <priority id="3" iconUrl="https://jira.spring.io/images/icons/priorities/major.png">Major</priority>
                        <status id="5" iconUrl="https://jira.spring.io/images/icons/statuses/resolved.png" description="A resolution has been taken, and it is awaiting verification by reporter. From here issues are either reopened, or are closed.">Resolved</status>
                    <statusCategory id="3" key="done" colorName="green"/>
                                    <resolution id="3">Duplicate</resolution>
                                        <assignee username="-1">Unassigned</assignee>
                                    <reporter username="kdonald">Keith Donald</reporter>
                        <labels>
                    </labels>
                <created>Wed, 16 May 2007 08:54:05 +0000</created>
                <updated>Wed, 17 Dec 2008 01:59:35 +0000</updated>
                            <resolved>Wed, 17 Dec 2008 01:59:35 +0000</resolved>
                                    <version>2.0.5</version>
                                                    <component>Web</component>
                        <due></due>
                            <votes>0</votes>
                                    <watches>0</watches>
                                                                <comments>
                            <comment id="41722" author="kdonald" created="Wed, 17 Dec 2008 01:59:35 +0000"  >&lt;p&gt;Handled by Spring 3.0.0.M1 REST&lt;/p&gt;</comment>
                    </comments>
                    <attachments>
                    </attachments>
                <subtasks>
                    </subtasks>
                <customfields>
                                                <customfield id="customfield_10180" key="com.atlassian.jira.toolkit:dayslastcommented">
                        <customfieldname>Days since last comment</customfieldname>
                        <customfieldvalues>
                                        8 years, 2 weeks, 1 day ago
    
                        </customfieldvalues>
                    </customfield>
                                                                                                                                                    <customfield id="customfield_10181" key="com.atlassian.jira.toolkit:lastusercommented">
                        <customfieldname>Last commented by a User</customfieldname>
                        <customfieldvalues>
                            <customfieldvalue>true</customfieldvalue>
                        </customfieldvalues>
                    </customfield>
                                                                <customfield id="customfield_10182" key="com.atlassian.jira.toolkit:lastupdaterorcommenter">
                        <customfieldname>Last updater</customfieldname>
                        <customfieldvalues>
                            <customfieldvalue>tmarshall</customfieldvalue>

                        </customfieldvalues>
                    </customfield>
                                                                                            <customfield id="customfield_10880" key="com.pyxis.greenhopper.jira:gh-lexo-rank">
                        <customfieldname>Rank</customfieldname>
                        <customfieldvalues>
                            <customfieldvalue>0|i017d3:</customfieldvalue>

                        </customfieldvalues>
                    </customfield>
                                                                <customfield id="customfield_10380" key="com.pyxis.greenhopper.jira:gh-global-rank">
                        <customfieldname>Rank (Obsolete)</customfieldname>
                        <customfieldvalues>
                            <customfieldvalue>7070</customfieldvalue>
                        </customfieldvalues>
                    </customfield>
                                                                                                                                                    <customfield id="customfield_10171" key="com.atlassian.jira.ext.charting:timeinstatus">
                        <customfieldname>Time in Status</customfieldname>
                        <customfieldvalues>
                            
                        </customfieldvalues>
                    </customfield>
                                                                </customfields>
    </item>
</channel>
</rss>