<!-- 
RSS generated by JIRA (6.4.11#64026-sha1:78f6ec473a3f058bd5d6c30e9319c7ab376bdb9c) at Thu Dec 22 18:41:45 UTC 2016

It is possible to restrict the fields that are returned in this document by specifying the 'field' parameter in your request.
For example, to request only the issue key and summary add field=key&field=summary to the URL of your request.
For example:
https://jira.spring.io/si/jira.issueviews:issue-xml/SPR-429/SPR-429.xml?field=key&amp;field=summary
-->
<rss version="0.92" >
<channel>
    <title>Spring JIRA</title>
    <link>https://jira.spring.io</link>
    <description>This file is an XML representation of an issue</description>
    <language>en-uk</language>    <build-info>
        <version>6.4.11</version>
        <build-number>64026</build-number>
        <build-date>25-08-2015</build-date>
    </build-info>

<item>
            <title>[SPR-429] Inconsistent usage &quot;BeanDefinition&quot; -&gt; &quot;beandefinition&quot;</title>
                <link>https://jira.spring.io/browse/SPR-429</link>
                <project id="10000" key="SPR">Spring Framework</project>
                    <description>&lt;p&gt;Section 3.6, para 2, 1st - 4th bullet: &lt;/p&gt;

&lt;p&gt;&quot;beandefinition&quot; is used inconsistently from prior uses.&lt;/p&gt;

&lt;p&gt;Since one is referring to  &lt;/p&gt;

&lt;p&gt;  org.springframework.beans.factory.config.BeanDefinition&lt;/p&gt;

&lt;p&gt;the prior usage, BeanDefinition (section 3.2 ff.), &lt;br/&gt;
should be maintained here and throughout.  &lt;br/&gt;
Otherwise, it just looks like a run-on and does&lt;br/&gt;
not give the reader a ready indication that&lt;br/&gt;
an object in the framework is being referred to. &lt;/p&gt;

&lt;p&gt;Example of inconsistent usage (bullet 4):&lt;/p&gt;

&lt;p&gt;Reads: &quot;If the beandefinition corresponding to the given name ...&quot;&lt;/p&gt;

&lt;p&gt;For consistency with early usage, it&lt;br/&gt;
probably should read: &lt;/p&gt;

&lt;p&gt;&quot;If the BeanDefinition corresponding to the given name ....&quot;&lt;/p&gt;
</description>
            <key id="10692">SPR-429</key>
            <summary>Inconsistent usage &quot;BeanDefinition&quot; -&gt; &quot;beandefinition&quot;</summary>
                <type id="1" iconUrl="https://jira.spring.io/images/icons/issuetypes/bug.png">Bug</type>
                                            <priority id="5" iconUrl="https://jira.spring.io/images/icons/priorities/trivial.png">Trivial</priority>
                        <status id="6" iconUrl="https://jira.spring.io/images/icons/statuses/closed.png" description="The issue is considered finished, the resolution is correct. Issues which are not closed can be reopened.">Closed</status>
                    <statusCategory id="3" key="done" colorName="green"/>
                                    <resolution id="1">Fixed</resolution>
                                        <assignee username="juergen.hoeller">Juergen Hoeller</assignee>
                                    <reporter username="pfurbacher">Paul Furbacher</reporter>
                        <labels>
                    </labels>
                <created>Mon, 25 Oct 2004 16:14:48 +0000</created>
                <updated>Mon, 25 Oct 2004 21:12:20 +0000</updated>
                            <resolved>Mon, 25 Oct 2004 21:12:20 +0000</resolved>
                                    <version>1.1.2</version>
                                    <fixVersion>1.1.2</fixVersion>
                                    <component>[Documentation]</component>
                        <due></due>
                            <votes>0</votes>
                                    <watches>0</watches>
                                                                <comments>
                            <comment id="11372" author="juergen.hoeller" created="Mon, 25 Oct 2004 21:12:20 +0000"  >&lt;p&gt;I&apos;ve fixed the usage, though not necessarily to &quot;BeanDefinition&quot;:&lt;/p&gt;

&lt;p&gt;Operations like &quot;containsBean&quot; and &quot;isSingleton&quot; can work on any sort of bean definition, be it registered BeanDefinitions or manually registered bean instances.&lt;/p&gt;

&lt;p&gt;The BeanFactory interfaces do not even require that a factory implementation works with BeanDefinitions underneath - just the out-of-the-box implementations do.&lt;/p&gt;

&lt;p&gt;Juergen&lt;/p&gt;</comment>
                    </comments>
                    <attachments>
                    </attachments>
                <subtasks>
                    </subtasks>
                <customfields>
                                                <customfield id="customfield_10180" key="com.atlassian.jira.toolkit:dayslastcommented">
                        <customfieldname>Days since last comment</customfieldname>
                        <customfieldvalues>
                                        12 years, 10 weeks, 2 days ago
    
                        </customfieldvalues>
                    </customfield>
                                                                                            <customfield id="customfield_10170" key="com.atlassian.jira.ext.charting:firstresponsedate">
                        <customfieldname>First Response Date</customfieldname>
                        <customfieldvalues>
                            <customfieldvalue>Mon, 25 Oct 2004 21:12:20 +0000</customfieldvalue>

                        </customfieldvalues>
                    </customfield>
                                                                                            <customfield id="customfield_10181" key="com.atlassian.jira.toolkit:lastusercommented">
                        <customfieldname>Last commented by a User</customfieldname>
                        <customfieldvalues>
                            <customfieldvalue>false</customfieldvalue>
                        </customfieldvalues>
                    </customfield>
                                                                <customfield id="customfield_10182" key="com.atlassian.jira.toolkit:lastupdaterorcommenter">
                        <customfieldname>Last updater</customfieldname>
                        <customfieldvalues>
                            <customfieldvalue>tmarshall</customfieldvalue>

                        </customfieldvalues>
                    </customfield>
                                                                                            <customfield id="customfield_10880" key="com.pyxis.greenhopper.jira:gh-lexo-rank">
                        <customfieldname>Rank</customfieldname>
                        <customfieldvalues>
                            <customfieldvalue>0|i01ikf:</customfieldvalue>

                        </customfieldvalues>
                    </customfield>
                                                                <customfield id="customfield_10380" key="com.pyxis.greenhopper.jira:gh-global-rank">
                        <customfieldname>Rank (Obsolete)</customfieldname>
                        <customfieldvalues>
                            <customfieldvalue>8885</customfieldvalue>
                        </customfieldvalues>
                    </customfield>
                                                                                                                                                    <customfield id="customfield_10171" key="com.atlassian.jira.ext.charting:timeinstatus">
                        <customfieldname>Time in Status</customfieldname>
                        <customfieldvalues>
                            
                        </customfieldvalues>
                    </customfield>
                                                                </customfields>
    </item>
</channel>
</rss>