<!-- 
RSS generated by JIRA (6.4.11#64026-sha1:78f6ec473a3f058bd5d6c30e9319c7ab376bdb9c) at Thu Dec 22 18:21:43 UTC 2016

It is possible to restrict the fields that are returned in this document by specifying the 'field' parameter in your request.
For example, to request only the issue key and summary add field=key&field=summary to the URL of your request.
For example:
https://jira.spring.io/si/jira.issueviews:issue-xml/SPR-2154/SPR-2154.xml?field=key&amp;field=summary
-->
<rss version="0.92" >
<channel>
    <title>Spring JIRA</title>
    <link>https://jira.spring.io</link>
    <description>This file is an XML representation of an issue</description>
    <language>en-uk</language>    <build-info>
        <version>6.4.11</version>
        <build-number>64026</build-number>
        <build-date>25-08-2015</build-date>
    </build-info>

<item>
            <title>[SPR-2154] ClassNotFound Exception when populating typed list</title>
                <link>https://jira.spring.io/browse/SPR-2154</link>
                <project id="10000" key="SPR">Spring Framework</project>
                    <description>&lt;p&gt;When specifying a type-definition while populating a list, the initialization fails with a ClassNotFoundException (see stacktrace below).&lt;/p&gt;

&lt;p&gt;I have added a small test-case showing the problem. The test passes in 2.0M4 and fails with 2.0M5.&lt;/p&gt;

&lt;p&gt;Stacktrace:&lt;/p&gt;

&lt;p&gt;org.springframework.beans.factory.BeanDefinitionStoreException: Error &apos;Type class &lt;span class=&quot;error&quot;&gt;&amp;#91;de.smartprocure.EnumLoadProblemEnum&amp;#93;&lt;/span&gt; not found for &amp;lt;value&amp;gt; element&apos; in resource &apos;class path resource &lt;span class=&quot;error&quot;&gt;&amp;#91;EnumLoadTest.xml&amp;#93;&lt;/span&gt;&apos; at:&lt;br/&gt;
; nested exception is java.lang.ClassNotFoundException: de/smartprocure/EnumLoadProblemEnum&lt;br/&gt;
Caused by: java.lang.ClassNotFoundException: de/smartprocure/EnumLoadProblemEnum&lt;br/&gt;
	at java.lang.Class.forName0(Native Method)&lt;br/&gt;
	at java.lang.Class.forName(Class.java:242)&lt;br/&gt;
	at org.springframework.util.ClassUtils.forName(ClassUtils.java:160)&lt;br/&gt;
	at org.springframework.beans.factory.xml.BeanDefinitionParserDelegate.parsePropertySubElement(BeanDefinitionParserDelegate.java:838)&lt;br/&gt;
	at org.springframework.beans.factory.xml.BeanDefinitionParserDelegate.parseListElement(BeanDefinitionParserDelegate.java:880)&lt;br/&gt;
	at org.springframework.beans.factory.xml.UtilNamespaceHandler$ListBeanDefinitionParser.parse(UtilNamespaceHandler.java:99)&lt;br/&gt;
	at org.springframework.beans.factory.xml.NamespaceHandlerSupport.parse(NamespaceHandlerSupport.java:78)&lt;br/&gt;
	at org.springframework.beans.factory.xml.BeanDefinitionParserDelegate.parseCustomElement(BeanDefinitionParserDelegate.java:1087)&lt;br/&gt;
	at org.springframework.beans.factory.xml.DefaultBeanDefinitionDocumentReader.parseBeanDefinitions(DefaultBeanDefinitionDocumentReader.java:140)&lt;br/&gt;
	at org.springframework.beans.factory.xml.DefaultBeanDefinitionDocumentReader.registerBeanDefinitions(DefaultBeanDefinitionDocumentReader.java:93)&lt;br/&gt;
	at org.springframework.beans.factory.xml.XmlBeanDefinitionReader.registerBeanDefinitions(XmlBeanDefinitionReader.java:544)&lt;br/&gt;
	at org.springframework.beans.factory.xml.XmlBeanDefinitionReader.doLoadBeanDefinitions(XmlBeanDefinitionReader.java:390)&lt;br/&gt;
	at org.springframework.beans.factory.xml.XmlBeanDefinitionReader.loadBeanDefinitions(XmlBeanDefinitionReader.java:339)&lt;br/&gt;
	at org.springframework.beans.factory.xml.XmlBeanDefinitionReader.loadBeanDefinitions(XmlBeanDefinitionReader.java:314)&lt;br/&gt;
	at org.springframework.beans.factory.support.AbstractBeanDefinitionReader.loadBeanDefinitions(AbstractBeanDefinitionReader.java:126)&lt;br/&gt;
	at org.springframework.beans.factory.support.AbstractBeanDefinitionReader.loadBeanDefinitions(AbstractBeanDefinitionReader.java:142)&lt;br/&gt;
	at org.springframework.beans.factory.support.AbstractBeanDefinitionReader.loadBeanDefinitions(AbstractBeanDefinitionReader.java:168)&lt;br/&gt;
	at org.springframework.context.support.AbstractXmlApplicationContext.loadBeanDefinitions(AbstractXmlApplicationContext.java:113)&lt;br/&gt;
	at org.springframework.context.support.AbstractXmlApplicationContext.loadBeanDefinitions(AbstractXmlApplicationContext.java:79)&lt;br/&gt;
	at org.springframework.context.support.AbstractRefreshableApplicationContext.refreshBeanFactory(AbstractRefreshableApplicationContext.java:89)&lt;br/&gt;
	at org.springframework.context.support.AbstractApplicationContext.refresh(AbstractApplicationContext.java:278)&lt;br/&gt;
	at org.springframework.context.support.ClassPathXmlApplicationContext.&amp;lt;init&amp;gt;(ClassPathXmlApplicationContext.java:92)&lt;br/&gt;
	at org.springframework.context.support.ClassPathXmlApplicationContext.&amp;lt;init&amp;gt;(ClassPathXmlApplicationContext.java:77)&lt;br/&gt;
	at org.springframework.test.AbstractSpringContextTests.loadContextLocations(AbstractSpringContextTests.java:135)&lt;br/&gt;
	at org.springframework.test.AbstractDependencyInjectionSpringContextTests.loadContextLocations(AbstractDependencyInjectionSpringContextTests.java:224)&lt;br/&gt;
	at org.springframework.test.AbstractSpringContextTests.getContext(AbstractSpringContextTests.java:115)&lt;br/&gt;
	at org.springframework.test.AbstractDependencyInjectionSpringContextTests.setUp(AbstractDependencyInjectionSpringContextTests.java:192)&lt;br/&gt;
	at junit.framework.TestCase.runBare(TestCase.java:125)&lt;br/&gt;
	at junit.framework.TestResult$1.protect(TestResult.java:106)&lt;br/&gt;
	at junit.framework.TestResult.runProtected(TestResult.java:124)&lt;br/&gt;
	at junit.framework.TestResult.run(TestResult.java:109)&lt;br/&gt;
	at junit.framework.TestCase.run(TestCase.java:118)&lt;br/&gt;
	at junit.framework.TestSuite.runTest(TestSuite.java:208)&lt;br/&gt;
	at junit.framework.TestSuite.run(TestSuite.java:203)&lt;br/&gt;
	at org.eclipse.jdt.internal.junit.runner.RemoteTestRunner.runTests(RemoteTestRunner.java:478)&lt;br/&gt;
	at org.eclipse.jdt.internal.junit.runner.RemoteTestRunner.run(RemoteTestRunner.java:344)&lt;br/&gt;
	at org.eclipse.jdt.internal.junit.runner.RemoteTestRunner.main(RemoteTestRunner.java:196)&lt;/p&gt;</description>
            <key id="14245">SPR-2154</key>
            <summary>ClassNotFound Exception when populating typed list</summary>
                <type id="1" iconUrl="https://jira.spring.io/images/icons/issuetypes/bug.png">Bug</type>
                                            <priority id="3" iconUrl="https://jira.spring.io/images/icons/priorities/major.png">Major</priority>
                        <status id="6" iconUrl="https://jira.spring.io/images/icons/statuses/closed.png" description="The issue is considered finished, the resolution is correct. Issues which are not closed can be reopened.">Closed</status>
                    <statusCategory id="3" key="done" colorName="green"/>
                                    <resolution id="1">Fixed</resolution>
                                        <assignee username="juergen.hoeller">Juergen Hoeller</assignee>
                                    <reporter username="renestolp">Rene Stolp</reporter>
                        <labels>
                    </labels>
                <created>Sun, 18 Jun 2006 18:44:06 +0000</created>
                <updated>Tue, 19 Jun 2012 03:52:30 +0000</updated>
                            <resolved>Mon, 19 Jun 2006 02:47:02 +0000</resolved>
                                    <version>2.0 M5</version>
                                    <fixVersion>2.0 RC1</fixVersion>
                                    <component>Core</component>
                        <due></due>
                            <votes>0</votes>
                                    <watches>0</watches>
                                                                <comments>
                            <comment id="18056" author="juergen.hoeller" created="Mon, 19 Jun 2006 02:47:02 +0000"  >&lt;p&gt;Thanks for the report - this has fortunately already been fixed in CVS HEAD a couple of days ago.&lt;/p&gt;

&lt;p&gt;Juergen&lt;/p&gt;</comment>
                    </comments>
                    <attachments>
                            <attachment id="11713" name="EnumLoadProblem.zip" size="1885" author="renestolp" created="Sun, 18 Jun 2006 18:44:34 +0000"/>
                    </attachments>
                <subtasks>
                    </subtasks>
                <customfields>
                                                <customfield id="customfield_10180" key="com.atlassian.jira.toolkit:dayslastcommented">
                        <customfieldname>Days since last comment</customfieldname>
                        <customfieldvalues>
                                        10 years, 28 weeks, 3 days ago
    
                        </customfieldvalues>
                    </customfield>
                                                                                            <customfield id="customfield_10170" key="com.atlassian.jira.ext.charting:firstresponsedate">
                        <customfieldname>First Response Date</customfieldname>
                        <customfieldvalues>
                            <customfieldvalue>Mon, 19 Jun 2006 02:47:02 +0000</customfieldvalue>

                        </customfieldvalues>
                    </customfield>
                                                                                            <customfield id="customfield_10181" key="com.atlassian.jira.toolkit:lastusercommented">
                        <customfieldname>Last commented by a User</customfieldname>
                        <customfieldvalues>
                            <customfieldvalue>false</customfieldvalue>
                        </customfieldvalues>
                    </customfield>
                                                                <customfield id="customfield_10182" key="com.atlassian.jira.toolkit:lastupdaterorcommenter">
                        <customfieldname>Last updater</customfieldname>
                        <customfieldvalues>
                            <customfieldvalue>tmarshall</customfieldvalue>

                        </customfieldvalues>
                    </customfield>
                                                                                            <customfield id="customfield_10880" key="com.pyxis.greenhopper.jira:gh-lexo-rank">
                        <customfieldname>Rank</customfieldname>
                        <customfieldvalues>
                            <customfieldvalue>0|i04v2f:</customfieldvalue>

                        </customfieldvalues>
                    </customfield>
                                                                <customfield id="customfield_10380" key="com.pyxis.greenhopper.jira:gh-global-rank">
                        <customfieldname>Rank (Obsolete)</customfieldname>
                        <customfieldvalues>
                            <customfieldvalue>28407</customfieldvalue>
                        </customfieldvalues>
                    </customfield>
                                                                                                                                                    <customfield id="customfield_10171" key="com.atlassian.jira.ext.charting:timeinstatus">
                        <customfieldname>Time in Status</customfieldname>
                        <customfieldvalues>
                            
                        </customfieldvalues>
                    </customfield>
                                                                </customfields>
    </item>
</channel>
</rss>