<!-- 
RSS generated by JIRA (6.4.11#64026-sha1:78f6ec473a3f058bd5d6c30e9319c7ab376bdb9c) at Thu Dec 22 21:23:54 UTC 2016

It is possible to restrict the fields that are returned in this document by specifying the 'field' parameter in your request.
For example, to request only the issue key and summary add field=key&field=summary to the URL of your request.
For example:
https://jira.spring.io/si/jira.issueviews:issue-xml/SPR-10933/SPR-10933.xml?field=key&amp;field=summary
-->
<rss version="0.92" >
<channel>
    <title>Spring JIRA</title>
    <link>https://jira.spring.io</link>
    <description>This file is an XML representation of an issue</description>
    <language>en-uk</language>    <build-info>
        <version>6.4.11</version>
        <build-number>64026</build-number>
        <build-date>25-08-2015</build-date>
    </build-info>

<item>
            <title>[SPR-10933] Enhance ResourceHttpRequestHandler with ResourceResolver strategy</title>
                <link>https://jira.spring.io/browse/SPR-10933</link>
                <project id="10000" key="SPR">Spring Framework</project>
                    <description>&lt;p&gt;Currently ResourceHttpRequestHandler uses a simple algorithm that takes the request path and tries to find a matching resource under one or more pre-configured locations, either under the web application root or on the classpath (e.g. under /META-INF/public-web-resources&quot;). In order to implement more sophisticated resource serving, it should be possible to configure additional strategies for resolving the request path to a Resource, possibly even transforming the resource along the way. &lt;/p&gt;

&lt;p&gt;A common use case is fingreprinting URLs to allow aggressive cache headers while still detecting changes when they occur (&lt;a href=&quot;https://jira.spring.io/browse/SPR-10310&quot; title=&quot;Support Content-based Hash Fingerprinted URLs in ResourceHttpRequestHandler&quot; class=&quot;issue-link&quot; data-issue-key=&quot;SPR-10310&quot;&gt;&lt;del&gt;SPR-10310&lt;/del&gt;&lt;/a&gt;). For this scenario to work a request path of &quot;foo-e36d2e05253c6c7085a91522ce43a0b4.css&quot; should resolve to resource &quot;foo.css&quot;. The reverse should also be possible, i.e. a view should be able to look up the actual URL to use for &quot;foo.css&quot;, e.g. &quot;foo-e36d2e05253c6c7085a91522ce43a0b4.css&quot;.&lt;/p&gt;

&lt;p&gt;Additional use cases include detecting gzipped files (extension &quot;.gz&quot;) and serving them instead if the client accepts &quot;gzip&quot; content encoding, locating &quot;css.less&quot; files where &quot;.css&quot; is requested, etc. &lt;/p&gt;

&lt;p&gt;In addition to locating resources, it should also be possible to transform resources. For example less-to-css transformation, gzipping, js/css minifying, etc.&lt;/p&gt;

</description>
            <key id="51053">SPR-10933</key>
            <summary>Enhance ResourceHttpRequestHandler with ResourceResolver strategy</summary>
                <type id="2" iconUrl="https://jira.spring.io/images/icons/issuetypes/newfeature.png">New Feature</type>
                                            <priority id="3" iconUrl="https://jira.spring.io/images/icons/priorities/major.png">Major</priority>
                        <status id="6" iconUrl="https://jira.spring.io/images/icons/statuses/closed.png" description="The issue is considered finished, the resolution is correct. Issues which are not closed can be reopened.">Closed</status>
                    <statusCategory id="3" key="done" colorName="green"/>
                                    <resolution id="8">Complete</resolution>
                                        <assignee username="rstoya05-aop">Rossen Stoyanchev</assignee>
                                    <reporter username="rstoya05-aop">Rossen Stoyanchev</reporter>
                        <labels>
                    </labels>
                <created>Tue, 24 Sep 2013 18:16:17 +0000</created>
                <updated>Thu, 24 Jul 2014 11:38:37 +0000</updated>
                            <resolved>Fri, 2 May 2014 07:29:59 +0000</resolved>
                                    <version>3.2.4</version>
                                    <fixVersion>4.1 RC1</fixVersion>
                                    <component>Web</component>
                        <due></due>
                            <votes>3</votes>
                                    <watches>10</watches>
                                                                <comments>
                            <comment id="104902" author="w_c_smith" created="Thu, 26 Jun 2014 01:33:35 +0000"  >&lt;p&gt;This issue is marked as &quot;complete&quot;, but the current 4.1.0.BUILD reference doc doesn&apos;t appear to discuss the new capabilities. Did I overlook it, or is it yet to be added?&lt;/p&gt;</comment>
                            <comment id="104906" author="bclozel" created="Thu, 26 Jun 2014 02:26:44 +0000"  >&lt;p&gt;Hi &lt;a href=&quot;https://jira.spring.io/secure/ViewProfile.jspa?name=w_c_smith&quot; class=&quot;user-hover&quot; rel=&quot;w_c_smith&quot;&gt;Christopher Smith&lt;/a&gt; - you&apos;re right, documentation is not there yet.&lt;br/&gt;
We&apos;re using a &lt;a href=&quot;https://github.com/bclozel/spring-resource-handling/&quot; class=&quot;external-link&quot; rel=&quot;nofollow&quot;&gt;sample project to test things out&lt;/a&gt;; do you have a special use case in mind or you&apos;d just like to know how this works?&lt;/p&gt;

&lt;p&gt;Feedback is welcomed!&lt;/p&gt;

&lt;p&gt;Note that we&apos;re still validating all use cases and that the API should be fixed during the RC phase.&lt;/p&gt;</comment>
                            <comment id="104925" author="rstoya05-aop" created="Thu, 26 Jun 2014 06:05:02 +0000"  >&lt;p&gt;Indeed there is no text summarizing the approach yet. The sample Brian referenced will be the basis for our &lt;a href=&quot;https://2014.event.springone2gx.com/schedule/scxmcg&quot; class=&quot;external-link&quot; rel=&quot;nofollow&quot;&gt;SpringOne presentation&lt;/a&gt; so it is shows the end result albeit without the discussion. You can also have a look around the source code in the package where ResourceHttpRequestHandler is. You&apos;ll see the new abstractions there, their Javadoc should help too. &lt;/p&gt;</comment>
                            <comment id="106240" author="bclozel" created="Thu, 24 Jul 2014 11:38:37 +0000"  >&lt;p&gt;Hi &lt;a href=&quot;https://jira.spring.io/secure/ViewProfile.jspa?name=w_c_smith&quot; class=&quot;user-hover&quot; rel=&quot;w_c_smith&quot;&gt;Christopher Smith&lt;/a&gt;, &lt;span class=&quot;error&quot;&gt;&amp;#91;here&amp;#39;s a blog post with more details on this&amp;#93;&lt;/span&gt;(&lt;a href=&quot;https://spring.io/blog/2014/07/24/spring-framework-4-1-handling-static-web-resources&quot; class=&quot;external-link&quot; rel=&quot;nofollow&quot;&gt;https://spring.io/blog/2014/07/24/spring-framework-4-1-handling-static-web-resources&lt;/a&gt;).&lt;/p&gt;</comment>
                    </comments>
                <issuelinks>
                            <issuelinktype id="10150">
                    <name>Depend</name>
                                                                <inwardlinks description="is depended on by">
                                        <issuelink>
            <issuekey id="47454">SPR-10310</issuekey>
        </issuelink>
            <issuelink>
            <issuekey id="51163">SPR-10951</issuekey>
        </issuelink>
                            </inwardlinks>
                                    </issuelinktype>
                            <issuelinktype id="10000">
                    <name>Duplicate</name>
                                                                <inwardlinks description="is duplicated by">
                                        <issuelink>
            <issuekey id="27998">SPR-6134</issuekey>
        </issuelink>
            <issuelink>
            <issuekey id="32411">SPR-7400</issuekey>
        </issuelink>
                            </inwardlinks>
                                    </issuelinktype>
                    </issuelinks>
                <attachments>
                    </attachments>
                <subtasks>
                    </subtasks>
                <customfields>
                                                <customfield id="customfield_10180" key="com.atlassian.jira.toolkit:dayslastcommented">
                        <customfieldname>Days since last comment</customfieldname>
                        <customfieldvalues>
                                        2 years, 22 weeks ago
    
                        </customfieldvalues>
                    </customfield>
                                                                                            <customfield id="customfield_10170" key="com.atlassian.jira.ext.charting:firstresponsedate">
                        <customfieldname>First Response Date</customfieldname>
                        <customfieldvalues>
                            <customfieldvalue>Thu, 26 Jun 2014 01:33:35 +0000</customfieldvalue>

                        </customfieldvalues>
                    </customfield>
                                                                                            <customfield id="customfield_10181" key="com.atlassian.jira.toolkit:lastusercommented">
                        <customfieldname>Last commented by a User</customfieldname>
                        <customfieldvalues>
                            <customfieldvalue>false</customfieldvalue>
                        </customfieldvalues>
                    </customfield>
                                                                <customfield id="customfield_10182" key="com.atlassian.jira.toolkit:lastupdaterorcommenter">
                        <customfieldname>Last updater</customfieldname>
                        <customfieldvalues>
                            <customfieldvalue>bclozel</customfieldvalue>

                        </customfieldvalues>
                    </customfield>
                                                                                            <customfield id="customfield_10880" key="com.pyxis.greenhopper.jira:gh-lexo-rank">
                        <customfieldname>Rank</customfieldname>
                        <customfieldvalues>
                            <customfieldvalue>0|i06lrb:</customfieldvalue>

                        </customfieldvalues>
                    </customfield>
                                                                <customfield id="customfield_10380" key="com.pyxis.greenhopper.jira:gh-global-rank">
                        <customfieldname>Rank (Obsolete)</customfieldname>
                        <customfieldvalues>
                            <customfieldvalue>38563</customfieldvalue>
                        </customfieldvalues>
                    </customfield>
                                                                                                                                                    <customfield id="customfield_10171" key="com.atlassian.jira.ext.charting:timeinstatus">
                        <customfieldname>Time in Status</customfieldname>
                        <customfieldvalues>
                            
                        </customfieldvalues>
                    </customfield>
                                                                </customfields>
    </item>
</channel>
</rss>