<!-- 
RSS generated by JIRA (6.4.11#64026-sha1:78f6ec473a3f058bd5d6c30e9319c7ab376bdb9c) at Thu Dec 22 21:44:15 UTC 2016

It is possible to restrict the fields that are returned in this document by specifying the 'field' parameter in your request.
For example, to request only the issue key and summary add field=key&field=summary to the URL of your request.
For example:
https://jira.spring.io/si/jira.issueviews:issue-xml/SPR-9819/SPR-9819.xml?field=key&amp;field=summary
-->
<rss version="0.92" >
<channel>
    <title>Spring JIRA</title>
    <link>https://jira.spring.io</link>
    <description>This file is an XML representation of an issue</description>
    <language>en-uk</language>    <build-info>
        <version>6.4.11</version>
        <build-number>64026</build-number>
        <build-date>25-08-2015</build-date>
    </build-info>

<item>
            <title>[SPR-9819] Non-singleton beans performance issue </title>
                <link>https://jira.spring.io/browse/SPR-9819</link>
                <project id="10000" key="SPR">Spring Framework</project>
                    <description>&lt;p&gt;For each method invocation for not-singleton scope bean&lt;br/&gt;
Interceptor got bean from bean-factory by using AbstractBeanFactory.getBean&lt;/p&gt;

&lt;p&gt;But before getting required bean inside method getBean we have cheeking&lt;/p&gt;

&lt;p&gt;Object sharedInstance = getSingleton(beanName);&lt;br/&gt;
		if (sharedInstance != null &amp;amp;&amp;amp; args == null) {&lt;/p&gt;

&lt;p&gt;Inside getSingleton we have synchronized blocks.&lt;/p&gt;

&lt;p&gt;considering that in high-load project we can have a lot of scoped-beans methods invocations, getSingleton lock all threads, and performance gone to very poor. &lt;/p&gt;

&lt;p&gt;I&apos;m not very good in spring-core architecture, however by my mean the most obvious solution - it push into args argument of getBean method specific arg, which will show, that we request not singleton bean for sure&lt;/p&gt;

&lt;p&gt;P.S.: Take my apologies for my bad English. &lt;/p&gt;</description>
            <key id="45521">SPR-9819</key>
            <summary>Non-singleton beans performance issue </summary>
                <type id="4" iconUrl="https://jira.spring.io/images/icons/issuetypes/improvement.png">Improvement</type>
                                            <priority id="3" iconUrl="https://jira.spring.io/images/icons/priorities/major.png">Major</priority>
                        <status id="5" iconUrl="https://jira.spring.io/images/icons/statuses/resolved.png" description="A resolution has been taken, and it is awaiting verification by reporter. From here issues are either reopened, or are closed.">Resolved</status>
                    <statusCategory id="3" key="done" colorName="green"/>
                                    <resolution id="8">Complete</resolution>
                                        <assignee username="juergen.hoeller">Juergen Hoeller</assignee>
                                    <reporter username="andriyrosa">Andriy Rosa</reporter>
                        <labels>
                            <label>Performance</label>
                            <label>Synchronized</label>
                    </labels>
                <created>Sat, 22 Sep 2012 01:35:49 +0000</created>
                <updated>Tue, 22 Sep 2015 18:38:34 +0000</updated>
                            <resolved>Thu, 8 Nov 2012 14:15:09 +0000</resolved>
                                    <version>3.1.1</version>
                                    <fixVersion>3.2 RC2</fixVersion>
                                    <component>Core</component>
                    <component>Core:AOP</component>
                        <due></due>
                            <votes>0</votes>
                                    <watches>5</watches>
                                                                <comments>
                            <comment id="84968" author="juergen.hoeller" created="Thu, 8 Nov 2012 14:15:09 +0000"  >&lt;p&gt;We&apos;ve addressed this for 3.2 now, avoiding that singletonObjects lock wherever possible (i.e. just doing an efficient ConcurrentHashMap check).&lt;/p&gt;

&lt;p&gt;Juergen&lt;/p&gt;</comment>
                    </comments>
                <issuelinks>
                            <issuelinktype id="10000">
                    <name>Duplicate</name>
                                                                <inwardlinks description="is duplicated by">
                                        <issuelink>
            <issuekey id="25084">SPR-5360</issuekey>
        </issuelink>
                            </inwardlinks>
                                    </issuelinktype>
                            <issuelinktype id="10151">
                    <name>Relate</name>
                                                                <inwardlinks description="is related to">
                                        <issuelink>
            <issuekey id="38454">SPR-8471</issuekey>
        </issuelink>
            <issuelink>
            <issuekey id="45357">SPR-9780</issuekey>
        </issuelink>
            <issuelink>
            <issuekey id="49291">SPR-10674</issuekey>
        </issuelink>
            <issuelink>
            <issuekey id="59881">SPR-12250</issuekey>
        </issuelink>
                            </inwardlinks>
                                    </issuelinktype>
                    </issuelinks>
                <attachments>
                    </attachments>
                <subtasks>
                    </subtasks>
                <customfields>
                                                <customfield id="customfield_10180" key="com.atlassian.jira.toolkit:dayslastcommented">
                        <customfieldname>Days since last comment</customfieldname>
                        <customfieldvalues>
                                        4 years, 7 weeks ago
    
                        </customfieldvalues>
                    </customfield>
                                                                                            <customfield id="customfield_10170" key="com.atlassian.jira.ext.charting:firstresponsedate">
                        <customfieldname>First Response Date</customfieldname>
                        <customfieldvalues>
                            <customfieldvalue>Thu, 8 Nov 2012 14:15:09 +0000</customfieldvalue>

                        </customfieldvalues>
                    </customfield>
                                                                                            <customfield id="customfield_10181" key="com.atlassian.jira.toolkit:lastusercommented">
                        <customfieldname>Last commented by a User</customfieldname>
                        <customfieldvalues>
                            <customfieldvalue>false</customfieldvalue>
                        </customfieldvalues>
                    </customfield>
                                                                <customfield id="customfield_10182" key="com.atlassian.jira.toolkit:lastupdaterorcommenter">
                        <customfieldname>Last updater</customfieldname>
                        <customfieldvalues>
                            <customfieldvalue>juergen.hoeller</customfieldvalue>

                        </customfieldvalues>
                    </customfield>
                                                                                            <customfield id="customfield_10880" key="com.pyxis.greenhopper.jira:gh-lexo-rank">
                        <customfieldname>Rank</customfieldname>
                        <customfieldvalues>
                            <customfieldvalue>0|i05vaf:</customfieldvalue>

                        </customfieldvalues>
                    </customfield>
                                                                <customfield id="customfield_10380" key="com.pyxis.greenhopper.jira:gh-global-rank">
                        <customfieldname>Rank (Obsolete)</customfieldname>
                        <customfieldvalues>
                            <customfieldvalue>34275</customfieldvalue>
                        </customfieldvalues>
                    </customfield>
                                                                                                                                                    <customfield id="customfield_10171" key="com.atlassian.jira.ext.charting:timeinstatus">
                        <customfieldname>Time in Status</customfieldname>
                        <customfieldvalues>
                            
                        </customfieldvalues>
                    </customfield>
                                                                </customfields>
    </item>
</channel>
</rss>