<!-- 
RSS generated by JIRA (6.4.11#64026-sha1:78f6ec473a3f058bd5d6c30e9319c7ab376bdb9c) at Thu Dec 22 18:39:05 UTC 2016

It is possible to restrict the fields that are returned in this document by specifying the 'field' parameter in your request.
For example, to request only the issue key and summary add field=key&field=summary to the URL of your request.
For example:
https://jira.spring.io/si/jira.issueviews:issue-xml/SPR-5212/SPR-5212.xml?field=key&amp;field=summary
-->
<rss version="0.92" >
<channel>
    <title>Spring JIRA</title>
    <link>https://jira.spring.io</link>
    <description>This file is an XML representation of an issue</description>
    <language>en-uk</language>    <build-info>
        <version>6.4.11</version>
        <build-number>64026</build-number>
        <build-date>25-08-2015</build-date>
    </build-info>

<item>
            <title>[SPR-5212] Class cast exception in AbstractBeanDefinition.getBeanClassName(AbstractBeanDefinition.java:305)</title>
                <link>https://jira.spring.io/browse/SPR-5212</link>
                <project id="10000" key="SPR">Spring Framework</project>
                    <description>&lt;p&gt;This is the worst possible kind of bug report, and so I apologize in advance, but it has only appeared once in production and was not reproducible.   On top of that, the actual case that generates the error seems to be pretty much impossible.  The cast exception you see below, is in this Spring code:&lt;/p&gt;

&lt;p&gt;	/**&lt;/p&gt;
&lt;ul&gt;
	&lt;li&gt;Return the class name of the wrapped bean.&lt;br/&gt;
	 */&lt;br/&gt;
	public String getBeanClassName() 
&lt;div class=&quot;error&quot;&gt;&lt;span class=&quot;error&quot;&gt;Unknown macro: {		if (this.beanClass instanceof Class) {
			return ((Class) this.beanClass).getName();
		}		else {
			return (String) this.beanClass;
		}	}&lt;/span&gt; &lt;/div&gt;&lt;/li&gt;
&lt;/ul&gt;


&lt;p&gt;As you can see the method checks if the field is a Class, and casts to it if it is.  However, in this case below, for some reason, it tried to cast it to a String even though it was a Class.   I don&apos;t know if this is some strange classloading issue, a JVM bug, or what, but I figured you would want to at least see it.&lt;/p&gt;

&lt;p&gt;Stack trace:&lt;br/&gt;
------------------------------&lt;br/&gt;
org.springframework.beans.factory.BeanCreationException: Error creating bean with name &apos;entityModel&apos; defined in class path resource &lt;span class=&quot;error&quot;&gt;&amp;#91;applicationContext-siteresources.xml&amp;#93;&lt;/span&gt;: Initialization of bean failed; nested exception is java.lang.ClassCastException: java.lang.Class cannot be cast to java.lang.String Caused by: java.lang.ClassCastException: java.lang.Class cannot be cast to java.lang.String&lt;br/&gt;
	at org.springframework.beans.factory.support.AbstractBeanDefinition.getBeanClassName(AbstractBeanDefinition.java:311)&lt;br/&gt;
	at org.springframework.beans.factory.support.AbstractBeanDefinition.resolveBeanClass(AbstractBeanDefinition.java:327)&lt;br/&gt;
	at org.springframework.beans.factory.support.AbstractBeanFactory.resolveBeanClass(AbstractBeanFactory.java:1066)&lt;br/&gt;
	at org.springframework.beans.factory.support.AbstractAutowireCapableBeanFactory.createBean(AbstractAutowireCapableBeanFactory.java:349)&lt;br/&gt;
	at org.springframework.beans.factory.support.AbstractBeanFactory.getBean(AbstractBeanFactory.java:270)&lt;br/&gt;
	at org.springframework.beans.factory.support.AbstractBeanFactory.getBean(AbstractBeanFactory.java:160)&lt;br/&gt;
	at org.springframework.beans.factory.support.AbstractAutowireCapableBeanFactory.autowireByName(AbstractAutowireCapableBeanFactory.java:881)&lt;br/&gt;
	at org.springframework.beans.factory.support.AbstractAutowireCapableBeanFactory.populateBean(AbstractAutowireCapableBeanFactory.java:829)&lt;br/&gt;
	at org.springframework.beans.factory.support.AbstractAutowireCapableBeanFactory.createBean(AbstractAutowireCapableBeanFactory.java:424)&lt;br/&gt;
	at org.springframework.beans.factory.support.AbstractBeanFactory.getBean(AbstractBeanFactory.java:270)&lt;br/&gt;
	at org.springframework.beans.factory.support.AbstractBeanFactory.getBean(AbstractBeanFactory.java:229)&lt;br/&gt;
	at org.springframework.beans.factory.support.AbstractBeanFactory.getBean(AbstractBeanFactory.java:160)&lt;br/&gt;
	at org.springframework.context.support.AbstractApplicationContext.getBean(AbstractApplicationContext.java:733)&lt;br/&gt;
	at com.cargurus.site.interceptor.ModelInterceptor.intercept(ModelInterceptor.java:75)&lt;/p&gt;</description>
            <key id="24275">SPR-5212</key>
            <summary>Class cast exception in AbstractBeanDefinition.getBeanClassName(AbstractBeanDefinition.java:305)</summary>
                <type id="1" iconUrl="https://jira.spring.io/images/icons/issuetypes/bug.png">Bug</type>
                                            <priority id="3" iconUrl="https://jira.spring.io/images/icons/priorities/major.png">Major</priority>
                        <status id="5" iconUrl="https://jira.spring.io/images/icons/statuses/resolved.png" description="A resolution has been taken, and it is awaiting verification by reporter. From here issues are either reopened, or are closed.">Resolved</status>
                    <statusCategory id="3" key="done" colorName="green"/>
                                    <resolution id="3">Duplicate</resolution>
                                        <assignee username="juergen.hoeller">Juergen Hoeller</assignee>
                                    <reporter username="marvel_ss">Marvel</reporter>
                        <labels>
                    </labels>
                <created>Sun, 12 Oct 2008 22:38:49 +0000</created>
                <updated>Mon, 13 Oct 2008 07:27:34 +0000</updated>
                            <resolved>Mon, 13 Oct 2008 07:27:34 +0000</resolved>
                                    <version>2.0.5</version>
                                                    <component>Core</component>
                        <due></due>
                            <votes>0</votes>
                                    <watches>0</watches>
                                                                    <issuelinks>
                            <issuelinktype id="10000">
                    <name>Duplicate</name>
                                            <outwardlinks description="duplicates">
                                        <issuelink>
            <issuekey id="24276">SPR-5213</issuekey>
        </issuelink>
                            </outwardlinks>
                                                        </issuelinktype>
                    </issuelinks>
                <attachments>
                    </attachments>
                <subtasks>
                    </subtasks>
                <customfields>
                                                <customfield id="customfield_10180" key="com.atlassian.jira.toolkit:dayslastcommented">
                        <customfieldname>Days since last comment</customfieldname>
                        <customfieldvalues>
                                        8 years, 11 weeks, 3 days ago
    
                        </customfieldvalues>
                    </customfield>
                                                                                                                                                    <customfield id="customfield_10181" key="com.atlassian.jira.toolkit:lastusercommented">
                        <customfieldname>Last commented by a User</customfieldname>
                        <customfieldvalues>
                            <customfieldvalue>true</customfieldvalue>
                        </customfieldvalues>
                    </customfield>
                                                                <customfield id="customfield_10182" key="com.atlassian.jira.toolkit:lastupdaterorcommenter">
                        <customfieldname>Last updater</customfieldname>
                        <customfieldvalues>
                            <customfieldvalue>tmarshall</customfieldvalue>

                        </customfieldvalues>
                    </customfield>
                                                                                            <customfield id="customfield_10880" key="com.pyxis.greenhopper.jira:gh-lexo-rank">
                        <customfieldname>Rank</customfieldname>
                        <customfieldvalues>
                            <customfieldvalue>0|i025q7:</customfieldvalue>

                        </customfieldvalues>
                    </customfield>
                                                                <customfield id="customfield_10380" key="com.pyxis.greenhopper.jira:gh-global-rank">
                        <customfieldname>Rank (Obsolete)</customfieldname>
                        <customfieldvalues>
                            <customfieldvalue>12637</customfieldvalue>
                        </customfieldvalues>
                    </customfield>
                                                                                                                                                    <customfield id="customfield_10171" key="com.atlassian.jira.ext.charting:timeinstatus">
                        <customfieldname>Time in Status</customfieldname>
                        <customfieldvalues>
                            
                        </customfieldvalues>
                    </customfield>
                                                                </customfields>
    </item>
</channel>
</rss>