<!-- 
RSS generated by JIRA (6.4.11#64026-sha1:78f6ec473a3f058bd5d6c30e9319c7ab376bdb9c) at Thu Dec 22 18:54:52 UTC 2016

It is possible to restrict the fields that are returned in this document by specifying the 'field' parameter in your request.
For example, to request only the issue key and summary add field=key&field=summary to the URL of your request.
For example:
https://jira.spring.io/si/jira.issueviews:issue-xml/SPR-2805/SPR-2805.xml?field=key&amp;field=summary
-->
<rss version="0.92" >
<channel>
    <title>Spring JIRA</title>
    <link>https://jira.spring.io</link>
    <description>This file is an XML representation of an issue</description>
    <language>en-uk</language>    <build-info>
        <version>6.4.11</version>
        <build-number>64026</build-number>
        <build-date>25-08-2015</build-date>
    </build-info>

<item>
            <title>[SPR-2805] In AbstractBeanDefinition(AbstractBeanDefinition) constructor property values get copied by value but constructor arguments get copied by reference</title>
                <link>https://jira.spring.io/browse/SPR-2805</link>
                <project id="10000" key="SPR">Spring Framework</project>
                    <description>&lt;p&gt;In the AbstractBeanDefinition(AbstractBeanDefinition) constructor property values are copied by value but constructor argument values are copied by reference.&lt;/p&gt;

&lt;p&gt;When copying a BeanDefinition with this constructor and replacing the copy&apos;s values with BeanDefinitionVisitor the constructor values of the original BeanDefinition are also changed. This may have the unintended side effect that the constructor argument values of a parent BeanDefinition are changed when visiting one of its child BeanDefinitions.&lt;/p&gt;

&lt;p&gt;This is the workaround we used:&lt;/p&gt;

&lt;p&gt;	private void copyConstructorArgumentValuesByValue(ConstructorArgumentValues from, ConstructorArgumentValues to) {&lt;br/&gt;
		to.clear();&lt;br/&gt;
		Map indexedArgumentValues = from.getIndexedArgumentValues();&lt;br/&gt;
		for (Iterator iter = indexedArgumentValues.keySet().iterator(); iter.hasNext()&lt;img class=&quot;emoticon&quot; src=&quot;https://jira.spring.io/images/icons/emoticons/wink.png&quot; height=&quot;16&quot; width=&quot;16&quot; align=&quot;absmiddle&quot; alt=&quot;&quot; border=&quot;0&quot;/&gt; &lt;/p&gt;
{
			Integer key = (Integer) iter.next();
			ValueHolder valueHolder = (ValueHolder) indexedArgumentValues.get(key);
			to.addIndexedArgumentValue(key.intValue(), valueHolder.getValue(), valueHolder.getType());
		}
&lt;p&gt;		List genericArgumentValues = from.getGenericArgumentValues();&lt;br/&gt;
		for (Iterator iter = genericArgumentValues.iterator(); iter.hasNext()&lt;img class=&quot;emoticon&quot; src=&quot;https://jira.spring.io/images/icons/emoticons/wink.png&quot; height=&quot;16&quot; width=&quot;16&quot; align=&quot;absmiddle&quot; alt=&quot;&quot; border=&quot;0&quot;/&gt; &lt;/p&gt;
{
			ValueHolder valueHolder = (ValueHolder) iter.next();
			to.addGenericArgumentValue(valueHolder.getValue(), valueHolder.getType());
		}
&lt;p&gt;	}&lt;/p&gt;</description>
            <key id="15428">SPR-2805</key>
            <summary>In AbstractBeanDefinition(AbstractBeanDefinition) constructor property values get copied by value but constructor arguments get copied by reference</summary>
                <type id="1" iconUrl="https://jira.spring.io/images/icons/issuetypes/bug.png">Bug</type>
                                            <priority id="3" iconUrl="https://jira.spring.io/images/icons/priorities/major.png">Major</priority>
                        <status id="6" iconUrl="https://jira.spring.io/images/icons/statuses/closed.png" description="The issue is considered finished, the resolution is correct. Issues which are not closed can be reopened.">Closed</status>
                    <statusCategory id="3" key="done" colorName="green"/>
                                    <resolution id="1">Fixed</resolution>
                                        <assignee username="juergen.hoeller">Juergen Hoeller</assignee>
                                    <reporter username="devijvers">Steven Devijver</reporter>
                        <labels>
                    </labels>
                <created>Tue, 7 Nov 2006 00:14:22 +0000</created>
                <updated>Tue, 19 Jun 2012 03:50:12 +0000</updated>
                            <resolved>Thu, 9 Nov 2006 00:43:40 +0000</resolved>
                                    <version>1.2.8</version>
                    <version>2.0 final</version>
                                    <fixVersion>2.0.1</fixVersion>
                                    <component>Core</component>
                        <due></due>
                            <votes>0</votes>
                                    <watches>0</watches>
                                                                <comments>
                            <comment id="20691" author="juergen.hoeller" created="Thu, 9 Nov 2006 00:43:40 +0000"  >&lt;p&gt;ConstructorArgumentValues registers copies of original ValueHolders now, in order to hold independent instances that can be modified without side effects.&lt;/p&gt;

&lt;p&gt;Juergen&lt;/p&gt;</comment>
                    </comments>
                    <attachments>
                    </attachments>
                <subtasks>
                    </subtasks>
                <customfields>
                                                <customfield id="customfield_10180" key="com.atlassian.jira.toolkit:dayslastcommented">
                        <customfieldname>Days since last comment</customfieldname>
                        <customfieldvalues>
                                        10 years, 8 weeks ago
    
                        </customfieldvalues>
                    </customfield>
                                                                                            <customfield id="customfield_10170" key="com.atlassian.jira.ext.charting:firstresponsedate">
                        <customfieldname>First Response Date</customfieldname>
                        <customfieldvalues>
                            <customfieldvalue>Thu, 9 Nov 2006 00:43:40 +0000</customfieldvalue>

                        </customfieldvalues>
                    </customfield>
                                                                                            <customfield id="customfield_10181" key="com.atlassian.jira.toolkit:lastusercommented">
                        <customfieldname>Last commented by a User</customfieldname>
                        <customfieldvalues>
                            <customfieldvalue>false</customfieldvalue>
                        </customfieldvalues>
                    </customfield>
                                                                <customfield id="customfield_10182" key="com.atlassian.jira.toolkit:lastupdaterorcommenter">
                        <customfieldname>Last updater</customfieldname>
                        <customfieldvalues>
                            <customfieldvalue>tmarshall</customfieldvalue>

                        </customfieldvalues>
                    </customfield>
                                                                                            <customfield id="customfield_10880" key="com.pyxis.greenhopper.jira:gh-lexo-rank">
                        <customfieldname>Rank</customfieldname>
                        <customfieldvalues>
                            <customfieldvalue>0|i00vc7:</customfieldvalue>

                        </customfieldvalues>
                    </customfield>
                                                                <customfield id="customfield_10380" key="com.pyxis.greenhopper.jira:gh-global-rank">
                        <customfieldname>Rank (Obsolete)</customfieldname>
                        <customfieldvalues>
                            <customfieldvalue>5122</customfieldvalue>
                        </customfieldvalues>
                    </customfield>
                                                                                                                                                    <customfield id="customfield_10171" key="com.atlassian.jira.ext.charting:timeinstatus">
                        <customfieldname>Time in Status</customfieldname>
                        <customfieldvalues>
                            
                        </customfieldvalues>
                    </customfield>
                                                                </customfields>
    </item>
</channel>
</rss>