<!-- 
RSS generated by JIRA (6.4.11#64026-sha1:78f6ec473a3f058bd5d6c30e9319c7ab376bdb9c) at Thu Dec 22 21:19:44 UTC 2016

It is possible to restrict the fields that are returned in this document by specifying the 'field' parameter in your request.
For example, to request only the issue key and summary add field=key&field=summary to the URL of your request.
For example:
https://jira.spring.io/si/jira.issueviews:issue-xml/SPR-7004/SPR-7004.xml?field=key&amp;field=summary
-->
<rss version="0.92" >
<channel>
    <title>Spring JIRA</title>
    <link>https://jira.spring.io</link>
    <description>This file is an XML representation of an issue</description>
    <language>en-uk</language>    <build-info>
        <version>6.4.11</version>
        <build-number>64026</build-number>
        <build-date>25-08-2015</build-date>
    </build-info>

<item>
            <title>[SPR-7004] CronTrigger is not triggered at correct time</title>
                <link>https://jira.spring.io/browse/SPR-7004</link>
                <project id="10000" key="SPR">Spring Framework</project>
                    <description>&lt;p&gt;When running CronTrigger on short interval I get the task triggered sooner then requested and also get duplicates.&lt;/p&gt;

&lt;p&gt;public void initScheduler() {&lt;br/&gt;
    	System.out.println(&quot;Got initScheduler&quot;);&lt;br/&gt;
    	taskExecutor = new ThreadPoolTaskScheduler();&lt;br/&gt;
    	taskExecutor.initialize();&lt;/p&gt;

&lt;p&gt;    	taskExecutor.schedule(new Runnable() {&lt;/p&gt;

&lt;p&gt;			@Override&lt;br/&gt;
			public void run() &lt;/p&gt;
{
				System.out.println(new Date());				
			}
&lt;p&gt;		},new CronTrigger(&quot;0/5 * * * * ?&quot;));&lt;br/&gt;
}  &lt;/p&gt;


&lt;p&gt;The output is:&lt;br/&gt;
Got initScheduler&lt;br/&gt;
Thu Mar 18 17:08:19 IST 2010&lt;br/&gt;
Thu Mar 18 17:08:24 IST 2010&lt;br/&gt;
Thu Mar 18 17:08:24 IST 2010&lt;br/&gt;
Thu Mar 18 17:08:25 IST 2010&lt;br/&gt;
Thu Mar 18 17:08:29 IST 2010&lt;br/&gt;
Thu Mar 18 17:08:30 IST 2010&lt;/p&gt;</description>
            <key id="30651">SPR-7004</key>
            <summary>CronTrigger is not triggered at correct time</summary>
                <type id="1" iconUrl="https://jira.spring.io/images/icons/issuetypes/bug.png">Bug</type>
                                            <priority id="3" iconUrl="https://jira.spring.io/images/icons/priorities/major.png">Major</priority>
                        <status id="6" iconUrl="https://jira.spring.io/images/icons/statuses/closed.png" description="The issue is considered finished, the resolution is correct. Issues which are not closed can be reopened.">Closed</status>
                    <statusCategory id="3" key="done" colorName="green"/>
                                    <resolution id="8">Complete</resolution>
                                        <assignee username="juergen.hoeller">Juergen Hoeller</assignee>
                                    <reporter username="aofry">adi ofry</reporter>
                        <labels>
                    </labels>
                <created>Thu, 18 Mar 2010 03:24:23 +0000</created>
                <updated>Tue, 19 Jun 2012 03:44:18 +0000</updated>
                            <resolved>Wed, 26 May 2010 07:35:43 +0000</resolved>
                                    <version>3.0.1</version>
                                    <fixVersion>3.0.3</fixVersion>
                                    <component>Core</component>
                        <due></due>
                            <votes>0</votes>
                                    <watches>2</watches>
                                                                <comments>
                            <comment id="52555" author="juergen.hoeller" created="Tue, 30 Mar 2010 20:10:53 +0000"  >&lt;p&gt;I can&apos;t reproduce this, unfortunately: Even on Windows XP and JDK 1.6.0, CronTrigger fires exactly every 5 minutes for me. Are there any special characteristics of your environment which might influence the triggering here?&lt;/p&gt;

&lt;p&gt;Juergen&lt;/p&gt;</comment>
                            <comment id="53154" author="aofry" created="Wed, 21 Apr 2010 17:56:45 +0000"  >&lt;p&gt;My colleague reproduced it on windows machine. It doesn&apos;t happen on our Linux server.&lt;br/&gt;
It doesn&apos;t happen in every one, and notice it&apos;s 5 sec not minutes.&lt;br/&gt;
I also tested your calculation for next scheduling time which works fine, although scheduling itself is wrong. maybe its a JDK bug?&lt;/p&gt;</comment>
                            <comment id="53875" author="gabriel.forro" created="Mon, 17 May 2010 19:30:51 +0000"  >&lt;p&gt;Recently I have played with the TaskScheduler and I have met this reported bug in the CronTrigger also. Task executions are duplicated (even triplicated) in a non deterministic way. The following rules can be applied:&lt;/p&gt;
&lt;ul class=&quot;alternate&quot; type=&quot;square&quot;&gt;
	&lt;li&gt;The problem is tied to short scheduled periods (5 seconds for example)&lt;/li&gt;
	&lt;li&gt;The problem is present, if the task is very short (in my example the scheduled task just printed a message to the console). A &apos;Thread.sleep(3000)&apos; call in the scheduled task prevents the task execution duplications.&lt;/li&gt;
&lt;/ul&gt;


&lt;p&gt;Comments to different environments, which I have tried:&lt;/p&gt;
&lt;ul class=&quot;alternate&quot; type=&quot;square&quot;&gt;
	&lt;li&gt;The problem does not occur in Linux. I have tried Red Hat Enterprise with Kernel 2.6.9-78.0.8.EL with Java 1.5.0_16&lt;/li&gt;
	&lt;li&gt;The problem occurs in Windows XP SP3. I have tried the following Java versions: 1.5.0_12-b04, 16.2-b04 (JDK 6 update 19). There are more task duplications in JDK 6.&lt;/li&gt;
&lt;/ul&gt;


&lt;p&gt;I have attached a simple project (spr-7004.zip), which demonstrates the problem.&lt;/p&gt;
</comment>
                            <comment id="53876" author="gabriel.forro" created="Mon, 17 May 2010 19:31:31 +0000"  >&lt;p&gt;Simple project which demonstrates spr-7004&lt;/p&gt;</comment>
                            <comment id="53982" author="croudet" created="Fri, 21 May 2010 04:25:47 +0000"  >&lt;p&gt;It happens when the task last less than one second, then you can have TriggerContext.lastActualExecutionTime and TriggerContext.lastActualExecutionTime equals seconds wise.&lt;br/&gt;
So I think, in CronTrigger.nextExecutionTime() you should add 1 second to the new Date if this date is equals to the TriggerContext.lastActualExecutionTime.&lt;/p&gt;

&lt;p/&gt;
&lt;div id=&quot;syntaxplugin&quot; class=&quot;syntaxplugin&quot; style=&quot;border: 1px dashed #bbb; border-radius: 5px !important; overflow: auto; max-height: 30em;&quot;&gt;
&lt;table cellspacing=&quot;0&quot; cellpadding=&quot;0&quot; border=&quot;0&quot; width=&quot;100%&quot; style=&quot;font-size: 1em; line-height: 1.4em !important; font-weight: normal; font-style: normal; color: black;&quot;&gt;
		&lt;tbody &gt;
				&lt;tr id=&quot;syntaxplugin_code_and_gutter&quot;&gt;
						&lt;td  style=&quot; line-height: 1.4em !important; padding: 0em; vertical-align: top;&quot;&gt;
					&lt;pre style=&quot;font-size: 1em; margin: 0 10px;  margin-top: 10px;   width: auto; padding: 0;&quot;&gt;&lt;span style=&quot;color: black; font-family: &apos;Consolas&apos;, &apos;Bitstream Vera Sans Mono&apos;, &apos;Courier New&apos;, Courier, monospace !important;&quot;&gt;public Date nextExecutionTime(TriggerContext triggerContext) {&lt;/span&gt;&lt;/pre&gt;
			&lt;/td&gt;
		&lt;/tr&gt;
				&lt;tr id=&quot;syntaxplugin_code_and_gutter&quot;&gt;
						&lt;td  style=&quot; line-height: 1.4em !important; padding: 0em; vertical-align: top;&quot;&gt;
					&lt;pre style=&quot;font-size: 1em; margin: 0 10px;   width: auto; padding: 0;&quot;&gt;&lt;span style=&quot;color: black; font-family: &apos;Consolas&apos;, &apos;Bitstream Vera Sans Mono&apos;, &apos;Courier New&apos;, Courier, monospace !important;&quot;&gt;  Date date = triggerContext.lastCompletionTime();&lt;/span&gt;&lt;/pre&gt;
			&lt;/td&gt;
		&lt;/tr&gt;
				&lt;tr id=&quot;syntaxplugin_code_and_gutter&quot;&gt;
						&lt;td  style=&quot; line-height: 1.4em !important; padding: 0em; vertical-align: top;&quot;&gt;
					&lt;pre style=&quot;font-size: 1em; margin: 0 10px;   width: auto; padding: 0;&quot;&gt;&lt;span style=&quot;color: black; font-family: &apos;Consolas&apos;, &apos;Bitstream Vera Sans Mono&apos;, &apos;Courier New&apos;, Courier, monospace !important;&quot;&gt;  if (date == null) {&lt;/span&gt;&lt;/pre&gt;
			&lt;/td&gt;
		&lt;/tr&gt;
				&lt;tr id=&quot;syntaxplugin_code_and_gutter&quot;&gt;
						&lt;td  style=&quot; line-height: 1.4em !important; padding: 0em; vertical-align: top;&quot;&gt;
					&lt;pre style=&quot;font-size: 1em; margin: 0 10px;   width: auto; padding: 0;&quot;&gt;&lt;span style=&quot;color: black; font-family: &apos;Consolas&apos;, &apos;Bitstream Vera Sans Mono&apos;, &apos;Courier New&apos;, Courier, monospace !important;&quot;&gt;    date = new Date();&lt;/span&gt;&lt;/pre&gt;
			&lt;/td&gt;
		&lt;/tr&gt;
				&lt;tr id=&quot;syntaxplugin_code_and_gutter&quot;&gt;
						&lt;td  style=&quot; line-height: 1.4em !important; padding: 0em; vertical-align: top;&quot;&gt;
					&lt;pre style=&quot;font-size: 1em; margin: 0 10px;   width: auto; padding: 0;&quot;&gt;&lt;span style=&quot;color: black; font-family: &apos;Consolas&apos;, &apos;Bitstream Vera Sans Mono&apos;, &apos;Courier New&apos;, Courier, monospace !important;&quot;&gt;  } else if ((triggerContext.lastActualExecutionTime() != null) &amp;amp;&amp;amp;&lt;/span&gt;&lt;/pre&gt;
			&lt;/td&gt;
		&lt;/tr&gt;
				&lt;tr id=&quot;syntaxplugin_code_and_gutter&quot;&gt;
						&lt;td  style=&quot; line-height: 1.4em !important; padding: 0em; vertical-align: top;&quot;&gt;
					&lt;pre style=&quot;font-size: 1em; margin: 0 10px;   width: auto; padding: 0;&quot;&gt;&lt;span style=&quot;color: black; font-family: &apos;Consolas&apos;, &apos;Bitstream Vera Sans Mono&apos;, &apos;Courier New&apos;, Courier, monospace !important;&quot;&gt;   (triggerContext.lastActualExecutionTime().getTime()/1000 == date.getTime()/1000)) {&lt;/span&gt;&lt;/pre&gt;
			&lt;/td&gt;
		&lt;/tr&gt;
				&lt;tr id=&quot;syntaxplugin_code_and_gutter&quot;&gt;
						&lt;td  style=&quot; line-height: 1.4em !important; padding: 0em; vertical-align: top;&quot;&gt;
					&lt;pre style=&quot;font-size: 1em; margin: 0 10px;   width: auto; padding: 0;&quot;&gt;&lt;span style=&quot;color: black; font-family: &apos;Consolas&apos;, &apos;Bitstream Vera Sans Mono&apos;, &apos;Courier New&apos;, Courier, monospace !important;&quot;&gt;    date = new Date(date.getTime()+1000);&lt;/span&gt;&lt;/pre&gt;
			&lt;/td&gt;
		&lt;/tr&gt;
				&lt;tr id=&quot;syntaxplugin_code_and_gutter&quot;&gt;
						&lt;td  style=&quot; line-height: 1.4em !important; padding: 0em; vertical-align: top;&quot;&gt;
					&lt;pre style=&quot;font-size: 1em; margin: 0 10px;   width: auto; padding: 0;&quot;&gt;&lt;span style=&quot;color: black; font-family: &apos;Consolas&apos;, &apos;Bitstream Vera Sans Mono&apos;, &apos;Courier New&apos;, Courier, monospace !important;&quot;&gt;  }&lt;/span&gt;&lt;/pre&gt;
			&lt;/td&gt;
		&lt;/tr&gt;
				&lt;tr id=&quot;syntaxplugin_code_and_gutter&quot;&gt;
						&lt;td  style=&quot; line-height: 1.4em !important; padding: 0em; vertical-align: top;&quot;&gt;
					&lt;pre style=&quot;font-size: 1em; margin: 0 10px;   width: auto; padding: 0;&quot;&gt;&lt;span style=&quot;color: black; font-family: &apos;Consolas&apos;, &apos;Bitstream Vera Sans Mono&apos;, &apos;Courier New&apos;, Courier, monospace !important;&quot;&gt;  return this.sequenceGenerator.next(date);&lt;/span&gt;&lt;/pre&gt;
			&lt;/td&gt;
		&lt;/tr&gt;
				&lt;tr id=&quot;syntaxplugin_code_and_gutter&quot;&gt;
						&lt;td  style=&quot; line-height: 1.4em !important; padding: 0em; vertical-align: top;&quot;&gt;
					&lt;pre style=&quot;font-size: 1em; margin: 0 10px;   margin-bottom: 10px;  width: auto; padding: 0;&quot;&gt;&lt;span style=&quot;color: black; font-family: &apos;Consolas&apos;, &apos;Bitstream Vera Sans Mono&apos;, &apos;Courier New&apos;, Courier, monospace !important;&quot;&gt;}&lt;/span&gt;&lt;/pre&gt;
			&lt;/td&gt;
		&lt;/tr&gt;
			&lt;/tbody&gt;
&lt;/table&gt;
&lt;/div&gt;
&lt;p/&gt;</comment>
                            <comment id="54039" author="juergen.hoeller" created="Tue, 25 May 2010 22:46:44 +0000"  >&lt;p&gt;Hmm, CronSequenceGenerator increases the incoming date to the next full second already:&lt;/p&gt;

&lt;p&gt;  calendar.add(Calendar.SECOND, 1);&lt;br/&gt;
  calendar.set(Calendar.MILLISECOND, 0);&lt;/p&gt;

&lt;p&gt;This should prevent double-fires for the same second as-is, shouldn&apos;t it.&lt;br/&gt;
Are we having a timezone problem here, or some other reason why Calendar would misbehave?&lt;/p&gt;

&lt;p&gt;Juergen&lt;/p&gt;</comment>
                            <comment id="54043" author="croudet" created="Wed, 26 May 2010 01:04:15 +0000"  >&lt;p&gt;You are right for the adjustment to the next second.&lt;/p&gt;

&lt;p&gt;It looks like the job can be fired a few milliseconds before its scheduled time, so it can also ends before its scheduled time.&lt;br/&gt;
I think it&apos;s a precision problem on windows.&lt;br/&gt;
Making sure that lastCompletionTime is greater or equals to scheduledExecutionTime in CronTrigger.nextExecutionTime() may solve the problem.&lt;/p&gt;</comment>
                            <comment id="54051" author="juergen.hoeller" created="Wed, 26 May 2010 07:35:43 +0000"  >&lt;p&gt;Good catch! lastCompletionTime being before lastScheduledExecutionTime might well be the problem here, and certainly explains the observations above. I&apos;ve also been able to reproduce the effect by artifically running tasks too early.&lt;/p&gt;

&lt;p&gt;As a consequence, CronTrigger defensively protects itself against accidental re-fires if the previous task ran too early now. This will be available in tomorrow&apos;s 3.0.3 snapshot; feel free to give it an early try...&lt;/p&gt;

&lt;p&gt;Juergen&lt;/p&gt;</comment>
                    </comments>
                <issuelinks>
                            <issuelinktype id="10000">
                    <name>Duplicate</name>
                                                                <inwardlinks description="is duplicated by">
                                        <issuelink>
            <issuekey id="30585">SPR-6981</issuekey>
        </issuelink>
                            </inwardlinks>
                                    </issuelinktype>
                            <issuelinktype id="10020">
                    <name>Related</name>
                                            <outwardlinks description="is related to">
                                        <issuelink>
            <issuekey id="30157">SPR-6859</issuekey>
        </issuelink>
                            </outwardlinks>
                                                        </issuelinktype>
                    </issuelinks>
                <attachments>
                            <attachment id="16565" name="spr-7004.zip" size="8163" author="gabriel.forro" created="Mon, 17 May 2010 19:31:31 +0000"/>
                    </attachments>
                <subtasks>
                    </subtasks>
                <customfields>
                                                <customfield id="customfield_10180" key="com.atlassian.jira.toolkit:dayslastcommented">
                        <customfieldname>Days since last comment</customfieldname>
                        <customfieldvalues>
                                        6 years, 31 weeks, 1 day ago
    
                        </customfieldvalues>
                    </customfield>
                                                                                            <customfield id="customfield_10170" key="com.atlassian.jira.ext.charting:firstresponsedate">
                        <customfieldname>First Response Date</customfieldname>
                        <customfieldvalues>
                            <customfieldvalue>Tue, 30 Mar 2010 20:10:53 +0000</customfieldvalue>

                        </customfieldvalues>
                    </customfield>
                                                                                            <customfield id="customfield_10181" key="com.atlassian.jira.toolkit:lastusercommented">
                        <customfieldname>Last commented by a User</customfieldname>
                        <customfieldvalues>
                            <customfieldvalue>false</customfieldvalue>
                        </customfieldvalues>
                    </customfield>
                                                                <customfield id="customfield_10182" key="com.atlassian.jira.toolkit:lastupdaterorcommenter">
                        <customfieldname>Last updater</customfieldname>
                        <customfieldvalues>
                            <customfieldvalue>tmarshall</customfieldvalue>

                        </customfieldvalues>
                    </customfield>
                                                                                            <customfield id="customfield_10880" key="com.pyxis.greenhopper.jira:gh-lexo-rank">
                        <customfieldname>Rank</customfieldname>
                        <customfieldvalues>
                            <customfieldvalue>0|i031q7:</customfieldvalue>

                        </customfieldvalues>
                    </customfield>
                                                                <customfield id="customfield_10380" key="com.pyxis.greenhopper.jira:gh-global-rank">
                        <customfieldname>Rank (Obsolete)</customfieldname>
                        <customfieldvalues>
                            <customfieldvalue>17822</customfieldvalue>
                        </customfieldvalues>
                    </customfield>
                                                                                                                                                    <customfield id="customfield_10171" key="com.atlassian.jira.ext.charting:timeinstatus">
                        <customfieldname>Time in Status</customfieldname>
                        <customfieldvalues>
                            
                        </customfieldvalues>
                    </customfield>
                                                                </customfields>
    </item>
</channel>
</rss>