<!-- 
RSS generated by JIRA (6.4.11#64026-sha1:78f6ec473a3f058bd5d6c30e9319c7ab376bdb9c) at Thu Dec 22 20:06:19 UTC 2016

It is possible to restrict the fields that are returned in this document by specifying the 'field' parameter in your request.
For example, to request only the issue key and summary add field=key&field=summary to the URL of your request.
For example:
https://jira.spring.io/si/jira.issueviews:issue-xml/SPR-8124/SPR-8124.xml?field=key&amp;field=summary
-->
<rss version="0.92" >
<channel>
    <title>Spring JIRA</title>
    <link>https://jira.spring.io</link>
    <description>This file is an XML representation of an issue</description>
    <language>en-uk</language>    <build-info>
        <version>6.4.11</version>
        <build-number>64026</build-number>
        <build-date>25-08-2015</build-date>
    </build-info>

<item>
            <title>[SPR-8124] @ExceptionHandler doesn&apos;t handle exceptions from other controllers</title>
                <link>https://jira.spring.io/browse/SPR-8124</link>
                <project id="10000" key="SPR">Spring Framework</project>
                    <description>&lt;p&gt;The fact that a method annotated with @ExceptionHandler can only handle exceptions from the same controller is a restrictive issue. The better behavior would be if the annotated method would be able to handle all exceptions of that particular type, regardless of their source. &lt;/p&gt;</description>
            <key id="37144">SPR-8124</key>
            <summary>@ExceptionHandler doesn&apos;t handle exceptions from other controllers</summary>
                <type id="4" iconUrl="https://jira.spring.io/images/icons/issuetypes/improvement.png">Improvement</type>
                                            <priority id="3" iconUrl="https://jira.spring.io/images/icons/priorities/major.png">Major</priority>
                        <status id="5" iconUrl="https://jira.spring.io/images/icons/statuses/resolved.png" description="A resolution has been taken, and it is awaiting verification by reporter. From here issues are either reopened, or are closed.">Resolved</status>
                    <statusCategory id="3" key="done" colorName="green"/>
                                    <resolution id="3">Duplicate</resolution>
                                        <assignee username="rstoya05-aop">Rossen Stoyanchev</assignee>
                                    <reporter username="eugenparaschiv">Eugen Paraschiv</reporter>
                        <labels>
                    </labels>
                <created>Thu, 31 Mar 2011 12:30:42 +0000</created>
                <updated>Tue, 19 Jun 2012 02:28:20 +0000</updated>
                            <resolved>Fri, 17 Jun 2011 06:20:56 +0000</resolved>
                                                                    <component>Web</component>
                        <due></due>
                            <votes>0</votes>
                                    <watches>2</watches>
                                                                <comments>
                            <comment id="67520" author="rstoya05-aop" created="Fri, 17 Jun 2011 06:20:18 +0000"  >&lt;p&gt;I am resolving as duplicate of &lt;a href=&quot;https://jira.spring.io/browse/SPR-7278&quot; title=&quot;@ResponseBody usage limitations&quot; class=&quot;issue-link&quot; data-issue-key=&quot;SPR-7278&quot;&gt;&lt;del&gt;SPR-7278&lt;/del&gt;&lt;/a&gt;. See the discussion under that issue. Note that the provided extension hook in the new ExceptionHandlerExceptionResolver that allows you to contribute @ExceptionHandler methods to all controllers. A simpler approach however would be to have a HandlerExceptionResolver (similar to DefaultHandlerExceptionResolver).&lt;/p&gt;
</comment>
                    </comments>
                <issuelinks>
                            <issuelinktype id="10000">
                    <name>Duplicate</name>
                                            <outwardlinks description="duplicates">
                                        <issuelink>
            <issuekey id="31735">SPR-7278</issuekey>
        </issuelink>
                            </outwardlinks>
                                                                <inwardlinks description="is duplicated by">
                                        <issuelink>
            <issuekey id="37240">SPR-8178</issuekey>
        </issuelink>
                            </inwardlinks>
                                    </issuelinktype>
                    </issuelinks>
                <attachments>
                    </attachments>
                <subtasks>
                    </subtasks>
                <customfields>
                                                <customfield id="customfield_10180" key="com.atlassian.jira.toolkit:dayslastcommented">
                        <customfieldname>Days since last comment</customfieldname>
                        <customfieldvalues>
                                        5 years, 27 weeks, 6 days ago
    
                        </customfieldvalues>
                    </customfield>
                                                                                            <customfield id="customfield_10170" key="com.atlassian.jira.ext.charting:firstresponsedate">
                        <customfieldname>First Response Date</customfieldname>
                        <customfieldvalues>
                            <customfieldvalue>Fri, 17 Jun 2011 06:20:18 +0000</customfieldvalue>

                        </customfieldvalues>
                    </customfield>
                                                                                            <customfield id="customfield_10181" key="com.atlassian.jira.toolkit:lastusercommented">
                        <customfieldname>Last commented by a User</customfieldname>
                        <customfieldvalues>
                            <customfieldvalue>false</customfieldvalue>
                        </customfieldvalues>
                    </customfield>
                                                                <customfield id="customfield_10182" key="com.atlassian.jira.toolkit:lastupdaterorcommenter">
                        <customfieldname>Last updater</customfieldname>
                        <customfieldvalues>
                            <customfieldvalue>tmarshall</customfieldvalue>

                        </customfieldvalues>
                    </customfield>
                                                                                            <customfield id="customfield_10880" key="com.pyxis.greenhopper.jira:gh-lexo-rank">
                        <customfieldname>Rank</customfieldname>
                        <customfieldvalues>
                            <customfieldvalue>0|i00p5r:</customfieldvalue>

                        </customfieldvalues>
                    </customfield>
                                                                <customfield id="customfield_10380" key="com.pyxis.greenhopper.jira:gh-global-rank">
                        <customfieldname>Rank (Obsolete)</customfieldname>
                        <customfieldvalues>
                            <customfieldvalue>4121</customfieldvalue>
                        </customfieldvalues>
                    </customfield>
                                                                                                                                                    <customfield id="customfield_10171" key="com.atlassian.jira.ext.charting:timeinstatus">
                        <customfieldname>Time in Status</customfieldname>
                        <customfieldvalues>
                            
                        </customfieldvalues>
                    </customfield>
                                                                </customfields>
    </item>
</channel>
</rss>