<!-- 
RSS generated by JIRA (6.4.11#64026-sha1:78f6ec473a3f058bd5d6c30e9319c7ab376bdb9c) at Thu Dec 22 19:56:43 UTC 2016

It is possible to restrict the fields that are returned in this document by specifying the 'field' parameter in your request.
For example, to request only the issue key and summary add field=key&field=summary to the URL of your request.
For example:
https://jira.spring.io/si/jira.issueviews:issue-xml/SPR-952/SPR-952.xml?field=key&amp;field=summary
-->
<rss version="0.92" >
<channel>
    <title>Spring JIRA</title>
    <link>https://jira.spring.io</link>
    <description>This file is an XML representation of an issue</description>
    <language>en-uk</language>    <build-info>
        <version>6.4.11</version>
        <build-number>64026</build-number>
        <build-date>25-08-2015</build-date>
    </build-info>

<item>
            <title>[SPR-952] Actions no long wired with message sources</title>
                <link>https://jira.spring.io/browse/SPR-952</link>
                <project id="10000" key="SPR">Spring Framework</project>
                    <description>&lt;p&gt;Autowiring of actions no longer wires up MessageSource.  This was working a little while ago, but the latest sync breaks it.  Stepping through the source shows MessageSource is explictly excluded from autowiring (handled separately by application context?)  Not sure what changed to break it, but something in the past 2 weeks or so...&lt;/p&gt;


</description>
            <key id="11574">SPR-952</key>
            <summary>Actions no long wired with message sources</summary>
                <type id="1" iconUrl="https://jira.spring.io/images/icons/issuetypes/bug.png">Bug</type>
                                            <priority id="3" iconUrl="https://jira.spring.io/images/icons/priorities/major.png">Major</priority>
                        <status id="6" iconUrl="https://jira.spring.io/images/icons/statuses/closed.png" description="The issue is considered finished, the resolution is correct. Issues which are not closed can be reopened.">Closed</status>
                    <statusCategory id="3" key="done" colorName="green"/>
                                    <resolution id="1">Fixed</resolution>
                                        <assignee username="juergen.hoeller">Juergen Hoeller</assignee>
                                    <reporter username="sqrrrl">Steven Bazyl</reporter>
                        <labels>
                    </labels>
                <created>Sun, 15 May 2005 14:46:45 +0000</created>
                <updated>Wed, 18 May 2005 19:57:45 +0000</updated>
                            <resolved>Wed, 18 May 2005 19:57:45 +0000</resolved>
                                                    <fixVersion>1.2.1</fixVersion>
                                    <component>Core</component>
                        <due></due>
                            <votes>0</votes>
                                    <watches>1</watches>
                                                                <comments>
                            <comment id="13249" author="daneverton" created="Tue, 17 May 2005 00:45:21 +0000"  >&lt;p&gt;I don&apos;t think this is limited to Spring webflow. We have a few autowire byName beans that rely on MessageSource implementations and they do not work with Spring 1.2. The setter for the property relying on the MessageSource is never called. This worked fine in RC2.&lt;/p&gt;</comment>
                            <comment id="13269" author="juergen.hoeller" created="Wed, 18 May 2005 04:44:34 +0000"  >&lt;p&gt;I can confirm that this a core issue: dependencies of type MessageSource are ignored as of Spring 1.2 final, which was intended for to avoid dependency checking failure in case of a MessageSourceAware bean.&lt;/p&gt;

&lt;p&gt;The side effect on autowiring was not deliberate, actually: unfortunately, an ignored dependency type is ignored there too... I&apos;ll have a look at fixing this in the coming days.&lt;/p&gt;

&lt;p&gt;A workaround for the time being is either to explicitly wire that property, or to let your bean implement Spring&apos;s MessageSourceAware interface (which defined exactly a setMessageSource method).&lt;/p&gt;

&lt;p&gt;Juergen&lt;/p&gt;</comment>
                            <comment id="13283" author="juergen.hoeller" created="Wed, 18 May 2005 19:57:45 +0000"  >&lt;p&gt;I&apos;ve fixed this through introducing &quot;ignored dependency interfaces&quot; in addition to the existing &quot;ignored dependency types&quot;. An ApplicationContext registers ApplicationContextAware, MessageSourceAware, etc as &quot;ignored dependency interfaces&quot; now, ignoring any setter methods defined there. Setters that are not defined by these interfaces are still satisfied, even if their type is an ApplicationContext, MessageSource, etc.&lt;/p&gt;

&lt;p&gt;Juergen&lt;/p&gt;</comment>
                    </comments>
                    <attachments>
                    </attachments>
                <subtasks>
                    </subtasks>
                <customfields>
                                                <customfield id="customfield_10180" key="com.atlassian.jira.toolkit:dayslastcommented">
                        <customfieldname>Days since last comment</customfieldname>
                        <customfieldvalues>
                                        11 years, 33 weeks ago
    
                        </customfieldvalues>
                    </customfield>
                                                                                            <customfield id="customfield_10170" key="com.atlassian.jira.ext.charting:firstresponsedate">
                        <customfieldname>First Response Date</customfieldname>
                        <customfieldvalues>
                            <customfieldvalue>Tue, 17 May 2005 00:45:21 +0000</customfieldvalue>

                        </customfieldvalues>
                    </customfield>
                                                                                            <customfield id="customfield_10181" key="com.atlassian.jira.toolkit:lastusercommented">
                        <customfieldname>Last commented by a User</customfieldname>
                        <customfieldvalues>
                            <customfieldvalue>false</customfieldvalue>
                        </customfieldvalues>
                    </customfield>
                                                                <customfield id="customfield_10182" key="com.atlassian.jira.toolkit:lastupdaterorcommenter">
                        <customfieldname>Last updater</customfieldname>
                        <customfieldvalues>
                            <customfieldvalue>tmarshall</customfieldvalue>

                        </customfieldvalues>
                    </customfield>
                                                                                            <customfield id="customfield_10880" key="com.pyxis.greenhopper.jira:gh-lexo-rank">
                        <customfieldname>Rank</customfieldname>
                        <customfieldvalues>
                            <customfieldvalue>0|i04wyv:</customfieldvalue>

                        </customfieldvalues>
                    </customfield>
                                                                <customfield id="customfield_10380" key="com.pyxis.greenhopper.jira:gh-global-rank">
                        <customfieldname>Rank (Obsolete)</customfieldname>
                        <customfieldvalues>
                            <customfieldvalue>28715</customfieldvalue>
                        </customfieldvalues>
                    </customfield>
                                                                                                                                                    <customfield id="customfield_10171" key="com.atlassian.jira.ext.charting:timeinstatus">
                        <customfieldname>Time in Status</customfieldname>
                        <customfieldvalues>
                            
                        </customfieldvalues>
                    </customfield>
                                                                </customfields>
    </item>
</channel>
</rss>