<!-- 
RSS generated by JIRA (6.4.11#64026-sha1:78f6ec473a3f058bd5d6c30e9319c7ab376bdb9c) at Thu Dec 22 20:42:43 UTC 2016

It is possible to restrict the fields that are returned in this document by specifying the 'field' parameter in your request.
For example, to request only the issue key and summary add field=key&field=summary to the URL of your request.
For example:
https://jira.spring.io/si/jira.issueviews:issue-xml/SPR-1665/SPR-1665.xml?field=key&amp;field=summary
-->
<rss version="0.92" >
<channel>
    <title>Spring JIRA</title>
    <link>https://jira.spring.io</link>
    <description>This file is an XML representation of an issue</description>
    <language>en-uk</language>    <build-info>
        <version>6.4.11</version>
        <build-number>64026</build-number>
        <build-date>25-08-2015</build-date>
    </build-info>

<item>
            <title>[SPR-1665] Incorrect prototype bean creation process - autoproxy doesn&apos;t work.</title>
                <link>https://jira.spring.io/browse/SPR-1665</link>
                <project id="10000" key="SPR">Spring Framework</project>
                    <description>&lt;p&gt;AbstractBeanFactory-&amp;gt;getBean&lt;/p&gt;

&lt;p&gt;The method incorrectly creates instance of the bean in case it is the prototype:&lt;br/&gt;
...&lt;br/&gt;
else &lt;/p&gt;
{

// It&apos;s a prototype -&amp;gt; create a new instance.

bean = createBean(name, mergedBeanDefinition, args);

}
&lt;p&gt;...&lt;/p&gt;

&lt;p&gt;There is passed the variable &apos;name&apos; instead of transformed &apos;beanName&apos;.&lt;br/&gt;
The result is that the  BeanNameAutoProxyCreator doesn&apos;t work properly.&lt;/p&gt;

&lt;p&gt;Example:&lt;br/&gt;
  &amp;lt;bean id=&quot;autoProxyCreator&quot; class=&quot;org.springframework.aop.framework.autoproxy.BeanNameAutoProxyCreator&quot;&amp;gt;&lt;br/&gt;
    &amp;lt;property name=&quot;proxyTargetClass&quot;&amp;gt;&amp;lt;value&amp;gt;true&amp;lt;/value&amp;gt;&amp;lt;/property&amp;gt;&lt;br/&gt;
    &amp;lt;property name=&quot;interceptorNames&quot;&amp;gt;&lt;br/&gt;
      &amp;lt;list&amp;gt;&lt;br/&gt;
        &amp;lt;value&amp;gt;transactionInterceptor&amp;lt;/value&amp;gt;&lt;br/&gt;
        &amp;lt;value&amp;gt;systemHibernateInterceptor&amp;lt;/value&amp;gt;&lt;br/&gt;
        &amp;lt;value&amp;gt;endoHibernateInterceptor&amp;lt;/value&amp;gt;&lt;br/&gt;
      &amp;lt;/list&amp;gt;&lt;br/&gt;
    &amp;lt;/property&amp;gt;&lt;br/&gt;
    &amp;lt;property name=&quot;beanNames&quot;&amp;gt;&lt;br/&gt;
      &amp;lt;list&amp;gt;&lt;br/&gt;
        &amp;lt;value&amp;gt;*Action&amp;lt;/value&amp;gt;&lt;br/&gt;
      &amp;lt;/list&amp;gt;      &lt;br/&gt;
    &amp;lt;/property&amp;gt;&lt;br/&gt;
  &amp;lt;/bean&amp;gt;&lt;/p&gt;

&lt;p&gt;  &amp;lt;bean id=&quot;showListAction&quot; name=&quot;/showList&quot; class=&quot;com.gni.genibase.web.action.ShowList&quot; singleton=&quot;false&quot;&amp;gt;&lt;br/&gt;
    &amp;lt;property name=&quot;systemManager&quot;&amp;gt;&lt;br/&gt;
      &amp;lt;ref bean=&quot;systemManager&quot;/&amp;gt;&lt;br/&gt;
    &amp;lt;/property&amp;gt;&lt;br/&gt;
  &amp;lt;/bean&amp;gt;&lt;/p&gt;

&lt;p&gt;autoProxyCreator bean gets beanName &apos;/showList&apos; instead of &apos;showListAction&apos;. This name doesn&apos;t correspond to the declared &apos;beanNames&apos; property (&amp;lt;value&amp;gt;*Action&amp;lt;/value&amp;gt;)&lt;/p&gt;

&lt;p&gt;In my opinion it should be:&lt;br/&gt;
...&lt;br/&gt;
// It&apos;s a prototype -&amp;gt; create a new instance.&lt;br/&gt;
bean = createBean(beanName, mergedBeanDefinition, args);&lt;br/&gt;
...&lt;/p&gt;</description>
            <key id="13269">SPR-1665</key>
            <summary>Incorrect prototype bean creation process - autoproxy doesn&apos;t work.</summary>
                <type id="1" iconUrl="https://jira.spring.io/images/icons/issuetypes/bug.png">Bug</type>
                                            <priority id="3" iconUrl="https://jira.spring.io/images/icons/priorities/major.png">Major</priority>
                        <status id="6" iconUrl="https://jira.spring.io/images/icons/statuses/closed.png" description="The issue is considered finished, the resolution is correct. Issues which are not closed can be reopened.">Closed</status>
                    <statusCategory id="3" key="done" colorName="green"/>
                                    <resolution id="1">Fixed</resolution>
                                        <assignee username="juergen.hoeller">Juergen Hoeller</assignee>
                                    <reporter username="mfaber">M. F.</reporter>
                        <labels>
                    </labels>
                <created>Fri, 3 Feb 2006 00:45:36 +0000</created>
                <updated>Tue, 19 Jun 2012 03:54:08 +0000</updated>
                            <resolved>Sun, 12 Feb 2006 07:29:07 +0000</resolved>
                                    <version>1.2.4</version>
                                    <fixVersion>1.2.7</fixVersion>
                    <fixVersion>2.0 M3</fixVersion>
                                    <component>Core</component>
                        <due></due>
                            <votes>0</votes>
                                    <watches>0</watches>
                                                                <comments>
                            <comment id="16413" author="juergen.hoeller" created="Sun, 12 Feb 2006 07:29:07 +0000"  >&lt;p&gt;Thanks for pointing this out! I&apos;ve changed AbstractBeanFactory to use the canonical bean name (id) for prototype creation, exposing it to BeanPostProcessors.&lt;/p&gt;

&lt;p&gt;Juergen&lt;/p&gt;</comment>
                    </comments>
                    <attachments>
                    </attachments>
                <subtasks>
                    </subtasks>
                <customfields>
                                                <customfield id="customfield_10180" key="com.atlassian.jira.toolkit:dayslastcommented">
                        <customfieldname>Days since last comment</customfieldname>
                        <customfieldvalues>
                                        10 years, 46 weeks, 4 days ago
    
                        </customfieldvalues>
                    </customfield>
                                                                                            <customfield id="customfield_10170" key="com.atlassian.jira.ext.charting:firstresponsedate">
                        <customfieldname>First Response Date</customfieldname>
                        <customfieldvalues>
                            <customfieldvalue>Sun, 12 Feb 2006 07:29:07 +0000</customfieldvalue>

                        </customfieldvalues>
                    </customfield>
                                                                                            <customfield id="customfield_10181" key="com.atlassian.jira.toolkit:lastusercommented">
                        <customfieldname>Last commented by a User</customfieldname>
                        <customfieldvalues>
                            <customfieldvalue>false</customfieldvalue>
                        </customfieldvalues>
                    </customfield>
                                                                <customfield id="customfield_10182" key="com.atlassian.jira.toolkit:lastupdaterorcommenter">
                        <customfieldname>Last updater</customfieldname>
                        <customfieldvalues>
                            <customfieldvalue>tmarshall</customfieldvalue>

                        </customfieldvalues>
                    </customfield>
                                                                                            <customfield id="customfield_10880" key="com.pyxis.greenhopper.jira:gh-lexo-rank">
                        <customfieldname>Rank</customfieldname>
                        <customfieldvalues>
                            <customfieldvalue>0|i04vpz:</customfieldvalue>

                        </customfieldvalues>
                    </customfield>
                                                                <customfield id="customfield_10380" key="com.pyxis.greenhopper.jira:gh-global-rank">
                        <customfieldname>Rank (Obsolete)</customfieldname>
                        <customfieldvalues>
                            <customfieldvalue>28513</customfieldvalue>
                        </customfieldvalues>
                    </customfield>
                                                                                                                                                    <customfield id="customfield_10171" key="com.atlassian.jira.ext.charting:timeinstatus">
                        <customfieldname>Time in Status</customfieldname>
                        <customfieldvalues>
                            
                        </customfieldvalues>
                    </customfield>
                                                                </customfields>
    </item>
</channel>
</rss>