<!-- 
RSS generated by JIRA (6.4.11#64026-sha1:78f6ec473a3f058bd5d6c30e9319c7ab376bdb9c) at Thu Dec 22 19:55:44 UTC 2016

It is possible to restrict the fields that are returned in this document by specifying the 'field' parameter in your request.
For example, to request only the issue key and summary add field=key&field=summary to the URL of your request.
For example:
https://jira.spring.io/si/jira.issueviews:issue-xml/SPR-6731/SPR-6731.xml?field=key&amp;field=summary
-->
<rss version="0.92" >
<channel>
    <title>Spring JIRA</title>
    <link>https://jira.spring.io</link>
    <description>This file is an XML representation of an issue</description>
    <language>en-uk</language>    <build-info>
        <version>6.4.11</version>
        <build-number>64026</build-number>
        <build-date>25-08-2015</build-date>
    </build-info>

<item>
            <title>[SPR-6731] MappingJacksonHttpMessageConverter&apos;s ObjectMapper does not use ConversionService when binding JSON to JavaBean properties</title>
                <link>https://jira.spring.io/browse/SPR-6731</link>
                <project id="10000" key="SPR">Spring Framework</project>
                    <description>&lt;p&gt;Noticed when using @RequestBody to bind an incoming JSON string to an Account JavaBean.  I was expecting the binding process to respect format annotations such as @NumberFormat and @DateTimeFormat during string-to-propertyType conversion.  However, this did not happen since it appears the MappingJacksonHttpMessageConverter is using the default Jackson ObjectMapper by default.  For consistency, we should consider configuring Jackson to work with the ConversionService during its mapping process.  This would allow format annotations like @NumberFormat and @DateTimeFormat to be respected.&lt;/p&gt;</description>
            <key id="29748">SPR-6731</key>
            <summary>MappingJacksonHttpMessageConverter&apos;s ObjectMapper does not use ConversionService when binding JSON to JavaBean properties</summary>
                <type id="4" iconUrl="https://jira.spring.io/images/icons/issuetypes/improvement.png">Improvement</type>
                                            <priority id="3" iconUrl="https://jira.spring.io/images/icons/priorities/major.png">Major</priority>
                        <status id="5" iconUrl="https://jira.spring.io/images/icons/statuses/resolved.png" description="A resolution has been taken, and it is awaiting verification by reporter. From here issues are either reopened, or are closed.">Resolved</status>
                    <statusCategory id="3" key="done" colorName="green"/>
                                    <resolution id="3">Duplicate</resolution>
                                        <assignee username="pwebb">Phil Webb</assignee>
                                    <reporter username="kdonald">Keith Donald</reporter>
                        <labels>
                    </labels>
                <created>Wed, 20 Jan 2010 06:56:35 +0000</created>
                <updated>Thu, 13 Nov 2014 01:34:57 +0000</updated>
                            <resolved>Thu, 13 Nov 2014 01:34:56 +0000</resolved>
                                    <version>3.0 GA</version>
                                                    <component>Web</component>
                        <due></due>
                            <votes>13</votes>
                                    <watches>20</watches>
                                                                <comments>
                            <comment id="50454" author="kdonald" created="Fri, 22 Jan 2010 17:16:11 +0000"  >&lt;p&gt;We have successfully plugged ConversionService into Jackson against Spring 3.0 here: &lt;a href=&quot;https://src.springframework.org/svn/spring-samples/mvc-ajax/trunk&quot; class=&quot;external-link&quot; rel=&quot;nofollow&quot;&gt;https://src.springframework.org/svn/spring-samples/mvc-ajax/trunk&lt;/a&gt;&lt;/p&gt;</comment>
                            <comment id="52052" author="recoco" created="Sun, 14 Mar 2010 20:46:52 +0000"  >&lt;p&gt;Hi, keith Donald, I have integrated Jackson to Spring 3.0 using your way. But I think it&apos;s not a Spring standard method. As I understand, it should be done by servlet config xml file. And it aroused another problem, I can&apos;t configure another conversionService such as dozer mapper together. &lt;/p&gt;</comment>
                            <comment id="68232" author="sebtardif" created="Fri, 8 Jul 2011 07:02:25 +0000"  >&lt;p&gt;What is the workflow in the example? &lt;a href=&quot;https://src.springframework.org/svn/spring-samples/mvc-ajax/trunk&quot; class=&quot;external-link&quot; rel=&quot;nofollow&quot;&gt;https://src.springframework.org/svn/spring-samples/mvc-ajax/trunk&lt;/a&gt;&lt;/p&gt;

&lt;p&gt;I don&apos;t see any mention of your custom mapping classes in the spring configuration xml file.&lt;/p&gt;</comment>
                            <comment id="74315" author="jetmah" created="Thu, 29 Dec 2011 22:01:57 +0000"  >&lt;p&gt;Hi Keith, the sample&apos;s way to plug ConversionService into Jackson can&apos;t work in Spring 3.1.0 RELEASE. I realize since Spring 3.1.0 org.springframework.transaction.config.AnnotationDrivenBeanDefinitionParser does not allow us to inject a custom HttpMessageConverter(&lt;a href=&quot;https://jira.springsource.org/browse/SPR-7091&quot; class=&quot;external-link&quot; rel=&quot;nofollow&quot;&gt;https://jira.springsource.org/browse/SPR-7091&lt;/a&gt;), and how can I do with the 3.1 version?&lt;/p&gt;</comment>
                            <comment id="74400" author="rstoya05-aop" created="Tue, 3 Jan 2012 13:52:14 +0000"  >&lt;p&gt;Jet, it is actually easier to provide a custom HttpMessageConverter in Spring 3.1. It&apos;s built into the MVC namespace as opposed to the mvc-ajax example which had to use a BeanPostProcessor to update the MappingJacksonHttpMessageConverter, see &lt;a href=&quot;https://jira.spring.io/browse/SPR-7091&quot; title=&quot;AnnotationDrivenBeanDefinitionParser should allow injection of custom HttpMessageConverter&amp;#39;s&quot; class=&quot;issue-link&quot; data-issue-key=&quot;SPR-7091&quot;&gt;&lt;del&gt;SPR-7091&lt;/del&gt;&lt;/a&gt;.&lt;/p&gt;</comment>
                            <comment id="82997" author="agodovanets" created="Wed, 29 Aug 2012 00:41:16 +0000"  >&lt;p&gt;So, if somebody wants to make mvc-ajax work for 3.1 spring version, he should:&lt;br/&gt;
1. remove JacksonConversionServiceConfigurer.java&lt;br/&gt;
2. update xsd schema version to 3.1 in servlet-context.xml&lt;br/&gt;
3. change mvc:annotation-driven item in servlet-context.xml to:&lt;/p&gt;

&lt;p/&gt;
&lt;div id=&quot;syntaxplugin&quot; class=&quot;syntaxplugin&quot; style=&quot;border: 1px dashed #bbb; border-radius: 5px !important; overflow: auto; max-height: 30em;&quot;&gt;
&lt;table cellspacing=&quot;0&quot; cellpadding=&quot;0&quot; border=&quot;0&quot; width=&quot;100%&quot; style=&quot;font-size: 1em; line-height: 1.4em !important; font-weight: normal; font-style: normal; color: black;&quot;&gt;
		&lt;tbody &gt;
				&lt;tr id=&quot;syntaxplugin_code_and_gutter&quot;&gt;
						&lt;td  style=&quot; line-height: 1.4em !important; padding: 0em; vertical-align: top;&quot;&gt;
					&lt;pre style=&quot;font-size: 1em; margin: 0 10px;  margin-top: 10px;   width: auto; padding: 0;&quot;&gt;&lt;span style=&quot;color: black; font-family: &apos;Consolas&apos;, &apos;Bitstream Vera Sans Mono&apos;, &apos;Courier New&apos;, Courier, monospace !important;&quot;&gt;	&amp;lt;mvc:annotation-driven&amp;gt;&lt;/span&gt;&lt;/pre&gt;
			&lt;/td&gt;
		&lt;/tr&gt;
				&lt;tr id=&quot;syntaxplugin_code_and_gutter&quot;&gt;
						&lt;td  style=&quot; line-height: 1.4em !important; padding: 0em; vertical-align: top;&quot;&gt;
					&lt;pre style=&quot;font-size: 1em; margin: 0 10px;   width: auto; padding: 0;&quot;&gt;&lt;span style=&quot;color: black; font-family: &apos;Consolas&apos;, &apos;Bitstream Vera Sans Mono&apos;, &apos;Courier New&apos;, Courier, monospace !important;&quot;&gt;        &amp;lt;mvc:message-converters&amp;gt;&lt;/span&gt;&lt;/pre&gt;
			&lt;/td&gt;
		&lt;/tr&gt;
				&lt;tr id=&quot;syntaxplugin_code_and_gutter&quot;&gt;
						&lt;td  style=&quot; line-height: 1.4em !important; padding: 0em; vertical-align: top;&quot;&gt;
					&lt;pre style=&quot;font-size: 1em; margin: 0 10px;   width: auto; padding: 0;&quot;&gt;&lt;span style=&quot;color: black; font-family: &apos;Consolas&apos;, &apos;Bitstream Vera Sans Mono&apos;, &apos;Courier New&apos;, Courier, monospace !important;&quot;&gt;            &amp;lt;bean class=&quot;org.springframework.http.converter.json.MappingJacksonHttpMessageConverter&quot;&amp;gt;&lt;/span&gt;&lt;/pre&gt;
			&lt;/td&gt;
		&lt;/tr&gt;
				&lt;tr id=&quot;syntaxplugin_code_and_gutter&quot;&gt;
						&lt;td  style=&quot; line-height: 1.4em !important; padding: 0em; vertical-align: top;&quot;&gt;
					&lt;pre style=&quot;font-size: 1em; margin: 0 10px;   width: auto; padding: 0;&quot;&gt;&lt;span style=&quot;color: black; font-family: &apos;Consolas&apos;, &apos;Bitstream Vera Sans Mono&apos;, &apos;Courier New&apos;, Courier, monospace !important;&quot;&gt;                &amp;lt;property name=&quot;objectMapper&quot;&amp;gt;&lt;/span&gt;&lt;/pre&gt;
			&lt;/td&gt;
		&lt;/tr&gt;
				&lt;tr id=&quot;syntaxplugin_code_and_gutter&quot;&gt;
						&lt;td  style=&quot; line-height: 1.4em !important; padding: 0em; vertical-align: top;&quot;&gt;
					&lt;pre style=&quot;font-size: 1em; margin: 0 10px;   width: auto; padding: 0;&quot;&gt;&lt;span style=&quot;color: black; font-family: &apos;Consolas&apos;, &apos;Bitstream Vera Sans Mono&apos;, &apos;Courier New&apos;, Courier, monospace !important;&quot;&gt;                    &amp;lt;bean class=&quot;org.springframework.samples.mvc.ajax.json.ConversionServiceAwareObjectMapper&quot; /&amp;gt;&lt;/span&gt;&lt;/pre&gt;
			&lt;/td&gt;
		&lt;/tr&gt;
				&lt;tr id=&quot;syntaxplugin_code_and_gutter&quot;&gt;
						&lt;td  style=&quot; line-height: 1.4em !important; padding: 0em; vertical-align: top;&quot;&gt;
					&lt;pre style=&quot;font-size: 1em; margin: 0 10px;   width: auto; padding: 0;&quot;&gt;&lt;span style=&quot;color: black; font-family: &apos;Consolas&apos;, &apos;Bitstream Vera Sans Mono&apos;, &apos;Courier New&apos;, Courier, monospace !important;&quot;&gt;                &amp;lt;/property&amp;gt;&lt;/span&gt;&lt;/pre&gt;
			&lt;/td&gt;
		&lt;/tr&gt;
				&lt;tr id=&quot;syntaxplugin_code_and_gutter&quot;&gt;
						&lt;td  style=&quot; line-height: 1.4em !important; padding: 0em; vertical-align: top;&quot;&gt;
					&lt;pre style=&quot;font-size: 1em; margin: 0 10px;   width: auto; padding: 0;&quot;&gt;&lt;span style=&quot;color: black; font-family: &apos;Consolas&apos;, &apos;Bitstream Vera Sans Mono&apos;, &apos;Courier New&apos;, Courier, monospace !important;&quot;&gt;            &amp;lt;/bean&amp;gt;&lt;/span&gt;&lt;/pre&gt;
			&lt;/td&gt;
		&lt;/tr&gt;
				&lt;tr id=&quot;syntaxplugin_code_and_gutter&quot;&gt;
						&lt;td  style=&quot; line-height: 1.4em !important; padding: 0em; vertical-align: top;&quot;&gt;
					&lt;pre style=&quot;font-size: 1em; margin: 0 10px;   width: auto; padding: 0;&quot;&gt;&lt;span style=&quot;color: black; font-family: &apos;Consolas&apos;, &apos;Bitstream Vera Sans Mono&apos;, &apos;Courier New&apos;, Courier, monospace !important;&quot;&gt;        &amp;lt;/mvc:message-converters&amp;gt;&lt;/span&gt;&lt;/pre&gt;
			&lt;/td&gt;
		&lt;/tr&gt;
				&lt;tr id=&quot;syntaxplugin_code_and_gutter&quot;&gt;
						&lt;td  style=&quot; line-height: 1.4em !important; padding: 0em; vertical-align: top;&quot;&gt;
					&lt;pre style=&quot;font-size: 1em; margin: 0 10px;   margin-bottom: 10px;  width: auto; padding: 0;&quot;&gt;&lt;span style=&quot;color: black; font-family: &apos;Consolas&apos;, &apos;Bitstream Vera Sans Mono&apos;, &apos;Courier New&apos;, Courier, monospace !important;&quot;&gt;	&amp;lt;/mvc:annotation-driven&amp;gt;&lt;/span&gt;&lt;/pre&gt;
			&lt;/td&gt;
		&lt;/tr&gt;
			&lt;/tbody&gt;
&lt;/table&gt;
&lt;/div&gt;
&lt;p/&gt;</comment>
                            <comment id="100075" author="dhukas" created="Mon, 10 Mar 2014 11:40:09 +0000"  >&lt;p&gt;Any news concerning this task? Tips, examples, workarounds, other libs, ...? Appreciate any hints!&lt;/p&gt;</comment>
                            <comment id="109333" author="sdeleuze" created="Tue, 4 Nov 2014 04:44:42 +0000"  >&lt;p&gt;I think this need is now covered by the new support for &lt;a href=&quot;http://wiki.fasterxml.com/JacksonMixInAnnotations&quot; class=&quot;external-link&quot; rel=&quot;nofollow&quot;&gt;Jackson MixIn Annotations&lt;/a&gt; available in the upcoming 4.1.2 release as part of &lt;a href=&quot;https://jira.spring.io/browse/SPR-12144&quot; title=&quot; Support jackson mix-in classes in Jackson2ObjectMapperFactoryBean&quot; class=&quot;issue-link&quot; data-issue-key=&quot;SPR-12144&quot;&gt;&lt;del&gt;SPR-12144&lt;/del&gt;&lt;/a&gt; and &lt;a href=&quot;https://jira.spring.io/browse/SPR-12313&quot; title=&quot;Add serializerByType() deserializerByType() and mixIn() to Jackson2ObjectMapperBuilder&quot; class=&quot;issue-link&quot; data-issue-key=&quot;SPR-12313&quot;&gt;&lt;del&gt;SPR-12313&lt;/del&gt;&lt;/a&gt;.&lt;/p&gt;

&lt;p&gt;Please notice that it is now really easy to register them thanks to &lt;tt&gt;Jackson2ObjectMapperFactoryBean#mixIns&lt;/tt&gt; and &lt;tt&gt;Jackson2ObjectMapperBuilder#mixIns()&lt;/tt&gt;.&lt;/p&gt;

&lt;p&gt;I plan to close this issue shortly unless someone think I should not.&lt;/p&gt;</comment>
                            <comment id="109616" author="sdeleuze" created="Thu, 13 Nov 2014 01:34:56 +0000"  >&lt;p&gt;This issue it is duplicated by &lt;a href=&quot;https://jira.spring.io/browse/SPR-7054&quot; title=&quot;Allow usage of ConversionService for Jackson HttpMessageConverter&quot; class=&quot;issue-link&quot; data-issue-key=&quot;SPR-7054&quot;&gt;&lt;del&gt;SPR-7054&lt;/del&gt;&lt;/a&gt;&lt;/p&gt;</comment>
                    </comments>
                <issuelinks>
                            <issuelinktype id="10000">
                    <name>Duplicate</name>
                                                                <inwardlinks description="is duplicated by">
                                        <issuelink>
            <issuekey id="30800">SPR-7054</issuekey>
        </issuelink>
                            </inwardlinks>
                                    </issuelinktype>
                            <issuelinktype id="10151">
                    <name>Relate</name>
                                                                <inwardlinks description="is related to">
                                        <issuelink>
            <issuekey id="59555">SPR-12144</issuekey>
        </issuelink>
            <issuelink>
            <issuekey id="60110">SPR-12313</issuekey>
        </issuelink>
                            </inwardlinks>
                                    </issuelinktype>
                            <issuelinktype id="10020">
                    <name>Related</name>
                                                                <inwardlinks description="is related to">
                                        <issuelink>
            <issuekey id="29745">SPR-6729</issuekey>
        </issuelink>
                            </inwardlinks>
                                    </issuelinktype>
                    </issuelinks>
                <attachments>
                    </attachments>
                <subtasks>
                    </subtasks>
                <customfields>
                                                <customfield id="customfield_10180" key="com.atlassian.jira.toolkit:dayslastcommented">
                        <customfieldname>Days since last comment</customfieldname>
                        <customfieldvalues>
                                        2 years, 6 weeks ago
    
                        </customfieldvalues>
                    </customfield>
                                                                                            <customfield id="customfield_10170" key="com.atlassian.jira.ext.charting:firstresponsedate">
                        <customfieldname>First Response Date</customfieldname>
                        <customfieldvalues>
                            <customfieldvalue>Sun, 14 Mar 2010 20:46:52 +0000</customfieldvalue>

                        </customfieldvalues>
                    </customfield>
                                                                                            <customfield id="customfield_10181" key="com.atlassian.jira.toolkit:lastusercommented">
                        <customfieldname>Last commented by a User</customfieldname>
                        <customfieldvalues>
                            <customfieldvalue>true</customfieldvalue>
                        </customfieldvalues>
                    </customfield>
                                                                <customfield id="customfield_10182" key="com.atlassian.jira.toolkit:lastupdaterorcommenter">
                        <customfieldname>Last updater</customfieldname>
                        <customfieldvalues>
                            <customfieldvalue>sdeleuze</customfieldvalue>

                        </customfieldvalues>
                    </customfield>
                                                                                            <customfield id="customfield_10880" key="com.pyxis.greenhopper.jira:gh-lexo-rank">
                        <customfieldname>Rank</customfieldname>
                        <customfieldvalues>
                            <customfieldvalue>0|i0133b:</customfieldvalue>

                        </customfieldvalues>
                    </customfield>
                                                                <customfield id="customfield_10380" key="com.pyxis.greenhopper.jira:gh-global-rank">
                        <customfieldname>Rank (Obsolete)</customfieldname>
                        <customfieldvalues>
                            <customfieldvalue>6378</customfieldvalue>
                        </customfieldvalues>
                    </customfield>
                                                                                                                                                    <customfield id="customfield_10171" key="com.atlassian.jira.ext.charting:timeinstatus">
                        <customfieldname>Time in Status</customfieldname>
                        <customfieldvalues>
                            
                        </customfieldvalues>
                    </customfield>
                                                                </customfields>
    </item>
</channel>
</rss>