<!-- 
RSS generated by JIRA (6.4.11#64026-sha1:78f6ec473a3f058bd5d6c30e9319c7ab376bdb9c) at Thu Dec 22 19:27:15 UTC 2016

It is possible to restrict the fields that are returned in this document by specifying the 'field' parameter in your request.
For example, to request only the issue key and summary add field=key&field=summary to the URL of your request.
For example:
https://jira.spring.io/si/jira.issueviews:issue-xml/SPR-403/SPR-403.xml?field=key&amp;field=summary
-->
<rss version="0.92" >
<channel>
    <title>Spring JIRA</title>
    <link>https://jira.spring.io</link>
    <description>This file is an XML representation of an issue</description>
    <language>en-uk</language>    <build-info>
        <version>6.4.11</version>
        <build-number>64026</build-number>
        <build-date>25-08-2015</build-date>
    </build-info>

<item>
            <title>[SPR-403] Spring-beans.dtd - misleading comments</title>
                <link>https://jira.spring.io/browse/SPR-403</link>
                <project id="10000" key="SPR">Spring Framework</project>
                    <description>&lt;p&gt;Spring constructor-arg comments state:&lt;/p&gt;

&lt;p&gt;&quot;NOTE: it is highly recommended to use the index attribute, in Spring up&lt;br/&gt;
to and including 1.1. The constructor matcher is extremely greedy in &lt;br/&gt;
matching args without an index, to the point of duplicating supplied args&lt;br/&gt;
to fill in unspecified constructor args, if they are compatible (i.e. one&lt;br/&gt;
single String arg will match a constructor with two String args, etc.).&lt;br/&gt;
The matcher should be less agressive in a future version.&quot;&lt;/p&gt;

&lt;p&gt;This doesn&apos;t appear to be the case. This only occurs with autowiring. Here&apos;s a test case demonstating that a supplied argument isn&apos;t duplicated:&lt;/p&gt;

&lt;p&gt;&amp;lt;bean id=&quot;exampleBean&quot; class=&quot;dateformat.Test&quot;&amp;gt;&lt;br/&gt;
  &amp;lt;constructor-arg type=&quot;java.lang.Boolean&quot;&amp;gt;&amp;lt;value&amp;gt;true&amp;lt;/value&amp;gt;&amp;lt;/constructor-arg&amp;gt;&lt;br/&gt;
&amp;lt;/bean&amp;gt;&lt;/p&gt;

&lt;p&gt;public class Test {&lt;br/&gt;
    public Test(Boolean b, Boolean b2) &lt;/p&gt;
{
        System.out.println(&quot;b=&apos;&quot; + b + &quot;&apos;&quot;);
        System.out.println(&quot;b2=&apos;&quot; + b2 + &quot;&apos;&quot;);
    }
&lt;p&gt;}&lt;/p&gt;</description>
            <key id="10666">SPR-403</key>
            <summary>Spring-beans.dtd - misleading comments</summary>
                <type id="1" iconUrl="https://jira.spring.io/images/icons/issuetypes/bug.png">Bug</type>
                                            <priority id="5" iconUrl="https://jira.spring.io/images/icons/priorities/trivial.png">Trivial</priority>
                        <status id="6" iconUrl="https://jira.spring.io/images/icons/statuses/closed.png" description="The issue is considered finished, the resolution is correct. Issues which are not closed can be reopened.">Closed</status>
                    <statusCategory id="3" key="done" colorName="green"/>
                                    <resolution id="1">Fixed</resolution>
                                        <assignee username="juergen.hoeller">Juergen Hoeller</assignee>
                                    <reporter username="katentim">Tim Nolan</reporter>
                        <labels>
                    </labels>
                <created>Sat, 16 Oct 2004 11:28:20 +0000</created>
                <updated>Mon, 18 Oct 2004 23:51:09 +0000</updated>
                            <resolved>Mon, 18 Oct 2004 23:51:09 +0000</resolved>
                                                    <fixVersion>1.1.2</fixVersion>
                                    <component>Core</component>
                        <due></due>
                            <votes>0</votes>
                                    <watches>1</watches>
                                                                <comments>
                            <comment id="11289" author="juergen.hoeller" created="Mon, 18 Oct 2004 23:51:08 +0000"  >&lt;p&gt;Thanks for spotting this - just fixed it. The comment on &quot;constructor-arg&quot; itself has been fixed, but the one for &quot;constructor-arg index&quot; unfortunately slipped through...&lt;/p&gt;

&lt;p&gt;Juergen&lt;/p&gt;</comment>
                    </comments>
                    <attachments>
                    </attachments>
                <subtasks>
                    </subtasks>
                <customfields>
                                                <customfield id="customfield_10180" key="com.atlassian.jira.toolkit:dayslastcommented">
                        <customfieldname>Days since last comment</customfieldname>
                        <customfieldvalues>
                                        12 years, 11 weeks, 2 days ago
    
                        </customfieldvalues>
                    </customfield>
                                                                                            <customfield id="customfield_10170" key="com.atlassian.jira.ext.charting:firstresponsedate">
                        <customfieldname>First Response Date</customfieldname>
                        <customfieldvalues>
                            <customfieldvalue>Mon, 18 Oct 2004 23:51:08 +0000</customfieldvalue>

                        </customfieldvalues>
                    </customfield>
                                                                                            <customfield id="customfield_10181" key="com.atlassian.jira.toolkit:lastusercommented">
                        <customfieldname>Last commented by a User</customfieldname>
                        <customfieldvalues>
                            <customfieldvalue>false</customfieldvalue>
                        </customfieldvalues>
                    </customfield>
                                                                <customfield id="customfield_10182" key="com.atlassian.jira.toolkit:lastupdaterorcommenter">
                        <customfieldname>Last updater</customfieldname>
                        <customfieldvalues>
                            <customfieldvalue>tmarshall</customfieldvalue>

                        </customfieldvalues>
                    </customfield>
                                                                                            <customfield id="customfield_10880" key="com.pyxis.greenhopper.jira:gh-lexo-rank">
                        <customfieldname>Rank</customfieldname>
                        <customfieldvalues>
                            <customfieldvalue>0|i04y47:</customfieldvalue>

                        </customfieldvalues>
                    </customfield>
                                                                <customfield id="customfield_10380" key="com.pyxis.greenhopper.jira:gh-global-rank">
                        <customfieldname>Rank (Obsolete)</customfieldname>
                        <customfieldvalues>
                            <customfieldvalue>28901</customfieldvalue>
                        </customfieldvalues>
                    </customfield>
                                                                                                                                                    <customfield id="customfield_10171" key="com.atlassian.jira.ext.charting:timeinstatus">
                        <customfieldname>Time in Status</customfieldname>
                        <customfieldvalues>
                            
                        </customfieldvalues>
                    </customfield>
                                                                </customfields>
    </item>
</channel>
</rss>