<!-- 
RSS generated by JIRA (6.4.11#64026-sha1:78f6ec473a3f058bd5d6c30e9319c7ab376bdb9c) at Thu Dec 22 20:04:42 UTC 2016

It is possible to restrict the fields that are returned in this document by specifying the 'field' parameter in your request.
For example, to request only the issue key and summary add field=key&field=summary to the URL of your request.
For example:
https://jira.spring.io/si/jira.issueviews:issue-xml/SPR-11757/SPR-11757.xml?field=key&amp;field=summary
-->
<rss version="0.92" >
<channel>
    <title>Spring JIRA</title>
    <link>https://jira.spring.io</link>
    <description>This file is an XML representation of an issue</description>
    <language>en-uk</language>    <build-info>
        <version>6.4.11</version>
        <build-number>64026</build-number>
        <build-date>25-08-2015</build-date>
    </build-info>

<item>
            <title>[SPR-11757] Multiple bean instances are created when no id is specified</title>
                <link>https://jira.spring.io/browse/SPR-11757</link>
                <project id="10000" key="SPR">Spring Framework</project>
                    <description>&lt;p&gt;When importing the same context more then once and there is a bean defined without id it will be created (and defined) multiple times.&lt;/p&gt;

&lt;p&gt;In big application it is common case since there are a lot of configuration files that depends on each other and it should be acceptable that the same config is imported more than once.&lt;/p&gt;

&lt;p&gt;Attached full test that reproduces the BUG.&lt;/p&gt;</description>
            <key id="57595">SPR-11757</key>
            <summary>Multiple bean instances are created when no id is specified</summary>
                <type id="1" iconUrl="https://jira.spring.io/images/icons/issuetypes/bug.png">Bug</type>
                                            <priority id="3" iconUrl="https://jira.spring.io/images/icons/priorities/major.png">Major</priority>
                        <status id="5" iconUrl="https://jira.spring.io/images/icons/statuses/resolved.png" description="A resolution has been taken, and it is awaiting verification by reporter. From here issues are either reopened, or are closed.">Resolved</status>
                    <statusCategory id="3" key="done" colorName="green"/>
                                    <resolution id="3">Duplicate</resolution>
                                        <assignee username="snicoll">St&#233;phane Nicoll</assignee>
                                    <reporter username="spring-fan">Victor Perepelitsky</reporter>
                        <labels>
                    </labels>
                <created>Mon, 5 May 2014 06:14:48 +0000</created>
                <updated>Wed, 7 May 2014 10:03:06 +0000</updated>
                            <resolved>Wed, 7 May 2014 07:24:09 +0000</resolved>
                                    <version>3.2.6</version>
                    <version>3.2.7</version>
                    <version>3.2.8</version>
                    <version>4.0 GA</version>
                    <version>4.0.1</version>
                    <version>4.0.2</version>
                    <version>4.0.3</version>
                    <version>4.0.5</version>
                                                    <component>Core</component>
                        <due></due>
                            <votes>0</votes>
                                    <watches>3</watches>
                                                                <comments>
                            <comment id="102987" author="snicoll" created="Tue, 6 May 2014 00:56:25 +0000"  >&lt;p&gt;I get what you mean but the idea is that if you want to ensure the uniqueness of a  bean definition, you have to provide an id for it. It&apos;s the same general idea if a bean definition needs to be overridden as the overriding mechanism works through the use of the id.&lt;/p&gt;

&lt;p&gt;When you don&apos;t specify any id at all, one unique is generated for you so if the same context is loaded multiple times, a bean with no id will be declared multiple times as well. Check the doc for more details:&lt;br/&gt;
&lt;a href=&quot;http://docs.spring.io/spring/docs/current/spring-framework-reference/htmlsingle/#beans-definition&quot; class=&quot;external-link&quot; rel=&quot;nofollow&quot;&gt;http://docs.spring.io/spring/docs/current/spring-framework-reference/htmlsingle/#beans-definition&lt;/a&gt;&lt;/p&gt;</comment>
                            <comment id="102994" author="spring-fan" created="Tue, 6 May 2014 02:04:06 +0000"  >&lt;p&gt;From the reference:&lt;br/&gt;
&quot;You are not required to supply a name or id for a bean. If no name or id is supplied explicitly, the container generates a unique name for that bean. However, if you want to refer to that bean by name, through the use of the ref element or Service Locator style lookup, you must provide a name. Motivations for not supplying a name are related to using inner beans and autowiring collaborators.&quot;&lt;/p&gt;

&lt;p&gt;If so I must supply the id only if I want to refer it within the context.&lt;br/&gt;
I still insist it is a real problem and very non intuitive.&lt;br/&gt;
What I showed in my case is not multiple contexts but multiple configuration files that must be merged by Spring to a single context. Which is done and works fine except this specific case. &lt;br/&gt;
Moreover when we define PropertiesPlaceholderConfigurer it usually done without providing an id so multiple unnecessary beans will be created and work.&lt;/p&gt;</comment>
                            <comment id="102995" author="spring-fan" created="Tue, 6 May 2014 02:04:38 +0000"  >&lt;p&gt;&lt;a href=&quot;http://docs.spring.io/spring/docs/current/spring-framework-reference/htmlsingle/#beans-definition&quot; class=&quot;external-link&quot; rel=&quot;nofollow&quot;&gt;http://docs.spring.io/spring/docs/current/spring-framework-reference/htmlsingle/#beans-definition&lt;/a&gt;&lt;br/&gt;
From the reference:&lt;br/&gt;
&quot;You are not required to supply a name or id for a bean. If no name or id is supplied explicitly, the container generates a unique name for that bean. However, if you want to refer to that bean by name, through the use of the ref element or Service Locator style lookup, you must provide a name. Motivations for not supplying a name are related to using inner beans and autowiring collaborators.&quot;&lt;/p&gt;

&lt;p&gt;If so I must supply the id only if I want to refer it within the context.&lt;br/&gt;
I still insist it is a real problem and very non intuitive.&lt;br/&gt;
What I showed in my case is not multiple contexts but multiple configuration files that must be merged by Spring to a single context. Which is done and works fine except this specific case. &lt;br/&gt;
Moreover when we define PropertiesPlaceholderConfigurer it usually done without providing an id so multiple unnecessary beans will be created and work.&lt;/p&gt;</comment>
                            <comment id="103036" author="juergen.hoeller" created="Tue, 6 May 2014 14:02:49 +0000"  >&lt;p&gt;This is unfortunately a fundamental limitation at this point: We don&apos;t check resource imports for duplicates, since this is rather non-trivial in practice. See &lt;a href=&quot;https://jira.spring.io/browse/SPR-9526&quot; title=&quot;Ignore duplicated import files or property-placeholder files&quot; class=&quot;issue-link&quot; data-issue-key=&quot;SPR-9526&quot;&gt;SPR-9526&lt;/a&gt; and further related issues.&lt;/p&gt;

&lt;p&gt;The effect that you&apos;re seeing extra beans created for unnamed bean definitions naturally comes with those repeated imports. One could argue that the id generation is the problem there but we&apos;re not making any guarantees about unique ids for multiple bean definition registration attempts; we just keep the id unique for each registered bean definition. &lt;/p&gt;

&lt;p&gt;From that perspective, the root of all evil is the fact that imports are processed twice, so we&apos;ll consider your issue along with the general enhancement in &lt;a href=&quot;https://jira.spring.io/browse/SPR-9526&quot; title=&quot;Ignore duplicated import files or property-placeholder files&quot; class=&quot;issue-link&quot; data-issue-key=&quot;SPR-9526&quot;&gt;SPR-9526&lt;/a&gt;.&lt;/p&gt;

&lt;p&gt;Juergen&lt;/p&gt;</comment>
                            <comment id="103069" author="spring-fan" created="Wed, 7 May 2014 10:03:06 +0000"  >&lt;p&gt;Thanks for quick response.&lt;br/&gt;
Are you planning to fix &lt;a href=&quot;https://jira.spring.io/browse/SPR-9526&quot; title=&quot;Ignore duplicated import files or property-placeholder files&quot; class=&quot;issue-link&quot; data-issue-key=&quot;SPR-9526&quot;&gt;SPR-9526&lt;/a&gt;? When?&lt;/p&gt;</comment>
                    </comments>
                <issuelinks>
                            <issuelinktype id="10000">
                    <name>Duplicate</name>
                                            <outwardlinks description="duplicates">
                                        <issuelink>
            <issuekey id="43962">SPR-9526</issuekey>
        </issuelink>
                            </outwardlinks>
                                                        </issuelinktype>
                    </issuelinks>
                <attachments>
                            <attachment id="21988" name="spring-bug.zip" size="8093" author="spring-fan" created="Mon, 5 May 2014 06:14:48 +0000"/>
                    </attachments>
                <subtasks>
                    </subtasks>
                <customfields>
                                                <customfield id="customfield_10180" key="com.atlassian.jira.toolkit:dayslastcommented">
                        <customfieldname>Days since last comment</customfieldname>
                        <customfieldvalues>
                                        2 years, 33 weeks, 1 day ago
    
                        </customfieldvalues>
                    </customfield>
                                                                                            <customfield id="customfield_10170" key="com.atlassian.jira.ext.charting:firstresponsedate">
                        <customfieldname>First Response Date</customfieldname>
                        <customfieldvalues>
                            <customfieldvalue>Tue, 6 May 2014 00:56:25 +0000</customfieldvalue>

                        </customfieldvalues>
                    </customfield>
                                                                                            <customfield id="customfield_10181" key="com.atlassian.jira.toolkit:lastusercommented">
                        <customfieldname>Last commented by a User</customfieldname>
                        <customfieldvalues>
                            <customfieldvalue>true</customfieldvalue>
                        </customfieldvalues>
                    </customfield>
                                                                <customfield id="customfield_10182" key="com.atlassian.jira.toolkit:lastupdaterorcommenter">
                        <customfieldname>Last updater</customfieldname>
                        <customfieldvalues>
                            <customfieldvalue>spring-fan</customfieldvalue>

                        </customfieldvalues>
                    </customfield>
                                                                                            <customfield id="customfield_10880" key="com.pyxis.greenhopper.jira:gh-lexo-rank">
                        <customfieldname>Rank</customfieldname>
                        <customfieldvalues>
                            <customfieldvalue>0|i07j0n:</customfieldvalue>

                        </customfieldvalues>
                    </customfield>
                                                                <customfield id="customfield_10380" key="com.pyxis.greenhopper.jira:gh-global-rank">
                        <customfieldname>Rank (Obsolete)</customfieldname>
                        <customfieldvalues>
                            <customfieldvalue>43953</customfieldvalue>
                        </customfieldvalues>
                    </customfield>
                                                                                                                                                    <customfield id="customfield_10171" key="com.atlassian.jira.ext.charting:timeinstatus">
                        <customfieldname>Time in Status</customfieldname>
                        <customfieldvalues>
                            
                        </customfieldvalues>
                    </customfield>
                                                                </customfields>
    </item>
</channel>
</rss>