<!-- 
RSS generated by JIRA (6.4.11#64026-sha1:78f6ec473a3f058bd5d6c30e9319c7ab376bdb9c) at Thu Dec 22 21:19:21 UTC 2016

It is possible to restrict the fields that are returned in this document by specifying the 'field' parameter in your request.
For example, to request only the issue key and summary add field=key&field=summary to the URL of your request.
For example:
https://jira.spring.io/si/jira.issueviews:issue-xml/SPR-9748/SPR-9748.xml?field=key&amp;field=summary
-->
<rss version="0.92" >
<channel>
    <title>Spring JIRA</title>
    <link>https://jira.spring.io</link>
    <description>This file is an XML representation of an issue</description>
    <language>en-uk</language>    <build-info>
        <version>6.4.11</version>
        <build-number>64026</build-number>
        <build-date>25-08-2015</build-date>
    </build-info>

<item>
            <title>[SPR-9748] Share MethodParameter cache between HandlerMethods</title>
                <link>https://jira.spring.io/browse/SPR-9748</link>
                <project id="10000" key="SPR">Spring Framework</project>
                    <description>&lt;p&gt;RequestMappingHandlerAdapter creates a new HandlerMethod for each request. HandlerMethods cache their MethodParameters to avoid costly reflection calls each time annotation stats are needed, but the per-request copy circumvents this cache. This patch explicitly copies the MethodParameter cache from a HandlerMethod and its request-scoped dependents.&lt;/p&gt;</description>
            <key id="45267">SPR-9748</key>
            <summary>Share MethodParameter cache between HandlerMethods</summary>
                <type id="4" iconUrl="https://jira.spring.io/images/icons/issuetypes/improvement.png">Improvement</type>
                                            <priority id="3" iconUrl="https://jira.spring.io/images/icons/priorities/major.png">Major</priority>
                        <status id="6" iconUrl="https://jira.spring.io/images/icons/statuses/closed.png" description="The issue is considered finished, the resolution is correct. Issues which are not closed can be reopened.">Closed</status>
                    <statusCategory id="3" key="done" colorName="green"/>
                                    <resolution id="8">Complete</resolution>
                                        <assignee username="rstoya05-aop">Rossen Stoyanchev</assignee>
                                    <reporter username="pcl">Patrick Linskey</reporter>
                        <labels>
                    </labels>
                <created>Mon, 3 Sep 2012 10:44:11 +0000</created>
                <updated>Thu, 19 Mar 2015 18:48:57 +0000</updated>
                            <resolved>Mon, 10 Sep 2012 12:12:54 +0000</resolved>
                                    <version>3.1.1</version>
                    <version>3.1.2</version>
                    <version>3.2 M2</version>
                                    <fixVersion>3.1.3</fixVersion>
                    <fixVersion>3.2 M2</fixVersion>
                                    <component>Web</component>
                        <due></due>
                            <votes>1</votes>
                                    <watches>3</watches>
                                                                <comments>
                            <comment id="83181" author="pcl" created="Mon, 3 Sep 2012 10:56:28 +0000"  >&lt;p&gt;GitHub commit for 3.1.1: &lt;a href=&quot;https://github.com/pcl/spring-framework/commit/15a9eee1098fc8c651cf7aa9c8aa1964f754a288&quot; class=&quot;external-link&quot; rel=&quot;nofollow&quot;&gt;https://github.com/pcl/spring-framework/commit/15a9eee1098fc8c651cf7aa9c8aa1964f754a288&lt;/a&gt;&lt;br/&gt;
GitHub commit for master: &lt;a href=&quot;https://github.com/pcl/spring-framework/commit/4939518128982d431ca943860b0efb59f6f20f60&quot; class=&quot;external-link&quot; rel=&quot;nofollow&quot;&gt;https://github.com/pcl/spring-framework/commit/4939518128982d431ca943860b0efb59f6f20f60&lt;/a&gt;&lt;/p&gt;

&lt;p&gt;Note that this and &lt;a href=&quot;https://jira.spring.io/browse/SPR-9747&quot; title=&quot;Get rid of per-instance logger creation&quot; class=&quot;issue-link&quot; data-issue-key=&quot;SPR-9747&quot;&gt;&lt;del&gt;SPR-9747&lt;/del&gt;&lt;/a&gt; both contain edits to HandlerMethod. The GitHub commits above are applied on top of the &lt;a href=&quot;https://jira.spring.io/browse/SPR-9747&quot; title=&quot;Get rid of per-instance logger creation&quot; class=&quot;issue-link&quot; data-issue-key=&quot;SPR-9747&quot;&gt;&lt;del&gt;SPR-9747&lt;/del&gt;&lt;/a&gt; patch; applying them out-of-order might take some manual tweaking.&lt;/p&gt;

&lt;p&gt;&apos;./gradlew build&apos; succeeds with this patch on master. I&apos;m still trying to figure out how to get 3.1.1 to build on my machine (&lt;a href=&quot;http://forum.springsource.org/showthread.php?129846-Spring-3-1-1-compilation&amp;amp;p=423733#post423733&quot; class=&quot;external-link&quot; rel=&quot;nofollow&quot;&gt;http://forum.springsource.org/showthread.php?129846-Spring-3-1-1-compilation&amp;amp;p=423733#post423733&lt;/a&gt;)&lt;/p&gt;</comment>
                            <comment id="83183" author="pcl" created="Mon, 3 Sep 2012 11:04:15 +0000"  >&lt;p&gt;FYI, this eliminates 2.1% of the CPU burn in my Spring-MVC app.&lt;/p&gt;</comment>
                            <comment id="83186" author="pcl" created="Mon, 3 Sep 2012 11:15:48 +0000"  >&lt;p&gt;On closer inspection, this eliminates 4.2% of the CPU burn. &lt;/p&gt;</comment>
                            <comment id="83405" author="rstoya05-aop" created="Mon, 10 Sep 2012 12:12:54 +0000"  >&lt;p&gt;This should now be resolved although using a slightly different approach. Here is &lt;a href=&quot;https://github.com/SpringSource/spring-framework/commit/0a877afa061aacc67b238be6015bf82a3eecf0eb&quot; class=&quot;external-link&quot; rel=&quot;nofollow&quot;&gt;the commit&lt;/a&gt; with the changes. It has also been applied to 3.1.x (and will be in 3.1.3) with a few other changes. Note however that currently there are (unrelated) build failures in both master and 3.1.x, so no snapshots are available yet.&lt;/p&gt;

&lt;p&gt;Thanks for raising this issue!&lt;/p&gt;</comment>
                            <comment id="83407" author="pcl" created="Mon, 10 Sep 2012 13:01:01 +0000"  >&lt;p&gt;Looks good... and incidentally, this fix might resolve a follow-on optimization that we noticed around ServletInvocableHandlerMethod. I&apos;ll try these out once a snapshot for 3.1.3 is available and see what the impact is. Thanks!&lt;/p&gt;</comment>
                    </comments>
                <issuelinks>
                            <issuelinktype id="10000">
                    <name>Duplicate</name>
                                                                <inwardlinks description="is duplicated by">
                                        <issuelink>
            <issuekey id="42798">SPR-9298</issuekey>
        </issuelink>
                            </inwardlinks>
                                    </issuelinktype>
                            <issuelinktype id="10151">
                    <name>Relate</name>
                                                                <inwardlinks description="is related to">
                                        <issuelink>
            <issuekey id="60735">SPR-12453</issuekey>
        </issuelink>
            <issuelink>
            <issuekey id="62781">SPR-12832</issuekey>
        </issuelink>
                            </inwardlinks>
                                    </issuelinktype>
                    </issuelinks>
                <attachments>
                    </attachments>
                <subtasks>
                    </subtasks>
                <customfields>
                                                <customfield id="customfield_10180" key="com.atlassian.jira.toolkit:dayslastcommented">
                        <customfieldname>Days since last comment</customfieldname>
                        <customfieldvalues>
                                        4 years, 15 weeks, 3 days ago
    
                        </customfieldvalues>
                    </customfield>
                                                                                            <customfield id="customfield_10170" key="com.atlassian.jira.ext.charting:firstresponsedate">
                        <customfieldname>First Response Date</customfieldname>
                        <customfieldvalues>
                            <customfieldvalue>Mon, 10 Sep 2012 12:12:54 +0000</customfieldvalue>

                        </customfieldvalues>
                    </customfield>
                                                                                            <customfield id="customfield_10181" key="com.atlassian.jira.toolkit:lastusercommented">
                        <customfieldname>Last commented by a User</customfieldname>
                        <customfieldvalues>
                            <customfieldvalue>true</customfieldvalue>
                        </customfieldvalues>
                    </customfield>
                                                                <customfield id="customfield_10182" key="com.atlassian.jira.toolkit:lastupdaterorcommenter">
                        <customfieldname>Last updater</customfieldname>
                        <customfieldvalues>
                            <customfieldvalue>rstoya05-aop</customfieldvalue>

                        </customfieldvalues>
                    </customfield>
                                                                                            <customfield id="customfield_10880" key="com.pyxis.greenhopper.jira:gh-lexo-rank">
                        <customfieldname>Rank</customfieldname>
                        <customfieldvalues>
                            <customfieldvalue>0|i05tr3:</customfieldvalue>

                        </customfieldvalues>
                    </customfield>
                                                                <customfield id="customfield_10380" key="com.pyxis.greenhopper.jira:gh-global-rank">
                        <customfieldname>Rank (Obsolete)</customfieldname>
                        <customfieldvalues>
                            <customfieldvalue>34026</customfieldvalue>
                        </customfieldvalues>
                    </customfield>
                                                                                                                                                    <customfield id="customfield_10171" key="com.atlassian.jira.ext.charting:timeinstatus">
                        <customfieldname>Time in Status</customfieldname>
                        <customfieldvalues>
                            
                        </customfieldvalues>
                    </customfield>
                                                                </customfields>
    </item>
</channel>
</rss>