<!-- 
RSS generated by JIRA (6.4.11#64026-sha1:78f6ec473a3f058bd5d6c30e9319c7ab376bdb9c) at Thu Dec 22 19:30:44 UTC 2016

It is possible to restrict the fields that are returned in this document by specifying the 'field' parameter in your request.
For example, to request only the issue key and summary add field=key&field=summary to the URL of your request.
For example:
https://jira.spring.io/si/jira.issueviews:issue-xml/SPR-2635/SPR-2635.xml?field=key&amp;field=summary
-->
<rss version="0.92" >
<channel>
    <title>Spring JIRA</title>
    <link>https://jira.spring.io</link>
    <description>This file is an XML representation of an issue</description>
    <language>en-uk</language>    <build-info>
        <version>6.4.11</version>
        <build-number>64026</build-number>
        <build-date>25-08-2015</build-date>
    </build-info>

<item>
            <title>[SPR-2635] WebUtils.exposeForwardRequestAttributes fails to work in Servlet 2.3 containers</title>
                <link>https://jira.spring.io/browse/SPR-2635</link>
                <project id="10000" key="SPR">Spring Framework</project>
                    <description>&lt;p&gt;The Javadocs for this method say: Does not override values if already present, to not conflict with Servlet 2.4+ containers.&lt;/p&gt;

&lt;p&gt;The checks appear to be wrong:&lt;/p&gt;

&lt;p&gt;		if (request.getAttribute(FORWARD_REQUEST_URI_ATTRIBUTE) != null) &lt;/p&gt;
{
			request.setAttribute(FORWARD_REQUEST_URI_ATTRIBUTE, request.getRequestURI());
		}
&lt;p&gt;		if (request.getAttribute(FORWARD_CONTEXT_PATH_ATTRIBUTE) != null) &lt;/p&gt;
{
			request.setAttribute(FORWARD_CONTEXT_PATH_ATTRIBUTE, request.getContextPath());
		}
&lt;p&gt;etc.&lt;/p&gt;

&lt;p&gt;Shouldn&apos;t that be == null? The attributes do not appear to be set correctly on Servlet 2.3 containers as a result of this.&lt;/p&gt;</description>
            <key id="15061">SPR-2635</key>
            <summary>WebUtils.exposeForwardRequestAttributes fails to work in Servlet 2.3 containers</summary>
                <type id="1" iconUrl="https://jira.spring.io/images/icons/issuetypes/bug.png">Bug</type>
                                            <priority id="4" iconUrl="https://jira.spring.io/images/icons/priorities/minor.png">Minor</priority>
                        <status id="6" iconUrl="https://jira.spring.io/images/icons/statuses/closed.png" description="The issue is considered finished, the resolution is correct. Issues which are not closed can be reopened.">Closed</status>
                    <statusCategory id="3" key="done" colorName="green"/>
                                    <resolution id="1">Fixed</resolution>
                                        <assignee username="juergen.hoeller">Juergen Hoeller</assignee>
                                    <reporter username="tmoore">Tim Moore</reporter>
                        <labels>
                    </labels>
                <created>Mon, 25 Sep 2006 12:02:07 +0000</created>
                <updated>Tue, 19 Jun 2012 03:50:38 +0000</updated>
                            <resolved>Mon, 25 Sep 2006 22:42:23 +0000</resolved>
                                    <version>2.0 RC2</version>
                    <version>2.0 RC3</version>
                    <version>2.0 RC4</version>
                                    <fixVersion>2.0 final</fixVersion>
                                    <component>Web</component>
                        <due></due>
                            <votes>0</votes>
                                    <watches>1</watches>
                                                                <comments>
                            <comment id="19887" author="juergen.hoeller" created="Mon, 25 Sep 2006 22:42:23 +0000"  >&lt;p&gt;Indeed! That&apos;s simply an oversight, and obviously a missing unit test. Of course those attributes should be exposed when &lt;b&gt;not&lt;/b&gt; already present.&lt;/p&gt;

&lt;p&gt;Juergen&lt;/p&gt;</comment>
                    </comments>
                    <attachments>
                    </attachments>
                <subtasks>
                    </subtasks>
                <customfields>
                                                <customfield id="customfield_10180" key="com.atlassian.jira.toolkit:dayslastcommented">
                        <customfieldname>Days since last comment</customfieldname>
                        <customfieldvalues>
                                        10 years, 14 weeks, 2 days ago
    
                        </customfieldvalues>
                    </customfield>
                                                                                            <customfield id="customfield_10170" key="com.atlassian.jira.ext.charting:firstresponsedate">
                        <customfieldname>First Response Date</customfieldname>
                        <customfieldvalues>
                            <customfieldvalue>Mon, 25 Sep 2006 22:42:23 +0000</customfieldvalue>

                        </customfieldvalues>
                    </customfield>
                                                                                            <customfield id="customfield_10181" key="com.atlassian.jira.toolkit:lastusercommented">
                        <customfieldname>Last commented by a User</customfieldname>
                        <customfieldvalues>
                            <customfieldvalue>false</customfieldvalue>
                        </customfieldvalues>
                    </customfield>
                                                                <customfield id="customfield_10182" key="com.atlassian.jira.toolkit:lastupdaterorcommenter">
                        <customfieldname>Last updater</customfieldname>
                        <customfieldvalues>
                            <customfieldvalue>tmarshall</customfieldvalue>

                        </customfieldvalues>
                    </customfield>
                                                                                            <customfield id="customfield_10880" key="com.pyxis.greenhopper.jira:gh-lexo-rank">
                        <customfieldname>Rank</customfieldname>
                        <customfieldvalues>
                            <customfieldvalue>0|i00vpr:</customfieldvalue>

                        </customfieldvalues>
                    </customfield>
                                                                <customfield id="customfield_10380" key="com.pyxis.greenhopper.jira:gh-global-rank">
                        <customfieldname>Rank (Obsolete)</customfieldname>
                        <customfieldvalues>
                            <customfieldvalue>5183</customfieldvalue>
                        </customfieldvalues>
                    </customfield>
                                                                                                                                                    <customfield id="customfield_10171" key="com.atlassian.jira.ext.charting:timeinstatus">
                        <customfieldname>Time in Status</customfieldname>
                        <customfieldvalues>
                            
                        </customfieldvalues>
                    </customfield>
                                                                </customfields>
    </item>
</channel>
</rss>