<!-- 
RSS generated by JIRA (6.4.11#64026-sha1:78f6ec473a3f058bd5d6c30e9319c7ab376bdb9c) at Thu Dec 22 21:01:06 UTC 2016

It is possible to restrict the fields that are returned in this document by specifying the 'field' parameter in your request.
For example, to request only the issue key and summary add field=key&field=summary to the URL of your request.
For example:
https://jira.spring.io/si/jira.issueviews:issue-xml/SPR-5165/SPR-5165.xml?field=key&amp;field=summary
-->
<rss version="0.92" >
<channel>
    <title>Spring JIRA</title>
    <link>https://jira.spring.io</link>
    <description>This file is an XML representation of an issue</description>
    <language>en-uk</language>    <build-info>
        <version>6.4.11</version>
        <build-number>64026</build-number>
        <build-date>25-08-2015</build-date>
    </build-info>

<item>
            <title>[SPR-5165] JSTL Internationalization Tag Library  doesn&apos;t work any more in JSP&apos;s</title>
                <link>https://jira.spring.io/browse/SPR-5165</link>
                <project id="10000" key="SPR">Spring Framework</project>
                    <description>&lt;p&gt;When using the JSTL internationalitation tags:&lt;/p&gt;

&lt;p&gt;     &amp;lt;fmt:setLocale value=&quot;de_DE&quot; scope=&quot;session&quot;/&amp;gt;&lt;br/&gt;
     &amp;lt;fmt:setBundle basename=&quot;com.intl.messages&quot; scope=&quot;session&quot; /&amp;gt;&lt;/p&gt;

&lt;p&gt;and &lt;/p&gt;

&lt;p&gt;    &amp;lt;fmt:message key=&quot;Choose&quot;/&amp;gt;&lt;/p&gt;

&lt;p&gt;and you change the language, for example to en_GB or it_IT &lt;/p&gt;</description>
            <key id="24007">SPR-5165</key>
            <summary>JSTL Internationalization Tag Library  doesn&apos;t work any more in JSP&apos;s</summary>
                <type id="1" iconUrl="https://jira.spring.io/images/icons/issuetypes/bug.png">Bug</type>
                                            <priority id="2" iconUrl="https://jira.spring.io/images/icons/priorities/critical.png">Critical</priority>
                        <status id="5" iconUrl="https://jira.spring.io/images/icons/statuses/resolved.png" description="A resolution has been taken, and it is awaiting verification by reporter. From here issues are either reopened, or are closed.">Resolved</status>
                    <statusCategory id="3" key="done" colorName="green"/>
                                    <resolution id="3">Duplicate</resolution>
                                        <assignee username="-1">Unassigned</assignee>
                                    <reporter username="jegnet">Macias De La Rosa Jes&#250;s Gerardo</reporter>
                        <labels>
                    </labels>
                <created>Wed, 17 Sep 2008 20:40:06 +0000</created>
                <updated>Wed, 17 Sep 2008 21:21:49 +0000</updated>
                            <resolved>Wed, 17 Sep 2008 21:21:49 +0000</resolved>
                                    <version>2.5 final</version>
                    <version>2.5.1</version>
                    <version>2.5.2</version>
                    <version>2.5.3</version>
                    <version>2.5.4</version>
                    <version>2.5.5</version>
                                                    <component>Web</component>
                        <due></due>
                            <votes>0</votes>
                                    <watches>0</watches>
                                                                    <issuelinks>
                            <issuelinktype id="10000">
                    <name>Duplicate</name>
                                            <outwardlinks description="duplicates">
                                        <issuelink>
            <issuekey id="24009">SPR-5166</issuekey>
        </issuelink>
                            </outwardlinks>
                                                        </issuelinktype>
                    </issuelinks>
                <attachments>
                    </attachments>
                <subtasks>
                    </subtasks>
                <customfields>
                                                <customfield id="customfield_10180" key="com.atlassian.jira.toolkit:dayslastcommented">
                        <customfieldname>Days since last comment</customfieldname>
                        <customfieldvalues>
                                        8 years, 15 weeks, 1 day ago
    
                        </customfieldvalues>
                    </customfield>
                                                                                                                                                    <customfield id="customfield_10181" key="com.atlassian.jira.toolkit:lastusercommented">
                        <customfieldname>Last commented by a User</customfieldname>
                        <customfieldvalues>
                            <customfieldvalue>true</customfieldvalue>
                        </customfieldvalues>
                    </customfield>
                                                                <customfield id="customfield_10182" key="com.atlassian.jira.toolkit:lastupdaterorcommenter">
                        <customfieldname>Last updater</customfieldname>
                        <customfieldvalues>
                            <customfieldvalue>tmarshall</customfieldvalue>

                        </customfieldvalues>
                    </customfield>
                                                                                            <customfield id="customfield_10880" key="com.pyxis.greenhopper.jira:gh-lexo-rank">
                        <customfieldname>Rank</customfieldname>
                        <customfieldvalues>
                            <customfieldvalue>0|i017gn:</customfieldvalue>

                        </customfieldvalues>
                    </customfield>
                                                                <customfield id="customfield_10380" key="com.pyxis.greenhopper.jira:gh-global-rank">
                        <customfieldname>Rank (Obsolete)</customfieldname>
                        <customfieldvalues>
                            <customfieldvalue>7086</customfieldvalue>
                        </customfieldvalues>
                    </customfield>
                                                                                                                                                    <customfield id="customfield_10171" key="com.atlassian.jira.ext.charting:timeinstatus">
                        <customfieldname>Time in Status</customfieldname>
                        <customfieldvalues>
                            
                        </customfieldvalues>
                    </customfield>
                                                                </customfields>
    </item>
</channel>
</rss>