<!-- 
RSS generated by JIRA (6.4.11#64026-sha1:78f6ec473a3f058bd5d6c30e9319c7ab376bdb9c) at Thu Dec 22 20:57:46 UTC 2016

It is possible to restrict the fields that are returned in this document by specifying the 'field' parameter in your request.
For example, to request only the issue key and summary add field=key&field=summary to the URL of your request.
For example:
https://jira.spring.io/si/jira.issueviews:issue-xml/SPR-2578/SPR-2578.xml?field=key&amp;field=summary
-->
<rss version="0.92" >
<channel>
    <title>Spring JIRA</title>
    <link>https://jira.spring.io</link>
    <description>This file is an XML representation of an issue</description>
    <language>en-uk</language>    <build-info>
        <version>6.4.11</version>
        <build-number>64026</build-number>
        <build-date>25-08-2015</build-date>
    </build-info>

<item>
            <title>[SPR-2578] Spring does not inherit @Transactional correctly when &lt;aop:config target-class-proxy=&quot;true&quot; /&gt;</title>
                <link>https://jira.spring.io/browse/SPR-2578</link>
                <project id="10000" key="SPR">Spring Framework</project>
                    <description>&lt;p&gt;According to the documentation (&lt;a href=&quot;http://static.springframework.org/spring/docs/2.0.x/reference/transaction.html#transaction-declarative-annotations&quot; class=&quot;external-link&quot; rel=&quot;nofollow&quot;&gt;http://static.springframework.org/spring/docs/2.0.x/reference/transaction.html#transaction-declarative-annotations&lt;/a&gt;), Annotating interface &quot;IFoo&quot; using @Transactional is supposed to affect the implementations of implementations of &quot;IFoo&quot;.&lt;/p&gt;

&lt;p&gt;This is the case when using Interface-based proxying, but does not work when using CGLIB proxies.&lt;/p&gt;

&lt;p&gt;This issue is easy to reproduce.. Just take any IFoo, set it @Transactional, create a class that implements IFoo, and use the following in the spring appContext.xml :&lt;/p&gt;

</description>
            <key id="14960">SPR-2578</key>
            <summary>Spring does not inherit @Transactional correctly when &lt;aop:config target-class-proxy=&quot;true&quot; /&gt;</summary>
                <type id="1" iconUrl="https://jira.spring.io/images/icons/issuetypes/bug.png">Bug</type>
                                            <priority id="3" iconUrl="https://jira.spring.io/images/icons/priorities/major.png">Major</priority>
                        <status id="6" iconUrl="https://jira.spring.io/images/icons/statuses/closed.png" description="The issue is considered finished, the resolution is correct. Issues which are not closed can be reopened.">Closed</status>
                    <statusCategory id="3" key="done" colorName="green"/>
                                    <resolution id="1">Fixed</resolution>
                                        <assignee username="robh">Rob Harrop</assignee>
                                    <reporter username="samokk">Sami Dalouche</reporter>
                        <labels>
                    </labels>
                <created>Tue, 12 Sep 2006 05:15:14 +0000</created>
                <updated>Tue, 19 Jun 2012 03:50:16 +0000</updated>
                            <resolved>Sun, 17 Sep 2006 20:17:43 +0000</resolved>
                                    <version>2.0 RC3</version>
                                    <fixVersion>2.0 final</fixVersion>
                                        <due></due>
                            <votes>0</votes>
                                    <watches>1</watches>
                                                                <comments>
                            <comment id="19552" author="samokk" created="Tue, 12 Sep 2006 05:16:50 +0000"  >&lt;p&gt;I validated too early, I wanted to paste the following code :&lt;/p&gt;

&lt;p&gt;&amp;lt;aop:config proxy-target-class=&quot;true&quot;/&amp;gt;&lt;br/&gt;
&amp;lt;tx:annotation-driven transaction-manager=&quot;txManager&quot;  /&amp;gt;  &lt;/p&gt;


&lt;p&gt;The result is that the class doesn&apos;t run in transactional mode, whereas it perfetly does if you remove the&lt;br/&gt;
&amp;lt;aop:config /&amp;gt; line&lt;/p&gt;</comment>
                            <comment id="19664" author="robh" created="Fri, 15 Sep 2006 00:20:26 +0000"  >&lt;p&gt;Rick to update docs - see linked issue.&lt;/p&gt;</comment>
                    </comments>
                <issuelinks>
                            <issuelinktype id="10000">
                    <name>Duplicate</name>
                                            <outwardlinks description="duplicates">
                                        <issuelink>
            <issuekey id="14893">SPR-2522</issuekey>
        </issuelink>
                            </outwardlinks>
                                                        </issuelinktype>
                    </issuelinks>
                <attachments>
                    </attachments>
                <subtasks>
                    </subtasks>
                <customfields>
                                                <customfield id="customfield_10180" key="com.atlassian.jira.toolkit:dayslastcommented">
                        <customfieldname>Days since last comment</customfieldname>
                        <customfieldvalues>
                                        10 years, 15 weeks, 6 days ago
    
                        </customfieldvalues>
                    </customfield>
                                                                                            <customfield id="customfield_10170" key="com.atlassian.jira.ext.charting:firstresponsedate">
                        <customfieldname>First Response Date</customfieldname>
                        <customfieldvalues>
                            <customfieldvalue>Fri, 15 Sep 2006 00:20:26 +0000</customfieldvalue>

                        </customfieldvalues>
                    </customfield>
                                                                                            <customfield id="customfield_10181" key="com.atlassian.jira.toolkit:lastusercommented">
                        <customfieldname>Last commented by a User</customfieldname>
                        <customfieldvalues>
                            <customfieldvalue>false</customfieldvalue>
                        </customfieldvalues>
                    </customfield>
                                                                <customfield id="customfield_10182" key="com.atlassian.jira.toolkit:lastupdaterorcommenter">
                        <customfieldname>Last updater</customfieldname>
                        <customfieldvalues>
                            <customfieldvalue>tmarshall</customfieldvalue>

                        </customfieldvalues>
                    </customfield>
                                                                                            <customfield id="customfield_10880" key="com.pyxis.greenhopper.jira:gh-lexo-rank">
                        <customfieldname>Rank</customfieldname>
                        <customfieldvalues>
                            <customfieldvalue>0|i00vuf:</customfieldvalue>

                        </customfieldvalues>
                    </customfield>
                                                                <customfield id="customfield_10380" key="com.pyxis.greenhopper.jira:gh-global-rank">
                        <customfieldname>Rank (Obsolete)</customfieldname>
                        <customfieldvalues>
                            <customfieldvalue>5204</customfieldvalue>
                        </customfieldvalues>
                    </customfield>
                                                                                                                                                    <customfield id="customfield_10171" key="com.atlassian.jira.ext.charting:timeinstatus">
                        <customfieldname>Time in Status</customfieldname>
                        <customfieldvalues>
                            
                        </customfieldvalues>
                    </customfield>
                                                                </customfields>
    </item>
</channel>
</rss>