<!-- 
RSS generated by JIRA (6.4.11#64026-sha1:78f6ec473a3f058bd5d6c30e9319c7ab376bdb9c) at Thu Dec 22 20:44:13 UTC 2016

It is possible to restrict the fields that are returned in this document by specifying the 'field' parameter in your request.
For example, to request only the issue key and summary add field=key&field=summary to the URL of your request.
For example:
https://jira.spring.io/si/jira.issueviews:issue-xml/SPR-1659/SPR-1659.xml?field=key&amp;field=summary
-->
<rss version="0.92" >
<channel>
    <title>Spring JIRA</title>
    <link>https://jira.spring.io</link>
    <description>This file is an XML representation of an issue</description>
    <language>en-uk</language>    <build-info>
        <version>6.4.11</version>
        <build-number>64026</build-number>
        <build-date>25-08-2015</build-date>
    </build-info>

<item>
            <title>[SPR-1659] define bean as &apos;primary&apos; to choose automatically from multiple instances of the same type for autowiring</title>
                <link>https://jira.spring.io/browse/SPR-1659</link>
                <project id="10000" key="SPR">Spring Framework</project>
                    <description>&lt;p&gt;Scenario: there are multiple instances configured of the same type in the applicationcontext. It&apos;d be nice to define one of them as &apos;primary&apos; and autowiring could automatically bind this instance to dependent components instead of raising an error as &apos;multiple instances of the same type are detected&apos;.&lt;/p&gt;

&lt;p&gt;I know using autowire=byName is a comearound for the problem but I&apos;d still prefer the previous approach.&lt;/p&gt;</description>
            <key id="13261">SPR-1659</key>
            <summary>define bean as &apos;primary&apos; to choose automatically from multiple instances of the same type for autowiring</summary>
                <type id="2" iconUrl="https://jira.spring.io/images/icons/issuetypes/newfeature.png">New Feature</type>
                                            <priority id="4" iconUrl="https://jira.spring.io/images/icons/priorities/minor.png">Minor</priority>
                        <status id="5" iconUrl="https://jira.spring.io/images/icons/statuses/resolved.png" description="A resolution has been taken, and it is awaiting verification by reporter. From here issues are either reopened, or are closed.">Resolved</status>
                    <statusCategory id="3" key="done" colorName="green"/>
                                    <resolution id="3">Duplicate</resolution>
                                        <assignee username="cbeams">Chris Beams</assignee>
                                    <reporter username="dyn">Kristof Jozsa</reporter>
                        <labels>
                    </labels>
                <created>Wed, 1 Feb 2006 23:22:26 +0000</created>
                <updated>Wed, 13 Jun 2012 08:26:04 +0000</updated>
                            <resolved>Wed, 13 Jun 2012 08:25:58 +0000</resolved>
                                                                    <component>Core</component>
                        <due></due>
                            <votes>0</votes>
                                    <watches>0</watches>
                                                                <comments>
                            <comment id="79918" author="cbeams" created="Wed, 13 Jun 2012 08:25:58 +0000"  >&lt;p&gt;This functionality has since been implemented with the &lt;tt&gt;primary&lt;/tt&gt; attribute of the &lt;tt&gt;&amp;lt;bean&amp;gt;&lt;/tt&gt; element as well as the &lt;tt&gt;@Primary&lt;/tt&gt; annotation.&lt;/p&gt;</comment>
                    </comments>
                    <attachments>
                    </attachments>
                <subtasks>
                    </subtasks>
                <customfields>
                                                <customfield id="customfield_10180" key="com.atlassian.jira.toolkit:dayslastcommented">
                        <customfieldname>Days since last comment</customfieldname>
                        <customfieldvalues>
                                        4 years, 28 weeks, 1 day ago
    
                        </customfieldvalues>
                    </customfield>
                                                                                            <customfield id="customfield_10170" key="com.atlassian.jira.ext.charting:firstresponsedate">
                        <customfieldname>First Response Date</customfieldname>
                        <customfieldvalues>
                            <customfieldvalue>Wed, 13 Jun 2012 08:25:58 +0000</customfieldvalue>

                        </customfieldvalues>
                    </customfield>
                                                                                            <customfield id="customfield_10181" key="com.atlassian.jira.toolkit:lastusercommented">
                        <customfieldname>Last commented by a User</customfieldname>
                        <customfieldvalues>
                            <customfieldvalue>true</customfieldvalue>
                        </customfieldvalues>
                    </customfield>
                                                                <customfield id="customfield_10182" key="com.atlassian.jira.toolkit:lastupdaterorcommenter">
                        <customfieldname>Last updater</customfieldname>
                        <customfieldvalues>
                            <customfieldvalue>tmarshall</customfieldvalue>

                        </customfieldvalues>
                    </customfield>
                                                                                            <customfield id="customfield_10880" key="com.pyxis.greenhopper.jira:gh-lexo-rank">
                        <customfieldname>Rank</customfieldname>
                        <customfieldvalues>
                            <customfieldvalue>0|i02b5z:</customfieldvalue>

                        </customfieldvalues>
                    </customfield>
                                                                <customfield id="customfield_10380" key="com.pyxis.greenhopper.jira:gh-global-rank">
                        <customfieldname>Rank (Obsolete)</customfieldname>
                        <customfieldvalues>
                            <customfieldvalue>13518</customfieldvalue>
                        </customfieldvalues>
                    </customfield>
                                                                                                                                                    <customfield id="customfield_10171" key="com.atlassian.jira.ext.charting:timeinstatus">
                        <customfieldname>Time in Status</customfieldname>
                        <customfieldvalues>
                            
                        </customfieldvalues>
                    </customfield>
                                                                </customfields>
    </item>
</channel>
</rss>