<!-- 
RSS generated by JIRA (6.4.11#64026-sha1:78f6ec473a3f058bd5d6c30e9319c7ab376bdb9c) at Thu Dec 22 20:00:22 UTC 2016

It is possible to restrict the fields that are returned in this document by specifying the 'field' parameter in your request.
For example, to request only the issue key and summary add field=key&field=summary to the URL of your request.
For example:
https://jira.spring.io/si/jira.issueviews:issue-xml/SPR-204/SPR-204.xml?field=key&amp;field=summary
-->
<rss version="0.92" >
<channel>
    <title>Spring JIRA</title>
    <link>https://jira.spring.io</link>
    <description>This file is an XML representation of an issue</description>
    <language>en-uk</language>    <build-info>
        <version>6.4.11</version>
        <build-number>64026</build-number>
        <build-date>25-08-2015</build-date>
    </build-info>

<item>
            <title>[SPR-204] docpdf target broken</title>
                <link>https://jira.spring.io/browse/SPR-204</link>
                <project id="10000" key="SPR">Spring Framework</project>
                    <description>&lt;p&gt;ant &quot;docpdf&quot; target is broken.&lt;/p&gt;

&lt;p&gt;The beans.xml document has two id=&quot;beans-factory-placeholderconfigurer&quot; entries.&lt;/p&gt;

&lt;p&gt;docs\reference\src\beans.xml&lt;br/&gt;
(V 1.38)&lt;/p&gt;

&lt;p&gt;Cheers.&lt;/p&gt;

&lt;p&gt;PS - I couldn&apos;t specify this as an unreleased version.&lt;br/&gt;
PPS - There are also several other non-fatal erros and warnings:&lt;/p&gt;

&lt;p&gt;&lt;span class=&quot;error&quot;&gt;&amp;#91;java&amp;#93;&lt;/span&gt; Error: no ID for constraint linkend: beans-factory-collaborators-propertyeditor.&lt;br/&gt;
&lt;span class=&quot;error&quot;&gt;&amp;#91;java&amp;#93;&lt;/span&gt; Error: no ID for constraint linkend: beans-factory-postprocessor.&lt;br/&gt;
&lt;span class=&quot;error&quot;&gt;&amp;#91;java&amp;#93;&lt;/span&gt; XRef to nonexistent id: beans-factory-postprocessor&lt;br/&gt;
&lt;span class=&quot;error&quot;&gt;&amp;#91;java&amp;#93;&lt;/span&gt; Error: no ID for constraint linkend: beans-factoryimpl-xml.&lt;br/&gt;
&lt;span class=&quot;error&quot;&gt;&amp;#91;java&amp;#93;&lt;/span&gt; XRef to nonexistent id: beans-factoryimpl-xml&lt;br/&gt;
&lt;span class=&quot;error&quot;&gt;&amp;#91;java&amp;#93;&lt;/span&gt; Error: no ID for constraint linkend: beans-factory-customizing-factory-postprocessor.&lt;br/&gt;
&lt;span class=&quot;error&quot;&gt;&amp;#91;java&amp;#93;&lt;/span&gt; Warning: multiple &quot;IDs&quot; for constraint linkend: beans-factory-placeholderconfigurer.&lt;/p&gt;</description>
            <key id="10385">SPR-204</key>
            <summary>docpdf target broken</summary>
                <type id="1" iconUrl="https://jira.spring.io/images/icons/issuetypes/bug.png">Bug</type>
                                            <priority id="4" iconUrl="https://jira.spring.io/images/icons/priorities/minor.png">Minor</priority>
                        <status id="6" iconUrl="https://jira.spring.io/images/icons/statuses/closed.png" description="The issue is considered finished, the resolution is correct. Issues which are not closed can be reopened.">Closed</status>
                    <statusCategory id="3" key="done" colorName="green"/>
                                    <resolution id="1">Fixed</resolution>
                                        <assignee username="juergen.hoeller">Juergen Hoeller</assignee>
                                    <reporter username="katentim">Tim Nolan</reporter>
                        <labels>
                    </labels>
                <created>Fri, 2 Jul 2004 22:33:42 +0000</created>
                <updated>Tue, 6 Jul 2004 23:25:59 +0000</updated>
                            <resolved>Tue, 6 Jul 2004 23:25:59 +0000</resolved>
                                                    <fixVersion>1.1 RC1</fixVersion>
                                    <component>[Documentation]</component>
                        <due></due>
                            <votes>0</votes>
                                    <watches>0</watches>
                                                                <comments>
                            <comment id="10594" author="katentim" created="Tue, 6 Jul 2004 23:24:29 +0000"  >&lt;p&gt;Juergen, this has been fixed in CVS.&lt;/p&gt;</comment>
                            <comment id="10595" author="juergen.hoeller" created="Tue, 6 Jul 2004 23:25:59 +0000"  >&lt;p&gt;OK, then let&apos;s consider it fixed!&lt;/p&gt;</comment>
                    </comments>
                    <attachments>
                    </attachments>
                <subtasks>
                    </subtasks>
                <customfields>
                                                <customfield id="customfield_10180" key="com.atlassian.jira.toolkit:dayslastcommented">
                        <customfieldname>Days since last comment</customfieldname>
                        <customfieldvalues>
                                        12 years, 26 weeks, 1 day ago
    
                        </customfieldvalues>
                    </customfield>
                                                                                            <customfield id="customfield_10170" key="com.atlassian.jira.ext.charting:firstresponsedate">
                        <customfieldname>First Response Date</customfieldname>
                        <customfieldvalues>
                            <customfieldvalue>Tue, 6 Jul 2004 23:25:59 +0000</customfieldvalue>

                        </customfieldvalues>
                    </customfield>
                                                                                            <customfield id="customfield_10181" key="com.atlassian.jira.toolkit:lastusercommented">
                        <customfieldname>Last commented by a User</customfieldname>
                        <customfieldvalues>
                            <customfieldvalue>false</customfieldvalue>
                        </customfieldvalues>
                    </customfield>
                                                                <customfield id="customfield_10182" key="com.atlassian.jira.toolkit:lastupdaterorcommenter">
                        <customfieldname>Last updater</customfieldname>
                        <customfieldvalues>
                            <customfieldvalue>tmarshall</customfieldvalue>

                        </customfieldvalues>
                    </customfield>
                                                                                            <customfield id="customfield_10880" key="com.pyxis.greenhopper.jira:gh-lexo-rank">
                        <customfieldname>Rank</customfieldname>
                        <customfieldvalues>
                            <customfieldvalue>0|i01imn:</customfieldvalue>

                        </customfieldvalues>
                    </customfield>
                                                                <customfield id="customfield_10380" key="com.pyxis.greenhopper.jira:gh-global-rank">
                        <customfieldname>Rank (Obsolete)</customfieldname>
                        <customfieldvalues>
                            <customfieldvalue>8895</customfieldvalue>
                        </customfieldvalues>
                    </customfield>
                                                                                                                                                    <customfield id="customfield_10171" key="com.atlassian.jira.ext.charting:timeinstatus">
                        <customfieldname>Time in Status</customfieldname>
                        <customfieldvalues>
                            
                        </customfieldvalues>
                    </customfield>
                                                                </customfields>
    </item>
</channel>
</rss>