<!-- 
RSS generated by JIRA (6.4.11#64026-sha1:78f6ec473a3f058bd5d6c30e9319c7ab376bdb9c) at Thu Dec 22 21:39:28 UTC 2016

It is possible to restrict the fields that are returned in this document by specifying the 'field' parameter in your request.
For example, to request only the issue key and summary add field=key&field=summary to the URL of your request.
For example:
https://jira.spring.io/si/jira.issueviews:issue-xml/SPR-13999/SPR-13999.xml?field=key&amp;field=summary
-->
<rss version="0.92" >
<channel>
    <title>Spring JIRA</title>
    <link>https://jira.spring.io</link>
    <description>This file is an XML representation of an issue</description>
    <language>en-uk</language>    <build-info>
        <version>6.4.11</version>
        <build-number>64026</build-number>
        <build-date>25-08-2015</build-date>
    </build-info>

<item>
            <title>[SPR-13999] Regression: RequestMappingHandlerAdapter with synchronizeOnSession=true calls invokeHandlerMethod twice</title>
                <link>https://jira.spring.io/browse/SPR-13999</link>
                <project id="10000" key="SPR">Spring Framework</project>
                    <description>&lt;p&gt;First call on line 726, second 731.&lt;/p&gt;

&lt;p&gt;&lt;a href=&quot;https://github.com/spring-projects/spring-framework/blob/4.2.x/spring-webmvc/src/main/java/org/springframework/web/servlet/mvc/method/annotation/RequestMappingHandlerAdapter.java#L723;L731&quot; class=&quot;external-link&quot; rel=&quot;nofollow&quot;&gt;https://github.com/spring-projects/spring-framework/blob/4.2.x/spring-webmvc/src/main/java/org/springframework/web/servlet/mvc/method/annotation/RequestMappingHandlerAdapter.java#L723;L731&lt;/a&gt;&lt;/p&gt;</description>
            <key id="67824">SPR-13999</key>
            <summary>Regression: RequestMappingHandlerAdapter with synchronizeOnSession=true calls invokeHandlerMethod twice</summary>
                <type id="1" iconUrl="https://jira.spring.io/images/icons/issuetypes/bug.png">Bug</type>
                                            <priority id="3" iconUrl="https://jira.spring.io/images/icons/priorities/major.png">Major</priority>
                        <status id="6" iconUrl="https://jira.spring.io/images/icons/statuses/closed.png" description="The issue is considered finished, the resolution is correct. Issues which are not closed can be reopened.">Closed</status>
                    <statusCategory id="3" key="done" colorName="green"/>
                                    <resolution id="8">Complete</resolution>
                                        <assignee username="juergen.hoeller">Juergen Hoeller</assignee>
                                    <reporter username="iston">Isto Nikula</reporter>
                        <labels>
                    </labels>
                <created>Mon, 29 Feb 2016 09:43:22 +0000</created>
                <updated>Fri, 8 Apr 2016 16:19:25 +0000</updated>
                            <resolved>Mon, 29 Feb 2016 10:17:27 +0000</resolved>
                                    <version>4.2.5</version>
                                    <fixVersion>4.2.6</fixVersion>
                    <fixVersion>4.3 RC1</fixVersion>
                                    <component>Web</component>
                        <due></due>
                            <votes>0</votes>
                                    <watches>2</watches>
                                                                <comments>
                            <comment id="127566" author="juergen.hoeller" created="Mon, 29 Feb 2016 10:17:19 +0000"  >&lt;p&gt;This turns out to be a regression caused by the revised HTTP header handling introduced in 4.2.5 (&lt;a href=&quot;https://jira.spring.io/browse/SPR-13867&quot; title=&quot;ResponseEntity CacheControl ignored / extended by RequestMappingHandlerAdapter&quot; class=&quot;issue-link&quot; data-issue-key=&quot;SPR-13867&quot;&gt;&lt;del&gt;SPR-13867&lt;/del&gt;&lt;/a&gt;). Fixed for 4.2.6 now.&lt;/p&gt;

&lt;p&gt;Juergen&lt;/p&gt;</comment>
                    </comments>
                <issuelinks>
                            <issuelinktype id="10000">
                    <name>Duplicate</name>
                                                                <inwardlinks description="is duplicated by">
                                        <issuelink>
            <issuekey id="67797">SPR-13983</issuekey>
        </issuelink>
            <issuelink>
            <issuekey id="68255">SPR-14136</issuekey>
        </issuelink>
                            </inwardlinks>
                                    </issuelinktype>
                            <issuelinktype id="10151">
                    <name>Relate</name>
                                            <outwardlinks description="relates to">
                                        <issuelink>
            <issuekey id="67309">SPR-13867</issuekey>
        </issuelink>
                            </outwardlinks>
                                                        </issuelinktype>
                    </issuelinks>
                <attachments>
                    </attachments>
                <subtasks>
                    </subtasks>
                <customfields>
                                                <customfield id="customfield_10180" key="com.atlassian.jira.toolkit:dayslastcommented">
                        <customfieldname>Days since last comment</customfieldname>
                        <customfieldvalues>
                                        42 weeks, 3 days ago
    
                        </customfieldvalues>
                    </customfield>
                                                                                            <customfield id="customfield_10170" key="com.atlassian.jira.ext.charting:firstresponsedate">
                        <customfieldname>First Response Date</customfieldname>
                        <customfieldvalues>
                            <customfieldvalue>Mon, 29 Feb 2016 10:17:19 +0000</customfieldvalue>

                        </customfieldvalues>
                    </customfield>
                                                                                            <customfield id="customfield_10181" key="com.atlassian.jira.toolkit:lastusercommented">
                        <customfieldname>Last commented by a User</customfieldname>
                        <customfieldvalues>
                            <customfieldvalue>false</customfieldvalue>
                        </customfieldvalues>
                    </customfield>
                                                                <customfield id="customfield_10182" key="com.atlassian.jira.toolkit:lastupdaterorcommenter">
                        <customfieldname>Last updater</customfieldname>
                        <customfieldvalues>
                            <customfieldvalue>juergen.hoeller</customfieldvalue>

                        </customfieldvalues>
                    </customfield>
                                                                                            <customfield id="customfield_10880" key="com.pyxis.greenhopper.jira:gh-lexo-rank">
                        <customfieldname>Rank</customfieldname>
                        <customfieldvalues>
                            <customfieldvalue>0|i0936v:</customfieldvalue>

                        </customfieldvalues>
                    </customfield>
                                                                <customfield id="customfield_10380" key="com.pyxis.greenhopper.jira:gh-global-rank">
                        <customfieldname>Rank (Obsolete)</customfieldname>
                        <customfieldvalues>
                            <customfieldvalue>9223372036854775807</customfieldvalue>
                        </customfieldvalues>
                    </customfield>
                                                                                                                                                    <customfield id="customfield_10171" key="com.atlassian.jira.ext.charting:timeinstatus">
                        <customfieldname>Time in Status</customfieldname>
                        <customfieldvalues>
                            
                        </customfieldvalues>
                    </customfield>
                                                                </customfields>
    </item>
</channel>
</rss>