<!-- 
RSS generated by JIRA (6.4.11#64026-sha1:78f6ec473a3f058bd5d6c30e9319c7ab376bdb9c) at Thu Dec 22 21:02:32 UTC 2016

It is possible to restrict the fields that are returned in this document by specifying the 'field' parameter in your request.
For example, to request only the issue key and summary add field=key&field=summary to the URL of your request.
For example:
https://jira.spring.io/si/jira.issueviews:issue-xml/SPR-1869/SPR-1869.xml?field=key&amp;field=summary
-->
<rss version="0.92" >
<channel>
    <title>Spring JIRA</title>
    <link>https://jira.spring.io</link>
    <description>This file is an XML representation of an issue</description>
    <language>en-uk</language>    <build-info>
        <version>6.4.11</version>
        <build-number>64026</build-number>
        <build-date>25-08-2015</build-date>
    </build-info>

<item>
            <title>[SPR-1869] commas cause problems in multiple selection list boxes if form holds result in array of strings</title>
                <link>https://jira.spring.io/browse/SPR-1869</link>
                <project id="10000" key="SPR">Spring Framework</project>
                    <description>&lt;p&gt;When one item with one or more commas is selected from a multiple selection list box, e.g., &quot;chorus, band, orchestra&quot;, an array of strings is returned, e.g., &lt;/p&gt;
{&quot;chorus&quot;, &quot;band&quot;, &quot;orchestra&quot;}
&lt;p&gt;.  The item with commas is preserved if several items are selected or if the form holds the items in List&amp;lt;String&amp;gt; rather than String [ ].&lt;/p&gt;</description>
            <key id="13701">SPR-1869</key>
            <summary>commas cause problems in multiple selection list boxes if form holds result in array of strings</summary>
                <type id="1" iconUrl="https://jira.spring.io/images/icons/issuetypes/bug.png">Bug</type>
                                            <priority id="4" iconUrl="https://jira.spring.io/images/icons/priorities/minor.png">Minor</priority>
                        <status id="6" iconUrl="https://jira.spring.io/images/icons/statuses/closed.png" description="The issue is considered finished, the resolution is correct. Issues which are not closed can be reopened.">Closed</status>
                    <statusCategory id="3" key="done" colorName="green"/>
                                    <resolution id="1">Fixed</resolution>
                                        <assignee username="robh">Rob Harrop</assignee>
                                    <reporter username="ratering">Steven Ratering</reporter>
                        <labels>
                    </labels>
                <created>Fri, 7 Apr 2006 05:55:00 +0000</created>
                <updated>Tue, 19 Jun 2012 03:54:40 +0000</updated>
                            <resolved>Mon, 10 Apr 2006 00:28:40 +0000</resolved>
                                                    <fixVersion>2.0 M4</fixVersion>
                                        <due></due>
                            <votes>0</votes>
                                    <watches>1</watches>
                                                                <comments>
                            <comment id="17098" author="robh" created="Sun, 9 Apr 2006 00:14:49 +0000"  >&lt;p&gt;Steven,&lt;/p&gt;

&lt;p&gt;If I understand this, you are binding to a String array, and one of the items in that array is &apos;chorus, band, orchestra&apos;. When just this item is selected you end up with three items in the String[] but when multiple items are selected it works correctly. Can you post your form controller and view template please?&lt;/p&gt;

&lt;p&gt;Rob&lt;/p&gt;</comment>
                            <comment id="17110" author="ratering" created="Mon, 10 Apr 2006 00:12:39 +0000"  >&lt;p&gt;Instead of a form controller, I&apos;m using web flows.  Here&apos;s the action class that gets the data from the form.&lt;/p&gt;
&lt;hr /&gt;
&lt;p&gt;package edu.uwec.registration.flow;&lt;/p&gt;

&lt;p&gt;import ...&lt;br/&gt;
import org.springframework.webflow.Event;&lt;br/&gt;
import org.springframework.webflow.RequestContext;&lt;br/&gt;
import org.springframework.webflow.action.AbstractAction;&lt;/p&gt;

&lt;p&gt;/**&lt;/p&gt;
&lt;ul&gt;
	&lt;li&gt;The doExecute method is called by the framework after the user clicks&lt;/li&gt;
	&lt;li&gt;the submit button.  It calls the searchCourses method which can be&lt;/li&gt;
	&lt;li&gt;configured to a mock back end or the real one.  The searchCourses&lt;/li&gt;
	&lt;li&gt;method returns the list of course sections that satisfy the query.&lt;br/&gt;
 */&lt;br/&gt;
public class ExecuteQueryAction extends AbstractAction {&lt;br/&gt;
    ...    &lt;/li&gt;
&lt;/ul&gt;


&lt;p&gt;    /**&lt;/p&gt;
&lt;ul&gt;
	&lt;li&gt;@see org.springframework.webflow.action.AbstractAction#doExecute(org.springframework.webflow.RequestContext)&lt;br/&gt;
     */&lt;br/&gt;
    @Override&lt;br/&gt;
    protected Event doExecute(RequestContext context) throws Exception 
{
        CourseSearchForm searchForm = (CourseSearchForm)context.getFlowScope().getRequiredAttribute(&quot;searchForm&quot;);
        Map map = new HashMap();
        ...

        // here&apos;s the line that gets the array or list of strings
        map.put(&quot;specialCategories&quot;, searchForm.getSpecialCategories());

        ...
        return success();
    }&lt;/li&gt;
&lt;/ul&gt;


&lt;p&gt;    ...&lt;br/&gt;
}&lt;/p&gt;
&lt;hr /&gt;
&lt;p&gt;I don&apos;t know what a view template is, but here&apos;s the part of the jsp that generates the listbox.&lt;/p&gt;
&lt;hr /&gt;
&lt;p&gt;&amp;lt;spring:bind path=&quot;searchForm.specialCategories&quot;&amp;gt;&lt;br/&gt;
&amp;lt;select name=&quot;specialCategories&quot; size=&quot;4&quot; multiple=&quot;multiple&quot;&amp;gt;&lt;br/&gt;
&amp;lt;c:set var=&quot;statusValue&quot; value=&quot;$&lt;/p&gt;
{status.value}
&lt;p&gt;&quot;/&amp;gt;&lt;br/&gt;
    &amp;lt;option value=&quot;&quot;&lt;br/&gt;
	  &amp;lt;%&lt;br/&gt;
	    String [] selectedCategories = (String [])pageContext.getAttribute(&quot;statusValue&quot;);&lt;br/&gt;
        if (selectedCategories == null || selectedCategories.length == 0 || selectedCategories&lt;span class=&quot;error&quot;&gt;&amp;#91;0&amp;#93;&lt;/span&gt;.compareTo(&quot;&quot;) == 0)&lt;/p&gt;
{
			out.print(&quot;selected=\&quot;selected\&quot;&quot;);
	    }
&lt;p&gt;      %&amp;gt;&lt;br/&gt;
    &amp;gt;None&amp;lt;/option&amp;gt;&lt;br/&gt;
	&amp;lt;c:forEach var=&quot;category&quot; items=&quot;$&lt;/p&gt;
{model.specialCategories}
&lt;p&gt;&quot;&amp;gt;&lt;br/&gt;
		&amp;lt;option value=&quot;$&lt;/p&gt;
{category}&quot; &lt;br/&gt;
			&amp;lt;% &lt;br/&gt;
			String category = (String)pageContext.getAttribute(&quot;category&quot;);&lt;br/&gt;
			if (selectedCategories != null &amp;amp;&amp;amp; Arrays.asList(selectedCategories).contains(category)){
		    	out.print(&quot;selected=\&quot;selected\&quot;&quot;);
			}&lt;br/&gt;
			%&amp;gt;&lt;br/&gt;
		&amp;gt;&lt;br/&gt;
			&amp;lt;c:out value=&quot;${category}
&lt;p&gt;&quot; /&amp;gt;&lt;br/&gt;
		&amp;lt;/option&amp;gt;&lt;br/&gt;
	&amp;lt;/c:forEach&amp;gt;&lt;br/&gt;
&amp;lt;/select&amp;gt;&lt;br/&gt;
&amp;lt;c:if test=&quot;$&lt;/p&gt;
{status.error}
&lt;p&gt;&quot;&amp;gt;&lt;br/&gt;
	&amp;lt;div class=&quot;error&quot;&amp;gt;&amp;lt;c:out value=&quot;$&lt;/p&gt;
{status.errorMessage}
&lt;p&gt;&quot; /&amp;gt;&amp;lt;/div&amp;gt;&lt;br/&gt;
&amp;lt;/c:if&amp;gt;&lt;br/&gt;
&amp;lt;/spring:bind&amp;gt;&lt;/p&gt;</comment>
                            <comment id="17112" author="robh" created="Mon, 10 Apr 2006 00:28:40 +0000"  >&lt;p&gt;StringArrayPropertyEditor is no longer registered by default since we cannot reliably detect String vs. String[] binding when this is auto regiestered.&lt;/p&gt;</comment>
                    </comments>
                    <attachments>
                    </attachments>
                <subtasks>
                    </subtasks>
                <customfields>
                                                <customfield id="customfield_10180" key="com.atlassian.jira.toolkit:dayslastcommented">
                        <customfieldname>Days since last comment</customfieldname>
                        <customfieldvalues>
                                        10 years, 38 weeks, 3 days ago
    
                        </customfieldvalues>
                    </customfield>
                                                                                            <customfield id="customfield_10170" key="com.atlassian.jira.ext.charting:firstresponsedate">
                        <customfieldname>First Response Date</customfieldname>
                        <customfieldvalues>
                            <customfieldvalue>Sun, 9 Apr 2006 00:14:49 +0000</customfieldvalue>

                        </customfieldvalues>
                    </customfield>
                                                                                            <customfield id="customfield_10181" key="com.atlassian.jira.toolkit:lastusercommented">
                        <customfieldname>Last commented by a User</customfieldname>
                        <customfieldvalues>
                            <customfieldvalue>false</customfieldvalue>
                        </customfieldvalues>
                    </customfield>
                                                                <customfield id="customfield_10182" key="com.atlassian.jira.toolkit:lastupdaterorcommenter">
                        <customfieldname>Last updater</customfieldname>
                        <customfieldvalues>
                            <customfieldvalue>tmarshall</customfieldvalue>

                        </customfieldvalues>
                    </customfield>
                                                                                            <customfield id="customfield_10880" key="com.pyxis.greenhopper.jira:gh-lexo-rank">
                        <customfieldname>Rank</customfieldname>
                        <customfieldvalues>
                            <customfieldvalue>0|i04vcn:</customfieldvalue>

                        </customfieldvalues>
                    </customfield>
                                                                <customfield id="customfield_10380" key="com.pyxis.greenhopper.jira:gh-global-rank">
                        <customfieldname>Rank (Obsolete)</customfieldname>
                        <customfieldvalues>
                            <customfieldvalue>28453</customfieldvalue>
                        </customfieldvalues>
                    </customfield>
                                                                                                                                                    <customfield id="customfield_10171" key="com.atlassian.jira.ext.charting:timeinstatus">
                        <customfieldname>Time in Status</customfieldname>
                        <customfieldvalues>
                            
                        </customfieldvalues>
                    </customfield>
                                                                </customfields>
    </item>
</channel>
</rss>