<!-- 
RSS generated by JIRA (6.4.11#64026-sha1:78f6ec473a3f058bd5d6c30e9319c7ab376bdb9c) at Thu Dec 22 19:15:16 UTC 2016

It is possible to restrict the fields that are returned in this document by specifying the 'field' parameter in your request.
For example, to request only the issue key and summary add field=key&field=summary to the URL of your request.
For example:
https://jira.spring.io/si/jira.issueviews:issue-xml/SPR-8733/SPR-8733.xml?field=key&amp;field=summary
-->
<rss version="0.92" >
<channel>
    <title>Spring JIRA</title>
    <link>https://jira.spring.io</link>
    <description>This file is an XML representation of an issue</description>
    <language>en-uk</language>    <build-info>
        <version>6.4.11</version>
        <build-number>64026</build-number>
        <build-date>25-08-2015</build-date>
    </build-info>

<item>
            <title>[SPR-8733] Unable to use @EnableTransactionManagement along with &lt;cache:annotation-driven /&gt;</title>
                <link>https://jira.spring.io/browse/SPR-8733</link>
                <project id="10000" key="SPR">Spring Framework</project>
                    <description>&lt;p&gt;I&apos;m unable to use the new @Cachable construct within spring 3.1 along with the new @EnableTransactionManagement.  My application fails to start with the following exception:&lt;/p&gt;

&lt;p&gt;Caused by: java.lang.IllegalArgumentException: Class name &lt;span class=&quot;error&quot;&gt;&amp;#91;null&amp;#93;&lt;/span&gt; is not a known auto-proxy creator class&lt;br/&gt;
	at org.springframework.aop.config.AopConfigUtils.findPriorityForClass(AopConfigUtils.java:140)&lt;br/&gt;
	at org.springframework.aop.config.AopConfigUtils.registerOrEscalateApcAsRequired(AopConfigUtils.java:113)&lt;br/&gt;
	at org.springframework.aop.config.AopConfigUtils.registerAutoProxyCreatorIfNecessary(AopConfigUtils.java:74)&lt;br/&gt;
	at org.springframework.aop.config.AopNamespaceUtils.registerAutoProxyCreatorIfNecessary(AopNamespaceUtils.java:58)&lt;br/&gt;
	at org.springframework.cache.config.AnnotationDrivenCacheBeanDefinitionParser$AopAutoProxyConfigurer.configureAutoProxyCreator(AnnotationDrivenCacheBeanDefinitionParser.java:109)&lt;br/&gt;
	at org.springframework.cache.config.AnnotationDrivenCacheBeanDefinitionParser.parse(AnnotationDrivenCacheBeanDefinitionParser.java:67)&lt;br/&gt;
	at org.springframework.beans.factory.xml.NamespaceHandlerSupport.parse(NamespaceHandlerSupport.java:73)&lt;br/&gt;
	at org.springframework.beans.factory.xml.BeanDefinitionParserDelegate.parseCustomElement(BeanDefinitionParserDelegate.java:1414)&lt;br/&gt;
	at org.springframework.beans.factory.xml.BeanDefinitionParserDelegate.parseCustomElement(BeanDefinitionParserDelegate.java:1404)&lt;br/&gt;
	at org.springframework.beans.factory.xml.DefaultBeanDefinitionDocumentReader.parseBeanDefinitions(DefaultBeanDefinitionDocumentReader.java:184)&lt;br/&gt;
	at org.springframework.beans.factory.xml.DefaultBeanDefinitionDocumentReader.doRegisterBeanDefinitions(DefaultBeanDefinitionDocumentReader.java:140)&lt;br/&gt;
	at org.springframework.beans.factory.xml.DefaultBeanDefinitionDocumentReader.registerBeanDefinitions(DefaultBeanDefinitionDocumentReader.java:111)&lt;br/&gt;
	at org.springframework.beans.factory.xml.XmlBeanDefinitionReader.registerBeanDefinitions(XmlBeanDefinitionReader.java:493)&lt;br/&gt;
	at org.springframework.beans.factory.xml.XmlBeanDefinitionReader.doLoadBeanDefinitions(XmlBeanDefinitionReader.java:390)&lt;br/&gt;
	... 40 more&lt;/p&gt;


&lt;p&gt;I&apos;ve attached a sample application which has a test case to recreate this issue.&lt;/p&gt;</description>
            <key id="39988">SPR-8733</key>
            <summary>Unable to use @EnableTransactionManagement along with &lt;cache:annotation-driven /&gt;</summary>
                <type id="1" iconUrl="https://jira.spring.io/images/icons/issuetypes/bug.png">Bug</type>
                                            <priority id="3" iconUrl="https://jira.spring.io/images/icons/priorities/major.png">Major</priority>
                        <status id="5" iconUrl="https://jira.spring.io/images/icons/statuses/resolved.png" description="A resolution has been taken, and it is awaiting verification by reporter. From here issues are either reopened, or are closed.">Resolved</status>
                    <statusCategory id="3" key="done" colorName="green"/>
                                    <resolution id="3">Duplicate</resolution>
                                        <assignee username="cbeams">Chris Beams</assignee>
                                    <reporter username="jzcfk9">Brandon M.</reporter>
                        <labels>
                    </labels>
                <created>Fri, 30 Sep 2011 06:09:06 +0000</created>
                <updated>Fri, 30 Sep 2011 09:40:04 +0000</updated>
                            <resolved>Fri, 30 Sep 2011 09:40:02 +0000</resolved>
                                    <version>3.1 M2</version>
                                                    <component>Core</component>
                        <due></due>
                            <votes>0</votes>
                                    <watches>0</watches>
                                                                <comments>
                            <comment id="70895" author="jzcfk9" created="Fri, 30 Sep 2011 06:35:58 +0000"  >&lt;p&gt;I just updated my dependencies to use the latest build snapshot, and it looks like this issue has been fixed (at least the application context loads and the tests pass).  Feel free to close this JIRA.&lt;/p&gt;</comment>
                            <comment id="70910" author="cbeams" created="Fri, 30 Sep 2011 09:40:03 +0000"  >&lt;p&gt;Hi Brandon,&lt;/p&gt;

&lt;p&gt;Indeed, this was already addressed by &lt;a href=&quot;https://jira.spring.io/browse/SPR-8494&quot; title=&quot;@EnableTransactionManagement conflicts with &amp;lt;cache:annotation-driven /&amp;gt;&quot; class=&quot;issue-link&quot; data-issue-key=&quot;SPR-8494&quot;&gt;&lt;del&gt;SPR-8494&lt;/del&gt;&lt;/a&gt;.  Thanks, though for the submission and for taking the time to put together a reproducton project.&lt;/p&gt;

&lt;p&gt;Cheers!&lt;/p&gt;</comment>
                    </comments>
                <issuelinks>
                            <issuelinktype id="10000">
                    <name>Duplicate</name>
                                            <outwardlinks description="duplicates">
                                        <issuelink>
            <issuekey id="38560">SPR-8494</issuekey>
        </issuelink>
                            </outwardlinks>
                                                        </issuelinktype>
                    </issuelinks>
                <attachments>
                            <attachment id="18860" name="CacheTestProject.zip" size="14846" author="jzcfk9" created="Fri, 30 Sep 2011 06:09:06 +0000"/>
                    </attachments>
                <subtasks>
                    </subtasks>
                <customfields>
                                                <customfield id="customfield_10180" key="com.atlassian.jira.toolkit:dayslastcommented">
                        <customfieldname>Days since last comment</customfieldname>
                        <customfieldvalues>
                                        5 years, 12 weeks, 6 days ago
    
                        </customfieldvalues>
                    </customfield>
                                                                                            <customfield id="customfield_10170" key="com.atlassian.jira.ext.charting:firstresponsedate">
                        <customfieldname>First Response Date</customfieldname>
                        <customfieldvalues>
                            <customfieldvalue>Fri, 30 Sep 2011 09:40:03 +0000</customfieldvalue>

                        </customfieldvalues>
                    </customfield>
                                                                                            <customfield id="customfield_10181" key="com.atlassian.jira.toolkit:lastusercommented">
                        <customfieldname>Last commented by a User</customfieldname>
                        <customfieldvalues>
                            <customfieldvalue>true</customfieldvalue>
                        </customfieldvalues>
                    </customfield>
                                                                <customfield id="customfield_10182" key="com.atlassian.jira.toolkit:lastupdaterorcommenter">
                        <customfieldname>Last updater</customfieldname>
                        <customfieldvalues>
                            <customfieldvalue>tmarshall</customfieldvalue>

                        </customfieldvalues>
                    </customfield>
                                                                                            <customfield id="customfield_10880" key="com.pyxis.greenhopper.jira:gh-lexo-rank">
                        <customfieldname>Rank</customfieldname>
                        <customfieldvalues>
                            <customfieldvalue>0|i0324v:</customfieldvalue>

                        </customfieldvalues>
                    </customfield>
                                                                <customfield id="customfield_10380" key="com.pyxis.greenhopper.jira:gh-global-rank">
                        <customfieldname>Rank (Obsolete)</customfieldname>
                        <customfieldvalues>
                            <customfieldvalue>17888</customfieldvalue>
                        </customfieldvalues>
                    </customfield>
                                                                                                                                                    <customfield id="customfield_10171" key="com.atlassian.jira.ext.charting:timeinstatus">
                        <customfieldname>Time in Status</customfieldname>
                        <customfieldvalues>
                            
                        </customfieldvalues>
                    </customfield>
                                                                </customfields>
    </item>
</channel>
</rss>