<!-- 
RSS generated by JIRA (6.4.11#64026-sha1:78f6ec473a3f058bd5d6c30e9319c7ab376bdb9c) at Thu Dec 22 18:27:54 UTC 2016

It is possible to restrict the fields that are returned in this document by specifying the 'field' parameter in your request.
For example, to request only the issue key and summary add field=key&field=summary to the URL of your request.
For example:
https://jira.spring.io/si/jira.issueviews:issue-xml/SPR-9211/SPR-9211.xml?field=key&amp;field=summary
-->
<rss version="0.92" >
<channel>
    <title>Spring JIRA</title>
    <link>https://jira.spring.io</link>
    <description>This file is an XML representation of an issue</description>
    <language>en-uk</language>    <build-info>
        <version>6.4.11</version>
        <build-number>64026</build-number>
        <build-date>25-08-2015</build-date>
    </build-info>

<item>
            <title>[SPR-9211] Release 1.0 spring-test-mvc</title>
                <link>https://jira.spring.io/browse/SPR-9211</link>
                <project id="10000" key="SPR">Spring Framework</project>
                    <description>&lt;p&gt;Spring 3.2 seems like a long ways out. Spring-test-mvc is very useful, but milestone releases are a tough sell in a lot of enterprise projects. Is there any chance this will get versioned and released stand-alone before 3.2?&lt;/p&gt;</description>
            <key id="42526">SPR-9211</key>
            <summary>Release 1.0 spring-test-mvc</summary>
                <type id="3" iconUrl="https://jira.spring.io/images/icons/issuetypes/task.png">Task</type>
                                            <priority id="4" iconUrl="https://jira.spring.io/images/icons/priorities/minor.png">Minor</priority>
                        <status id="6" iconUrl="https://jira.spring.io/images/icons/statuses/closed.png" description="The issue is considered finished, the resolution is correct. Issues which are not closed can be reopened.">Closed</status>
                    <statusCategory id="3" key="done" colorName="green"/>
                                    <resolution id="3">Duplicate</resolution>
                                        <assignee username="rstoya05-aop">Rossen Stoyanchev</assignee>
                                    <reporter username="dvb1213">David Victor</reporter>
                        <labels>
                    </labels>
                <created>Fri, 9 Mar 2012 03:18:11 +0000</created>
                <updated>Tue, 6 May 2014 04:09:25 +0000</updated>
                            <resolved>Mon, 5 May 2014 18:05:48 +0000</resolved>
                                    <version>3.1.2</version>
                                                    <component>Test</component>
                    <component>Web</component>
                        <due></due>
                            <votes>10</votes>
                                    <watches>11</watches>
                                                                <comments>
                            <comment id="79718" author="kreyssel" created="Fri, 8 Jun 2012 04:57:04 +0000"  >&lt;p&gt;Any plans to release it with Spring 3.2?&lt;/p&gt;</comment>
                            <comment id="79752" author="sbrannen" created="Sat, 9 Jun 2012 14:03:19 +0000"  >&lt;p&gt;Hi Conny,&lt;/p&gt;

&lt;p&gt;Yes, we intend to incorporate the functionality in &lt;tt&gt;spring-test-mvc&lt;/tt&gt; in Spring 3.2.&lt;/p&gt;

&lt;p&gt;Feel free to watch &lt;a href=&quot;https://jira.spring.io/browse/SPR-5243&quot; title=&quot;Support loading WebApplicationContexts with the TestContext Framework&quot; class=&quot;issue-link&quot; data-issue-key=&quot;SPR-5243&quot;&gt;&lt;del&gt;SPR-5243&lt;/del&gt;&lt;/a&gt; and &lt;a href=&quot;https://jira.spring.io/browse/SPR-7951&quot; title=&quot;Add first class support for client-side REST tests&quot; class=&quot;issue-link&quot; data-issue-key=&quot;SPR-7951&quot;&gt;&lt;del&gt;SPR-7951&lt;/del&gt;&lt;/a&gt;.&lt;/p&gt;

&lt;p&gt;Sam&lt;/p&gt;</comment>
                            <comment id="79763" author="dvb123" created="Sun, 10 Jun 2012 10:19:07 +0000"  >&lt;p&gt;Original point of this task was to request consideration of a release &lt;b&gt;prior&lt;/b&gt; to 3.2. &lt;img class=&quot;emoticon&quot; src=&quot;https://jira.spring.io/images/icons/emoticons/smile.png&quot; height=&quot;16&quot; width=&quot;16&quot; align=&quot;absmiddle&quot; alt=&quot;&quot; border=&quot;0&quot;/&gt; &lt;/p&gt;

&lt;p&gt;This comment also was logged on the forum&lt;/p&gt;

&lt;blockquote&gt;
&lt;p&gt;The Spring Framework 3.2 M1 milestone was released today. Regrettably, spring-test-mvc does not seem to be included in that release. I tried to add the following lines to my pom:&lt;/p&gt;&lt;/blockquote&gt;</comment>
                            <comment id="81270" author="cbeams" created="Fri, 29 Jun 2012 07:47:37 +0000"  >&lt;p&gt;David, 1.0 M1 of spring-test-mvc has been released separately for now.  See &lt;a href=&quot;https://twitter.com/rstoya05/status/218160348644122624&quot; class=&quot;external-link&quot; rel=&quot;nofollow&quot;&gt;https://twitter.com/rstoya05/status/218160348644122624&lt;/a&gt;.&lt;/p&gt;</comment>
                            <comment id="84053" author="rstoya05-aop" created="Fri, 5 Oct 2012 09:01:35 +0000"  >&lt;p&gt;A second milestone of the &lt;a href=&quot;https://github.com/SpringSource/spring-test-mvc&quot; class=&quot;external-link&quot; rel=&quot;nofollow&quot;&gt;spring-test-mvc&lt;/a&gt; project has been released.&lt;/p&gt;</comment>
                    </comments>
                <issuelinks>
                            <issuelinktype id="10151">
                    <name>Relate</name>
                                            <outwardlinks description="relates to">
                                        <issuelink>
            <issuekey id="24462">SPR-5243</issuekey>
        </issuelink>
            <issuelink>
            <issuekey id="36262">SPR-7951</issuekey>
        </issuelink>
                            </outwardlinks>
                                                                <inwardlinks description="is related to">
                                        <issuelink>
            <issuekey id="45652">SPR-9859</issuekey>
        </issuelink>
                            </inwardlinks>
                                    </issuelinktype>
                    </issuelinks>
                <attachments>
                    </attachments>
                <subtasks>
                    </subtasks>
                <customfields>
                                                <customfield id="customfield_10180" key="com.atlassian.jira.toolkit:dayslastcommented">
                        <customfieldname>Days since last comment</customfieldname>
                        <customfieldvalues>
                                        4 years, 11 weeks, 6 days ago
    
                        </customfieldvalues>
                    </customfield>
                                                                                            <customfield id="customfield_10170" key="com.atlassian.jira.ext.charting:firstresponsedate">
                        <customfieldname>First Response Date</customfieldname>
                        <customfieldvalues>
                            <customfieldvalue>Fri, 8 Jun 2012 04:57:04 +0000</customfieldvalue>

                        </customfieldvalues>
                    </customfield>
                                                                                            <customfield id="customfield_10181" key="com.atlassian.jira.toolkit:lastusercommented">
                        <customfieldname>Last commented by a User</customfieldname>
                        <customfieldvalues>
                            <customfieldvalue>false</customfieldvalue>
                        </customfieldvalues>
                    </customfield>
                                                                <customfield id="customfield_10182" key="com.atlassian.jira.toolkit:lastupdaterorcommenter">
                        <customfieldname>Last updater</customfieldname>
                        <customfieldvalues>
                            <customfieldvalue>sbrannen</customfieldvalue>

                        </customfieldvalues>
                    </customfield>
                                                                                            <customfield id="customfield_10880" key="com.pyxis.greenhopper.jira:gh-lexo-rank">
                        <customfieldname>Rank</customfieldname>
                        <customfieldvalues>
                            <customfieldvalue>0|i05fuf:</customfieldvalue>

                        </customfieldvalues>
                    </customfield>
                                                                <customfield id="customfield_10380" key="com.pyxis.greenhopper.jira:gh-global-rank">
                        <customfieldname>Rank (Obsolete)</customfieldname>
                        <customfieldvalues>
                            <customfieldvalue>31773</customfieldvalue>
                        </customfieldvalues>
                    </customfield>
                                                                <customfield id="customfield_10120" key="com.atlassian.jira.plugin.system.customfieldtypes:url">
                        <customfieldname>Reference URL</customfieldname>
                        <customfieldvalues>
                            <customfieldvalue><![CDATA[http://forum.springsource.org/showthread.php?122254-Spring-Test-MVC-release-date]]></customfieldvalue>

                        </customfieldvalues>
                    </customfield>
                                                                                                                        <customfield id="customfield_10171" key="com.atlassian.jira.ext.charting:timeinstatus">
                        <customfieldname>Time in Status</customfieldname>
                        <customfieldvalues>
                            
                        </customfieldvalues>
                    </customfield>
                                                                </customfields>
    </item>
</channel>
</rss>