<!-- 
RSS generated by JIRA (6.4.11#64026-sha1:78f6ec473a3f058bd5d6c30e9319c7ab376bdb9c) at Thu Dec 22 19:47:47 UTC 2016

It is possible to restrict the fields that are returned in this document by specifying the 'field' parameter in your request.
For example, to request only the issue key and summary add field=key&field=summary to the URL of your request.
For example:
https://jira.spring.io/si/jira.issueviews:issue-xml/SPR-8319/SPR-8319.xml?field=key&amp;field=summary
-->
<rss version="0.92" >
<channel>
    <title>Spring JIRA</title>
    <link>https://jira.spring.io</link>
    <description>This file is an XML representation of an issue</description>
    <language>en-uk</language>    <build-info>
        <version>6.4.11</version>
        <build-number>64026</build-number>
        <build-date>25-08-2015</build-date>
    </build-info>

<item>
            <title>[SPR-8319] Look up of parameter annotations causes deadlock</title>
                <link>https://jira.spring.io/browse/SPR-8319</link>
                <project id="10000" key="SPR">Spring Framework</project>
                    <description>&lt;p&gt;When there are a lot of requests hitting a request method with parameter annotations we occasionally get a deadlock in the jvm (see below for stack trace). I think this could be easily fixed in the org.springframework.core.HandlerMethodInvoker, if - instead of creating a new instance of MethodParameter every time (line 243) - the methodParameters and their annotations would be cached. This would also give us a nice performance gain, since we don&apos;t need to lookup annotations every time the request method is called.  &lt;/p&gt;

&lt;p&gt;java.lang.Thread.State: BLOCKED (on object monitor)&lt;br/&gt;
 at java.lang.reflect.Proxy.getProxyClass(Proxy.java:417)  - waiting to lock &amp;lt;0x00000000ac1166d0&amp;gt; (a java.util.HashMap)&lt;br/&gt;
 at java.lang.reflect.Proxy.newProxyInstance(Proxy.java:581)&lt;br/&gt;
 at sun.reflect.annotation.AnnotationParser.annotationForMap(AnnotationParser.java:239)&lt;br/&gt;
 at sun.reflect.annotation.AnnotationParser.parseAnnotation(AnnotationParser.java:229)&lt;br/&gt;
 at sun.reflect.annotation.AnnotationParser.parseParameterAnnotations2(AnnotationParser.java:133)&lt;br/&gt;
 at sun.reflect.annotation.AnnotationParser.parseParameterAnnotations(AnnotationParser.java:110)&lt;br/&gt;
 at java.lang.reflect.Method.getParameterAnnotations(Method.java:751)&lt;br/&gt;
 at org.springframework.core.MethodParameter.getParameterAnnotations(MethodParameter.java:232)&lt;br/&gt;
 at org.springframework.web.bind.annotation.support.HandlerMethodInvoker.resolveHandlerArguments(HandlerMethodInvoker.java:246)&lt;br/&gt;
 at org.springframework.web.bind.annotation.support.HandlerMethodInvoker.invokeHandlerMethod(HandlerMethodInvoker.java:169)&lt;br/&gt;
 at org.springframework.web.servlet.mvc.annotation.AnnotationMethodHandlerAdapter.invokeHandlerMethod(AnnotationMethodHandlerAdapter.java:421)&lt;br/&gt;
 at org.springframework.web.servlet.mvc.annotation.AnnotationMethodHandlerAdapter.handle(AnnotationMethodHandlerAdapter.java:409)&lt;br/&gt;
 at org.springframework.web.servlet.DispatcherServlet.doDispatch(DispatcherServlet.java:771)&lt;br/&gt;
 at org.springframework.web.servlet.DispatcherServlet.doService(DispatcherServlet.java:716)&lt;br/&gt;
 at org.springframework.web.servlet.FrameworkServlet.processRequest(FrameworkServlet.java:644)&lt;br/&gt;
 at org.springframework.web.servlet.FrameworkServlet.doGet(FrameworkServlet.java:549)&lt;br/&gt;
 at javax.servlet.http.HttpServlet.service(HttpServlet.java:707)&lt;/p&gt;

&lt;p&gt;Blocked by:&lt;/p&gt;


&lt;p&gt; java.lang.Thread.State: BLOCKED (on object monitor)&lt;br/&gt;
 at java.util.AbstractList.iterator(AbstractList.java:273)&lt;br/&gt;
 at java.util.AbstractList.hashCode(AbstractList.java:524)&lt;br/&gt;
 at java.util.HashMap.get(HashMap.java:300)&lt;br/&gt;
 at java.lang.reflect.Proxy.getProxyClass(Proxy.java:426)  - locked &amp;lt;0x00000000ac1166d0&amp;gt; (a java.util.HashMap)&lt;br/&gt;
 at java.lang.reflect.Proxy.newProxyInstance(Proxy.java:581)&lt;br/&gt;
 at sun.reflect.annotation.AnnotationParser.annotationForMap(AnnotationParser.java:239)&lt;br/&gt;
 at sun.reflect.annotation.AnnotationParser.parseAnnotation(AnnotationParser.java:229)&lt;br/&gt;
 at sun.reflect.annotation.AnnotationParser.parseParameterAnnotations2(AnnotationParser.java:133)&lt;br/&gt;
 at sun.reflect.annotation.AnnotationParser.parseParameterAnnotations(AnnotationParser.java:110)&lt;br/&gt;
 at java.lang.reflect.Method.getParameterAnnotations(Method.java:751)&lt;br/&gt;
 at org.springframework.core.MethodParameter.getParameterAnnotations(MethodParameter.java:232)&lt;br/&gt;
 at org.springframework.web.bind.annotation.support.HandlerMethodInvoker.resolveHandlerArguments(HandlerMethodInvoker.java:246)&lt;br/&gt;
 at org.springframework.web.bind.annotation.support.HandlerMethodInvoker.invokeHandlerMethod(HandlerMethodInvoker.java:169)&lt;br/&gt;
 at org.springframework.web.servlet.mvc.annotation.AnnotationMethodHandlerAdapter.invokeHandlerMethod(AnnotationMethodHandlerAdapter.java:421)&lt;br/&gt;
 at org.springframework.web.servlet.mvc.annotation.AnnotationMethodHandlerAdapter.handle(AnnotationMethodHandlerAdapter.java:409)&lt;br/&gt;
 at org.springframework.web.servlet.DispatcherServlet.doDispatch(DispatcherServlet.java:771)&lt;br/&gt;
 at org.springframework.web.servlet.DispatcherServlet.doService(DispatcherServlet.java:716)&lt;br/&gt;
 at org.springframework.web.servlet.FrameworkServlet.processRequest(FrameworkServlet.java:644)&lt;br/&gt;
 at org.springframework.web.servlet.FrameworkServlet.doGet(FrameworkServlet.java:549)&lt;br/&gt;
 at javax.servlet.http.HttpServlet.service(HttpServlet.java:707)&lt;/p&gt;</description>
            <key id="37849">SPR-8319</key>
            <summary>Look up of parameter annotations causes deadlock</summary>
                <type id="1" iconUrl="https://jira.spring.io/images/icons/issuetypes/bug.png">Bug</type>
                                            <priority id="4" iconUrl="https://jira.spring.io/images/icons/priorities/minor.png">Minor</priority>
                        <status id="5" iconUrl="https://jira.spring.io/images/icons/statuses/resolved.png" description="A resolution has been taken, and it is awaiting verification by reporter. From here issues are either reopened, or are closed.">Resolved</status>
                    <statusCategory id="3" key="done" colorName="green"/>
                                    <resolution id="3">Duplicate</resolution>
                                        <assignee username="cbeams">Chris Beams</assignee>
                                    <reporter username="jtuchscherer">Johannes Tuchscherer</reporter>
                        <labels>
                    </labels>
                <created>Mon, 9 May 2011 13:55:40 +0000</created>
                <updated>Thu, 13 Sep 2012 16:01:30 +0000</updated>
                            <resolved>Wed, 16 May 2012 06:34:33 +0000</resolved>
                                    <version>3.0.2</version>
                                                    <component>Core</component>
                        <due></due>
                            <votes>1</votes>
                                    <watches>2</watches>
                                                                <comments>
                            <comment id="72077" author="rroberts" created="Fri, 28 Oct 2011 10:06:03 +0000"  >&lt;p&gt;We are running some high-volume load tests and seeing the same.  Tomcat 6.0.32 Spring 3.0.5.  Is there any resolution to this issue?&lt;/p&gt;</comment>
                            <comment id="78888" author="cbeams" created="Wed, 16 May 2012 06:34:36 +0000"  >&lt;p&gt;This issue has just been fixed with the resolution of &lt;a href=&quot;https://jira.spring.io/browse/SPR-9298&quot; title=&quot;monitor contention at org.springframework.core.MethodParameter.getParameterAnnotations()&quot; class=&quot;issue-link&quot; data-issue-key=&quot;SPR-9298&quot;&gt;&lt;del&gt;SPR-9298&lt;/del&gt;&lt;/a&gt;.&lt;/p&gt;

&lt;p&gt;Please give the latest 3.2.0.BUILD-SNAPSHOT a try and let us know (in comments on &lt;a href=&quot;https://jira.spring.io/browse/SPR-9298&quot; title=&quot;monitor contention at org.springframework.core.MethodParameter.getParameterAnnotations()&quot; class=&quot;issue-link&quot; data-issue-key=&quot;SPR-9298&quot;&gt;&lt;del&gt;SPR-9298&lt;/del&gt;&lt;/a&gt;) how it goes!&lt;/p&gt;</comment>
                    </comments>
                <issuelinks>
                            <issuelinktype id="10000">
                    <name>Duplicate</name>
                                            <outwardlinks description="duplicates">
                                        <issuelink>
            <issuekey id="42798">SPR-9298</issuekey>
        </issuelink>
                            </outwardlinks>
                                                        </issuelinktype>
                            <issuelinktype id="10151">
                    <name>Relate</name>
                                                                <inwardlinks description="is related to">
                                        <issuelink>
            <issuekey id="45417">SPR-9796</issuekey>
        </issuelink>
                            </inwardlinks>
                                    </issuelinktype>
                    </issuelinks>
                <attachments>
                    </attachments>
                <subtasks>
                    </subtasks>
                <customfields>
                                                <customfield id="customfield_10180" key="com.atlassian.jira.toolkit:dayslastcommented">
                        <customfieldname>Days since last comment</customfieldname>
                        <customfieldvalues>
                                        4 years, 32 weeks, 1 day ago
    
                        </customfieldvalues>
                    </customfield>
                                                                                            <customfield id="customfield_10170" key="com.atlassian.jira.ext.charting:firstresponsedate">
                        <customfieldname>First Response Date</customfieldname>
                        <customfieldvalues>
                            <customfieldvalue>Fri, 28 Oct 2011 10:06:03 +0000</customfieldvalue>

                        </customfieldvalues>
                    </customfield>
                                                                                            <customfield id="customfield_10181" key="com.atlassian.jira.toolkit:lastusercommented">
                        <customfieldname>Last commented by a User</customfieldname>
                        <customfieldvalues>
                            <customfieldvalue>true</customfieldvalue>
                        </customfieldvalues>
                    </customfield>
                                                                <customfield id="customfield_10182" key="com.atlassian.jira.toolkit:lastupdaterorcommenter">
                        <customfieldname>Last updater</customfieldname>
                        <customfieldvalues>
                            <customfieldvalue>pwebb</customfieldvalue>

                        </customfieldvalues>
                    </customfield>
                                                                                            <customfield id="customfield_10880" key="com.pyxis.greenhopper.jira:gh-lexo-rank">
                        <customfieldname>Rank</customfieldname>
                        <customfieldvalues>
                            <customfieldvalue>0|i00wdb:</customfieldvalue>

                        </customfieldvalues>
                    </customfield>
                                                                <customfield id="customfield_10380" key="com.pyxis.greenhopper.jira:gh-global-rank">
                        <customfieldname>Rank (Obsolete)</customfieldname>
                        <customfieldvalues>
                            <customfieldvalue>5289</customfieldvalue>
                        </customfieldvalues>
                    </customfield>
                                                                                                                                                    <customfield id="customfield_10171" key="com.atlassian.jira.ext.charting:timeinstatus">
                        <customfieldname>Time in Status</customfieldname>
                        <customfieldvalues>
                            
                        </customfieldvalues>
                    </customfield>
                                                                </customfields>
    </item>
</channel>
</rss>