<!-- 
RSS generated by JIRA (6.4.11#64026-sha1:78f6ec473a3f058bd5d6c30e9319c7ab376bdb9c) at Thu Dec 22 20:25:58 UTC 2016

It is possible to restrict the fields that are returned in this document by specifying the 'field' parameter in your request.
For example, to request only the issue key and summary add field=key&field=summary to the URL of your request.
For example:
https://jira.spring.io/si/jira.issueviews:issue-xml/SPR-2623/SPR-2623.xml?field=key&amp;field=summary
-->
<rss version="0.92" >
<channel>
    <title>Spring JIRA</title>
    <link>https://jira.spring.io</link>
    <description>This file is an XML representation of an issue</description>
    <language>en-uk</language>    <build-info>
        <version>6.4.11</version>
        <build-number>64026</build-number>
        <build-date>25-08-2015</build-date>
    </build-info>

<item>
            <title>[SPR-2623] FlushMode.NEVER deprecated in Hibernate 3.2 in favor of FlushMode.MANUAL</title>
                <link>https://jira.spring.io/browse/SPR-2623</link>
                <project id="10000" key="SPR">Spring Framework</project>
                    <description>&lt;p&gt;Hibernate 3.2 (as of CR3) has deprecated FlushMode.NEVER in favor of FlushMode.MANUAL. It seems it is purely a renaming (i.e., they have the same level of 0), but both still exist and they&apos;re distinct objects. Thus, using FlushMode.MANUAL in favor of FlushMode.NEVER will cause unexpected behavior in many hibernate-related Spring classes, which still are only checking for FlushMode.NEVER. The classes where this could be a problem include:&lt;/p&gt;

&lt;p&gt;org.springframework.orm.hibernate3&lt;/p&gt;
&lt;ul class=&quot;alternate&quot; type=&quot;square&quot;&gt;
	&lt;li&gt;HibernateAccessor&lt;/li&gt;
	&lt;li&gt;HibernateTemplate&lt;/li&gt;
	&lt;li&gt;HibernateTransactionManager&lt;/li&gt;
	&lt;li&gt;SessionFactoryUtils&lt;/li&gt;
	&lt;li&gt;SpringSessionSynchronization&lt;br/&gt;
org.springframework.orm.hibernate3.support&lt;/li&gt;
	&lt;li&gt;OpenSessionInViewFilter&lt;/li&gt;
&lt;/ul&gt;


&lt;p&gt;For example, our app, which makes heavy use of both Spring and Hibernate, recently started using Spring 2.0 cr4 and Hibernate 3.2 cr4. When I replaced all occurrences of FlushMode.NEVER with FlushMode.MANUAL in our project, we ended up not having any actions to commit when the transaction closed, but there were still unflushed actions when the session closed. We were using a subclass of OpenSessionInView, which was allowed for configuring a different FlushMode, so this may be the source of the issue. At any rate, switching all instances of FlushMode.MANUAL back to NEVER fixed the problem. &lt;/p&gt;

&lt;p&gt;It seems the Spring support classes should check for both.&lt;/p&gt;</description>
            <key id="15030">SPR-2623</key>
            <summary>FlushMode.NEVER deprecated in Hibernate 3.2 in favor of FlushMode.MANUAL</summary>
                <type id="1" iconUrl="https://jira.spring.io/images/icons/issuetypes/bug.png">Bug</type>
                                            <priority id="3" iconUrl="https://jira.spring.io/images/icons/priorities/major.png">Major</priority>
                        <status id="6" iconUrl="https://jira.spring.io/images/icons/statuses/closed.png" description="The issue is considered finished, the resolution is correct. Issues which are not closed can be reopened.">Closed</status>
                    <statusCategory id="3" key="done" colorName="green"/>
                                    <resolution id="1">Fixed</resolution>
                                        <assignee username="juergen.hoeller">Juergen Hoeller</assignee>
                                    <reporter username="shaug">Scott Haug</reporter>
                        <labels>
                    </labels>
                <created>Thu, 21 Sep 2006 10:37:39 +0000</created>
                <updated>Tue, 19 Jun 2012 03:51:21 +0000</updated>
                            <resolved>Thu, 21 Sep 2006 20:34:30 +0000</resolved>
                                    <version>2.0 RC4</version>
                                    <fixVersion>2.0 final</fixVersion>
                                        <due></due>
                            <votes>0</votes>
                                    <watches>1</watches>
                                                                <comments>
                            <comment id="19794" author="juergen.hoeller" created="Thu, 21 Sep 2006 20:34:30 +0000"  >&lt;p&gt;Thanks for pointing this out! It&apos;s indeed a bit of a pain to have to deal with two distinct FlushMode instances there...&lt;/p&gt;

&lt;p&gt;Anyway, I&apos;ve changed all our &quot;equals(FlushMode.NEVER)&quot; checks to use &quot;FlushMode.lessThan(FlushMode.COMMIT)&quot; instead, which should catch both NEVER and MANUAL. Furthermore, this &quot;lessThan&quot; check should also work on Hibernate 3.0, which we still aim to be compatible with (as far as possible; mainly for JDK 1.3 users, who won&apos;t be happy with Hibernate 3.1 and later requiring JDK 1.4+). For the latter reason, it&apos;s also that our &quot;setFlushMode(FlushMode.NEVER)&quot; calls have to remain the same, even if NEVER is deprecated now: &quot;FlushMode.MANUAL&quot; simply won&apos;t work on Hibernate 3.0/3.1. That said, this present refined code should work fine for typical needs...&lt;/p&gt;

&lt;p&gt;Juergen&lt;/p&gt;</comment>
                    </comments>
                    <attachments>
                    </attachments>
                <subtasks>
                    </subtasks>
                <customfields>
                                                <customfield id="customfield_10180" key="com.atlassian.jira.toolkit:dayslastcommented">
                        <customfieldname>Days since last comment</customfieldname>
                        <customfieldvalues>
                                        10 years, 14 weeks, 6 days ago
    
                        </customfieldvalues>
                    </customfield>
                                                                                            <customfield id="customfield_10170" key="com.atlassian.jira.ext.charting:firstresponsedate">
                        <customfieldname>First Response Date</customfieldname>
                        <customfieldvalues>
                            <customfieldvalue>Thu, 21 Sep 2006 20:34:30 +0000</customfieldvalue>

                        </customfieldvalues>
                    </customfield>
                                                                                            <customfield id="customfield_10181" key="com.atlassian.jira.toolkit:lastusercommented">
                        <customfieldname>Last commented by a User</customfieldname>
                        <customfieldvalues>
                            <customfieldvalue>false</customfieldvalue>
                        </customfieldvalues>
                    </customfield>
                                                                <customfield id="customfield_10182" key="com.atlassian.jira.toolkit:lastupdaterorcommenter">
                        <customfieldname>Last updater</customfieldname>
                        <customfieldvalues>
                            <customfieldvalue>tmarshall</customfieldvalue>

                        </customfieldvalues>
                    </customfield>
                                                                                            <customfield id="customfield_10880" key="com.pyxis.greenhopper.jira:gh-lexo-rank">
                        <customfieldname>Rank</customfieldname>
                        <customfieldvalues>
                            <customfieldvalue>0|i00vqf:</customfieldvalue>

                        </customfieldvalues>
                    </customfield>
                                                                <customfield id="customfield_10380" key="com.pyxis.greenhopper.jira:gh-global-rank">
                        <customfieldname>Rank (Obsolete)</customfieldname>
                        <customfieldvalues>
                            <customfieldvalue>5186</customfieldvalue>
                        </customfieldvalues>
                    </customfield>
                                                                                                                                                    <customfield id="customfield_10171" key="com.atlassian.jira.ext.charting:timeinstatus">
                        <customfieldname>Time in Status</customfieldname>
                        <customfieldvalues>
                            
                        </customfieldvalues>
                    </customfield>
                                                                </customfields>
    </item>
</channel>
</rss>