<!-- 
RSS generated by JIRA (6.4.11#64026-sha1:78f6ec473a3f058bd5d6c30e9319c7ab376bdb9c) at Thu Dec 22 20:09:10 UTC 2016

It is possible to restrict the fields that are returned in this document by specifying the 'field' parameter in your request.
For example, to request only the issue key and summary add field=key&field=summary to the URL of your request.
For example:
https://jira.spring.io/si/jira.issueviews:issue-xml/SPR-1897/SPR-1897.xml?field=key&amp;field=summary
-->
<rss version="0.92" >
<channel>
    <title>Spring JIRA</title>
    <link>https://jira.spring.io</link>
    <description>This file is an XML representation of an issue</description>
    <language>en-uk</language>    <build-info>
        <version>6.4.11</version>
        <build-number>64026</build-number>
        <build-date>25-08-2015</build-date>
    </build-info>

<item>
            <title>[SPR-1897] BeanWrapperImpl changes null to new T[] {null}</title>
                <link>https://jira.spring.io/browse/SPR-1897</link>
                <project id="10000" key="SPR">Spring Framework</project>
                    <description>&lt;p&gt;BeanWrapperImpl.doTypeConversionIfNecessary is converting null to be a single array element with a null in it. From the simple test case below:&lt;/p&gt;

&lt;p&gt;    beanWrapper.setPropertyValue(&quot;data&quot;, null);&lt;br/&gt;
    assertEquals(null, beanWrapper.getPropertyValue(&quot;data&quot;));&lt;/p&gt;

&lt;p&gt;In the branch of that method that mutates the value when setting the property, there is the comment &quot;A plain value: convert it to an array with a single component.&quot; so it&apos;s being done on purpose, but it&apos;s a very bad thing when you set a property to a value and then it is not equal to that value.&lt;/p&gt;

&lt;p&gt;Test case:&lt;/p&gt;

&lt;p&gt;  public static class MyClass {&lt;br/&gt;
    private MyDataClass[] data;&lt;/p&gt;

&lt;p&gt;    public MyDataClass[] getData() &lt;/p&gt;
{
      return data;
    }

&lt;p&gt;    public void setData(MyDataClass[] data) &lt;/p&gt;
{
      this.data = data;
    }
&lt;p&gt;  }&lt;/p&gt;

&lt;p&gt;  public static class MyDataClass {&lt;br/&gt;
  }&lt;/p&gt;

&lt;p&gt;  public void testBeanWrapper() throws Exception &lt;/p&gt;
{
    MyClass myClass = new MyClass();
    BeanWrapperImpl beanWrapper = new BeanWrapperImpl(myClass);
    beanWrapper.setPropertyValue(&quot;data&quot;, null);
    assertEquals(null, beanWrapper.getPropertyValue(&quot;data&quot;));
    assertEquals(null, myClass.getData());  // both fail
  }</description>
            <key id="13751">SPR-1897</key>
            <summary>BeanWrapperImpl changes null to new T[] {null}</summary>
                <type id="1" iconUrl="https://jira.spring.io/images/icons/issuetypes/bug.png">Bug</type>
                                            <priority id="2" iconUrl="https://jira.spring.io/images/icons/priorities/critical.png">Critical</priority>
                        <status id="6" iconUrl="https://jira.spring.io/images/icons/statuses/closed.png" description="The issue is considered finished, the resolution is correct. Issues which are not closed can be reopened.">Closed</status>
                    <statusCategory id="3" key="done" colorName="green"/>
                                    <resolution id="3">Duplicate</resolution>
                                        <assignee username="juergen.hoeller">Juergen Hoeller</assignee>
                                    <reporter username="jdigger">Jim Moore</reporter>
                        <labels>
                    </labels>
                <created>Fri, 14 Apr 2006 23:51:34 +0000</created>
                <updated>Sat, 15 Apr 2006 02:00:44 +0000</updated>
                            <resolved>Sat, 15 Apr 2006 01:58:50 +0000</resolved>
                                    <version>1.2.7</version>
                                                    <component>Core</component>
                        <due></due>
                            <votes>1</votes>
                                    <watches>1</watches>
                                                                <comments>
                            <comment id="17190" author="fabio" created="Sat, 15 Apr 2006 01:09:34 +0000"  >&lt;p&gt;See &lt;a href=&quot;https://jira.spring.io/browse/SPR-1823&quot; title=&quot;BeanWrapperImpl: wrong null treatment in array properties&quot; class=&quot;issue-link&quot; data-issue-key=&quot;SPR-1823&quot;&gt;&lt;del&gt;SPR-1823&lt;/del&gt;&lt;/a&gt;&lt;/p&gt;

&lt;p&gt;Ciao, Fabio.&lt;/p&gt;</comment>
                            <comment id="17191" author="jdigger" created="Sat, 15 Apr 2006 02:00:44 +0000"  >&lt;p&gt;Thanks for pointing that out to me, Fabio.&lt;/p&gt;</comment>
                    </comments>
                    <attachments>
                    </attachments>
                <subtasks>
                    </subtasks>
                <customfields>
                                                <customfield id="customfield_10180" key="com.atlassian.jira.toolkit:dayslastcommented">
                        <customfieldname>Days since last comment</customfieldname>
                        <customfieldvalues>
                                        10 years, 37 weeks, 5 days ago
    
                        </customfieldvalues>
                    </customfield>
                                                                                            <customfield id="customfield_10170" key="com.atlassian.jira.ext.charting:firstresponsedate">
                        <customfieldname>First Response Date</customfieldname>
                        <customfieldvalues>
                            <customfieldvalue>Sat, 15 Apr 2006 01:09:34 +0000</customfieldvalue>

                        </customfieldvalues>
                    </customfield>
                                                                                            <customfield id="customfield_10181" key="com.atlassian.jira.toolkit:lastusercommented">
                        <customfieldname>Last commented by a User</customfieldname>
                        <customfieldvalues>
                            <customfieldvalue>false</customfieldvalue>
                        </customfieldvalues>
                    </customfield>
                                                                <customfield id="customfield_10182" key="com.atlassian.jira.toolkit:lastupdaterorcommenter">
                        <customfieldname>Last updater</customfieldname>
                        <customfieldvalues>
                            <customfieldvalue>tmarshall</customfieldvalue>

                        </customfieldvalues>
                    </customfield>
                                                                                            <customfield id="customfield_10880" key="com.pyxis.greenhopper.jira:gh-lexo-rank">
                        <customfieldname>Rank</customfieldname>
                        <customfieldvalues>
                            <customfieldvalue>0|i038of:</customfieldvalue>

                        </customfieldvalues>
                    </customfield>
                                                                <customfield id="customfield_10380" key="com.pyxis.greenhopper.jira:gh-global-rank">
                        <customfieldname>Rank (Obsolete)</customfieldname>
                        <customfieldvalues>
                            <customfieldvalue>18948</customfieldvalue>
                        </customfieldvalues>
                    </customfield>
                                                                                                                                                    <customfield id="customfield_10171" key="com.atlassian.jira.ext.charting:timeinstatus">
                        <customfieldname>Time in Status</customfieldname>
                        <customfieldvalues>
                            
                        </customfieldvalues>
                    </customfield>
                                                                </customfields>
    </item>
</channel>
</rss>