<!-- 
RSS generated by JIRA (6.4.11#64026-sha1:78f6ec473a3f058bd5d6c30e9319c7ab376bdb9c) at Thu Dec 22 21:44:22 UTC 2016

It is possible to restrict the fields that are returned in this document by specifying the 'field' parameter in your request.
For example, to request only the issue key and summary add field=key&field=summary to the URL of your request.
For example:
https://jira.spring.io/si/jira.issueviews:issue-xml/SPR-5367/SPR-5367.xml?field=key&amp;field=summary
-->
<rss version="0.92" >
<channel>
    <title>Spring JIRA</title>
    <link>https://jira.spring.io</link>
    <description>This file is an XML representation of an issue</description>
    <language>en-uk</language>    <build-info>
        <version>6.4.11</version>
        <build-number>64026</build-number>
        <build-date>25-08-2015</build-date>
    </build-info>

<item>
            <title>[SPR-5367] PathVariable mappings are greedy over hard coded mappings</title>
                <link>https://jira.spring.io/browse/SPR-5367</link>
                <project id="10000" key="SPR">Spring Framework</project>
                    <description>&lt;p&gt;Hard coded request mapping values should take precedence over path variables.  Wild card patterns in a path are currently inferior to explicit values.  Path variables should be applied after explicit paths and before wild cards.&lt;/p&gt;

&lt;p&gt;For example:&lt;/p&gt;

&lt;p&gt;@RequestMapping(value = &quot;/resources/new/&quot;, method = RequestMethod.GET)&lt;br/&gt;
is currently trumped by&lt;br/&gt;
@RequestMapping(value = &quot;/resources/&lt;/p&gt;
{resourceName}/&quot;, method = RequestMethod.GET)&lt;br/&gt;
&lt;br/&gt;
@RequestMapping(value = &quot;/resources/new/&quot;, method = RequestMethod.GET)&lt;br/&gt;
currently trumps&lt;br/&gt;
@RequestMapping(value = &quot;/resources/*/&quot;, method = RequestMethod.GET)&lt;br/&gt;
&lt;br/&gt;
&lt;br/&gt;
@RequestMapping(value = &quot;/resources/new/&quot;, method = RequestMethod.GET)&lt;br/&gt;
should trump&lt;br/&gt;
@RequestMapping(value = &quot;/resources/{resourceName}
&lt;p&gt;/&quot;, method = RequestMethod.GET)&lt;br/&gt;
should trump&lt;br/&gt;
@RequestMapping(value = &quot;/resources/*/&quot;, method = RequestMethod.GET)&lt;/p&gt;</description>
            <key id="25130">SPR-5367</key>
            <summary>PathVariable mappings are greedy over hard coded mappings</summary>
                <type id="1" iconUrl="https://jira.spring.io/images/icons/issuetypes/bug.png">Bug</type>
                                            <priority id="3" iconUrl="https://jira.spring.io/images/icons/priorities/major.png">Major</priority>
                        <status id="6" iconUrl="https://jira.spring.io/images/icons/statuses/closed.png" description="The issue is considered finished, the resolution is correct. Issues which are not closed can be reopened.">Closed</status>
                    <statusCategory id="3" key="done" colorName="green"/>
                                    <resolution id="1">Fixed</resolution>
                                        <assignee username="arjen.poutsma">Arjen Poutsma</assignee>
                                    <reporter username="sandrews">Scott Andrews</reporter>
                        <labels>
                    </labels>
                <created>Tue, 16 Dec 2008 06:57:03 +0000</created>
                <updated>Tue, 19 Jun 2012 03:47:26 +0000</updated>
                            <resolved>Wed, 13 Oct 2010 08:09:00 +0000</resolved>
                                    <version>3.0 M1</version>
                                    <fixVersion>3.0.5</fixVersion>
                                    <component>Web</component>
                        <due></due>
                            <votes>0</votes>
                                    <watches>3</watches>
                                                                <comments>
                            <comment id="42029" author="arjen.poutsma" created="Tue, 13 Jan 2009 22:28:35 +0000"  >&lt;p&gt;Currently, /resources/&lt;/p&gt;
{resourceName} is considered to be equally greedy to /resources/*, and I wonder how we can differentiate between the two.&lt;br/&gt;
&lt;br/&gt;
In other words: Which requests should be mapped to /resources/{resourceName}
&lt;p&gt;, and which to /resources/* ?&lt;/p&gt;

</comment>
                            <comment id="42033" author="sandrews" created="Wed, 14 Jan 2009 00:30:26 +0000"  >&lt;p&gt;Good point.  It is essentially a programmer error to have two otherwise identical mappings contain /resources/&lt;/p&gt;
{resourceName} and /resources/*.  Although, if the system were to choose a mapping, my preference would be for the URI variable mapping over the pure wildcard.  It is more important for /resources/new to take precedence over /resources/{resourceName}
&lt;p&gt;.&lt;/p&gt;</comment>
                            <comment id="42418" author="nicolas.spilman" created="Fri, 6 Feb 2009 04:11:39 +0000"  >&lt;p&gt;I would agree with Scott that for me I would like to see the mapping be more explicit first and then choose the more generic match.&lt;/p&gt;

&lt;p&gt;For example, if I have a controller like:&lt;/p&gt;

&lt;p&gt;public class TeamController {&lt;/p&gt;

&lt;p&gt;    @RequestMapping(value = &quot;/fantasyfootball/teams/all&quot;)&lt;br/&gt;
    public String allTeams() {}&lt;/p&gt;

&lt;p&gt;    @RequestMapping(value = &quot;/fantasyfootball/teams/&lt;/p&gt;
{teamId}
&lt;p&gt;&quot;)&lt;br/&gt;
    public String getTeam(@PathVariable(&quot;teamId&quot;) String teamId) {}&lt;/p&gt;

&lt;p&gt;}&lt;/p&gt;

&lt;p&gt;and I make a request to:&lt;/p&gt;

&lt;p&gt;    /fantasyfootball/teams/all&lt;/p&gt;

&lt;p&gt;It will currently go to the getTeam() method with teamId = &quot;all&quot; instead of the allTeams() method.&lt;/p&gt;

&lt;p&gt;Thanks.&lt;/p&gt;</comment>
                            <comment id="58163" author="sandrews" created="Thu, 16 Sep 2010 12:58:04 +0000"  >&lt;p&gt;I again seeing templated paths take precedence over hard coded paths with 3.0.4.  The behavior is intermittent, and only occurs for 5-10% of requests.&lt;/p&gt;

&lt;p&gt;I have temporarily worked around this issue by providing a regex pattern for the path variable so that it will never match the fixed value.&lt;/p&gt;</comment>
                            <comment id="58164" author="juergen.hoeller" created="Thu, 16 Sep 2010 13:00:53 +0000"  >&lt;p&gt;I have no idea where such a regression would come from at this point. In any case, would be great to sort this out for 3.0.5...&lt;/p&gt;

&lt;p&gt;Juergen&lt;/p&gt;</comment>
                            <comment id="58188" author="arjen.poutsma" created="Fri, 17 Sep 2010 01:02:59 +0000"  >&lt;p&gt;I have no idea either. AFAIK, the mapping code wasn&apos;t touched in 3.0.4.&lt;/p&gt;

&lt;p&gt;Scott, do you have any examples of paths that are wrongly mapped?&lt;/p&gt;</comment>
                            <comment id="58437" author="arjen.poutsma" created="Fri, 24 Sep 2010 03:00:18 +0000"  >&lt;p&gt;Scott, do you have any examples of paths that are wrongly mapped?&lt;/p&gt;</comment>
                            <comment id="59156" author="arjen.poutsma" created="Wed, 13 Oct 2010 08:09:00 +0000"  >&lt;p&gt;Fixed.&lt;/p&gt;</comment>
                    </comments>
                <issuelinks>
                            <issuelinktype id="10000">
                    <name>Duplicate</name>
                                                                <inwardlinks description="is duplicated by">
                                        <issuelink>
            <issuekey id="25118">SPR-5362</issuekey>
        </issuelink>
                            </inwardlinks>
                                    </issuelinktype>
                            <issuelinktype id="10020">
                    <name>Related</name>
                                                                <inwardlinks description="is related to">
                                        <issuelink>
            <issuekey id="26515">SPR-5731</issuekey>
        </issuelink>
            <issuelink>
            <issuekey id="27298">SPR-5924</issuekey>
        </issuelink>
            <issuelink>
            <issuekey id="33183">SPR-7525</issuekey>
        </issuelink>
                            </inwardlinks>
                                    </issuelinktype>
                    </issuelinks>
                <attachments>
                    </attachments>
                <subtasks>
                    </subtasks>
                <customfields>
                                                <customfield id="customfield_10180" key="com.atlassian.jira.toolkit:dayslastcommented">
                        <customfieldname>Days since last comment</customfieldname>
                        <customfieldvalues>
                                        6 years, 11 weeks, 1 day ago
    
                        </customfieldvalues>
                    </customfield>
                                                                                            <customfield id="customfield_10170" key="com.atlassian.jira.ext.charting:firstresponsedate">
                        <customfieldname>First Response Date</customfieldname>
                        <customfieldvalues>
                            <customfieldvalue>Tue, 13 Jan 2009 22:28:35 +0000</customfieldvalue>

                        </customfieldvalues>
                    </customfield>
                                                                                            <customfield id="customfield_10181" key="com.atlassian.jira.toolkit:lastusercommented">
                        <customfieldname>Last commented by a User</customfieldname>
                        <customfieldvalues>
                            <customfieldvalue>false</customfieldvalue>
                        </customfieldvalues>
                    </customfield>
                                                                <customfield id="customfield_10182" key="com.atlassian.jira.toolkit:lastupdaterorcommenter">
                        <customfieldname>Last updater</customfieldname>
                        <customfieldvalues>
                            <customfieldvalue>tmarshall</customfieldvalue>

                        </customfieldvalues>
                    </customfield>
                                                                                            <customfield id="customfield_10880" key="com.pyxis.greenhopper.jira:gh-lexo-rank">
                        <customfieldname>Rank</customfieldname>
                        <customfieldvalues>
                            <customfieldvalue>0|i00rfb:</customfieldvalue>

                        </customfieldvalues>
                    </customfield>
                                                                <customfield id="customfield_10380" key="com.pyxis.greenhopper.jira:gh-global-rank">
                        <customfieldname>Rank (Obsolete)</customfieldname>
                        <customfieldvalues>
                            <customfieldvalue>4488</customfieldvalue>
                        </customfieldvalues>
                    </customfield>
                                                                                                                                                    <customfield id="customfield_10171" key="com.atlassian.jira.ext.charting:timeinstatus">
                        <customfieldname>Time in Status</customfieldname>
                        <customfieldvalues>
                            
                        </customfieldvalues>
                    </customfield>
                                                                </customfields>
    </item>
</channel>
</rss>