<!-- 
RSS generated by JIRA (6.4.11#64026-sha1:78f6ec473a3f058bd5d6c30e9319c7ab376bdb9c) at Thu Dec 22 20:29:16 UTC 2016

It is possible to restrict the fields that are returned in this document by specifying the 'field' parameter in your request.
For example, to request only the issue key and summary add field=key&field=summary to the URL of your request.
For example:
https://jira.spring.io/si/jira.issueviews:issue-xml/SPR-3273/SPR-3273.xml?field=key&amp;field=summary
-->
<rss version="0.92" >
<channel>
    <title>Spring JIRA</title>
    <link>https://jira.spring.io</link>
    <description>This file is an XML representation of an issue</description>
    <language>en-uk</language>    <build-info>
        <version>6.4.11</version>
        <build-number>64026</build-number>
        <build-date>25-08-2015</build-date>
    </build-info>

<item>
            <title>[SPR-3273] NoClassDefFoundError when groovy isn&apos;t on classpath</title>
                <link>https://jira.spring.io/browse/SPR-3273</link>
                <project id="10000" key="SPR">Spring Framework</project>
                    <description>&lt;p&gt;After upgrading from 2.0.2 to 2.0.3, I&apos;m getting the following exception during the loading of every context file, because my app doesn&apos;t use groovy. I know they are harmless and ignored, but it would be nice if DefaultNamespaceHandlerResolver could just not log the whole stack trace.&lt;/p&gt;

&lt;p&gt;02:21:58,130 DEBUG &lt;span class=&quot;error&quot;&gt;&amp;#91;main&amp;#93;&lt;/span&gt; org.springframework.beans.factory.xml.DefaultNamespaceHandlerResolver  - Ignoring handler &lt;span class=&quot;error&quot;&gt;&amp;#91;org.springframework.scripting.config.LangNamespaceHandler&amp;#93;&lt;/span&gt;: problem with class file or dependent class&lt;br/&gt;
java.lang.NoClassDefFoundError: org/codehaus/groovy/control/CompilationFailedException&lt;br/&gt;
	at java.lang.Class.forName0(Native Method)&lt;br/&gt;
	at java.lang.Class.forName(Class.java:169)&lt;br/&gt;
	at org.springframework.scripting.config.LangNamespaceHandler.class$(LangNamespaceHandler.java:45)&lt;br/&gt;
	at org.springframework.scripting.config.LangNamespaceHandler.init(LangNamespaceHandler.java:45)&lt;br/&gt;
	at org.springframework.beans.factory.xml.DefaultNamespaceHandlerResolver.initHandlerMappings(DefaultNamespaceHandlerResolver.java:123)&lt;br/&gt;
	at org.springframework.beans.factory.xml.DefaultNamespaceHandlerResolver.&amp;lt;init&amp;gt;(DefaultNamespaceHandlerResolver.java:96)&lt;br/&gt;
	at org.springframework.beans.factory.xml.DefaultNamespaceHandlerResolver.&amp;lt;init&amp;gt;(DefaultNamespaceHandlerResolver.java:82)&lt;br/&gt;
	at org.springframework.beans.factory.xml.XmlBeanDefinitionReader.createDefaultNamespaceHandlerResolver(XmlBeanDefinitionReader.java:489)&lt;br/&gt;
	at org.springframework.beans.factory.xml.XmlBeanDefinitionReader.createReaderContext(XmlBeanDefinitionReader.java:478)&lt;br/&gt;
	at org.springframework.beans.factory.xml.XmlBeanDefinitionReader.registerBeanDefinitions(XmlBeanDefinitionReader.java:458)&lt;br/&gt;
	at org.springframework.beans.factory.xml.XmlBeanDefinitionReader.doLoadBeanDefinitions(XmlBeanDefinitionReader.java:353)&lt;br/&gt;
	at org.springframework.beans.factory.xml.XmlBeanDefinitionReader.loadBeanDefinitions(XmlBeanDefinitionReader.java:303)&lt;br/&gt;
	at org.springframework.beans.factory.xml.XmlBeanDefinitionReader.loadBeanDefinitions(XmlBeanDefinitionReader.java:280)&lt;br/&gt;
	at org.springframework.beans.factory.support.AbstractBeanDefinitionReader.loadBeanDefinitions(AbstractBeanDefinitionReader.java:131)&lt;br/&gt;
	at org.springframework.beans.factory.support.AbstractBeanDefinitionReader.loadBeanDefinitions(AbstractBeanDefinitionReader.java:147)&lt;br/&gt;
	at org.springframework.web.context.support.XmlWebApplicationContext.loadBeanDefinitions(XmlWebApplicationContext.java:124)&lt;br/&gt;
	at org.springframework.web.context.support.XmlWebApplicationContext.loadBeanDefinitions(XmlWebApplicationContext.java:92)&lt;br/&gt;
	at org.springframework.context.support.AbstractRefreshableApplicationContext.refreshBeanFactory(AbstractRefreshableApplicationContext.java:100)&lt;br/&gt;
	at org.springframework.context.support.AbstractApplicationContext.refresh(AbstractApplicationContext.java:298)&lt;br/&gt;
	at org.springframework.web.context.ContextLoader.createWebApplicationContext(ContextLoader.java:241)&lt;br/&gt;
	at org.springframework.web.context.ContextLoader.initWebApplicationContext(ContextLoader.java:184)&lt;br/&gt;
	at org.springframework.web.context.ContextLoaderListener.contextInitialized(ContextLoaderListener.java:49)&lt;/p&gt;</description>
            <key id="16380">SPR-3273</key>
            <summary>NoClassDefFoundError when groovy isn&apos;t on classpath</summary>
                <type id="1" iconUrl="https://jira.spring.io/images/icons/issuetypes/bug.png">Bug</type>
                                            <priority id="4" iconUrl="https://jira.spring.io/images/icons/priorities/minor.png">Minor</priority>
                        <status id="5" iconUrl="https://jira.spring.io/images/icons/statuses/resolved.png" description="A resolution has been taken, and it is awaiting verification by reporter. From here issues are either reopened, or are closed.">Resolved</status>
                    <statusCategory id="3" key="done" colorName="green"/>
                                    <resolution id="3">Duplicate</resolution>
                                        <assignee username="juergen.hoeller">Juergen Hoeller</assignee>
                                    <reporter username="manifoldronin">Jing Xue</reporter>
                        <labels>
                    </labels>
                <created>Sun, 18 Mar 2007 03:59:36 +0000</created>
                <updated>Tue, 19 Jun 2012 02:28:20 +0000</updated>
                            <resolved>Sun, 18 Mar 2007 05:24:00 +0000</resolved>
                                    <version>2.0.3</version>
                                                    <component>Core</component>
                        <due></due>
                            <votes>0</votes>
                                    <watches>0</watches>
                                                                <comments>
                            <comment id="22794" author="juergen.hoeller" created="Sun, 18 Mar 2007 04:46:26 +0000"  >&lt;p&gt;This has fortunately already been discovered and fixed in the latest 2.0.4 snapshots.&lt;/p&gt;

&lt;p&gt;Juergen&lt;/p&gt;</comment>
                    </comments>
                <issuelinks>
                            <issuelinktype id="10000">
                    <name>Duplicate</name>
                                            <outwardlinks description="duplicates">
                                        <issuelink>
            <issuekey id="16329">SPR-3250</issuekey>
        </issuelink>
                            </outwardlinks>
                                                        </issuelinktype>
                    </issuelinks>
                <attachments>
                    </attachments>
                <subtasks>
                    </subtasks>
                <customfields>
                                                <customfield id="customfield_10180" key="com.atlassian.jira.toolkit:dayslastcommented">
                        <customfieldname>Days since last comment</customfieldname>
                        <customfieldvalues>
                                        9 years, 41 weeks, 4 days ago
    
                        </customfieldvalues>
                    </customfield>
                                                                                            <customfield id="customfield_10170" key="com.atlassian.jira.ext.charting:firstresponsedate">
                        <customfieldname>First Response Date</customfieldname>
                        <customfieldvalues>
                            <customfieldvalue>Sun, 18 Mar 2007 04:46:26 +0000</customfieldvalue>

                        </customfieldvalues>
                    </customfield>
                                                                                            <customfield id="customfield_10181" key="com.atlassian.jira.toolkit:lastusercommented">
                        <customfieldname>Last commented by a User</customfieldname>
                        <customfieldvalues>
                            <customfieldvalue>false</customfieldvalue>
                        </customfieldvalues>
                    </customfield>
                                                                <customfield id="customfield_10182" key="com.atlassian.jira.toolkit:lastupdaterorcommenter">
                        <customfieldname>Last updater</customfieldname>
                        <customfieldvalues>
                            <customfieldvalue>tmarshall</customfieldvalue>

                        </customfieldvalues>
                    </customfield>
                                                                                            <customfield id="customfield_10880" key="com.pyxis.greenhopper.jira:gh-lexo-rank">
                        <customfieldname>Rank</customfieldname>
                        <customfieldvalues>
                            <customfieldvalue>0|i046h3:</customfieldvalue>

                        </customfieldvalues>
                    </customfield>
                                                                <customfield id="customfield_10380" key="com.pyxis.greenhopper.jira:gh-global-rank">
                        <customfieldname>Rank (Obsolete)</customfieldname>
                        <customfieldvalues>
                            <customfieldvalue>24423</customfieldvalue>
                        </customfieldvalues>
                    </customfield>
                                                                                                                                                    <customfield id="customfield_10171" key="com.atlassian.jira.ext.charting:timeinstatus">
                        <customfieldname>Time in Status</customfieldname>
                        <customfieldvalues>
                            
                        </customfieldvalues>
                    </customfield>
                                                                </customfields>
    </item>
</channel>
</rss>