<!-- 
RSS generated by JIRA (6.4.11#64026-sha1:78f6ec473a3f058bd5d6c30e9319c7ab376bdb9c) at Thu Dec 22 19:25:57 UTC 2016

It is possible to restrict the fields that are returned in this document by specifying the 'field' parameter in your request.
For example, to request only the issue key and summary add field=key&field=summary to the URL of your request.
For example:
https://jira.spring.io/si/jira.issueviews:issue-xml/SPR-13579/SPR-13579.xml?field=key&amp;field=summary
-->
<rss version="0.92" >
<channel>
    <title>Spring JIRA</title>
    <link>https://jira.spring.io</link>
    <description>This file is an XML representation of an issue</description>
    <language>en-uk</language>    <build-info>
        <version>6.4.11</version>
        <build-number>64026</build-number>
        <build-date>25-08-2015</build-date>
    </build-info>

<item>
            <title>[SPR-13579] Add conversion support for java.time.Duration</title>
                <link>https://jira.spring.io/browse/SPR-13579</link>
                <project id="10000" key="SPR">Spring Framework</project>
                    <description>&lt;p&gt;Java 8&apos;s &lt;tt&gt;java.time.Duration&lt;/tt&gt; is a good choice for defining durations of time, and arguably better than using a &lt;tt&gt;long&lt;/tt&gt; with a property name to specify the units.&lt;/p&gt;

&lt;p&gt;It would be good to support conversion from a &lt;tt&gt;String&lt;/tt&gt; to make it easier to use beans that use this in their API.&lt;/p&gt;</description>
            <key id="66333">SPR-13579</key>
            <summary>Add conversion support for java.time.Duration</summary>
                <type id="4" iconUrl="https://jira.spring.io/images/icons/issuetypes/improvement.png">Improvement</type>
                                            <priority id="4" iconUrl="https://jira.spring.io/images/icons/priorities/minor.png">Minor</priority>
                        <status id="5" iconUrl="https://jira.spring.io/images/icons/statuses/resolved.png" description="A resolution has been taken, and it is awaiting verification by reporter. From here issues are either reopened, or are closed.">Resolved</status>
                    <statusCategory id="3" key="done" colorName="green"/>
                                    <resolution id="3">Duplicate</resolution>
                                        <assignee username="juergen.hoeller">Juergen Hoeller</assignee>
                                    <reporter username="josephw">Joseph Walton</reporter>
                        <labels>
                    </labels>
                <created>Fri, 16 Oct 2015 15:00:11 +0000</created>
                <updated>Fri, 25 Nov 2016 21:30:41 +0000</updated>
                            <resolved>Wed, 25 Nov 2015 21:40:33 +0000</resolved>
                                                                    <component>Core</component>
                        <due></due>
                            <votes>0</votes>
                                    <watches>3</watches>
                                                                <comments>
                            <comment id="120601" author="josephw" created="Fri, 16 Oct 2015 15:00:59 +0000"  >&lt;p&gt;This is similar to &lt;a href=&quot;https://jira.spring.io/browse/SPR-6706&quot; title=&quot;Add conversion support for Joda Duration and Period&quot; class=&quot;issue-link&quot; data-issue-key=&quot;SPR-6706&quot;&gt;&lt;del&gt;SPR-6706&lt;/del&gt;&lt;/a&gt;, but only for &lt;tt&gt;java.time&lt;/tt&gt;, rather than JODA.&lt;/p&gt;</comment>
                            <comment id="120621" author="josephw" created="Sat, 17 Oct 2015 06:36:50 +0000"  >&lt;p&gt;PR: &lt;a href=&quot;https://github.com/spring-projects/spring-framework/pull/891&quot; class=&quot;external-link&quot; rel=&quot;nofollow&quot;&gt;SPR-13579: Support conversion from Strings to Java 8 Durations.&lt;/a&gt;.&lt;/p&gt;</comment>
                            <comment id="133297" author="pofin" created="Wed, 9 Nov 2016 20:44:24 +0000"  >&lt;p&gt;Hi,&lt;/p&gt;

&lt;p&gt;I, too,  started to use &lt;tt&gt;Duration&lt;/tt&gt; for configuration properties rather than things like &quot;someTimoutMillis&quot;. I realized Spring does not offer out-of-the-box conversion from String to Duration, at least not when using &lt;tt&gt;context:property-override&lt;/tt&gt;, so a created a PR &lt;a href=&quot;https://github.com/spring-projects/spring-framework/pull/1231&quot; class=&quot;external-link&quot; rel=&quot;nofollow&quot;&gt;https://github.com/spring-projects/spring-framework/pull/1231&lt;/a&gt; &amp;#8211; all this before finding this issue.&lt;/p&gt;

&lt;p&gt;This issue is closed, but I tested Spring master branch and couldn&apos;t get expected behavior (no conversion was found) before applying my patch. I see &lt;a href=&quot;https://jira.spring.io/secure/ViewProfile.jspa?name=josephw&quot; class=&quot;user-hover&quot; rel=&quot;josephw&quot;&gt;Joseph Walton&lt;/a&gt; adds completely different class than my PR, so I guess this isn&apos;t equivalent, Maybe I understand &quot;conversion&quot; differently than this issue. &lt;a href=&quot;https://jira.spring.io/secure/ViewProfile.jspa?name=juergen.hoeller&quot; class=&quot;user-hover&quot; rel=&quot;juergen.hoeller&quot;&gt;Juergen Hoeller&lt;/a&gt; could you please have a look?&lt;/p&gt;</comment>
                            <comment id="133657" author="juergen.hoeller" created="Fri, 25 Nov 2016 16:35:38 +0000"  >&lt;p&gt;&lt;span class=&quot;error&quot;&gt;&amp;#91;~pofin&amp;#93;&lt;/span&gt;, we&apos;re only supporting &lt;tt&gt;Duration&lt;/tt&gt; and &lt;tt&gt;Period&lt;/tt&gt; in &lt;tt&gt;org.springframework.format&lt;/tt&gt;&apos;s JSR-310 package at this point, along with the general date-time types, analogous to Joda-Time. The ISO text representations for date-time types are arguably rather serialization-oriented and not really intuitive for user-driven configuration purposes, which is why we haven&apos;t added them to the core property editors.&lt;/p&gt;

&lt;p&gt;If you&apos;d like to enable such ISO formatting rules for configuration purposes, set up your application context with a &lt;tt&gt;DefaultFormattingConversionService&lt;/tt&gt; out of the box, e.g. a bean with name &quot;conversionService&quot; which will get picked up for bean property values as well then.&lt;/p&gt;</comment>
                            <comment id="133659" author="pofin" created="Fri, 25 Nov 2016 21:30:41 +0000"  >&lt;p&gt;&lt;a href=&quot;https://jira.spring.io/secure/ViewProfile.jspa?name=juergen.hoeller&quot; class=&quot;user-hover&quot; rel=&quot;juergen.hoeller&quot;&gt;Juergen Hoeller&lt;/a&gt;, thanks for your response. I didn&apos;t know about formatters and that they can be plugged as property editors. Thanks for explaining this to me.&lt;/p&gt;

&lt;blockquote&gt;&lt;p&gt;The ISO text representations for date-time types are arguably rather serialization-oriented and not really intuitive for user-driven configuration purposes&lt;/p&gt;&lt;/blockquote&gt;

&lt;p&gt;I couldn&apos;t disagree. So what do you think about arguably more intuitive format (e.g. &quot;12 s&quot;) provided as property editor, with the intention to cover said configuration purposes? Would such a think find its place in Spring?&lt;/p&gt;</comment>
                    </comments>
                <issuelinks>
                            <issuelinktype id="10000">
                    <name>Duplicate</name>
                                            <outwardlinks description="duplicates">
                                        <issuelink>
            <issuekey id="66845">SPR-13721</issuekey>
        </issuelink>
                            </outwardlinks>
                                                        </issuelinktype>
                            <issuelinktype id="10151">
                    <name>Relate</name>
                                            <outwardlinks description="relates to">
                                        <issuelink>
            <issuekey id="29681">SPR-6706</issuekey>
        </issuelink>
            <issuelink>
            <issuekey id="66039">SPR-13518</issuekey>
        </issuelink>
                            </outwardlinks>
                                                        </issuelinktype>
                    </issuelinks>
                <attachments>
                    </attachments>
                <subtasks>
                    </subtasks>
                <customfields>
                                                <customfield id="customfield_10180" key="com.atlassian.jira.toolkit:dayslastcommented">
                        <customfieldname>Days since last comment</customfieldname>
                        <customfieldvalues>
                                        3 weeks, 5 days ago
    
                        </customfieldvalues>
                    </customfield>
                                                                                            <customfield id="customfield_10170" key="com.atlassian.jira.ext.charting:firstresponsedate">
                        <customfieldname>First Response Date</customfieldname>
                        <customfieldvalues>
                            <customfieldvalue>Wed, 9 Nov 2016 20:44:24 +0000</customfieldvalue>

                        </customfieldvalues>
                    </customfield>
                                                                                            <customfield id="customfield_10181" key="com.atlassian.jira.toolkit:lastusercommented">
                        <customfieldname>Last commented by a User</customfieldname>
                        <customfieldvalues>
                            <customfieldvalue>true</customfieldvalue>
                        </customfieldvalues>
                    </customfield>
                                                                <customfield id="customfield_10182" key="com.atlassian.jira.toolkit:lastupdaterorcommenter">
                        <customfieldname>Last updater</customfieldname>
                        <customfieldvalues>
                            <customfieldvalue>piofin</customfieldvalue>

                        </customfieldvalues>
                    </customfield>
                                                                                            <customfield id="customfield_10880" key="com.pyxis.greenhopper.jira:gh-lexo-rank">
                        <customfieldname>Rank</customfieldname>
                        <customfieldvalues>
                            <customfieldvalue>0|i08u9b:</customfieldvalue>

                        </customfieldvalues>
                    </customfield>
                                                                <customfield id="customfield_10380" key="com.pyxis.greenhopper.jira:gh-global-rank">
                        <customfieldname>Rank (Obsolete)</customfieldname>
                        <customfieldvalues>
                            <customfieldvalue>9223372036854775807</customfieldvalue>
                        </customfieldvalues>
                    </customfield>
                                                                                                                                                    <customfield id="customfield_10171" key="com.atlassian.jira.ext.charting:timeinstatus">
                        <customfieldname>Time in Status</customfieldname>
                        <customfieldvalues>
                            
                        </customfieldvalues>
                    </customfield>
                                                                </customfields>
    </item>
</channel>
</rss>