<!-- 
RSS generated by JIRA (6.4.11#64026-sha1:78f6ec473a3f058bd5d6c30e9319c7ab376bdb9c) at Thu Dec 22 20:43:19 UTC 2016

It is possible to restrict the fields that are returned in this document by specifying the 'field' parameter in your request.
For example, to request only the issue key and summary add field=key&field=summary to the URL of your request.
For example:
https://jira.spring.io/si/jira.issueviews:issue-xml/SPR-1717/SPR-1717.xml?field=key&amp;field=summary
-->
<rss version="0.92" >
<channel>
    <title>Spring JIRA</title>
    <link>https://jira.spring.io</link>
    <description>This file is an XML representation of an issue</description>
    <language>en-uk</language>    <build-info>
        <version>6.4.11</version>
        <build-number>64026</build-number>
        <build-date>25-08-2015</build-date>
    </build-info>

<item>
            <title>[SPR-1717] MockHttpServletResponse.setContentType() does not alter the character encoding</title>
                <link>https://jira.spring.io/browse/SPR-1717</link>
                <project id="10000" key="SPR">Spring Framework</project>
                    <description>&lt;p&gt;In the servlet specification it determines that HttpServletResponse.setContentType is called before getWriter() it should determine the encoding of the content (pending that a charset was set). In MockHttpServletResponse.setContentType() is just a trivial setter, and does not perform this task.&lt;/p&gt;

&lt;p&gt;Here is a fix:&lt;br/&gt;
private static final String CHARSET_STRING = &quot;charset=&quot;;&lt;br/&gt;
private static final int CHARSET_STRING_LENGTH = CHARSET_STRING.length();&lt;/p&gt;

&lt;p&gt;public void setContentType(String contentType) {&lt;br/&gt;
	super.setContentType(contentType);&lt;br/&gt;
	int position = contentType.toLowerCase().indexOf(CHARSET_STRING);&lt;br/&gt;
	if(position != -1) &lt;/p&gt;
{
		String encoding = contentType.substring(position + CHARSET_STRING_LENGTH);
		setCharacterEncoding(encoding);			
	}
&lt;p&gt;}&lt;/p&gt;

&lt;p&gt;Here is a test:&lt;br/&gt;
public void testSetContentTypeWithNoEncoding() {&lt;br/&gt;
	MockHttpServletResponse response = new MmMockHttpServletResponse();&lt;br/&gt;
	response.setContentType(&quot;test/plain&quot;);&lt;br/&gt;
	assertEquals(&quot;Character encoding should be the default&quot;,&lt;br/&gt;
			WebUtils.DEFAULT_CHARACTER_ENCODING, response&lt;br/&gt;
					.getCharacterEncoding());&lt;br/&gt;
}&lt;/p&gt;

&lt;p&gt;public void testSetContentTypeWithUTF8() {&lt;br/&gt;
	MockHttpServletResponse response = new MmMockHttpServletResponse();&lt;br/&gt;
	response.setContentType(&quot;test/plain; charset=UTF-8&quot;);&lt;br/&gt;
	assertEquals(&quot;Character encoding should be &apos;UTF-8&apos;&quot;, &quot;UTF-8&quot;, response&lt;br/&gt;
			.getCharacterEncoding());&lt;br/&gt;
}&lt;/p&gt;</description>
            <key id="13375">SPR-1717</key>
            <summary>MockHttpServletResponse.setContentType() does not alter the character encoding</summary>
                <type id="1" iconUrl="https://jira.spring.io/images/icons/issuetypes/bug.png">Bug</type>
                                            <priority id="4" iconUrl="https://jira.spring.io/images/icons/priorities/minor.png">Minor</priority>
                        <status id="6" iconUrl="https://jira.spring.io/images/icons/statuses/closed.png" description="The issue is considered finished, the resolution is correct. Issues which are not closed can be reopened.">Closed</status>
                    <statusCategory id="3" key="done" colorName="green"/>
                                    <resolution id="1">Fixed</resolution>
                                        <assignee username="juergen.hoeller">Juergen Hoeller</assignee>
                                    <reporter username="dav1d">David Rabinowitz</reporter>
                        <labels>
                    </labels>
                <created>Wed, 15 Feb 2006 23:11:53 +0000</created>
                <updated>Tue, 19 Jun 2012 03:53:58 +0000</updated>
                            <resolved>Sun, 19 Feb 2006 08:09:02 +0000</resolved>
                                    <version>1.2.6</version>
                                    <fixVersion>1.2.7</fixVersion>
                    <fixVersion>2.0 M3</fixVersion>
                                        <due></due>
                            <votes>0</votes>
                                    <watches>0</watches>
                                                                <comments>
                            <comment id="16493" author="juergen.hoeller" created="Sun, 19 Feb 2006 08:09:02 +0000"  >&lt;p&gt;Thanks for pointing this out - fixed!&lt;/p&gt;

&lt;p&gt;Juergen&lt;/p&gt;</comment>
                    </comments>
                    <attachments>
                    </attachments>
                <subtasks>
                    </subtasks>
                <customfields>
                                                <customfield id="customfield_10180" key="com.atlassian.jira.toolkit:dayslastcommented">
                        <customfieldname>Days since last comment</customfieldname>
                        <customfieldvalues>
                                        10 years, 45 weeks, 4 days ago
    
                        </customfieldvalues>
                    </customfield>
                                                                                            <customfield id="customfield_10170" key="com.atlassian.jira.ext.charting:firstresponsedate">
                        <customfieldname>First Response Date</customfieldname>
                        <customfieldvalues>
                            <customfieldvalue>Sun, 19 Feb 2006 08:09:02 +0000</customfieldvalue>

                        </customfieldvalues>
                    </customfield>
                                                                                            <customfield id="customfield_10181" key="com.atlassian.jira.toolkit:lastusercommented">
                        <customfieldname>Last commented by a User</customfieldname>
                        <customfieldvalues>
                            <customfieldvalue>false</customfieldvalue>
                        </customfieldvalues>
                    </customfield>
                                                                <customfield id="customfield_10182" key="com.atlassian.jira.toolkit:lastupdaterorcommenter">
                        <customfieldname>Last updater</customfieldname>
                        <customfieldvalues>
                            <customfieldvalue>tmarshall</customfieldvalue>

                        </customfieldvalues>
                    </customfield>
                                                                                            <customfield id="customfield_10880" key="com.pyxis.greenhopper.jira:gh-lexo-rank">
                        <customfieldname>Rank</customfieldname>
                        <customfieldvalues>
                            <customfieldvalue>0|i04vov:</customfieldvalue>

                        </customfieldvalues>
                    </customfield>
                                                                <customfield id="customfield_10380" key="com.pyxis.greenhopper.jira:gh-global-rank">
                        <customfieldname>Rank (Obsolete)</customfieldname>
                        <customfieldvalues>
                            <customfieldvalue>28508</customfieldvalue>
                        </customfieldvalues>
                    </customfield>
                                                                                                                                                    <customfield id="customfield_10171" key="com.atlassian.jira.ext.charting:timeinstatus">
                        <customfieldname>Time in Status</customfieldname>
                        <customfieldvalues>
                            
                        </customfieldvalues>
                    </customfield>
                                                                </customfields>
    </item>
</channel>
</rss>