<!-- 
RSS generated by JIRA (6.4.11#64026-sha1:78f6ec473a3f058bd5d6c30e9319c7ab376bdb9c) at Thu Dec 22 19:19:36 UTC 2016

It is possible to restrict the fields that are returned in this document by specifying the 'field' parameter in your request.
For example, to request only the issue key and summary add field=key&field=summary to the URL of your request.
For example:
https://jira.spring.io/si/jira.issueviews:issue-xml/SPR-6082/SPR-6082.xml?field=key&amp;field=summary
-->
<rss version="0.92" >
<channel>
    <title>Spring JIRA</title>
    <link>https://jira.spring.io</link>
    <description>This file is an XML representation of an issue</description>
    <language>en-uk</language>    <build-info>
        <version>6.4.11</version>
        <build-number>64026</build-number>
        <build-date>25-08-2015</build-date>
    </build-info>

<item>
            <title>[SPR-6082] cookieMaxAge field fails in org.springframework.web.servlet.i18n.CookieLocaleResolver</title>
                <link>https://jira.spring.io/browse/SPR-6082</link>
                <project id="10000" key="SPR">Spring Framework</project>
                    <description>&lt;p&gt;upgrading a functioning 2.5 app to the most recent 3.0 (M4) release.&lt;/p&gt;

&lt;p&gt;I have the following bean definition that fails in 3.0 M4: &lt;/p&gt;

&lt;p&gt;&amp;lt;bean id=&quot;localeResolver&quot;^M&lt;br/&gt;
        class=&quot;org.springframework.web.servlet.i18n.CookieLocaleResolver&quot;&amp;gt;^M&lt;br/&gt;
        &amp;lt;property name=&quot;cookieName&quot; value=&quot;language&quot; /&amp;gt;^M&lt;br/&gt;
        &amp;lt;property name=&quot;cookieMaxAge&quot; value=&quot;3600&quot; /&amp;gt;^M&lt;br/&gt;
        &amp;lt;property name=&quot;defaultLocale&quot; value=&quot;en&quot; /&amp;gt;^M&lt;br/&gt;
&amp;lt;/bean&amp;gt;&lt;/p&gt;

&lt;p&gt;When I deploy this in Tomcat 6.20 I get the following error.&lt;/p&gt;

&lt;p&gt;SEVERE: Allocate exception for servlet court&lt;br/&gt;
org.springframework.beans.NotWritablePropertyException: Invalid property &apos;cookieMaxAge&apos; of bean class &lt;span class=&quot;error&quot;&gt;&amp;#91;org.springframework.web.servlet.i18n.CookieLocaleResolver&amp;#93;&lt;/span&gt;: Bean property &apos;cookieMaxAge&apos; is not writable or has an invalid setter method. Does the parameter type of the setter match the return type of the getter?&lt;br/&gt;
        at org.springframework.beans.BeanWrapperImpl.setPropertyValue(BeanWrapperImpl.java:850)&lt;br/&gt;
        at org.springframework.beans.BeanWrapperImpl.setPropertyValue(BeanWrapperImpl.java:701)&lt;br/&gt;
        at org.springframework.beans.AbstractPropertyAccessor.setPropertyValues(AbstractPropertyAccessor.java:78)&lt;br/&gt;
        at org.springframework.beans.AbstractPropertyAccessor.setPropertyValues(AbstractPropertyAccessor.java:60)&lt;br/&gt;
        at org.springframework.beans.factory.support.AbstractAutowireCapableBeanFactory.applyPropertyValues(AbstractAutowireCapableBeanFactory.java:1330)&lt;br/&gt;
        at org.springframework.beans.factory.support.AbstractAutowireCapableBeanFactory.populateBean(AbstractAutowireCapableBeanFactory.java:1060)&lt;br/&gt;
        at org.springframework.beans.factory.support.AbstractAutowireCapableBeanFactory.doCreateBean(AbstractAutowireCapableBeanFactory.java:510)&lt;br/&gt;
        at org.springframework.beans.factory.support.AbstractAutowireCapableBeanFactory.createBean(AbstractAutowireCapableBeanFactory.java:449)&lt;br/&gt;
        at org.springframework.beans.factory.support.AbstractBeanFactory$1.getObject(AbstractBeanFactory.java:289)&lt;br/&gt;
        at org.springframework.beans.factory.support.DefaultSingletonBeanRegistry.getSingleton(DefaultSingletonBeanRegistry.java:222)&lt;br/&gt;
        at org.springframework.beans.factory.support.AbstractBeanFactory.doGetBean(AbstractBeanFactory.java:286)&lt;br/&gt;
        at org.springframework.beans.factory.support.AbstractBeanFactory.getBean(AbstractBeanFactory.java:188)&lt;br/&gt;
        at org.springframework.beans.factory.support.DefaultListableBeanFactory.preInstantiateSingletons(DefaultListableBeanFactory.java:528)&lt;br/&gt;
        at org.springframework.context.support.AbstractApplicationContext.finishBeanFactoryInitialization(AbstractApplicationContext.java:716)&lt;br/&gt;
        at org.springframework.context.support.AbstractApplicationContext.refresh(AbstractApplicationContext.java:383)&lt;br/&gt;
        at org.springframework.web.servlet.FrameworkServlet.createWebApplicationContext(FrameworkServlet.java:447)&lt;br/&gt;
        at org.springframework.web.servlet.FrameworkServlet.initWebApplicationContext(FrameworkServlet.java:342)&lt;br/&gt;
        at org.springframework.web.servlet.FrameworkServlet.initServletBean(FrameworkServlet.java:308)&lt;br/&gt;
        at org.springframework.web.servlet.HttpServletBean.init(HttpServletBean.java:127)&lt;br/&gt;
        at javax.servlet.GenericServlet.init(GenericServlet.java:212)&lt;br/&gt;
        at org.apache.catalina.core.StandardWrapper.loadServlet(StandardWrapper.java:1173)&lt;br/&gt;
        at org.apache.catalina.core.StandardWrapper.allocate(StandardWrapper.java:809)&lt;br/&gt;
        at org.apache.catalina.core.StandardWrapperValve.invoke(StandardWrapperValve.java:129)&lt;br/&gt;
        at org.apache.catalina.core.StandardContextValve.invoke(StandardContextValve.java:191)&lt;br/&gt;
        at org.apache.catalina.core.StandardHostValve.invoke(StandardHostValve.java:128)&lt;br/&gt;
        at org.apache.catalina.valves.ErrorReportValve.invoke(ErrorReportValve.java:102)&lt;br/&gt;
        at org.apache.catalina.core.StandardEngineValve.invoke(StandardEngineValve.java:109)&lt;/p&gt;


&lt;p&gt;I reviewed the docs on M4&lt;/p&gt;

&lt;p&gt;&lt;a href=&quot;http://static.springsource.org/spring/docs/3.0.0.M4/javadoc-api/org/springframework/web/servlet/i18n/CookieLocaleResolver.html&quot; class=&quot;external-link&quot; rel=&quot;nofollow&quot;&gt;http://static.springsource.org/spring/docs/3.0.0.M4/javadoc-api/org/springframework/web/servlet/i18n/CookieLocaleResolver.html&lt;/a&gt;&lt;/p&gt;


&lt;p&gt;The method is inherited from org.springframework.web.util.CookieGenerator . I saw the source &lt;br/&gt;
&lt;a href=&quot;https://src.springframework.org/svn/spring-framework/tags/spring-framework-3.0.0.M4/org.springframework.web/src/main/java/org/springframework/web/util/CookieGenerator.java&quot; class=&quot;external-link&quot; rel=&quot;nofollow&quot;&gt;https://src.springframework.org/svn/spring-framework/tags/spring-framework-3.0.0.M4/org.springframework.web/src/main/java/org/springframework/web/util/CookieGenerator.java&lt;/a&gt; &lt;br/&gt;
And the set and getCookieMaxAge methods appears to be there. &lt;/p&gt;

&lt;p&gt;Not exactly sure what is the root of this error message/bug.&lt;/p&gt;</description>
            <key id="27875">SPR-6082</key>
            <summary>cookieMaxAge field fails in org.springframework.web.servlet.i18n.CookieLocaleResolver</summary>
                <type id="1" iconUrl="https://jira.spring.io/images/icons/issuetypes/bug.png">Bug</type>
                                            <priority id="3" iconUrl="https://jira.spring.io/images/icons/priorities/major.png">Major</priority>
                        <status id="5" iconUrl="https://jira.spring.io/images/icons/statuses/resolved.png" description="A resolution has been taken, and it is awaiting verification by reporter. From here issues are either reopened, or are closed.">Resolved</status>
                    <statusCategory id="3" key="done" colorName="green"/>
                                    <resolution id="3">Duplicate</resolution>
                                        <assignee username="juergen.hoeller">Juergen Hoeller</assignee>
                                    <reporter username="drubio">Daniel Rubio</reporter>
                        <labels>
                    </labels>
                <created>Fri, 4 Sep 2009 14:20:44 +0000</created>
                <updated>Tue, 19 Jun 2012 02:28:09 +0000</updated>
                            <resolved>Sun, 6 Sep 2009 23:53:46 +0000</resolved>
                                    <version>3.0 M4</version>
                                                        <due></due>
                            <votes>0</votes>
                                    <watches>0</watches>
                                                                <comments>
                            <comment id="46568" author="juergen.hoeller" created="Sun, 6 Sep 2009 23:53:46 +0000"  >&lt;p&gt;That was an accidental difference between setCookieMaxAge and getCookieMaxAge (using Integer versus int as property type)... The JavaBeans Introspector is pretty unforgiving there. This should be fixed in the latest 3.0 RC1 snapshots already.&lt;/p&gt;

&lt;p&gt;Juergen&lt;/p&gt;</comment>
                    </comments>
                <issuelinks>
                            <issuelinktype id="10000">
                    <name>Duplicate</name>
                                            <outwardlinks description="duplicates">
                                        <issuelink>
            <issuekey id="27836">SPR-6070</issuekey>
        </issuelink>
                            </outwardlinks>
                                                        </issuelinktype>
                    </issuelinks>
                <attachments>
                    </attachments>
                <subtasks>
                    </subtasks>
                <customfields>
                                                <customfield id="customfield_10180" key="com.atlassian.jira.toolkit:dayslastcommented">
                        <customfieldname>Days since last comment</customfieldname>
                        <customfieldvalues>
                                        7 years, 16 weeks, 3 days ago
    
                        </customfieldvalues>
                    </customfield>
                                                                                            <customfield id="customfield_10170" key="com.atlassian.jira.ext.charting:firstresponsedate">
                        <customfieldname>First Response Date</customfieldname>
                        <customfieldvalues>
                            <customfieldvalue>Sun, 6 Sep 2009 23:53:46 +0000</customfieldvalue>

                        </customfieldvalues>
                    </customfield>
                                                                                            <customfield id="customfield_10181" key="com.atlassian.jira.toolkit:lastusercommented">
                        <customfieldname>Last commented by a User</customfieldname>
                        <customfieldvalues>
                            <customfieldvalue>false</customfieldvalue>
                        </customfieldvalues>
                    </customfield>
                                                                <customfield id="customfield_10182" key="com.atlassian.jira.toolkit:lastupdaterorcommenter">
                        <customfieldname>Last updater</customfieldname>
                        <customfieldvalues>
                            <customfieldvalue>tmarshall</customfieldvalue>

                        </customfieldvalues>
                    </customfield>
                                                                                            <customfield id="customfield_10880" key="com.pyxis.greenhopper.jira:gh-lexo-rank">
                        <customfieldname>Rank</customfieldname>
                        <customfieldvalues>
                            <customfieldvalue>0|i03rlb:</customfieldvalue>

                        </customfieldvalues>
                    </customfield>
                                                                <customfield id="customfield_10380" key="com.pyxis.greenhopper.jira:gh-global-rank">
                        <customfieldname>Rank (Obsolete)</customfieldname>
                        <customfieldvalues>
                            <customfieldvalue>22012</customfieldvalue>
                        </customfieldvalues>
                    </customfield>
                                                                                                                                                    <customfield id="customfield_10171" key="com.atlassian.jira.ext.charting:timeinstatus">
                        <customfieldname>Time in Status</customfieldname>
                        <customfieldvalues>
                            
                        </customfieldvalues>
                    </customfield>
                                                                </customfields>
    </item>
</channel>
</rss>