<!-- 
RSS generated by JIRA (6.4.11#64026-sha1:78f6ec473a3f058bd5d6c30e9319c7ab376bdb9c) at Thu Dec 22 20:23:35 UTC 2016

It is possible to restrict the fields that are returned in this document by specifying the 'field' parameter in your request.
For example, to request only the issue key and summary add field=key&field=summary to the URL of your request.
For example:
https://jira.spring.io/si/jira.issueviews:issue-xml/SPR-2752/SPR-2752.xml?field=key&amp;field=summary
-->
<rss version="0.92" >
<channel>
    <title>Spring JIRA</title>
    <link>https://jira.spring.io</link>
    <description>This file is an XML representation of an issue</description>
    <language>en-uk</language>    <build-info>
        <version>6.4.11</version>
        <build-number>64026</build-number>
        <build-date>25-08-2015</build-date>
    </build-info>

<item>
            <title>[SPR-2752] JMS Queue Configuration with BEA Weblogic</title>
                <link>https://jira.spring.io/browse/SPR-2752</link>
                <project id="10000" key="SPR">Spring Framework</project>
                    <description>&lt;p&gt;The following error message is generated when using BEA Weblogic and a Queue. &lt;br/&gt;
Setup of JMS message listener invoker failed - trying to recover  weblogic.jms.common.InvalidDestinationException: Destination must be a topic, MyJMSQueue&lt;br/&gt;
Note! The supspicous code was introduced sometime after Version 2.0 RC2.&lt;/p&gt;

&lt;p&gt;The problem is in the following code:&lt;br/&gt;
class: org.springframework.jms.listener.AbstractMessageListenerContainer&lt;/p&gt;

&lt;p&gt;	public void setDestination(Destination destination) &lt;/p&gt;
{
		Assert.notNull(destination, &quot;destination must not be null&quot;);
		this.destination = destination;
		setPubSubDomain(destination instanceof Topic);
	}

&lt;p&gt;BEA Weblogic produces a weblogic.jms.common.DestinationImpl which is a destination implementing both javax.jms.Topic and javax.jms.Queue. See the following article - &lt;a href=&quot;http://mule.mulesource.org/jira/browse/MULE-508&quot; class=&quot;external-link&quot; rel=&quot;nofollow&quot;&gt;http://mule.mulesource.org/jira/browse/MULE-508&lt;/a&gt; &lt;/p&gt;

&lt;p&gt;The workaround is to change the sequence of properties in the bean definition as follows:&lt;br/&gt;
&amp;lt;bean id=&quot;listenerContainer&quot; class=&quot;org.springframework.jms.listener.DefaultMes sageListenerContainer102&quot;&amp;gt;&lt;br/&gt;
&amp;lt;property name=&quot;concurrentConsumers&quot; value=&quot;2&quot;/&amp;gt;&lt;br/&gt;
&amp;lt;property name=&quot;connectionFactory&quot; ref=&quot;connectionFactory&quot;/&amp;gt;&lt;br/&gt;
&amp;lt;property name=&quot;destination&quot; ref=&quot;destination&quot;/&amp;gt;&lt;br/&gt;
&amp;lt;property name=&quot;messageListener&quot; ref=&quot;messageListener&quot;/&amp;gt;&lt;br/&gt;
&amp;lt;property name=&quot;pubSubDomain&quot; value=&quot;false&quot; /&amp;gt; &lt;br/&gt;
&amp;lt;/bean&amp;gt;&lt;br/&gt;
Of critical importance is that pubSubDomain MUST FOLLOW destination.&lt;/p&gt;</description>
            <key id="15334">SPR-2752</key>
            <summary>JMS Queue Configuration with BEA Weblogic</summary>
                <type id="1" iconUrl="https://jira.spring.io/images/icons/issuetypes/bug.png">Bug</type>
                                            <priority id="4" iconUrl="https://jira.spring.io/images/icons/priorities/minor.png">Minor</priority>
                        <status id="6" iconUrl="https://jira.spring.io/images/icons/statuses/closed.png" description="The issue is considered finished, the resolution is correct. Issues which are not closed can be reopened.">Closed</status>
                    <statusCategory id="3" key="done" colorName="green"/>
                                    <resolution id="1">Fixed</resolution>
                                        <assignee username="juergen.hoeller">Juergen Hoeller</assignee>
                                    <reporter username="springahead">Kevin Ryan</reporter>
                        <labels>
                    </labels>
                <created>Wed, 25 Oct 2006 00:10:46 +0000</created>
                <updated>Tue, 19 Jun 2012 03:50:54 +0000</updated>
                            <resolved>Thu, 26 Oct 2006 06:03:27 +0000</resolved>
                                    <version>2.0 final</version>
                                    <fixVersion>2.0.1</fixVersion>
                                    <component>JMS</component>
                        <due></due>
                            <votes>0</votes>
                                    <watches>1</watches>
                                                                <comments>
                            <comment id="20470" author="juergen.hoeller" created="Thu, 26 Oct 2006 06:03:27 +0000"  >&lt;p&gt;I wasn&apos;t aware that a WebLogic Destination object always implements both the Queue interface and the Topic interface. There are few checks within Spring&apos;s JMS code that should be refined then. I have changed the one in AbstractMessageListenerContainer to check for (destination instanceof Topic &amp;amp;&amp;amp; !(destination instanceof Queue)) instead.&lt;/p&gt;

&lt;p&gt;Juergen&lt;/p&gt;</comment>
                            <comment id="20483" author="springahead" created="Fri, 27 Oct 2006 00:12:08 +0000"  >&lt;p&gt;Hello Juergen,&lt;br/&gt;
I looked at your solution and thought very slick. But it occurred to me afterwards that the solution will not work for a Topic. The reason is because of the awkward BEA implementation - weblogic.jms.common.DestinationImpl class implements both javax.jms.Queue and javax.jms.Topic.&lt;/p&gt;

&lt;p&gt;So for a Topic the result will be false.&lt;br/&gt;
(destination instanceof Topic &amp;amp;&amp;amp; !(destination instanceof Queue)) &lt;br/&gt;
(true &amp;amp;&amp;amp; !(true)) &lt;/p&gt;

&lt;p&gt;I tested the code locally and discovered that this is the case.&lt;/p&gt;

&lt;p&gt;Kevin&lt;/p&gt;</comment>
                            <comment id="20487" author="juergen.hoeller" created="Fri, 27 Oct 2006 02:06:57 +0000"  >&lt;p&gt;Indeed, this needs a slight refinement for that case:&lt;/p&gt;

&lt;p&gt;  if (destination instanceof Topic &amp;amp;&amp;amp; !(destination instanceof Queue)) &lt;/p&gt;
{
    setPubSubDomain(true);
  }

&lt;p&gt;So only if we can clearly determine a Topic, we&apos;ll set the flag. Else we rely on the user-specific &quot;pubSubDomain&quot; value (if any).&lt;/p&gt;

&lt;p&gt;This should work for the &quot;pubSubDomain&quot; value specified before the &quot;destination&quot; value as well now.&lt;/p&gt;

&lt;p&gt;Juergen&lt;/p&gt;</comment>
                    </comments>
                    <attachments>
                    </attachments>
                <subtasks>
                    </subtasks>
                <customfields>
                                                <customfield id="customfield_10180" key="com.atlassian.jira.toolkit:dayslastcommented">
                        <customfieldname>Days since last comment</customfieldname>
                        <customfieldvalues>
                                        10 years, 9 weeks, 6 days ago
    
                        </customfieldvalues>
                    </customfield>
                                                                                            <customfield id="customfield_10170" key="com.atlassian.jira.ext.charting:firstresponsedate">
                        <customfieldname>First Response Date</customfieldname>
                        <customfieldvalues>
                            <customfieldvalue>Thu, 26 Oct 2006 06:03:27 +0000</customfieldvalue>

                        </customfieldvalues>
                    </customfield>
                                                                                            <customfield id="customfield_10181" key="com.atlassian.jira.toolkit:lastusercommented">
                        <customfieldname>Last commented by a User</customfieldname>
                        <customfieldvalues>
                            <customfieldvalue>false</customfieldvalue>
                        </customfieldvalues>
                    </customfield>
                                                                <customfield id="customfield_10182" key="com.atlassian.jira.toolkit:lastupdaterorcommenter">
                        <customfieldname>Last updater</customfieldname>
                        <customfieldvalues>
                            <customfieldvalue>tmarshall</customfieldvalue>

                        </customfieldvalues>
                    </customfield>
                                                                                            <customfield id="customfield_10880" key="com.pyxis.greenhopper.jira:gh-lexo-rank">
                        <customfieldname>Rank</customfieldname>
                        <customfieldvalues>
                            <customfieldvalue>0|i00vg7:</customfieldvalue>

                        </customfieldvalues>
                    </customfield>
                                                                <customfield id="customfield_10380" key="com.pyxis.greenhopper.jira:gh-global-rank">
                        <customfieldname>Rank (Obsolete)</customfieldname>
                        <customfieldvalues>
                            <customfieldvalue>5140</customfieldvalue>
                        </customfieldvalues>
                    </customfield>
                                                                                                                                                    <customfield id="customfield_10171" key="com.atlassian.jira.ext.charting:timeinstatus">
                        <customfieldname>Time in Status</customfieldname>
                        <customfieldvalues>
                            
                        </customfieldvalues>
                    </customfield>
                                                                </customfields>
    </item>
</channel>
</rss>