<!-- 
RSS generated by JIRA (6.4.11#64026-sha1:78f6ec473a3f058bd5d6c30e9319c7ab376bdb9c) at Thu Dec 22 20:44:47 UTC 2016

It is possible to restrict the fields that are returned in this document by specifying the 'field' parameter in your request.
For example, to request only the issue key and summary add field=key&field=summary to the URL of your request.
For example:
https://jira.spring.io/si/jira.issueviews:issue-xml/SPR-2168/SPR-2168.xml?field=key&amp;field=summary
-->
<rss version="0.92" >
<channel>
    <title>Spring JIRA</title>
    <link>https://jira.spring.io</link>
    <description>This file is an XML representation of an issue</description>
    <language>en-uk</language>    <build-info>
        <version>6.4.11</version>
        <build-number>64026</build-number>
        <build-date>25-08-2015</build-date>
    </build-info>

<item>
            <title>[SPR-2168] @target() advices beans it should not</title>
                <link>https://jira.spring.io/browse/SPR-2168</link>
                <project id="10000" key="SPR">Spring Framework</project>
                    <description>&lt;p&gt;I have an aspect with a pointcut:&lt;/p&gt;

&lt;p&gt;@Around(&quot;@target(org.lds.stack.spring.serviceproxy.ServiceProxy)&quot;)&lt;/p&gt;

&lt;p&gt;I&apos;m using &amp;lt;aop:aspectj-autoproxy/&amp;gt; and a bean with the target class org.springframework.orm.jpa.JpaTemplate is getting proxied.&lt;/p&gt;

&lt;p&gt;If I remove the pointcut then my JpaTemplate not longer gets proxied.&lt;/p&gt;

&lt;p&gt;Mike&lt;/p&gt;</description>
            <key id="14268">SPR-2168</key>
            <summary>@target() advices beans it should not</summary>
                <type id="1" iconUrl="https://jira.spring.io/images/icons/issuetypes/bug.png">Bug</type>
                                            <priority id="3" iconUrl="https://jira.spring.io/images/icons/priorities/major.png">Major</priority>
                        <status id="6" iconUrl="https://jira.spring.io/images/icons/statuses/closed.png" description="The issue is considered finished, the resolution is correct. Issues which are not closed can be reopened.">Closed</status>
                    <statusCategory id="3" key="done" colorName="green"/>
                                    <resolution id="1">Fixed</resolution>
                                        <assignee username="adrian.colyer">Adrian Colyer</assignee>
                                    <reporter username="youngm">Mike Youngstrom</reporter>
                        <labels>
                    </labels>
                <created>Wed, 21 Jun 2006 04:42:54 +0000</created>
                <updated>Tue, 19 Jun 2012 03:52:30 +0000</updated>
                            <resolved>Mon, 24 Jul 2006 21:19:31 +0000</resolved>
                                    <version>2.0 M5</version>
                                    <fixVersion>2.0 RC3</fixVersion>
                                    <component>Core:AOP</component>
                        <due></due>
                            <votes>0</votes>
                                    <watches>0</watches>
                                                                <comments>
                            <comment id="18749" author="adrian.colyer" created="Mon, 24 Jul 2006 21:13:51 +0000"  >&lt;p&gt;Consider a class C, the pointcut target(org.xyz.SomeInterface), and the execution join point for some method in C. &lt;/p&gt;

&lt;p&gt;When AspectJ evaluates whether or not the pointcut can match such a join point, it says &quot;maybe&quot;. The reason is that someone may later introduce a new type&lt;/p&gt;

&lt;p&gt;class D extends C implements SomeInterface &lt;/p&gt;
{ ... }

&lt;p&gt;and if the method declared in C executes for an instance of D, then the join point should be matched. &lt;/p&gt;

&lt;p&gt;However... in Spring, we know the exact type of the bean, and there is no chance that a subtype will be introduced later on. Therefore, we should optimize matching in this case, so that we don&apos;t create proxies that will never actually have any work to do at runtime.&lt;/p&gt;

&lt;p&gt;The one caveat to this is the declare parents construct, which &lt;b&gt;can&lt;/b&gt; introduce additional interfaces to a bean. We need to ensure that this() and target() pcds still continue to match on interfaces that are introduced via a declare parents construct.&lt;/p&gt;</comment>
                            <comment id="18750" author="adrian.colyer" created="Mon, 24 Jul 2006 21:19:31 +0000"  >&lt;p&gt;Fix committed to head. I had to add an &quot;IntroductionAwareMethodMatcher&quot; to take into account declare parents constructs. The solution is somewhat ugly because it needs some information not available in the public AspectJ tools API. AspectJ enhancement request 151593 has been raised to cover this, and the Spring solution can be improved once AspectJ provides the needed public API.&lt;/p&gt;</comment>
                            <comment id="45141" author="andresrc" created="Fri, 26 Jun 2009 06:48:10 +0000"  >&lt;p&gt;Hi,&lt;/p&gt;

&lt;p&gt;This issue is marked as resolved but I still find it in 2.5.6SEC01&lt;br/&gt;
Thanks,&lt;/p&gt;

&lt;p&gt;Andres&lt;/p&gt;</comment>
                    </comments>
                    <attachments>
                    </attachments>
                <subtasks>
                    </subtasks>
                <customfields>
                                                <customfield id="customfield_10180" key="com.atlassian.jira.toolkit:dayslastcommented">
                        <customfieldname>Days since last comment</customfieldname>
                        <customfieldvalues>
                                        7 years, 26 weeks, 6 days ago
    
                        </customfieldvalues>
                    </customfield>
                                                                                            <customfield id="customfield_10170" key="com.atlassian.jira.ext.charting:firstresponsedate">
                        <customfieldname>First Response Date</customfieldname>
                        <customfieldvalues>
                            <customfieldvalue>Mon, 24 Jul 2006 21:13:51 +0000</customfieldvalue>

                        </customfieldvalues>
                    </customfield>
                                                                                            <customfield id="customfield_10181" key="com.atlassian.jira.toolkit:lastusercommented">
                        <customfieldname>Last commented by a User</customfieldname>
                        <customfieldvalues>
                            <customfieldvalue>true</customfieldvalue>
                        </customfieldvalues>
                    </customfield>
                                                                <customfield id="customfield_10182" key="com.atlassian.jira.toolkit:lastupdaterorcommenter">
                        <customfieldname>Last updater</customfieldname>
                        <customfieldvalues>
                            <customfieldvalue>tmarshall</customfieldvalue>

                        </customfieldvalues>
                    </customfield>
                                                                                            <customfield id="customfield_10880" key="com.pyxis.greenhopper.jira:gh-lexo-rank">
                        <customfieldname>Rank</customfieldname>
                        <customfieldvalues>
                            <customfieldvalue>0|i04rnb:</customfieldvalue>

                        </customfieldvalues>
                    </customfield>
                                                                <customfield id="customfield_10380" key="com.pyxis.greenhopper.jira:gh-global-rank">
                        <customfieldname>Rank (Obsolete)</customfieldname>
                        <customfieldvalues>
                            <customfieldvalue>27853</customfieldvalue>
                        </customfieldvalues>
                    </customfield>
                                                                                                                                                    <customfield id="customfield_10171" key="com.atlassian.jira.ext.charting:timeinstatus">
                        <customfieldname>Time in Status</customfieldname>
                        <customfieldvalues>
                            
                        </customfieldvalues>
                    </customfield>
                                                                </customfields>
    </item>
</channel>
</rss>