<!-- 
RSS generated by JIRA (6.4.11#64026-sha1:78f6ec473a3f058bd5d6c30e9319c7ab376bdb9c) at Thu Dec 22 19:23:52 UTC 2016

It is possible to restrict the fields that are returned in this document by specifying the 'field' parameter in your request.
For example, to request only the issue key and summary add field=key&field=summary to the URL of your request.
For example:
https://jira.spring.io/si/jira.issueviews:issue-xml/SPR-2542/SPR-2542.xml?field=key&amp;field=summary
-->
<rss version="0.92" >
<channel>
    <title>Spring JIRA</title>
    <link>https://jira.spring.io</link>
    <description>This file is an XML representation of an issue</description>
    <language>en-uk</language>    <build-info>
        <version>6.4.11</version>
        <build-number>64026</build-number>
        <build-date>25-08-2015</build-date>
    </build-info>

<item>
            <title>[SPR-2542] Error in sample usage of ControllerClassNameHandlerMapping </title>
                <link>https://jira.spring.io/browse/SPR-2542</link>
                <project id="10000" key="SPR">Spring Framework</project>
                    <description>&lt;p&gt;There seems to be an error in the example given in section 13.11.1 of the reference docs:&lt;/p&gt;

&lt;p&gt;~~ Quote ~~~~~~~~~~~~~~~~~~~&lt;/p&gt;

&lt;p&gt;In the case of MultiActionController handler classes, the mappings generated are (ever so slightly) more complex, but hopefully no less understandeable. Some examples (all of the Controller  names in this next bit are assumed to be MultiActionController  implementations).&lt;/p&gt;

&lt;ul&gt;
	&lt;li&gt;AdminController maps to the &apos;/welcome/*&apos; request URL&lt;/li&gt;
	&lt;li&gt;CatalogController maps to the &apos;/catalog/*&apos; request URL&lt;/li&gt;
&lt;/ul&gt;


&lt;p&gt;~~ End Quote ~~~~~~~~~~~~~~~~~~~&lt;/p&gt;

&lt;p&gt;Surely AdminController would map to the &apos;/admin/*&apos; request URL?&lt;/p&gt;</description>
            <key id="14917">SPR-2542</key>
            <summary>Error in sample usage of ControllerClassNameHandlerMapping </summary>
                <type id="1" iconUrl="https://jira.spring.io/images/icons/issuetypes/bug.png">Bug</type>
                                            <priority id="4" iconUrl="https://jira.spring.io/images/icons/priorities/minor.png">Minor</priority>
                        <status id="6" iconUrl="https://jira.spring.io/images/icons/statuses/closed.png" description="The issue is considered finished, the resolution is correct. Issues which are not closed can be reopened.">Closed</status>
                    <statusCategory id="3" key="done" colorName="green"/>
                                    <resolution id="1">Fixed</resolution>
                                        <assignee username="springboy">Rick Evans</assignee>
                                    <reporter username="aswan">Andrew Swan</reporter>
                        <labels>
                    </labels>
                <created>Tue, 5 Sep 2006 15:21:29 +0000</created>
                <updated>Tue, 19 Jun 2012 03:50:32 +0000</updated>
                            <resolved>Wed, 6 Sep 2006 02:40:03 +0000</resolved>
                                    <version>2.0 RC3</version>
                                    <fixVersion>2.0 RC4</fixVersion>
                                    <component>[Documentation]</component>
                        <due></due>
                            <votes>0</votes>
                                    <watches>0</watches>
                                                                <comments>
                            <comment id="19399" author="aswan" created="Tue, 5 Sep 2006 15:23:36 +0000"  >&lt;p&gt;Also, &quot;understandeable&quot; is a misspelling.&lt;/p&gt;</comment>
                            <comment id="19404" author="springboy" created="Wed, 6 Sep 2006 02:40:03 +0000"  >&lt;p&gt;Fixed. Thanks for spotting this, shame on me for writing the wrong thing in the first place &lt;img class=&quot;emoticon&quot; src=&quot;https://jira.spring.io/images/icons/emoticons/sad.png&quot; height=&quot;16&quot; width=&quot;16&quot; align=&quot;absmiddle&quot; alt=&quot;&quot; border=&quot;0&quot;/&gt;&lt;/p&gt;</comment>
                    </comments>
                    <attachments>
                    </attachments>
                <subtasks>
                    </subtasks>
                <customfields>
                                                <customfield id="customfield_10180" key="com.atlassian.jira.toolkit:dayslastcommented">
                        <customfieldname>Days since last comment</customfieldname>
                        <customfieldvalues>
                                        10 years, 17 weeks, 1 day ago
    
                        </customfieldvalues>
                    </customfield>
                                                                                            <customfield id="customfield_10170" key="com.atlassian.jira.ext.charting:firstresponsedate">
                        <customfieldname>First Response Date</customfieldname>
                        <customfieldvalues>
                            <customfieldvalue>Wed, 6 Sep 2006 02:40:03 +0000</customfieldvalue>

                        </customfieldvalues>
                    </customfield>
                                                                                            <customfield id="customfield_10181" key="com.atlassian.jira.toolkit:lastusercommented">
                        <customfieldname>Last commented by a User</customfieldname>
                        <customfieldvalues>
                            <customfieldvalue>false</customfieldvalue>
                        </customfieldvalues>
                    </customfield>
                                                                <customfield id="customfield_10182" key="com.atlassian.jira.toolkit:lastupdaterorcommenter">
                        <customfieldname>Last updater</customfieldname>
                        <customfieldvalues>
                            <customfieldvalue>tmarshall</customfieldvalue>

                        </customfieldvalues>
                    </customfield>
                                                                                            <customfield id="customfield_10880" key="com.pyxis.greenhopper.jira:gh-lexo-rank">
                        <customfieldname>Rank</customfieldname>
                        <customfieldvalues>
                            <customfieldvalue>0|i00vwv:</customfieldvalue>

                        </customfieldvalues>
                    </customfield>
                                                                <customfield id="customfield_10380" key="com.pyxis.greenhopper.jira:gh-global-rank">
                        <customfieldname>Rank (Obsolete)</customfieldname>
                        <customfieldvalues>
                            <customfieldvalue>5215</customfieldvalue>
                        </customfieldvalues>
                    </customfield>
                                                                                                                                                    <customfield id="customfield_10171" key="com.atlassian.jira.ext.charting:timeinstatus">
                        <customfieldname>Time in Status</customfieldname>
                        <customfieldvalues>
                            
                        </customfieldvalues>
                    </customfield>
                                                                </customfields>
    </item>
</channel>
</rss>