<!-- 
RSS generated by JIRA (6.4.11#64026-sha1:78f6ec473a3f058bd5d6c30e9319c7ab376bdb9c) at Thu Dec 22 18:24:56 UTC 2016

It is possible to restrict the fields that are returned in this document by specifying the 'field' parameter in your request.
For example, to request only the issue key and summary add field=key&field=summary to the URL of your request.
For example:
https://jira.spring.io/si/jira.issueviews:issue-xml/SPR-11838/SPR-11838.xml?field=key&amp;field=summary
-->
<rss version="0.92" >
<channel>
    <title>Spring JIRA</title>
    <link>https://jira.spring.io</link>
    <description>This file is an XML representation of an issue</description>
    <language>en-uk</language>    <build-info>
        <version>6.4.11</version>
        <build-number>64026</build-number>
        <build-date>25-08-2015</build-date>
    </build-info>

<item>
            <title>[SPR-11838] The NullPointerException occur when stomp client unsubscribing</title>
                <link>https://jira.spring.io/browse/SPR-11838</link>
                <project id="10000" key="SPR">Spring Framework</project>
                    <description>&lt;p&gt;When stomp client sends unsubscribe command the NullPointerException occurs in DefaultSubscriptionRegistry. &lt;/p&gt;

&lt;p&gt;Stack trace and log example:&lt;br/&gt;
aa DEBUG org.springframework.messaging.simp.stomp.StompDecoder: Decoded [Payload byte&lt;span class=&quot;error&quot;&gt;&amp;#91;0&amp;#93;&lt;/span&gt;][Headers={stompCommand=UNSUBSCRIBE, nativeHeaders=&lt;/p&gt;
{id=[/topic/name.100]}, simpMessageType=UNSUBSCRIBE, simpSubscriptionId=/topic/name.100, id=7ead5193-cfdc-94f7-8571-6a0721ee2226, timestamp=1401467621119}]&lt;br/&gt;
aa DEBUG org.springframework.messaging.simp.broker.DefaultSubscriptionRegistry: Unubscribe request: [Payload byte&lt;span class=&quot;error&quot;&gt;&amp;#91;0&amp;#93;&lt;/span&gt;][Headers={stompCommand=UNSUBSCRIBE, nativeHeaders={id=[/topic/name.100]}
&lt;p&gt;, simpMessageType=UNSUBSCRIBE, simpSessionAttributes={}, simpSubscriptionId=/topic/name.100, simpSessionId=s2i37nxt, id=2f7bd8d9-1cfb-b635-ea67-661f078f69f7, timestamp=1401467621119}]&lt;br/&gt;
aa DEBUG org.springframework.messaging.simp.stomp.StompDecoder: Decoded [Payload byte&lt;span class=&quot;error&quot;&gt;&amp;#91;0&amp;#93;&lt;/span&gt;][Headers={stompCommand=UNSUBSCRIBE, nativeHeaders=&lt;/p&gt;
{id=[/topic/name.*]}, simpMessageType=UNSUBSCRIBE, simpSubscriptionId=/topic/name.*, id=00039d49-3fc4-fd23-f006-6a2e4cd01dc9, timestamp=1401467621119}]&lt;br/&gt;
aa DEBUG org.springframework.messaging.simp.broker.DefaultSubscriptionRegistry: Unubscribe request: [Payload byte&lt;span class=&quot;error&quot;&gt;&amp;#91;0&amp;#93;&lt;/span&gt;][Headers={stompCommand=UNSUBSCRIBE, nativeHeaders={id=[/topic/name.*]}
&lt;p&gt;, simpMessageType=UNSUBSCRIBE, simpSessionAttributes={}, simpSubscriptionId=/topic/name.*, simpSessionId=s2i37nxt, id=9ed66ecc-4c0d-d59c-8458-4285dd630831, timestamp=1401467621119}]&lt;br/&gt;
Exception in thread &quot;clientInboundChannel-5&quot; java.lang.NullPointerException&lt;br/&gt;
	at java.util.concurrent.ConcurrentHashMap.hash(ConcurrentHashMap.java:333)&lt;br/&gt;
	at java.util.concurrent.ConcurrentHashMap.get(ConcurrentHashMap.java:988)&lt;br/&gt;
	at org.springframework.messaging.simp.broker.DefaultSubscriptionRegistry$SessionSubscriptionInfo.getSubscriptions(DefaultSubscriptionRegistry.java:315)&lt;br/&gt;
	at org.springframework.messaging.simp.broker.DefaultSubscriptionRegistry.removeSubscriptionInternal(DefaultSubscriptionRegistry.java:98)&lt;br/&gt;
	at org.springframework.messaging.simp.broker.AbstractSubscriptionRegistry.unregisterSubscription(AbstractSubscriptionRegistry.java:91)&lt;br/&gt;
	at org.springframework.messaging.simp.broker.SimpleBrokerMessageHandler.handleMessageInternal(SimpleBrokerMessageHandler.java:129)&lt;br/&gt;
	at org.springframework.messaging.simp.broker.AbstractBrokerMessageHandler.handleMessage(AbstractBrokerMessageHandler.java:177)&lt;br/&gt;
	at org.springframework.messaging.support.ExecutorSubscribableChannel$1.run(ExecutorSubscribableChannel.java:70)&lt;br/&gt;
	at java.util.concurrent.ThreadPoolExecutor.runWorker(ThreadPoolExecutor.java:1145)&lt;br/&gt;
	at java.util.concurrent.ThreadPoolExecutor$Worker.run(ThreadPoolExecutor.java:615)&lt;br/&gt;
	at java.lang.Thread.run(Thread.java:745)&lt;br/&gt;
Exception in thread &quot;clientInboundChannel-2&quot; java.lang.NullPointerException&lt;br/&gt;
	at java.util.concurrent.ConcurrentHashMap.hash(ConcurrentHashMap.java:333)&lt;br/&gt;
	at java.util.concurrent.ConcurrentHashMap.get(ConcurrentHashMap.java:988)&lt;br/&gt;
	at org.springframework.messaging.simp.broker.DefaultSubscriptionRegistry$SessionSubscriptionInfo.getSubscriptions(DefaultSubscriptionRegistry.java:315)&lt;br/&gt;
	at org.springframework.messaging.simp.broker.DefaultSubscriptionRegistry.removeSubscriptionInternal(DefaultSubscriptionRegistry.java:98)&lt;br/&gt;
	at org.springframework.messaging.simp.broker.AbstractSubscriptionRegistry.unregisterSubscription(AbstractSubscriptionRegistry.java:91)&lt;br/&gt;
	at org.springframework.messaging.simp.broker.SimpleBrokerMessageHandler.handleMessageInternal(SimpleBrokerMessageHandler.java:129)&lt;br/&gt;
	at org.springframework.messaging.simp.broker.AbstractBrokerMessageHandler.handleMessage(AbstractBrokerMessageHandler.java:177)&lt;br/&gt;
	at org.springframework.messaging.support.ExecutorSubscribableChannel$1.run(ExecutorSubscribableChannel.java:70)&lt;br/&gt;
	at java.util.concurrent.ThreadPoolExecutor.runWorker(ThreadPoolExecutor.java:1145)&lt;br/&gt;
	at java.util.concurrent.ThreadPoolExecutor$Worker.run(ThreadPoolExecutor.java:615)&lt;br/&gt;
	at java.lang.Thread.run(Thread.java:745)&lt;/p&gt;</description>
            <key id="58035">SPR-11838</key>
            <summary>The NullPointerException occur when stomp client unsubscribing</summary>
                <type id="1" iconUrl="https://jira.spring.io/images/icons/issuetypes/bug.png">Bug</type>
                                            <priority id="4" iconUrl="https://jira.spring.io/images/icons/priorities/minor.png">Minor</priority>
                        <status id="5" iconUrl="https://jira.spring.io/images/icons/statuses/resolved.png" description="A resolution has been taken, and it is awaiting verification by reporter. From here issues are either reopened, or are closed.">Resolved</status>
                    <statusCategory id="3" key="done" colorName="green"/>
                                    <resolution id="3">Duplicate</resolution>
                                        <assignee username="rstoya05-aop">Rossen Stoyanchev</assignee>
                                    <reporter username="mars.msv">Serhii Marchuk</reporter>
                        <labels>
                            <label>simple-broker</label>
                            <label>websocket</label>
                    </labels>
                <created>Fri, 30 May 2014 09:51:02 +0000</created>
                <updated>Fri, 30 May 2014 11:27:35 +0000</updated>
                            <resolved>Fri, 30 May 2014 11:27:35 +0000</resolved>
                                    <version>4.0.5</version>
                                                    <component>Messaging:WebSocket</component>
                        <due></due>
                            <votes>0</votes>
                                    <watches>2</watches>
                                                                <comments>
                            <comment id="103998" author="rstoya05-aop" created="Fri, 30 May 2014 11:27:28 +0000"  >&lt;p&gt;This was just reported today &lt;a href=&quot;https://jira.spring.io/browse/SPR-11832&quot; title=&quot;Unsubscribing from an endpoint that no longer exists throws NPE&quot; class=&quot;issue-link&quot; data-issue-key=&quot;SPR-11832&quot;&gt;&lt;del&gt;SPR-11832&lt;/del&gt;&lt;/a&gt;.&lt;/p&gt;</comment>
                    </comments>
                <issuelinks>
                            <issuelinktype id="10000">
                    <name>Duplicate</name>
                                            <outwardlinks description="duplicates">
                                        <issuelink>
            <issuekey id="58007">SPR-11832</issuekey>
        </issuelink>
                            </outwardlinks>
                                                        </issuelinktype>
                    </issuelinks>
                <attachments>
                    </attachments>
                <subtasks>
                    </subtasks>
                <customfields>
                                                <customfield id="customfield_10180" key="com.atlassian.jira.toolkit:dayslastcommented">
                        <customfieldname>Days since last comment</customfieldname>
                        <customfieldvalues>
                                        2 years, 29 weeks, 6 days ago
    
                        </customfieldvalues>
                    </customfield>
                                                                                            <customfield id="customfield_10170" key="com.atlassian.jira.ext.charting:firstresponsedate">
                        <customfieldname>First Response Date</customfieldname>
                        <customfieldvalues>
                            <customfieldvalue>Fri, 30 May 2014 11:27:28 +0000</customfieldvalue>

                        </customfieldvalues>
                    </customfield>
                                                                                            <customfield id="customfield_10181" key="com.atlassian.jira.toolkit:lastusercommented">
                        <customfieldname>Last commented by a User</customfieldname>
                        <customfieldvalues>
                            <customfieldvalue>false</customfieldvalue>
                        </customfieldvalues>
                    </customfield>
                                                                <customfield id="customfield_10182" key="com.atlassian.jira.toolkit:lastupdaterorcommenter">
                        <customfieldname>Last updater</customfieldname>
                        <customfieldvalues>
                            <customfieldvalue>rstoya05-aop</customfieldvalue>

                        </customfieldvalues>
                    </customfield>
                                                                                            <customfield id="customfield_10880" key="com.pyxis.greenhopper.jira:gh-lexo-rank">
                        <customfieldname>Rank</customfieldname>
                        <customfieldvalues>
                            <customfieldvalue>0|i07lcv:</customfieldvalue>

                        </customfieldvalues>
                    </customfield>
                                                                <customfield id="customfield_10380" key="com.pyxis.greenhopper.jira:gh-global-rank">
                        <customfieldname>Rank (Obsolete)</customfieldname>
                        <customfieldvalues>
                            <customfieldvalue>44332</customfieldvalue>
                        </customfieldvalues>
                    </customfield>
                                                                                                                                                    <customfield id="customfield_10171" key="com.atlassian.jira.ext.charting:timeinstatus">
                        <customfieldname>Time in Status</customfieldname>
                        <customfieldvalues>
                            
                        </customfieldvalues>
                    </customfield>
                                                                </customfields>
    </item>
</channel>
</rss>