<!-- 
RSS generated by JIRA (6.4.11#64026-sha1:78f6ec473a3f058bd5d6c30e9319c7ab376bdb9c) at Thu Dec 22 18:11:36 UTC 2016

It is possible to restrict the fields that are returned in this document by specifying the 'field' parameter in your request.
For example, to request only the issue key and summary add field=key&field=summary to the URL of your request.
For example:
https://jira.spring.io/si/jira.issueviews:issue-xml/SPR-1077/SPR-1077.xml?field=key&amp;field=summary
-->
<rss version="0.92" >
<channel>
    <title>Spring JIRA</title>
    <link>https://jira.spring.io</link>
    <description>This file is an XML representation of an issue</description>
    <language>en-uk</language>    <build-info>
        <version>6.4.11</version>
        <build-number>64026</build-number>
        <build-date>25-08-2015</build-date>
    </build-info>

<item>
            <title>[SPR-1077] Memory Leak in AbstractBeanFactory.registerDependentBean()</title>
                <link>https://jira.spring.io/browse/SPR-1077</link>
                <project id="10000" key="SPR">Spring Framework</project>
                    <description>&lt;p&gt;I posted this issue to the forum on June 16th, but JIRA is a more appropriate place for it.&lt;/p&gt;

&lt;p&gt;&lt;a href=&quot;http://forum.springframework.org/viewtopic.php?t=6377&quot; class=&quot;external-link&quot; rel=&quot;nofollow&quot;&gt;http://forum.springframework.org/viewtopic.php?t=6377&lt;/a&gt;&lt;/p&gt;

&lt;p&gt;(copy and paste&lt;img class=&quot;emoticon&quot; src=&quot;https://jira.spring.io/images/icons/emoticons/smile.png&quot; height=&quot;16&quot; width=&quot;16&quot; align=&quot;absmiddle&quot; alt=&quot;&quot; border=&quot;0&quot;/&gt;&lt;/p&gt;

&lt;p&gt;We ran into a memory leak with how we were using Spring MVC in Spring v1.1.5. I&apos;m not entirely sure if it is a bug in Spring or is just incorrect use of it. We just added a simple if() statement to resolve our memory leak. The leak showed up when we used Spring MVC and definied non-singleton &quot;prototype&quot; controllers. Their dependent beans would register themselves over and over. &lt;/p&gt;


&lt;p&gt;AbstractBeanFactory in CVS: &lt;br/&gt;
&lt;a href=&quot;http://cvs.sourceforge.net/viewcvs.py/springframework/spring/src/org/springframework/beans/factory/support/AbstractBeanFactory.java?view=markup&quot; class=&quot;external-link&quot; rel=&quot;nofollow&quot;&gt;http://cvs.sourceforge.net/viewcvs.py/springframework/spring/src/org/springframework/beans/factory/support/AbstractBeanFactory.java?view=markup&lt;/a&gt; &lt;/p&gt;

&lt;p&gt;Our patch was this: &lt;/p&gt;

&lt;p&gt;if (dependencies.contains(dependentBeanName) == false) { &lt;/p&gt;

&lt;p&gt;in: &lt;/p&gt;

&lt;p&gt;/** &lt;/p&gt;
&lt;ul&gt;
	&lt;li&gt;Register a dependent bean for the given bean,&lt;/li&gt;
	&lt;li&gt;to be destroyed before the given bean is destroyed.&lt;/li&gt;
	&lt;li&gt;@param beanName the name of the bean&lt;/li&gt;
	&lt;li&gt;@param dependentBeanName the name of the dependent bean&lt;br/&gt;
    */ &lt;br/&gt;
   protected void registerDependentBean(String beanName, String dependentBeanName) { &lt;br/&gt;
       synchronized (this.dependentBeanMap) { &lt;br/&gt;
           List dependencies = (List) this.dependentBeanMap.get(beanName); &lt;br/&gt;
           if (dependencies == null) 
{ 
               dependencies = new LinkedList(); 
               this.dependentBeanMap.put(beanName, dependencies); 
           }
&lt;p&gt; &lt;br/&gt;
           if (dependencies.contains(dependentBeanName) == false) &lt;/p&gt;
&lt;div class=&quot;error&quot;&gt;&lt;span class=&quot;error&quot;&gt;Unknown macro: {                if (logger.isDebugEnabled()) { 
                   logger.debug(&quot;registering dependent bean = &quot; + beanName + &quot;, with dependent = &quot; + dependentBeanName); 
               }                dependencies.add(dependentBeanName);            }&lt;/span&gt; &lt;/div&gt;
&lt;p&gt; &lt;br/&gt;
       } &lt;br/&gt;
   } &lt;/p&gt;&lt;/li&gt;
&lt;/ul&gt;


&lt;p&gt;Hopefully, someone from the Spring team can verify if this is a bug or not. &lt;/p&gt;

&lt;p&gt;Thanks, &lt;br/&gt;
Cameron&lt;/p&gt;</description>
            <key id="11863">SPR-1077</key>
            <summary>Memory Leak in AbstractBeanFactory.registerDependentBean()</summary>
                <type id="1" iconUrl="https://jira.spring.io/images/icons/issuetypes/bug.png">Bug</type>
                                            <priority id="4" iconUrl="https://jira.spring.io/images/icons/priorities/minor.png">Minor</priority>
                        <status id="6" iconUrl="https://jira.spring.io/images/icons/statuses/closed.png" description="The issue is considered finished, the resolution is correct. Issues which are not closed can be reopened.">Closed</status>
                    <statusCategory id="3" key="done" colorName="green"/>
                                    <resolution id="1">Fixed</resolution>
                                        <assignee username="juergen.hoeller">Juergen Hoeller</assignee>
                                    <reporter username="ctaggart">Cameron Taggart</reporter>
                        <labels>
                    </labels>
                <created>Sun, 26 Jun 2005 05:16:50 +0000</created>
                <updated>Sun, 26 Jun 2005 06:01:14 +0000</updated>
                            <resolved>Sun, 26 Jun 2005 06:01:14 +0000</resolved>
                                    <version>1.1.5</version>
                    <version>1.2 RC1</version>
                    <version>1.2 RC2</version>
                    <version>1.2 final</version>
                    <version>1.2.1</version>
                                    <fixVersion>1.2.2</fixVersion>
                                    <component>Web</component>
                        <due></due>
                            <votes>0</votes>
                                    <watches>0</watches>
                                                                <comments>
                            <comment id="13663" author="juergen.hoeller" created="Sun, 26 Jun 2005 06:01:14 +0000"  >&lt;p&gt;Thanks for spotting this! It seems that the correct solution is to use a Set there: each bean name should only be contained once, after all. I&apos;ve fixed this accordingly; will make it into today&apos;s 1.2.2 release!&lt;/p&gt;

&lt;p&gt;Juergen&lt;/p&gt;</comment>
                    </comments>
                    <attachments>
                    </attachments>
                <subtasks>
                    </subtasks>
                <customfields>
                                                <customfield id="customfield_10180" key="com.atlassian.jira.toolkit:dayslastcommented">
                        <customfieldname>Days since last comment</customfieldname>
                        <customfieldvalues>
                                        11 years, 27 weeks, 4 days ago
    
                        </customfieldvalues>
                    </customfield>
                                                                                            <customfield id="customfield_10170" key="com.atlassian.jira.ext.charting:firstresponsedate">
                        <customfieldname>First Response Date</customfieldname>
                        <customfieldvalues>
                            <customfieldvalue>Sun, 26 Jun 2005 06:01:14 +0000</customfieldvalue>

                        </customfieldvalues>
                    </customfield>
                                                                                            <customfield id="customfield_10181" key="com.atlassian.jira.toolkit:lastusercommented">
                        <customfieldname>Last commented by a User</customfieldname>
                        <customfieldvalues>
                            <customfieldvalue>false</customfieldvalue>
                        </customfieldvalues>
                    </customfield>
                                                                <customfield id="customfield_10182" key="com.atlassian.jira.toolkit:lastupdaterorcommenter">
                        <customfieldname>Last updater</customfieldname>
                        <customfieldvalues>
                            <customfieldvalue>tmarshall</customfieldvalue>

                        </customfieldvalues>
                    </customfield>
                                                                                            <customfield id="customfield_10880" key="com.pyxis.greenhopper.jira:gh-lexo-rank">
                        <customfieldname>Rank</customfieldname>
                        <customfieldvalues>
                            <customfieldvalue>0|i0104f:</customfieldvalue>

                        </customfieldvalues>
                    </customfield>
                                                                <customfield id="customfield_10380" key="com.pyxis.greenhopper.jira:gh-global-rank">
                        <customfieldname>Rank (Obsolete)</customfieldname>
                        <customfieldvalues>
                            <customfieldvalue>5897</customfieldvalue>
                        </customfieldvalues>
                    </customfield>
                                                                                                                                                    <customfield id="customfield_10171" key="com.atlassian.jira.ext.charting:timeinstatus">
                        <customfieldname>Time in Status</customfieldname>
                        <customfieldvalues>
                            
                        </customfieldvalues>
                    </customfield>
                                                                </customfields>
    </item>
</channel>
</rss>