<!-- 
RSS generated by JIRA (6.4.11#64026-sha1:78f6ec473a3f058bd5d6c30e9319c7ab376bdb9c) at Thu Dec 22 21:00:08 UTC 2016

It is possible to restrict the fields that are returned in this document by specifying the 'field' parameter in your request.
For example, to request only the issue key and summary add field=key&field=summary to the URL of your request.
For example:
https://jira.spring.io/si/jira.issueviews:issue-xml/SPR-14983/SPR-14983.xml?field=key&amp;field=summary
-->
<rss version="0.92" >
<channel>
    <title>Spring JIRA</title>
    <link>https://jira.spring.io</link>
    <description>This file is an XML representation of an issue</description>
    <language>en-uk</language>    <build-info>
        <version>6.4.11</version>
        <build-number>64026</build-number>
        <build-date>25-08-2015</build-date>
    </build-info>

<item>
            <title>[SPR-14983] using ParallelComputer to test spring test cases got error</title>
                <link>https://jira.spring.io/browse/SPR-14983</link>
                <project id="10000" key="SPR">Spring Framework</project>
                    <description>&lt;p&gt;I am using ParallelComputer to test spring test cases, but got error&lt;/p&gt;

&lt;p&gt;it seems that I am autowiring beans on the same instance, But the @Before method is running on different instances, I think may be it&apos;s the SpringJUnit4ClassRunner&#8216;s issue, or the BlockJUnit4ClassRunner&apos;s createTest method, BUT I don&apos;t know how to handle this, would you please help me ?&lt;/p&gt;

&lt;p&gt;here is a link about this.&lt;br/&gt;
&lt;a href=&quot;https://github.com/bazelbuild/bazel/issues/2188&quot; class=&quot;external-link&quot; rel=&quot;nofollow&quot;&gt;https://github.com/bazelbuild/bazel/issues/2188&lt;/a&gt;&lt;/p&gt;</description>
            <key id="70722">SPR-14983</key>
            <summary>using ParallelComputer to test spring test cases got error</summary>
                <type id="1" iconUrl="https://jira.spring.io/images/icons/issuetypes/bug.png">Bug</type>
                                            <priority id="4" iconUrl="https://jira.spring.io/images/icons/priorities/minor.png">Minor</priority>
                        <status id="5" iconUrl="https://jira.spring.io/images/icons/statuses/resolved.png" description="A resolution has been taken, and it is awaiting verification by reporter. From here issues are either reopened, or are closed.">Resolved</status>
                    <statusCategory id="3" key="done" colorName="green"/>
                                    <resolution id="3">Duplicate</resolution>
                                        <assignee username="sbrannen">Sam Brannen</assignee>
                                    <reporter username="dxt29">dxt</reporter>
                        <labels>
                    </labels>
                <created>Tue, 6 Dec 2016 03:56:31 +0000</created>
                <updated>Wed, 7 Dec 2016 03:19:23 +0000</updated>
                            <resolved>Wed, 7 Dec 2016 03:19:23 +0000</resolved>
                                    <version>4.2.6</version>
                                                    <component>Test</component>
                        <due></due>
                            <votes>0</votes>
                                    <watches>2</watches>
                                                                <comments>
                            <comment id="133931" author="sbrannen" created="Wed, 7 Dec 2016 03:07:21 +0000"  >&lt;p&gt;Concurrent test execution is not supported until Spring Framework 5.0.&lt;/p&gt;

&lt;p&gt;See &lt;a href=&quot;https://jira.spring.io/browse/SPR-5863&quot; title=&quot;Allow for concurrent test execution in the TestContext framework&quot; class=&quot;issue-link&quot; data-issue-key=&quot;SPR-5863&quot;&gt;&lt;del&gt;SPR-5863&lt;/del&gt;&lt;/a&gt; for details.&lt;/p&gt;

&lt;p&gt;I am therefore closing this issue as a &lt;em&gt;Duplicate&lt;/em&gt;.&lt;/p&gt;</comment>
                    </comments>
                <issuelinks>
                            <issuelinktype id="10000">
                    <name>Duplicate</name>
                                            <outwardlinks description="duplicates">
                                        <issuelink>
            <issuekey id="27066">SPR-5863</issuekey>
        </issuelink>
                            </outwardlinks>
                                                        </issuelinktype>
                    </issuelinks>
                <attachments>
                    </attachments>
                <subtasks>
                    </subtasks>
                <customfields>
                                                <customfield id="customfield_10180" key="com.atlassian.jira.toolkit:dayslastcommented">
                        <customfieldname>Days since last comment</customfieldname>
                        <customfieldvalues>
                                        2 weeks, 1 day ago
    
                        </customfieldvalues>
                    </customfield>
                                                                                            <customfield id="customfield_10170" key="com.atlassian.jira.ext.charting:firstresponsedate">
                        <customfieldname>First Response Date</customfieldname>
                        <customfieldvalues>
                            <customfieldvalue>Wed, 7 Dec 2016 03:07:21 +0000</customfieldvalue>

                        </customfieldvalues>
                    </customfield>
                                                                                            <customfield id="customfield_10181" key="com.atlassian.jira.toolkit:lastusercommented">
                        <customfieldname>Last commented by a User</customfieldname>
                        <customfieldvalues>
                            <customfieldvalue>false</customfieldvalue>
                        </customfieldvalues>
                    </customfield>
                                                                <customfield id="customfield_10182" key="com.atlassian.jira.toolkit:lastupdaterorcommenter">
                        <customfieldname>Last updater</customfieldname>
                        <customfieldvalues>
                            <customfieldvalue>sbrannen</customfieldvalue>

                        </customfieldvalues>
                    </customfield>
                                                                                            <customfield id="customfield_10880" key="com.pyxis.greenhopper.jira:gh-lexo-rank">
                        <customfieldname>Rank</customfieldname>
                        <customfieldvalues>
                            <customfieldvalue>0|i09kyn:</customfieldvalue>

                        </customfieldvalues>
                    </customfield>
                                                                <customfield id="customfield_10380" key="com.pyxis.greenhopper.jira:gh-global-rank">
                        <customfieldname>Rank (Obsolete)</customfieldname>
                        <customfieldvalues>
                            <customfieldvalue>9223372036854775807</customfieldvalue>
                        </customfieldvalues>
                    </customfield>
                                                                                                                                                    <customfield id="customfield_10171" key="com.atlassian.jira.ext.charting:timeinstatus">
                        <customfieldname>Time in Status</customfieldname>
                        <customfieldvalues>
                            
                        </customfieldvalues>
                    </customfield>
                                                                </customfields>
    </item>
</channel>
</rss>