<!-- 
RSS generated by JIRA (6.4.11#64026-sha1:78f6ec473a3f058bd5d6c30e9319c7ab376bdb9c) at Thu Dec 22 18:08:11 UTC 2016

It is possible to restrict the fields that are returned in this document by specifying the 'field' parameter in your request.
For example, to request only the issue key and summary add field=key&field=summary to the URL of your request.
For example:
https://jira.spring.io/si/jira.issueviews:issue-xml/SPR-210/SPR-210.xml?field=key&amp;field=summary
-->
<rss version="0.92" >
<channel>
    <title>Spring JIRA</title>
    <link>https://jira.spring.io</link>
    <description>This file is an XML representation of an issue</description>
    <language>en-uk</language>    <build-info>
        <version>6.4.11</version>
        <build-number>64026</build-number>
        <build-date>25-08-2015</build-date>
    </build-info>

<item>
            <title>[SPR-210] OpenSessionInViewFilter logging at info level for every request</title>
                <link>https://jira.spring.io/browse/SPR-210</link>
                <project id="10000" key="SPR">Spring Framework</project>
                    <description>&lt;p&gt;from OpenSessionInViewFilter:&lt;br/&gt;
protected SessionFactory lookupSessionFactory() {&lt;br/&gt;
		logger.info(&quot;Using SessionFactory &apos;&quot; + getSessionFactoryBeanName() + &quot;&apos; for OpenSessionInViewFilter&quot;);&lt;br/&gt;
		WebApplicationContext wac = WebApplicationContextUtils.getRequiredWebApplicationContext(getServletContext());&lt;br/&gt;
		return (SessionFactory) wac.getBean(getSessionFactoryBeanName());&lt;br/&gt;
}&lt;/p&gt;

&lt;p&gt;.... this gets called &lt;b&gt;every&lt;/b&gt; request, and logs the &apos;Using SessionFact...&apos; for every request &lt;b&gt;sigh&lt;/b&gt;.... could you please change that to debug... &lt;/p&gt;</description>
            <key id="10396">SPR-210</key>
            <summary>OpenSessionInViewFilter logging at info level for every request</summary>
                <type id="1" iconUrl="https://jira.spring.io/images/icons/issuetypes/bug.png">Bug</type>
                                            <priority id="3" iconUrl="https://jira.spring.io/images/icons/priorities/major.png">Major</priority>
                        <status id="6" iconUrl="https://jira.spring.io/images/icons/statuses/closed.png" description="The issue is considered finished, the resolution is correct. Issues which are not closed can be reopened.">Closed</status>
                    <statusCategory id="3" key="done" colorName="green"/>
                                    <resolution id="1">Fixed</resolution>
                                        <assignee username="juergen.hoeller">Juergen Hoeller</assignee>
                                    <reporter username="ymenager">Yannick Menager</reporter>
                        <labels>
                    </labels>
                <created>Sat, 10 Jul 2004 07:37:24 +0000</created>
                <updated>Sun, 11 Jul 2004 06:30:41 +0000</updated>
                            <resolved>Sun, 11 Jul 2004 06:30:41 +0000</resolved>
                                    <version>1.0.2</version>
                                    <fixVersion>1.1 RC1</fixVersion>
                                        <due></due>
                            <votes>0</votes>
                                    <watches>1</watches>
                                                                <comments>
                            <comment id="10608" author="juergen.hoeller" created="Sun, 11 Jul 2004 06:30:41 +0000"  >&lt;p&gt;Good point. Originally, this was initialization code (where info level is OK), but due to portable filter init issues, it was changed to be called for every request. I&apos;ve changed it to debug level.&lt;/p&gt;

&lt;p&gt;Juergen&lt;/p&gt;</comment>
                    </comments>
                    <attachments>
                    </attachments>
                <subtasks>
                    </subtasks>
                <customfields>
                                                <customfield id="customfield_10180" key="com.atlassian.jira.toolkit:dayslastcommented">
                        <customfieldname>Days since last comment</customfieldname>
                        <customfieldvalues>
                                        12 years, 25 weeks, 4 days ago
    
                        </customfieldvalues>
                    </customfield>
                                                                                            <customfield id="customfield_10170" key="com.atlassian.jira.ext.charting:firstresponsedate">
                        <customfieldname>First Response Date</customfieldname>
                        <customfieldvalues>
                            <customfieldvalue>Sun, 11 Jul 2004 06:30:41 +0000</customfieldvalue>

                        </customfieldvalues>
                    </customfield>
                                                                                            <customfield id="customfield_10181" key="com.atlassian.jira.toolkit:lastusercommented">
                        <customfieldname>Last commented by a User</customfieldname>
                        <customfieldvalues>
                            <customfieldvalue>false</customfieldvalue>
                        </customfieldvalues>
                    </customfield>
                                                                <customfield id="customfield_10182" key="com.atlassian.jira.toolkit:lastupdaterorcommenter">
                        <customfieldname>Last updater</customfieldname>
                        <customfieldvalues>
                            <customfieldvalue>tmarshall</customfieldvalue>

                        </customfieldvalues>
                    </customfield>
                                                                                            <customfield id="customfield_10880" key="com.pyxis.greenhopper.jira:gh-lexo-rank">
                        <customfieldname>Rank</customfieldname>
                        <customfieldvalues>
                            <customfieldvalue>0|i04yfb:</customfieldvalue>

                        </customfieldvalues>
                    </customfield>
                                                                <customfield id="customfield_10380" key="com.pyxis.greenhopper.jira:gh-global-rank">
                        <customfieldname>Rank (Obsolete)</customfieldname>
                        <customfieldvalues>
                            <customfieldvalue>28951</customfieldvalue>
                        </customfieldvalues>
                    </customfield>
                                                                                                                                                    <customfield id="customfield_10171" key="com.atlassian.jira.ext.charting:timeinstatus">
                        <customfieldname>Time in Status</customfieldname>
                        <customfieldvalues>
                            
                        </customfieldvalues>
                    </customfield>
                                                                </customfields>
    </item>
</channel>
</rss>