<!-- 
RSS generated by JIRA (6.4.11#64026-sha1:78f6ec473a3f058bd5d6c30e9319c7ab376bdb9c) at Thu Dec 22 18:11:21 UTC 2016

It is possible to restrict the fields that are returned in this document by specifying the 'field' parameter in your request.
For example, to request only the issue key and summary add field=key&field=summary to the URL of your request.
For example:
https://jira.spring.io/si/jira.issueviews:issue-xml/SPR-5001/SPR-5001.xml?field=key&amp;field=summary
-->
<rss version="0.92" >
<channel>
    <title>Spring JIRA</title>
    <link>https://jira.spring.io</link>
    <description>This file is an XML representation of an issue</description>
    <language>en-uk</language>    <build-info>
        <version>6.4.11</version>
        <build-number>64026</build-number>
        <build-date>25-08-2015</build-date>
    </build-info>

<item>
            <title>[SPR-5001] Add @SessionMapping </title>
                <link>https://jira.spring.io/browse/SPR-5001</link>
                <project id="10000" key="SPR">Spring Framework</project>
                    <description>&lt;p&gt;Currently a parameter to a Web MVC method can be annotated using @RequestMapping so that a part of the HTTP request is bound to this parameter. I would suggest to add @SessionMapping that allows the same for the HTTP Session.&lt;/p&gt;</description>
            <key id="23110">SPR-5001</key>
            <summary>Add @SessionMapping </summary>
                <type id="4" iconUrl="https://jira.spring.io/images/icons/issuetypes/improvement.png">Improvement</type>
                                            <priority id="3" iconUrl="https://jira.spring.io/images/icons/priorities/major.png">Major</priority>
                        <status id="5" iconUrl="https://jira.spring.io/images/icons/statuses/resolved.png" description="A resolution has been taken, and it is awaiting verification by reporter. From here issues are either reopened, or are closed.">Resolved</status>
                    <statusCategory id="3" key="done" colorName="green"/>
                                    <resolution id="3">Duplicate</resolution>
                                        <assignee username="rstoya05-aop">Rossen Stoyanchev</assignee>
                                    <reporter username="eberhardwolff">Eberhard Wolff</reporter>
                        <labels>
                    </labels>
                <created>Sat, 12 Jul 2008 23:56:18 +0000</created>
                <updated>Thu, 28 Jan 2016 15:55:24 +0000</updated>
                            <resolved>Thu, 28 Jan 2016 15:55:24 +0000</resolved>
                                                                    <component>Web</component>
                        <due></due>
                            <votes>0</votes>
                                    <watches>2</watches>
                                                                <comments>
                            <comment id="37523" author="jkuipers" created="Mon, 14 Jul 2008 00:05:10 +0000"  >&lt;p&gt;@RequestMapping actually maps something, namely HTTP request parameters, to a new object. What would @SessionMapping map?&lt;/p&gt;</comment>
                            <comment id="37524" author="eberhardwolff" created="Mon, 14 Jul 2008 00:07:44 +0000"  >&lt;p&gt;Map an attribute of the session to a new object.&lt;/p&gt;</comment>
                            <comment id="70142" author="condor" created="Tue, 6 Sep 2011 06:09:01 +0000"  >&lt;p&gt;So you actually want to choose the handler not only by the url mapping but also by a session attribute?&lt;/p&gt;

&lt;p&gt;Or do you only want to access a session attribute as one of the handler parameters?&lt;/p&gt;

&lt;p&gt;If it&apos;s the second option then this would be a duplicate of &lt;a href=&quot;https://jira.spring.io/browse/SPR-5377&quot; title=&quot;@SessionParam or @SessionAttribute Annotation for passing a Session Attribute to a Controller&quot; class=&quot;issue-link&quot; data-issue-key=&quot;SPR-5377&quot;&gt;&lt;del&gt;SPR-5377&lt;/del&gt;&lt;/a&gt;&lt;/p&gt;</comment>
                            <comment id="70144" author="eberhardwolff" created="Tue, 6 Sep 2011 06:25:52 +0000"  >&lt;p&gt;&lt;a href=&quot;https://jira.spring.io/browse/SPR-5377&quot; title=&quot;@SessionParam or @SessionAttribute Annotation for passing a Session Attribute to a Controller&quot; class=&quot;issue-link&quot; data-issue-key=&quot;SPR-5377&quot;&gt;&lt;del&gt;SPR-5377&lt;/del&gt;&lt;/a&gt; is a duplicate of this (this is older... &lt;img class=&quot;emoticon&quot; src=&quot;https://jira.spring.io/images/icons/emoticons/wink.png&quot; height=&quot;16&quot; width=&quot;16&quot; align=&quot;absmiddle&quot; alt=&quot;&quot; border=&quot;0&quot;/&gt; )&lt;/p&gt;</comment>
                            <comment id="123341" author="mdeinum" created="Thu, 28 Jan 2016 14:43:51 +0000"  >&lt;p&gt;Isn&apos;t this now solved by &lt;a href=&quot;https://jira.spring.io/browse/SPR-13894&quot; title=&quot;Convenient access to session and request attributes in controller methods&quot; class=&quot;issue-link&quot; data-issue-key=&quot;SPR-13894&quot;&gt;&lt;del&gt;SPR-13894&lt;/del&gt;&lt;/a&gt;?&lt;/p&gt;</comment>
                            <comment id="123346" author="rstoya05-aop" created="Thu, 28 Jan 2016 15:53:32 +0000"  >&lt;p&gt;Indeed just like &lt;a href=&quot;https://jira.spring.io/browse/SPR-5377&quot; title=&quot;@SessionParam or @SessionAttribute Annotation for passing a Session Attribute to a Controller&quot; class=&quot;issue-link&quot; data-issue-key=&quot;SPR-5377&quot;&gt;&lt;del&gt;SPR-5377&lt;/del&gt;&lt;/a&gt; (mentioned above) this is another request for access to session attributes essentially.&lt;/p&gt;</comment>
                    </comments>
                <issuelinks>
                            <issuelinktype id="10130">
                    <name>Supersede</name>
                                                                <inwardlinks description="is superseded by">
                                        <issuelink>
            <issuekey id="67422">SPR-13894</issuekey>
        </issuelink>
                            </inwardlinks>
                                    </issuelinktype>
                    </issuelinks>
                <attachments>
                    </attachments>
                <subtasks>
                    </subtasks>
                <customfields>
                                                <customfield id="customfield_10180" key="com.atlassian.jira.toolkit:dayslastcommented">
                        <customfieldname>Days since last comment</customfieldname>
                        <customfieldvalues>
                                        47 weeks ago
    
                        </customfieldvalues>
                    </customfield>
                                                                                            <customfield id="customfield_10170" key="com.atlassian.jira.ext.charting:firstresponsedate">
                        <customfieldname>First Response Date</customfieldname>
                        <customfieldvalues>
                            <customfieldvalue>Mon, 14 Jul 2008 00:05:10 +0000</customfieldvalue>

                        </customfieldvalues>
                    </customfield>
                                                                                            <customfield id="customfield_10181" key="com.atlassian.jira.toolkit:lastusercommented">
                        <customfieldname>Last commented by a User</customfieldname>
                        <customfieldvalues>
                            <customfieldvalue>false</customfieldvalue>
                        </customfieldvalues>
                    </customfield>
                                                                <customfield id="customfield_10182" key="com.atlassian.jira.toolkit:lastupdaterorcommenter">
                        <customfieldname>Last updater</customfieldname>
                        <customfieldvalues>
                            <customfieldvalue>rstoya05-aop</customfieldvalue>

                        </customfieldvalues>
                    </customfield>
                                                                                            <customfield id="customfield_10880" key="com.pyxis.greenhopper.jira:gh-lexo-rank">
                        <customfieldname>Rank</customfieldname>
                        <customfieldvalues>
                            <customfieldvalue>0|i00ihj:</customfieldvalue>

                        </customfieldvalues>
                    </customfield>
                                                                <customfield id="customfield_10380" key="com.pyxis.greenhopper.jira:gh-global-rank">
                        <customfieldname>Rank (Obsolete)</customfieldname>
                        <customfieldvalues>
                            <customfieldvalue>3040</customfieldvalue>
                        </customfieldvalues>
                    </customfield>
                                                                                                                                                    <customfield id="customfield_10171" key="com.atlassian.jira.ext.charting:timeinstatus">
                        <customfieldname>Time in Status</customfieldname>
                        <customfieldvalues>
                            
                        </customfieldvalues>
                    </customfield>
                                                                </customfields>
    </item>
</channel>
</rss>