<!-- 
RSS generated by JIRA (6.4.11#64026-sha1:78f6ec473a3f058bd5d6c30e9319c7ab376bdb9c) at Thu Dec 22 20:50:35 UTC 2016

It is possible to restrict the fields that are returned in this document by specifying the 'field' parameter in your request.
For example, to request only the issue key and summary add field=key&field=summary to the URL of your request.
For example:
https://jira.spring.io/si/jira.issueviews:issue-xml/SPR-158/SPR-158.xml?field=key&amp;field=summary
-->
<rss version="0.92" >
<channel>
    <title>Spring JIRA</title>
    <link>https://jira.spring.io</link>
    <description>This file is an XML representation of an issue</description>
    <language>en-uk</language>    <build-info>
        <version>6.4.11</version>
        <build-number>64026</build-number>
        <build-date>25-08-2015</build-date>
    </build-info>

<item>
            <title>[SPR-158] Error using JaxRpcPortProxyFactoryBean with an interceptor</title>
                <link>https://jira.spring.io/browse/SPR-158</link>
                <project id="10000" key="SPR">Spring Framework</project>
                    <description>&lt;p&gt;When using an interceptor with the JaxRpcPortProxyFactoryBean, an exception is thrown during initialization of the Spring Context. It appears that somewhere in the initialization, the toString method of the interceptor is invoked, which in turn will invoke toString on the JaxRpcPortProxy, which in turn attempts to invoke a toString operation on the web service that it proxies.&lt;/p&gt;

&lt;p&gt;The stack trace (plus some debug info) is:&lt;/p&gt;

&lt;p&gt;4632 &lt;span class=&quot;error&quot;&gt;&amp;#91;main&amp;#93;&lt;/span&gt; INFO  org.springframework.beans.factory.support.DefaultListableBeanFactory  - Destroying singletons in factory &lt;/p&gt;
{org.springframework.beans.factory.support.DefaultListableBeanFactory defining beans [debugInterceptor,amazon,debugAdvisor,amazonTarget]; Root of BeanFactory hierarchy}
&lt;p&gt;4633 &lt;span class=&quot;error&quot;&gt;&amp;#91;main&amp;#93;&lt;/span&gt; DEBUG org.springframework.beans.factory.support.DefaultListableBeanFactory  - Retrieving depending beans for bean &apos;debugAdvisor&apos;&lt;br/&gt;
4633 &lt;span class=&quot;error&quot;&gt;&amp;#91;main&amp;#93;&lt;/span&gt; DEBUG org.springframework.beans.factory.support.DefaultListableBeanFactory  - Applying DestructionAwareBeanPostProcessors to bean with name &apos;debugAdvisor&apos;&lt;br/&gt;
4634 &lt;span class=&quot;error&quot;&gt;&amp;#91;main&amp;#93;&lt;/span&gt; DEBUG org.springframework.beans.factory.support.DefaultListableBeanFactory  - Retrieving depending beans for bean &apos;debugInterceptor&apos;&lt;br/&gt;
4635 &lt;span class=&quot;error&quot;&gt;&amp;#91;main&amp;#93;&lt;/span&gt; DEBUG org.springframework.beans.factory.support.DefaultListableBeanFactory  - Applying DestructionAwareBeanPostProcessors to bean with name &apos;debugInterceptor&apos;&lt;br/&gt;
4635 &lt;span class=&quot;error&quot;&gt;&amp;#91;main&amp;#93;&lt;/span&gt; DEBUG org.springframework.beans.factory.support.DefaultListableBeanFactory  - Retrieving depending beans for bean &apos;amazonTarget&apos;&lt;br/&gt;
4635 &lt;span class=&quot;error&quot;&gt;&amp;#91;main&amp;#93;&lt;/span&gt; DEBUG org.springframework.beans.factory.support.DefaultListableBeanFactory  - Applying DestructionAwareBeanPostProcessors to bean with name &apos;amazonTarget&apos;&lt;br/&gt;
org.springframework.beans.factory.BeanCreationException: Error creating bean with name &apos;amazon&apos; defined in class path resource &lt;span class=&quot;error&quot;&gt;&amp;#91;applicationContext-spring-test.xml&amp;#93;&lt;/span&gt;: Initialization of bean failed; nested exception is javax.xml.rpc.JAXRPCException: Cannot find operation:  toString - none defined&lt;br/&gt;
javax.xml.rpc.JAXRPCException: Cannot find operation:  toString - none defined&lt;br/&gt;
        at org.apache.axis.client.Call.setOperation(Call.java:1309)&lt;br/&gt;
        at org.apache.axis.client.AxisClientProxy.invoke(AxisClientProxy.java:154)&lt;br/&gt;
        at $Proxy0.toString(Unknown Source)&lt;br/&gt;
        at sun.reflect.NativeMethodAccessorImpl.invoke0(Native Method)&lt;br/&gt;
        at sun.reflect.NativeMethodAccessorImpl.invoke(NativeMethodAccessorImpl.java:39)&lt;br/&gt;
        at sun.reflect.DelegatingMethodAccessorImpl.invoke(DelegatingMethodAccessorImpl.java:25)&lt;br/&gt;
        at java.lang.reflect.Method.invoke(Method.java:324)&lt;br/&gt;
        at org.springframework.remoting.jaxrpc.JaxRpcPortClientInterceptor.invoke(JaxRpcPortClientInterceptor.java:294)&lt;br/&gt;
        at org.springframework.aop.framework.ReflectiveMethodInvocation.proceed(ReflectiveMethodInvocation.java:138)&lt;br/&gt;
        at org.springframework.aop.framework.JdkDynamicAopProxy.invoke(JdkDynamicAopProxy.java:148)&lt;br/&gt;
        at $Proxy1.toString(Unknown Source)&lt;br/&gt;
        at java.lang.String.valueOf(String.java:2131)&lt;br/&gt;
        at java.lang.StringBuffer.append(StringBuffer.java:370)&lt;br/&gt;
        at org.springframework.aop.target.SingletonTargetSource.toString(SingletonTargetSource.java:50)&lt;br/&gt;
        at java.lang.String.valueOf(String.java:2131)&lt;br/&gt;
        at java.lang.StringBuffer.append(StringBuffer.java:370)&lt;br/&gt;
        at org.springframework.aop.framework.AdvisedSupport.toString(AdvisedSupport.java:478)&lt;br/&gt;
        at java.lang.String.valueOf(String.java:2131)&lt;br/&gt;
        at java.lang.StringBuffer.append(StringBuffer.java:370)&lt;br/&gt;
        at org.springframework.aop.framework.ProxyFactoryBean.setBeanFactory(ProxyFactoryBean.java:174)&lt;br/&gt;
        at org.springframework.beans.factory.support.AbstractAutowireCapableBeanFactory.createBean(AbstractAutowireCapableBeanFactory.java:245)&lt;br/&gt;
        at org.springframework.beans.factory.support.AbstractAutowireCapableBeanFactory.createBean(AbstractAutowireCapableBeanFactory.java:177)&lt;br/&gt;
        at org.springframework.beans.factory.support.AbstractBeanFactory.getBean(AbstractBeanFactory.java:159)&lt;br/&gt;
        at org.springframework.beans.factory.support.DefaultListableBeanFactory.preInstantiateSingletons(DefaultListableBeanFactory.java:177)&lt;br/&gt;
        at org.springframework.context.support.AbstractApplicationContext.refresh(AbstractApplicationContext.java:268)&lt;br/&gt;
        at org.springframework.context.support.ClassPathXmlApplicationContext.&amp;lt;init&amp;gt;(ClassPathXmlApplicationContext.java:58)&lt;br/&gt;
        at spring.bug.SpringBugTest.testAmazonService(SpringBugTest.java:23)&lt;br/&gt;
        at sun.reflect.NativeMethodAccessorImpl.invoke0(Native Method)&lt;br/&gt;
        at sun.reflect.NativeMethodAccessorImpl.invoke(NativeMethodAccessorImpl.java:39)&lt;br/&gt;
        at sun.reflect.DelegatingMethodAccessorImpl.invoke(DelegatingMethodAccessorImpl.java:25)&lt;br/&gt;
        at java.lang.reflect.Method.invoke(Method.java:324)&lt;br/&gt;
        at junit.framework.TestCase.runTest(TestCase.java:154)&lt;br/&gt;
        at junit.framework.TestCase.runBare(TestCase.java:127)&lt;br/&gt;
        at junit.framework.TestResult$1.protect(TestResult.java:106)&lt;br/&gt;
        at junit.framework.TestResult.runProtected(TestResult.java:124)&lt;br/&gt;
        at junit.framework.TestResult.run(TestResult.java:109)&lt;br/&gt;
        at junit.framework.TestCase.run(TestCase.java:118)&lt;br/&gt;
        at junit.framework.TestSuite.runTest(TestSuite.java:208)&lt;br/&gt;
        at junit.framework.TestSuite.run(TestSuite.java:203)&lt;/p&gt;</description>
            <key id="10328">SPR-158</key>
            <summary>Error using JaxRpcPortProxyFactoryBean with an interceptor</summary>
                <type id="1" iconUrl="https://jira.spring.io/images/icons/issuetypes/bug.png">Bug</type>
                                            <priority id="4" iconUrl="https://jira.spring.io/images/icons/priorities/minor.png">Minor</priority>
                        <status id="6" iconUrl="https://jira.spring.io/images/icons/statuses/closed.png" description="The issue is considered finished, the resolution is correct. Issues which are not closed can be reopened.">Closed</status>
                    <statusCategory id="3" key="done" colorName="green"/>
                                    <resolution id="1">Fixed</resolution>
                                        <assignee username="juergen.hoeller">Juergen Hoeller</assignee>
                                    <reporter username="nilsga">Nils-Helge Garli</reporter>
                        <labels>
                    </labels>
                <created>Sun, 6 Jun 2004 01:39:04 +0000</created>
                <updated>Sun, 6 Jun 2004 08:44:57 +0000</updated>
                            <resolved>Sun, 6 Jun 2004 08:44:57 +0000</resolved>
                                    <version>1.0.1</version>
                    <version>1.0.2</version>
                                    <fixVersion>1.1 RC1</fixVersion>
                                    <component>Core:AOP</component>
                        <due></due>
                            <votes>0</votes>
                                    <watches>2</watches>
                                                                <comments>
                            <comment id="10446" author="nilsga" created="Sun, 6 Jun 2004 01:40:58 +0000"  >&lt;p&gt;Test case and supporting classes to recreate the issue. Note that the invocation of the web service itself will fail since the example is not complete. But it is enough to illustrate the problem&lt;/p&gt;</comment>
                            <comment id="10447" author="nilsga" created="Sun, 6 Jun 2004 01:41:36 +0000"  >&lt;p&gt;application context file used to re-create the issue&lt;/p&gt;</comment>
                            <comment id="10448" author="nilsga" created="Sun, 6 Jun 2004 01:45:26 +0000"  >&lt;p&gt;...apologies for the corrupt test case in the previous test.tar. This one should fail correctly.&lt;/p&gt;</comment>
                            <comment id="10450" author="juergen.hoeller" created="Sun, 6 Jun 2004 08:44:57 +0000"  >&lt;p&gt;Thanks for the report - SingletonTargetSource shouldn&apos;t try to invoke toString on the target, as some targets like an Axis proxy might not support toString.&lt;/p&gt;

&lt;p&gt;As a side note, you might want to use a JaxRpcPortClientInterceptor instead of a JaxRpcPortProxyFactoryBean when you combine a JAX-RPC proxy with an interceptor. Simply turn &quot;amazonTarget&quot; into a JaxRpcPortClientInterceptor, and specify &quot;amazonTarget&quot; as further interceptor name on the &quot;amazon&quot; ProxyFactoryBean rather than as target. This will be more efficient as it doesn&apos;t unnecessarily create another proxy behind the scenes but instead delegates the call directly to the Axis proxy.&lt;/p&gt;

&lt;p&gt;Juergen&lt;/p&gt;</comment>
                    </comments>
                    <attachments>
                            <attachment id="10106" name="applicationContext-spring-test.xml" size="1836" author="nilsga" created="Sun, 6 Jun 2004 01:41:36 +0000"/>
                            <attachment id="10107" name="test.tar" size="10240" author="nilsga" created="Sun, 6 Jun 2004 01:45:26 +0000"/>
                            <attachment id="10105" name="test.tar" size="10240" author="nilsga" created="Sun, 6 Jun 2004 01:40:58 +0000"/>
                    </attachments>
                <subtasks>
                    </subtasks>
                <customfields>
                                                <customfield id="customfield_10180" key="com.atlassian.jira.toolkit:dayslastcommented">
                        <customfieldname>Days since last comment</customfieldname>
                        <customfieldvalues>
                                        12 years, 30 weeks, 4 days ago
    
                        </customfieldvalues>
                    </customfield>
                                                                                            <customfield id="customfield_10170" key="com.atlassian.jira.ext.charting:firstresponsedate">
                        <customfieldname>First Response Date</customfieldname>
                        <customfieldvalues>
                            <customfieldvalue>Sun, 6 Jun 2004 08:44:57 +0000</customfieldvalue>

                        </customfieldvalues>
                    </customfield>
                                                                                            <customfield id="customfield_10181" key="com.atlassian.jira.toolkit:lastusercommented">
                        <customfieldname>Last commented by a User</customfieldname>
                        <customfieldvalues>
                            <customfieldvalue>false</customfieldvalue>
                        </customfieldvalues>
                    </customfield>
                                                                <customfield id="customfield_10182" key="com.atlassian.jira.toolkit:lastupdaterorcommenter">
                        <customfieldname>Last updater</customfieldname>
                        <customfieldvalues>
                            <customfieldvalue>tmarshall</customfieldvalue>

                        </customfieldvalues>
                    </customfield>
                                                                                            <customfield id="customfield_10880" key="com.pyxis.greenhopper.jira:gh-lexo-rank">
                        <customfieldname>Rank</customfieldname>
                        <customfieldvalues>
                            <customfieldvalue>0|i01zcf:</customfieldvalue>

                        </customfieldvalues>
                    </customfield>
                                                                <customfield id="customfield_10380" key="com.pyxis.greenhopper.jira:gh-global-rank">
                        <customfieldname>Rank (Obsolete)</customfieldname>
                        <customfieldvalues>
                            <customfieldvalue>11603</customfieldvalue>
                        </customfieldvalues>
                    </customfield>
                                                                                                                                                    <customfield id="customfield_10171" key="com.atlassian.jira.ext.charting:timeinstatus">
                        <customfieldname>Time in Status</customfieldname>
                        <customfieldvalues>
                            
                        </customfieldvalues>
                    </customfield>
                                                                </customfields>
    </item>
</channel>
</rss>