<!-- 
RSS generated by JIRA (6.4.11#64026-sha1:78f6ec473a3f058bd5d6c30e9319c7ab376bdb9c) at Thu Dec 22 19:54:49 UTC 2016

It is possible to restrict the fields that are returned in this document by specifying the 'field' parameter in your request.
For example, to request only the issue key and summary add field=key&field=summary to the URL of your request.
For example:
https://jira.spring.io/si/jira.issueviews:issue-xml/SPR-7573/SPR-7573.xml?field=key&amp;field=summary
-->
<rss version="0.92" >
<channel>
    <title>Spring JIRA</title>
    <link>https://jira.spring.io</link>
    <description>This file is an XML representation of an issue</description>
    <language>en-uk</language>    <build-info>
        <version>6.4.11</version>
        <build-number>64026</build-number>
        <build-date>25-08-2015</build-date>
    </build-info>

<item>
            <title>[SPR-7573] Publish updated spring-mvc.xsd with resources element definition</title>
                <link>https://jira.spring.io/browse/SPR-7573</link>
                <project id="10000" key="SPR">Spring Framework</project>
                    <description>&lt;p&gt;Through &lt;a href=&quot;https://jira.spring.io/browse/SPR-7116&quot; title=&quot;Add ResourceHttpRequestHandler for efficiently serving static resouces&quot; class=&quot;issue-link&quot; data-issue-key=&quot;SPR-7116&quot;&gt;&lt;del&gt;SPR-7116&lt;/del&gt;&lt;/a&gt; support for mvc:resources has been added in Spring 3.0.4. Currently published neither &lt;a href=&quot;http://www.springframework.org/schema/mvc/spring-mvc.xsd&quot; class=&quot;external-link&quot; rel=&quot;nofollow&quot;&gt;spring-mvc.xsd&lt;/a&gt; nor &lt;a href=&quot;http://www.springframework.org/schema/mvc/spring-mvc-3.0.xsd&quot; class=&quot;external-link&quot; rel=&quot;nofollow&quot;&gt;spring-mvc-3.0.xsd&lt;/a&gt; mvc namespace schemas have this element. With spring-webmvc:3.0.4 as dependency there is no problem in runtime but during development this causes XML validation to fail.&lt;/p&gt;

&lt;p&gt;Please publish updated spring-mvc.xsd and if agreed spring-mvc-3.0.4.xsd too.&lt;/p&gt;</description>
            <key id="33427">SPR-7573</key>
            <summary>Publish updated spring-mvc.xsd with resources element definition</summary>
                <type id="3" iconUrl="https://jira.spring.io/images/icons/issuetypes/task.png">Task</type>
                                            <priority id="5" iconUrl="https://jira.spring.io/images/icons/priorities/trivial.png">Trivial</priority>
                        <status id="5" iconUrl="https://jira.spring.io/images/icons/statuses/resolved.png" description="A resolution has been taken, and it is awaiting verification by reporter. From here issues are either reopened, or are closed.">Resolved</status>
                    <statusCategory id="3" key="done" colorName="green"/>
                                    <resolution id="3">Duplicate</resolution>
                                        <assignee username="cbeams">Chris Beams</assignee>
                                    <reporter username="sslavic">Stevo Slavi&#263;</reporter>
                        <labels>
                    </labels>
                <created>Mon, 20 Sep 2010 03:04:06 +0000</created>
                <updated>Tue, 19 Jun 2012 02:28:08 +0000</updated>
                            <resolved>Tue, 21 Sep 2010 13:28:58 +0000</resolved>
                                    <version>3.0.4</version>
                                                    <component>Web</component>
                        <due></due>
                            <votes>0</votes>
                                    <watches>1</watches>
                                                                <comments>
                            <comment id="58355" author="cbeams" created="Tue, 21 Sep 2010 13:28:58 +0000"  >&lt;p&gt;Duplicates &lt;a href=&quot;https://jira.spring.io/browse/SPR-7555&quot; title=&quot;Publish spring-mvc-3.0.xsd&quot; class=&quot;issue-link&quot; data-issue-key=&quot;SPR-7555&quot;&gt;&lt;del&gt;SPR-7555&lt;/del&gt;&lt;/a&gt;&lt;/p&gt;</comment>
                    </comments>
                <issuelinks>
                            <issuelinktype id="10000">
                    <name>Duplicate</name>
                                            <outwardlinks description="duplicates">
                                        <issuelink>
            <issuekey id="33333">SPR-7555</issuekey>
        </issuelink>
                            </outwardlinks>
                                                        </issuelinktype>
                    </issuelinks>
                <attachments>
                    </attachments>
                <subtasks>
                    </subtasks>
                <customfields>
                                                <customfield id="customfield_10180" key="com.atlassian.jira.toolkit:dayslastcommented">
                        <customfieldname>Days since last comment</customfieldname>
                        <customfieldvalues>
                                        6 years, 14 weeks, 2 days ago
    
                        </customfieldvalues>
                    </customfield>
                                                                                            <customfield id="customfield_10170" key="com.atlassian.jira.ext.charting:firstresponsedate">
                        <customfieldname>First Response Date</customfieldname>
                        <customfieldvalues>
                            <customfieldvalue>Tue, 21 Sep 2010 13:28:58 +0000</customfieldvalue>

                        </customfieldvalues>
                    </customfield>
                                                                                            <customfield id="customfield_10181" key="com.atlassian.jira.toolkit:lastusercommented">
                        <customfieldname>Last commented by a User</customfieldname>
                        <customfieldvalues>
                            <customfieldvalue>true</customfieldvalue>
                        </customfieldvalues>
                    </customfield>
                                                                <customfield id="customfield_10182" key="com.atlassian.jira.toolkit:lastupdaterorcommenter">
                        <customfieldname>Last updater</customfieldname>
                        <customfieldvalues>
                            <customfieldvalue>tmarshall</customfieldvalue>

                        </customfieldvalues>
                    </customfield>
                                                                                            <customfield id="customfield_10880" key="com.pyxis.greenhopper.jira:gh-lexo-rank">
                        <customfieldname>Rank</customfieldname>
                        <customfieldvalues>
                            <customfieldvalue>0|i015cv:</customfieldvalue>

                        </customfieldvalues>
                    </customfield>
                                                                <customfield id="customfield_10380" key="com.pyxis.greenhopper.jira:gh-global-rank">
                        <customfieldname>Rank (Obsolete)</customfieldname>
                        <customfieldvalues>
                            <customfieldvalue>6745</customfieldvalue>
                        </customfieldvalues>
                    </customfield>
                                                                <customfield id="customfield_10120" key="com.atlassian.jira.plugin.system.customfieldtypes:url">
                        <customfieldname>Reference URL</customfieldname>
                        <customfieldvalues>
                            <customfieldvalue><![CDATA[http://forum.springsource.org/showthread.php?t=95446]]></customfieldvalue>

                        </customfieldvalues>
                    </customfield>
                                                                                                                        <customfield id="customfield_10171" key="com.atlassian.jira.ext.charting:timeinstatus">
                        <customfieldname>Time in Status</customfieldname>
                        <customfieldvalues>
                            
                        </customfieldvalues>
                    </customfield>
                                                                </customfields>
    </item>
</channel>
</rss>