<!-- 
RSS generated by JIRA (6.4.11#64026-sha1:78f6ec473a3f058bd5d6c30e9319c7ab376bdb9c) at Thu Dec 22 21:27:12 UTC 2016

It is possible to restrict the fields that are returned in this document by specifying the 'field' parameter in your request.
For example, to request only the issue key and summary add field=key&field=summary to the URL of your request.
For example:
https://jira.spring.io/si/jira.issueviews:issue-xml/SPR-6493/SPR-6493.xml?field=key&amp;field=summary
-->
<rss version="0.92" >
<channel>
    <title>Spring JIRA</title>
    <link>https://jira.spring.io</link>
    <description>This file is an XML representation of an issue</description>
    <language>en-uk</language>    <build-info>
        <version>6.4.11</version>
        <build-number>64026</build-number>
        <build-date>25-08-2015</build-date>
    </build-info>

<item>
            <title>[SPR-6493] Regression about the suppport of the tag &lt;import resource=&quot;...&quot;/&gt;</title>
                <link>https://jira.spring.io/browse/SPR-6493</link>
                <project id="10000" key="SPR">Spring Framework</project>
                    <description>&lt;p&gt;The tag &amp;lt;import resource=&quot;...&quot;/&amp;gt; acts differently in version 3.0.0 and 2.5.6.&lt;br/&gt;
For example, consider these two xml configuration files, located in a package &quot;context&quot;.&lt;/p&gt;

&lt;p&gt;File: dependent-context.xml&lt;br/&gt;
---------------------------&lt;br/&gt;
&amp;lt;?xml version=&quot;1.0&quot; encoding=&quot;UTF-8&quot;?&amp;gt;&lt;br/&gt;
&amp;lt;beans xmlns=&quot;http://www.springframework.org/schema/beans&quot; xmlns:xsi=&quot;http://www.w3.org/2001/XMLSchema-instance&quot; xsi:schemaLocation=&quot;http://www.springframework.org/schema/beans &lt;a href=&quot;http://www.springframework.org/schema/beans/spring-beans-2.5.xsd&quot; class=&quot;external-link&quot; rel=&quot;nofollow&quot;&gt;http://www.springframework.org/schema/beans/spring-beans-2.5.xsd&lt;/a&gt;&quot;&amp;gt;&lt;br/&gt;
	&amp;lt;bean id=&quot;myBean&quot; class=&quot;java.lang.String&quot; /&amp;gt;&lt;br/&gt;
&amp;lt;/beans&amp;gt;&lt;/p&gt;

&lt;p&gt;File: super-context.xml&lt;br/&gt;
-----------------------&lt;br/&gt;
&amp;lt;?xml version=&quot;1.0&quot; encoding=&quot;UTF-8&quot;?&amp;gt;&lt;br/&gt;
&amp;lt;beans xmlns=&quot;http://www.springframework.org/schema/beans&quot; xmlns:xsi=&quot;http://www.w3.org/2001/XMLSchema-instance&quot; xsi:schemaLocation=&quot;http://www.springframework.org/schema/beans &lt;a href=&quot;http://www.springframework.org/schema/beans/spring-beans-2.5.xsd&quot; class=&quot;external-link&quot; rel=&quot;nofollow&quot;&gt;http://www.springframework.org/schema/beans/spring-beans-2.5.xsd&lt;/a&gt;&quot;&amp;gt;&lt;br/&gt;
	&amp;lt;import resource=&quot;dependent-context.xml&quot; /&amp;gt;&lt;br/&gt;
&amp;lt;/beans&amp;gt;&lt;/p&gt;

&lt;p&gt;We load the latter, using the following: &lt;br/&gt;
new ClassPathXmlApplicationContext(&quot;context/super-context.xml&quot;);&lt;/p&gt;

&lt;p&gt;Here is the log using Spring 2.5.6.SEC01:&lt;br/&gt;
-----------------------------------------&lt;br/&gt;
11:47:58,903 INFO  &lt;span class=&quot;error&quot;&gt;&amp;#91;ClassPathXmlApplicationContext&amp;#93;&lt;/span&gt; Refreshing org.springframework.context.support.ClassPathXmlApplicationContext@19efb05: display name &lt;span class=&quot;error&quot;&gt;&amp;#91;org.springframework.context.support.ClassPathXmlApplicationContext@19efb05&amp;#93;&lt;/span&gt;; startup date &lt;span class=&quot;error&quot;&gt;&amp;#91;Wed Dec 02 11:47:58 CET 2009&amp;#93;&lt;/span&gt;; root of context hierarchy&lt;br/&gt;
11:47:58,949 INFO  &lt;span class=&quot;error&quot;&gt;&amp;#91;XmlBeanDefinitionReader&amp;#93;&lt;/span&gt; Loading XML bean definitions from class path resource &lt;span class=&quot;error&quot;&gt;&amp;#91;context/super-context.xml&amp;#93;&lt;/span&gt;&lt;br/&gt;
11:47:59,027 INFO  &lt;span class=&quot;error&quot;&gt;&amp;#91;XmlBeanDefinitionReader&amp;#93;&lt;/span&gt; Loading XML bean definitions from class path resource &lt;span class=&quot;error&quot;&gt;&amp;#91;context/dependent-context.xml&amp;#93;&lt;/span&gt;&lt;br/&gt;
11:47:59,059 INFO  &lt;span class=&quot;error&quot;&gt;&amp;#91;ClassPathXmlApplicationContext&amp;#93;&lt;/span&gt; Bean factory for application context &lt;span class=&quot;error&quot;&gt;&amp;#91;org.springframework.context.support.ClassPathXmlApplicationContext@19efb05&amp;#93;&lt;/span&gt;: org.springframework.beans.factory.support.DefaultListableBeanFactory@47393f&lt;br/&gt;
11:47:59,059 INFO  &lt;span class=&quot;error&quot;&gt;&amp;#91;DefaultListableBeanFactory&amp;#93;&lt;/span&gt; Pre-instantiating singletons in org.springframework.beans.factory.support.DefaultListableBeanFactory@47393f: defining beans &lt;span class=&quot;error&quot;&gt;&amp;#91;myBean&amp;#93;&lt;/span&gt;; root of factory hierarchy&lt;/p&gt;

&lt;p&gt;Note that the dependent-context.xml file is loaded as &quot;class path resource &lt;span class=&quot;error&quot;&gt;&amp;#91;context/dependent-context.xml&amp;#93;&lt;/span&gt;&quot;&lt;/p&gt;

&lt;p&gt;Here is the log using Spring 3.0.0.RC3:&lt;br/&gt;
-----------------------------------------&lt;br/&gt;
12:06:57,312 INFO  &lt;span class=&quot;error&quot;&gt;&amp;#91;ClassPathXmlApplicationContext&amp;#93;&lt;/span&gt; Refreshing org.springframework.context.support.ClassPathXmlApplicationContext@8814e9: startup date &lt;span class=&quot;error&quot;&gt;&amp;#91;Wed Dec 02 12:06:57 CET 2009&amp;#93;&lt;/span&gt;; root of context hierarchy&lt;br/&gt;
12:06:57,608 INFO  &lt;span class=&quot;error&quot;&gt;&amp;#91;XmlBeanDefinitionReader&amp;#93;&lt;/span&gt; Loading XML bean definitions from class path resource &lt;span class=&quot;error&quot;&gt;&amp;#91;context/super-context.xml&amp;#93;&lt;/span&gt;&lt;br/&gt;
12:06:57,686 INFO  &lt;span class=&quot;error&quot;&gt;&amp;#91;XmlBeanDefinitionReader&amp;#93;&lt;/span&gt; Loading XML bean definitions from URL &lt;a href=&quot;file:/C:/Workspace/__Test/target/classes/context/dependent-context.xml&quot; class=&quot;external-link&quot; rel=&quot;nofollow&quot;&gt;file:/C:/Workspace/__Test/target/classes/context/dependent-context.xml&lt;/a&gt;&lt;br/&gt;
12:06:57,795 INFO  &lt;span class=&quot;error&quot;&gt;&amp;#91;DefaultListableBeanFactory&amp;#93;&lt;/span&gt; Pre-instantiating singletons in org.springframework.beans.factory.support.DefaultListableBeanFactory@1a9334: defining beans &lt;span class=&quot;error&quot;&gt;&amp;#91;myBean&amp;#93;&lt;/span&gt;; root of factory hierarchy&lt;/p&gt;

&lt;p&gt;Note that the dependent-context.xml file is new loaded as &quot;URL &lt;a href=&quot;file:/C:/Workspace/__Test/target/classes/context/dependent-context.xml&quot; class=&quot;external-link&quot; rel=&quot;nofollow&quot;&gt;file:/C:/Workspace/__Test/target/classes/context/dependent-context.xml&lt;/a&gt;&quot;&lt;/p&gt;

&lt;p&gt;If the two file are located in different folders on the file system, as it is often the case, the loading fails.&lt;/p&gt;

&lt;p&gt;This difference generates several major regressions in our existing projects.&lt;/p&gt;</description>
            <key id="29074">SPR-6493</key>
            <summary>Regression about the suppport of the tag &lt;import resource=&quot;...&quot;/&gt;</summary>
                <type id="1" iconUrl="https://jira.spring.io/images/icons/issuetypes/bug.png">Bug</type>
                                            <priority id="3" iconUrl="https://jira.spring.io/images/icons/priorities/major.png">Major</priority>
                        <status id="6" iconUrl="https://jira.spring.io/images/icons/statuses/closed.png" description="The issue is considered finished, the resolution is correct. Issues which are not closed can be reopened.">Closed</status>
                    <statusCategory id="3" key="done" colorName="green"/>
                                    <resolution id="1">Fixed</resolution>
                                        <assignee username="juergen.hoeller">Juergen Hoeller</assignee>
                                    <reporter username="bfovez">Bertrand Fovez</reporter>
                        <labels>
                    </labels>
                <created>Tue, 1 Dec 2009 21:10:31 +0000</created>
                <updated>Tue, 19 Jun 2012 03:43:53 +0000</updated>
                            <resolved>Mon, 7 Dec 2009 01:19:46 +0000</resolved>
                                    <version>3.0 RC3</version>
                                    <fixVersion>3.0 GA</fixVersion>
                                    <component>Core</component>
                        <due></due>
                            <votes>0</votes>
                                    <watches>2</watches>
                                                                <comments>
                            <comment id="49008" author="juergen.hoeller" created="Mon, 7 Dec 2009 01:19:46 +0000"  >&lt;p&gt;Thanks for pointing this out! This is an unfortunate side effect of us supporting patterns for relative locations now. I&apos;ve revised this to use &apos;real&apos; relative resources (Resource.createRelative) wherever possible, which works with relative resources in other classpath roots as well. We only fall back to a (pattern-capable) standard resource search if createRelative doesn&apos;t result in an existing resource.&lt;/p&gt;

&lt;p&gt;Juergen&lt;/p&gt;</comment>
                    </comments>
                <issuelinks>
                            <issuelinktype id="10000">
                    <name>Duplicate</name>
                                                                <inwardlinks description="is duplicated by">
                                        <issuelink>
            <issuekey id="29075">SPR-6494</issuekey>
        </issuelink>
                            </inwardlinks>
                                    </issuelinktype>
                    </issuelinks>
                <attachments>
                    </attachments>
                <subtasks>
                    </subtasks>
                <customfields>
                                                <customfield id="customfield_10180" key="com.atlassian.jira.toolkit:dayslastcommented">
                        <customfieldname>Days since last comment</customfieldname>
                        <customfieldvalues>
                                        7 years, 3 weeks, 3 days ago
    
                        </customfieldvalues>
                    </customfield>
                                                                                            <customfield id="customfield_10170" key="com.atlassian.jira.ext.charting:firstresponsedate">
                        <customfieldname>First Response Date</customfieldname>
                        <customfieldvalues>
                            <customfieldvalue>Mon, 7 Dec 2009 01:19:46 +0000</customfieldvalue>

                        </customfieldvalues>
                    </customfield>
                                                                                            <customfield id="customfield_10181" key="com.atlassian.jira.toolkit:lastusercommented">
                        <customfieldname>Last commented by a User</customfieldname>
                        <customfieldvalues>
                            <customfieldvalue>false</customfieldvalue>
                        </customfieldvalues>
                    </customfield>
                                                                <customfield id="customfield_10182" key="com.atlassian.jira.toolkit:lastupdaterorcommenter">
                        <customfieldname>Last updater</customfieldname>
                        <customfieldvalues>
                            <customfieldvalue>tmarshall</customfieldvalue>

                        </customfieldvalues>
                    </customfield>
                                                                                            <customfield id="customfield_10880" key="com.pyxis.greenhopper.jira:gh-lexo-rank">
                        <customfieldname>Rank</customfieldname>
                        <customfieldvalues>
                            <customfieldvalue>0|i00pzr:</customfieldvalue>

                        </customfieldvalues>
                    </customfield>
                                                                <customfield id="customfield_10380" key="com.pyxis.greenhopper.jira:gh-global-rank">
                        <customfieldname>Rank (Obsolete)</customfieldname>
                        <customfieldvalues>
                            <customfieldvalue>4256</customfieldvalue>
                        </customfieldvalues>
                    </customfield>
                                                                                                                                                    <customfield id="customfield_10171" key="com.atlassian.jira.ext.charting:timeinstatus">
                        <customfieldname>Time in Status</customfieldname>
                        <customfieldvalues>
                            
                        </customfieldvalues>
                    </customfield>
                                                                </customfields>
    </item>
</channel>
</rss>