<!-- 
RSS generated by JIRA (6.4.11#64026-sha1:78f6ec473a3f058bd5d6c30e9319c7ab376bdb9c) at Thu Dec 22 18:47:06 UTC 2016

It is possible to restrict the fields that are returned in this document by specifying the 'field' parameter in your request.
For example, to request only the issue key and summary add field=key&field=summary to the URL of your request.
For example:
https://jira.spring.io/si/jira.issueviews:issue-xml/SPR-2596/SPR-2596.xml?field=key&amp;field=summary
-->
<rss version="0.92" >
<channel>
    <title>Spring JIRA</title>
    <link>https://jira.spring.io</link>
    <description>This file is an XML representation of an issue</description>
    <language>en-uk</language>    <build-info>
        <version>6.4.11</version>
        <build-number>64026</build-number>
        <build-date>25-08-2015</build-date>
    </build-info>

<item>
            <title>[SPR-2596] SAX parser exception from Hibernate EntityManager after upgrading to Spring 2.0 RC4</title>
                <link>https://jira.spring.io/browse/SPR-2596</link>
                <project id="10000" key="SPR">Spring Framework</project>
                    <description>&lt;p&gt;See &lt;a href=&quot;http://forum.springframework.org/showthread.php?p=77598&quot; class=&quot;external-link&quot; rel=&quot;nofollow&quot;&gt;http://forum.springframework.org/showthread.php?p=77598&lt;/a&gt; for a discussion.&lt;/p&gt;

&lt;p&gt;I just upgraded from 2.0-RC3 to 2.0-RC4 and I get the following exception when my applicationContext.xml is being loaded:&lt;/p&gt;

&lt;p&gt;------ Start stacktrace ------&lt;br/&gt;
Warning: Caught exception attempting to use SAX to load a SAX XMLReader &lt;br/&gt;
Warning: Exception was: java.lang.ClassCastException: org.apache.xerces.parsers.SAXParser&lt;br/&gt;
Warning: I will print the stack trace then carry on using the default SAX parser&lt;br/&gt;
Warning: Caught exception attempting to use SAX to load a SAX XMLReader &lt;br/&gt;
Warning: Exception was: java.lang.ClassCastException: org.apache.xerces.parsers.SAXParser&lt;br/&gt;
Warning: I will print the stack trace then carry on using the default SAX parser&lt;br/&gt;
org.springframework.web.context.ContextLoader&lt;span class=&quot;error&quot;&gt;&amp;#91;ERROR&amp;#93;&lt;/span&gt; 2006-09-18 13:07:59,078 initWebApplicationContext (ContextLoader.java:205)&lt;/p&gt;
&lt;ul&gt;
	&lt;li&gt;
	&lt;ul&gt;
		&lt;li&gt;Context initialization failed  **&lt;br/&gt;
org.springframework.beans.factory.BeanCreationException: Error creating bean with name &apos;org.springframework.transaction.interceptor.TransactionAttributeSourceAdvisor&apos;: Cannot create inner bean &apos;(inner bean)&apos; while setting bean property &apos;transactionInterceptor&apos;; nested exception is org.springframework.beans.factory.BeanCreationException: Error creating bean with name &apos;(inner bean)&apos;: Cannot resolve reference to bean &apos;transactionManager&apos; while setting bean property &apos;transactionManager&apos;; nested exception is org.springframework.beans.factory.BeanCreationException: Error creating bean with name &apos;transactionManager&apos; defined in ServletContext resource &lt;span class=&quot;error&quot;&gt;&amp;#91;/WEB-INF/applicationContext.xml&amp;#93;&lt;/span&gt;: Cannot resolve reference to bean &apos;entityManagerFactory&apos; while setting bean property &apos;entityManagerFactory&apos;; nested exception is org.springframework.beans.factory.BeanCreationException: Error creating bean with name &apos;entityManagerFactory&apos; defined in ServletContext resource &lt;span class=&quot;error&quot;&gt;&amp;#91;/WEB-INF/applicationContext.xml&amp;#93;&lt;/span&gt;: Invocation of init method failed; nested exception is org.hibernate.MappingException: Could not parse mapping document in input stream&lt;br/&gt;
Caused by: &lt;br/&gt;
org.springframework.beans.factory.BeanCreationException: Error creating bean with name &apos;(inner bean)&apos;: Cannot resolve reference to bean &apos;transactionManager&apos; while setting bean property &apos;transactionManager&apos;; nested exception is org.springframework.beans.factory.BeanCreationException: Error creating bean with name &apos;transactionManager&apos; defined in ServletContext resource &lt;span class=&quot;error&quot;&gt;&amp;#91;/WEB-INF/applicationContext.xml&amp;#93;&lt;/span&gt;: Cannot resolve reference to bean &apos;entityManagerFactory&apos; while setting bean property &apos;entityManagerFactory&apos;; nested exception is org.springframework.beans.factory.BeanCreationException: Error creating bean with name &apos;entityManagerFactory&apos; defined in ServletContext resource &lt;span class=&quot;error&quot;&gt;&amp;#91;/WEB-INF/applicationContext.xml&amp;#93;&lt;/span&gt;: Invocation of init method failed; nested exception is org.hibernate.MappingException: Could not parse mapping document in input stream&lt;br/&gt;
Caused by: &lt;br/&gt;
org.springframework.beans.factory.BeanCreationException: Error creating bean with name &apos;transactionManager&apos; defined in ServletContext resource &lt;span class=&quot;error&quot;&gt;&amp;#91;/WEB-INF/applicationContext.xml&amp;#93;&lt;/span&gt;: Cannot resolve reference to bean &apos;entityManagerFactory&apos; while setting bean property &apos;entityManagerFactory&apos;; nested exception is org.springframework.beans.factory.BeanCreationException: Error creating bean with name &apos;entityManagerFactory&apos; defined in ServletContext resource &lt;span class=&quot;error&quot;&gt;&amp;#91;/WEB-INF/applicationContext.xml&amp;#93;&lt;/span&gt;: Invocation of init method failed; nested exception is org.hibernate.MappingException: Could not parse mapping document in input stream&lt;br/&gt;
Caused by: &lt;br/&gt;
org.springframework.beans.factory.BeanCreationException: Error creating bean with name &apos;entityManagerFactory&apos; defined in ServletContext resource &lt;span class=&quot;error&quot;&gt;&amp;#91;/WEB-INF/applicationContext.xml&amp;#93;&lt;/span&gt;: Invocation of init method failed; nested exception is org.hibernate.MappingException: Could not parse mapping document in input stream&lt;br/&gt;
Caused by: &lt;br/&gt;
org.hibernate.MappingException: Could not parse mapping document in input stream&lt;br/&gt;
	at org.hibernate.ejb.Ejb3Configuration.addXMLEntities(Ejb3Configuration.java:456)&lt;br/&gt;
	at org.hibernate.ejb.Ejb3Configuration.configure(Ejb3Configuration.java:348)&lt;br/&gt;
	at org.hibernate.ejb.HibernatePersistence.createContainerEntityManagerFactory(HibernatePersistence.java:126)&lt;br/&gt;
	at org.springframework.orm.jpa.LocalContainerEntityManagerFactoryBean.createNativeEntityManagerFactory(LocalContainerEntityManagerFactoryBean.java:197)&lt;br/&gt;
	at org.springframework.orm.jpa.AbstractEntityManagerFactoryBean.afterPropertiesSet(AbstractEntityManagerFactoryBean.java:237)&lt;br/&gt;
	at org.springframework.beans.factory.support.AbstractAutowireCapableBeanFactory.invokeInitMethods(AbstractAutowireCapableBeanFactory.java:957)&lt;br/&gt;
	at org.springframework.beans.factory.support.AbstractAutowireCapableBeanFactory.initializeBean(AbstractAutowireCapableBeanFactory.java:924)&lt;br/&gt;
	at org.springframework.beans.factory.support.AbstractAutowireCapableBeanFactory.createBean(AbstractAutowireCapableBeanFactory.java:415)&lt;br/&gt;
	at org.springframework.beans.factory.support.AbstractBeanFactory$1.getObject(AbstractBeanFactory.java:245)&lt;br/&gt;
	at org.springframework.beans.factory.support.DefaultSingletonBeanRegistry.getSingleton(DefaultSingletonBeanRegistry.java:141)&lt;br/&gt;
	at org.springframework.beans.factory.support.AbstractBeanFactory.getBean(AbstractBeanFactory.java:242)&lt;br/&gt;
	at org.springframework.beans.factory.support.AbstractBeanFactory.getBean(AbstractBeanFactory.java:156)&lt;br/&gt;
	at org.springframework.beans.factory.support.BeanDefinitionValueResolver.resolveReference(BeanDefinitionValueResolver.java:246)&lt;br/&gt;
	at org.springframework.beans.factory.support.BeanDefinitionValueResolver.resolveValueIfNecessary(BeanDefinitionValueResolver.java:128)&lt;br/&gt;
	at org.springframework.beans.factory.support.AbstractAutowireCapableBeanFactory.applyPropertyValues(AbstractAutowireCapableBeanFactory.java:850)&lt;br/&gt;
	at org.springframework.beans.factory.support.AbstractAutowireCapableBeanFactory.populateBean(AbstractAutowireCapableBeanFactory.java:624)&lt;br/&gt;
	at org.springframework.beans.factory.support.AbstractAutowireCapableBeanFactory.createBean(AbstractAutowireCapableBeanFactory.java:411)&lt;br/&gt;
	at org.springframework.beans.factory.support.AbstractBeanFactory$1.getObject(AbstractBeanFactory.java:245)&lt;br/&gt;
	at org.springframework.beans.factory.support.DefaultSingletonBeanRegistry.getSingleton(DefaultSingletonBeanRegistry.java:141)&lt;br/&gt;
	at org.springframework.beans.factory.support.AbstractBeanFactory.getBean(AbstractBeanFactory.java:242)&lt;br/&gt;
	at org.springframework.beans.factory.support.AbstractBeanFactory.getBean(AbstractBeanFactory.java:156)&lt;br/&gt;
	at org.springframework.beans.factory.support.BeanDefinitionValueResolver.resolveReference(BeanDefinitionValueResolver.java:246)&lt;br/&gt;
	at org.springframework.beans.factory.support.BeanDefinitionValueResolver.resolveValueIfNecessary(BeanDefinitionValueResolver.java:128)&lt;br/&gt;
	at org.springframework.beans.factory.support.AbstractAutowireCapableBeanFactory.applyPropertyValues(AbstractAutowireCapableBeanFactory.java:850)&lt;br/&gt;
	at org.springframework.beans.factory.support.AbstractAutowireCapableBeanFactory.populateBean(AbstractAutowireCapableBeanFactory.java:624)&lt;br/&gt;
	at org.springframework.beans.factory.support.AbstractAutowireCapableBeanFactory.createBean(AbstractAutowireCapableBeanFactory.java:411)&lt;br/&gt;
	at org.springframework.beans.factory.support.BeanDefinitionValueResolver.resolveInnerBeanDefinition(BeanDefinitionValueResolver.java:198)&lt;br/&gt;
	at org.springframework.beans.factory.support.BeanDefinitionValueResolver.resolveValueIfNecessary(BeanDefinitionValueResolver.java:116)&lt;br/&gt;
	at org.springframework.beans.factory.support.AbstractAutowireCapableBeanFactory.applyPropertyValues(AbstractAutowireCapableBeanFactory.java:850)&lt;br/&gt;
	at org.springframework.beans.factory.support.AbstractAutowireCapableBeanFactory.populateBean(AbstractAutowireCapableBeanFactory.java:624)&lt;br/&gt;
	at org.springframework.beans.factory.support.AbstractAutowireCapableBeanFactory.createBean(AbstractAutowireCapableBeanFactory.java:411)&lt;br/&gt;
	at org.springframework.beans.factory.support.AbstractBeanFactory$1.getObject(AbstractBeanFactory.java:245)&lt;br/&gt;
	at org.springframework.beans.factory.support.DefaultSingletonBeanRegistry.getSingleton(DefaultSingletonBeanRegistry.java:141)&lt;br/&gt;
	at org.springframework.beans.factory.support.AbstractBeanFactory.getBean(AbstractBeanFactory.java:242)&lt;br/&gt;
	at org.springframework.beans.factory.support.AbstractBeanFactory.getBean(AbstractBeanFactory.java:156)&lt;br/&gt;
	at org.springframework.beans.factory.support.DefaultListableBeanFactory.preInstantiateSingletons(DefaultListableBeanFactory.java:304)&lt;br/&gt;
	at org.springframework.context.support.AbstractApplicationContext.refresh(AbstractApplicationContext.java:348)&lt;br/&gt;
	at org.springframework.web.context.support.AbstractRefreshableWebApplicationContext.refresh(AbstractRefreshableWebApplicationContext.java:156)&lt;br/&gt;
	at org.springframework.web.context.ContextLoader.createWebApplicationContext(ContextLoader.java:246)&lt;br/&gt;
	at org.springframework.web.context.ContextLoader.initWebApplicationContext(ContextLoader.java:184)&lt;br/&gt;
	at org.springframework.web.context.ContextLoaderListener.contextInitialized(ContextLoaderListener.java:49)&lt;br/&gt;
	at org.mortbay.jetty.handler.ContextHandler.startContext(ContextHandler.java:447)&lt;br/&gt;
	at org.mortbay.jetty.webapp.WebAppContext.startContext(WebAppContext.java:1133)&lt;br/&gt;
	at org.mortbay.jetty.handler.ContextHandler.doStart(ContextHandler.java:420)&lt;br/&gt;
	at org.mortbay.jetty.webapp.WebAppContext.doStart(WebAppContext.java:461)&lt;br/&gt;
	at org.mortbay.component.AbstractLifeCycle.start(AbstractLifeCycle.java:38)&lt;br/&gt;
	at org.mortbay.jetty.handler.HandlerCollection.doStart(HandlerCollection.java:156)&lt;br/&gt;
	at org.mortbay.jetty.handler.ContextHandlerCollection.doStart(ContextHandlerCollection.java:120)&lt;br/&gt;
	at org.mortbay.component.AbstractLifeCycle.start(AbstractLifeCycle.java:38)&lt;br/&gt;
	at org.mortbay.jetty.handler.HandlerCollection.doStart(HandlerCollection.java:156)&lt;br/&gt;
	at org.mortbay.component.AbstractLifeCycle.start(AbstractLifeCycle.java:38)&lt;br/&gt;
	at org.mortbay.jetty.handler.HandlerWrapper.doStart(HandlerWrapper.java:119)&lt;br/&gt;
	at org.mortbay.jetty.Server.doStart(Server.java:210)&lt;br/&gt;
	at org.mortbay.component.AbstractLifeCycle.start(AbstractLifeCycle.java:38)&lt;br/&gt;
	at org.mortbay.jetty.plugin.Jetty6PluginServer.start(Jetty6PluginServer.java:134)&lt;br/&gt;
	at org.mortbay.jetty.plugin.AbstractJettyMojo.startJetty(AbstractJettyMojo.java:327)&lt;br/&gt;
	at org.mortbay.jetty.plugin.AbstractJettyMojo.execute(AbstractJettyMojo.java:272)&lt;br/&gt;
	at org.mortbay.jetty.plugin.AbstractJettyRunMojo.execute(AbstractJettyRunMojo.java:177)&lt;br/&gt;
	at org.mortbay.jetty.plugin.Jetty6RunMojo.execute(Jetty6RunMojo.java:183)&lt;br/&gt;
	at org.apache.maven.plugin.DefaultPluginManager.executeMojo(DefaultPluginManager.java:412)&lt;br/&gt;
	at org.apache.maven.lifecycle.DefaultLifecycleExecutor.executeGoals(DefaultLifecycleExecutor.java:534)&lt;br/&gt;
	at org.apache.maven.lifecycle.DefaultLifecycleExecutor.executeStandaloneGoal(DefaultLifecycleExecutor.java:488)&lt;br/&gt;
	at org.apache.maven.lifecycle.DefaultLifecycleExecutor.executeGoal(DefaultLifecycleExecutor.java:458)&lt;br/&gt;
	at org.apache.maven.lifecycle.DefaultLifecycleExecutor.executeGoalAndHandleFailures(DefaultLifecycleExecutor.java:306)&lt;br/&gt;
	at org.apache.maven.lifecycle.DefaultLifecycleExecutor.executeTaskSegments(DefaultLifecycleExecutor.java:273)&lt;br/&gt;
	at org.apache.maven.lifecycle.DefaultLifecycleExecutor.execute(DefaultLifecycleExecutor.java:140)&lt;br/&gt;
	at org.apache.maven.DefaultMaven.doExecute(DefaultMaven.java:322)&lt;br/&gt;
	at org.apache.maven.DefaultMaven.execute(DefaultMaven.java:115)&lt;br/&gt;
	at org.apache.maven.cli.MavenCli.main(MavenCli.java:256)&lt;br/&gt;
	at sun.reflect.NativeMethodAccessorImpl.invoke0(Native Method)&lt;br/&gt;
	at sun.reflect.NativeMethodAccessorImpl.invoke(NativeMethodAccessorImpl.java:39)&lt;br/&gt;
	at sun.reflect.DelegatingMethodAccessorImpl.invoke(DelegatingMethodAccessorImpl.java:25)&lt;br/&gt;
	at java.lang.reflect.Method.invoke(Method.java:585)&lt;br/&gt;
	at org.codehaus.classworlds.Launcher.launchEnhanced(Launcher.java:315)&lt;br/&gt;
	at org.codehaus.classworlds.Launcher.launch(Launcher.java:255)&lt;br/&gt;
	at org.codehaus.classworlds.Launcher.mainWithExitCode(Launcher.java:430)&lt;br/&gt;
	at org.codehaus.classworlds.Launcher.main(Launcher.java:375)&lt;br/&gt;
Caused by: org.dom4j.DocumentException: SAX2 driver class org.apache.xerces.parsers.SAXParser does not implement XMLReader Nested exception: SAX2 driver class org.apache.xerces.parsers.SAXParser does not implement XMLReader&lt;br/&gt;
	at org.dom4j.io.SAXReader.read(SAXReader.java:484)&lt;br/&gt;
	at org.dom4j.io.SAXReader.read(SAXReader.java:343)&lt;br/&gt;
	at org.hibernate.ejb.Ejb3Configuration.addXMLEntities(Ejb3Configuration.java:421)&lt;br/&gt;
	... 76 more&lt;/li&gt;
	&lt;/ul&gt;
	&lt;/li&gt;
&lt;/ul&gt;


&lt;p&gt;Embedded error: Error creating bean with name &apos;org.springframework.transaction.interceptor.TransactionAttributeSourceAdvisor&apos;: Cannot create inner bean &apos;(inner bean)&apos; while setting bean property &apos;transactionInterceptor&apos;; nested exception is org.springframework.beans.factory.BeanCreationException: Error creating bean with name &apos;(inner bean)&apos;: Cannot resolve reference to bean &apos;transactionManager&apos; while setting bean property &apos;transactionManager&apos;; nested exception is org.springframework.beans.factory.BeanCreationException: Error creating bean with name &apos;transactionManager&apos; defined in ServletContext resource &lt;span class=&quot;error&quot;&gt;&amp;#91;/WEB-INF/applicationContext.xml&amp;#93;&lt;/span&gt;: Cannot resolve reference to bean &apos;entityManagerFactory&apos; while setting bean property &apos;entityManagerFactory&apos;; nested exception is org.springframework.beans.factory.BeanCreationException: Error creating bean with name &apos;entityManagerFactory&apos; defined in ServletContext resource &lt;span class=&quot;error&quot;&gt;&amp;#91;/WEB-INF/applicationContext.xml&amp;#93;&lt;/span&gt;: Invocation of init method failed; nested exception is org.hibernate.MappingException: Could not parse mapping document in input stream&lt;br/&gt;
SAX2 driver class org.apache.xerces.parsers.SAXParser does not implement XMLReader Nested exception: SAX2 driver class org.apache.xerces.parsers.SAXParser does not implement XMLReader&lt;br/&gt;
------ End stacktrace ------&lt;/p&gt;

&lt;p&gt;I tested to upgrade Hibernate EM from 3.2 CR1 to 3.2 CR2 but with no result.&lt;br/&gt;
I also tested to use both Xerces and the default JDK 1.5 XML parser.&lt;/p&gt;</description>
            <key id="14992">SPR-2596</key>
            <summary>SAX parser exception from Hibernate EntityManager after upgrading to Spring 2.0 RC4</summary>
                <type id="1" iconUrl="https://jira.spring.io/images/icons/issuetypes/bug.png">Bug</type>
                                            <priority id="3" iconUrl="https://jira.spring.io/images/icons/priorities/major.png">Major</priority>
                        <status id="6" iconUrl="https://jira.spring.io/images/icons/statuses/closed.png" description="The issue is considered finished, the resolution is correct. Issues which are not closed can be reopened.">Closed</status>
                    <statusCategory id="3" key="done" colorName="green"/>
                                    <resolution id="1">Fixed</resolution>
                                        <assignee username="juergen.hoeller">Juergen Hoeller</assignee>
                                    <reporter username="wesslan">Wesslan</reporter>
                        <labels>
                    </labels>
                <created>Sun, 17 Sep 2006 22:09:26 +0000</created>
                <updated>Tue, 19 Jun 2012 03:50:11 +0000</updated>
                            <resolved>Thu, 26 Oct 2006 09:41:59 +0000</resolved>
                                    <version>2.0 RC4</version>
                                    <fixVersion>2.0 final</fixVersion>
                                    <component>Data</component>
                        <due></due>
                            <votes>0</votes>
                                    <watches>0</watches>
                                                                <comments>
                            <comment id="19725" author="juergen.hoeller" created="Mon, 18 Sep 2006 21:51:42 +0000"  >&lt;p&gt;This is almost certainly a problem with your XML parser setup. Spring itself didn&apos;t change anything other than not shipping xml-apis.jar anymore, which shouldn&apos;t matter since the XML APIs are present in JDK 1.4+ anyway. Also, note that it&apos;s &lt;b&gt;Hibernate EntityManager&apos;s&lt;/b&gt; XML parser that complains here, not Spring&apos;s. Please check your application classpath whether you have any XML parser or parser API jars lying around there... On JDK 1.5, you should simply not have any such jars around - simply rely on the defaults in the JDK.&lt;/p&gt;

&lt;p&gt;Juergen&lt;/p&gt;</comment>
                            <comment id="19726" author="wesslan" created="Mon, 18 Sep 2006 22:01:21 +0000"  >&lt;p&gt;The &lt;b&gt;only&lt;/b&gt; thing I did to my fully working application was to replace spring-2.0-RC3.jar and spring-jpa-2.0-RC3.jar with spring-2.0-RC4.jar and spring-jpa-2.0-RC4.jar. Well, of course I changed my applicationContext.xml to use the xxx-2.0.xsd&apos;s.&lt;/p&gt;

&lt;p&gt;Hmm, back to the trial-and-error-testing then...&lt;/p&gt;</comment>
                            <comment id="19736" author="wesslan" created="Tue, 19 Sep 2006 01:22:11 +0000"  >&lt;p&gt;I know it&apos;s the Hibernate EM&apos;s XML parser that is complaining but since I&apos;ve done nothing but upgraded Spring... &lt;img class=&quot;emoticon&quot; src=&quot;https://jira.spring.io/images/icons/emoticons/smile.png&quot; height=&quot;16&quot; width=&quot;16&quot; align=&quot;absmiddle&quot; alt=&quot;&quot; border=&quot;0&quot;/&gt;&lt;/p&gt;

&lt;p&gt;Since my code works with RC3, I tried the very first RC4-snapshot (spring-framework-2.0-rc4-build.1-20060830.zip) and it fails with the same error.&lt;/p&gt;</comment>
                            <comment id="19737" author="wesslan" created="Tue, 19 Sep 2006 01:39:32 +0000"  >&lt;p&gt;Here I am nagging again... &lt;img class=&quot;emoticon&quot; src=&quot;https://jira.spring.io/images/icons/emoticons/smile.png&quot; height=&quot;16&quot; width=&quot;16&quot; align=&quot;absmiddle&quot; alt=&quot;&quot; border=&quot;0&quot;/&gt;&lt;br/&gt;
I just noticed that spring-framework-2.0-rc4-build.1-20060830.zip is not the first RC4-snapshot so I tested them until I found the last working snapshot. Maybe this can help someone, I don&apos;t know.&lt;br/&gt;
The last working RC4-snapshot is spring-framework-2.0-rc4-build.120-20060822.zip. Then here were an eight day delay in the nighlty builds(...) before spring-framework-2.0-rc4-build.1-20060830.zip showed up and made my life miserable. &lt;img class=&quot;emoticon&quot; src=&quot;https://jira.spring.io/images/icons/emoticons/smile.png&quot; height=&quot;16&quot; width=&quot;16&quot; align=&quot;absmiddle&quot; alt=&quot;&quot; border=&quot;0&quot;/&gt;&lt;/p&gt;</comment>
                            <comment id="19882" author="wesslan" created="Mon, 25 Sep 2006 20:27:22 +0000"  >&lt;p&gt;After some extensive trial and error-testing I finally resolved it!&lt;br/&gt;
applicationContext that produces the error:&lt;br/&gt;
   &amp;lt;bean id=&quot;entityManagerFactory&quot; class=&quot;org.springframework.orm.jpa.LocalContainerEntityManagerFactoryBean&quot;&amp;gt;&lt;br/&gt;
      &amp;lt;property name=&quot;dataSource&quot; ref=&quot;dataSource&quot; /&amp;gt;&lt;br/&gt;
      &amp;lt;property name=&quot;jpaVendorAdapter&quot;&amp;gt;&lt;br/&gt;
         &amp;lt;bean class=&quot;org.springframework.orm.jpa.vendor.HibernateJpaVendorAdapter&quot;&amp;gt;&lt;br/&gt;
            &amp;lt;property name=&quot;database&quot; value=&quot;HSQL&quot; /&amp;gt;&lt;br/&gt;
            &amp;lt;property name=&quot;showSql&quot; value=&quot;false&quot; /&amp;gt;&lt;br/&gt;
            &amp;lt;property name=&quot;generateDdl&quot; value=&quot;false&quot; /&amp;gt;&lt;br/&gt;
         &amp;lt;/bean&amp;gt;&lt;br/&gt;
      &amp;lt;/property&amp;gt;&lt;/p&gt;

&lt;p&gt;      &amp;lt;property name=&quot;loadTimeWeaver&quot;&amp;gt;&lt;br/&gt;
         &amp;lt;bean class=&quot;org.springframework.instrument.classloading.SimpleLoadTimeWeaver&quot; /&amp;gt;&lt;br/&gt;
      &amp;lt;/property&amp;gt;&lt;br/&gt;
   &amp;lt;/bean&amp;gt;&lt;/p&gt;

&lt;p&gt;If I remove&lt;br/&gt;
      &amp;lt;property name=&quot;loadTimeWeaver&quot;&amp;gt;&lt;br/&gt;
         &amp;lt;bean class=&quot;org.springframework.instrument.classloading.SimpleLoadTimeWeaver&quot; /&amp;gt;&lt;br/&gt;
      &amp;lt;/property&amp;gt;&lt;br/&gt;
everything works. Weeeehaaah!&lt;/p&gt;</comment>
                            <comment id="19883" author="costin" created="Mon, 25 Sep 2006 21:38:46 +0000"  >&lt;p&gt;LTW should not be used with Hibernate as it doesn&apos;t require any type of instrumentation. I&apos;ll update the documentation to solve some of the confusion around LTW.&lt;/p&gt;</comment>
                            <comment id="19885" author="juergen.hoeller" created="Mon, 25 Sep 2006 22:34:41 +0000"  >&lt;p&gt;So it&apos;s the SimpleLoadTimeWeaver that confuses Hibernate there... As Costin says, this is unnecessary here in the first place. We&apos;ll make sure that the documentation clearly points this out.&lt;/p&gt;

&lt;p&gt;Juergen&lt;/p&gt;</comment>
                    </comments>
                    <attachments>
                    </attachments>
                <subtasks>
                    </subtasks>
                <customfields>
                                                <customfield id="customfield_10180" key="com.atlassian.jira.toolkit:dayslastcommented">
                        <customfieldname>Days since last comment</customfieldname>
                        <customfieldvalues>
                                        10 years, 14 weeks, 2 days ago
    
                        </customfieldvalues>
                    </customfield>
                                                                                            <customfield id="customfield_10170" key="com.atlassian.jira.ext.charting:firstresponsedate">
                        <customfieldname>First Response Date</customfieldname>
                        <customfieldvalues>
                            <customfieldvalue>Mon, 18 Sep 2006 21:51:42 +0000</customfieldvalue>

                        </customfieldvalues>
                    </customfield>
                                                                                            <customfield id="customfield_10181" key="com.atlassian.jira.toolkit:lastusercommented">
                        <customfieldname>Last commented by a User</customfieldname>
                        <customfieldvalues>
                            <customfieldvalue>false</customfieldvalue>
                        </customfieldvalues>
                    </customfield>
                                                                <customfield id="customfield_10182" key="com.atlassian.jira.toolkit:lastupdaterorcommenter">
                        <customfieldname>Last updater</customfieldname>
                        <customfieldvalues>
                            <customfieldvalue>tmarshall</customfieldvalue>

                        </customfieldvalues>
                    </customfield>
                                                                                            <customfield id="customfield_10880" key="com.pyxis.greenhopper.jira:gh-lexo-rank">
                        <customfieldname>Rank</customfieldname>
                        <customfieldvalues>
                            <customfieldvalue>0|i00vsf:</customfieldvalue>

                        </customfieldvalues>
                    </customfield>
                                                                <customfield id="customfield_10380" key="com.pyxis.greenhopper.jira:gh-global-rank">
                        <customfieldname>Rank (Obsolete)</customfieldname>
                        <customfieldvalues>
                            <customfieldvalue>5195</customfieldvalue>
                        </customfieldvalues>
                    </customfield>
                                                                                                                                                    <customfield id="customfield_10171" key="com.atlassian.jira.ext.charting:timeinstatus">
                        <customfieldname>Time in Status</customfieldname>
                        <customfieldvalues>
                            
                        </customfieldvalues>
                    </customfield>
                                                                </customfields>
    </item>
</channel>
</rss>