<!-- 
RSS generated by JIRA (6.4.11#64026-sha1:78f6ec473a3f058bd5d6c30e9319c7ab376bdb9c) at Thu Dec 22 18:42:22 UTC 2016

It is possible to restrict the fields that are returned in this document by specifying the 'field' parameter in your request.
For example, to request only the issue key and summary add field=key&field=summary to the URL of your request.
For example:
https://jira.spring.io/si/jira.issueviews:issue-xml/SPR-4534/SPR-4534.xml?field=key&amp;field=summary
-->
<rss version="0.92" >
<channel>
    <title>Spring JIRA</title>
    <link>https://jira.spring.io</link>
    <description>This file is an XML representation of an issue</description>
    <language>en-uk</language>    <build-info>
        <version>6.4.11</version>
        <build-number>64026</build-number>
        <build-date>25-08-2015</build-date>
    </build-info>

<item>
            <title>[SPR-4534] add Array support to AxisBeanMappingServicePostProcessor</title>
                <link>https://jira.spring.io/browse/SPR-4534</link>
                <project id="10000" key="SPR">Spring Framework</project>
                    <description>&lt;p&gt;the AxisBeanMappingServicePostProcessor don&apos;t support the array type. because it use only the BeanSerializatorFactory and BeanDeserializatorFactory.&lt;br/&gt;
Or for using array with axis, the good serializator is ArraySerializatorFactory and for deserializator is ArrayDeserializator.&lt;/p&gt;

&lt;p&gt;please, add an arrayMapping like beanMapping. &lt;/p&gt;</description>
            <key id="20904">SPR-4534</key>
            <summary>add Array support to AxisBeanMappingServicePostProcessor</summary>
                <type id="4" iconUrl="https://jira.spring.io/images/icons/issuetypes/improvement.png">Improvement</type>
                                            <priority id="3" iconUrl="https://jira.spring.io/images/icons/priorities/major.png">Major</priority>
                        <status id="5" iconUrl="https://jira.spring.io/images/icons/statuses/resolved.png" description="A resolution has been taken, and it is awaiting verification by reporter. From here issues are either reopened, or are closed.">Resolved</status>
                    <statusCategory id="3" key="done" colorName="green"/>
                                    <resolution id="3">Duplicate</resolution>
                                        <assignee username="-1">Unassigned</assignee>
                                    <reporter username="cronoschris">Kerboriou christophe</reporter>
                        <labels>
                    </labels>
                <created>Tue, 4 Mar 2008 00:26:42 +0000</created>
                <updated>Mon, 10 Mar 2008 01:19:58 +0000</updated>
                            <resolved>Mon, 10 Mar 2008 01:19:58 +0000</resolved>
                                    <version>2.0 M1</version>
                    <version>2.0 M2</version>
                    <version>2.0 M3</version>
                    <version>2.0 M4</version>
                    <version>2.0 M5</version>
                    <version>2.0 RC1</version>
                    <version>2.0 RC2</version>
                    <version>2.0 RC3</version>
                    <version>2.0 RC4</version>
                    <version>2.0 final</version>
                    <version>2.0.1</version>
                    <version>2.0.2</version>
                    <version>1.2.9</version>
                    <version>2.0.3</version>
                    <version>2.0.4</version>
                    <version>2.0.5</version>
                    <version>2.0.6</version>
                    <version>2.0.7</version>
                    <version>2.0.8</version>
                    <version>2.1 M1</version>
                    <version>2.1 M2</version>
                    <version>2.1 M3</version>
                    <version>2.1 M4</version>
                    <version>2.5 RC1</version>
                    <version>2.5 RC2</version>
                    <version>2.5 final</version>
                    <version>2.5.1</version>
                    <version>2.5.2</version>
                                                    <component>Remoting</component>
                        <due></due>
                            <votes>0</votes>
                                    <watches>0</watches>
                                                                <comments>
                            <comment id="32804" author="cronoschris" created="Tue, 4 Mar 2008 00:32:02 +0000"  >&lt;p&gt;Sorry, i have repost this issue, because i have an proxy error.&lt;/p&gt;

&lt;p&gt;duplicate of &lt;a href=&quot;https://jira.spring.io/browse/SPR-4534&quot; title=&quot;add Array support to AxisBeanMappingServicePostProcessor&quot; class=&quot;issue-link&quot; data-issue-key=&quot;SPR-4534&quot;&gt;&lt;del&gt;SPR-4534&lt;/del&gt;&lt;/a&gt;&lt;/p&gt;</comment>
                            <comment id="32807" author="cronoschris" created="Tue, 4 Mar 2008 01:43:31 +0000"  >&lt;p&gt;sorry, duplicate of &lt;a href=&quot;https://jira.spring.io/browse/SPR-4533&quot; title=&quot;add Array support to AxisBeanMappingServicePostProcessor&quot; class=&quot;issue-link&quot; data-issue-key=&quot;SPR-4533&quot;&gt;&lt;del&gt;SPR-4533&lt;/del&gt;&lt;/a&gt;&lt;/p&gt;</comment>
                    </comments>
                <issuelinks>
                            <issuelinktype id="10000">
                    <name>Duplicate</name>
                                            <outwardlinks description="duplicates">
                                        <issuelink>
            <issuekey id="20903">SPR-4533</issuekey>
        </issuelink>
                            </outwardlinks>
                                                        </issuelinktype>
                    </issuelinks>
                <attachments>
                    </attachments>
                <subtasks>
                    </subtasks>
                <customfields>
                                                <customfield id="customfield_10180" key="com.atlassian.jira.toolkit:dayslastcommented">
                        <customfieldname>Days since last comment</customfieldname>
                        <customfieldvalues>
                                        8 years, 43 weeks, 2 days ago
    
                        </customfieldvalues>
                    </customfield>
                                                                                                                                                    <customfield id="customfield_10181" key="com.atlassian.jira.toolkit:lastusercommented">
                        <customfieldname>Last commented by a User</customfieldname>
                        <customfieldvalues>
                            <customfieldvalue>true</customfieldvalue>
                        </customfieldvalues>
                    </customfield>
                                                                <customfield id="customfield_10182" key="com.atlassian.jira.toolkit:lastupdaterorcommenter">
                        <customfieldname>Last updater</customfieldname>
                        <customfieldvalues>
                            <customfieldvalue>tmarshall</customfieldvalue>

                        </customfieldvalues>
                    </customfield>
                                                                                            <customfield id="customfield_10880" key="com.pyxis.greenhopper.jira:gh-lexo-rank">
                        <customfieldname>Rank</customfieldname>
                        <customfieldvalues>
                            <customfieldvalue>0|i011q7:</customfieldvalue>

                        </customfieldvalues>
                    </customfield>
                                                                <customfield id="customfield_10380" key="com.pyxis.greenhopper.jira:gh-global-rank">
                        <customfieldname>Rank (Obsolete)</customfieldname>
                        <customfieldvalues>
                            <customfieldvalue>6157</customfieldvalue>
                        </customfieldvalues>
                    </customfield>
                                                                                                                                                    <customfield id="customfield_10171" key="com.atlassian.jira.ext.charting:timeinstatus">
                        <customfieldname>Time in Status</customfieldname>
                        <customfieldvalues>
                            
                        </customfieldvalues>
                    </customfield>
                                                                </customfields>
    </item>
</channel>
</rss>