<!-- 
RSS generated by JIRA (6.4.11#64026-sha1:78f6ec473a3f058bd5d6c30e9319c7ab376bdb9c) at Thu Dec 22 20:26:47 UTC 2016

It is possible to restrict the fields that are returned in this document by specifying the 'field' parameter in your request.
For example, to request only the issue key and summary add field=key&field=summary to the URL of your request.
For example:
https://jira.spring.io/si/jira.issueviews:issue-xml/SPR-1248/SPR-1248.xml?field=key&amp;field=summary
-->
<rss version="0.92" >
<channel>
    <title>Spring JIRA</title>
    <link>https://jira.spring.io</link>
    <description>This file is an XML representation of an issue</description>
    <language>en-uk</language>    <build-info>
        <version>6.4.11</version>
        <build-number>64026</build-number>
        <build-date>25-08-2015</build-date>
    </build-info>

<item>
            <title>[SPR-1248] ClassUtils does not support primitive arrays</title>
                <link>https://jira.spring.io/browse/SPR-1248</link>
                <project id="10000" key="SPR">Spring Framework</project>
                    <description>&lt;p&gt;ClassUtils does  handle primitives like byte.class, boolean.class, etc , however it does not seem to handle primitive arrays like byte[].class, boolean[].class etc. Since it does not handle primitive arrays then you cannot inject primitvie arrays in the application-context.&lt;/p&gt;

&lt;p&gt;Below is link to the thread that decsribes this problem&lt;/p&gt;

&lt;p&gt;&lt;a href=&quot;http://forum.springframework.org/viewtopic.php?t=8200&quot; class=&quot;external-link&quot; rel=&quot;nofollow&quot;&gt;http://forum.springframework.org/viewtopic.php?t=8200&lt;/a&gt;&lt;/p&gt;</description>
            <key id="12250">SPR-1248</key>
            <summary>ClassUtils does not support primitive arrays</summary>
                <type id="1" iconUrl="https://jira.spring.io/images/icons/issuetypes/bug.png">Bug</type>
                                            <priority id="3" iconUrl="https://jira.spring.io/images/icons/priorities/major.png">Major</priority>
                        <status id="6" iconUrl="https://jira.spring.io/images/icons/statuses/closed.png" description="The issue is considered finished, the resolution is correct. Issues which are not closed can be reopened.">Closed</status>
                    <statusCategory id="3" key="done" colorName="green"/>
                                    <resolution id="1">Fixed</resolution>
                                        <assignee username="juergen.hoeller">Juergen Hoeller</assignee>
                                    <reporter username="mediaslave">Tyler Nelson</reporter>
                        <labels>
                    </labels>
                <created>Tue, 23 Aug 2005 05:08:05 +0000</created>
                <updated>Tue, 19 Jun 2012 03:54:07 +0000</updated>
                            <resolved>Wed, 24 Aug 2005 07:26:55 +0000</resolved>
                                    <version>1.2.3</version>
                                    <fixVersion>1.2.4</fixVersion>
                                    <component>Core</component>
                        <due></due>
                            <votes>0</votes>
                                    <watches>0</watches>
                                                                <comments>
                            <comment id="14433" author="mediaslave" created="Tue, 23 Aug 2005 07:32:32 +0000"  >&lt;p&gt;I figured a way around this. the solution can be found at the end of this thread. &lt;/p&gt;

&lt;p&gt;&lt;a href=&quot;http://forum.springframework.org/viewtopic.php?t=8200&quot; class=&quot;external-link&quot; rel=&quot;nofollow&quot;&gt;http://forum.springframework.org/viewtopic.php?t=8200&lt;/a&gt;. &lt;/p&gt;</comment>
                            <comment id="14470" author="juergen.hoeller" created="Wed, 24 Aug 2005 07:26:55 +0000"  >&lt;p&gt;I&apos;ve adapted ClassUtils to support primitive array names (&quot;boolean[]&quot;, &quot;int[]&quot;, etc) too, e.g. for constructor type hints.&lt;/p&gt;

&lt;p&gt;Juergen&lt;/p&gt;</comment>
                    </comments>
                    <attachments>
                    </attachments>
                <subtasks>
                    </subtasks>
                <customfields>
                                                <customfield id="customfield_10180" key="com.atlassian.jira.toolkit:dayslastcommented">
                        <customfieldname>Days since last comment</customfieldname>
                        <customfieldvalues>
                                        11 years, 19 weeks, 1 day ago
    
                        </customfieldvalues>
                    </customfield>
                                                                                            <customfield id="customfield_10170" key="com.atlassian.jira.ext.charting:firstresponsedate">
                        <customfieldname>First Response Date</customfieldname>
                        <customfieldvalues>
                            <customfieldvalue>Wed, 24 Aug 2005 07:26:55 +0000</customfieldvalue>

                        </customfieldvalues>
                    </customfield>
                                                                                            <customfield id="customfield_10181" key="com.atlassian.jira.toolkit:lastusercommented">
                        <customfieldname>Last commented by a User</customfieldname>
                        <customfieldvalues>
                            <customfieldvalue>false</customfieldvalue>
                        </customfieldvalues>
                    </customfield>
                                                                <customfield id="customfield_10182" key="com.atlassian.jira.toolkit:lastupdaterorcommenter">
                        <customfieldname>Last updater</customfieldname>
                        <customfieldvalues>
                            <customfieldvalue>tmarshall</customfieldvalue>

                        </customfieldvalues>
                    </customfield>
                                                                                            <customfield id="customfield_10880" key="com.pyxis.greenhopper.jira:gh-lexo-rank">
                        <customfieldname>Rank</customfieldname>
                        <customfieldvalues>
                            <customfieldvalue>0|i04wd3:</customfieldvalue>

                        </customfieldvalues>
                    </customfield>
                                                                <customfield id="customfield_10380" key="com.pyxis.greenhopper.jira:gh-global-rank">
                        <customfieldname>Rank (Obsolete)</customfieldname>
                        <customfieldvalues>
                            <customfieldvalue>28617</customfieldvalue>
                        </customfieldvalues>
                    </customfield>
                                                                                                                                                    <customfield id="customfield_10171" key="com.atlassian.jira.ext.charting:timeinstatus">
                        <customfieldname>Time in Status</customfieldname>
                        <customfieldvalues>
                            
                        </customfieldvalues>
                    </customfield>
                                                                </customfields>
    </item>
</channel>
</rss>