<!-- 
RSS generated by JIRA (6.4.11#64026-sha1:78f6ec473a3f058bd5d6c30e9319c7ab376bdb9c) at Thu Dec 22 18:54:31 UTC 2016

It is possible to restrict the fields that are returned in this document by specifying the 'field' parameter in your request.
For example, to request only the issue key and summary add field=key&field=summary to the URL of your request.
For example:
https://jira.spring.io/si/jira.issueviews:issue-xml/SPR-2801/SPR-2801.xml?field=key&amp;field=summary
-->
<rss version="0.92" >
<channel>
    <title>Spring JIRA</title>
    <link>https://jira.spring.io</link>
    <description>This file is an XML representation of an issue</description>
    <language>en-uk</language>    <build-info>
        <version>6.4.11</version>
        <build-number>64026</build-number>
        <build-date>25-08-2015</build-date>
    </build-info>

<item>
            <title>[SPR-2801] &quot;adder&quot; injection in addition to &quot;setter&quot; (invoke addXX() instead of setXX())</title>
                <link>https://jira.spring.io/browse/SPR-2801</link>
                <project id="10000" key="SPR">Spring Framework</project>
                    <description>&lt;p&gt;This request is similar to bug #&lt;a href=&quot;https://jira.spring.io/browse/SPR-1018&quot; title=&quot;support &amp;quot;add&amp;quot;-style List injection&quot; class=&quot;issue-link&quot; data-issue-key=&quot;SPR-1018&quot;&gt;&lt;del&gt;SPR-1018&lt;/del&gt;&lt;/a&gt;, &quot;support &quot;add&quot;-style List injection&quot;, but suggests a more radical solution: Actual support for it in the spring beans xml-files: add-methods should be IoC-able in the same way as set-methods (and preferrably a mechanism to invoke any other method too, with any parameters).&lt;/p&gt;

&lt;p&gt;As posted in:&lt;br/&gt;
&lt;a href=&quot;http://forum.springframework.org/showthread.php?t=31058&quot; class=&quot;external-link&quot; rel=&quot;nofollow&quot;&gt;http://forum.springframework.org/showthread.php?t=31058&lt;/a&gt;&lt;/p&gt;

&lt;p&gt;quoting:&lt;br/&gt;
  &quot; Several types of &quot;legacy beans&quot; have &quot;adder&quot; methods for some properties instead of &quot;setter&quot; methods. This doesn&apos;t disqualify them from being handled as beans, I feel, but I can&apos;t figure out how I may invoke such a method in the same way as a property-setter? I have to be able to invoke such a method several times, obviously.. &quot;&lt;/p&gt;

&lt;p&gt;  &quot; I&apos;d like to do this in spring&apos;s xml config, preferrably w/o a lot of hacks: I&apos;ve come to understand that the org.springframework.beans.factory.config.MethodInvokingFactoryBean is the most cited approach to this problem, which I find on the edge of ridiculous.&lt;br/&gt;
I have this problem now with ActiveMQ, and I&apos;ve had this problem with Jetty. Both have &quot;addSomething&quot;: addConnector and addListener. &quot; &lt;/p&gt;

&lt;p&gt;  &quot; Jetty have its own style of &quot;IoC&quot; when it comes to configuration: in this file one may &quot;code in XML&quot; using &amp;lt;Call name=&quot;addListener&quot;&amp;gt; and &amp;lt;New class=&quot;..&quot;&amp;gt; (in addition to &amp;lt;Set name=&quot;...&quot;&amp;gt;). I know this isn&apos;t as clean as Spring, but at least one may get things done both with legacy and proper &quot;IoC style&quot; beans then.. &quot;&lt;/p&gt;

&lt;p&gt;Add elements to the bean element, something along the lines of:&lt;/p&gt;

&lt;p&gt;&amp;lt;bean id=&quot;broker&quot;&lt;br/&gt;
    class=&quot;demo&quot;&lt;br/&gt;
    init-method=&quot;start&quot;&lt;br/&gt;
    destroy-method=&quot;stop&quot;&amp;gt;&lt;br/&gt;
  &amp;lt;constructor-arg&amp;gt;&lt;br/&gt;
    [ You know the deal ]&lt;br/&gt;
  &amp;lt;/constructor-arg&amp;gt;&lt;br/&gt;
  &amp;lt;property name=&quot;setter&quot;&amp;gt;&lt;br/&gt;
    [ You know the deal ]&lt;br/&gt;
  &amp;lt;/property&amp;gt;&lt;br/&gt;
  &amp;lt;add-property name=&quot;adder&quot;&amp;gt;&lt;br/&gt;
    [ Same semantics as &amp;lt;property&amp;gt; ]&lt;br/&gt;
  &amp;lt;/add-property&amp;gt;  [ multiple invocations to the same name must be allowed ]&lt;br/&gt;
  &amp;lt;invoke name=&quot;someOtherMethod&quot;&amp;gt;&lt;br/&gt;
    &amp;lt;argument&amp;gt;&lt;br/&gt;
      [ Same semantics as &amp;lt;constructor-arg&amp;gt; ]&lt;br/&gt;
    &amp;lt;/argument&amp;gt;  [ multiple invocations to the same name must be allowed ]&lt;br/&gt;
  &amp;lt;/invoke&amp;gt;&lt;br/&gt;
&amp;lt;/bean&amp;gt;&lt;/p&gt;

&lt;p&gt;There are hacks to overcome this, read the referred thread (using org.springframework.beans.factory.config.MethodInvokingFactoryBean w/o really using it!), but this is obviously a thing that comes up from time to time in the forums, and it would be great if such style of configuration was supported natively. (btw: At least jetty could possibly use spring instead of its own config parsing then!).&lt;/p&gt;</description>
            <key id="15410">SPR-2801</key>
            <summary>&quot;adder&quot; injection in addition to &quot;setter&quot; (invoke addXX() instead of setXX())</summary>
                <type id="4" iconUrl="https://jira.spring.io/images/icons/issuetypes/improvement.png">Improvement</type>
                                            <priority id="3" iconUrl="https://jira.spring.io/images/icons/priorities/major.png">Major</priority>
                        <status id="5" iconUrl="https://jira.spring.io/images/icons/statuses/resolved.png" description="A resolution has been taken, and it is awaiting verification by reporter. From here issues are either reopened, or are closed.">Resolved</status>
                    <statusCategory id="3" key="done" colorName="green"/>
                                    <resolution id="3">Duplicate</resolution>
                                        <assignee username="-1">Unassigned</assignee>
                                    <reporter username="stolsvik">Endre St&#248;lsvik</reporter>
                        <labels>
                    </labels>
                <created>Sat, 4 Nov 2006 02:03:35 +0000</created>
                <updated>Mon, 7 Jan 2008 21:52:53 +0000</updated>
                            <resolved>Mon, 7 Jan 2008 21:52:53 +0000</resolved>
                                    <version>2.0 final</version>
                                                    <component>Core</component>
                        <due></due>
                            <votes>3</votes>
                                    <watches>2</watches>
                                                                <comments>
                            <comment id="20652" author="stolsvik" created="Sat, 4 Nov 2006 22:58:34 +0000"  >&lt;p&gt;Similar to improvement request &lt;a href=&quot;https://jira.spring.io/browse/SPR-2533&quot; title=&quot;Support JavaBean Eventing methods in Spring&quot; class=&quot;issue-link&quot; data-issue-key=&quot;SPR-2533&quot;&gt;&lt;del&gt;SPR-2533&lt;/del&gt;&lt;/a&gt;, which asks for &quot;adder injection&quot; based on the requirement of registering event listeners, which often are registered/injected in beans using addListener methods.&lt;/p&gt;</comment>
                            <comment id="20654" author="stolsvik" created="Sat, 4 Nov 2006 23:13:17 +0000"  >&lt;p&gt;Also similar to improvement request &lt;a href=&quot;https://jira.spring.io/browse/SPR-1018&quot; title=&quot;support &amp;quot;add&amp;quot;-style List injection&quot; class=&quot;issue-link&quot; data-issue-key=&quot;SPR-1018&quot;&gt;&lt;del&gt;SPR-1018&lt;/del&gt;&lt;/a&gt;, which points out &quot;Some classes don&apos;t expose a plublic setter for internal list (as an example, commons-configuration CompositeConfiguration) bue some addXXX(item) method.&quot;&lt;/p&gt;</comment>
                            <comment id="20697" author="jcsahnwaldt" created="Thu, 9 Nov 2006 01:32:30 +0000"  >&lt;p&gt;Maybe we don&apos;t need a new element like &amp;lt;add-property&amp;gt;, just a new attribute...&lt;br/&gt;
Something like this?&lt;/p&gt;

&lt;p&gt;&amp;lt;bean id=&quot;eventBean&quot;&amp;gt;&lt;br/&gt;
  &amp;lt;property name=&quot;X&quot; ref=&quot;listener1&quot; action=&quot;add&quot;/&amp;gt;&lt;br/&gt;
  &amp;lt;property name=&quot;X&quot; ref=&quot;listener2&quot; action=&quot;add&quot;/&amp;gt;&lt;br/&gt;
&amp;lt;/bean&amp;gt;&lt;/p&gt;</comment>
                            <comment id="20705" author="jcsahnwaldt" created="Thu, 9 Nov 2006 04:58:38 +0000"  >&lt;p&gt;I just found &lt;a href=&quot;https://jira.spring.io/browse/SPR-230&quot; title=&quot;Please improve BeanFactory support for containers &amp;amp; collections&quot; class=&quot;issue-link&quot; data-issue-key=&quot;SPR-230&quot;&gt;&lt;del&gt;SPR-230&lt;/del&gt;&lt;/a&gt; which explains it all. This issue is basically a duplicate of &lt;a href=&quot;https://jira.spring.io/browse/SPR-230&quot; title=&quot;Please improve BeanFactory support for containers &amp;amp; collections&quot; class=&quot;issue-link&quot; data-issue-key=&quot;SPR-230&quot;&gt;&lt;del&gt;SPR-230&lt;/del&gt;&lt;/a&gt; .&lt;/p&gt;</comment>
                            <comment id="21333" author="david_syer" created="Sun, 17 Dec 2006 20:44:20 +0000"  >&lt;p&gt;Marked as duplicate of &lt;a href=&quot;https://jira.spring.io/browse/SPR-230&quot; title=&quot;Please improve BeanFactory support for containers &amp;amp; collections&quot; class=&quot;issue-link&quot; data-issue-key=&quot;SPR-230&quot;&gt;&lt;del&gt;SPR-230&lt;/del&gt;&lt;/a&gt;&lt;/p&gt;</comment>
                    </comments>
                <issuelinks>
                            <issuelinktype id="10000">
                    <name>Duplicate</name>
                                            <outwardlinks description="duplicates">
                                        <issuelink>
            <issuekey id="10427">SPR-230</issuekey>
        </issuelink>
                            </outwardlinks>
                                                        </issuelinktype>
                    </issuelinks>
                <attachments>
                    </attachments>
                <subtasks>
                    </subtasks>
                <customfields>
                                                <customfield id="customfield_10180" key="com.atlassian.jira.toolkit:dayslastcommented">
                        <customfieldname>Days since last comment</customfieldname>
                        <customfieldvalues>
                                        10 years, 2 weeks, 3 days ago
    
                        </customfieldvalues>
                    </customfield>
                                                                                            <customfield id="customfield_10170" key="com.atlassian.jira.ext.charting:firstresponsedate">
                        <customfieldname>First Response Date</customfieldname>
                        <customfieldvalues>
                            <customfieldvalue>Thu, 9 Nov 2006 01:32:30 +0000</customfieldvalue>

                        </customfieldvalues>
                    </customfield>
                                                                                            <customfield id="customfield_10181" key="com.atlassian.jira.toolkit:lastusercommented">
                        <customfieldname>Last commented by a User</customfieldname>
                        <customfieldvalues>
                            <customfieldvalue>false</customfieldvalue>
                        </customfieldvalues>
                    </customfield>
                                                                <customfield id="customfield_10182" key="com.atlassian.jira.toolkit:lastupdaterorcommenter">
                        <customfieldname>Last updater</customfieldname>
                        <customfieldvalues>
                            <customfieldvalue>tmarshall</customfieldvalue>

                        </customfieldvalues>
                    </customfield>
                                                                                            <customfield id="customfield_10880" key="com.pyxis.greenhopper.jira:gh-lexo-rank">
                        <customfieldname>Rank</customfieldname>
                        <customfieldvalues>
                            <customfieldvalue>0|i038y7:</customfieldvalue>

                        </customfieldvalues>
                    </customfield>
                                                                <customfield id="customfield_10380" key="com.pyxis.greenhopper.jira:gh-global-rank">
                        <customfieldname>Rank (Obsolete)</customfieldname>
                        <customfieldvalues>
                            <customfieldvalue>18992</customfieldvalue>
                        </customfieldvalues>
                    </customfield>
                                                                                                                                                    <customfield id="customfield_10171" key="com.atlassian.jira.ext.charting:timeinstatus">
                        <customfieldname>Time in Status</customfieldname>
                        <customfieldvalues>
                            
                        </customfieldvalues>
                    </customfield>
                                                                </customfields>
    </item>
</channel>
</rss>