<!-- 
RSS generated by JIRA (6.4.11#64026-sha1:78f6ec473a3f058bd5d6c30e9319c7ab376bdb9c) at Thu Dec 22 18:37:57 UTC 2016

It is possible to restrict the fields that are returned in this document by specifying the 'field' parameter in your request.
For example, to request only the issue key and summary add field=key&field=summary to the URL of your request.
For example:
https://jira.spring.io/si/jira.issueviews:issue-xml/SPR-5359/SPR-5359.xml?field=key&amp;field=summary
-->
<rss version="0.92" >
<channel>
    <title>Spring JIRA</title>
    <link>https://jira.spring.io</link>
    <description>This file is an XML representation of an issue</description>
    <language>en-uk</language>    <build-info>
        <version>6.4.11</version>
        <build-number>64026</build-number>
        <build-date>25-08-2015</build-date>
    </build-info>

<item>
            <title>[SPR-5359] Collection (List) backed form fields bound via &lt;form:checkbox&gt; or  &lt;form:radiobutton&gt; generate invalid HTML id attribute</title>
                <link>https://jira.spring.io/browse/SPR-5359</link>
                <project id="10000" key="SPR">Spring Framework</project>
                    <description>&lt;p&gt;HTML code generated via Spring&apos;s form tag library for checkboxes and radiobuttons is generating invalid HTML id attributes (square brackets to represent array).  This appears to work fine for the other form input types, but the HTML is incorrect for checkboxes and radiobuttons.&lt;/p&gt;

&lt;p&gt;Sample code:&lt;br/&gt;
---------------&lt;br/&gt;
&amp;lt;c:forEach var=&quot;currentTest&quot; items=&quot;$&lt;/p&gt;
{testForm.tests}
&lt;p&gt;&quot; varStatus=&quot;itStatus&quot;&amp;gt;&lt;br/&gt;
  &amp;lt;li&amp;gt;&lt;br/&gt;
    &amp;lt;form:checkbox path=&quot;tests[$&lt;/p&gt;
{itStatus.index}
&lt;p&gt;].copy&quot;/&amp;gt;&lt;br/&gt;
  &amp;lt;/li&amp;gt;&lt;br/&gt;
&amp;lt;/c:forEach&amp;gt;&lt;br/&gt;
---------------&lt;br/&gt;
Generates the following HTML for the checkbox:&lt;/p&gt;

&lt;p&gt;&amp;lt;input id=&quot;tests&lt;span class=&quot;error&quot;&gt;&amp;#91;0&amp;#93;&lt;/span&gt;.copy1&quot; name=&quot;tests&lt;span class=&quot;error&quot;&gt;&amp;#91;0&amp;#93;&lt;/span&gt;.copy&quot; type=&quot;checkbox&quot; value=&quot;true&quot;/&amp;gt;&amp;lt;input type=&quot;hidden&quot; name=&quot;_tests&lt;span class=&quot;error&quot;&gt;&amp;#91;0&amp;#93;&lt;/span&gt;.copy&quot; value=&quot;on&quot;/&amp;gt;&lt;/p&gt;

&lt;p&gt;Changing the form:checkbox tag to a form:hidden tag renders valid HTML:&lt;/p&gt;

&lt;p&gt;&amp;lt;input id=&quot;tests0.copy&quot; name=&quot;tests&lt;span class=&quot;error&quot;&gt;&amp;#91;0&amp;#93;&lt;/span&gt;.copy&quot; type=&quot;hidden&quot; value=&quot;false&quot;/&amp;gt;&lt;/p&gt;




&lt;p&gt;This appears to be related to this issue: &lt;a href=&quot;http://jira.springframework.org/browse/SPR-2380?&quot; class=&quot;external-link&quot; rel=&quot;nofollow&quot;&gt;http://jira.springframework.org/browse/SPR-2380?&lt;/a&gt;&lt;/p&gt;</description>
            <key id="25079">SPR-5359</key>
            <summary>Collection (List) backed form fields bound via &lt;form:checkbox&gt; or  &lt;form:radiobutton&gt; generate invalid HTML id attribute</summary>
                <type id="1" iconUrl="https://jira.spring.io/images/icons/issuetypes/bug.png">Bug</type>
                                            <priority id="4" iconUrl="https://jira.spring.io/images/icons/priorities/minor.png">Minor</priority>
                        <status id="5" iconUrl="https://jira.spring.io/images/icons/statuses/resolved.png" description="A resolution has been taken, and it is awaiting verification by reporter. From here issues are either reopened, or are closed.">Resolved</status>
                    <statusCategory id="3" key="done" colorName="green"/>
                                    <resolution id="3">Duplicate</resolution>
                                        <assignee username="rstoya05-aop">Rossen Stoyanchev</assignee>
                                    <reporter username="mrokitka">Mike Rokitka</reporter>
                        <labels>
                    </labels>
                <created>Fri, 12 Dec 2008 00:30:31 +0000</created>
                <updated>Fri, 18 May 2012 03:19:09 +0000</updated>
                            <resolved>Mon, 5 Mar 2012 09:25:29 +0000</resolved>
                                    <version>2.5.6</version>
                                                    <component>Web</component>
                        <due></due>
                            <votes>0</votes>
                                    <watches>1</watches>
                                                                <comments>
                            <comment id="76501" author="sslavic" created="Sun, 4 Mar 2012 15:21:48 +0000"  >&lt;p&gt;This was fixed in 3.0.1 - this issue can be closed as duplicate of &lt;a href=&quot;https://jira.spring.io/browse/SPR-5382&quot; title=&quot;org.springframework.web.servlet.tags.form.TagIdGenerator doesn&amp;#39;t remove characters [] and double-quotes&quot; class=&quot;issue-link&quot; data-issue-key=&quot;SPR-5382&quot;&gt;&lt;del&gt;SPR-5382&lt;/del&gt;&lt;/a&gt;.&lt;/p&gt;</comment>
                            <comment id="76535" author="rstoya05-aop" created="Mon, 5 Mar 2012 09:25:29 +0000"  >&lt;p&gt;Good point, thanks.&lt;/p&gt;</comment>
                    </comments>
                    <attachments>
                    </attachments>
                <subtasks>
                    </subtasks>
                <customfields>
                                                <customfield id="customfield_10180" key="com.atlassian.jira.toolkit:dayslastcommented">
                        <customfieldname>Days since last comment</customfieldname>
                        <customfieldvalues>
                                        4 years, 42 weeks, 3 days ago
    
                        </customfieldvalues>
                    </customfield>
                                                                                            <customfield id="customfield_10170" key="com.atlassian.jira.ext.charting:firstresponsedate">
                        <customfieldname>First Response Date</customfieldname>
                        <customfieldvalues>
                            <customfieldvalue>Sun, 4 Mar 2012 15:21:48 +0000</customfieldvalue>

                        </customfieldvalues>
                    </customfield>
                                                                                            <customfield id="customfield_10181" key="com.atlassian.jira.toolkit:lastusercommented">
                        <customfieldname>Last commented by a User</customfieldname>
                        <customfieldvalues>
                            <customfieldvalue>false</customfieldvalue>
                        </customfieldvalues>
                    </customfield>
                                                                <customfield id="customfield_10182" key="com.atlassian.jira.toolkit:lastupdaterorcommenter">
                        <customfieldname>Last updater</customfieldname>
                        <customfieldvalues>
                            <customfieldvalue>tmarshall</customfieldvalue>

                        </customfieldvalues>
                    </customfield>
                                                                                            <customfield id="customfield_10880" key="com.pyxis.greenhopper.jira:gh-lexo-rank">
                        <customfieldname>Rank</customfieldname>
                        <customfieldvalues>
                            <customfieldvalue>0|i014vr:</customfieldvalue>

                        </customfieldvalues>
                    </customfield>
                                                                <customfield id="customfield_10380" key="com.pyxis.greenhopper.jira:gh-global-rank">
                        <customfieldname>Rank (Obsolete)</customfieldname>
                        <customfieldvalues>
                            <customfieldvalue>6668</customfieldvalue>
                        </customfieldvalues>
                    </customfield>
                                                                                                                                                    <customfield id="customfield_10171" key="com.atlassian.jira.ext.charting:timeinstatus">
                        <customfieldname>Time in Status</customfieldname>
                        <customfieldvalues>
                            
                        </customfieldvalues>
                    </customfield>
                                                                </customfields>
    </item>
</channel>
</rss>