<!-- 
RSS generated by JIRA (6.4.11#64026-sha1:78f6ec473a3f058bd5d6c30e9319c7ab376bdb9c) at Thu Dec 22 20:59:34 UTC 2016

It is possible to restrict the fields that are returned in this document by specifying the 'field' parameter in your request.
For example, to request only the issue key and summary add field=key&field=summary to the URL of your request.
For example:
https://jira.spring.io/si/jira.issueviews:issue-xml/SPR-9370/SPR-9370.xml?field=key&amp;field=summary
-->
<rss version="0.92" >
<channel>
    <title>Spring JIRA</title>
    <link>https://jira.spring.io</link>
    <description>This file is an XML representation of an issue</description>
    <language>en-uk</language>    <build-info>
        <version>6.4.11</version>
        <build-number>64026</build-number>
        <build-date>25-08-2015</build-date>
    </build-info>

<item>
            <title>[SPR-9370] HttpStatusCodeException not serializable</title>
                <link>https://jira.spring.io/browse/SPR-9370</link>
                <project id="10000" key="SPR">Spring Framework</project>
                    <description>&lt;p&gt;My app use an exception reporting framework that depends on the fact that all exceptions should be serializable. When org.springframework.web.client.HttpStatusCodeException is thrown in a RestTemplate method, the exception reporting framework complains that a Charset object in the HttpStatusCodeException is not serializable.&lt;/p&gt;</description>
            <key id="43173">SPR-9370</key>
            <summary>HttpStatusCodeException not serializable</summary>
                <type id="4" iconUrl="https://jira.spring.io/images/icons/issuetypes/improvement.png">Improvement</type>
                                            <priority id="4" iconUrl="https://jira.spring.io/images/icons/priorities/minor.png">Minor</priority>
                        <status id="5" iconUrl="https://jira.spring.io/images/icons/statuses/resolved.png" description="A resolution has been taken, and it is awaiting verification by reporter. From here issues are either reopened, or are closed.">Resolved</status>
                    <statusCategory id="3" key="done" colorName="green"/>
                                    <resolution id="3">Duplicate</resolution>
                                        <assignee username="rstoya05-aop">Rossen Stoyanchev</assignee>
                                    <reporter username="psfung">Samuel Fung</reporter>
                        <labels>
                    </labels>
                <created>Thu, 3 May 2012 04:03:46 +0000</created>
                <updated>Tue, 15 May 2012 05:18:33 +0000</updated>
                            <resolved>Tue, 15 May 2012 05:13:19 +0000</resolved>
                                    <version>3.1.1</version>
                                                    <component>Web</component>
                        <due></due>
                            <votes>0</votes>
                                    <watches>0</watches>
                                                                <comments>
                            <comment id="78454" author="rstoya05-aop" created="Fri, 4 May 2012 07:09:06 +0000"  >&lt;p&gt;Changed from bug to improvement since the exception wasn&apos;t designed with that in mind. Would you be able to share which reporting framework has this requirement?&lt;/p&gt;</comment>
                            <comment id="78499" author="psfung" created="Sun, 6 May 2012 18:48:25 +0000"  >&lt;p&gt;&amp;gt;Changed from bug to improvement since the exception wasn&apos;t designed with that in mind.&lt;br/&gt;
I disagree. Java Throwable implements Serializable, the design of all exceptions should consider serializablity.&lt;/p&gt;

&lt;p&gt;&amp;gt;Would you be able to share which reporting framework has this requirement?&lt;br/&gt;
It is self developed.&lt;/p&gt;</comment>
                            <comment id="78786" author="cbeams" created="Tue, 15 May 2012 05:13:19 +0000"  >&lt;p&gt;This duplicates &lt;a href=&quot;https://jira.spring.io/browse/SPR-9273&quot; title=&quot;HttpStatusCodeException cannot be serialized&quot; class=&quot;issue-link&quot; data-issue-key=&quot;SPR-9273&quot;&gt;&lt;del&gt;SPR-9273&lt;/del&gt;&lt;/a&gt;.&lt;/p&gt;</comment>
                    </comments>
                <issuelinks>
                            <issuelinktype id="10000">
                    <name>Duplicate</name>
                                            <outwardlinks description="duplicates">
                                        <issuelink>
            <issuekey id="42739">SPR-9273</issuekey>
        </issuelink>
                            </outwardlinks>
                                                        </issuelinktype>
                    </issuelinks>
                <attachments>
                    </attachments>
                <subtasks>
                    </subtasks>
                <customfields>
                                                <customfield id="customfield_10180" key="com.atlassian.jira.toolkit:dayslastcommented">
                        <customfieldname>Days since last comment</customfieldname>
                        <customfieldvalues>
                                        4 years, 32 weeks, 2 days ago
    
                        </customfieldvalues>
                    </customfield>
                                                                                            <customfield id="customfield_10170" key="com.atlassian.jira.ext.charting:firstresponsedate">
                        <customfieldname>First Response Date</customfieldname>
                        <customfieldvalues>
                            <customfieldvalue>Fri, 4 May 2012 07:09:06 +0000</customfieldvalue>

                        </customfieldvalues>
                    </customfield>
                                                                                            <customfield id="customfield_10181" key="com.atlassian.jira.toolkit:lastusercommented">
                        <customfieldname>Last commented by a User</customfieldname>
                        <customfieldvalues>
                            <customfieldvalue>true</customfieldvalue>
                        </customfieldvalues>
                    </customfield>
                                                                <customfield id="customfield_10182" key="com.atlassian.jira.toolkit:lastupdaterorcommenter">
                        <customfieldname>Last updater</customfieldname>
                        <customfieldvalues>
                            <customfieldvalue>tmarshall</customfieldvalue>

                        </customfieldvalues>
                    </customfield>
                                                                                            <customfield id="customfield_10880" key="com.pyxis.greenhopper.jira:gh-lexo-rank">
                        <customfieldname>Rank</customfieldname>
                        <customfieldvalues>
                            <customfieldvalue>0|i05jsn:</customfieldvalue>

                        </customfieldvalues>
                    </customfield>
                                                                <customfield id="customfield_10380" key="com.pyxis.greenhopper.jira:gh-global-rank">
                        <customfieldname>Rank (Obsolete)</customfieldname>
                        <customfieldvalues>
                            <customfieldvalue>32413</customfieldvalue>
                        </customfieldvalues>
                    </customfield>
                                                                                                                                                    <customfield id="customfield_10171" key="com.atlassian.jira.ext.charting:timeinstatus">
                        <customfieldname>Time in Status</customfieldname>
                        <customfieldvalues>
                            
                        </customfieldvalues>
                    </customfield>
                                                                </customfields>
    </item>
</channel>
</rss>