<!-- 
RSS generated by JIRA (6.4.11#64026-sha1:78f6ec473a3f058bd5d6c30e9319c7ab376bdb9c) at Thu Dec 22 17:55:46 UTC 2016

It is possible to restrict the fields that are returned in this document by specifying the 'field' parameter in your request.
For example, to request only the issue key and summary add field=key&field=summary to the URL of your request.
For example:
https://jira.spring.io/si/jira.issueviews:issue-xml/SPR-6118/SPR-6118.xml?field=key&amp;field=summary
-->
<rss version="0.92" >
<channel>
    <title>Spring JIRA</title>
    <link>https://jira.spring.io</link>
    <description>This file is an XML representation of an issue</description>
    <language>en-uk</language>    <build-info>
        <version>6.4.11</version>
        <build-number>64026</build-number>
        <build-date>25-08-2015</build-date>
    </build-info>

<item>
            <title>[SPR-6118] Spring JDBC 3.0.0.M4 maven pom includes derby and derby.client - these should be optional dependencies</title>
                <link>https://jira.spring.io/browse/SPR-6118</link>
                <project id="10000" key="SPR">Spring Framework</project>
                    <description>&lt;p&gt;Spring JDBC 3.0.0.M4 maven pom includes derby and derby.client - these should be optional dependencies.&lt;/p&gt;

&lt;p&gt;Here is the relevant output from mvn dependency:tree...&lt;/p&gt;

&lt;p&gt;&lt;span class=&quot;error&quot;&gt;&amp;#91;INFO&amp;#93;&lt;/span&gt; +- org.springframework:spring-orm:jar:3.0.0.M4:compile&lt;br/&gt;
&lt;span class=&quot;error&quot;&gt;&amp;#91;INFO&amp;#93;&lt;/span&gt; |  +- org.slf4j:slf4j-jdk14:jar:1.5.2:compile&lt;br/&gt;
&lt;span class=&quot;error&quot;&gt;&amp;#91;INFO&amp;#93;&lt;/span&gt; |  +- org.springframework:spring-beans:jar:3.0.0.M4:compile&lt;br/&gt;
&lt;span class=&quot;error&quot;&gt;&amp;#91;INFO&amp;#93;&lt;/span&gt; |  +- org.springframework:spring-core:jar:3.0.0.M4:compile&lt;br/&gt;
&lt;span class=&quot;error&quot;&gt;&amp;#91;INFO&amp;#93;&lt;/span&gt; |  |  &amp;#45; org.springframework:spring-asm:jar:3.0.0.M4:compile&lt;br/&gt;
&lt;span class=&quot;error&quot;&gt;&amp;#91;INFO&amp;#93;&lt;/span&gt; |  +- org.springframework:spring-jdbc:jar:3.0.0.M4:compile&lt;br/&gt;
&lt;b&gt;&lt;span class=&quot;error&quot;&gt;&amp;#91;INFO&amp;#93;&lt;/span&gt; |  |  +- org.apache.derby:com.springsource.org.apache.derby:jar:10.5.1000001.764942:compile&lt;/b&gt;&lt;br/&gt;
&lt;b&gt;&lt;span class=&quot;error&quot;&gt;&amp;#91;INFO&amp;#93;&lt;/span&gt; |  |  &amp;#45; org.apache.derby:com.springsource.org.apache.derby.client:jar:10.5.1000001.764942:compile&lt;/b&gt;&lt;br/&gt;
&lt;span class=&quot;error&quot;&gt;&amp;#91;INFO&amp;#93;&lt;/span&gt; |  &amp;#45; org.springframework:spring-tx:jar:3.0.0.M4:compile&lt;br/&gt;
&lt;span class=&quot;error&quot;&gt;&amp;#91;INFO&amp;#93;&lt;/span&gt; |     +- aopalliance:aopalliance:jar:1.0:compile&lt;br/&gt;
&lt;span class=&quot;error&quot;&gt;&amp;#91;INFO&amp;#93;&lt;/span&gt; |     +- org.springframework:spring-aop:jar:3.0.0.M4:compile&lt;br/&gt;
&lt;span class=&quot;error&quot;&gt;&amp;#91;INFO&amp;#93;&lt;/span&gt; |     &amp;#45; org.springframework:spring-context:jar:3.0.0.M4:compile&lt;br/&gt;
&lt;span class=&quot;error&quot;&gt;&amp;#91;INFO&amp;#93;&lt;/span&gt; |        &amp;#45; org.springframework:spring-expression:jar:3.0.0.M4:compile&lt;/p&gt;

&lt;p&gt;These dependencies should be configured as &amp;lt;optional&amp;gt;true&amp;lt;/optional&amp;gt; since they&apos;re not required for regular usage of spring-jdbc.&lt;/p&gt;</description>
            <key id="27971">SPR-6118</key>
            <summary>Spring JDBC 3.0.0.M4 maven pom includes derby and derby.client - these should be optional dependencies</summary>
                <type id="1" iconUrl="https://jira.spring.io/images/icons/issuetypes/bug.png">Bug</type>
                                            <priority id="3" iconUrl="https://jira.spring.io/images/icons/priorities/major.png">Major</priority>
                        <status id="5" iconUrl="https://jira.spring.io/images/icons/statuses/resolved.png" description="A resolution has been taken, and it is awaiting verification by reporter. From here issues are either reopened, or are closed.">Resolved</status>
                    <statusCategory id="3" key="done" colorName="green"/>
                                    <resolution id="3">Duplicate</resolution>
                                        <assignee username="juergen.hoeller">Juergen Hoeller</assignee>
                                    <reporter username="cnelson">Christian Nelson</reporter>
                        <labels>
                    </labels>
                <created>Wed, 16 Sep 2009 10:39:51 +0000</created>
                <updated>Tue, 19 Jun 2012 02:28:20 +0000</updated>
                            <resolved>Fri, 18 Sep 2009 01:44:01 +0000</resolved>
                                    <version>3.0 M4</version>
                                                    <component>Data</component>
                        <due></due>
                            <votes>0</votes>
                                    <watches>0</watches>
                                                                    <issuelinks>
                            <issuelinktype id="10000">
                    <name>Duplicate</name>
                                            <outwardlinks description="duplicates">
                                        <issuelink>
            <issuekey id="27949">SPR-6109</issuekey>
        </issuelink>
                            </outwardlinks>
                                                        </issuelinktype>
                    </issuelinks>
                <attachments>
                    </attachments>
                <subtasks>
                    </subtasks>
                <customfields>
                                                <customfield id="customfield_10180" key="com.atlassian.jira.toolkit:dayslastcommented">
                        <customfieldname>Days since last comment</customfieldname>
                        <customfieldvalues>
                                        7 years, 15 weeks, 1 day ago
    
                        </customfieldvalues>
                    </customfield>
                                                                                                                                                    <customfield id="customfield_10181" key="com.atlassian.jira.toolkit:lastusercommented">
                        <customfieldname>Last commented by a User</customfieldname>
                        <customfieldvalues>
                            <customfieldvalue>true</customfieldvalue>
                        </customfieldvalues>
                    </customfield>
                                                                <customfield id="customfield_10182" key="com.atlassian.jira.toolkit:lastupdaterorcommenter">
                        <customfieldname>Last updater</customfieldname>
                        <customfieldvalues>
                            <customfieldvalue>tmarshall</customfieldvalue>

                        </customfieldvalues>
                    </customfield>
                                                                                            <customfield id="customfield_10880" key="com.pyxis.greenhopper.jira:gh-lexo-rank">
                        <customfieldname>Rank</customfieldname>
                        <customfieldvalues>
                            <customfieldvalue>0|i01dhr:</customfieldvalue>

                        </customfieldvalues>
                    </customfield>
                                                                <customfield id="customfield_10380" key="com.pyxis.greenhopper.jira:gh-global-rank">
                        <customfieldname>Rank (Obsolete)</customfieldname>
                        <customfieldvalues>
                            <customfieldvalue>8063</customfieldvalue>
                        </customfieldvalues>
                    </customfield>
                                                                                                                                                    <customfield id="customfield_10171" key="com.atlassian.jira.ext.charting:timeinstatus">
                        <customfieldname>Time in Status</customfieldname>
                        <customfieldvalues>
                            
                        </customfieldvalues>
                    </customfield>
                                                                </customfields>
    </item>
</channel>
</rss>