<!-- 
RSS generated by JIRA (6.4.11#64026-sha1:78f6ec473a3f058bd5d6c30e9319c7ab376bdb9c) at Thu Dec 22 19:05:53 UTC 2016

It is possible to restrict the fields that are returned in this document by specifying the 'field' parameter in your request.
For example, to request only the issue key and summary add field=key&field=summary to the URL of your request.
For example:
https://jira.spring.io/si/jira.issueviews:issue-xml/SPR-2620/SPR-2620.xml?field=key&amp;field=summary
-->
<rss version="0.92" >
<channel>
    <title>Spring JIRA</title>
    <link>https://jira.spring.io</link>
    <description>This file is an XML representation of an issue</description>
    <language>en-uk</language>    <build-info>
        <version>6.4.11</version>
        <build-number>64026</build-number>
        <build-date>25-08-2015</build-date>
    </build-info>

<item>
            <title>[SPR-2620] Spring incorrectly rewraps a dynamic mbean as a ModelMBean</title>
                <link>https://jira.spring.io/browse/SPR-2620</link>
                <project id="10000" key="SPR">Spring Framework</project>
                    <description>&lt;p&gt;We have a situation of needing to dynamically create  mbeans for log files.  I have created a class that takes a a property an instance of the MBeanExportOperations interface (i.e. a MBeanExporter bean), so that I can reuse its functionality.  Plus when the web app is shut down it will automatically remove the mbeans.  The implementation of the MBeanExportOperations interface&lt;/p&gt;

&lt;p&gt;	public void registerManagedResource(Object managedResource, ObjectName objectName) throws MBeanExportException {&lt;br/&gt;
		Object mbean = createAndConfigureMBean(managedResource, managedResource.getClass().getName());&lt;br/&gt;
		try &lt;/p&gt;
{
			doRegister(mbean, objectName);
		}
&lt;p&gt;		catch (JMException ex) &lt;/p&gt;
{
			throw new UnableToRegisterMBeanException(
					&quot;Unable to register MBean [&quot; + managedResource + &quot;] with object name [&quot; + objectName + &quot;]&quot;, ex);
		}
&lt;p&gt;	}&lt;/p&gt;

&lt;p&gt;does not use the following check that is used in the registerBeanInstance(Object bean, String beanKey).  This is a blocking issue for use and our mbeans are completely usesless.&lt;/p&gt;

&lt;p&gt;		if (JmxUtils.isMBean(bean.getClass())) {&lt;br/&gt;
			if (logger.isDebugEnabled()) &lt;/p&gt;
{
				logger.debug(&quot;Located MBean under key [&quot; + beanKey + &quot;]: registering with JMX server&quot;);
			}
&lt;p&gt;			return registerMBean(bean, beanKey);&lt;br/&gt;
		}&lt;/p&gt;
</description>
            <key id="15027">SPR-2620</key>
            <summary>Spring incorrectly rewraps a dynamic mbean as a ModelMBean</summary>
                <type id="1" iconUrl="https://jira.spring.io/images/icons/issuetypes/bug.png">Bug</type>
                                            <priority id="3" iconUrl="https://jira.spring.io/images/icons/priorities/major.png">Major</priority>
                        <status id="6" iconUrl="https://jira.spring.io/images/icons/statuses/closed.png" description="The issue is considered finished, the resolution is correct. Issues which are not closed can be reopened.">Closed</status>
                    <statusCategory id="3" key="done" colorName="green"/>
                                    <resolution id="1">Fixed</resolution>
                                        <assignee username="juergen.hoeller">Juergen Hoeller</assignee>
                                    <reporter username="binyan">Wendell Beckwith</reporter>
                        <labels>
                    </labels>
                <created>Thu, 21 Sep 2006 03:53:13 +0000</created>
                <updated>Tue, 19 Jun 2012 03:50:07 +0000</updated>
                            <resolved>Thu, 21 Sep 2006 07:41:30 +0000</resolved>
                                    <version>2.0 RC3</version>
                                    <fixVersion>2.0 final</fixVersion>
                                    <component>JMX</component>
                        <due></due>
                            <votes>0</votes>
                                    <watches>0</watches>
                                                                <comments>
                            <comment id="19775" author="juergen.hoeller" created="Thu, 21 Sep 2006 05:48:05 +0000"  >&lt;p&gt;Changed the priority to &quot;Major&quot;, from the perspective of the overall framework (where the JMX support is &quot;just&quot; an optional subsystem). Of course I appreciate that this is a blocker for your scenario; we will fix this ASAP.&lt;/p&gt;

&lt;p&gt;Juergen&lt;/p&gt;</comment>
                            <comment id="19779" author="juergen.hoeller" created="Thu, 21 Sep 2006 07:41:30 +0000"  >&lt;p&gt;Fixed in CVS. Thanks for pointing this out!&lt;/p&gt;

&lt;p&gt;Please give tomorrow morning&apos;s snapshot (&lt;a href=&quot;http://www.springframework.org/snapshots&quot; class=&quot;external-link&quot; rel=&quot;nofollow&quot;&gt;http://www.springframework.org/snapshots&lt;/a&gt;) a try, which should already contain this fix!&lt;/p&gt;

&lt;p&gt;Juergen&lt;/p&gt;</comment>
                            <comment id="19869" author="binyan" created="Mon, 25 Sep 2006 03:04:41 +0000"  >&lt;p&gt;Finnally got to verify that this does work.  Thnx for the fast turn around.&lt;/p&gt;</comment>
                    </comments>
                    <attachments>
                    </attachments>
                <subtasks>
                    </subtasks>
                <customfields>
                                                <customfield id="customfield_10180" key="com.atlassian.jira.toolkit:dayslastcommented">
                        <customfieldname>Days since last comment</customfieldname>
                        <customfieldvalues>
                                        10 years, 14 weeks, 3 days ago
    
                        </customfieldvalues>
                    </customfield>
                                                                                            <customfield id="customfield_10170" key="com.atlassian.jira.ext.charting:firstresponsedate">
                        <customfieldname>First Response Date</customfieldname>
                        <customfieldvalues>
                            <customfieldvalue>Thu, 21 Sep 2006 05:48:05 +0000</customfieldvalue>

                        </customfieldvalues>
                    </customfield>
                                                                                            <customfield id="customfield_10181" key="com.atlassian.jira.toolkit:lastusercommented">
                        <customfieldname>Last commented by a User</customfieldname>
                        <customfieldvalues>
                            <customfieldvalue>true</customfieldvalue>
                        </customfieldvalues>
                    </customfield>
                                                                <customfield id="customfield_10182" key="com.atlassian.jira.toolkit:lastupdaterorcommenter">
                        <customfieldname>Last updater</customfieldname>
                        <customfieldvalues>
                            <customfieldvalue>tmarshall</customfieldvalue>

                        </customfieldvalues>
                    </customfield>
                                                                                            <customfield id="customfield_10880" key="com.pyxis.greenhopper.jira:gh-lexo-rank">
                        <customfieldname>Rank</customfieldname>
                        <customfieldvalues>
                            <customfieldvalue>0|i00vqn:</customfieldvalue>

                        </customfieldvalues>
                    </customfield>
                                                                <customfield id="customfield_10380" key="com.pyxis.greenhopper.jira:gh-global-rank">
                        <customfieldname>Rank (Obsolete)</customfieldname>
                        <customfieldvalues>
                            <customfieldvalue>5187</customfieldvalue>
                        </customfieldvalues>
                    </customfield>
                                                                                                                                                    <customfield id="customfield_10171" key="com.atlassian.jira.ext.charting:timeinstatus">
                        <customfieldname>Time in Status</customfieldname>
                        <customfieldvalues>
                            
                        </customfieldvalues>
                    </customfield>
                                                                </customfields>
    </item>
</channel>
</rss>