<!-- 
RSS generated by JIRA (6.4.11#64026-sha1:78f6ec473a3f058bd5d6c30e9319c7ab376bdb9c) at Thu Dec 22 19:03:12 UTC 2016

It is possible to restrict the fields that are returned in this document by specifying the 'field' parameter in your request.
For example, to request only the issue key and summary add field=key&field=summary to the URL of your request.
For example:
https://jira.spring.io/si/jira.issueviews:issue-xml/SPR-2021/SPR-2021.xml?field=key&amp;field=summary
-->
<rss version="0.92" >
<channel>
    <title>Spring JIRA</title>
    <link>https://jira.spring.io</link>
    <description>This file is an XML representation of an issue</description>
    <language>en-uk</language>    <build-info>
        <version>6.4.11</version>
        <build-number>64026</build-number>
        <build-date>25-08-2015</build-date>
    </build-info>

<item>
            <title>[SPR-2021] Scoped beans don&apos;t work with JDK dynamic proxies</title>
                <link>https://jira.spring.io/browse/SPR-2021</link>
                <project id="10000" key="SPR">Spring Framework</project>
                    <description>&lt;p&gt;Creating dynamic proxies for scoped beans don&apos;t work as the proxies don&apos;t implement the interfaces of the to-be-proxied object, but only Spring&apos;s ScopedObject interface. In contrary proxyTargetClass=&quot;true&quot; and so creating CGLib proxies works.&lt;/p&gt;</description>
            <key id="13978">SPR-2021</key>
            <summary>Scoped beans don&apos;t work with JDK dynamic proxies</summary>
                <type id="1" iconUrl="https://jira.spring.io/images/icons/issuetypes/bug.png">Bug</type>
                                            <priority id="3" iconUrl="https://jira.spring.io/images/icons/priorities/major.png">Major</priority>
                        <status id="6" iconUrl="https://jira.spring.io/images/icons/statuses/closed.png" description="The issue is considered finished, the resolution is correct. Issues which are not closed can be reopened.">Closed</status>
                    <statusCategory id="3" key="done" colorName="green"/>
                                    <resolution id="1">Fixed</resolution>
                                        <assignee username="robh">Rob Harrop</assignee>
                                    <reporter username="joerg.heinicke@gmx.de">J&#246;rg Heinicke</reporter>
                        <labels>
                    </labels>
                <created>Mon, 15 May 2006 21:14:52 +0000</created>
                <updated>Tue, 19 Jun 2012 03:52:39 +0000</updated>
                            <resolved>Wed, 28 Jun 2006 23:54:04 +0000</resolved>
                                    <version>2.0 M1</version>
                    <version>2.0 M2</version>
                    <version>2.0 M3</version>
                    <version>2.0 M4</version>
                                    <fixVersion>2.0 RC2</fixVersion>
                                    <component>Core:AOP</component>
                        <due></due>
                            <votes>0</votes>
                                    <watches>1</watches>
                                                                <comments>
                            <comment id="17645" author="joerg.heinicke@gmx.de" created="Mon, 15 May 2006 22:30:11 +0000"  >&lt;p&gt;TestCase for scoped beans. The text will be successful with proxyTargetClass=&quot;true&quot;, but it will fail for proxyTargetClass=&quot;false&quot; with ClassCastException.&lt;/p&gt;</comment>
                            <comment id="18069" author="juergen.hoeller" created="Mon, 19 Jun 2006 08:24:01 +0000"  >&lt;p&gt;Have you had a chance to test your scenario against the reworked scoping support in 2.0 M5 (or in a 2.0 RC1 snapshot) yet? We have significantly reworked the entire facility, so you might want to check this against the 2.0 RC1 release (due tomorrow) if you haven&apos;t already used M5.&lt;/p&gt;

&lt;p&gt;Juergen&lt;/p&gt;</comment>
                            <comment id="18073" author="joerg.heinicke@gmx.de" created="Mon, 19 Jun 2006 08:41:32 +0000"  >&lt;p&gt;No, I were on vacation last nearly two weeks and have not been trying out 2.0 M5 yet. I will wait for RC 1 then.&lt;/p&gt;</comment>
                            <comment id="18169" author="joerg.heinicke@gmx.de" created="Fri, 23 Jun 2006 01:36:33 +0000"  >&lt;p&gt;So, in the meantime I could run the test with 2.0 RC 1 and it works (using ScopedProxyFactoryBean). There is only an issue with the detection whether to use CGLib or JDK dynamic proxy. I get a CGLib proxy though I implement an interface and though enforcing a JDK dynamic proxy (during remote debugging) works too. So this issue itself (JDK dynamic proxies don&apos;t implement the interfaces of the to-be-proxied objects) seems to be fixed while the detection when to use CGLib and when to use JDK dynamic proxy does not - and the property &quot;proxyTargetClass&quot; is ignored. Do you want a new Jira issue entry for this?&lt;/p&gt;</comment>
                            <comment id="18304" author="robh" created="Wed, 28 Jun 2006 23:54:04 +0000"  >&lt;p&gt;J&#246;rg, &lt;/p&gt;

&lt;p&gt;Scoped proxies are intended to be class proxies by default to prevent any strange errors when using them through the transparent &amp;lt;aop:scoped-proxy/&amp;gt; mechanism. However, the value of proxyTargetClass=false should now trigger the explicit creation of a JDK proxy.&lt;/p&gt;

&lt;p&gt;Rob&lt;/p&gt;</comment>
                    </comments>
                    <attachments>
                            <attachment id="11642" name="test.zip" size="1791" author="joerg.heinicke@gmx.de" created="Mon, 15 May 2006 22:30:11 +0000"/>
                    </attachments>
                <subtasks>
                    </subtasks>
                <customfields>
                                                <customfield id="customfield_10180" key="com.atlassian.jira.toolkit:dayslastcommented">
                        <customfieldname>Days since last comment</customfieldname>
                        <customfieldvalues>
                                        10 years, 27 weeks ago
    
                        </customfieldvalues>
                    </customfield>
                                                                                            <customfield id="customfield_10170" key="com.atlassian.jira.ext.charting:firstresponsedate">
                        <customfieldname>First Response Date</customfieldname>
                        <customfieldvalues>
                            <customfieldvalue>Mon, 19 Jun 2006 08:24:01 +0000</customfieldvalue>

                        </customfieldvalues>
                    </customfield>
                                                                                            <customfield id="customfield_10181" key="com.atlassian.jira.toolkit:lastusercommented">
                        <customfieldname>Last commented by a User</customfieldname>
                        <customfieldvalues>
                            <customfieldvalue>false</customfieldvalue>
                        </customfieldvalues>
                    </customfield>
                                                                <customfield id="customfield_10182" key="com.atlassian.jira.toolkit:lastupdaterorcommenter">
                        <customfieldname>Last updater</customfieldname>
                        <customfieldvalues>
                            <customfieldvalue>tmarshall</customfieldvalue>

                        </customfieldvalues>
                    </customfield>
                                                                                            <customfield id="customfield_10880" key="com.pyxis.greenhopper.jira:gh-lexo-rank">
                        <customfieldname>Rank</customfieldname>
                        <customfieldvalues>
                            <customfieldvalue>0|i03o5j:</customfieldvalue>

                        </customfieldvalues>
                    </customfield>
                                                                <customfield id="customfield_10380" key="com.pyxis.greenhopper.jira:gh-global-rank">
                        <customfieldname>Rank (Obsolete)</customfieldname>
                        <customfieldvalues>
                            <customfieldvalue>21455</customfieldvalue>
                        </customfieldvalues>
                    </customfield>
                                                                                                                                                    <customfield id="customfield_10171" key="com.atlassian.jira.ext.charting:timeinstatus">
                        <customfieldname>Time in Status</customfieldname>
                        <customfieldvalues>
                            
                        </customfieldvalues>
                    </customfield>
                                                                </customfields>
    </item>
</channel>
</rss>