<!-- 
RSS generated by JIRA (6.4.11#64026-sha1:78f6ec473a3f058bd5d6c30e9319c7ab376bdb9c) at Thu Dec 22 19:27:36 UTC 2016

It is possible to restrict the fields that are returned in this document by specifying the 'field' parameter in your request.
For example, to request only the issue key and summary add field=key&field=summary to the URL of your request.
For example:
https://jira.spring.io/si/jira.issueviews:issue-xml/SPR-406/SPR-406.xml?field=key&amp;field=summary
-->
<rss version="0.92" >
<channel>
    <title>Spring JIRA</title>
    <link>https://jira.spring.io</link>
    <description>This file is an XML representation of an issue</description>
    <language>en-uk</language>    <build-info>
        <version>6.4.11</version>
        <build-number>64026</build-number>
        <build-date>25-08-2015</build-date>
    </build-info>

<item>
            <title>[SPR-406] JSF-Spring 2.6 incompatible with current CVS head</title>
                <link>https://jira.spring.io/browse/SPR-406</link>
                <project id="10000" key="SPR">Spring Framework</project>
                    <description>&lt;p&gt;This is sandbox code I believe...&lt;/p&gt;

&lt;p&gt;From the forums:&lt;br/&gt;
&lt;a href=&quot;http://forum.springframework.org/viewtopic.php?t=1388&quot; class=&quot;external-link&quot; rel=&quot;nofollow&quot;&gt;http://forum.springframework.org/viewtopic.php?t=1388&lt;/a&gt;&lt;/p&gt;

&lt;p&gt;Hi,&lt;/p&gt;

&lt;p&gt;I&apos;ve just freshed my local Spring source and find that JSF-Spring won&apos;t compile. The problems are in the FacesSpringVariableResolver:&lt;/p&gt;

&lt;p&gt;1. the transformedBeanName method of the super class has been turned to private, thus not accessible the the subclass.&lt;br/&gt;
2. isFactoryDereference has seemed to be factored out to the BeanFactoryUtils. (This is trivial to fix though)&lt;/p&gt;

&lt;p&gt;I&apos;m wondering if the future version of the AbstractBeanFactory.transformedBeanName can still keep its protected signature.&lt;/p&gt;

&lt;p&gt;Any ideas?&lt;/p&gt;

&lt;p&gt;Thanks!&lt;/p&gt;

&lt;p&gt;Bing Ran&lt;/p&gt;

&lt;p&gt;to follow up,&lt;/p&gt;

&lt;p&gt;I also had to modify the getPropertyValue method in the FacesConfigXmlBeanDefinitionParser class in the JSF-Spring package to make them work together:&lt;/p&gt;

&lt;p&gt;Here is the change I needed to make:&lt;/p&gt;

&lt;p&gt;from:&lt;/p&gt;

&lt;p&gt;return new RuntimeBeanReference(value);&lt;/p&gt;

&lt;p&gt;to:&lt;/p&gt;

&lt;p&gt;return new RuntimeBeanReference(value.substring(2, value.indexOf(&quot;}&quot;)));&lt;/p&gt;</description>
            <key id="10669">SPR-406</key>
            <summary>JSF-Spring 2.6 incompatible with current CVS head</summary>
                <type id="1" iconUrl="https://jira.spring.io/images/icons/issuetypes/bug.png">Bug</type>
                                            <priority id="3" iconUrl="https://jira.spring.io/images/icons/priorities/major.png">Major</priority>
                        <status id="6" iconUrl="https://jira.spring.io/images/icons/statuses/closed.png" description="The issue is considered finished, the resolution is correct. Issues which are not closed can be reopened.">Closed</status>
                    <statusCategory id="3" key="done" colorName="green"/>
                                    <resolution id="1">Fixed</resolution>
                                        <assignee username="juergen.hoeller">Juergen Hoeller</assignee>
                                    <reporter username="colin.sampaleanu">Colin Sampaleanu</reporter>
                        <labels>
                    </labels>
                <created>Mon, 18 Oct 2004 02:46:41 +0000</created>
                <updated>Sat, 23 Oct 2004 02:06:19 +0000</updated>
                            <resolved>Sat, 23 Oct 2004 02:06:19 +0000</resolved>
                                    <version>1.1.1</version>
                                    <fixVersion>1.1.2</fixVersion>
                                        <due></due>
                            <votes>0</votes>
                                    <watches>0</watches>
                                                                <comments>
                            <comment id="11287" author="juergen.hoeller" created="Mon, 18 Oct 2004 22:23:29 +0000"  >&lt;p&gt;Thanks for reporting this - I&apos;ve just re-added the protected versions of isFactoryDereference and transformedBeanName.&lt;/p&gt;

&lt;p&gt;However, I don&apos;t see the cause of the FacesConfigXmlBeanDefinitionParser parser issue. Does this work against Spring 1.1.1 but not against CVS head? Could you raise this with the JSF-Spring guys?&lt;/p&gt;

&lt;p&gt;Juergen&lt;/p&gt;</comment>
                            <comment id="11305" author="bran" created="Tue, 19 Oct 2004 20:13:48 +0000"  >&lt;p&gt;Thanks Colin for putting this in the Jira. I was not subscribing to the SCM list so I was not notified of this, and thanks Juergen to make the code change. &lt;/p&gt;

&lt;p&gt;Since I felt I had a good command of JSF (SUN RI) I decided to see how hard it would be to port the JPetStore in the Spring distribution to using JSF as the web tier, with the help of the JSF-Spring code. &lt;/p&gt;

&lt;p&gt;I was a month ago the last time I tested out the JSF-Spring code and it seemed to work for most of it. Then I found the couple of issues with the latest Spring head. &lt;/p&gt;

&lt;p&gt;The one that really puzzled me was the this method in the faces config bean def reader:&lt;/p&gt;

&lt;p&gt;private Object getPropertyValue(String beanName, Element element) {&lt;br/&gt;
    String value = textValue(element, beanName).trim();&lt;br/&gt;
    if (value.startsWith(&quot;#&lt;/p&gt;
{&quot;) &amp;amp;&amp;amp; value.endsWith(&quot;}
&lt;p&gt;&quot;))&lt;br/&gt;
        return new RuntimeBeanReference(value);&lt;br/&gt;
        return value;&lt;br/&gt;
    }&lt;br/&gt;
}&lt;/p&gt;

&lt;p&gt;for a bean reference such as in:&lt;/p&gt;

&lt;p&gt;&amp;lt;managed-property&amp;gt;&lt;br/&gt;
  &amp;lt;property-name&amp;gt;managedPropertyBean&amp;lt;/property-name&amp;gt;&lt;br/&gt;
	&amp;lt;value&amp;gt;#&lt;/p&gt;
{managedPropertyAccessBean}
&lt;p&gt;&amp;lt;/value&amp;gt;&lt;br/&gt;
  &amp;lt;/managed-property&amp;gt;&lt;br/&gt;
&amp;lt;managed-property&amp;gt;&lt;/p&gt;

&lt;p&gt;the whole string, including the #{ } was passed to being searched for a  matching bean def in another context xml, where the bean is defed without the leading and trailing curlies. That&apos;s why removing them seemed to solved the issue. And this code seemed to work fine just a while ago. Just wondering how could it possibly...&lt;/p&gt;

&lt;p&gt;I was hoping the original author of the code could spot my post, since  the mailing list in the sourceforge had a similar issue reported but did not get any attention. &lt;/p&gt;

&lt;p&gt;Other than that, my porting effort has been quite been smooth for one night&apos;s effort (all hand coding, no JSF IDE). Not much surprise so far. Everything worked as advertised. I keep using all the old service tier code and configuration files for service tier and DAO tier. The petstore service facade was able to hook up to the JSF backing beans easily in a declarative manner. The part that needs major rework will probably be the security part. &lt;/p&gt;

&lt;p&gt;I hope JSF with Spring will prove to be a very viable tech stack. &lt;/p&gt;</comment>
                            <comment id="11342" author="juergen.hoeller" created="Sat, 23 Oct 2004 02:06:19 +0000"  >&lt;p&gt;OK, so I consider this resolved for the time being. Any issues in FacesConfigXmlBeanDefinitionReader need to be resolved in the JSF-Spring code, not in the Spring core.&lt;/p&gt;

&lt;p&gt;Juergen&lt;/p&gt;</comment>
                    </comments>
                    <attachments>
                    </attachments>
                <subtasks>
                    </subtasks>
                <customfields>
                                                <customfield id="customfield_10180" key="com.atlassian.jira.toolkit:dayslastcommented">
                        <customfieldname>Days since last comment</customfieldname>
                        <customfieldvalues>
                                        12 years, 10 weeks, 5 days ago
    
                        </customfieldvalues>
                    </customfield>
                                                                                            <customfield id="customfield_10170" key="com.atlassian.jira.ext.charting:firstresponsedate">
                        <customfieldname>First Response Date</customfieldname>
                        <customfieldvalues>
                            <customfieldvalue>Mon, 18 Oct 2004 22:23:29 +0000</customfieldvalue>

                        </customfieldvalues>
                    </customfield>
                                                                                            <customfield id="customfield_10181" key="com.atlassian.jira.toolkit:lastusercommented">
                        <customfieldname>Last commented by a User</customfieldname>
                        <customfieldvalues>
                            <customfieldvalue>false</customfieldvalue>
                        </customfieldvalues>
                    </customfield>
                                                                <customfield id="customfield_10182" key="com.atlassian.jira.toolkit:lastupdaterorcommenter">
                        <customfieldname>Last updater</customfieldname>
                        <customfieldvalues>
                            <customfieldvalue>tmarshall</customfieldvalue>

                        </customfieldvalues>
                    </customfield>
                                                                                            <customfield id="customfield_10880" key="com.pyxis.greenhopper.jira:gh-lexo-rank">
                        <customfieldname>Rank</customfieldname>
                        <customfieldvalues>
                            <customfieldvalue>0|i04y27:</customfieldvalue>

                        </customfieldvalues>
                    </customfield>
                                                                <customfield id="customfield_10380" key="com.pyxis.greenhopper.jira:gh-global-rank">
                        <customfieldname>Rank (Obsolete)</customfieldname>
                        <customfieldvalues>
                            <customfieldvalue>28892</customfieldvalue>
                        </customfieldvalues>
                    </customfield>
                                                                                                                                                    <customfield id="customfield_10171" key="com.atlassian.jira.ext.charting:timeinstatus">
                        <customfieldname>Time in Status</customfieldname>
                        <customfieldvalues>
                            
                        </customfieldvalues>
                    </customfield>
                                                                </customfields>
    </item>
</channel>
</rss>