<!-- 
RSS generated by JIRA (6.4.11#64026-sha1:78f6ec473a3f058bd5d6c30e9319c7ab376bdb9c) at Thu Dec 22 19:30:57 UTC 2016

It is possible to restrict the fields that are returned in this document by specifying the 'field' parameter in your request.
For example, to request only the issue key and summary add field=key&field=summary to the URL of your request.
For example:
https://jira.spring.io/si/jira.issueviews:issue-xml/SPR-611/SPR-611.xml?field=key&amp;field=summary
-->
<rss version="0.92" >
<channel>
    <title>Spring JIRA</title>
    <link>https://jira.spring.io</link>
    <description>This file is an XML representation of an issue</description>
    <language>en-uk</language>    <build-info>
        <version>6.4.11</version>
        <build-number>64026</build-number>
        <build-date>25-08-2015</build-date>
    </build-info>

<item>
            <title>[SPR-611] JRun 4 java.lang.NullPointerException</title>
                <link>https://jira.spring.io/browse/SPR-611</link>
                <project id="10000" key="SPR">Spring Framework</project>
                    <description>&lt;p&gt;Get this from Jrun4 console when using Spring 1.1.3&lt;/p&gt;

&lt;p&gt;java.lang.NullPointerException&lt;br/&gt;
	at jrun.servlet.http.WebEndpoint.getRemoteAddr(WebEndpoint.java:244)&lt;br/&gt;
	at javax.servlet.ServletRequestWrapper.getRemoteAddr(ServletRequestWrapper.java:305)&lt;br/&gt;
	at javax.servlet.ServletRequestWrapper.getRemoteAddr(ServletRequestWrapper.java:305)&lt;br/&gt;
	at org.springframework.web.servlet.FrameworkServlet.serviceWrapper(FrameworkServlet.java:371)&lt;br/&gt;
	at org.springframework.web.servlet.FrameworkServlet.doGet(FrameworkServlet.java:318)&lt;br/&gt;
	at javax.servlet.http.HttpServlet.service(HttpServlet.java:740)&lt;br/&gt;
	at javax.servlet.http.HttpServlet.service(HttpServlet.java:853)&lt;br/&gt;
	at jrun.servlet.FilterChain.doFilter(FilterChain.java:86)&lt;br/&gt;
	at com.spring.Filter.MessagesFilter.doFilter(MessagesFilter.java:35)&lt;br/&gt;
	at jrun.servlet.FilterChain.doFilter(FilterChain.java:94)&lt;br/&gt;
	at jrun.servlet.FilterChain.service(FilterChain.java:101)&lt;br/&gt;
	at jrun.servlet.ServletInvoker.invoke(ServletInvoker.java:106)&lt;br/&gt;
	at jrun.servlet.JRunInvokerChain.invokeNext(JRunInvokerChain.java:42)&lt;br/&gt;
	at jrun.servlet.JRunRequestDispatcher.invoke(JRunRequestDispatcher.java:241)&lt;br/&gt;
	at jrun.servlet.ServletEngineService.dispatch(ServletEngineService.java:527)&lt;br/&gt;
	at jrun.servlet.http.WebService.invokeRunnable(WebService.java:172)&lt;br/&gt;
	at jrunx.scheduler.ThreadPool$DownstreamMetrics.invokeRunnable(ThreadPool.java:348)&lt;br/&gt;
	at jrunx.scheduler.ThreadPool$ThreadThrottle.invokeRunnable(ThreadPool.java:451)&lt;br/&gt;
	at jrunx.scheduler.ThreadPool$UpstreamMetrics.invokeRunnable(ThreadPool.java:294)&lt;br/&gt;
	at jrunx.scheduler.WorkerThread.run(WorkerThread.java:66)&lt;/p&gt;</description>
            <key id="10966">SPR-611</key>
            <summary>JRun 4 java.lang.NullPointerException</summary>
                <type id="1" iconUrl="https://jira.spring.io/images/icons/issuetypes/bug.png">Bug</type>
                                            <priority id="3" iconUrl="https://jira.spring.io/images/icons/priorities/major.png">Major</priority>
                        <status id="6" iconUrl="https://jira.spring.io/images/icons/statuses/closed.png" description="The issue is considered finished, the resolution is correct. Issues which are not closed can be reopened.">Closed</status>
                    <statusCategory id="3" key="done" colorName="green"/>
                                    <resolution id="1">Fixed</resolution>
                                        <assignee username="juergen.hoeller">Juergen Hoeller</assignee>
                                    <reporter username="janani">Janani</reporter>
                        <labels>
                    </labels>
                <created>Tue, 11 Jan 2005 05:42:39 +0000</created>
                <updated>Sat, 15 Jan 2005 06:51:45 +0000</updated>
                            <resolved>Sat, 15 Jan 2005 06:51:45 +0000</resolved>
                                    <version>1.1.3</version>
                                    <fixVersion>1.1.4</fixVersion>
                                    <component>Web</component>
                        <due></due>
                            <votes>0</votes>
                                    <watches>0</watches>
                                                                <comments>
                            <comment id="11989" author="juergen.hoeller" created="Sat, 15 Jan 2005 06:51:45 +0000"  >&lt;p&gt;Actually, this is a bug in JRun, not in Spring - HttpServletRequest.getRemoteAddr() should always return a proper result and never fail with an internal NullPointerException...&lt;/p&gt;

&lt;p&gt;Nevertheless, there is an easy way to suppress this, as Spring just calls getRemoteAddr() when publishing RequestHandledEvents. I&apos;ve added a &quot;publishEvents&quot; init-param to FrameworkServlet, allowing to suppress the publishing of RequestHandledEvents.&lt;/p&gt;

&lt;p&gt;So adding the following to your DispatcherServlet definition in web.xml should work around that JRun bug, as of Spring 1.1.4:&lt;/p&gt;

&lt;p&gt;  &amp;lt;init-param&amp;gt;&lt;br/&gt;
    &amp;lt;param-name&amp;gt;publishEvents&amp;lt;/param-name&amp;gt;&lt;br/&gt;
    &amp;lt;param-value&amp;gt;false&amp;lt;/param-value&amp;gt;&lt;br/&gt;
  &amp;lt;/init-param&amp;gt;&lt;/p&gt;

&lt;p&gt;Juergen&lt;/p&gt;</comment>
                    </comments>
                    <attachments>
                    </attachments>
                <subtasks>
                    </subtasks>
                <customfields>
                                                <customfield id="customfield_10180" key="com.atlassian.jira.toolkit:dayslastcommented">
                        <customfieldname>Days since last comment</customfieldname>
                        <customfieldvalues>
                                        11 years, 50 weeks, 5 days ago
    
                        </customfieldvalues>
                    </customfield>
                                                                                            <customfield id="customfield_10170" key="com.atlassian.jira.ext.charting:firstresponsedate">
                        <customfieldname>First Response Date</customfieldname>
                        <customfieldvalues>
                            <customfieldvalue>Sat, 15 Jan 2005 06:51:45 +0000</customfieldvalue>

                        </customfieldvalues>
                    </customfield>
                                                                                            <customfield id="customfield_10181" key="com.atlassian.jira.toolkit:lastusercommented">
                        <customfieldname>Last commented by a User</customfieldname>
                        <customfieldvalues>
                            <customfieldvalue>false</customfieldvalue>
                        </customfieldvalues>
                    </customfield>
                                                                <customfield id="customfield_10182" key="com.atlassian.jira.toolkit:lastupdaterorcommenter">
                        <customfieldname>Last updater</customfieldname>
                        <customfieldvalues>
                            <customfieldvalue>tmarshall</customfieldvalue>

                        </customfieldvalues>
                    </customfield>
                                                                                            <customfield id="customfield_10880" key="com.pyxis.greenhopper.jira:gh-lexo-rank">
                        <customfieldname>Rank</customfieldname>
                        <customfieldvalues>
                            <customfieldvalue>0|i01auv:</customfieldvalue>

                        </customfieldvalues>
                    </customfield>
                                                                <customfield id="customfield_10380" key="com.pyxis.greenhopper.jira:gh-global-rank">
                        <customfieldname>Rank (Obsolete)</customfieldname>
                        <customfieldvalues>
                            <customfieldvalue>7636</customfieldvalue>
                        </customfieldvalues>
                    </customfield>
                                                                                                                                                    <customfield id="customfield_10171" key="com.atlassian.jira.ext.charting:timeinstatus">
                        <customfieldname>Time in Status</customfieldname>
                        <customfieldvalues>
                            
                        </customfieldvalues>
                    </customfield>
                                                                </customfields>
    </item>
</channel>
</rss>