<!-- 
RSS generated by JIRA (6.4.11#64026-sha1:78f6ec473a3f058bd5d6c30e9319c7ab376bdb9c) at Thu Dec 22 20:11:52 UTC 2016

It is possible to restrict the fields that are returned in this document by specifying the 'field' parameter in your request.
For example, to request only the issue key and summary add field=key&field=summary to the URL of your request.
For example:
https://jira.spring.io/si/jira.issueviews:issue-xml/SPR-5401/SPR-5401.xml?field=key&amp;field=summary
-->
<rss version="0.92" >
<channel>
    <title>Spring JIRA</title>
    <link>https://jira.spring.io</link>
    <description>This file is an XML representation of an issue</description>
    <language>en-uk</language>    <build-info>
        <version>6.4.11</version>
        <build-number>64026</build-number>
        <build-date>25-08-2015</build-date>
    </build-info>

<item>
            <title>[SPR-5401] AnnotationBeanConfigurerAspect is created as a singleton and cannot be shared across multiple contexts</title>
                <link>https://jira.spring.io/browse/SPR-5401</link>
                <project id="10000" key="SPR">Spring Framework</project>
                    <description>&lt;p&gt;Reported at:&lt;br/&gt;
&lt;a href=&quot;http://forum.springframework.org/showthread.php?t=59567&quot; class=&quot;external-link&quot; rel=&quot;nofollow&quot;&gt;http://forum.springframework.org/showthread.php?t=59567&lt;/a&gt;&lt;br/&gt;
&lt;a href=&quot;http://forum.springframework.org/showthread.php?t=65205&quot; class=&quot;external-link&quot; rel=&quot;nofollow&quot;&gt;http://forum.springframework.org/showthread.php?t=65205&lt;/a&gt;&lt;/p&gt;

&lt;p&gt;&quot;The aspect &quot;org.springframework.beans.factory.aspectj.Annotat ionBeanConfigurerAspect&quot; is instantiated only once as singleton. Spring calls the setter for the Beanfactory property of the Aspect for each ApplicationContext with &amp;lt;context:spring-configured&amp;gt; entry. The last one who gets initialized wins. The Beans from the others Contexts can&apos;t get initialized.&quot;&lt;/p&gt;</description>
            <key id="25289">SPR-5401</key>
            <summary>AnnotationBeanConfigurerAspect is created as a singleton and cannot be shared across multiple contexts</summary>
                <type id="3" iconUrl="https://jira.spring.io/images/icons/issuetypes/task.png">Task</type>
                                            <priority id="3" iconUrl="https://jira.spring.io/images/icons/priorities/major.png">Major</priority>
                        <status id="5" iconUrl="https://jira.spring.io/images/icons/statuses/resolved.png" description="A resolution has been taken, and it is awaiting verification by reporter. From here issues are either reopened, or are closed.">Resolved</status>
                    <statusCategory id="3" key="done" colorName="green"/>
                                    <resolution id="3">Duplicate</resolution>
                                        <assignee username="juergen.hoeller">Juergen Hoeller</assignee>
                                    <reporter username="costin">Costin Leau</reporter>
                        <labels>
                    </labels>
                <created>Wed, 7 Jan 2009 19:11:28 +0000</created>
                <updated>Sat, 8 Oct 2011 10:21:49 +0000</updated>
                            <resolved>Mon, 3 Aug 2009 02:54:48 +0000</resolved>
                                    <version>2.5.5</version>
                                                    <component>Core:AOP</component>
                        <due></due>
                            <votes>5</votes>
                                    <watches>7</watches>
                                                                <comments>
                            <comment id="42256" author="avatah" created="Mon, 26 Jan 2009 18:41:30 +0000"  >&lt;p&gt;It&apos;s a duplicate of &lt;a href=&quot;https://jira.spring.io/browse/SPR-5156&quot; title=&quot;Support use of @Configurable mechanism across multiple OSGi bundles&quot; class=&quot;issue-link&quot; data-issue-key=&quot;SPR-5156&quot;&gt;&lt;del&gt;SPR-5156&lt;/del&gt;&lt;/a&gt;. &lt;br/&gt;
Very important and needed feature.&lt;/p&gt;</comment>
                            <comment id="45440" author="iloncar" created="Sun, 12 Jul 2009 03:23:11 +0000"  >&lt;p&gt;I have tried to solve this issue.  You can see the results at &lt;a href=&quot;http://forum.springsource.org/showthread.php?p=250184#post250184&quot; class=&quot;external-link&quot; rel=&quot;nofollow&quot;&gt;http://forum.springsource.org/showthread.php?p=250184#post250184&lt;/a&gt;&lt;/p&gt;

&lt;p&gt;All kudos go to Martin Lippert for suggesting to take a look at ContextFinder.&lt;/p&gt;
</comment>
                    </comments>
                <issuelinks>
                            <issuelinktype id="10000">
                    <name>Duplicate</name>
                                            <outwardlinks description="duplicates">
                                        <issuelink>
            <issuekey id="23975">SPR-5156</issuekey>
        </issuelink>
                            </outwardlinks>
                                                                <inwardlinks description="is duplicated by">
                                        <issuelink>
            <issuekey id="23975">SPR-5156</issuekey>
        </issuelink>
                            </inwardlinks>
                                    </issuelinktype>
                    </issuelinks>
                <attachments>
                    </attachments>
                <subtasks>
                    </subtasks>
                <customfields>
                                                <customfield id="customfield_10180" key="com.atlassian.jira.toolkit:dayslastcommented">
                        <customfieldname>Days since last comment</customfieldname>
                        <customfieldvalues>
                                        7 years, 24 weeks, 4 days ago
    
                        </customfieldvalues>
                    </customfield>
                                                                                            <customfield id="customfield_10170" key="com.atlassian.jira.ext.charting:firstresponsedate">
                        <customfieldname>First Response Date</customfieldname>
                        <customfieldvalues>
                            <customfieldvalue>Mon, 26 Jan 2009 18:41:30 +0000</customfieldvalue>

                        </customfieldvalues>
                    </customfield>
                                                                                            <customfield id="customfield_10181" key="com.atlassian.jira.toolkit:lastusercommented">
                        <customfieldname>Last commented by a User</customfieldname>
                        <customfieldvalues>
                            <customfieldvalue>true</customfieldvalue>
                        </customfieldvalues>
                    </customfield>
                                                                <customfield id="customfield_10182" key="com.atlassian.jira.toolkit:lastupdaterorcommenter">
                        <customfieldname>Last updater</customfieldname>
                        <customfieldvalues>
                            <customfieldvalue>tmarshall</customfieldvalue>

                        </customfieldvalues>
                    </customfield>
                                                                                            <customfield id="customfield_10880" key="com.pyxis.greenhopper.jira:gh-lexo-rank">
                        <customfieldname>Rank</customfieldname>
                        <customfieldvalues>
                            <customfieldvalue>0|i0324f:</customfieldvalue>

                        </customfieldvalues>
                    </customfield>
                                                                <customfield id="customfield_10380" key="com.pyxis.greenhopper.jira:gh-global-rank">
                        <customfieldname>Rank (Obsolete)</customfieldname>
                        <customfieldvalues>
                            <customfieldvalue>17886</customfieldvalue>
                        </customfieldvalues>
                    </customfield>
                                                                                                                                                    <customfield id="customfield_10171" key="com.atlassian.jira.ext.charting:timeinstatus">
                        <customfieldname>Time in Status</customfieldname>
                        <customfieldvalues>
                            
                        </customfieldvalues>
                    </customfield>
                                                                </customfields>
    </item>
</channel>
</rss>