<!-- 
RSS generated by JIRA (6.4.11#64026-sha1:78f6ec473a3f058bd5d6c30e9319c7ab376bdb9c) at Thu Dec 22 17:59:42 UTC 2016

It is possible to restrict the fields that are returned in this document by specifying the 'field' parameter in your request.
For example, to request only the issue key and summary add field=key&field=summary to the URL of your request.
For example:
https://jira.spring.io/si/jira.issueviews:issue-xml/SPR-561/SPR-561.xml?field=key&amp;field=summary
-->
<rss version="0.92" >
<channel>
    <title>Spring JIRA</title>
    <link>https://jira.spring.io</link>
    <description>This file is an XML representation of an issue</description>
    <language>en-uk</language>    <build-info>
        <version>6.4.11</version>
        <build-number>64026</build-number>
        <build-date>25-08-2015</build-date>
    </build-info>

<item>
            <title>[SPR-561] Oracle SQLException during jdbcTemplate.queryForList with null values</title>
                <link>https://jira.spring.io/browse/SPR-561</link>
                <project id="10000" key="SPR">Spring Framework</project>
                    <description>&lt;p&gt;When calling jdbcTemplate.queryForList(query, args[]) on oracle, an exception will be thrown if one of the args is a null object.&lt;/p&gt;

&lt;p&gt;The following exception will be raised:&lt;/p&gt;

&lt;p&gt;java.sql.SQLException: Invalid column type&lt;/p&gt;


&lt;p&gt;Oracle expects a setNull to be used rather than setString(null)&lt;/p&gt;

&lt;p&gt;This seems to be a similar bug to &lt;a href=&quot;https://jira.spring.io/browse/SPR-50&quot; title=&quot;Oracle CallableStatment.setNull(...)  requires to set TypeName&quot; class=&quot;issue-link&quot; data-issue-key=&quot;SPR-50&quot;&gt;&lt;del&gt;SPR-50&lt;/del&gt;&lt;/a&gt;&lt;/p&gt;

&lt;p&gt;&lt;a href=&quot;http://opensource.atlassian.com/projects/spring/browse/SPR-50?page=history&quot; class=&quot;external-link&quot; rel=&quot;nofollow&quot;&gt;http://opensource.atlassian.com/projects/spring/browse/SPR-50?page=history&lt;/a&gt;&lt;/p&gt;


&lt;p&gt;That was already fixed for callable statements and oracle&lt;/p&gt;</description>
            <key id="10884">SPR-561</key>
            <summary>Oracle SQLException during jdbcTemplate.queryForList with null values</summary>
                <type id="1" iconUrl="https://jira.spring.io/images/icons/issuetypes/bug.png">Bug</type>
                                            <priority id="3" iconUrl="https://jira.spring.io/images/icons/priorities/major.png">Major</priority>
                        <status id="6" iconUrl="https://jira.spring.io/images/icons/statuses/closed.png" description="The issue is considered finished, the resolution is correct. Issues which are not closed can be reopened.">Closed</status>
                    <statusCategory id="3" key="done" colorName="green"/>
                                    <resolution id="1">Fixed</resolution>
                                        <assignee username="juergen.hoeller">Juergen Hoeller</assignee>
                                    <reporter username="jshomphe">Joe Shomphe</reporter>
                        <labels>
                    </labels>
                <created>Thu, 16 Dec 2004 02:17:11 +0000</created>
                <updated>Sun, 19 Dec 2004 03:41:55 +0000</updated>
                            <resolved>Sun, 19 Dec 2004 03:41:55 +0000</resolved>
                                    <version>1.1.1</version>
                    <version>1.1.2</version>
                                    <fixVersion>1.1.4</fixVersion>
                                    <component>Data</component>
                        <due></due>
                            <votes>0</votes>
                                    <watches>0</watches>
                                                                <comments>
                            <comment id="11794" author="jshomphe" created="Thu, 16 Dec 2004 05:56:02 +0000"  >&lt;p&gt;Here is a full stack trace:&lt;/p&gt;

&lt;p&gt;org.springframework.jdbc.UncategorizedSQLException: (executing PreparedStatementCallback &lt;span class=&quot;error&quot;&gt;&amp;#91;org.springframework.jdbc.core.JdbcTemplate$SimplePreparedStatementCreator@2e533a&amp;#93;&lt;/span&gt;): encountered SQLException &lt;span class=&quot;error&quot;&gt;&amp;#91;Invalid column type&amp;#93;&lt;/span&gt;; nested exception is java.sql.SQLException: Invalid column type&lt;br/&gt;
java.sql.SQLException: Invalid column type&lt;/p&gt;</comment>
                            <comment id="11810" author="juergen.hoeller" created="Sun, 19 Dec 2004 03:41:55 +0000"  >&lt;p&gt;The only way around this is to specify the SQL type of the NULL value. Up to Spring 1.1.3, you need to use the query version with a custom PreparedStatementSetter for this.&lt;/p&gt;

&lt;p&gt;As a convenience, I&apos;ve just added overloaded &quot;queryForList&quot;/&quot;queryForObject&quot;/&quot;queryForLong&quot;/&quot;queryForInt&quot; methods with an arg types int array, analogous to what we already had for &quot;update&quot;.&lt;/p&gt;

&lt;p&gt;Feel free to give a nightly snapshot a try!&lt;/p&gt;

&lt;p&gt;Juergen&lt;/p&gt;</comment>
                    </comments>
                    <attachments>
                    </attachments>
                <subtasks>
                    </subtasks>
                <customfields>
                                                <customfield id="customfield_10180" key="com.atlassian.jira.toolkit:dayslastcommented">
                        <customfieldname>Days since last comment</customfieldname>
                        <customfieldvalues>
                                        12 years, 2 weeks, 4 days ago
    
                        </customfieldvalues>
                    </customfield>
                                                                                            <customfield id="customfield_10170" key="com.atlassian.jira.ext.charting:firstresponsedate">
                        <customfieldname>First Response Date</customfieldname>
                        <customfieldvalues>
                            <customfieldvalue>Sun, 19 Dec 2004 03:41:55 +0000</customfieldvalue>

                        </customfieldvalues>
                    </customfield>
                                                                                            <customfield id="customfield_10181" key="com.atlassian.jira.toolkit:lastusercommented">
                        <customfieldname>Last commented by a User</customfieldname>
                        <customfieldvalues>
                            <customfieldvalue>false</customfieldvalue>
                        </customfieldvalues>
                    </customfield>
                                                                <customfield id="customfield_10182" key="com.atlassian.jira.toolkit:lastupdaterorcommenter">
                        <customfieldname>Last updater</customfieldname>
                        <customfieldvalues>
                            <customfieldvalue>tmarshall</customfieldvalue>

                        </customfieldvalues>
                    </customfield>
                                                                                            <customfield id="customfield_10880" key="com.pyxis.greenhopper.jira:gh-lexo-rank">
                        <customfieldname>Rank</customfieldname>
                        <customfieldvalues>
                            <customfieldvalue>0|i01flj:</customfieldvalue>

                        </customfieldvalues>
                    </customfield>
                                                                <customfield id="customfield_10380" key="com.pyxis.greenhopper.jira:gh-global-rank">
                        <customfieldname>Rank (Obsolete)</customfieldname>
                        <customfieldvalues>
                            <customfieldvalue>8404</customfieldvalue>
                        </customfieldvalues>
                    </customfield>
                                                                                                                                                    <customfield id="customfield_10171" key="com.atlassian.jira.ext.charting:timeinstatus">
                        <customfieldname>Time in Status</customfieldname>
                        <customfieldvalues>
                            
                        </customfieldvalues>
                    </customfield>
                                                                </customfields>
    </item>
</channel>
</rss>