<!-- 
RSS generated by JIRA (6.4.11#64026-sha1:78f6ec473a3f058bd5d6c30e9319c7ab376bdb9c) at Thu Dec 22 19:20:18 UTC 2016

It is possible to restrict the fields that are returned in this document by specifying the 'field' parameter in your request.
For example, to request only the issue key and summary add field=key&field=summary to the URL of your request.
For example:
https://jira.spring.io/si/jira.issueviews:issue-xml/SPR-2797/SPR-2797.xml?field=key&amp;field=summary
-->
<rss version="0.92" >
<channel>
    <title>Spring JIRA</title>
    <link>https://jira.spring.io</link>
    <description>This file is an XML representation of an issue</description>
    <language>en-uk</language>    <build-info>
        <version>6.4.11</version>
        <build-number>64026</build-number>
        <build-date>25-08-2015</build-date>
    </build-info>

<item>
            <title>[SPR-2797] ExpressionEvaluationUtils falls back to Jakarta JSTL if JSP 2.0 ExpressionEvaluator API present but not implemented -- needs further improvement</title>
                <link>https://jira.spring.io/browse/SPR-2797</link>
                <project id="10000" key="SPR">Spring Framework</project>
                    <description>&lt;p&gt;This was reported in Spirn 2.0 changelog:  &quot;ExpressionEvaluationUtils falls back to Jakarta JSTL if JSP 2.0 ExpressionEvaluator API present but not implemented.&quot; However, issue still appears when application runs under WebSphere 6.1 (IBM JVM). The decision to use fallback is based on NoSuchMethodError exception (see ExpressionEvaluationUtils):&lt;/p&gt;

&lt;p&gt;			catch (NoSuchMethodError err) &lt;/p&gt;
{
				logger.debug(&quot;JSP 2.0 ExpressionEvaluator API present but not implemented - using fallback&quot;);
				setFallbackNecessary();
				return this.fallback.evaluate(attrName, attrValue, resultClass, pageContext);
			}&lt;br/&gt;
However, when running under IBM JVM on WebSphere 6.1, it throws AbstractMethodError. The following code fixes the problem:&lt;br/&gt;
&lt;br/&gt;
			catch (NoSuchMethodError err) {				logger.debug(&quot;JSP 2.0 ExpressionEvaluator API present but not implemented - using fallback&quot;);				setFallbackNecessary();				return this.fallback.evaluate(attrName, attrValue, resultClass, pageContext);			}
&lt;p&gt;			catch (java.lang.AbstractMethodError err) &lt;/p&gt;
{
				logger.debug(&quot;JSP 2.0 (AbstractMethodError) ExpressionEvaluator API present but not implemented - using fallback&quot;);
				setFallbackNecessary();
				return this.fallback.evaluate(attrName, attrValue, resultClass, pageContext);
			}

&lt;p&gt;Any other preciser detection that fallback is required will solve the problem as well. Thanks.&lt;/p&gt;</description>
            <key id="15405">SPR-2797</key>
            <summary>ExpressionEvaluationUtils falls back to Jakarta JSTL if JSP 2.0 ExpressionEvaluator API present but not implemented -- needs further improvement</summary>
                <type id="1" iconUrl="https://jira.spring.io/images/icons/issuetypes/bug.png">Bug</type>
                                            <priority id="3" iconUrl="https://jira.spring.io/images/icons/priorities/major.png">Major</priority>
                        <status id="6" iconUrl="https://jira.spring.io/images/icons/statuses/closed.png" description="The issue is considered finished, the resolution is correct. Issues which are not closed can be reopened.">Closed</status>
                    <statusCategory id="3" key="done" colorName="green"/>
                                    <resolution id="1">Fixed</resolution>
                                        <assignee username="juergen.hoeller">Juergen Hoeller</assignee>
                                    <reporter username="itsenter">Igor Tsenter</reporter>
                        <labels>
                    </labels>
                <created>Fri, 3 Nov 2006 00:54:46 +0000</created>
                <updated>Tue, 19 Jun 2012 03:50:26 +0000</updated>
                            <resolved>Fri, 3 Nov 2006 07:08:14 +0000</resolved>
                                    <version>2.0 final</version>
                    <version>2.0.1</version>
                    <version>1.2.9</version>
                                    <fixVersion>2.0.1</fixVersion>
                                    <component>Core</component>
                        <due></due>
                            <votes>0</votes>
                                    <watches>0</watches>
                                                                <comments>
                            <comment id="20631" author="juergen.hoeller" created="Fri, 3 Nov 2006 07:08:14 +0000"  >&lt;p&gt;Thanks for pointing this out! We&apos;re catching any LinkageError there now, which catches NoSuchMethodError and AbstractMethodError among others.&lt;/p&gt;

&lt;p&gt;Juergen&lt;/p&gt;</comment>
                    </comments>
                    <attachments>
                    </attachments>
                <subtasks>
                    </subtasks>
                <customfields>
                                                <customfield id="customfield_10180" key="com.atlassian.jira.toolkit:dayslastcommented">
                        <customfieldname>Days since last comment</customfieldname>
                        <customfieldvalues>
                                        10 years, 8 weeks, 6 days ago
    
                        </customfieldvalues>
                    </customfield>
                                                                                            <customfield id="customfield_10170" key="com.atlassian.jira.ext.charting:firstresponsedate">
                        <customfieldname>First Response Date</customfieldname>
                        <customfieldvalues>
                            <customfieldvalue>Fri, 3 Nov 2006 07:08:14 +0000</customfieldvalue>

                        </customfieldvalues>
                    </customfield>
                                                                                            <customfield id="customfield_10181" key="com.atlassian.jira.toolkit:lastusercommented">
                        <customfieldname>Last commented by a User</customfieldname>
                        <customfieldvalues>
                            <customfieldvalue>false</customfieldvalue>
                        </customfieldvalues>
                    </customfield>
                                                                <customfield id="customfield_10182" key="com.atlassian.jira.toolkit:lastupdaterorcommenter">
                        <customfieldname>Last updater</customfieldname>
                        <customfieldvalues>
                            <customfieldvalue>tmarshall</customfieldvalue>

                        </customfieldvalues>
                    </customfield>
                                                                                            <customfield id="customfield_10880" key="com.pyxis.greenhopper.jira:gh-lexo-rank">
                        <customfieldname>Rank</customfieldname>
                        <customfieldvalues>
                            <customfieldvalue>0|i00vcv:</customfieldvalue>

                        </customfieldvalues>
                    </customfield>
                                                                <customfield id="customfield_10380" key="com.pyxis.greenhopper.jira:gh-global-rank">
                        <customfieldname>Rank (Obsolete)</customfieldname>
                        <customfieldvalues>
                            <customfieldvalue>5125</customfieldvalue>
                        </customfieldvalues>
                    </customfield>
                                                                                                                                                    <customfield id="customfield_10171" key="com.atlassian.jira.ext.charting:timeinstatus">
                        <customfieldname>Time in Status</customfieldname>
                        <customfieldvalues>
                            
                        </customfieldvalues>
                    </customfield>
                                                                </customfields>
    </item>
</channel>
</rss>