<!-- 
RSS generated by JIRA (6.4.11#64026-sha1:78f6ec473a3f058bd5d6c30e9319c7ab376bdb9c) at Thu Dec 22 18:38:18 UTC 2016

It is possible to restrict the fields that are returned in this document by specifying the 'field' parameter in your request.
For example, to request only the issue key and summary add field=key&field=summary to the URL of your request.
For example:
https://jira.spring.io/si/jira.issueviews:issue-xml/SPR-228/SPR-228.xml?field=key&amp;field=summary
-->
<rss version="0.92" >
<channel>
    <title>Spring JIRA</title>
    <link>https://jira.spring.io</link>
    <description>This file is an XML representation of an issue</description>
    <language>en-uk</language>    <build-info>
        <version>6.4.11</version>
        <build-number>64026</build-number>
        <build-date>25-08-2015</build-date>
    </build-info>

<item>
            <title>[SPR-228] Can&apos;t build Spring with Ant 1.6.2 and JDK 1.5</title>
                <link>https://jira.spring.io/browse/SPR-228</link>
                <project id="10000" key="SPR">Spring Framework</project>
                    <description>&lt;p&gt;By default when using the &quot;javac&quot; ant task, if the &quot;source&quot; attribute is not specified, the one of the current JVM is used. This causes some problems with JDK 1.5.&lt;/p&gt;</description>
            <key id="10425">SPR-228</key>
            <summary>Can&apos;t build Spring with Ant 1.6.2 and JDK 1.5</summary>
                <type id="1" iconUrl="https://jira.spring.io/images/icons/issuetypes/bug.png">Bug</type>
                                            <priority id="4" iconUrl="https://jira.spring.io/images/icons/priorities/minor.png">Minor</priority>
                        <status id="6" iconUrl="https://jira.spring.io/images/icons/statuses/closed.png" description="The issue is considered finished, the resolution is correct. Issues which are not closed can be reopened.">Closed</status>
                    <statusCategory id="3" key="done" colorName="green"/>
                                    <resolution id="1">Fixed</resolution>
                                        <assignee username="juergen.hoeller">Juergen Hoeller</assignee>
                                    <reporter username="jeje">J&#233;r&#244;me BERNARD</reporter>
                        <labels>
                    </labels>
                <created>Tue, 20 Jul 2004 05:41:21 +0000</created>
                <updated>Fri, 23 Jul 2004 00:22:51 +0000</updated>
                            <resolved>Fri, 23 Jul 2004 00:22:51 +0000</resolved>
                                    <version>1.1 RC1</version>
                                    <fixVersion>1.1 RC1</fixVersion>
                                        <due></due>
                            <votes>0</votes>
                                    <watches>1</watches>
                                                                <comments>
                            <comment id="10652" author="jeje" created="Tue, 20 Jul 2004 05:42:14 +0000"  >&lt;p&gt;Added a patch that fixes this issue. Mainly specified the &quot;source&quot; attribute on all &quot;javac&quot; tasks to &quot;1.3&quot; (like the &quot;target&quot; attribute).&lt;/p&gt;</comment>
                            <comment id="10653" author="jeje" created="Tue, 20 Jul 2004 06:03:49 +0000"  >&lt;p&gt;I forgot to update the &quot;javadoc&quot; task too. Add a &quot;source&quot; attribute set to &quot;1.3&quot; in the &quot;javadoc&quot; task after applying the patch. Sorry &lt;img class=&quot;emoticon&quot; src=&quot;https://jira.spring.io/images/icons/emoticons/sad.png&quot; height=&quot;16&quot; width=&quot;16&quot; align=&quot;absmiddle&quot; alt=&quot;&quot; border=&quot;0&quot;/&gt;&lt;/p&gt;</comment>
                            <comment id="10671" author="juergen.hoeller" created="Fri, 23 Jul 2004 00:22:51 +0000"  >&lt;p&gt;Applied: specifying -source 1.3 wherever necessary now, to allow building with JDK 1.5.&lt;/p&gt;

&lt;p&gt;Juergen&lt;/p&gt;</comment>
                    </comments>
                    <attachments>
                            <attachment id="10153" name="build-jdk15.patch" size="1478" author="jeje" created="Tue, 20 Jul 2004 05:42:14 +0000"/>
                    </attachments>
                <subtasks>
                    </subtasks>
                <customfields>
                                                <customfield id="customfield_10180" key="com.atlassian.jira.toolkit:dayslastcommented">
                        <customfieldname>Days since last comment</customfieldname>
                        <customfieldvalues>
                                        12 years, 23 weeks, 6 days ago
    
                        </customfieldvalues>
                    </customfield>
                                                                                            <customfield id="customfield_10170" key="com.atlassian.jira.ext.charting:firstresponsedate">
                        <customfieldname>First Response Date</customfieldname>
                        <customfieldvalues>
                            <customfieldvalue>Fri, 23 Jul 2004 00:22:51 +0000</customfieldvalue>

                        </customfieldvalues>
                    </customfield>
                                                                                            <customfield id="customfield_10181" key="com.atlassian.jira.toolkit:lastusercommented">
                        <customfieldname>Last commented by a User</customfieldname>
                        <customfieldvalues>
                            <customfieldvalue>false</customfieldvalue>
                        </customfieldvalues>
                    </customfield>
                                                                <customfield id="customfield_10182" key="com.atlassian.jira.toolkit:lastupdaterorcommenter">
                        <customfieldname>Last updater</customfieldname>
                        <customfieldvalues>
                            <customfieldvalue>tmarshall</customfieldvalue>

                        </customfieldvalues>
                    </customfield>
                                                                                            <customfield id="customfield_10880" key="com.pyxis.greenhopper.jira:gh-lexo-rank">
                        <customfieldname>Rank</customfieldname>
                        <customfieldvalues>
                            <customfieldvalue>0|i04ye7:</customfieldvalue>

                        </customfieldvalues>
                    </customfield>
                                                                <customfield id="customfield_10380" key="com.pyxis.greenhopper.jira:gh-global-rank">
                        <customfieldname>Rank (Obsolete)</customfieldname>
                        <customfieldvalues>
                            <customfieldvalue>28946</customfieldvalue>
                        </customfieldvalues>
                    </customfield>
                                                                                                                                                    <customfield id="customfield_10171" key="com.atlassian.jira.ext.charting:timeinstatus">
                        <customfieldname>Time in Status</customfieldname>
                        <customfieldvalues>
                            
                        </customfieldvalues>
                    </customfield>
                                                                </customfields>
    </item>
</channel>
</rss>