<!-- 
RSS generated by JIRA (6.4.11#64026-sha1:78f6ec473a3f058bd5d6c30e9319c7ab376bdb9c) at Thu Dec 22 21:39:50 UTC 2016

It is possible to restrict the fields that are returned in this document by specifying the 'field' parameter in your request.
For example, to request only the issue key and summary add field=key&field=summary to the URL of your request.
For example:
https://jira.spring.io/si/jira.issueviews:issue-xml/SPR-14940/SPR-14940.xml?field=key&amp;field=summary
-->
<rss version="0.92" >
<channel>
    <title>Spring JIRA</title>
    <link>https://jira.spring.io</link>
    <description>This file is an XML representation of an issue</description>
    <language>en-uk</language>    <build-info>
        <version>6.4.11</version>
        <build-number>64026</build-number>
        <build-date>25-08-2015</build-date>
    </build-info>

<item>
            <title>[SPR-14940] Support for Jetty 9.4 (and 9.3.15+)</title>
                <link>https://jira.spring.io/browse/SPR-14940</link>
                <project id="10000" key="SPR">Spring Framework</project>
                    <description>&lt;p&gt;While Jetty 9.4 RC1 worked fine, RC2 seems to have broken HEAD handling (closing the HTTP connection too early for HEAD requests) which makes our &lt;tt&gt;AsyncRestTemplateIntegrationTests&lt;/tt&gt; fail.&lt;/p&gt;

&lt;p&gt;More importantly, Jetty 9.4 RC3 breaks our &lt;tt&gt;JettyRequestUpgradeStrategy&lt;/tt&gt; now which turns this ticket into more than just a compatibility target. The underlying &lt;tt&gt;WebSocketServerFactory&lt;/tt&gt; configuration changes seem to have been backported to Jetty 9.3.15 (even if not released yet), so we have to immediately backport them to Spring Framework 4.3.5 as well. That aside, we want Spring Framework 4.3.x to be compatible with Jetty 9.4 going forward in any case.&lt;/p&gt;

&lt;p&gt;Due to those &lt;tt&gt;WebSocketServerFactory&lt;/tt&gt; changes, we are technically unable to support WebSockets on Jetty 9.0.x any longer (but that branch got phased out in 2013 already). &lt;b&gt;The support range is Jetty 9.1+ for Spring Framework 4.3.5+ now, and remains at Jetty 9.3+ for Spring Framework 5.0.&lt;/b&gt;&lt;/p&gt;</description>
            <key id="70580">SPR-14940</key>
            <summary>Support for Jetty 9.4 (and 9.3.15+)</summary>
                <type id="4" iconUrl="https://jira.spring.io/images/icons/issuetypes/improvement.png">Improvement</type>
                                            <priority id="3" iconUrl="https://jira.spring.io/images/icons/priorities/major.png">Major</priority>
                        <status id="6" iconUrl="https://jira.spring.io/images/icons/statuses/closed.png" description="The issue is considered finished, the resolution is correct. Issues which are not closed can be reopened.">Closed</status>
                    <statusCategory id="3" key="done" colorName="green"/>
                                    <resolution id="8">Complete</resolution>
                                        <assignee username="bclozel">Brian Clozel</assignee>
                                    <reporter username="juergen.hoeller">Juergen Hoeller</reporter>
                        <labels>
                    </labels>
                <created>Wed, 23 Nov 2016 19:37:56 +0000</created>
                <updated>Wed, 21 Dec 2016 11:54:10 +0000</updated>
                            <resolved>Fri, 9 Dec 2016 15:09:32 +0000</resolved>
                                                    <fixVersion>4.3.5</fixVersion>
                    <fixVersion>5.0 M4</fixVersion>
                                    <component>Messaging:WebSocket</component>
                    <component>Web</component>
                        <due></due>
                            <votes>0</votes>
                                    <watches>4</watches>
                                                                <comments>
                            <comment id="133923" author="juergen.hoeller" created="Tue, 6 Dec 2016 15:05:28 +0000"  >&lt;p&gt;&lt;a href=&quot;https://jira.spring.io/secure/ViewProfile.jspa?name=bclozel&quot; class=&quot;user-hover&quot; rel=&quot;bclozel&quot;&gt;Brian Clozel&lt;/a&gt;, since Jetty 9.4 RC3 is out now and still seems to have broken HEAD handling with &lt;tt&gt;AsyncRestTemplate&lt;/tt&gt;, could you have a look at this one please and potentially create a bug report for the Jetty guys?&lt;/p&gt;

&lt;p&gt;On a related note, we also have &lt;a href=&quot;https://jira.spring.io/browse/SPR-14860&quot; title=&quot;RestTemplate POST and PUT don&amp;#39;t work with Netty4ClientHttpRequestFactory&quot; class=&quot;issue-link&quot; data-issue-key=&quot;SPR-14860&quot;&gt;&lt;del&gt;SPR-14860&lt;/del&gt;&lt;/a&gt; where POST and PUT don&apos;t work with &lt;tt&gt;Netty4ClientHttpRequestFactory&lt;/tt&gt;.&lt;/p&gt;</comment>
                            <comment id="133934" author="bclozel" created="Wed, 7 Dec 2016 09:41:40 +0000"  >&lt;p&gt;&lt;a href=&quot;https://jira.spring.io/secure/ViewProfile.jspa?name=juergen.hoeller&quot; class=&quot;user-hover&quot; rel=&quot;juergen.hoeller&quot;&gt;Juergen Hoeller&lt;/a&gt;&lt;br/&gt;
I&apos;m in the process of updating master to RC3; no problem with our client tests since in the meantime I updated them to use mockwebserver (we&apos;re already using this for the reactive client). I&apos;ll try to reproduce the issue anyway and see report it if necessary.&lt;/p&gt;

&lt;p&gt;RC3 introduced a compatibility issue with our websocket support, I&apos;m working on it.&lt;/p&gt;</comment>
                            <comment id="133936" author="juergen.hoeller" created="Wed, 7 Dec 2016 09:57:23 +0000"  >&lt;p&gt;Alright, let&apos;s see whether that HEAD issue shows up in other tests. It always reported &quot;connection closed&quot; before us being able to parse the HTTP response there, with &lt;tt&gt;AsyncRestTemplate&lt;/tt&gt; at least.&lt;/p&gt;

&lt;p&gt;As for the 4.3.x branch, indeed, let&apos;s leave that on the Jetty 9.3 line. I&apos;ve only marked this issue for 4.3.5 for potential Jetty 9.4 compatiblity fixes which we should backport, if any. Otherwise it&apos;s just a statement that we tested runtime compatibility with Jetty 9.4 in general and are happy to support its use with Spring Framework 4.3.5+ as well.&lt;/p&gt;</comment>
                            <comment id="133939" author="juergen.hoeller" created="Wed, 7 Dec 2016 11:26:32 +0000"  >&lt;p&gt;Ouch, so they broke &lt;tt&gt;WebSocketServerFactory&lt;/tt&gt;&apos;s initialization signatures... again &lt;img class=&quot;emoticon&quot; src=&quot;https://jira.spring.io/images/icons/emoticons/sad.png&quot; height=&quot;16&quot; width=&quot;16&quot; align=&quot;absmiddle&quot; alt=&quot;&quot; border=&quot;0&quot;/&gt; We&apos;ve had to adapt between Jetty 9.0 vs 9.3 there already when the init method started taking a &lt;tt&gt;ServletContext&lt;/tt&gt;, and now it seems to be the constructor taking it instead.&lt;/p&gt;

&lt;p&gt;So this is not just a compatibility ticket anymore but rather an actual support ticket like &lt;a href=&quot;https://jira.spring.io/browse/SPR-13140&quot; title=&quot;Support for Jetty 9.3&quot; class=&quot;issue-link&quot; data-issue-key=&quot;SPR-13140&quot;&gt;&lt;del&gt;SPR-13140&lt;/del&gt;&lt;/a&gt; was for Jetty 9.3.&lt;/p&gt;</comment>
                            <comment id="133940" author="bclozel" created="Wed, 7 Dec 2016 11:30:35 +0000"  >&lt;p&gt;This change has been backported on their 9.3 branch as well, so we should backport our adaptation on 4.3.x as well.&lt;br/&gt;
In the meantime, a new version has been released &lt;tt&gt;&quot;9.3.14.v20161028&quot;&lt;/tt&gt; but does not contain those changes.&lt;/p&gt;</comment>
                            <comment id="134000" author="bclozel" created="Thu, 8 Dec 2016 21:15:38 +0000"  >&lt;p&gt;Just committed some changes - I&apos;ll close the issue when Jetty 9.4 will hit maven central so we can get proper releases as dependencies.&lt;/p&gt;</comment>
                    </comments>
                <issuelinks>
                            <issuelinktype id="10000">
                    <name>Duplicate</name>
                                                                <inwardlinks description="is duplicated by">
                                        <issuelink>
            <issuekey id="70865">SPR-15027</issuekey>
        </issuelink>
                            </inwardlinks>
                                    </issuelinktype>
                            <issuelinktype id="10151">
                    <name>Relate</name>
                                            <outwardlinks description="relates to">
                                        <issuelink>
            <issuekey id="70300">SPR-14860</issuekey>
        </issuelink>
            <issuelink>
            <issuekey id="67732">SPR-13965</issuekey>
        </issuelink>
            <issuelink>
            <issuekey id="68812">SPR-14328</issuekey>
        </issuelink>
            <issuelink>
            <issuekey id="64327">SPR-13140</issuekey>
        </issuelink>
                            </outwardlinks>
                                                                <inwardlinks description="is related to">
                                        <issuelink>
            <issuekey id="70533">SPR-14925</issuekey>
        </issuelink>
            <issuelink>
            <issuekey id="70895">SPR-15038</issuekey>
        </issuelink>
                            </inwardlinks>
                                    </issuelinktype>
                    </issuelinks>
                <attachments>
                    </attachments>
                <subtasks>
                    </subtasks>
                <customfields>
                                                <customfield id="customfield_10180" key="com.atlassian.jira.toolkit:dayslastcommented">
                        <customfieldname>Days since last comment</customfieldname>
                        <customfieldvalues>
                                        2 weeks ago
    
                        </customfieldvalues>
                    </customfield>
                                                                                            <customfield id="customfield_10170" key="com.atlassian.jira.ext.charting:firstresponsedate">
                        <customfieldname>First Response Date</customfieldname>
                        <customfieldvalues>
                            <customfieldvalue>Wed, 7 Dec 2016 09:41:40 +0000</customfieldvalue>

                        </customfieldvalues>
                    </customfield>
                                                                                            <customfield id="customfield_10181" key="com.atlassian.jira.toolkit:lastusercommented">
                        <customfieldname>Last commented by a User</customfieldname>
                        <customfieldvalues>
                            <customfieldvalue>false</customfieldvalue>
                        </customfieldvalues>
                    </customfield>
                                                                <customfield id="customfield_10182" key="com.atlassian.jira.toolkit:lastupdaterorcommenter">
                        <customfieldname>Last updater</customfieldname>
                        <customfieldvalues>
                            <customfieldvalue>snicoll</customfieldvalue>

                        </customfieldvalues>
                    </customfield>
                                                                                            <customfield id="customfield_10880" key="com.pyxis.greenhopper.jira:gh-lexo-rank">
                        <customfieldname>Rank</customfieldname>
                        <customfieldvalues>
                            <customfieldvalue>0|i09k3b:</customfieldvalue>

                        </customfieldvalues>
                    </customfield>
                                                                <customfield id="customfield_10380" key="com.pyxis.greenhopper.jira:gh-global-rank">
                        <customfieldname>Rank (Obsolete)</customfieldname>
                        <customfieldvalues>
                            <customfieldvalue>9223372036854775807</customfieldvalue>
                        </customfieldvalues>
                    </customfield>
                                                                                                                                                    <customfield id="customfield_10171" key="com.atlassian.jira.ext.charting:timeinstatus">
                        <customfieldname>Time in Status</customfieldname>
                        <customfieldvalues>
                            
                        </customfieldvalues>
                    </customfield>
                                                                </customfields>
    </item>
</channel>
</rss>