<!-- 
RSS generated by JIRA (6.4.11#64026-sha1:78f6ec473a3f058bd5d6c30e9319c7ab376bdb9c) at Thu Dec 22 20:11:37 UTC 2016

It is possible to restrict the fields that are returned in this document by specifying the 'field' parameter in your request.
For example, to request only the issue key and summary add field=key&field=summary to the URL of your request.
For example:
https://jira.spring.io/si/jira.issueviews:issue-xml/SPR-5564/SPR-5564.xml?field=key&amp;field=summary
-->
<rss version="0.92" >
<channel>
    <title>Spring JIRA</title>
    <link>https://jira.spring.io</link>
    <description>This file is an XML representation of an issue</description>
    <language>en-uk</language>    <build-info>
        <version>6.4.11</version>
        <build-number>64026</build-number>
        <build-date>25-08-2015</build-date>
    </build-info>

<item>
            <title>[SPR-5564] Exception while migrating from Sunserver 8.1 to 9.1</title>
                <link>https://jira.spring.io/browse/SPR-5564</link>
                <project id="10000" key="SPR">Spring Framework</project>
                    <description>&lt;p&gt;Hello,&lt;/p&gt;

&lt;p&gt;I have an existing application usign spring version 1.2.6 deployed and perfectly working on on Sun server 8.1.&lt;br/&gt;
When I am trying to deploy the same applciation on Sunserver 9.1, I am getting the below exception:&lt;/p&gt;

&lt;p&gt;sun-appserver9.1|javax.enterprise.system.stream.out|_ThreadID=21;_ThreadName=httpSSLWorkerThread-8080-0;|ERROR &lt;span class=&quot;error&quot;&gt;&amp;#91;BindTag.doStartTag 75&amp;#93;&lt;/span&gt; org.apache.taglibs.standard.lang.jstl.ImplicitObjects&lt;br/&gt;
java.lang.ClassCastException: org.apache.taglibs.standard.lang.jstl.ImplicitObjects&lt;br/&gt;
at javax.servlet.jsp.el.ImplicitObjectELResolver$ImplicitObjects.getImplicitObjects(ImplicitObjectELResolver.java:592)&lt;br/&gt;
at javax.servlet.jsp.el.ImplicitObjectELResolver.getValue(ImplicitObjectELResolver.java:153)&lt;br/&gt;
at javax.el.CompositeELResolver.getValue(CompositeELResolver.java:143)&lt;br/&gt;
at com.sun.el.parser.AstIdentifier.getValue(AstIdentifier.java:86)&lt;br/&gt;
at com.sun.el.parser.AstMinus.getValue(AstMinus.java:55)&lt;br/&gt;
at com.sun.el.parser.AstPlus.getValue(AstPlus.java:55)&lt;br/&gt;
at com.sun.el.parser.AstDynamicExpression.getValue(AstDynamicExpression.java:59)&lt;br/&gt;
at com.sun.el.parser.AstCompositeExpression.getValue(AstCompositeExpression.java:64)&lt;br/&gt;
at com.sun.el.ValueExpressionImpl.getValue(ValueExpressionImpl.java:206)&lt;br/&gt;
at org.apache.jasper.runtime.ExpressionEvaluatorImpl.evaluate(ExpressionEvaluatorImpl.java:121)&lt;br/&gt;
at org.springframework.web.util.ExpressionEvaluationUtils$Jsp20ExpressionEvaluationHelper.evaluate(ExpressionEvaluationUtils.java:216)&lt;/p&gt;

&lt;p&gt;Can anyone throw any idea to solve this? &lt;/p&gt;</description>
            <key id="25914">SPR-5564</key>
            <summary>Exception while migrating from Sunserver 8.1 to 9.1</summary>
                <type id="3" iconUrl="https://jira.spring.io/images/icons/issuetypes/task.png">Task</type>
                                            <priority id="3" iconUrl="https://jira.spring.io/images/icons/priorities/major.png">Major</priority>
                        <status id="6" iconUrl="https://jira.spring.io/images/icons/statuses/closed.png" description="The issue is considered finished, the resolution is correct. Issues which are not closed can be reopened.">Closed</status>
                    <statusCategory id="3" key="done" colorName="green"/>
                                    <resolution id="3">Duplicate</resolution>
                                        <assignee username="-1">Unassigned</assignee>
                                    <reporter username="jwalakompalli">Jwala Kompalli</reporter>
                        <labels>
                    </labels>
                <created>Wed, 11 Mar 2009 05:58:59 +0000</created>
                <updated>Tue, 10 Nov 2009 23:13:24 +0000</updated>
                            <resolved>Tue, 10 Nov 2009 23:13:24 +0000</resolved>
                                                                    <component>Web</component>
                        <due></due>
                            <votes>0</votes>
                                    <watches>0</watches>
                                                                <comments>
                            <comment id="48086" author="luke" created="Tue, 10 Nov 2009 23:13:24 +0000"  >&lt;p&gt;Exactly the same as &lt;a href=&quot;https://jira.spring.io/browse/SPR-5560&quot; title=&quot;Exception while migrating from Sunserver 8.1 to 9.1&quot; class=&quot;issue-link&quot; data-issue-key=&quot;SPR-5560&quot;&gt;&lt;del&gt;SPR-5560&lt;/del&gt;&lt;/a&gt;&lt;/p&gt;</comment>
                    </comments>
                    <attachments>
                    </attachments>
                <subtasks>
                    </subtasks>
                <customfields>
                                                <customfield id="customfield_10180" key="com.atlassian.jira.toolkit:dayslastcommented">
                        <customfieldname>Days since last comment</customfieldname>
                        <customfieldvalues>
                                        7 years, 7 weeks, 1 day ago
    
                        </customfieldvalues>
                    </customfield>
                                                                                            <customfield id="customfield_10170" key="com.atlassian.jira.ext.charting:firstresponsedate">
                        <customfieldname>First Response Date</customfieldname>
                        <customfieldvalues>
                            <customfieldvalue>Tue, 10 Nov 2009 23:13:24 +0000</customfieldvalue>

                        </customfieldvalues>
                    </customfield>
                                                                                            <customfield id="customfield_10181" key="com.atlassian.jira.toolkit:lastusercommented">
                        <customfieldname>Last commented by a User</customfieldname>
                        <customfieldvalues>
                            <customfieldvalue>true</customfieldvalue>
                        </customfieldvalues>
                    </customfield>
                                                                <customfield id="customfield_10182" key="com.atlassian.jira.toolkit:lastupdaterorcommenter">
                        <customfieldname>Last updater</customfieldname>
                        <customfieldvalues>
                            <customfieldvalue>tmarshall</customfieldvalue>

                        </customfieldvalues>
                    </customfield>
                                                                                            <customfield id="customfield_10880" key="com.pyxis.greenhopper.jira:gh-lexo-rank">
                        <customfieldname>Rank</customfieldname>
                        <customfieldvalues>
                            <customfieldvalue>0|i016qv:</customfieldvalue>

                        </customfieldvalues>
                    </customfield>
                                                                <customfield id="customfield_10380" key="com.pyxis.greenhopper.jira:gh-global-rank">
                        <customfieldname>Rank (Obsolete)</customfieldname>
                        <customfieldvalues>
                            <customfieldvalue>6970</customfieldvalue>
                        </customfieldvalues>
                    </customfield>
                                                                                                                                                    <customfield id="customfield_10171" key="com.atlassian.jira.ext.charting:timeinstatus">
                        <customfieldname>Time in Status</customfieldname>
                        <customfieldvalues>
                            
                        </customfieldvalues>
                    </customfield>
                                                                </customfields>
    </item>
</channel>
</rss>