<!-- 
RSS generated by JIRA (6.4.11#64026-sha1:78f6ec473a3f058bd5d6c30e9319c7ab376bdb9c) at Thu Dec 22 18:49:43 UTC 2016

It is possible to restrict the fields that are returned in this document by specifying the 'field' parameter in your request.
For example, to request only the issue key and summary add field=key&field=summary to the URL of your request.
For example:
https://jira.spring.io/si/jira.issueviews:issue-xml/SPR-1843/SPR-1843.xml?field=key&amp;field=summary
-->
<rss version="0.92" >
<channel>
    <title>Spring JIRA</title>
    <link>https://jira.spring.io</link>
    <description>This file is an XML representation of an issue</description>
    <language>en-uk</language>    <build-info>
        <version>6.4.11</version>
        <build-number>64026</build-number>
        <build-date>25-08-2015</build-date>
    </build-info>

<item>
            <title>[SPR-1843] HB3 HibernateInterceptor javadocs are not updated</title>
                <link>https://jira.spring.io/browse/SPR-1843</link>
                <project id="10000" key="SPR">Spring Framework</project>
                    <description>&lt;p&gt;HB3 has unchecked exceptions unlike HB2 and HibernateInterceptor will intercept and convert them (since it&apos;s possible). However, the javadocs are still the ones from HB2 :&lt;br/&gt;
&lt;span class=&quot;error&quot;&gt;&amp;#91;quote&amp;#93;&lt;/span&gt;&lt;br/&gt;
Unfortunately, this interceptor cannot convert checked HibernateExceptions to unchecked dao ones automatically. The intercepted method would have to throw HibernateException to be able to achieve this - thus the caller would still have to catch or rethrow it, even if it will never be thrown if intercepted.&lt;br/&gt;
&lt;span class=&quot;error&quot;&gt;&amp;#91;/quote&amp;#93;&lt;/span&gt;&lt;/p&gt;</description>
            <key id="13656">SPR-1843</key>
            <summary>HB3 HibernateInterceptor javadocs are not updated</summary>
                <type id="1" iconUrl="https://jira.spring.io/images/icons/issuetypes/bug.png">Bug</type>
                                            <priority id="5" iconUrl="https://jira.spring.io/images/icons/priorities/trivial.png">Trivial</priority>
                        <status id="6" iconUrl="https://jira.spring.io/images/icons/statuses/closed.png" description="The issue is considered finished, the resolution is correct. Issues which are not closed can be reopened.">Closed</status>
                    <statusCategory id="3" key="done" colorName="green"/>
                                    <resolution id="1">Fixed</resolution>
                                        <assignee username="juergen.hoeller">Juergen Hoeller</assignee>
                                    <reporter username="costin">Costin Leau</reporter>
                        <labels>
                    </labels>
                <created>Thu, 30 Mar 2006 15:33:52 +0000</created>
                <updated>Tue, 19 Jun 2012 03:54:01 +0000</updated>
                            <resolved>Mon, 3 Apr 2006 01:12:30 +0000</resolved>
                                    <version>1.2.7</version>
                    <version>2.0 M3</version>
                                    <fixVersion>1.2.8</fixVersion>
                    <fixVersion>2.0 M4</fixVersion>
                                    <component>[Documentation]</component>
                        <due></due>
                            <votes>0</votes>
                                    <watches>0</watches>
                                                                <comments>
                            <comment id="17039" author="costin" created="Thu, 30 Mar 2006 15:46:16 +0000"  >&lt;p&gt;If you&apos;d like I can tackle the javadocs myself (I have commit rights).&lt;/p&gt;</comment>
                            <comment id="17047" author="juergen.hoeller" created="Mon, 3 Apr 2006 01:12:30 +0000"  >&lt;p&gt;Thanks for spotting this, Costin! I&apos;ve fixed this right away.&lt;/p&gt;

&lt;p&gt;Juergen&lt;/p&gt;</comment>
                    </comments>
                    <attachments>
                    </attachments>
                <subtasks>
                    </subtasks>
                <customfields>
                                                <customfield id="customfield_10180" key="com.atlassian.jira.toolkit:dayslastcommented">
                        <customfieldname>Days since last comment</customfieldname>
                        <customfieldvalues>
                                        10 years, 39 weeks, 3 days ago
    
                        </customfieldvalues>
                    </customfield>
                                                                                            <customfield id="customfield_10170" key="com.atlassian.jira.ext.charting:firstresponsedate">
                        <customfieldname>First Response Date</customfieldname>
                        <customfieldvalues>
                            <customfieldvalue>Mon, 3 Apr 2006 01:12:30 +0000</customfieldvalue>

                        </customfieldvalues>
                    </customfield>
                                                                                            <customfield id="customfield_10181" key="com.atlassian.jira.toolkit:lastusercommented">
                        <customfieldname>Last commented by a User</customfieldname>
                        <customfieldvalues>
                            <customfieldvalue>false</customfieldvalue>
                        </customfieldvalues>
                    </customfield>
                                                                <customfield id="customfield_10182" key="com.atlassian.jira.toolkit:lastupdaterorcommenter">
                        <customfieldname>Last updater</customfieldname>
                        <customfieldvalues>
                            <customfieldvalue>tmarshall</customfieldvalue>

                        </customfieldvalues>
                    </customfield>
                                                                                            <customfield id="customfield_10880" key="com.pyxis.greenhopper.jira:gh-lexo-rank">
                        <customfieldname>Rank</customfieldname>
                        <customfieldvalues>
                            <customfieldvalue>0|i01i6f:</customfieldvalue>

                        </customfieldvalues>
                    </customfield>
                                                                <customfield id="customfield_10380" key="com.pyxis.greenhopper.jira:gh-global-rank">
                        <customfieldname>Rank (Obsolete)</customfieldname>
                        <customfieldvalues>
                            <customfieldvalue>8822</customfieldvalue>
                        </customfieldvalues>
                    </customfield>
                                                                                                                                                    <customfield id="customfield_10171" key="com.atlassian.jira.ext.charting:timeinstatus">
                        <customfieldname>Time in Status</customfieldname>
                        <customfieldvalues>
                            
                        </customfieldvalues>
                    </customfield>
                                                                </customfields>
    </item>
</channel>
</rss>