<!-- 
RSS generated by JIRA (6.4.11#64026-sha1:78f6ec473a3f058bd5d6c30e9319c7ab376bdb9c) at Thu Dec 22 18:06:41 UTC 2016

It is possible to restrict the fields that are returned in this document by specifying the 'field' parameter in your request.
For example, to request only the issue key and summary add field=key&field=summary to the URL of your request.
For example:
https://jira.spring.io/si/jira.issueviews:issue-xml/SPR-9968/SPR-9968.xml?field=key&amp;field=summary
-->
<rss version="0.92" >
<channel>
    <title>Spring JIRA</title>
    <link>https://jira.spring.io</link>
    <description>This file is an XML representation of an issue</description>
    <language>en-uk</language>    <build-info>
        <version>6.4.11</version>
        <build-number>64026</build-number>
        <build-date>25-08-2015</build-date>
    </build-info>

<item>
            <title>[SPR-9968] DeferredResult should permit being set from within the original request thread</title>
                <link>https://jira.spring.io/browse/SPR-9968</link>
                <project id="10000" key="SPR">Spring Framework</project>
                    <description>&lt;p&gt;DeferredResult does not permit a value being set prior to the DeferredResult being returned by the controller&apos;s method.&lt;/p&gt;

&lt;p&gt;This can be a problem given that some api can behave synchronously or asynchronously, and it is unknown whether the synchronous behaviour will occur. For example:&lt;/p&gt;

&lt;p/&gt;
&lt;div id=&quot;syntaxplugin&quot; class=&quot;syntaxplugin&quot; style=&quot;border: 1px dashed #bbb; border-radius: 5px !important; overflow: auto; max-height: 30em;&quot;&gt;
&lt;table cellspacing=&quot;0&quot; cellpadding=&quot;0&quot; border=&quot;0&quot; width=&quot;100%&quot; style=&quot;font-size: 1em; line-height: 1.4em !important; font-weight: normal; font-style: normal; color: black;&quot;&gt;
		&lt;tbody &gt;
				&lt;tr id=&quot;syntaxplugin_code_and_gutter&quot;&gt;
						&lt;td  style=&quot; line-height: 1.4em !important; padding: 0em; vertical-align: top;&quot;&gt;
					&lt;pre style=&quot;font-size: 1em; margin: 0 10px;  margin-top: 10px;   width: auto; padding: 0;&quot;&gt;&lt;span style=&quot;color: black; font-family: &apos;Consolas&apos;, &apos;Bitstream Vera Sans Mono&apos;, &apos;Courier New&apos;, Courier, monospace !important;&quot;&gt;final DeferredResult&amp;lt;String&amp;gt; r = new DeferredResult&amp;lt;&amp;gt;();&lt;/span&gt;&lt;/pre&gt;
			&lt;/td&gt;
		&lt;/tr&gt;
				&lt;tr id=&quot;syntaxplugin_code_and_gutter&quot;&gt;
						&lt;td  style=&quot; line-height: 1.4em !important; padding: 0em; vertical-align: top;&quot;&gt;
					&lt;pre style=&quot;font-size: 1em; margin: 0 10px;   width: auto; padding: 0;&quot;&gt;&lt;span style=&quot;color: black; font-family: &apos;Consolas&apos;, &apos;Bitstream Vera Sans Mono&apos;, &apos;Courier New&apos;, Courier, monospace !important;&quot;&gt;doSomeApi(new Runnable() {&lt;/span&gt;&lt;/pre&gt;
			&lt;/td&gt;
		&lt;/tr&gt;
				&lt;tr id=&quot;syntaxplugin_code_and_gutter&quot;&gt;
						&lt;td  style=&quot; line-height: 1.4em !important; padding: 0em; vertical-align: top;&quot;&gt;
					&lt;pre style=&quot;font-size: 1em; margin: 0 10px;   width: auto; padding: 0;&quot;&gt;&lt;span style=&quot;color: black; font-family: &apos;Consolas&apos;, &apos;Bitstream Vera Sans Mono&apos;, &apos;Courier New&apos;, Courier, monospace !important;&quot;&gt;  public void run() {&lt;/span&gt;&lt;/pre&gt;
			&lt;/td&gt;
		&lt;/tr&gt;
				&lt;tr id=&quot;syntaxplugin_code_and_gutter&quot;&gt;
						&lt;td  style=&quot; line-height: 1.4em !important; padding: 0em; vertical-align: top;&quot;&gt;
					&lt;pre style=&quot;font-size: 1em; margin: 0 10px;   width: auto; padding: 0;&quot;&gt;&lt;span style=&quot;color: black; font-family: &apos;Consolas&apos;, &apos;Bitstream Vera Sans Mono&apos;, &apos;Courier New&apos;, Courier, monospace !important;&quot;&gt;    // This could be called within the calling thread or by another thread.&lt;/span&gt;&lt;/pre&gt;
			&lt;/td&gt;
		&lt;/tr&gt;
				&lt;tr id=&quot;syntaxplugin_code_and_gutter&quot;&gt;
						&lt;td  style=&quot; line-height: 1.4em !important; padding: 0em; vertical-align: top;&quot;&gt;
					&lt;pre style=&quot;font-size: 1em; margin: 0 10px;   width: auto; padding: 0;&quot;&gt;&lt;span style=&quot;color: black; font-family: &apos;Consolas&apos;, &apos;Bitstream Vera Sans Mono&apos;, &apos;Courier New&apos;, Courier, monospace !important;&quot;&gt;    r.setResult(&quot;someresult&quot;);&lt;/span&gt;&lt;/pre&gt;
			&lt;/td&gt;
		&lt;/tr&gt;
				&lt;tr id=&quot;syntaxplugin_code_and_gutter&quot;&gt;
						&lt;td  style=&quot; line-height: 1.4em !important; padding: 0em; vertical-align: top;&quot;&gt;
					&lt;pre style=&quot;font-size: 1em; margin: 0 10px;   width: auto; padding: 0;&quot;&gt;&lt;span style=&quot;color: black; font-family: &apos;Consolas&apos;, &apos;Bitstream Vera Sans Mono&apos;, &apos;Courier New&apos;, Courier, monospace !important;&quot;&gt;  }&lt;/span&gt;&lt;/pre&gt;
			&lt;/td&gt;
		&lt;/tr&gt;
				&lt;tr id=&quot;syntaxplugin_code_and_gutter&quot;&gt;
						&lt;td  style=&quot; line-height: 1.4em !important; padding: 0em; vertical-align: top;&quot;&gt;
					&lt;pre style=&quot;font-size: 1em; margin: 0 10px;   width: auto; padding: 0;&quot;&gt;&lt;span style=&quot;color: black; font-family: &apos;Consolas&apos;, &apos;Bitstream Vera Sans Mono&apos;, &apos;Courier New&apos;, Courier, monospace !important;&quot;&gt;}&lt;/span&gt;&lt;/pre&gt;
			&lt;/td&gt;
		&lt;/tr&gt;
				&lt;tr id=&quot;syntaxplugin_code_and_gutter&quot;&gt;
						&lt;td  style=&quot; line-height: 1.4em !important; padding: 0em; vertical-align: top;&quot;&gt;
					&lt;pre style=&quot;font-size: 1em; margin: 0 10px;   margin-bottom: 10px;  width: auto; padding: 0;&quot;&gt;&lt;span style=&quot;color: black; font-family: &apos;Consolas&apos;, &apos;Bitstream Vera Sans Mono&apos;, &apos;Courier New&apos;, Courier, monospace !important;&quot;&gt;return r;&lt;/span&gt;&lt;/pre&gt;
			&lt;/td&gt;
		&lt;/tr&gt;
			&lt;/tbody&gt;
&lt;/table&gt;
&lt;/div&gt;
&lt;p/&gt;

&lt;p&gt;My recommendation is to retain any results processed by DeferredResult and act upon them once a result handler is associated.&lt;/p&gt;</description>
            <key id="46020">SPR-9968</key>
            <summary>DeferredResult should permit being set from within the original request thread</summary>
                <type id="1" iconUrl="https://jira.spring.io/images/icons/issuetypes/bug.png">Bug</type>
                                            <priority id="3" iconUrl="https://jira.spring.io/images/icons/priorities/major.png">Major</priority>
                        <status id="5" iconUrl="https://jira.spring.io/images/icons/statuses/resolved.png" description="A resolution has been taken, and it is awaiting verification by reporter. From here issues are either reopened, or are closed.">Resolved</status>
                    <statusCategory id="3" key="done" colorName="green"/>
                                    <resolution id="3">Duplicate</resolution>
                                        <assignee username="rstoya05-aop">Rossen Stoyanchev</assignee>
                                    <reporter username="huntc">Christopher Hunt</reporter>
                        <labels>
                    </labels>
                <created>Wed, 7 Nov 2012 02:29:28 +0000</created>
                <updated>Wed, 7 Nov 2012 16:06:48 +0000</updated>
                            <resolved>Wed, 7 Nov 2012 05:40:14 +0000</resolved>
                                    <version>3.2 M2</version>
                                                    <component>Web</component>
                        <due></due>
                            <votes>0</votes>
                                    <watches>2</watches>
                                                                <comments>
                            <comment id="84915" author="rstoya05-aop" created="Wed, 7 Nov 2012 05:40:14 +0000"  >&lt;p&gt;This is already possible. It &lt;a href=&quot;https://github.com/SpringSource/spring-framework/commit/b093b30315d860bd45ad19c441c302d0f72ac845#spring-web/src/main/java/org/springframework/web/context/request/async/DeferredResult.java&quot; class=&quot;external-link&quot; rel=&quot;nofollow&quot;&gt;was done&lt;/a&gt; for 3.2 RC1.&lt;/p&gt;</comment>
                            <comment id="84930" author="huntc" created="Wed, 7 Nov 2012 12:38:53 +0000"  >&lt;p&gt;Thanks Rossen - I did search for an existing issue first and couldn&apos;t find one - we&apos;re on M2 so I&apos;ll see that we upgrade to RC1 asap.&lt;/p&gt;</comment>
                            <comment id="84939" author="rstoya05-aop" created="Wed, 7 Nov 2012 16:06:48 +0000"  >&lt;p&gt;No problem, you&apos;re using Tomcat I believe. Make sure it&apos;s Tomcat 7.0.32+. There are a few issues I reported that got fixed.&lt;/p&gt;</comment>
                    </comments>
                    <attachments>
                    </attachments>
                <subtasks>
                    </subtasks>
                <customfields>
                                                <customfield id="customfield_10180" key="com.atlassian.jira.toolkit:dayslastcommented">
                        <customfieldname>Days since last comment</customfieldname>
                        <customfieldvalues>
                                        4 years, 7 weeks, 1 day ago
    
                        </customfieldvalues>
                    </customfield>
                                                                                            <customfield id="customfield_10170" key="com.atlassian.jira.ext.charting:firstresponsedate">
                        <customfieldname>First Response Date</customfieldname>
                        <customfieldvalues>
                            <customfieldvalue>Wed, 7 Nov 2012 05:40:14 +0000</customfieldvalue>

                        </customfieldvalues>
                    </customfield>
                                                                                            <customfield id="customfield_10181" key="com.atlassian.jira.toolkit:lastusercommented">
                        <customfieldname>Last commented by a User</customfieldname>
                        <customfieldvalues>
                            <customfieldvalue>false</customfieldvalue>
                        </customfieldvalues>
                    </customfield>
                                                                <customfield id="customfield_10182" key="com.atlassian.jira.toolkit:lastupdaterorcommenter">
                        <customfieldname>Last updater</customfieldname>
                        <customfieldvalues>
                            <customfieldvalue>rstoya05-aop</customfieldvalue>

                        </customfieldvalues>
                    </customfield>
                                                                                            <customfield id="customfield_10880" key="com.pyxis.greenhopper.jira:gh-lexo-rank">
                        <customfieldname>Rank</customfieldname>
                        <customfieldvalues>
                            <customfieldvalue>0|i05y3z:</customfieldvalue>

                        </customfieldvalues>
                    </customfield>
                                                                <customfield id="customfield_10380" key="com.pyxis.greenhopper.jira:gh-global-rank">
                        <customfieldname>Rank (Obsolete)</customfieldname>
                        <customfieldvalues>
                            <customfieldvalue>34732</customfieldvalue>
                        </customfieldvalues>
                    </customfield>
                                                                                                                                                    <customfield id="customfield_10171" key="com.atlassian.jira.ext.charting:timeinstatus">
                        <customfieldname>Time in Status</customfieldname>
                        <customfieldvalues>
                            
                        </customfieldvalues>
                    </customfield>
                                                                </customfields>
    </item>
</channel>
</rss>