<!-- 
RSS generated by JIRA (6.4.11#64026-sha1:78f6ec473a3f058bd5d6c30e9319c7ab376bdb9c) at Thu Dec 22 18:53:41 UTC 2016

It is possible to restrict the fields that are returned in this document by specifying the 'field' parameter in your request.
For example, to request only the issue key and summary add field=key&field=summary to the URL of your request.
For example:
https://jira.spring.io/si/jira.issueviews:issue-xml/SPR-765/SPR-765.xml?field=key&amp;field=summary
-->
<rss version="0.92" >
<channel>
    <title>Spring JIRA</title>
    <link>https://jira.spring.io</link>
    <description>This file is an XML representation of an issue</description>
    <language>en-uk</language>    <build-info>
        <version>6.4.11</version>
        <build-number>64026</build-number>
        <build-date>25-08-2015</build-date>
    </build-info>

<item>
            <title>[SPR-765] Duplicate resources in PathMatchingResourcePatternResolver.findAllClassPathResources</title>
                <link>https://jira.spring.io/browse/SPR-765</link>
                <project id="10000" key="SPR">Spring Framework</project>
                    <description>&lt;p&gt;I haven&apos;t yet narrowed down a simple test case, but we recently saw a problem where we&apos;re trying to load multiple spring bean definition files from jars packaged in an ear using a well-known filename approach (e.g. classpath*:beans.xml)&lt;/p&gt;

&lt;p&gt;What we&apos;re seeing is that the same UrlResource is being returned multiple times.  While its harmless in that it only results in beans redefining themselves with the same definition, it does cause a lot of noise in the logs and increases our start up time just slightly.  We&apos;ve also seen cases where the same URL is returned albeit with slightly different path represenatations ( /beans.xml vs. /./beans.xml)&lt;/p&gt;

&lt;p&gt;It would be nice if findAllClassPathResources() ensured each unique resource is returned once and only once.  One simple change is just changing from List to Set to hold the resources while enumerating.  This fixes the first part (same path multiple times) and fixing the second part should just be a matter of normalizing the URL.&lt;/p&gt;</description>
            <key id="11225">SPR-765</key>
            <summary>Duplicate resources in PathMatchingResourcePatternResolver.findAllClassPathResources</summary>
                <type id="1" iconUrl="https://jira.spring.io/images/icons/issuetypes/bug.png">Bug</type>
                                            <priority id="4" iconUrl="https://jira.spring.io/images/icons/priorities/minor.png">Minor</priority>
                        <status id="6" iconUrl="https://jira.spring.io/images/icons/statuses/closed.png" description="The issue is considered finished, the resolution is correct. Issues which are not closed can be reopened.">Closed</status>
                    <statusCategory id="3" key="done" colorName="green"/>
                                    <resolution id="1">Fixed</resolution>
                                        <assignee username="juergen.hoeller">Juergen Hoeller</assignee>
                                    <reporter username="sqrrrl">Steven Bazyl</reporter>
                        <labels>
                    </labels>
                <created>Sat, 5 Mar 2005 07:25:34 +0000</created>
                <updated>Wed, 16 Mar 2005 01:33:05 +0000</updated>
                            <resolved>Wed, 16 Mar 2005 01:33:05 +0000</resolved>
                                    <version>1.1.5</version>
                                    <fixVersion>1.2 RC1</fixVersion>
                                    <component>Core</component>
                        <due></due>
                            <votes>0</votes>
                                    <watches>0</watches>
                                                                <comments>
                            <comment id="12589" author="juergen.hoeller" created="Wed, 16 Mar 2005 01:33:05 +0000"  >&lt;p&gt;Thanks for the suggestion! PathMatchingResourcePatternResolver collects resource entries in a Set now and normalizes URL paths (to avoid double entries).&lt;/p&gt;

&lt;p&gt;Juergen&lt;/p&gt;</comment>
                    </comments>
                    <attachments>
                    </attachments>
                <subtasks>
                    </subtasks>
                <customfields>
                                                <customfield id="customfield_10180" key="com.atlassian.jira.toolkit:dayslastcommented">
                        <customfieldname>Days since last comment</customfieldname>
                        <customfieldvalues>
                                        11 years, 42 weeks, 1 day ago
    
                        </customfieldvalues>
                    </customfield>
                                                                                            <customfield id="customfield_10170" key="com.atlassian.jira.ext.charting:firstresponsedate">
                        <customfieldname>First Response Date</customfieldname>
                        <customfieldvalues>
                            <customfieldvalue>Wed, 16 Mar 2005 01:33:05 +0000</customfieldvalue>

                        </customfieldvalues>
                    </customfield>
                                                                                            <customfield id="customfield_10181" key="com.atlassian.jira.toolkit:lastusercommented">
                        <customfieldname>Last commented by a User</customfieldname>
                        <customfieldvalues>
                            <customfieldvalue>false</customfieldvalue>
                        </customfieldvalues>
                    </customfield>
                                                                <customfield id="customfield_10182" key="com.atlassian.jira.toolkit:lastupdaterorcommenter">
                        <customfieldname>Last updater</customfieldname>
                        <customfieldvalues>
                            <customfieldvalue>tmarshall</customfieldvalue>

                        </customfieldvalues>
                    </customfield>
                                                                                            <customfield id="customfield_10880" key="com.pyxis.greenhopper.jira:gh-lexo-rank">
                        <customfieldname>Rank</customfieldname>
                        <customfieldvalues>
                            <customfieldvalue>0|i02ky7:</customfieldvalue>

                        </customfieldvalues>
                    </customfield>
                                                                <customfield id="customfield_10380" key="com.pyxis.greenhopper.jira:gh-global-rank">
                        <customfieldname>Rank (Obsolete)</customfieldname>
                        <customfieldvalues>
                            <customfieldvalue>15103</customfieldvalue>
                        </customfieldvalues>
                    </customfield>
                                                                                                                                                    <customfield id="customfield_10171" key="com.atlassian.jira.ext.charting:timeinstatus">
                        <customfieldname>Time in Status</customfieldname>
                        <customfieldvalues>
                            
                        </customfieldvalues>
                    </customfield>
                                                                </customfields>
    </item>
</channel>
</rss>