<!-- 
RSS generated by JIRA (6.3.4#6332-sha1:51bc225ef474afe3128b2f66878477f322397b16) at Sun Nov 20 01:20:20 UTC 2016

It is possible to restrict the fields that are returned in this document by specifying the 'field' parameter in your request.
For example, to request only the issue key and summary add field=key&field=summary to the URL of your request.
For example:
https://issues.apache.org/jira/si/jira.issueviews:issue-xml/COLLECTIONS-43/COLLECTIONS-43.xml?field=key&amp;field=summary
-->
<rss version="0.92" >
<channel>
    <title>ASF JIRA</title>
    <link>https://issues.apache.org/jira</link>
    <description>This file is an XML representation of an issue</description>
    <language>en-uk</language>    <build-info>
        <version>6.3.4</version>
        <build-number>6332</build-number>
        <build-date>15-08-2014</build-date>
    </build-info>

<item>
            <title>[COLLECTIONS-43] [collections] serialVersionUID should be private</title>
                <link>https://issues.apache.org/jira/browse/COLLECTIONS-43</link>
                <project id="12310465" key="COLLECTIONS">Commons Collections</project>
                    <description>&lt;p&gt;The following classes define serialVersionUID with default (package) access:&lt;/p&gt;

&lt;p&gt;HashBag&lt;br/&gt;
TreeBag&lt;br/&gt;
functors.*&lt;br/&gt;
NodeCachingLinkedList&lt;br/&gt;
LRUMap&lt;/p&gt;

&lt;p&gt;This field should be defined as private.&lt;/p&gt;</description>
                <environment>&lt;p&gt;Operating System: other&lt;br/&gt;
Platform: Other&lt;/p&gt;</environment>
        <key id="12342636">COLLECTIONS-43</key>
            <summary>[collections] serialVersionUID should be private</summary>
                <type id="1" iconUrl="https://issues.apache.org/jira/images/icons/issuetypes/bug.png">Bug</type>
                                            <priority id="4" iconUrl="https://issues.apache.org/jira/images/icons/priorities/minor.png">Minor</priority>
                        <status id="6" iconUrl="https://issues.apache.org/jira/images/icons/statuses/closed.png" description="The issue is considered finished, the resolution is correct. Issues which are closed can be reopened.">Closed</status>
                    <statusCategory id="3" key="done" colorName="green"/>
                                    <resolution id="1">Fixed</resolution>
                                        <assignee username="-1">Unassigned</assignee>
                                    <reporter username="sebb@apache.org">Sebb</reporter>
                        <labels>
                    </labels>
                <created>Mon, 17 Oct 2005 04:03:31 +0000</created>
                <updated>Sat, 15 Mar 2008 21:35:58 +0000</updated>
                            <resolved>Sat, 15 Mar 2008 21:35:58 +0000</resolved>
                                                                        <due></due>
                            <votes>0</votes>
                                    <watches>0</watches>
                                                                <comments>
                            <comment id="12410635" author="scolebourne@joda.org" created="Fri, 4 Nov 2005 08:07:14 +0000"  >&lt;p&gt;My understanding is that this causes no technical issues. Are you raising this&lt;br/&gt;
as a &apos;neatness&apos; issue?&lt;/p&gt;</comment>
                            <comment id="12410636" author="sebb@apache.org" created="Fri, 4 Nov 2005 10:26:01 +0000"  >&lt;p&gt;Yes, mainly neatness; they are not a problem per se.&lt;/p&gt;

&lt;p&gt;But untidiness can sometimes mean there are other problems lurking...&lt;/p&gt;</comment>
                            <comment id="12410637" author="scolebourne@joda.org" created="Wed, 23 Nov 2005 08:52:25 +0000"  >&lt;p&gt;I&apos;ve fixed those not in the functors package, but there were just too many in&lt;br/&gt;
functors for me to bother with &lt;img class=&quot;emoticon&quot; src=&quot;https://issues.apache.org/jira/images/icons/emoticons/smile.gif&quot; height=&quot;16&quot; width=&quot;16&quot; align=&quot;absmiddle&quot; alt=&quot;&quot; border=&quot;0&quot;/&gt;&lt;/p&gt;</comment>
                            <comment id="12410638" author="elharo@metalab.unc.edu" created="Wed, 23 Nov 2005 09:06:40 +0000"  >&lt;p&gt;Thanks for fixing the part you did, but this probably should probably be left&lt;br/&gt;
open until someone can get around to fixing the functors package too. Even if&lt;br/&gt;
it&apos;s not a huge problem now, a future version of Java or a different VM might&lt;br/&gt;
get pickier about this. &lt;/p&gt;</comment>
                            <comment id="12410639" author="jwcarman" created="Wed, 23 Nov 2005 23:07:38 +0000"  >&lt;p&gt;I believe I got them all.  Let me know if you see any stragglers.&lt;/p&gt;</comment>
                    </comments>
                    <attachments>
                    </attachments>
                <subtasks>
                    </subtasks>
                <customfields>
                                                <customfield id="customfield_12310310" key="com.atlassian.jira.toolkit:attachments">
                        <customfieldname>Attachment count</customfieldname>
                        <customfieldvalues>
                            <customfieldvalue>0.0</customfieldvalue>
                        </customfieldvalues>
                    </customfield>
                                                                                                                                                                                                                                                                                                                                                                                                                                                                        <customfield id="customfield_10010" key="com.atlassian.jira.plugin.system.customfieldtypes:importid">
                        <customfieldname>Bugzilla Id</customfieldname>
                        <customfieldvalues>
                            <customfieldvalue>37106</customfieldvalue>
                        </customfieldvalues>
                    </customfield>
                                                                                            <customfield id="customfield_12310220" key="com.atlassian.jira.ext.charting:firstresponsedate">
                        <customfieldname>Date of First Response</customfieldname>
                        <customfieldvalues>
                            <customfieldvalue>Fri, 4 Nov 2005 08:07:14 +0000</customfieldvalue>

                        </customfieldvalues>
                    </customfield>
                                                                                                                                                                                                                                                                                                                                                                                                                                            <customfield id="customfield_12310420" key="com.pyxis.greenhopper.jira:gh-global-rank">
                        <customfieldname>Global Rank</customfieldname>
                        <customfieldvalues>
                            <customfieldvalue>18955</customfieldvalue>
                        </customfieldvalues>
                    </customfield>
                                                                                                                        <customfield id="customfield_12312521" key="com.atlassian.jira.toolkit:LastCommentDate">
                        <customfieldname>Last public comment date</customfieldname>
                        <customfieldvalues>
                            11 years, 1 week, 3 days ago
                        </customfieldvalues>
                    </customfield>
                                                                                            <customfield id="customfield_12311820" key="com.pyxis.greenhopper.jira:gh-lexo-rank">
                        <customfieldname>Rank</customfieldname>
                        <customfieldvalues>
                            <customfieldvalue>0|i0sjof:</customfieldvalue>

                        </customfieldvalues>
                    </customfield>
                                                                <customfield id="customfield_12310920" key="com.pyxis.greenhopper.jira:gh-global-rank">
                        <customfieldname>Rank (Obsolete)</customfieldname>
                        <customfieldvalues>
                            <customfieldvalue>164665</customfieldvalue>
                        </customfieldvalues>
                    </customfield>
                                                                                                                                                                                                                                        <customfield id="customfield_12310222" key="com.atlassian.jira.ext.charting:timeinstatus">
                        <customfieldname>Time in Status</customfieldname>
                        <customfieldvalues>
                            
                        </customfieldvalues>
                    </customfield>
                                                                                                                        </customfields>
    </item>
</channel>
</rss>