<!-- 
RSS generated by JIRA (6.3.4#6332-sha1:51bc225ef474afe3128b2f66878477f322397b16) at Sun Nov 20 00:35:56 UTC 2016

It is possible to restrict the fields that are returned in this document by specifying the 'field' parameter in your request.
For example, to request only the issue key and summary add field=key&field=summary to the URL of your request.
For example:
https://issues.apache.org/jira/si/jira.issueviews:issue-xml/COLLECTIONS-488/COLLECTIONS-488.xml?field=key&amp;field=summary
-->
<rss version="0.92" >
<channel>
    <title>ASF JIRA</title>
    <link>https://issues.apache.org/jira</link>
    <description>This file is an XML representation of an issue</description>
    <language>en-uk</language>    <build-info>
        <version>6.3.4</version>
        <build-number>6332</build-number>
        <build-date>15-08-2014</build-date>
    </build-info>

<item>
            <title>[COLLECTIONS-488] Satisfies utility method</title>
                <link>https://issues.apache.org/jira/browse/COLLECTIONS-488</link>
                <project id="12310465" key="COLLECTIONS">Commons Collections</project>
                    <description>&lt;p&gt;I recently needed to use something like the CollectionUtils.exists method, but I wanted to know if a given predicate was true for ALL members of a collection, rather than just one.  I cooked up a quick method called satisfies (help would be appreciated on the name - it&apos;s the best that I could come up with) that determines whether a given predicate is true for all members of a collection.&lt;/p&gt;

&lt;p&gt;Been using this library a good deal recently - hoping to get involved in its development!&lt;/p&gt;</description>
                <environment></environment>
        <key id="12675625">COLLECTIONS-488</key>
            <summary>Satisfies utility method</summary>
                <type id="4" iconUrl="https://issues.apache.org/jira/images/icons/issuetypes/improvement.png">Improvement</type>
                                            <priority id="5" iconUrl="https://issues.apache.org/jira/images/icons/priorities/trivial.png">Trivial</priority>
                        <status id="6" iconUrl="https://issues.apache.org/jira/images/icons/statuses/closed.png" description="The issue is considered finished, the resolution is correct. Issues which are closed can be reopened.">Closed</status>
                    <statusCategory id="3" key="done" colorName="green"/>
                                    <resolution id="1">Fixed</resolution>
                                        <assignee username="-1">Unassigned</assignee>
                                    <reporter username="CainJ13">Josh Cain</reporter>
                        <labels>
                            <label>features</label>
                            <label>newbie</label>
                            <label>util</label>
                    </labels>
                <created>Fri, 25 Oct 2013 00:49:00 +0000</created>
                <updated>Sun, 9 Nov 2014 14:31:33 +0000</updated>
                            <resolved>Tue, 5 Nov 2013 10:51:52 +0000</resolved>
                                    <version>3.2.1</version>
                    <version>4.0-alpha1</version>
                                    <fixVersion>4.0</fixVersion>
                                    <component>Collection</component>
                        <due></due>
                            <votes>0</votes>
                                    <watches>2</watches>
                                    <timeoriginalestimate seconds="7200">2h</timeoriginalestimate>
                            <timeestimate seconds="7200">2h</timeestimate>
                                        <comments>
                            <comment id="13805124" author="britter" created="Fri, 25 Oct 2013 07:32:59 +0000"  >&lt;p&gt;Hello Josh,&lt;/p&gt;

&lt;p&gt;if you want to get involved a good starting point is the &lt;a href=&quot;http://www.apache.org/foundation/getinvolved.html&quot; class=&quot;external-link&quot; rel=&quot;nofollow&quot;&gt;getting involved guide&lt;/a&gt; of the ASF. Most of the discussion about the development of commons components is held on the &lt;a href=&quot;http://commons.apache.org/mail-lists.html&quot; class=&quot;external-link&quot; rel=&quot;nofollow&quot;&gt;dev mailing list&lt;/a&gt; which you should subscribe to. It&apos;s the best place to discuss this kind of things.&lt;/p&gt;

&lt;p&gt;Welcome to commons&lt;br/&gt;
Benedikt&lt;/p&gt;</comment>
                            <comment id="13813836" author="tn" created="Tue, 5 Nov 2013 10:51:52 +0000"  >&lt;p&gt;Applied patch in r1538935 with a few modifications:&lt;/p&gt;

&lt;ul&gt;
	&lt;li&gt;renamed to matchesAll&lt;/li&gt;
	&lt;li&gt;added more test cases&lt;/li&gt;
	&lt;li&gt;fixed return value in case predicate is null&lt;/li&gt;
	&lt;li&gt;fixed documentation in case collection is null or empty.&lt;/li&gt;
&lt;/ul&gt;


&lt;p&gt;Thanks for the patch!&lt;/p&gt;</comment>
                    </comments>
                <issuelinks>
                            <issuelinktype id="12310000">
                    <name>Duplicate</name>
                                                                <inwardlinks description="is duplicated by">
                                        <issuelink>
            <issuekey id="12675626">COLLECTIONS-489</issuekey>
        </issuelink>
            <issuelink>
            <issuekey id="12675635">COLLECTIONS-493</issuekey>
        </issuelink>
                            </inwardlinks>
                                    </issuelinktype>
                    </issuelinks>
                <attachments>
                            <attachment id="12610309" name="collectionUtilsSatisfies.patch" size="3315" author="CainJ13" created="Fri, 25 Oct 2013 11:48:30 +0000"/>
                    </attachments>
                <subtasks>
                    </subtasks>
                <customfields>
                                                <customfield id="customfield_12310310" key="com.atlassian.jira.toolkit:attachments">
                        <customfieldname>Attachment count</customfieldname>
                        <customfieldvalues>
                            <customfieldvalue>1.0</customfieldvalue>
                        </customfieldvalues>
                    </customfield>
                                                                                                                                                                                                                                                                                                                                                                                                                                                                                                                                <customfield id="customfield_12310220" key="com.atlassian.jira.ext.charting:firstresponsedate">
                        <customfieldname>Date of First Response</customfieldname>
                        <customfieldvalues>
                            <customfieldvalue>Fri, 25 Oct 2013 07:32:59 +0000</customfieldvalue>

                        </customfieldvalues>
                    </customfield>
                                                                                                                                                                                                                                                                                                                                                                                                                                            <customfield id="customfield_12310420" key="com.pyxis.greenhopper.jira:gh-global-rank">
                        <customfieldname>Global Rank</customfieldname>
                        <customfieldvalues>
                            <customfieldvalue>355202</customfieldvalue>
                        </customfieldvalues>
                    </customfield>
                                                                                                                        <customfield id="customfield_12312521" key="com.atlassian.jira.toolkit:LastCommentDate">
                        <customfieldname>Last public comment date</customfieldname>
                        <customfieldvalues>
                            3 years, 2 weeks, 4 days ago
                        </customfieldvalues>
                    </customfield>
                                                                                            <customfield id="customfield_12311820" key="com.pyxis.greenhopper.jira:gh-lexo-rank">
                        <customfieldname>Rank</customfieldname>
                        <customfieldvalues>
                            <customfieldvalue>0|i1p8if:</customfieldvalue>

                        </customfieldvalues>
                    </customfield>
                                                                <customfield id="customfield_12310920" key="com.pyxis.greenhopper.jira:gh-global-rank">
                        <customfieldname>Rank (Obsolete)</customfieldname>
                        <customfieldvalues>
                            <customfieldvalue>355490</customfieldvalue>
                        </customfieldvalues>
                    </customfield>
                                                                                                                                                                                                                                        <customfield id="customfield_12310222" key="com.atlassian.jira.ext.charting:timeinstatus">
                        <customfieldname>Time in Status</customfieldname>
                        <customfieldvalues>
                            
                        </customfieldvalues>
                    </customfield>
                                                                                                                        </customfields>
    </item>
</channel>
</rss>