<!-- 
RSS generated by JIRA (6.3.4#6332-sha1:51bc225ef474afe3128b2f66878477f322397b16) at Sat Nov 19 20:58:24 UTC 2016

It is possible to restrict the fields that are returned in this document by specifying the 'field' parameter in your request.
For example, to request only the issue key and summary add field=key&field=summary to the URL of your request.
For example:
https://issues.apache.org/jira/si/jira.issueviews:issue-xml/COLLECTIONS-262/COLLECTIONS-262.xml?field=key&amp;field=summary
-->
<rss version="0.92" >
<channel>
    <title>ASF JIRA</title>
    <link>https://issues.apache.org/jira</link>
    <description>This file is an XML representation of an issue</description>
    <language>en-uk</language>    <build-info>
        <version>6.3.4</version>
        <build-number>6332</build-number>
        <build-date>15-08-2014</build-date>
    </build-info>

<item>
            <title>[COLLECTIONS-262] probably apidoc error: firstKey() and lastKey() in AbstractLinkedMap</title>
                <link>https://issues.apache.org/jira/browse/COLLECTIONS-262</link>
                <project id="12310465" key="COLLECTIONS">Commons Collections</project>
                    <description>&lt;p&gt;In the apidoc or source of org.apache.commons.collections.map.AbstractLinkedMap.firstKey(), it is said that this method &quot;Gets the first key in the map, which is the most recently inserted.&quot;, which is exactly the actual behavior of lastKey(), and vice versa. &lt;/p&gt;

&lt;p&gt;So I think there is a typo with this class&apos; javadoc.&lt;/p&gt;</description>
                <environment></environment>
        <key id="12377055">COLLECTIONS-262</key>
            <summary>probably apidoc error: firstKey() and lastKey() in AbstractLinkedMap</summary>
                <type id="1" iconUrl="https://issues.apache.org/jira/images/icons/issuetypes/bug.png">Bug</type>
                                            <priority id="3" iconUrl="https://issues.apache.org/jira/images/icons/priorities/major.png">Major</priority>
                        <status id="6" iconUrl="https://issues.apache.org/jira/images/icons/statuses/closed.png" description="The issue is considered finished, the resolution is correct. Issues which are closed can be reopened.">Closed</status>
                    <statusCategory id="3" key="done" colorName="green"/>
                                    <resolution id="1">Fixed</resolution>
                                        <assignee username="-1">Unassigned</assignee>
                                    <reporter username="immars">Lisen Mu</reporter>
                        <labels>
                    </labels>
                <created>Wed, 29 Aug 2007 04:10:32 +0000</created>
                <updated>Sun, 9 Nov 2014 14:31:54 +0000</updated>
                            <resolved>Thu, 28 Feb 2013 19:28:11 +0000</resolved>
                                    <version>3.2</version>
                                    <fixVersion>4.0-alpha1</fixVersion>
                    <fixVersion>4.0</fixVersion>
                                    <component>Map</component>
                        <due></due>
                            <votes>0</votes>
                                    <watches>1</watches>
                                                                <comments>
                            <comment id="12555261" author="bayard" created="Wed, 2 Jan 2008 07:23:52 +0000"  >&lt;p&gt;I agree (even wrote a quick test to make sure). I&apos;ve committed the change to the javadoc.&lt;/p&gt;

&lt;p&gt;svn ci -m &quot;Updating javadoc as per &lt;a href=&quot;https://issues.apache.org/jira/browse/COLLECTIONS-262&quot; title=&quot;probably apidoc error: firstKey() and lastKey() in AbstractLinkedMap&quot; class=&quot;issue-link&quot; data-issue-key=&quot;COLLECTIONS-262&quot;&gt;&lt;del&gt;COLLECTIONS-262&lt;/del&gt;&lt;/a&gt; - the firstKey and lastKey javadoc methods were back to front for parts of their description&quot; src/java/org/apache/commons/collections/map/AbstractLinkedMap.java&lt;/p&gt;

&lt;p&gt;Sending        src/java/org/apache/commons/collections/map/AbstractLinkedMap.java&lt;br/&gt;
Transmitting file data .&lt;br/&gt;
Committed revision 608030.&lt;/p&gt;</comment>
                    </comments>
                <issuelinks>
                            <issuelinktype id="12310000">
                    <name>Duplicate</name>
                                                                <inwardlinks description="is duplicated by">
                                        <issuelink>
            <issuekey id="12383383">COLLECTIONS-279</issuekey>
        </issuelink>
            <issuelink>
            <issuekey id="12457133">COLLECTIONS-353</issuekey>
        </issuelink>
                            </inwardlinks>
                                    </issuelinktype>
                    </issuelinks>
                <attachments>
                    </attachments>
                <subtasks>
                    </subtasks>
                <customfields>
                                                <customfield id="customfield_12310310" key="com.atlassian.jira.toolkit:attachments">
                        <customfieldname>Attachment count</customfieldname>
                        <customfieldvalues>
                            <customfieldvalue>0.0</customfieldvalue>
                        </customfieldvalues>
                    </customfield>
                                                                                                                                                                                                                                                                                                                                                                                                                                                                                                                                <customfield id="customfield_12310220" key="com.atlassian.jira.ext.charting:firstresponsedate">
                        <customfieldname>Date of First Response</customfieldname>
                        <customfieldvalues>
                            <customfieldvalue>Wed, 2 Jan 2008 07:23:52 +0000</customfieldvalue>

                        </customfieldvalues>
                    </customfield>
                                                                                                                                                                                                                                                                                                                                                                                                                                            <customfield id="customfield_12310420" key="com.pyxis.greenhopper.jira:gh-global-rank">
                        <customfieldname>Global Rank</customfieldname>
                        <customfieldvalues>
                            <customfieldvalue>18738</customfieldvalue>
                        </customfieldvalues>
                    </customfield>
                                                                                                                        <customfield id="customfield_12312521" key="com.atlassian.jira.toolkit:LastCommentDate">
                        <customfieldname>Last public comment date</customfieldname>
                        <customfieldvalues>
                            8 years, 47 weeks, 3 days ago
                        </customfieldvalues>
                    </customfield>
                                                                                            <customfield id="customfield_12311820" key="com.pyxis.greenhopper.jira:gh-lexo-rank">
                        <customfieldname>Rank</customfieldname>
                        <customfieldvalues>
                            <customfieldvalue>0|i0sifb:</customfieldvalue>

                        </customfieldvalues>
                    </customfield>
                                                                <customfield id="customfield_12310920" key="com.pyxis.greenhopper.jira:gh-global-rank">
                        <customfieldname>Rank (Obsolete)</customfieldname>
                        <customfieldvalues>
                            <customfieldvalue>164462</customfieldvalue>
                        </customfieldvalues>
                    </customfield>
                                                                                                                                                                                                                                        <customfield id="customfield_12310222" key="com.atlassian.jira.ext.charting:timeinstatus">
                        <customfieldname>Time in Status</customfieldname>
                        <customfieldvalues>
                            
                        </customfieldvalues>
                    </customfield>
                                                                                                                        </customfields>
    </item>
</channel>
</rss>