<!-- 
RSS generated by JIRA (6.3.4#6332-sha1:51bc225ef474afe3128b2f66878477f322397b16) at Sat Nov 19 23:33:51 UTC 2016

It is possible to restrict the fields that are returned in this document by specifying the 'field' parameter in your request.
For example, to request only the issue key and summary add field=key&field=summary to the URL of your request.
For example:
https://issues.apache.org/jira/si/jira.issueviews:issue-xml/COLLECTIONS-528/COLLECTIONS-528.xml?field=key&amp;field=summary
-->
<rss version="0.92" >
<channel>
    <title>ASF JIRA</title>
    <link>https://issues.apache.org/jira</link>
    <description>This file is an XML representation of an issue</description>
    <language>en-uk</language>    <build-info>
        <version>6.3.4</version>
        <build-number>6332</build-number>
        <build-date>15-08-2014</build-date>
    </build-info>

<item>
            <title>[COLLECTIONS-528] Add removeAll(Collection&lt;E&gt; collection, Collection&lt;E&gt; remove, Comparator&lt;E&gt; comparator) and contains(Collection&lt;E&gt; collection, E object, Comparator&lt;E&gt; comparator) methods</title>
                <link>https://issues.apache.org/jira/browse/COLLECTIONS-528</link>
                <project id="12310465" key="COLLECTIONS">Commons Collections</project>
                    <description>&lt;p&gt;Hi,&lt;/p&gt;

&lt;p&gt;this request originates from one of our project where we have implemented something similar.&lt;/p&gt;

&lt;p&gt;The Java-Interface java.util.Collection&amp;lt;E&amp;gt; specifies the two methods contains(Object o) and boolean removeAll(Collection&amp;lt;?&amp;gt; c). Both methods rely on the equals() method of the given Objects.&lt;/p&gt;

&lt;p&gt;In some cases, it&apos;s not possible to change those methods and therefore removeAll and contains cannot be used directly. &lt;/p&gt;

&lt;p&gt;E.g. if you have an class myClass with property A and B and the equals method uses both properties, but you are only interested in property B.&lt;/p&gt;

&lt;p&gt;To solve this problem, I&apos;d like to propose the following extensions of CollectionsUtils:&lt;/p&gt;

&lt;div class=&quot;code panel&quot; style=&quot;border-width: 1px;&quot;&gt;&lt;div class=&quot;codeContent panelContent&quot;&gt;
&lt;pre class=&quot;code-java&quot;&gt;
/**
 * Removes all elements of remove from the collection using the comparator instead of .equals()
 */
&lt;span class=&quot;code-keyword&quot;&gt;public&lt;/span&gt; &lt;span class=&quot;code-keyword&quot;&gt;static&lt;/span&gt; &amp;lt;E&amp;gt; Collection&amp;lt;E&amp;gt; removeAll(&lt;span class=&quot;code-keyword&quot;&gt;final&lt;/span&gt; Collection&amp;lt;E&amp;gt; collection, &lt;span class=&quot;code-keyword&quot;&gt;final&lt;/span&gt; Collection&amp;lt;E&amp;gt; remove, Comparator&amp;lt;E&amp;gt; comparator);
/**
 * Checks &lt;span class=&quot;code-keyword&quot;&gt;if&lt;/span&gt; the given collection contains the object using the comparator instead of .equals()
 */
&lt;span class=&quot;code-keyword&quot;&gt;public&lt;/span&gt; &lt;span class=&quot;code-keyword&quot;&gt;static&lt;/span&gt; &amp;lt;E&amp;gt; &lt;span class=&quot;code-object&quot;&gt;boolean&lt;/span&gt; contains(&lt;span class=&quot;code-keyword&quot;&gt;final&lt;/span&gt; Collection&amp;lt;E&amp;gt; collection, &lt;span class=&quot;code-keyword&quot;&gt;final&lt;/span&gt; E object, Comparator&amp;lt;E&amp;gt; comparator);
&lt;/pre&gt;
&lt;/div&gt;&lt;/div&gt;
&lt;p&gt;Both methods do basically the same as their native equivalient but use a comparator instead of equals(). &lt;/p&gt;

&lt;p&gt;This allows the injection of any required compare value:&lt;/p&gt;
&lt;div class=&quot;code panel&quot; style=&quot;border-width: 1px;&quot;&gt;&lt;div class=&quot;codeContent panelContent&quot;&gt;
&lt;pre class=&quot;code-java&quot;&gt;
&lt;span class=&quot;code-keyword&quot;&gt;final&lt;/span&gt; Collection&amp;lt;myClass&amp;gt; result = CollectionUtils.removeAll(base, sub, &lt;span class=&quot;code-keyword&quot;&gt;new&lt;/span&gt; Comparator&amp;lt;myClass&amp;gt;() {

      &lt;span class=&quot;code-keyword&quot;&gt;public&lt;/span&gt; &lt;span class=&quot;code-object&quot;&gt;int&lt;/span&gt; compare(myClass o1, myClass o2) {
        &lt;span class=&quot;code-keyword&quot;&gt;return&lt;/span&gt; o1.getB() == o2.getB();
      }
    });
&lt;/pre&gt;
&lt;/div&gt;&lt;/div&gt;



&lt;p&gt;If you think those methods are a good idea (as proposed or changed according to any rules), please give me a short feedback and I&apos;ll offer an implementation as diff patch for review.&lt;/p&gt;

&lt;p&gt;Cheers,&lt;/p&gt;

&lt;p&gt;Alex&lt;/p&gt;</description>
                <environment></environment>
        <key id="12714565">COLLECTIONS-528</key>
            <summary>Add removeAll(Collection&lt;E&gt; collection, Collection&lt;E&gt; remove, Comparator&lt;E&gt; comparator) and contains(Collection&lt;E&gt; collection, E object, Comparator&lt;E&gt; comparator) methods</summary>
                <type id="4" iconUrl="https://issues.apache.org/jira/images/icons/issuetypes/improvement.png">Improvement</type>
                                            <priority id="3" iconUrl="https://issues.apache.org/jira/images/icons/priorities/major.png">Major</priority>
                        <status id="6" iconUrl="https://issues.apache.org/jira/images/icons/statuses/closed.png" description="The issue is considered finished, the resolution is correct. Issues which are closed can be reopened.">Closed</status>
                    <statusCategory id="3" key="done" colorName="green"/>
                                    <resolution id="3">Duplicate</resolution>
                                        <assignee username="-1">Unassigned</assignee>
                                    <reporter username="amuthmann">Alexander Muthmann</reporter>
                        <labels>
                    </labels>
                <created>Thu, 15 May 2014 18:26:38 +0000</created>
                <updated>Fri, 27 Nov 2015 21:47:13 +0000</updated>
                            <resolved>Mon, 19 May 2014 20:49:40 +0000</resolved>
                                                                    <component>Collection</component>
                        <due></due>
                            <votes>0</votes>
                                    <watches>1</watches>
                                                                <comments>
                            <comment id="13999902" author="tn" created="Fri, 16 May 2014 15:47:11 +0000"  >&lt;p&gt;I think it makes sense.&lt;br/&gt;
What do you think about using an Equator rather than a Comparator?&lt;/p&gt;

&lt;p&gt;The call would be then like this:&lt;/p&gt;

&lt;div class=&quot;preformatted panel&quot; style=&quot;border-width: 1px;&quot;&gt;&lt;div class=&quot;preformattedContent panelContent&quot;&gt;
&lt;pre&gt;final Collection&amp;lt;myClass&amp;gt; result = CollectionUtils.removeAll(base, sub, new DefaultEquator&amp;lt;myClass&amp;gt;() {

      public boolean equate(myClass o1, myClass o2) {
        return o1.getB() == o2.getB();
      }
});
&lt;/pre&gt;
&lt;/div&gt;&lt;/div&gt;</comment>
                            <comment id="14002367" author="tn" created="Mon, 19 May 2014 20:49:40 +0000"  >&lt;p&gt;Resolved as duplicate.&lt;/p&gt;</comment>
                            <comment id="14002893" author="amuthmann" created="Tue, 20 May 2014 07:08:35 +0000"  >&lt;p&gt;Oh sorry, there seemed to be a problem with the internet connection which caused my double-post &lt;img class=&quot;emoticon&quot; src=&quot;https://issues.apache.org/jira/images/icons/emoticons/sad.gif&quot; height=&quot;16&quot; width=&quot;16&quot; align=&quot;absmiddle&quot; alt=&quot;&quot; border=&quot;0&quot;/&gt;&lt;/p&gt;</comment>
                    </comments>
                <issuelinks>
                            <issuelinktype id="12310000">
                    <name>Duplicate</name>
                                            <outwardlinks description="duplicates">
                                        <issuelink>
            <issuekey id="12714567">COLLECTIONS-529</issuekey>
        </issuelink>
                            </outwardlinks>
                                                        </issuelinktype>
                    </issuelinks>
                <attachments>
                    </attachments>
                <subtasks>
                    </subtasks>
                <customfields>
                                                <customfield id="customfield_12310310" key="com.atlassian.jira.toolkit:attachments">
                        <customfieldname>Attachment count</customfieldname>
                        <customfieldvalues>
                            <customfieldvalue>0.0</customfieldvalue>
                        </customfieldvalues>
                    </customfield>
                                                                                                                                                                                                                                                                                                                                                                                                                                                                                                                                <customfield id="customfield_12310220" key="com.atlassian.jira.ext.charting:firstresponsedate">
                        <customfieldname>Date of First Response</customfieldname>
                        <customfieldvalues>
                            <customfieldvalue>Fri, 16 May 2014 15:47:11 +0000</customfieldvalue>

                        </customfieldvalues>
                    </customfield>
                                                                                                                                                                                                                                                                                                                                                                                                                                            <customfield id="customfield_12310420" key="com.pyxis.greenhopper.jira:gh-global-rank">
                        <customfieldname>Global Rank</customfieldname>
                        <customfieldvalues>
                            <customfieldvalue>392878</customfieldvalue>
                        </customfieldvalues>
                    </customfield>
                                                                                                                        <customfield id="customfield_12312521" key="com.atlassian.jira.toolkit:LastCommentDate">
                        <customfieldname>Last public comment date</customfieldname>
                        <customfieldvalues>
                            2 years, 26 weeks, 4 days ago
                        </customfieldvalues>
                    </customfield>
                                                                                            <customfield id="customfield_12311820" key="com.pyxis.greenhopper.jira:gh-lexo-rank">
                        <customfieldname>Rank</customfieldname>
                        <customfieldvalues>
                            <customfieldvalue>0|i1vnl3:</customfieldvalue>

                        </customfieldvalues>
                    </customfield>
                                                                <customfield id="customfield_12310920" key="com.pyxis.greenhopper.jira:gh-global-rank">
                        <customfieldname>Rank (Obsolete)</customfieldname>
                        <customfieldvalues>
                            <customfieldvalue>393049</customfieldvalue>
                        </customfieldvalues>
                    </customfield>
                                                                                                                                                                                                                                        <customfield id="customfield_12310222" key="com.atlassian.jira.ext.charting:timeinstatus">
                        <customfieldname>Time in Status</customfieldname>
                        <customfieldvalues>
                            
                        </customfieldvalues>
                    </customfield>
                                                                                                                        </customfields>
    </item>
</channel>
</rss>