<!-- 
RSS generated by JIRA (6.3.4#6332-sha1:51bc225ef474afe3128b2f66878477f322397b16) at Sun Nov 20 01:34:03 UTC 2016

It is possible to restrict the fields that are returned in this document by specifying the 'field' parameter in your request.
For example, to request only the issue key and summary add field=key&field=summary to the URL of your request.
For example:
https://issues.apache.org/jira/si/jira.issueviews:issue-xml/COLLECTIONS-553/COLLECTIONS-553.xml?field=key&amp;field=summary
-->
<rss version="0.92" >
<channel>
    <title>ASF JIRA</title>
    <link>https://issues.apache.org/jira</link>
    <description>This file is an XML representation of an issue</description>
    <language>en-uk</language>    <build-info>
        <version>6.3.4</version>
        <build-number>6332</build-number>
        <build-date>15-08-2014</build-date>
    </build-info>

<item>
            <title>[COLLECTIONS-553] TransformedMultiValuedMap.equals() fails when comparing the value with itself</title>
                <link>https://issues.apache.org/jira/browse/COLLECTIONS-553</link>
                <project id="12310465" key="COLLECTIONS">Commons Collections</project>
                    <description>&lt;p&gt;TransformedMultiValuedMap.equals() does not return true when comparing a value of a Collection key with itself. Is it allowed to put Collection as a key in TransformedMultiValuedMap at all? If not, I think it should be specified in the document. Or, equals() should be fixed accordingly. &lt;/p&gt;

&lt;p&gt;Reproduce step&lt;/p&gt;
&lt;div class=&quot;code panel&quot; style=&quot;border-style: solid;border-width: 1px;&quot;&gt;&lt;div class=&quot;codeHeader panelHeader&quot; style=&quot;border-bottom-width: 1px;border-bottom-style: solid;&quot;&gt;&lt;b&gt;Test.java&lt;/b&gt;&lt;/div&gt;&lt;div class=&quot;codeContent panelContent&quot;&gt;
&lt;pre class=&quot;code-java&quot;&gt;
&lt;span class=&quot;code-keyword&quot;&gt;public&lt;/span&gt; void test()
{
  TransformedMultiValuedMap map = TransformedMultiValuedMap.transformingMap((MultiValuedMap)&lt;span class=&quot;code-keyword&quot;&gt;new&lt;/span&gt; MultiValuedHashMap(),TransformerUtils.stringValueTransformer(),  TransformerUtils.stringValueTransformer());
  
  MultiValuedHashMap helperMap = &lt;span class=&quot;code-keyword&quot;&gt;new&lt;/span&gt; MultiValuedHashMap();
  helperMap.put(&lt;span class=&quot;code-quote&quot;&gt;&quot;KEY&quot;&lt;/span&gt;, &lt;span class=&quot;code-quote&quot;&gt;&quot;Value&quot;&lt;/span&gt;);
  Collection key = helperMap.keySet();
  map.put(key, &lt;span class=&quot;code-quote&quot;&gt;&quot;Hi&quot;&lt;/span&gt;);
  Collection value = map.get(key);
  assertTrue(&lt;span class=&quot;code-quote&quot;&gt;&quot;Contract failed: value.equals(value)&quot;&lt;/span&gt;, value.equals(value));
}
&lt;/pre&gt;
&lt;/div&gt;&lt;/div&gt;</description>
                <environment></environment>
        <key id="12775398">COLLECTIONS-553</key>
            <summary>TransformedMultiValuedMap.equals() fails when comparing the value with itself</summary>
                <type id="1" iconUrl="https://issues.apache.org/jira/images/icons/issuetypes/bug.png">Bug</type>
                                            <priority id="3" iconUrl="https://issues.apache.org/jira/images/icons/priorities/major.png">Major</priority>
                        <status id="6" iconUrl="https://issues.apache.org/jira/images/icons/statuses/closed.png" description="The issue is considered finished, the resolution is correct. Issues which are closed can be reopened.">Closed</status>
                    <statusCategory id="3" key="done" colorName="green"/>
                                    <resolution id="1">Fixed</resolution>
                                        <assignee username="-1">Unassigned</assignee>
                                    <reporter username="mjkim0324">M Kim</reporter>
                        <labels>
                    </labels>
                <created>Mon, 16 Feb 2015 16:09:39 +0000</created>
                <updated>Fri, 27 Nov 2015 21:11:17 +0000</updated>
                            <resolved>Tue, 7 Apr 2015 11:41:46 +0000</resolved>
                                    <version>4.0</version>
                                    <fixVersion>4.1</fixVersion>
                                    <component>Map</component>
                        <due></due>
                            <votes>0</votes>
                                    <watches>1</watches>
                                                                <comments>
                            <comment id="14483055" author="tn" created="Tue, 7 Apr 2015 11:41:46 +0000"  >&lt;p&gt;Problem solved after fixing &lt;a href=&quot;https://issues.apache.org/jira/browse/COLLECTIONS-543&quot; title=&quot;AbstractCollectionDecorator should not delegate equals and hashcode&quot; class=&quot;issue-link&quot; data-issue-key=&quot;COLLECTIONS-543&quot;&gt;&lt;del&gt;COLLECTIONS-543&lt;/del&gt;&lt;/a&gt;.&lt;/p&gt;</comment>
                    </comments>
                <issuelinks>
                            <issuelinktype id="12310010">
                    <name>Incorporates</name>
                                                                <inwardlinks description="is part of">
                                        <issuelink>
            <issuekey id="12765478">COLLECTIONS-543</issuekey>
        </issuelink>
                            </inwardlinks>
                                    </issuelinktype>
                    </issuelinks>
                <attachments>
                    </attachments>
                <subtasks>
                    </subtasks>
                <customfields>
                                                <customfield id="customfield_12310310" key="com.atlassian.jira.toolkit:attachments">
                        <customfieldname>Attachment count</customfieldname>
                        <customfieldvalues>
                            <customfieldvalue>0.0</customfieldvalue>
                        </customfieldvalues>
                    </customfield>
                                                                                                                                                                                                                                                                                                                                                                                                                                                                                                                                <customfield id="customfield_12310220" key="com.atlassian.jira.ext.charting:firstresponsedate">
                        <customfieldname>Date of First Response</customfieldname>
                        <customfieldvalues>
                            <customfieldvalue>Tue, 7 Apr 2015 11:41:46 +0000</customfieldvalue>

                        </customfieldvalues>
                    </customfield>
                                                                                                                                                                                                                                                                                                                                                                                                                                            <customfield id="customfield_12310420" key="com.pyxis.greenhopper.jira:gh-global-rank">
                        <customfieldname>Global Rank</customfieldname>
                        <customfieldvalues>
                            <customfieldvalue>9223372036854775807</customfieldvalue>
                        </customfieldvalues>
                    </customfield>
                                                                                                                        <customfield id="customfield_12312521" key="com.atlassian.jira.toolkit:LastCommentDate">
                        <customfieldname>Last public comment date</customfieldname>
                        <customfieldvalues>
                            1 year, 32 weeks, 4 days ago
                        </customfieldvalues>
                    </customfield>
                                                                                            <customfield id="customfield_12311820" key="com.pyxis.greenhopper.jira:gh-lexo-rank">
                        <customfieldname>Rank</customfieldname>
                        <customfieldvalues>
                            <customfieldvalue>0|i25onj:</customfieldvalue>

                        </customfieldvalues>
                    </customfield>
                                                                <customfield id="customfield_12310920" key="com.pyxis.greenhopper.jira:gh-global-rank">
                        <customfieldname>Rank (Obsolete)</customfieldname>
                        <customfieldvalues>
                            <customfieldvalue>9223372036854775807</customfieldvalue>
                        </customfieldvalues>
                    </customfield>
                                                                                                                                                                                                                                        <customfield id="customfield_12310222" key="com.atlassian.jira.ext.charting:timeinstatus">
                        <customfieldname>Time in Status</customfieldname>
                        <customfieldvalues>
                            
                        </customfieldvalues>
                    </customfield>
                                                                                                                        </customfields>
    </item>
</channel>
</rss>