<!-- 
RSS generated by JIRA (6.3.4#6332-sha1:51bc225ef474afe3128b2f66878477f322397b16) at Sun Nov 20 01:29:48 UTC 2016

It is possible to restrict the fields that are returned in this document by specifying the 'field' parameter in your request.
For example, to request only the issue key and summary add field=key&field=summary to the URL of your request.
For example:
https://issues.apache.org/jira/si/jira.issueviews:issue-xml/COLLECTIONS-412/COLLECTIONS-412.xml?field=key&amp;field=summary
-->
<rss version="0.92" >
<channel>
    <title>ASF JIRA</title>
    <link>https://issues.apache.org/jira</link>
    <description>This file is an XML representation of an issue</description>
    <language>en-uk</language>    <build-info>
        <version>6.3.4</version>
        <build-number>6332</build-number>
        <build-date>15-08-2014</build-date>
    </build-info>

<item>
            <title>[COLLECTIONS-412] CollectionUtils.subtract() is very slow</title>
                <link>https://issues.apache.org/jira/browse/COLLECTIONS-412</link>
                <project id="12310465" key="COLLECTIONS">Commons Collections</project>
                    <description>&lt;p&gt;Hi,&lt;/p&gt;

&lt;p&gt;I am encountering a performance problem in CollectionUtils.subtract().&lt;br/&gt;
It appears in version 3.2.1 and also in revision 1352300 (20 June&lt;br/&gt;
2012).  I attached a test that exposes this problem and a patch that&lt;br/&gt;
fixes it.  On my machine, for this test, the patch provides a 204X&lt;br/&gt;
speedup.&lt;/p&gt;

&lt;p&gt;To run the test, just do:&lt;/p&gt;

&lt;p&gt;$ java Test&lt;/p&gt;

&lt;p&gt;The output for the un-patched version is:&lt;br/&gt;
Time is 11036&lt;/p&gt;

&lt;p&gt;The output for the patched version is:&lt;br/&gt;
Time is 54&lt;/p&gt;

&lt;p&gt;The root cause of this problem is similar to the root cause of the&lt;br/&gt;
previously fixed &lt;a href=&quot;https://issues.apache.org/jira/browse/COLLECTIONS-406&quot; title=&quot;ListUtils.subtract is very slow &quot; class=&quot;issue-link&quot; data-issue-key=&quot;COLLECTIONS-406&quot;&gt;&lt;del&gt;COLLECTIONS-406&lt;/del&gt;&lt;/a&gt; in ListUtils.subtract(), i.e.,&lt;br/&gt;
quadratic complexity instead of linear complexity.  This problem&lt;br/&gt;
affects two methods:&lt;/p&gt;

&lt;p&gt;CollectionUtils.subtract(final Iterable&amp;lt;? extends O&amp;gt; a, final Iterable&amp;lt;? extends O&amp;gt; b)&lt;br/&gt;
and&lt;br/&gt;
CollectionUtils.subtract(final Iterable&amp;lt;? extends O&amp;gt; a, final Iterable&amp;lt;? extends O&amp;gt; b, final Predicate&amp;lt;O&amp;gt; p)&lt;/p&gt;

&lt;p&gt;because the former just calls the latter.&lt;/p&gt;

&lt;p&gt;Currently, the code for&lt;br/&gt;
&quot;CollectionUtils.subtract(final Iterable&amp;lt;? extends O&amp;gt; a, final Iterable&amp;lt;? extends O&amp;gt; b, final Predicate&amp;lt;O&amp;gt; p)&quot;&lt;br/&gt;
is:&lt;/p&gt;

&lt;p&gt;ArrayList&amp;lt;O&amp;gt; list = new ArrayList&amp;lt;O&amp;gt;();&lt;br/&gt;
addAll(list, a);&lt;br/&gt;
for (O element : b) {&lt;br/&gt;
    if (p.evaluate(element)) &lt;/p&gt;
{
        list.remove(element);
    }
&lt;p&gt;}&lt;/p&gt;

&lt;p&gt;which is quadratic, because &quot;list.remove(element)&quot; has linear&lt;br/&gt;
complexity for &quot;ArrayList&amp;lt;O&amp;gt; list = new ArrayList&amp;lt;O&amp;gt;()&quot;.&lt;/p&gt;

&lt;p&gt;The attached patch makes the remove() be constant complexity by&lt;br/&gt;
removing from an org.apache.commons.collections.bag.HashBag.  The&lt;br/&gt;
attached patch is very similar to the patch of &lt;a href=&quot;https://issues.apache.org/jira/browse/COLLECTIONS-406&quot; title=&quot;ListUtils.subtract is very slow &quot; class=&quot;issue-link&quot; data-issue-key=&quot;COLLECTIONS-406&quot;&gt;&lt;del&gt;COLLECTIONS-406&lt;/del&gt;&lt;/a&gt;, so I&lt;br/&gt;
assume the risk of applying this patch is minimal.  Just like in the&lt;br/&gt;
patch for &lt;a href=&quot;https://issues.apache.org/jira/browse/COLLECTIONS-406&quot; title=&quot;ListUtils.subtract is very slow &quot; class=&quot;issue-link&quot; data-issue-key=&quot;COLLECTIONS-406&quot;&gt;&lt;del&gt;COLLECTIONS-406&lt;/del&gt;&lt;/a&gt;, this patch uses a HashBag (and not a&lt;br/&gt;
HashSet) to respect cardinality when there are repeated objects.&lt;/p&gt;

&lt;p&gt;Can you please confirm if the patch is correct?&lt;/p&gt;

&lt;p&gt;Thanks,&lt;/p&gt;

&lt;p&gt;Adrian&lt;/p&gt;
</description>
                <environment>&lt;p&gt;java 1.6.0_24&lt;br/&gt;
Ubuntu 11.10&lt;/p&gt;</environment>
        <key id="12595338">COLLECTIONS-412</key>
            <summary>CollectionUtils.subtract() is very slow</summary>
                <type id="1" iconUrl="https://issues.apache.org/jira/images/icons/issuetypes/bug.png">Bug</type>
                                            <priority id="3" iconUrl="https://issues.apache.org/jira/images/icons/priorities/major.png">Major</priority>
                        <status id="6" iconUrl="https://issues.apache.org/jira/images/icons/statuses/closed.png" description="The issue is considered finished, the resolution is correct. Issues which are closed can be reopened.">Closed</status>
                    <statusCategory id="3" key="done" colorName="green"/>
                                    <resolution id="1">Fixed</resolution>
                                        <assignee username="-1">Unassigned</assignee>
                                    <reporter username="adriannistor">Adrian Nistor</reporter>
                        <labels>
                    </labels>
                <created>Wed, 20 Jun 2012 20:44:19 +0000</created>
                <updated>Sun, 9 Nov 2014 14:31:22 +0000</updated>
                            <resolved>Sat, 23 Jun 2012 11:34:06 +0000</resolved>
                                                    <fixVersion>4.0-alpha1</fixVersion>
                    <fixVersion>4.0</fixVersion>
                                        <due></due>
                            <votes>0</votes>
                                    <watches>2</watches>
                                                                <comments>
                            <comment id="13399915" author="tn" created="Sat, 23 Jun 2012 11:34:06 +0000"  >&lt;p&gt;Fixed in r1353111.&lt;/p&gt;

&lt;p&gt;I did not apply the patch, but rather changed the method in a similar way as outlined in the patch. Instead of evaluating the predicate on all elements of A, only elements of B that satisfy the predicate are added to a bag. The rest is similar to the patch.&lt;/p&gt;

&lt;p&gt;Also added more information in the javadoc how the resulting collection will look like depending on the predicate evaluation.&lt;/p&gt;

&lt;p&gt;Thanks for reporting and the patch!&lt;/p&gt;</comment>
                            <comment id="13399923" author="hudson" created="Sat, 23 Jun 2012 12:01:09 +0000"  >&lt;p&gt;Integrated in commons-collections #29 (See &lt;a href=&quot;https://builds.apache.org/job/commons-collections/29/&quot; class=&quot;external-link&quot; rel=&quot;nofollow&quot;&gt;https://builds.apache.org/job/commons-collections/29/&lt;/a&gt;)&lt;br/&gt;
    &lt;a href=&quot;https://issues.apache.org/jira/browse/COLLECTIONS-412&quot; title=&quot;CollectionUtils.subtract() is very slow&quot; class=&quot;issue-link&quot; data-issue-key=&quot;COLLECTIONS-412&quot;&gt;&lt;del&gt;COLLECTIONS-412&lt;/del&gt;&lt;/a&gt; Improved performance of CollectionUtils#subtract. Thanks to Adrian Nistor for report and patch. (Revision 1353111)&lt;/p&gt;

&lt;p&gt;     Result = FAILURE&lt;br/&gt;
tn : &lt;a href=&quot;http://svn.apache.org/viewvc/?view=rev&amp;amp;rev=1353111&quot; class=&quot;external-link&quot; rel=&quot;nofollow&quot;&gt;http://svn.apache.org/viewvc/?view=rev&amp;amp;rev=1353111&lt;/a&gt;&lt;br/&gt;
Files : &lt;/p&gt;
&lt;ul&gt;
	&lt;li&gt;/commons/proper/collections/trunk/src/main/java/org/apache/commons/collections/CollectionUtils.java&lt;/li&gt;
&lt;/ul&gt;
</comment>
                    </comments>
                    <attachments>
                            <attachment id="12532761" name="Test.java" size="835" author="adriannistor" created="Wed, 20 Jun 2012 20:44:30 +0000"/>
                            <attachment id="12532760" name="patch.diff" size="1407" author="adriannistor" created="Wed, 20 Jun 2012 20:44:30 +0000"/>
                    </attachments>
                <subtasks>
                    </subtasks>
                <customfields>
                                                <customfield id="customfield_12310310" key="com.atlassian.jira.toolkit:attachments">
                        <customfieldname>Attachment count</customfieldname>
                        <customfieldvalues>
                            <customfieldvalue>2.0</customfieldvalue>
                        </customfieldvalues>
                    </customfield>
                                                                                                                                                                                                                                                                                                                                                                                                                                                                                                                                <customfield id="customfield_12310220" key="com.atlassian.jira.ext.charting:firstresponsedate">
                        <customfieldname>Date of First Response</customfieldname>
                        <customfieldvalues>
                            <customfieldvalue>Sat, 23 Jun 2012 11:34:06 +0000</customfieldvalue>

                        </customfieldvalues>
                    </customfield>
                                                                                                                                                                                                                                                                                                                                                                                                                                            <customfield id="customfield_12310420" key="com.pyxis.greenhopper.jira:gh-global-rank">
                        <customfieldname>Global Rank</customfieldname>
                        <customfieldvalues>
                            <customfieldvalue>292946</customfieldvalue>
                        </customfieldvalues>
                    </customfield>
                                                                                                                        <customfield id="customfield_12312521" key="com.atlassian.jira.toolkit:LastCommentDate">
                        <customfieldname>Last public comment date</customfieldname>
                        <customfieldvalues>
                            4 years, 22 weeks ago
                        </customfieldvalues>
                    </customfield>
                                                                                            <customfield id="customfield_12311820" key="com.pyxis.greenhopper.jira:gh-lexo-rank">
                        <customfieldname>Rank</customfieldname>
                        <customfieldvalues>
                            <customfieldvalue>0|i0shpz:</customfieldvalue>

                        </customfieldvalues>
                    </customfield>
                                                                <customfield id="customfield_12310920" key="com.pyxis.greenhopper.jira:gh-global-rank">
                        <customfieldname>Rank (Obsolete)</customfieldname>
                        <customfieldvalues>
                            <customfieldvalue>164348</customfieldvalue>
                        </customfieldvalues>
                    </customfield>
                                                                                                                                                                                                                                        <customfield id="customfield_12310222" key="com.atlassian.jira.ext.charting:timeinstatus">
                        <customfieldname>Time in Status</customfieldname>
                        <customfieldvalues>
                            
                        </customfieldvalues>
                    </customfield>
                                                                                                                        </customfields>
    </item>
</channel>
</rss>