<!-- 
RSS generated by JIRA (6.3.4#6332-sha1:51bc225ef474afe3128b2f66878477f322397b16) at Sun Nov 20 01:32:36 UTC 2016

It is possible to restrict the fields that are returned in this document by specifying the 'field' parameter in your request.
For example, to request only the issue key and summary add field=key&field=summary to the URL of your request.
For example:
https://issues.apache.org/jira/si/jira.issueviews:issue-xml/COLLECTIONS-417/COLLECTIONS-417.xml?field=key&amp;field=summary
-->
<rss version="0.92" >
<channel>
    <title>ASF JIRA</title>
    <link>https://issues.apache.org/jira</link>
    <description>This file is an XML representation of an issue</description>
    <language>en-uk</language>    <build-info>
        <version>6.3.4</version>
        <build-number>6332</build-number>
        <build-date>15-08-2014</build-date>
    </build-info>

<item>
            <title>[COLLECTIONS-417] AbstractLinkedList.retainAll() is very slow</title>
                <link>https://issues.apache.org/jira/browse/COLLECTIONS-417</link>
                <project id="12310465" key="COLLECTIONS">Commons Collections</project>
                    <description>&lt;p&gt;Hi,&lt;/p&gt;

&lt;p&gt;I am encountering a performance problem in&lt;br/&gt;
AbstractLinkedList.retainAll().  It appears in version 3.2.1 and also&lt;br/&gt;
in revision 1355448.  I attached a test that exposes this problem and&lt;br/&gt;
a one-line patch that fixes it.  On my machine, for this test, the&lt;br/&gt;
patch provides a 158X speedup.&lt;/p&gt;

&lt;p&gt;To run the test, just do:&lt;/p&gt;

&lt;p&gt;$ java Test&lt;/p&gt;

&lt;p&gt;The output for the un-patched version is:&lt;br/&gt;
Time is 5531&lt;/p&gt;

&lt;p&gt;The output for the patched version is:&lt;br/&gt;
Time is 35&lt;/p&gt;

&lt;p&gt;As the patch shows, the problem is that&lt;br/&gt;
&quot;AbstractLinkedList.retainAll(Collection&amp;lt;?&amp;gt; coll)&quot; performs&lt;br/&gt;
&quot;coll.contains(it.next())&quot; for each element in the AbstractLinkedList,&lt;br/&gt;
which can be very expensive if &quot;coll.contains()&quot; is expensive, e.g.,&lt;br/&gt;
when &quot;coll&quot; is a list.&lt;/p&gt;

&lt;p&gt;The one-line patch I attached puts the elements of &quot;coll&quot; in a HashSet&lt;br/&gt;
(which has very fast &quot;contains()&quot;), if &quot;coll&quot; is not already a set:&lt;/p&gt;

&lt;p&gt;&quot;if (!(coll instanceof java.util.Set&amp;lt;?&amp;gt;)) coll = new java.util.HashSet&amp;lt;Object&amp;gt;(coll);&quot;&lt;/p&gt;

&lt;p&gt;Is this a bug, or am I misunderstanding the intended behavior? If so,&lt;br/&gt;
can you please confirm that the patch is correct?&lt;/p&gt;

&lt;p&gt;Thanks,&lt;/p&gt;

&lt;p&gt;Adrian&lt;/p&gt;</description>
                <environment>&lt;p&gt;java 1.6.0_24&lt;br/&gt;
Ubuntu 11.10&lt;/p&gt;</environment>
        <key id="12596461">COLLECTIONS-417</key>
            <summary>AbstractLinkedList.retainAll() is very slow</summary>
                <type id="1" iconUrl="https://issues.apache.org/jira/images/icons/issuetypes/bug.png">Bug</type>
                                            <priority id="3" iconUrl="https://issues.apache.org/jira/images/icons/priorities/major.png">Major</priority>
                        <status id="6" iconUrl="https://issues.apache.org/jira/images/icons/statuses/closed.png" description="The issue is considered finished, the resolution is correct. Issues which are closed can be reopened.">Closed</status>
                    <statusCategory id="3" key="done" colorName="green"/>
                                    <resolution id="1">Fixed</resolution>
                                        <assignee username="-1">Unassigned</assignee>
                                    <reporter username="adriannistor">Adrian Nistor</reporter>
                        <labels>
                    </labels>
                <created>Fri, 29 Jun 2012 22:01:30 +0000</created>
                <updated>Sun, 9 Nov 2014 14:31:39 +0000</updated>
                            <resolved>Thu, 20 Sep 2012 18:07:52 +0000</resolved>
                                    <version>3.2.1</version>
                                    <fixVersion>4.0-alpha1</fixVersion>
                    <fixVersion>4.0</fixVersion>
                                        <due></due>
                            <votes>0</votes>
                                    <watches>2</watches>
                                                                <comments>
                            <comment id="13445397" author="adriannistor" created="Thu, 30 Aug 2012 23:05:08 +0000"  >&lt;p&gt;I am attaching a patch with the javadoc clarification on the runtime&lt;br/&gt;
complexity of the method.  This javadoc patch is almost identical to&lt;br/&gt;
the javadoc added for &lt;a href=&quot;https://issues.apache.org/jira/browse/COLLECTIONS-416&quot; title=&quot;ListUtils.removeAll() is very slow&quot; class=&quot;issue-link&quot; data-issue-key=&quot;COLLECTIONS-416&quot;&gt;&lt;del&gt;COLLECTIONS-416&lt;/del&gt;&lt;/a&gt; and &lt;a href=&quot;https://issues.apache.org/jira/browse/COLLECTIONS-418&quot; title=&quot;ListUtils.retainAll() is very slow&quot; class=&quot;issue-link&quot; data-issue-key=&quot;COLLECTIONS-418&quot;&gt;&lt;del&gt;COLLECTIONS-418&lt;/del&gt;&lt;/a&gt;.  As&lt;br/&gt;
discussed in &lt;a href=&quot;https://issues.apache.org/jira/browse/COLLECTIONS-416&quot; title=&quot;ListUtils.removeAll() is very slow&quot; class=&quot;issue-link&quot; data-issue-key=&quot;COLLECTIONS-416&quot;&gt;&lt;del&gt;COLLECTIONS-416&lt;/del&gt;&lt;/a&gt;, users should use a data structure for&lt;br/&gt;
the elements to be retained which supports a fast implementation of&lt;br/&gt;
contains.&lt;/p&gt;</comment>
                            <comment id="13459811" author="tn" created="Thu, 20 Sep 2012 18:07:52 +0000"  >&lt;p&gt;Applied patch in r1388146. Thanks for the patch!&lt;/p&gt;</comment>
                    </comments>
                    <attachments>
                            <attachment id="12534056" name="Test.java" size="699" author="adriannistor" created="Fri, 29 Jun 2012 22:01:43 +0000"/>
                            <attachment id="12543186" name="docPatch.diff" size="1022" author="adriannistor" created="Thu, 30 Aug 2012 23:05:44 +0000"/>
                            <attachment id="12534055" name="patch.diff" size="691" author="adriannistor" created="Fri, 29 Jun 2012 22:01:43 +0000"/>
                    </attachments>
                <subtasks>
                    </subtasks>
                <customfields>
                                                <customfield id="customfield_12310310" key="com.atlassian.jira.toolkit:attachments">
                        <customfieldname>Attachment count</customfieldname>
                        <customfieldvalues>
                            <customfieldvalue>3.0</customfieldvalue>
                        </customfieldvalues>
                    </customfield>
                                                                                                                                                                                                                                                                                                                                                                                                                                                                                                                                <customfield id="customfield_12310220" key="com.atlassian.jira.ext.charting:firstresponsedate">
                        <customfieldname>Date of First Response</customfieldname>
                        <customfieldvalues>
                            <customfieldvalue>Thu, 20 Sep 2012 18:07:52 +0000</customfieldvalue>

                        </customfieldvalues>
                    </customfield>
                                                                                                                                                                                                                                                                                                                                                                                                                                            <customfield id="customfield_12310420" key="com.pyxis.greenhopper.jira:gh-global-rank">
                        <customfieldname>Global Rank</customfieldname>
                        <customfieldvalues>
                            <customfieldvalue>244858</customfieldvalue>
                        </customfieldvalues>
                    </customfield>
                                                                                                                        <customfield id="customfield_12312521" key="com.atlassian.jira.toolkit:LastCommentDate">
                        <customfieldname>Last public comment date</customfieldname>
                        <customfieldvalues>
                            4 years, 9 weeks, 2 days ago
                        </customfieldvalues>
                    </customfield>
                                                                                            <customfield id="customfield_12311820" key="com.pyxis.greenhopper.jira:gh-lexo-rank">
                        <customfieldname>Rank</customfieldname>
                        <customfieldvalues>
                            <customfieldvalue>0|i05ubb:</customfieldvalue>

                        </customfieldvalues>
                    </customfield>
                                                                <customfield id="customfield_12310920" key="com.pyxis.greenhopper.jira:gh-global-rank">
                        <customfieldname>Rank (Obsolete)</customfieldname>
                        <customfieldvalues>
                            <customfieldvalue>32008</customfieldvalue>
                        </customfieldvalues>
                    </customfield>
                                                                                                                                                                                                                                        <customfield id="customfield_12310222" key="com.atlassian.jira.ext.charting:timeinstatus">
                        <customfieldname>Time in Status</customfieldname>
                        <customfieldvalues>
                            
                        </customfieldvalues>
                    </customfield>
                                                                                                                        </customfields>
    </item>
</channel>
</rss>