<!-- 
RSS generated by JIRA (6.3.4#6332-sha1:51bc225ef474afe3128b2f66878477f322397b16) at Sun Nov 20 00:08:36 UTC 2016

It is possible to restrict the fields that are returned in this document by specifying the 'field' parameter in your request.
For example, to request only the issue key and summary add field=key&field=summary to the URL of your request.
For example:
https://issues.apache.org/jira/si/jira.issueviews:issue-xml/COLLECTIONS-278/COLLECTIONS-278.xml?field=key&amp;field=summary
-->
<rss version="0.92" >
<channel>
    <title>ASF JIRA</title>
    <link>https://issues.apache.org/jira</link>
    <description>This file is an XML representation of an issue</description>
    <language>en-uk</language>    <build-info>
        <version>6.3.4</version>
        <build-number>6332</build-number>
        <build-date>15-08-2014</build-date>
    </build-info>

<item>
            <title>[COLLECTIONS-278] put() and putAll() don&apos;t update the getKeys() map</title>
                <link>https://issues.apache.org/jira/browse/COLLECTIONS-278</link>
                <project id="12310465" key="COLLECTIONS">Commons Collections</project>
                    <description>&lt;p&gt;If you use the put() or putAll() methods of the ExtendedProperties class, it will  not update the contents of the internal keysAsListed map which in turn will return a different list of keys using the getKeys() method than the keySet() method does.&lt;/p&gt;

&lt;p&gt;The attached patchs fix this behaviour and add test cases. &lt;/p&gt;</description>
                <environment></environment>
        <key id="12382455">COLLECTIONS-278</key>
            <summary>put() and putAll() don&apos;t update the getKeys() map</summary>
                <type id="1" iconUrl="https://issues.apache.org/jira/images/icons/issuetypes/bug.png">Bug</type>
                                            <priority id="3" iconUrl="https://issues.apache.org/jira/images/icons/priorities/major.png">Major</priority>
                        <status id="6" iconUrl="https://issues.apache.org/jira/images/icons/statuses/closed.png" description="The issue is considered finished, the resolution is correct. Issues which are closed can be reopened.">Closed</status>
                    <statusCategory id="3" key="done" colorName="green"/>
                                    <resolution id="1">Fixed</resolution>
                                        <assignee username="-1">Unassigned</assignee>
                                    <reporter username="henning">Henning Schmiedehausen</reporter>
                        <labels>
                    </labels>
                <created>Tue, 13 Nov 2007 21:24:36 +0000</created>
                <updated>Fri, 27 Nov 2015 21:11:14 +0000</updated>
                            <resolved>Thu, 28 Feb 2013 20:05:19 +0000</resolved>
                                    <version>3.2</version>
                                                        <due></due>
                            <votes>0</votes>
                                    <watches>0</watches>
                                                                <comments>
                            <comment id="12555478" author="bayard" created="Thu, 3 Jan 2008 03:49:18 +0000"  >&lt;p&gt;Henning&apos;s patch had a lot of whitespace diffs, so here&apos;s a version without those changes.&lt;/p&gt;</comment>
                            <comment id="12555481" author="bayard" created="Thu, 3 Jan 2008 04:12:50 +0000"  >&lt;p&gt;Henning&apos;s patch looks good. I&apos;ve added javadoc in one last patch, and I&apos;ve implemented remove(Object);Object as well because it appears to me that this is another area for the same type of bug. &lt;/p&gt;</comment>
                            <comment id="12579100" author="bayard" created="Sat, 15 Mar 2008 23:22:47 +0000"  >&lt;p&gt; svn ci -m &quot;Applying the latest patch from Henning&apos;s report in &lt;a href=&quot;https://issues.apache.org/jira/browse/COLLECTIONS-278&quot; title=&quot;put() and putAll() don&amp;#39;t update the getKeys() map&quot; class=&quot;issue-link&quot; data-issue-key=&quot;COLLECTIONS-278&quot;&gt;&lt;del&gt;COLLECTIONS-278&lt;/del&gt;&lt;/a&gt; that put() and putAll() don&apos;t update the getKeys() map on ExtendedProperties&quot; src&lt;/p&gt;

&lt;p&gt;Sending        src/java/org/apache/commons/collections/ExtendedProperties.java&lt;br/&gt;
Sending        src/test/org/apache/commons/collections/TestExtendedProperties.java&lt;br/&gt;
Transmitting file data ..&lt;br/&gt;
Committed revision 637489.&lt;/p&gt;</comment>
                            <comment id="13638369" author="tn" created="Mon, 22 Apr 2013 19:47:21 +0000"  >&lt;p&gt;Obsolete fix as the class has been removed.&lt;/p&gt;</comment>
                    </comments>
                <issuelinks>
                            <issuelinktype id="12310051">
                    <name>Supercedes</name>
                                                                <inwardlinks description="is superceded by">
                                        <issuelink>
            <issuekey id="12445725">COLLECTIONS-351</issuekey>
        </issuelink>
                            </inwardlinks>
                                    </issuelinktype>
                    </issuelinks>
                <attachments>
                            <attachment id="12372439" name="COLLECTIONS-278.patch" size="8215" author="bayard" created="Thu, 3 Jan 2008 04:12:50 +0000"/>
                            <attachment id="12372437" name="COLLECTIONS-278.patch" size="6781" author="bayard" created="Thu, 3 Jan 2008 03:49:18 +0000"/>
                            <attachment id="12369450" name="putall-test-patch" size="7680" author="henning" created="Tue, 13 Nov 2007 21:25:27 +0000"/>
                            <attachment id="12369449" name="putall.patch" size="11854" author="henning" created="Tue, 13 Nov 2007 21:25:03 +0000"/>
                    </attachments>
                <subtasks>
                    </subtasks>
                <customfields>
                                                <customfield id="customfield_12310310" key="com.atlassian.jira.toolkit:attachments">
                        <customfieldname>Attachment count</customfieldname>
                        <customfieldvalues>
                            <customfieldvalue>4.0</customfieldvalue>
                        </customfieldvalues>
                    </customfield>
                                                                                                                                                                                                                                                                                                                                                                                                                                                                                                                                <customfield id="customfield_12310220" key="com.atlassian.jira.ext.charting:firstresponsedate">
                        <customfieldname>Date of First Response</customfieldname>
                        <customfieldvalues>
                            <customfieldvalue>Thu, 3 Jan 2008 03:49:18 +0000</customfieldvalue>

                        </customfieldvalues>
                    </customfield>
                                                                                                                                                                                                                                                                                                                                                                                                                                            <customfield id="customfield_12310420" key="com.pyxis.greenhopper.jira:gh-global-rank">
                        <customfieldname>Global Rank</customfieldname>
                        <customfieldvalues>
                            <customfieldvalue>18722</customfieldvalue>
                        </customfieldvalues>
                    </customfield>
                                                                                                                        <customfield id="customfield_12312521" key="com.atlassian.jira.toolkit:LastCommentDate">
                        <customfieldname>Last public comment date</customfieldname>
                        <customfieldvalues>
                            3 years, 30 weeks, 5 days ago
                        </customfieldvalues>
                    </customfield>
                                                                                            <customfield id="customfield_12311820" key="com.pyxis.greenhopper.jira:gh-lexo-rank">
                        <customfieldname>Rank</customfieldname>
                        <customfieldvalues>
                            <customfieldvalue>0|i0sicn:</customfieldvalue>

                        </customfieldvalues>
                    </customfield>
                                                                <customfield id="customfield_12310920" key="com.pyxis.greenhopper.jira:gh-global-rank">
                        <customfieldname>Rank (Obsolete)</customfieldname>
                        <customfieldvalues>
                            <customfieldvalue>164450</customfieldvalue>
                        </customfieldvalues>
                    </customfield>
                                                                                                                                                                                                                                        <customfield id="customfield_12310222" key="com.atlassian.jira.ext.charting:timeinstatus">
                        <customfieldname>Time in Status</customfieldname>
                        <customfieldvalues>
                            
                        </customfieldvalues>
                    </customfield>
                                                                                                                        </customfields>
    </item>
</channel>
</rss>