<!-- 
RSS generated by JIRA (6.3.4#6332-sha1:51bc225ef474afe3128b2f66878477f322397b16) at Sat Nov 19 20:53:03 UTC 2016

It is possible to restrict the fields that are returned in this document by specifying the 'field' parameter in your request.
For example, to request only the issue key and summary add field=key&field=summary to the URL of your request.
For example:
https://issues.apache.org/jira/si/jira.issueviews:issue-xml/COLLECTIONS-102/COLLECTIONS-102.xml?field=key&amp;field=summary
-->
<rss version="0.92" >
<channel>
    <title>ASF JIRA</title>
    <link>https://issues.apache.org/jira</link>
    <description>This file is an XML representation of an issue</description>
    <language>en-uk</language>    <build-info>
        <version>6.3.4</version>
        <build-number>6332</build-number>
        <build-date>15-08-2014</build-date>
    </build-info>

<item>
            <title>[COLLECTIONS-102] Bag interface violates Collection contract</title>
                <link>https://issues.apache.org/jira/browse/COLLECTIONS-102</link>
                <project id="12310465" key="COLLECTIONS">Commons Collections</project>
                    <description>&lt;p&gt;The following methods as defined by the Bag interface violate their &lt;br/&gt;
corresponding definitions in the Collection interface:&lt;/p&gt;

&lt;p&gt;add(Object), addAll(Collection)&lt;br/&gt;
  The Collection interface specifies that the add method should return true if &lt;br/&gt;
the collection changes as a result of the call.  Since a bag&apos;s size always &lt;br/&gt;
increases as a result of an add operation, Bag.add should always return true.  &lt;br/&gt;
The bag interface specifies that add(Object) will only return true if the &lt;br/&gt;
object was not already in the unique set.&lt;/p&gt;

&lt;p&gt;remove(Object)&lt;br/&gt;
  The Collection interface states that only one occurrence of a given object &lt;br/&gt;
should be removed as a result of this method.  The Bag interface specifies that &lt;br/&gt;
all occurrences will be removed.&lt;/p&gt;

&lt;p&gt;removeAll(Collection)&lt;br/&gt;
retainAll(Collection)&lt;br/&gt;
containsAll(Collection)&lt;br/&gt;
  The Collection specification does not respect cardinality for these methods; &lt;br/&gt;
the Bag interface does.&lt;/p&gt;

&lt;p&gt;The add, addAll and remove methods can be fixed easily, and code relying on the &lt;br/&gt;
old behavior can be rewritten simply using existing Bag methods:&lt;/p&gt;

&lt;p&gt;   boolean r = bag.add(obj)&lt;/p&gt;

&lt;p&gt;can be replaced with:&lt;/p&gt;

&lt;p&gt;   boolean r = !bag.contains(obj);&lt;br/&gt;
   bag.add(obj)&lt;/p&gt;

&lt;p&gt;And&lt;/p&gt;

&lt;p&gt;   boolean r = bag.remove(obj)&lt;/p&gt;

&lt;p&gt;can be replaced with&lt;/p&gt;

&lt;p&gt;   boolean r = bag.remove(obj, bag.getCount(obj));&lt;/p&gt;

&lt;p&gt;The existing bulk operations could be implemented with static utility methods &lt;br/&gt;
in CollectionUtils (or possibly BagUtils), which would allow a smooth migration &lt;br/&gt;
path for code that relies on the current bulk operation behavior.&lt;/p&gt;</description>
                <environment>&lt;p&gt;Operating System: All&lt;br/&gt;
Platform: All&lt;/p&gt;</environment>
        <key id="12340233">COLLECTIONS-102</key>
            <summary>Bag interface violates Collection contract</summary>
                <type id="1" iconUrl="https://issues.apache.org/jira/images/icons/issuetypes/bug.png">Bug</type>
                                            <priority id="4" iconUrl="https://issues.apache.org/jira/images/icons/priorities/minor.png">Minor</priority>
                        <status id="6" iconUrl="https://issues.apache.org/jira/images/icons/statuses/closed.png" description="The issue is considered finished, the resolution is correct. Issues which are closed can be reopened.">Closed</status>
                    <statusCategory id="3" key="done" colorName="green"/>
                                    <resolution id="1">Fixed</resolution>
                                        <assignee username="-1">Unassigned</assignee>
                                    <reporter username="pjack@sfaf.org">Paul Jack</reporter>
                        <labels>
                    </labels>
                <created>Wed, 29 May 2002 02:49:29 +0000</created>
                <updated>Sat, 15 Mar 2008 21:36:01 +0000</updated>
                            <resolved>Fri, 14 Jul 2006 12:05:36 +0000</resolved>
                                                                        <due></due>
                            <votes>1</votes>
                                    <watches>0</watches>
                                                                <comments>
                            <comment id="12402653" author="pjack@sfaf.org" created="Tue, 4 Jun 2002 07:42:34 +0000"  >&lt;p&gt;Created an attachment (id=1998)&lt;br/&gt;
Patch for this bug that makes Bag conform to Collection contract.&lt;/p&gt;</comment>
                            <comment id="12402654" author="pjack@sfaf.org" created="Tue, 13 Aug 2002 01:28:00 +0000"  >&lt;p&gt;Updated documentation so that the violations are clearly marked.  Will fix in a&lt;br/&gt;
later release.&lt;/p&gt;</comment>
                            <comment id="12421007" author="bayard" created="Fri, 14 Jul 2006 12:05:30 +0000"  >&lt;p&gt;Reopen/reclose to deal with migration bug.&lt;/p&gt;</comment>
                    </comments>
                    <attachments>
                            <attachment id="12331968" name="ASF.LICENSE.NOT.GRANTED--bug9467_patch.diff" size="7035" author="pjack@sfaf.org" created="Tue, 4 Jun 2002 07:42:34 +0000"/>
                    </attachments>
                <subtasks>
                    </subtasks>
                <customfields>
                                                <customfield id="customfield_12310310" key="com.atlassian.jira.toolkit:attachments">
                        <customfieldname>Attachment count</customfieldname>
                        <customfieldvalues>
                            <customfieldvalue>1.0</customfieldvalue>
                        </customfieldvalues>
                    </customfield>
                                                                                                                                                                                                                                                                                                                                                                                                                                                                        <customfield id="customfield_10010" key="com.atlassian.jira.plugin.system.customfieldtypes:importid">
                        <customfieldname>Bugzilla Id</customfieldname>
                        <customfieldvalues>
                            <customfieldvalue>9467</customfieldvalue>
                        </customfieldvalues>
                    </customfield>
                                                                                            <customfield id="customfield_12310220" key="com.atlassian.jira.ext.charting:firstresponsedate">
                        <customfieldname>Date of First Response</customfieldname>
                        <customfieldvalues>
                            <customfieldvalue>Fri, 14 Jul 2006 12:05:30 +0000</customfieldvalue>

                        </customfieldvalues>
                    </customfield>
                                                                                                                                                                                                                                                                                                                                                                                                                                            <customfield id="customfield_12310420" key="com.pyxis.greenhopper.jira:gh-global-rank">
                        <customfieldname>Global Rank</customfieldname>
                        <customfieldvalues>
                            <customfieldvalue>18896</customfieldvalue>
                        </customfieldvalues>
                    </customfield>
                                                                                                                        <customfield id="customfield_12312521" key="com.atlassian.jira.toolkit:LastCommentDate">
                        <customfieldname>Last public comment date</customfieldname>
                        <customfieldvalues>
                            10 years, 20 weeks, 1 day ago
                        </customfieldvalues>
                    </customfield>
                                                                                            <customfield id="customfield_12311820" key="com.pyxis.greenhopper.jira:gh-lexo-rank">
                        <customfieldname>Rank</customfieldname>
                        <customfieldvalues>
                            <customfieldvalue>0|i0sjbb:</customfieldvalue>

                        </customfieldvalues>
                    </customfield>
                                                                <customfield id="customfield_12310920" key="com.pyxis.greenhopper.jira:gh-global-rank">
                        <customfieldname>Rank (Obsolete)</customfieldname>
                        <customfieldvalues>
                            <customfieldvalue>164606</customfieldvalue>
                        </customfieldvalues>
                    </customfield>
                                                                                                                                                                                                                                        <customfield id="customfield_12310222" key="com.atlassian.jira.ext.charting:timeinstatus">
                        <customfieldname>Time in Status</customfieldname>
                        <customfieldvalues>
                            
                        </customfieldvalues>
                    </customfield>
                                                                                                                        </customfields>
    </item>
</channel>
</rss>