<!-- 
RSS generated by JIRA (6.3.4#6332-sha1:51bc225ef474afe3128b2f66878477f322397b16) at Sat Nov 19 20:41:20 UTC 2016

It is possible to restrict the fields that are returned in this document by specifying the 'field' parameter in your request.
For example, to request only the issue key and summary add field=key&field=summary to the URL of your request.
For example:
https://issues.apache.org/jira/si/jira.issueviews:issue-xml/COLLECTIONS-288/COLLECTIONS-288.xml?field=key&amp;field=summary
-->
<rss version="0.92" >
<channel>
    <title>ASF JIRA</title>
    <link>https://issues.apache.org/jira</link>
    <description>This file is an XML representation of an issue</description>
    <language>en-uk</language>    <build-info>
        <version>6.3.4</version>
        <build-number>6332</build-number>
        <build-date>15-08-2014</build-date>
    </build-info>

<item>
            <title>[COLLECTIONS-288] Javadoc: incorrect behavior explained for ListUtils.transformedList</title>
                <link>https://issues.apache.org/jira/browse/COLLECTIONS-288</link>
                <project id="12310465" key="COLLECTIONS">Commons Collections</project>
                    <description>&lt;p&gt;The contract stated for ListUtils.transformedList is wrong. The list is not transformed &amp;#8211; it decorates the existing list and transforms NEW objects &amp;#8211; EXISTING objects are not transformed. &lt;/p&gt;

&lt;p&gt;Compare this to the javadoc found in MapUtils.transformedMap:&lt;br/&gt;
&quot;This method returns a new map (decorating the specified map) that will transform any new entries added to it. Existing entries in the specified map will not be transformed. &quot;&lt;/p&gt;

&lt;p&gt;That little missing piece of information messed me up. Just replace &quot;map&quot; with &quot;list&quot; and append it to the existing LilstUtils javadoc.&lt;/p&gt;</description>
                <environment></environment>
        <key id="12391638">COLLECTIONS-288</key>
            <summary>Javadoc: incorrect behavior explained for ListUtils.transformedList</summary>
                <type id="1" iconUrl="https://issues.apache.org/jira/images/icons/issuetypes/bug.png">Bug</type>
                                            <priority id="3" iconUrl="https://issues.apache.org/jira/images/icons/priorities/major.png">Major</priority>
                        <status id="6" iconUrl="https://issues.apache.org/jira/images/icons/statuses/closed.png" description="The issue is considered finished, the resolution is correct. Issues which are closed can be reopened.">Closed</status>
                    <statusCategory id="3" key="done" colorName="green"/>
                                    <resolution id="1">Fixed</resolution>
                                        <assignee username="-1">Unassigned</assignee>
                                    <reporter username="pbenedict">Paul Benedict</reporter>
                        <labels>
                    </labels>
                <created>Mon, 17 Mar 2008 16:34:24 +0000</created>
                <updated>Sun, 9 Nov 2014 14:31:22 +0000</updated>
                            <resolved>Thu, 28 Feb 2013 19:38:25 +0000</resolved>
                                                    <fixVersion>4.0-alpha1</fixVersion>
                    <fixVersion>4.0</fixVersion>
                                    <component>List</component>
                        <due></due>
                            <votes>0</votes>
                                    <watches>0</watches>
                                                                <comments>
                            <comment id="12579742" author="bayard" created="Tue, 18 Mar 2008 06:10:03 +0000"  >&lt;p&gt;svn ci -m &quot;Stressing that existing objects are not transformed as per Paul&apos;s request in &lt;a href=&quot;https://issues.apache.org/jira/browse/COLLECTIONS-288&quot; title=&quot;Javadoc: incorrect behavior explained for ListUtils.transformedList&quot; class=&quot;issue-link&quot; data-issue-key=&quot;COLLECTIONS-288&quot;&gt;&lt;del&gt;COLLECTIONS-288&lt;/del&gt;&lt;/a&gt;&quot; src/java/org/apache/commons/collections/ListUtils.java &lt;/p&gt;

&lt;p&gt;Sending        src/java/org/apache/commons/collections/ListUtils.java&lt;br/&gt;
Transmitting file data .&lt;br/&gt;
Committed revision 638227.&lt;/p&gt;</comment>
                    </comments>
                <issuelinks>
                            <issuelinktype id="12310000">
                    <name>Duplicate</name>
                                                                <inwardlinks description="is duplicated by">
                                        <issuelink>
            <issuekey id="12371294">COLLECTIONS-256</issuekey>
        </issuelink>
                            </inwardlinks>
                                    </issuelinktype>
                            <issuelinktype id="10030">
                    <name>Reference</name>
                                            <outwardlinks description="relates to">
                                        <issuelink>
            <issuekey id="12443858">COLLECTIONS-348</issuekey>
        </issuelink>
                            </outwardlinks>
                                                        </issuelinktype>
                    </issuelinks>
                <attachments>
                    </attachments>
                <subtasks>
                    </subtasks>
                <customfields>
                                                <customfield id="customfield_12310310" key="com.atlassian.jira.toolkit:attachments">
                        <customfieldname>Attachment count</customfieldname>
                        <customfieldvalues>
                            <customfieldvalue>0.0</customfieldvalue>
                        </customfieldvalues>
                    </customfield>
                                                                                                                                                                                                                                                                                                                                                                                                                                                                                                                                <customfield id="customfield_12310220" key="com.atlassian.jira.ext.charting:firstresponsedate">
                        <customfieldname>Date of First Response</customfieldname>
                        <customfieldvalues>
                            <customfieldvalue>Tue, 18 Mar 2008 06:10:03 +0000</customfieldvalue>

                        </customfieldvalues>
                    </customfield>
                                                                                                                                                                                                                                                                                                                                                                                                                                            <customfield id="customfield_12310420" key="com.pyxis.greenhopper.jira:gh-global-rank">
                        <customfieldname>Global Rank</customfieldname>
                        <customfieldvalues>
                            <customfieldvalue>18712</customfieldvalue>
                        </customfieldvalues>
                    </customfield>
                                                                                                                        <customfield id="customfield_12312521" key="com.atlassian.jira.toolkit:LastCommentDate">
                        <customfieldname>Last public comment date</customfieldname>
                        <customfieldvalues>
                            8 years, 36 weeks, 4 days ago
                        </customfieldvalues>
                    </customfield>
                                                                                            <customfield id="customfield_12311820" key="com.pyxis.greenhopper.jira:gh-lexo-rank">
                        <customfieldname>Rank</customfieldname>
                        <customfieldvalues>
                            <customfieldvalue>0|i0siav:</customfieldvalue>

                        </customfieldvalues>
                    </customfield>
                                                                <customfield id="customfield_12310920" key="com.pyxis.greenhopper.jira:gh-global-rank">
                        <customfieldname>Rank (Obsolete)</customfieldname>
                        <customfieldvalues>
                            <customfieldvalue>164442</customfieldvalue>
                        </customfieldvalues>
                    </customfield>
                                                                                                                                                                                                                                        <customfield id="customfield_12310222" key="com.atlassian.jira.ext.charting:timeinstatus">
                        <customfieldname>Time in Status</customfieldname>
                        <customfieldvalues>
                            
                        </customfieldvalues>
                    </customfield>
                                                                                                                        </customfields>
    </item>
</channel>
</rss>