<!-- 
RSS generated by JIRA (6.3.4#6332-sha1:51bc225ef474afe3128b2f66878477f322397b16) at Sat Nov 19 23:58:35 UTC 2016

It is possible to restrict the fields that are returned in this document by specifying the 'field' parameter in your request.
For example, to request only the issue key and summary add field=key&field=summary to the URL of your request.
For example:
https://issues.apache.org/jira/si/jira.issueviews:issue-xml/COLLECTIONS-455/COLLECTIONS-455.xml?field=key&amp;field=summary
-->
<rss version="0.92" >
<channel>
    <title>ASF JIRA</title>
    <link>https://issues.apache.org/jira</link>
    <description>This file is an XML representation of an issue</description>
    <language>en-uk</language>    <build-info>
        <version>6.3.4</version>
        <build-number>6332</build-number>
        <build-date>15-08-2014</build-date>
    </build-info>

<item>
            <title>[COLLECTIONS-455] AbstractDualBidiMap&lt;K, V&gt; has several mutable protected fields</title>
                <link>https://issues.apache.org/jira/browse/COLLECTIONS-455</link>
                <project id="12310465" key="COLLECTIONS">Commons Collections</project>
                    <description>&lt;p&gt;Any non-private mutable fields make it much harder to ensure thread-safety as well as making it very difficult to test thoroughly.&lt;/p&gt;

&lt;p&gt;The fields should be made private.&lt;br/&gt;
If protected write access really is needed, setter methods should be used.&lt;br/&gt;
These methods can take any necessary precautions to ensure thread-safety.&lt;/p&gt;</description>
                <environment></environment>
        <key id="12645118">COLLECTIONS-455</key>
            <summary>AbstractDualBidiMap&lt;K, V&gt; has several mutable protected fields</summary>
                <type id="1" iconUrl="https://issues.apache.org/jira/images/icons/issuetypes/bug.png">Bug</type>
                                            <priority id="3" iconUrl="https://issues.apache.org/jira/images/icons/priorities/major.png">Major</priority>
                        <status id="6" iconUrl="https://issues.apache.org/jira/images/icons/statuses/closed.png" description="The issue is considered finished, the resolution is correct. Issues which are closed can be reopened.">Closed</status>
                    <statusCategory id="3" key="done" colorName="green"/>
                                    <resolution id="1">Fixed</resolution>
                                        <assignee username="-1">Unassigned</assignee>
                                    <reporter username="sebb@apache.org">Sebb</reporter>
                        <labels>
                    </labels>
                <created>Mon, 29 Apr 2013 00:05:40 +0000</created>
                <updated>Sun, 9 Nov 2014 14:31:45 +0000</updated>
                            <resolved>Tue, 18 Jun 2013 20:55:14 +0000</resolved>
                                                    <fixVersion>4.0-alpha1</fixVersion>
                    <fixVersion>4.0</fixVersion>
                                        <due></due>
                            <votes>0</votes>
                                    <watches>0</watches>
                                                                <comments>
                            <comment id="13644180" author="sebb@apache.org" created="Mon, 29 Apr 2013 00:23:24 +0000"  >&lt;p&gt;Likewise for:&lt;/p&gt;

&lt;p&gt;AbstractCollectionDecorator&lt;br/&gt;
AbstractUntypedCollectionDecorator&lt;br/&gt;
CompositeCollection&lt;br/&gt;
PredicatedCollection&lt;br/&gt;
SynchronizedCollection&lt;br/&gt;
TransformedCollection&lt;br/&gt;
EditCommand&lt;br/&gt;
ComparatorChain&lt;br/&gt;
AbstractQuantifierPredicate&lt;br/&gt;
ArrayIterator&lt;br/&gt;
ArrayListIterator&lt;br/&gt;
IteratorChain&lt;br/&gt;
NodeListIterator&lt;br/&gt;
ObjectArrayIterator&lt;br/&gt;
ObjectArrayListIterator&lt;br/&gt;
ObjectGraphIterator&lt;br/&gt;
AbstractKeyValue&lt;br/&gt;
AbstractMapEntryDecorator (the field is final but the object is not immutable)&lt;br/&gt;
AbstractLinkedList&lt;br/&gt;
CursorableLinkedList&lt;br/&gt;
NodeCachingLinkedList&lt;br/&gt;
SetUniqueList&lt;br/&gt;
AbstractHashedMap&lt;br/&gt;
AbstractLinkedMap&lt;br/&gt;
AbstractMapDecorator&lt;br/&gt;
AbstractReferenceMap&lt;/p&gt;

&lt;p&gt;etc.&lt;/p&gt;</comment>
                            <comment id="13649367" author="tn" created="Sun, 5 May 2013 16:21:45 +0000"  >&lt;p&gt;Are you done with the changes or is something still missing?&lt;/p&gt;</comment>
                            <comment id="13685892" author="tn" created="Mon, 17 Jun 2013 19:37:19 +0000"  >&lt;p&gt;For all the abstract decorator classes I am in favor to keep the things as they are for the following reasons:&lt;/p&gt;

&lt;ul&gt;
	&lt;li&gt;the use and purpose of such abstract classes is clear&lt;/li&gt;
	&lt;li&gt;refactoring the serialization code is just additional work and does not bring any benefits&lt;/li&gt;
&lt;/ul&gt;
</comment>
                            <comment id="13685993" author="tn" created="Mon, 17 Jun 2013 21:11:37 +0000"  >&lt;p&gt;In r1493940 I have removed the remaining todos as I want to keep them as is for now to make a 4.0 release.&lt;/p&gt;

&lt;p&gt;Thanks for the effort on the other classes!&lt;/p&gt;</comment>
                            <comment id="13686059" author="sebb@apache.org" created="Mon, 17 Jun 2013 21:53:00 +0000"  >&lt;p&gt;I think the fields should at least be made package protected where possible.&lt;/p&gt;

&lt;p&gt;It&apos;s misleading to expose the fields as protected if they are not intended to be mutable by sub-classes (and may make subsequent changes more difficult)&lt;/p&gt;

&lt;p&gt;Where the fields cannot be made package protected, I suggest adding a getter/setter which is documented as being for internal use only.&lt;/p&gt;</comment>
                            <comment id="13687178" author="tn" created="Tue, 18 Jun 2013 20:55:14 +0000"  >&lt;p&gt;Changed remaining fields to scope package private.&lt;/p&gt;</comment>
                    </comments>
                    <attachments>
                    </attachments>
                <subtasks>
                    </subtasks>
                <customfields>
                                                <customfield id="customfield_12310310" key="com.atlassian.jira.toolkit:attachments">
                        <customfieldname>Attachment count</customfieldname>
                        <customfieldvalues>
                            <customfieldvalue>0.0</customfieldvalue>
                        </customfieldvalues>
                    </customfield>
                                                                                                                                                                                                                                                                                                                                                                                                                                                                                                                                <customfield id="customfield_12310220" key="com.atlassian.jira.ext.charting:firstresponsedate">
                        <customfieldname>Date of First Response</customfieldname>
                        <customfieldvalues>
                            <customfieldvalue>Sun, 5 May 2013 16:21:45 +0000</customfieldvalue>

                        </customfieldvalues>
                    </customfield>
                                                                                                                                                                                                                                                                                                                                                                                                                                            <customfield id="customfield_12310420" key="com.pyxis.greenhopper.jira:gh-global-rank">
                        <customfieldname>Global Rank</customfieldname>
                        <customfieldvalues>
                            <customfieldvalue>325480</customfieldvalue>
                        </customfieldvalues>
                    </customfield>
                                                                                                                        <customfield id="customfield_12312521" key="com.atlassian.jira.toolkit:LastCommentDate">
                        <customfieldname>Last public comment date</customfieldname>
                        <customfieldvalues>
                            3 years, 22 weeks, 4 days ago
                        </customfieldvalues>
                    </customfield>
                                                                                            <customfield id="customfield_12311820" key="com.pyxis.greenhopper.jira:gh-lexo-rank">
                        <customfieldname>Rank</customfieldname>
                        <customfieldvalues>
                            <customfieldvalue>0|i1k5in:</customfieldvalue>

                        </customfieldvalues>
                    </customfield>
                                                                <customfield id="customfield_12310920" key="com.pyxis.greenhopper.jira:gh-global-rank">
                        <customfieldname>Rank (Obsolete)</customfieldname>
                        <customfieldvalues>
                            <customfieldvalue>325825</customfieldvalue>
                        </customfieldvalues>
                    </customfield>
                                                                                                                                                                                                                                        <customfield id="customfield_12310222" key="com.atlassian.jira.ext.charting:timeinstatus">
                        <customfieldname>Time in Status</customfieldname>
                        <customfieldvalues>
                            
                        </customfieldvalues>
                    </customfield>
                                                                                                                        </customfields>
    </item>
</channel>
</rss>