<!-- 
RSS generated by JIRA (6.3.4#6332-sha1:51bc225ef474afe3128b2f66878477f322397b16) at Sat Nov 19 23:30:26 UTC 2016

It is possible to restrict the fields that are returned in this document by specifying the 'field' parameter in your request.
For example, to request only the issue key and summary add field=key&field=summary to the URL of your request.
For example:
https://issues.apache.org/jira/si/jira.issueviews:issue-xml/COLLECTIONS-115/COLLECTIONS-115.xml?field=key&amp;field=summary
-->
<rss version="0.92" >
<channel>
    <title>ASF JIRA</title>
    <link>https://issues.apache.org/jira</link>
    <description>This file is an XML representation of an issue</description>
    <language>en-uk</language>    <build-info>
        <version>6.3.4</version>
        <build-number>6332</build-number>
        <build-date>15-08-2014</build-date>
    </build-info>

<item>
            <title>[COLLECTIONS-115] Flat3Map doesn&apos;t implement Serializable</title>
                <link>https://issues.apache.org/jira/browse/COLLECTIONS-115</link>
                <project id="12310465" key="COLLECTIONS">Commons Collections</project>
                    <description>&lt;p&gt;A very useful hish performance map.  Sadly I cannot use it in my J2EE env&lt;br/&gt;
because it isn&apos;t seriabilable and hence cannot be a parameter in any remote calls.&lt;/p&gt;

&lt;p&gt;Is there a specific reason as to why this isn&apos;t Serializable, or was this&lt;br/&gt;
something that was overlooked?&lt;/p&gt;</description>
                <environment>&lt;p&gt;Operating System: Linux&lt;br/&gt;
Platform: All&lt;/p&gt;</environment>
        <key id="12341367">COLLECTIONS-115</key>
            <summary>Flat3Map doesn&apos;t implement Serializable</summary>
                <type id="1" iconUrl="https://issues.apache.org/jira/images/icons/issuetypes/bug.png">Bug</type>
                                            <priority id="3" iconUrl="https://issues.apache.org/jira/images/icons/priorities/major.png">Major</priority>
                        <status id="6" iconUrl="https://issues.apache.org/jira/images/icons/statuses/closed.png" description="The issue is considered finished, the resolution is correct. Issues which are closed can be reopened.">Closed</status>
                    <statusCategory id="3" key="done" colorName="green"/>
                                    <resolution id="1">Fixed</resolution>
                                        <assignee username="-1">Unassigned</assignee>
                                    <reporter username="manik@surtani.org">Manik Surtani</reporter>
                        <labels>
                    </labels>
                <created>Thu, 25 Mar 2004 22:39:34 +0000</created>
                <updated>Fri, 14 Jul 2006 05:44:58 +0000</updated>
                            <resolved>Fri, 14 Jul 2006 05:44:58 +0000</resolved>
                                    <version>3.0</version>
                                    <fixVersion>3.1</fixVersion>
                                        <due></due>
                            <votes>0</votes>
                                    <watches>0</watches>
                                                                <comments>
                            <comment id="12406352" author="scolebourne@joda.org" created="Thu, 1 Apr 2004 07:20:57 +0000"  >&lt;p&gt;Serialization is usually more complex than just adding &apos;implements &lt;br/&gt;
Serializable&apos;. In this case, a dedicated read/write was needed. Its done on CVS &lt;br/&gt;
now anyway &lt;img class=&quot;emoticon&quot; src=&quot;https://issues.apache.org/jira/images/icons/emoticons/wink.gif&quot; height=&quot;16&quot; width=&quot;16&quot; align=&quot;absmiddle&quot; alt=&quot;&quot; border=&quot;0&quot;/&gt;&lt;/p&gt;</comment>
                            <comment id="12406353" author="manik@surtani.org" created="Thu, 1 Apr 2004 18:40:52 +0000"  >&lt;p&gt;Stephen,&lt;/p&gt;

&lt;p&gt;I just had a look at the latest source in CVS (Rev. 1.14), and the 3 hashes,&lt;br/&gt;
keys and values are all marked as transient.  Would this cause any problems when&lt;br/&gt;
reading the Map back from a serialized stream?&lt;/p&gt;

&lt;p&gt;Cheers,&lt;br/&gt;
Manik&lt;/p&gt;
</comment>
                            <comment id="12406354" author="scolebourne@joda.org" created="Fri, 2 Apr 2004 03:15:04 +0000"  >&lt;p&gt;There are dedicated readObject() and writeObject() methods, plus unit tests. &lt;br/&gt;
See the Sun serialization tutorials for more details.&lt;/p&gt;</comment>
                    </comments>
                    <attachments>
                    </attachments>
                <subtasks>
                    </subtasks>
                <customfields>
                                                <customfield id="customfield_12310310" key="com.atlassian.jira.toolkit:attachments">
                        <customfieldname>Attachment count</customfieldname>
                        <customfieldvalues>
                            <customfieldvalue>0.0</customfieldvalue>
                        </customfieldvalues>
                    </customfield>
                                                                                                                                                                                                                                                                                                                                                                                                                                                                        <customfield id="customfield_10010" key="com.atlassian.jira.plugin.system.customfieldtypes:importid">
                        <customfieldname>Bugzilla Id</customfieldname>
                        <customfieldvalues>
                            <customfieldvalue>27946</customfieldvalue>
                        </customfieldvalues>
                    </customfield>
                                                                                            <customfield id="customfield_12310220" key="com.atlassian.jira.ext.charting:firstresponsedate">
                        <customfieldname>Date of First Response</customfieldname>
                        <customfieldvalues>
                            <customfieldvalue>Thu, 1 Apr 2004 07:20:57 +0000</customfieldvalue>

                        </customfieldvalues>
                    </customfield>
                                                                                                                                                                                                                                                                                                                                                                                                                                            <customfield id="customfield_12310420" key="com.pyxis.greenhopper.jira:gh-global-rank">
                        <customfieldname>Global Rank</customfieldname>
                        <customfieldvalues>
                            <customfieldvalue>18883</customfieldvalue>
                        </customfieldvalues>
                    </customfield>
                                                                                                                        <customfield id="customfield_12312521" key="com.atlassian.jira.toolkit:LastCommentDate">
                        <customfieldname>Last public comment date</customfieldname>
                        <customfieldvalues>
                            12 years, 35 weeks, 1 day ago
                        </customfieldvalues>
                    </customfield>
                                                                                            <customfield id="customfield_12311820" key="com.pyxis.greenhopper.jira:gh-lexo-rank">
                        <customfieldname>Rank</customfieldname>
                        <customfieldvalues>
                            <customfieldvalue>0|i0sj8f:</customfieldvalue>

                        </customfieldvalues>
                    </customfield>
                                                                <customfield id="customfield_12310920" key="com.pyxis.greenhopper.jira:gh-global-rank">
                        <customfieldname>Rank (Obsolete)</customfieldname>
                        <customfieldvalues>
                            <customfieldvalue>164593</customfieldvalue>
                        </customfieldvalues>
                    </customfield>
                                                                                                                                                                                                                                                                                                                            </customfields>
    </item>
</channel>
</rss>