<!-- 
RSS generated by JIRA (6.3.4#6332-sha1:51bc225ef474afe3128b2f66878477f322397b16) at Sat Nov 19 22:13:05 UTC 2016

It is possible to restrict the fields that are returned in this document by specifying the 'field' parameter in your request.
For example, to request only the issue key and summary add field=key&field=summary to the URL of your request.
For example:
https://issues.apache.org/jira/si/jira.issueviews:issue-xml/COLLECTIONS-2/COLLECTIONS-2.xml?field=key&amp;field=summary
-->
<rss version="0.92" >
<channel>
    <title>ASF JIRA</title>
    <link>https://issues.apache.org/jira</link>
    <description>This file is an XML representation of an issue</description>
    <language>en-uk</language>    <build-info>
        <version>6.3.4</version>
        <build-number>6332</build-number>
        <build-date>15-08-2014</build-date>
    </build-info>

<item>
            <title>[COLLECTIONS-2] [collections] ExtendedProperties.save(...) does not escape special characters</title>
                <link>https://issues.apache.org/jira/browse/COLLECTIONS-2</link>
                <project id="12310465" key="COLLECTIONS">Commons Collections</project>
                    <description>&lt;p&gt;If some value ends with &apos;\&apos;, then after saving it, load will fail or will have &lt;br/&gt;
incorrect values.&lt;br/&gt;
Try to store some property with value ending with &apos;\&apos;, eg.&lt;/p&gt;

&lt;p&gt;path1=e:\&lt;br/&gt;
path2=c:\docs&lt;/p&gt;

&lt;p&gt;Look for java.util.Properties on escaping characters.&lt;/p&gt;</description>
                <environment>&lt;p&gt;Operating System: All&lt;br/&gt;
Platform: PC&lt;/p&gt;</environment>
        <key id="12340665">COLLECTIONS-2</key>
            <summary>[collections] ExtendedProperties.save(...) does not escape special characters</summary>
                <type id="1" iconUrl="https://issues.apache.org/jira/images/icons/issuetypes/bug.png">Bug</type>
                                            <priority id="3" iconUrl="https://issues.apache.org/jira/images/icons/priorities/major.png">Major</priority>
                        <status id="6" iconUrl="https://issues.apache.org/jira/images/icons/statuses/closed.png" description="The issue is considered finished, the resolution is correct. Issues which are closed can be reopened.">Closed</status>
                    <statusCategory id="3" key="done" colorName="green"/>
                                    <resolution id="1">Fixed</resolution>
                                        <assignee username="-1">Unassigned</assignee>
                                    <reporter username="dwojtas@myrealbox.com">Dariusz Wojtas</reporter>
                        <labels>
                    </labels>
                <created>Wed, 16 Apr 2003 18:28:24 +0000</created>
                <updated>Sat, 15 Mar 2008 21:35:56 +0000</updated>
                            <resolved>Sat, 15 Mar 2008 21:35:56 +0000</resolved>
                                    <version>2.1</version>
                                                        <due></due>
                            <votes>0</votes>
                                    <watches>0</watches>
                                                                <comments>
                            <comment id="12404105" author="mohankishore@yahoo.com" created="Sat, 19 Apr 2003 03:42:55 +0000"  >&lt;p&gt;Created an attachment (id=5896)&lt;br/&gt;
Patch for escaping back-slash characters&lt;/p&gt;</comment>
                            <comment id="12404106" author="mohankishore@yahoo.com" created="Sat, 19 Apr 2003 03:48:28 +0000"  >&lt;p&gt;Have added a patch for escaping the back-slash characters. When adding a &lt;br/&gt;
Property, now it unescapes the value (i.e. replaces 2 successive back-slashes &lt;br/&gt;
with 1). When saving the object to a file, it escapes the commas and back-&lt;br/&gt;
slashes by placing a back-slash before them.&lt;/p&gt;

&lt;p&gt;Have also added test cases for the same.&lt;/p&gt;

&lt;p&gt;Note, the patch might break backward compatibility, but the change required to &lt;br/&gt;
the property files would be minimal - i.e. replace all backslashes in the &lt;br/&gt;
values, with 2 backslashes. You (still) need a single backslash at the end of &lt;br/&gt;
the line, in order to continue the value on the next line.&lt;/p&gt;</comment>
                            <comment id="12404107" author="rwaldhoff@apache.org" created="Sat, 19 Apr 2003 06:22:12 +0000"  >&lt;p&gt;I&apos;d be happy to apply this patch, but I&apos;m not really a user of&lt;br/&gt;
ExtendedProperties.  Anyone have any objections?  Going once, going twice...&lt;/p&gt;</comment>
                            <comment id="12404108" author="kevin@henrikson.com" created="Sun, 20 Apr 2003 00:46:19 +0000"  >&lt;p&gt;Wouldn&apos;t it be much safer to document the current behavior, and add escaping&lt;br/&gt;
methods for users to use?  This will maintain backward compatibality yet allow&lt;br/&gt;
users that don&apos;t escape their values ahead of time the needed functionality.&lt;/p&gt;</comment>
                            <comment id="12404109" author="rwaldhoff@apache.org" created="Sun, 20 Apr 2003 03:01:01 +0000"  >&lt;p&gt;If the incompatiablity is troubling, adding something like &quot;escapeAndSave()&quot; or&lt;br/&gt;
&quot;saveSafely()&quot; sounds reasonable to me.  One could even deprecate the old save()&lt;br/&gt;
method, eventually remove it, and eventually (after than) reintroduce it as an&lt;br/&gt;
alias for &quot;saveSafely()&quot;.&lt;/p&gt;</comment>
                            <comment id="12404110" author="mohankishore@yahoo.com" created="Sun, 20 Apr 2003 03:07:56 +0000"  >&lt;p&gt;Actually to think about it, the patch submitted should not break a majority of &lt;br/&gt;
existing files. &lt;/p&gt;

&lt;p&gt;When loading, it would condense 2 successive back-slashes in the input file &lt;br/&gt;
into 1, but will read in a single back-slash as is.&lt;/p&gt;

&lt;p&gt;I would recommend changing the method save() - the other options seem more &lt;br/&gt;
confusing, imho. This would also make the properties file outputted more &lt;br/&gt;
compatible with the java.util.Properties file. Currently, the commas in the &lt;br/&gt;
values are not escaped, i.e. if you save and load a value with an embeded &lt;br/&gt;
comma, it will come back as an array/vector.&lt;/p&gt;</comment>
                            <comment id="12404111" author="dwojtas@myrealbox.com" created="Sun, 20 Apr 2003 03:14:33 +0000"  >&lt;p&gt;I think tha just modifying save() and documenting it is enough.&lt;br/&gt;
If there are 2 methods to store the same contents resulting in different &lt;br/&gt;
output, there must be 2 methods to read it different way. &lt;br/&gt;
That will lead to many problems is some data files are exchanged with other &lt;br/&gt;
apps or even different modules. No one will now with what method it was stored.&lt;br/&gt;
It should be made compatible with java.util.Properties.&lt;/p&gt;</comment>
                            <comment id="12404112" author="scolebourne@joda.org" created="Sat, 26 Apr 2003 22:33:36 +0000"  >&lt;p&gt;OK, my view is that the file produced by the save() method must be readable by &lt;br/&gt;
the load() method. As I read the bug report and the code, that is not currently &lt;br/&gt;
the case. So we should fix it. Creating extra save methods is unecessary.&lt;/p&gt;</comment>
                            <comment id="12404113" author="scolebourne@joda.org" created="Sun, 24 Aug 2003 17:54:15 +0000"  >&lt;p&gt;Patch applied with minor changes. Thanks&lt;/p&gt;</comment>
                    </comments>
                    <attachments>
                            <attachment id="12332234" name="ASF.LICENSE.NOT.GRANTED--Patch.txt" size="8301" author="mohankishore@yahoo.com" created="Sat, 19 Apr 2003 03:42:55 +0000"/>
                    </attachments>
                <subtasks>
                    </subtasks>
                <customfields>
                                                <customfield id="customfield_12310310" key="com.atlassian.jira.toolkit:attachments">
                        <customfieldname>Attachment count</customfieldname>
                        <customfieldvalues>
                            <customfieldvalue>1.0</customfieldvalue>
                        </customfieldvalues>
                    </customfield>
                                                                                                                                                                                                                                                                                                                                                                                                                                                                        <customfield id="customfield_10010" key="com.atlassian.jira.plugin.system.customfieldtypes:importid">
                        <customfieldname>Bugzilla Id</customfieldname>
                        <customfieldvalues>
                            <customfieldvalue>19061</customfieldvalue>
                        </customfieldvalues>
                    </customfield>
                                                                                            <customfield id="customfield_12310220" key="com.atlassian.jira.ext.charting:firstresponsedate">
                        <customfieldname>Date of First Response</customfieldname>
                        <customfieldvalues>
                            <customfieldvalue>Sat, 19 Apr 2003 03:42:55 +0000</customfieldvalue>

                        </customfieldvalues>
                    </customfield>
                                                                                                                                                                                                                                                                                                                                                                                                                                            <customfield id="customfield_12310420" key="com.pyxis.greenhopper.jira:gh-global-rank">
                        <customfieldname>Global Rank</customfieldname>
                        <customfieldvalues>
                            <customfieldvalue>18996</customfieldvalue>
                        </customfieldvalues>
                    </customfield>
                                                                                                                        <customfield id="customfield_12312521" key="com.atlassian.jira.toolkit:LastCommentDate">
                        <customfieldname>Last public comment date</customfieldname>
                        <customfieldvalues>
                            13 years, 14 weeks, 6 days ago
                        </customfieldvalues>
                    </customfield>
                                                                                            <customfield id="customfield_12311820" key="com.pyxis.greenhopper.jira:gh-lexo-rank">
                        <customfieldname>Rank</customfieldname>
                        <customfieldvalues>
                            <customfieldvalue>0|i0sjxj:</customfieldvalue>

                        </customfieldvalues>
                    </customfield>
                                                                <customfield id="customfield_12310920" key="com.pyxis.greenhopper.jira:gh-global-rank">
                        <customfieldname>Rank (Obsolete)</customfieldname>
                        <customfieldvalues>
                            <customfieldvalue>164706</customfieldvalue>
                        </customfieldvalues>
                    </customfield>
                                                                                                                                                                                                                                        <customfield id="customfield_12310222" key="com.atlassian.jira.ext.charting:timeinstatus">
                        <customfieldname>Time in Status</customfieldname>
                        <customfieldvalues>
                            
                        </customfieldvalues>
                    </customfield>
                                                                                                                        </customfields>
    </item>
</channel>
</rss>