<!-- 
RSS generated by JIRA (6.3.4#6332-sha1:51bc225ef474afe3128b2f66878477f322397b16) at Sat Nov 19 21:41:45 UTC 2016

It is possible to restrict the fields that are returned in this document by specifying the 'field' parameter in your request.
For example, to request only the issue key and summary add field=key&field=summary to the URL of your request.
For example:
https://issues.apache.org/jira/si/jira.issueviews:issue-xml/COLLECTIONS-249/COLLECTIONS-249.xml?field=key&amp;field=summary
-->
<rss version="0.92" >
<channel>
    <title>ASF JIRA</title>
    <link>https://issues.apache.org/jira</link>
    <description>This file is an XML representation of an issue</description>
    <language>en-uk</language>    <build-info>
        <version>6.3.4</version>
        <build-number>6332</build-number>
        <build-date>15-08-2014</build-date>
    </build-info>

<item>
            <title>[COLLECTIONS-249] SetUniqueList.addAll(int index, Collection coll) adds to end of list instead of at specified index</title>
                <link>https://issues.apache.org/jira/browse/COLLECTIONS-249</link>
                <project id="12310465" key="COLLECTIONS">Commons Collections</project>
                    <description>&lt;p&gt;When you call SetUniqueList.addAll(int index, Collection coll), it incorrectly adds the new elements to the end of the list instead of at the specified index.&lt;/p&gt;</description>
                <environment></environment>
        <key id="12367704">COLLECTIONS-249</key>
            <summary>SetUniqueList.addAll(int index, Collection coll) adds to end of list instead of at specified index</summary>
                <type id="1" iconUrl="https://issues.apache.org/jira/images/icons/issuetypes/bug.png">Bug</type>
                                            <priority id="4" iconUrl="https://issues.apache.org/jira/images/icons/priorities/minor.png">Minor</priority>
                        <status id="6" iconUrl="https://issues.apache.org/jira/images/icons/statuses/closed.png" description="The issue is considered finished, the resolution is correct. Issues which are closed can be reopened.">Closed</status>
                    <statusCategory id="3" key="done" colorName="green"/>
                                    <resolution id="1">Fixed</resolution>
                                        <assignee username="-1">Unassigned</assignee>
                                    <reporter username="cyboc">Joe Kelly</reporter>
                        <labels>
                    </labels>
                <created>Fri, 20 Apr 2007 19:10:59 +0000</created>
                <updated>Sat, 7 Nov 2015 20:26:40 +0000</updated>
                            <resolved>Thu, 28 Feb 2013 20:05:02 +0000</resolved>
                                    <version>3.2</version>
                                    <fixVersion>3.2.2</fixVersion>
                    <fixVersion>4.0-alpha1</fixVersion>
                    <fixVersion>4.0</fixVersion>
                                    <component>List</component>
                        <due></due>
                            <votes>0</votes>
                                    <watches>1</watches>
                                                                <comments>
                            <comment id="12490433" author="cyboc" created="Fri, 20 Apr 2007 19:30:11 +0000"  >&lt;p&gt;Here is a patch to TestSetUniqueList, which shows the bug. When you run it, the test fails with the following message &quot;First new element should be at index 0 expected:&amp;lt;2&amp;gt; but was:&amp;lt;1&amp;gt;&quot;. The new unique element was added but it was added in the wrong place.&lt;/p&gt;</comment>
                            <comment id="12490434" author="cyboc" created="Fri, 20 Apr 2007 19:37:50 +0000"  >&lt;p&gt;Here is a patch to SetUniqueList, which fixes the bug. In addition, it also includes suggested fixes to the Javadoc comments for addAll(Collection coll) and addAll(int index, Collection coll), which seemed to be incorrect.&lt;/p&gt;

&lt;p&gt;After applying the patch, the patched test (see previous attachment) passes.&lt;/p&gt;</comment>
                            <comment id="12490618" author="bayard" created="Sat, 21 Apr 2007 13:45:25 +0000"  >
&lt;p&gt;Nice find Joe, patches applied to trunk.&lt;/p&gt;

&lt;p&gt;svn ci -m &quot;Applying Joe Kelly&apos;s fix for &lt;a href=&quot;https://issues.apache.org/jira/browse/COLLECTIONS-249&quot; title=&quot;SetUniqueList.addAll(int index, Collection coll) adds to end of list instead of at specified index&quot; class=&quot;issue-link&quot; data-issue-key=&quot;COLLECTIONS-249&quot;&gt;&lt;del&gt;COLLECTIONS-249&lt;/del&gt;&lt;/a&gt; - SetUniqueList.addAll(int, Collection&amp;gt; ) was always inserting at the end of the list&quot; &lt;/p&gt;

&lt;p&gt;Sending        RELEASE-NOTES.html&lt;br/&gt;
Sending        src/java/org/apache/commons/collections/list/SetUniqueList.java&lt;br/&gt;
Sending        src/test/org/apache/commons/collections/list/TestSetUniqueList.java&lt;br/&gt;
Transmitting file data ...&lt;br/&gt;
Committed revision 531027.&lt;/p&gt;</comment>
                            <comment id="12554020" author="cyboc" created="Fri, 21 Dec 2007 20:06:40 +0000"  >&lt;p&gt;FYI, I was just browsing collections_jdk5_branch and this bug seems to still exist in that branch. I guess the branch was created before this patch was committed (Oct 16, 2006 vs Apr 21, 2007). I&apos;m not sure if this was the right place to put this comment or if I should have created a new issue &amp;#8211; sorry in advance, if this is the wrong place.&lt;/p&gt;</comment>
                            <comment id="12560873" author="shammah" created="Sun, 20 Jan 2008 20:53:56 +0000"  >&lt;p&gt;No worries about the generics branch.  At some point, the changes to the trunk will be merged into the branch.  I will most likely do this after each trunk release, to make tracking and merging easier.&lt;/p&gt;</comment>
                    </comments>
                    <attachments>
                            <attachment id="12355949" name="SetUniqueList.patch" size="2403" author="cyboc" created="Fri, 20 Apr 2007 19:37:50 +0000"/>
                            <attachment id="12355948" name="TestSetUniqueList.patch" size="2174" author="cyboc" created="Fri, 20 Apr 2007 19:30:11 +0000"/>
                    </attachments>
                <subtasks>
                    </subtasks>
                <customfields>
                                                <customfield id="customfield_12310310" key="com.atlassian.jira.toolkit:attachments">
                        <customfieldname>Attachment count</customfieldname>
                        <customfieldvalues>
                            <customfieldvalue>2.0</customfieldvalue>
                        </customfieldvalues>
                    </customfield>
                                                                                                                                                                                                                                                                                                                                                                                                                                                                                                                                <customfield id="customfield_12310220" key="com.atlassian.jira.ext.charting:firstresponsedate">
                        <customfieldname>Date of First Response</customfieldname>
                        <customfieldvalues>
                            <customfieldvalue>Sat, 21 Apr 2007 13:45:25 +0000</customfieldvalue>

                        </customfieldvalues>
                    </customfield>
                                                                                                                                                                                                                                                                                                                                                                                                                                            <customfield id="customfield_12310420" key="com.pyxis.greenhopper.jira:gh-global-rank">
                        <customfieldname>Global Rank</customfieldname>
                        <customfieldvalues>
                            <customfieldvalue>18750</customfieldvalue>
                        </customfieldvalues>
                    </customfield>
                                                                                                                        <customfield id="customfield_12312521" key="com.atlassian.jira.toolkit:LastCommentDate">
                        <customfieldname>Last public comment date</customfieldname>
                        <customfieldvalues>
                            8 years, 44 weeks, 6 days ago
                        </customfieldvalues>
                    </customfield>
                                                                                            <customfield id="customfield_12311820" key="com.pyxis.greenhopper.jira:gh-lexo-rank">
                        <customfieldname>Rank</customfieldname>
                        <customfieldvalues>
                            <customfieldvalue>0|i0sihr:</customfieldvalue>

                        </customfieldvalues>
                    </customfield>
                                                                <customfield id="customfield_12310920" key="com.pyxis.greenhopper.jira:gh-global-rank">
                        <customfieldname>Rank (Obsolete)</customfieldname>
                        <customfieldvalues>
                            <customfieldvalue>164473</customfieldvalue>
                        </customfieldvalues>
                    </customfield>
                                                                                                                                                                                                                                        <customfield id="customfield_12310222" key="com.atlassian.jira.ext.charting:timeinstatus">
                        <customfieldname>Time in Status</customfieldname>
                        <customfieldvalues>
                            
                        </customfieldvalues>
                    </customfield>
                                                                                                                        </customfields>
    </item>
</channel>
</rss>