<!-- 
RSS generated by JIRA (6.3.4#6332-sha1:51bc225ef474afe3128b2f66878477f322397b16) at Sat Nov 19 22:06:24 UTC 2016

It is possible to restrict the fields that are returned in this document by specifying the 'field' parameter in your request.
For example, to request only the issue key and summary add field=key&field=summary to the URL of your request.
For example:
https://issues.apache.org/jira/si/jira.issueviews:issue-xml/COLLECTIONS-89/COLLECTIONS-89.xml?field=key&amp;field=summary
-->
<rss version="0.92" >
<channel>
    <title>ASF JIRA</title>
    <link>https://issues.apache.org/jira</link>
    <description>This file is an XML representation of an issue</description>
    <language>en-uk</language>    <build-info>
        <version>6.3.4</version>
        <build-number>6332</build-number>
        <build-date>15-08-2014</build-date>
    </build-info>

<item>
            <title>[COLLECTIONS-89] [collections][PATCH] TestBlockingBuffer extensions and BlockingBuffer fix</title>
                <link>https://issues.apache.org/jira/browse/COLLECTIONS-89</link>
                <project id="12310465" key="COLLECTIONS">Commons Collections</project>
                    <description>&lt;p&gt;The attached patch adds some tests to assert the behaviour of&lt;br/&gt;
BlockingBuffer.get()/remove()/add()/addAll in various combinations.&lt;/p&gt;

&lt;p&gt;The discussion that led to this patch can be found at &lt;a href=&quot;https://issues.apache.org/jira/browse/COLLECTIONS-139&quot; title=&quot;[collections][PATCH] makes code easier to understand&quot; class=&quot;issue-link&quot; data-issue-key=&quot;COLLECTIONS-139&quot;&gt;&lt;del&gt;COM-816&lt;/del&gt;&lt;/a&gt;.&lt;/p&gt;

&lt;p&gt;Also attached is a patch to change notify() to notifyAll() in BlockingBuffer&lt;br/&gt;
which allows the tests in TestBlockingBuffer to pass.&lt;/p&gt;</description>
                <environment>&lt;p&gt;Operating System: other&lt;br/&gt;
Platform: Other&lt;/p&gt;</environment>
        <key id="12340979">COLLECTIONS-89</key>
            <summary>[collections][PATCH] TestBlockingBuffer extensions and BlockingBuffer fix</summary>
                <type id="1" iconUrl="https://issues.apache.org/jira/images/icons/issuetypes/bug.png">Bug</type>
                                            <priority id="3" iconUrl="https://issues.apache.org/jira/images/icons/priorities/major.png">Major</priority>
                        <status id="6" iconUrl="https://issues.apache.org/jira/images/icons/statuses/closed.png" description="The issue is considered finished, the resolution is correct. Issues which are closed can be reopened.">Closed</status>
                    <statusCategory id="3" key="done" colorName="green"/>
                                    <resolution id="1">Fixed</resolution>
                                        <assignee username="-1">Unassigned</assignee>
                                    <reporter username="janekdb@yahoo.co.uk">Janek Bogucki</reporter>
                        <labels>
                    </labels>
                <created>Thu, 18 Sep 2003 06:31:43 +0000</created>
                <updated>Sat, 15 Mar 2008 21:36:00 +0000</updated>
                            <resolved>Sat, 15 Mar 2008 21:36:00 +0000</resolved>
                                    <version>Nightly Builds</version>
                                                        <due></due>
                            <votes>0</votes>
                                    <watches>0</watches>
                                                                <comments>
                            <comment id="12405118" author="janekdb@yahoo.co.uk" created="Thu, 18 Sep 2003 06:33:06 +0000"  >&lt;p&gt;Created an attachment (id=8265)&lt;br/&gt;
patch adding several useful test cases to o.a.c.c.decorators.TestBlockingBuffer&lt;/p&gt;</comment>
                            <comment id="12405119" author="janekdb@yahoo.co.uk" created="Thu, 18 Sep 2003 06:37:30 +0000"  >&lt;p&gt;Created an attachment (id=8266)&lt;br/&gt;
patch fixing BlockingBuffer to use notifyAll&lt;/p&gt;</comment>
                            <comment id="12405120" author="phil@steitz.com" created="Thu, 18 Sep 2003 12:14:02 +0000"  >&lt;p&gt;Patches applied.  Thanks.&lt;/p&gt;</comment>
                    </comments>
                    <attachments>
                            <attachment id="12332534" name="ASF.LICENSE.NOT.GRANTED--BlockingBuffer-notify-fix.patch" size="756" author="janekdb@yahoo.co.uk" created="Thu, 18 Sep 2003 06:37:30 +0000"/>
                            <attachment id="12332533" name="ASF.LICENSE.NOT.GRANTED--TestBlockingBuffer-adds-tests.patch" size="14843" author="janekdb@yahoo.co.uk" created="Thu, 18 Sep 2003 06:33:06 +0000"/>
                    </attachments>
                <subtasks>
                    </subtasks>
                <customfields>
                                                <customfield id="customfield_12310310" key="com.atlassian.jira.toolkit:attachments">
                        <customfieldname>Attachment count</customfieldname>
                        <customfieldvalues>
                            <customfieldvalue>2.0</customfieldvalue>
                        </customfieldvalues>
                    </customfield>
                                                                                                                                                                                                                                                                                                                                                                                                                                                                        <customfield id="customfield_10010" key="com.atlassian.jira.plugin.system.customfieldtypes:importid">
                        <customfieldname>Bugzilla Id</customfieldname>
                        <customfieldvalues>
                            <customfieldvalue>23232</customfieldvalue>
                        </customfieldvalues>
                    </customfield>
                                                                                            <customfield id="customfield_12310220" key="com.atlassian.jira.ext.charting:firstresponsedate">
                        <customfieldname>Date of First Response</customfieldname>
                        <customfieldvalues>
                            <customfieldvalue>Thu, 18 Sep 2003 12:14:02 +0000</customfieldvalue>

                        </customfieldvalues>
                    </customfield>
                                                                                                                                                                                                                                                                                                                                                                                                                                            <customfield id="customfield_12310420" key="com.pyxis.greenhopper.jira:gh-global-rank">
                        <customfieldname>Global Rank</customfieldname>
                        <customfieldvalues>
                            <customfieldvalue>18909</customfieldvalue>
                        </customfieldvalues>
                    </customfield>
                                                                                                                        <customfield id="customfield_12312521" key="com.atlassian.jira.toolkit:LastCommentDate">
                        <customfieldname>Last public comment date</customfieldname>
                        <customfieldvalues>
                            13 years, 11 weeks, 2 days ago
                        </customfieldvalues>
                    </customfield>
                                                                                            <customfield id="customfield_12311820" key="com.pyxis.greenhopper.jira:gh-lexo-rank">
                        <customfieldname>Rank</customfieldname>
                        <customfieldvalues>
                            <customfieldvalue>0|i0sje7:</customfieldvalue>

                        </customfieldvalues>
                    </customfield>
                                                                <customfield id="customfield_12310920" key="com.pyxis.greenhopper.jira:gh-global-rank">
                        <customfieldname>Rank (Obsolete)</customfieldname>
                        <customfieldvalues>
                            <customfieldvalue>164619</customfieldvalue>
                        </customfieldvalues>
                    </customfield>
                                                                                                                                                                                                                                        <customfield id="customfield_12310222" key="com.atlassian.jira.ext.charting:timeinstatus">
                        <customfieldname>Time in Status</customfieldname>
                        <customfieldvalues>
                            
                        </customfieldvalues>
                    </customfield>
                                                                                                                        </customfields>
    </item>
</channel>
</rss>