<!-- 
RSS generated by JIRA (6.3.4#6332-sha1:51bc225ef474afe3128b2f66878477f322397b16) at Sat Nov 19 23:39:32 UTC 2016

It is possible to restrict the fields that are returned in this document by specifying the 'field' parameter in your request.
For example, to request only the issue key and summary add field=key&field=summary to the URL of your request.
For example:
https://issues.apache.org/jira/si/jira.issueviews:issue-xml/COLLECTIONS-526/COLLECTIONS-526.xml?field=key&amp;field=summary
-->
<rss version="0.92" >
<channel>
    <title>ASF JIRA</title>
    <link>https://issues.apache.org/jira</link>
    <description>This file is an XML representation of an issue</description>
    <language>en-uk</language>    <build-info>
        <version>6.3.4</version>
        <build-number>6332</build-number>
        <build-date>15-08-2014</build-date>
    </build-info>

<item>
            <title>[COLLECTIONS-526] PatriciaTrie</title>
                <link>https://issues.apache.org/jira/browse/COLLECTIONS-526</link>
                <project id="12310465" key="COLLECTIONS">Commons Collections</project>
                    <description>&lt;p&gt;the result of trie tree prefixMap function is inconsistent. it would contain a key but the size is 0;&lt;br/&gt;
some unittest codes as below: &lt;/p&gt;

&lt;p&gt;  PatriciaTrie&amp;lt;String&amp;gt; aTree =&lt;br/&gt;
        new PatriciaTrie&amp;lt;String&amp;gt; ();&lt;br/&gt;
    aTree.put(&quot;&#28857;&#35780;&quot;, &quot;&#27979;&#35797;&quot;);&lt;br/&gt;
    aTree.put(&quot;&#20070;&#35780;&quot;, &quot;&#27979;&#35797;&quot;);&lt;br/&gt;
    assertTrue(aTree.prefixMap(&quot;&#28857;&quot;).containsKey(&quot;&#28857;&#35780;&quot;)); //pass&lt;br/&gt;
    assertEquals(&quot;&#27979;&#35797;&quot;, aTree.prefixMap(&quot;&#28857;&quot;).get(&quot;&#28857;&#35780;&quot;)); //pass&lt;br/&gt;
    assertFalse(aTree.prefixMap(&quot;&#28857;&quot;).isEmpty());                 //fail&lt;br/&gt;
    assertEquals(1, aTree.prefixMap(&quot;&#28857;&quot;).size());                 //fail&lt;br/&gt;
    assertEquals(1, aTree.prefixMap(&quot;&#28857;&quot;).keySet().size());   //fail&lt;br/&gt;
    assertEquals(1, aTree.prefixMap(&quot;&#28857;&quot;).entrySet().size()); //fail&lt;br/&gt;
    assertEquals(1, aTree.prefixMap(&quot;&#28857;&#35780;&quot;).values().size()); //fail&lt;/p&gt;</description>
                <environment>&lt;p&gt;android&lt;/p&gt;</environment>
        <key id="12713014">COLLECTIONS-526</key>
            <summary>PatriciaTrie</summary>
                <type id="1" iconUrl="https://issues.apache.org/jira/images/icons/issuetypes/bug.png">Bug</type>
                                            <priority id="2" iconUrl="https://issues.apache.org/jira/images/icons/priorities/critical.png">Critical</priority>
                        <status id="6" iconUrl="https://issues.apache.org/jira/images/icons/statuses/closed.png" description="The issue is considered finished, the resolution is correct. Issues which are closed can be reopened.">Closed</status>
                    <statusCategory id="3" key="done" colorName="green"/>
                                    <resolution id="3">Duplicate</resolution>
                                        <assignee username="-1">Unassigned</assignee>
                                    <reporter username="zigler">zigler zhang</reporter>
                        <labels>
                    </labels>
                <created>Thu, 8 May 2014 04:38:52 +0000</created>
                <updated>Thu, 8 May 2014 06:04:30 +0000</updated>
                            <resolved>Thu, 8 May 2014 06:04:30 +0000</resolved>
                                    <version>4.0</version>
                                                    <component>Collection</component>
                        <due></due>
                            <votes>0</votes>
                                    <watches>1</watches>
                                                                    <issuelinks>
                            <issuelinktype id="10020">
                    <name>Cloners</name>
                                                                <inwardlinks description="is cloned by">
                                        <issuelink>
            <issuekey id="12713013">COLLECTIONS-525</issuekey>
        </issuelink>
                            </inwardlinks>
                                    </issuelinktype>
                    </issuelinks>
                <attachments>
                    </attachments>
                <subtasks>
                    </subtasks>
                <customfields>
                                                <customfield id="customfield_12310310" key="com.atlassian.jira.toolkit:attachments">
                        <customfieldname>Attachment count</customfieldname>
                        <customfieldvalues>
                            <customfieldvalue>0.0</customfieldvalue>
                        </customfieldvalues>
                    </customfield>
                                                                                                                                                                                                                                                                                                                                                                                                                                                                                                                                                                                                                                                                                                                                                                                                                                                                                                                                        <customfield id="customfield_12310420" key="com.pyxis.greenhopper.jira:gh-global-rank">
                        <customfieldname>Global Rank</customfieldname>
                        <customfieldvalues>
                            <customfieldvalue>391330</customfieldvalue>
                        </customfieldvalues>
                    </customfield>
                                                                                                                        <customfield id="customfield_12312521" key="com.atlassian.jira.toolkit:LastCommentDate">
                        <customfieldname>Last public comment date</customfieldname>
                        <customfieldvalues>
                            2 years, 28 weeks, 2 days ago
                        </customfieldvalues>
                    </customfield>
                                                                                            <customfield id="customfield_12311820" key="com.pyxis.greenhopper.jira:gh-lexo-rank">
                        <customfieldname>Rank</customfieldname>
                        <customfieldvalues>
                            <customfieldvalue>0|i1vedz:</customfieldvalue>

                        </customfieldvalues>
                    </customfield>
                                                                <customfield id="customfield_12310920" key="com.pyxis.greenhopper.jira:gh-global-rank">
                        <customfieldname>Rank (Obsolete)</customfieldname>
                        <customfieldvalues>
                            <customfieldvalue>391550</customfieldvalue>
                        </customfieldvalues>
                    </customfield>
                                                                                                                                                                                                                                        <customfield id="customfield_12310222" key="com.atlassian.jira.ext.charting:timeinstatus">
                        <customfieldname>Time in Status</customfieldname>
                        <customfieldvalues>
                            
                        </customfieldvalues>
                    </customfield>
                                                                                                                        </customfields>
    </item>
</channel>
</rss>