<!-- 
RSS generated by JIRA (6.3.4#6332-sha1:51bc225ef474afe3128b2f66878477f322397b16) at Sun Nov 20 01:01:56 UTC 2016

It is possible to restrict the fields that are returned in this document by specifying the 'field' parameter in your request.
For example, to request only the issue key and summary add field=key&field=summary to the URL of your request.
For example:
https://issues.apache.org/jira/si/jira.issueviews:issue-xml/COLLECTIONS-400/COLLECTIONS-400.xml?field=key&amp;field=summary
-->
<rss version="0.92" >
<channel>
    <title>ASF JIRA</title>
    <link>https://issues.apache.org/jira</link>
    <description>This file is an XML representation of an issue</description>
    <language>en-uk</language>    <build-info>
        <version>6.3.4</version>
        <build-number>6332</build-number>
        <build-date>15-08-2014</build-date>
    </build-info>

<item>
            <title>[COLLECTIONS-400] Inconsistent Javadoc comment and code in addIgnoreNull(Collection&lt;T&gt;, T) in org.apache.commons.collections.CollectionUtils</title>
                <link>https://issues.apache.org/jira/browse/COLLECTIONS-400</link>
                <project id="12310465" key="COLLECTIONS">Commons Collections</project>
                    <description>&lt;p&gt;The Javadoc comment below states that the method &quot;throws NullPointerException if the collection is null&quot;. &lt;br/&gt;
    	    /**&lt;br/&gt;
	       .....&lt;/p&gt;
&lt;ul&gt;
	&lt;li&gt;@param collection  the collection to add to, must not be null&lt;/li&gt;
	&lt;li&gt;@param object  the object to add, if null it will not be added&lt;/li&gt;
	&lt;li&gt;@return true if the collection changed&lt;/li&gt;
	&lt;li&gt;@throws NullPointerException if the collection is null&lt;br/&gt;
	     */&lt;br/&gt;
	    public static &amp;lt;T&amp;gt; boolean addIgnoreNull(Collection&amp;lt;T&amp;gt; collection, T object) 
{
	        return (object != null &amp;amp;&amp;amp; collection.add(object));
	    }
&lt;p&gt;However, when called with an null collection and a null object (i.e., &quot;addIgnoreNull((Collection)null, null)&quot;), the method executes normally without throwing any exception.&lt;/p&gt;&lt;/li&gt;
&lt;/ul&gt;


&lt;p&gt;Suggested Fixes:&lt;br/&gt;
1. Add code &quot;if (collection == null) throw NullPointerException();&quot; at the beginning of the method body.&lt;br/&gt;
or&lt;br/&gt;
2. Remove &quot;@throws NullPointerException if the collection is null&quot; from the Javadoc.&lt;br/&gt;
or&lt;br/&gt;
3. Change &quot;@throws NullPointerException if the collection is null&quot; to &quot;@throws NullPointerException if the collection is null and the object is non-null)&quot;.&lt;/p&gt;</description>
                <environment>&lt;p&gt;Platform independent&lt;/p&gt;</environment>
        <key id="12548777">COLLECTIONS-400</key>
            <summary>Inconsistent Javadoc comment and code in addIgnoreNull(Collection&lt;T&gt;, T) in org.apache.commons.collections.CollectionUtils</summary>
                <type id="1" iconUrl="https://issues.apache.org/jira/images/icons/issuetypes/bug.png">Bug</type>
                                            <priority id="3" iconUrl="https://issues.apache.org/jira/images/icons/priorities/major.png">Major</priority>
                        <status id="6" iconUrl="https://issues.apache.org/jira/images/icons/statuses/closed.png" description="The issue is considered finished, the resolution is correct. Issues which are closed can be reopened.">Closed</status>
                    <statusCategory id="3" key="done" colorName="green"/>
                                    <resolution id="1">Fixed</resolution>
                                        <assignee username="-1">Unassigned</assignee>
                                    <reporter username="shinhwei">SHIN HWEI TAN</reporter>
                        <labels>
                            <label>javadoc</label>
                    </labels>
                <created>Fri, 30 Mar 2012 02:59:47 +0000</created>
                <updated>Sun, 9 Nov 2014 14:31:27 +0000</updated>
                            <resolved>Mon, 9 Apr 2012 17:27:40 +0000</resolved>
                                    <version>3.2.1</version>
                                    <fixVersion>4.0-alpha1</fixVersion>
                    <fixVersion>4.0</fixVersion>
                                    <component>Collection</component>
                        <due></due>
                            <votes>0</votes>
                                    <watches>0</watches>
                                    <timeoriginalestimate seconds="180">0.05h</timeoriginalestimate>
                            <timeestimate seconds="180">0.05h</timeestimate>
                                        <comments>
                            <comment id="13249983" author="tn" created="Mon, 9 Apr 2012 17:27:40 +0000"  >&lt;p&gt;Thanks for the report. I have added the missing null check in r1311344.&lt;/p&gt;</comment>
                            <comment id="13249987" author="hudson" created="Mon, 9 Apr 2012 17:33:23 +0000"  >&lt;p&gt;Integrated in commons-collections #16 (See &lt;a href=&quot;https://builds.apache.org/job/commons-collections/16/&quot; class=&quot;external-link&quot; rel=&quot;nofollow&quot;&gt;https://builds.apache.org/job/commons-collections/16/&lt;/a&gt;)&lt;br/&gt;
    &lt;a href=&quot;https://issues.apache.org/jira/browse/COLLECTIONS-400&quot; title=&quot;Inconsistent Javadoc comment and code in addIgnoreNull(Collection&amp;lt;T&amp;gt;, T) in org.apache.commons.collections.CollectionUtils&quot; class=&quot;issue-link&quot; data-issue-key=&quot;COLLECTIONS-400&quot;&gt;&lt;del&gt;COLLECTIONS-400&lt;/del&gt;&lt;/a&gt; Added missing null check, thanks to Shin Hwei Tan. (Revision 1311344)&lt;/p&gt;

&lt;p&gt;     Result = SUCCESS&lt;br/&gt;
tn : &lt;a href=&quot;http://svn.apache.org/viewvc/?view=rev&amp;amp;rev=1311344&quot; class=&quot;external-link&quot; rel=&quot;nofollow&quot;&gt;http://svn.apache.org/viewvc/?view=rev&amp;amp;rev=1311344&lt;/a&gt;&lt;br/&gt;
Files : &lt;/p&gt;
&lt;ul&gt;
	&lt;li&gt;/commons/proper/collections/trunk/src/main/java/org/apache/commons/collections/CollectionUtils.java&lt;/li&gt;
&lt;/ul&gt;
</comment>
                    </comments>
                    <attachments>
                    </attachments>
                <subtasks>
                    </subtasks>
                <customfields>
                                                <customfield id="customfield_12310310" key="com.atlassian.jira.toolkit:attachments">
                        <customfieldname>Attachment count</customfieldname>
                        <customfieldvalues>
                            <customfieldvalue>0.0</customfieldvalue>
                        </customfieldvalues>
                    </customfield>
                                                                                                                                                                                                                                                                                                                                                                                                                                                                                                                                <customfield id="customfield_12310220" key="com.atlassian.jira.ext.charting:firstresponsedate">
                        <customfieldname>Date of First Response</customfieldname>
                        <customfieldvalues>
                            <customfieldvalue>Mon, 9 Apr 2012 17:27:40 +0000</customfieldvalue>

                        </customfieldvalues>
                    </customfield>
                                                                                                                                                                                                                                                                                                                                                                                                                                            <customfield id="customfield_12310420" key="com.pyxis.greenhopper.jira:gh-global-rank">
                        <customfieldname>Global Rank</customfieldname>
                        <customfieldvalues>
                            <customfieldvalue>233874</customfieldvalue>
                        </customfieldvalues>
                    </customfield>
                                                                                                                        <customfield id="customfield_12312521" key="com.atlassian.jira.toolkit:LastCommentDate">
                        <customfieldname>Last public comment date</customfieldname>
                        <customfieldvalues>
                            4 years, 32 weeks, 5 days ago
                        </customfieldvalues>
                    </customfield>
                                                                                            <customfield id="customfield_12311820" key="com.pyxis.greenhopper.jira:gh-lexo-rank">
                        <customfieldname>Rank</customfieldname>
                        <customfieldvalues>
                            <customfieldvalue>0|i0shsf:</customfieldvalue>

                        </customfieldvalues>
                    </customfield>
                                                                <customfield id="customfield_12310920" key="com.pyxis.greenhopper.jira:gh-global-rank">
                        <customfieldname>Rank (Obsolete)</customfieldname>
                        <customfieldvalues>
                            <customfieldvalue>164359</customfieldvalue>
                        </customfieldvalues>
                    </customfield>
                                                                                                                                                                                                                                        <customfield id="customfield_12310222" key="com.atlassian.jira.ext.charting:timeinstatus">
                        <customfieldname>Time in Status</customfieldname>
                        <customfieldvalues>
                            
                        </customfieldvalues>
                    </customfield>
                                                                                                                        </customfields>
    </item>
</channel>
</rss>