<!-- 
RSS generated by JIRA (6.3.4#6332-sha1:51bc225ef474afe3128b2f66878477f322397b16) at Sun Nov 20 01:59:18 UTC 2016

It is possible to restrict the fields that are returned in this document by specifying the 'field' parameter in your request.
For example, to request only the issue key and summary add field=key&field=summary to the URL of your request.
For example:
https://issues.apache.org/jira/si/jira.issueviews:issue-xml/COLLECTIONS-124/COLLECTIONS-124.xml?field=key&amp;field=summary
-->
<rss version="0.92" >
<channel>
    <title>ASF JIRA</title>
    <link>https://issues.apache.org/jira</link>
    <description>This file is an XML representation of an issue</description>
    <language>en-uk</language>    <build-info>
        <version>6.3.4</version>
        <build-number>6332</build-number>
        <build-date>15-08-2014</build-date>
    </build-info>

<item>
            <title>[COLLECTIONS-124] [collections][PATCH] SetUniqueList breaks when swapping entries</title>
                <link>https://issues.apache.org/jira/browse/COLLECTIONS-124</link>
                <project id="12310465" key="COLLECTIONS">Commons Collections</project>
                    <description>&lt;p&gt;If you create a SetUniqueList with two entries a and b:&lt;br/&gt;
&lt;span class=&quot;error&quot;&gt;&amp;#91;a,b&amp;#93;&lt;/span&gt;&lt;br/&gt;
Then you do:&lt;br/&gt;
Object a = l.get(0);&lt;br/&gt;
l.set(0, b)&lt;br/&gt;
l.add(0, a);&lt;br/&gt;
You expect to have swapped the two entries. But you get&lt;br/&gt;
&lt;span class=&quot;error&quot;&gt;&amp;#91;b&amp;#93;&lt;/span&gt;&lt;br/&gt;
Which seems to be wrong.&lt;/p&gt;</description>
                <environment>&lt;p&gt;Operating System: All&lt;br/&gt;
Platform: PC&lt;/p&gt;</environment>
        <key id="12342021">COLLECTIONS-124</key>
            <summary>[collections][PATCH] SetUniqueList breaks when swapping entries</summary>
                <type id="1" iconUrl="https://issues.apache.org/jira/images/icons/issuetypes/bug.png">Bug</type>
                                            <priority id="3" iconUrl="https://issues.apache.org/jira/images/icons/priorities/major.png">Major</priority>
                        <status id="6" iconUrl="https://issues.apache.org/jira/images/icons/statuses/closed.png" description="The issue is considered finished, the resolution is correct. Issues which are closed can be reopened.">Closed</status>
                    <statusCategory id="3" key="done" colorName="green"/>
                                    <resolution id="1">Fixed</resolution>
                                        <assignee username="-1">Unassigned</assignee>
                                    <reporter username="thomas.dunham@reuters.com">Tom Dunham</reporter>
                        <labels>
                    </labels>
                <created>Sat, 29 Jan 2005 04:15:57 +0000</created>
                <updated>Sat, 15 Mar 2008 21:36:02 +0000</updated>
                            <resolved>Sat, 15 Mar 2008 21:36:02 +0000</resolved>
                                    <version>3.1</version>
                                                        <due></due>
                            <votes>0</votes>
                                    <watches>0</watches>
                                                                <comments>
                            <comment id="12408631" author="thomas.dunham@reuters.com" created="Sat, 29 Jan 2005 04:18:34 +0000"  >&lt;p&gt;Created an attachment (id=14128)&lt;br/&gt;
This TestCase shows the problem from outwith the packages.&lt;/p&gt;</comment>
                            <comment id="12408632" author="thomas.dunham@reuters.com" created="Sat, 29 Jan 2005 04:34:19 +0000"  >&lt;p&gt;Created an attachment (id=14129)&lt;br/&gt;
This patch to TestSetUniqueList exposes the bug.&lt;/p&gt;</comment>
                            <comment id="12408633" author="thomas.dunham@reuters.com" created="Sat, 29 Jan 2005 04:34:57 +0000"  >&lt;p&gt;Created an attachment (id=14130)&lt;br/&gt;
This patch to SetUniqueList passes the tests&lt;/p&gt;</comment>
                            <comment id="12408634" author="scolebourne@joda.org" created="Fri, 4 Feb 2005 09:13:50 +0000"  >&lt;p&gt;Patches applied, thanks&lt;/p&gt;</comment>
                    </comments>
                    <attachments>
                            <attachment id="12333369" name="ASF.LICENSE.NOT.GRANTED--code.patch" size="794" author="thomas.dunham@reuters.com" created="Sat, 29 Jan 2005 04:34:57 +0000"/>
                            <attachment id="12333367" name="ASF.LICENSE.NOT.GRANTED--setUniqBug.txt" size="839" author="thomas.dunham@reuters.com" created="Sat, 29 Jan 2005 04:18:34 +0000"/>
                            <attachment id="12333368" name="ASF.LICENSE.NOT.GRANTED--test.patch" size="4420" author="thomas.dunham@reuters.com" created="Sat, 29 Jan 2005 04:34:19 +0000"/>
                    </attachments>
                <subtasks>
                    </subtasks>
                <customfields>
                                                <customfield id="customfield_12310310" key="com.atlassian.jira.toolkit:attachments">
                        <customfieldname>Attachment count</customfieldname>
                        <customfieldvalues>
                            <customfieldvalue>3.0</customfieldvalue>
                        </customfieldvalues>
                    </customfield>
                                                                                                                                                                                                                                                                                                                                                                                                                                                                        <customfield id="customfield_10010" key="com.atlassian.jira.plugin.system.customfieldtypes:importid">
                        <customfieldname>Bugzilla Id</customfieldname>
                        <customfieldvalues>
                            <customfieldvalue>33294</customfieldvalue>
                        </customfieldvalues>
                    </customfield>
                                                                                            <customfield id="customfield_12310220" key="com.atlassian.jira.ext.charting:firstresponsedate">
                        <customfieldname>Date of First Response</customfieldname>
                        <customfieldvalues>
                            <customfieldvalue>Fri, 4 Feb 2005 09:13:50 +0000</customfieldvalue>

                        </customfieldvalues>
                    </customfield>
                                                                                                                                                                                                                                                                                                                                                                                                                                            <customfield id="customfield_12310420" key="com.pyxis.greenhopper.jira:gh-global-rank">
                        <customfieldname>Global Rank</customfieldname>
                        <customfieldvalues>
                            <customfieldvalue>18874</customfieldvalue>
                        </customfieldvalues>
                    </customfield>
                                                                                                                        <customfield id="customfield_12312521" key="com.atlassian.jira.toolkit:LastCommentDate">
                        <customfieldname>Last public comment date</customfieldname>
                        <customfieldvalues>
                            11 years, 43 weeks, 1 day ago
                        </customfieldvalues>
                    </customfield>
                                                                                            <customfield id="customfield_12311820" key="com.pyxis.greenhopper.jira:gh-lexo-rank">
                        <customfieldname>Rank</customfieldname>
                        <customfieldvalues>
                            <customfieldvalue>0|i0sj6f:</customfieldvalue>

                        </customfieldvalues>
                    </customfield>
                                                                <customfield id="customfield_12310920" key="com.pyxis.greenhopper.jira:gh-global-rank">
                        <customfieldname>Rank (Obsolete)</customfieldname>
                        <customfieldvalues>
                            <customfieldvalue>164584</customfieldvalue>
                        </customfieldvalues>
                    </customfield>
                                                                                                                                                                                                                                        <customfield id="customfield_12310222" key="com.atlassian.jira.ext.charting:timeinstatus">
                        <customfieldname>Time in Status</customfieldname>
                        <customfieldvalues>
                            
                        </customfieldvalues>
                    </customfield>
                                                                                                                        </customfields>
    </item>
</channel>
</rss>