<!-- 
RSS generated by JIRA (6.3.4#6332-sha1:51bc225ef474afe3128b2f66878477f322397b16) at Sat Nov 19 21:30:06 UTC 2016

It is possible to restrict the fields that are returned in this document by specifying the 'field' parameter in your request.
For example, to request only the issue key and summary add field=key&field=summary to the URL of your request.
For example:
https://issues.apache.org/jira/si/jira.issueviews:issue-xml/COLLECTIONS-343/COLLECTIONS-343.xml?field=key&amp;field=summary
-->
<rss version="0.92" >
<channel>
    <title>ASF JIRA</title>
    <link>https://issues.apache.org/jira</link>
    <description>This file is an XML representation of an issue</description>
    <language>en-uk</language>    <build-info>
        <version>6.3.4</version>
        <build-number>6332</build-number>
        <build-date>15-08-2014</build-date>
    </build-info>

<item>
            <title>[COLLECTIONS-343] Functor singleton classes do not implement singleton pattern correctly</title>
                <link>https://issues.apache.org/jira/browse/COLLECTIONS-343</link>
                <project id="12310465" key="COLLECTIONS">Commons Collections</project>
                    <description>&lt;p&gt;All classes in package &quot;org.apache.commons.collections.functors&quot; that advertise that they have singleton instance actually cannot guarantee that.  Because of serialization support multiple instances of those classes can exist at runtime.&lt;/p&gt;

&lt;p&gt;Following classes are making this false claim:&lt;/p&gt;
&lt;ul&gt;
	&lt;li&gt;CloneTransformer&lt;/li&gt;
	&lt;li&gt;ExceptionClosure&lt;/li&gt;
	&lt;li&gt;ExceptionFactory&lt;/li&gt;
	&lt;li&gt;ExceptionPredicate&lt;/li&gt;
	&lt;li&gt;ExceptionTransformer&lt;/li&gt;
	&lt;li&gt;FalsePredicate&lt;/li&gt;
	&lt;li&gt;NOPClosure&lt;/li&gt;
	&lt;li&gt;NOPTransformer&lt;/li&gt;
	&lt;li&gt;NotNullPredicate&lt;/li&gt;
	&lt;li&gt;NullPredicate&lt;/li&gt;
	&lt;li&gt;StringValueTransformer&lt;/li&gt;
	&lt;li&gt;TruePredicate&lt;/li&gt;
&lt;/ul&gt;
</description>
                <environment></environment>
        <key id="12438201">COLLECTIONS-343</key>
            <summary>Functor singleton classes do not implement singleton pattern correctly</summary>
                <type id="1" iconUrl="https://issues.apache.org/jira/images/icons/issuetypes/bug.png">Bug</type>
                                            <priority id="3" iconUrl="https://issues.apache.org/jira/images/icons/priorities/major.png">Major</priority>
                        <status id="6" iconUrl="https://issues.apache.org/jira/images/icons/statuses/closed.png" description="The issue is considered finished, the resolution is correct. Issues which are closed can be reopened.">Closed</status>
                    <statusCategory id="3" key="done" colorName="green"/>
                                    <resolution id="1">Fixed</resolution>
                                        <assignee username="-1">Unassigned</assignee>
                                    <reporter username="ghacek">Goran Hacek</reporter>
                        <labels>
                    </labels>
                <created>Thu, 15 Oct 2009 12:15:28 +0000</created>
                <updated>Sun, 9 Nov 2014 14:31:35 +0000</updated>
                            <resolved>Thu, 28 Feb 2013 19:37:48 +0000</resolved>
                                                    <fixVersion>4.0-alpha1</fixVersion>
                    <fixVersion>4.0</fixVersion>
                                    <component>Functor</component>
                        <due></due>
                            <votes>0</votes>
                                    <watches>0</watches>
                                                                <comments>
                            <comment id="12766039" author="ghacek" created="Thu, 15 Oct 2009 12:20:53 +0000"  >&lt;p&gt;Fix for this issue is simple, all of these classes should implement readResolve() in the following way:&lt;/p&gt;

&lt;div class=&quot;preformatted panel&quot; style=&quot;border-width: 1px;&quot;&gt;&lt;div class=&quot;preformattedContent panelContent&quot;&gt;
&lt;pre&gt;private Object readResolve() {
    return INSTANCE;
}
&lt;/pre&gt;
&lt;/div&gt;&lt;/div&gt;

&lt;p&gt;This also makes default equals() and hashCode() methods behave correctly for this classes.&lt;/p&gt;

&lt;p&gt;I am providing a patch for this issue with tests, so can someone, please, review it.&lt;/p&gt;</comment>
                            <comment id="12795187" author="mbenson" created="Tue, 29 Dec 2009 23:12:50 +0000"  >&lt;p&gt;! /Users/mbenson/oss/asf/commons/trunks-proper/collections&amp;gt; svn commit -m &quot;&lt;a href=&quot;https://issues.apache.org/jira/browse/COLLECTIONS-343&quot; title=&quot;Functor singleton classes do not implement singleton pattern correctly&quot; class=&quot;issue-link&quot; data-issue-key=&quot;COLLECTIONS-343&quot;&gt;&lt;del&gt;COLLECTIONS-343&lt;/del&gt;&lt;/a&gt; applied patch to preserve singleton integrity with readResolve&quot; src pom.xml &lt;br/&gt;
Sending        pom.xml&lt;br/&gt;
Sending        src/java/org/apache/commons/collections/functors/CloneTransformer.java&lt;br/&gt;
Sending        src/java/org/apache/commons/collections/functors/ExceptionClosure.java&lt;br/&gt;
Sending        src/java/org/apache/commons/collections/functors/ExceptionFactory.java&lt;br/&gt;
Sending        src/java/org/apache/commons/collections/functors/ExceptionPredicate.java&lt;br/&gt;
Sending        src/java/org/apache/commons/collections/functors/ExceptionTransformer.java&lt;br/&gt;
Sending        src/java/org/apache/commons/collections/functors/FalsePredicate.java&lt;br/&gt;
Sending        src/java/org/apache/commons/collections/functors/NOPClosure.java&lt;br/&gt;
Sending        src/java/org/apache/commons/collections/functors/NOPTransformer.java&lt;br/&gt;
Sending        src/java/org/apache/commons/collections/functors/NotNullPredicate.java&lt;br/&gt;
Sending        src/java/org/apache/commons/collections/functors/NullPredicate.java&lt;br/&gt;
Sending        src/java/org/apache/commons/collections/functors/StringValueTransformer.java&lt;br/&gt;
Sending        src/java/org/apache/commons/collections/functors/TruePredicate.java&lt;br/&gt;
Sending        src/test/org/apache/commons/collections/TestClosureUtils.java&lt;br/&gt;
Sending        src/test/org/apache/commons/collections/TestFactoryUtils.java&lt;br/&gt;
Sending        src/test/org/apache/commons/collections/TestPredicateUtils.java&lt;br/&gt;
Sending        src/test/org/apache/commons/collections/TestTransformerUtils.java&lt;br/&gt;
Adding         src/test/org/apache/commons/collections/TestUtils.java&lt;br/&gt;
Transmitting file data ..................&lt;br/&gt;
Committed revision 894507.&lt;/p&gt;</comment>
                    </comments>
                    <attachments>
                            <attachment id="12422223" name="fix_functor_singletones.patch" size="15848" author="ghacek" created="Thu, 15 Oct 2009 12:20:53 +0000"/>
                    </attachments>
                <subtasks>
                    </subtasks>
                <customfields>
                                                <customfield id="customfield_12310310" key="com.atlassian.jira.toolkit:attachments">
                        <customfieldname>Attachment count</customfieldname>
                        <customfieldvalues>
                            <customfieldvalue>1.0</customfieldvalue>
                        </customfieldvalues>
                    </customfield>
                                                                                                                                                                                                                                                                                                                                                                                                                                                                                                                                <customfield id="customfield_12310220" key="com.atlassian.jira.ext.charting:firstresponsedate">
                        <customfieldname>Date of First Response</customfieldname>
                        <customfieldvalues>
                            <customfieldvalue>Tue, 29 Dec 2009 23:12:50 +0000</customfieldvalue>

                        </customfieldvalues>
                    </customfield>
                                                                                                                                                                                                                                                                                                                                                                                                                                            <customfield id="customfield_12310420" key="com.pyxis.greenhopper.jira:gh-global-rank">
                        <customfieldname>Global Rank</customfieldname>
                        <customfieldvalues>
                            <customfieldvalue>18660</customfieldvalue>
                        </customfieldvalues>
                    </customfield>
                                                                                                                        <customfield id="customfield_12312521" key="com.atlassian.jira.toolkit:LastCommentDate">
                        <customfieldname>Last public comment date</customfieldname>
                        <customfieldvalues>
                            6 years, 47 weeks, 3 days ago
                        </customfieldvalues>
                    </customfield>
                                                                                            <customfield id="customfield_12311820" key="com.pyxis.greenhopper.jira:gh-lexo-rank">
                        <customfieldname>Rank</customfieldname>
                        <customfieldvalues>
                            <customfieldvalue>0|i0si1j:</customfieldvalue>

                        </customfieldvalues>
                    </customfield>
                                                                <customfield id="customfield_12310920" key="com.pyxis.greenhopper.jira:gh-global-rank">
                        <customfieldname>Rank (Obsolete)</customfieldname>
                        <customfieldvalues>
                            <customfieldvalue>164400</customfieldvalue>
                        </customfieldvalues>
                    </customfield>
                                                                                                                                                                                                                                        <customfield id="customfield_12310222" key="com.atlassian.jira.ext.charting:timeinstatus">
                        <customfieldname>Time in Status</customfieldname>
                        <customfieldvalues>
                            
                        </customfieldvalues>
                    </customfield>
                                                                                                                        </customfields>
    </item>
</channel>
</rss>