<!-- 
RSS generated by JIRA (6.3.4#6332-sha1:51bc225ef474afe3128b2f66878477f322397b16) at Sun Nov 20 00:01:58 UTC 2016

It is possible to restrict the fields that are returned in this document by specifying the 'field' parameter in your request.
For example, to request only the issue key and summary add field=key&field=summary to the URL of your request.
For example:
https://issues.apache.org/jira/si/jira.issueviews:issue-xml/COLLECTIONS-453/COLLECTIONS-453.xml?field=key&amp;field=summary
-->
<rss version="0.92" >
<channel>
    <title>ASF JIRA</title>
    <link>https://issues.apache.org/jira</link>
    <description>This file is an XML representation of an issue</description>
    <language>en-uk</language>    <build-info>
        <version>6.3.4</version>
        <build-number>6332</build-number>
        <build-date>15-08-2014</build-date>
    </build-info>

<item>
            <title>[COLLECTIONS-453] findBugs Warnings: several classes in package functors may expose their internal representation</title>
                <link>https://issues.apache.org/jira/browse/COLLECTIONS-453</link>
                <project id="12310465" key="COLLECTIONS">Commons Collections</project>
                    <description>&lt;p&gt;Several classes (e.g. SwitchTransformer) take in their constructor an array as input which is not copied/cloned.&lt;br/&gt;
Thus its internal representation may be changed externally.&lt;/p&gt;

&lt;p&gt;The corresponding factory methods &lt;b&gt;do&lt;/b&gt; copy the input arguments thus we have two choices:&lt;/p&gt;

&lt;ul&gt;
	&lt;li&gt;move the copy from the factory methods to the ctors&lt;/li&gt;
	&lt;li&gt;make the ctors private to prevent their use&lt;/li&gt;
&lt;/ul&gt;
</description>
                <environment></environment>
        <key id="12645020">COLLECTIONS-453</key>
            <summary>findBugs Warnings: several classes in package functors may expose their internal representation</summary>
                <type id="1" iconUrl="https://issues.apache.org/jira/images/icons/issuetypes/bug.png">Bug</type>
                                            <priority id="3" iconUrl="https://issues.apache.org/jira/images/icons/priorities/major.png">Major</priority>
                        <status id="6" iconUrl="https://issues.apache.org/jira/images/icons/statuses/closed.png" description="The issue is considered finished, the resolution is correct. Issues which are closed can be reopened.">Closed</status>
                    <statusCategory id="3" key="done" colorName="green"/>
                                    <resolution id="1">Fixed</resolution>
                                        <assignee username="-1">Unassigned</assignee>
                                    <reporter username="tn">Thomas Neidhart</reporter>
                        <labels>
                    </labels>
                <created>Sat, 27 Apr 2013 12:23:51 +0000</created>
                <updated>Sun, 9 Nov 2014 14:31:31 +0000</updated>
                            <resolved>Sun, 5 May 2013 16:16:46 +0000</resolved>
                                    <version>3.2.1</version>
                                    <fixVersion>4.0-alpha1</fixVersion>
                    <fixVersion>4.0</fixVersion>
                                        <due></due>
                            <votes>0</votes>
                                    <watches>0</watches>
                                                                <comments>
                            <comment id="13643644" author="tn" created="Sat, 27 Apr 2013 12:28:35 +0000"  >&lt;p&gt;The warning for ObjectArrayIterator should be filtered as there it is ok to use the array directly imho.&lt;/p&gt;</comment>
                            <comment id="13645574" author="tn" created="Tue, 30 Apr 2013 13:37:19 +0000"  >&lt;p&gt;Any objection to make the respective constructors in the functors package private?&lt;/p&gt;

&lt;p&gt;All of them have corresponding factory methods.&lt;/p&gt;</comment>
                            <comment id="13645997" author="tn" created="Tue, 30 Apr 2013 21:17:41 +0000"  >&lt;p&gt;Added exclude filter for MultiKey in r1477834.&lt;/p&gt;</comment>
                            <comment id="13649348" author="tn" created="Sun, 5 May 2013 14:54:06 +0000"  >&lt;p&gt;Fixed InstantiateTransformer and InvokerTransformer. The constructor now clones the input arrays.&lt;/p&gt;</comment>
                            <comment id="13649351" author="tn" created="Sun, 5 May 2013 15:07:11 +0000"  >&lt;p&gt;Fixed ChainedClosure and ChainedTransformer in r1479336.&lt;/p&gt;</comment>
                            <comment id="13649354" author="tn" created="Sun, 5 May 2013 15:21:20 +0000"  >&lt;p&gt;Fixed SwitchClosure and SwitchTransformer in r1479337.&lt;/p&gt;</comment>
                            <comment id="13649363" author="tn" created="Sun, 5 May 2013 16:16:46 +0000"  >&lt;p&gt;Finished in r1479348.&lt;/p&gt;</comment>
                    </comments>
                    <attachments>
                    </attachments>
                <subtasks>
                    </subtasks>
                <customfields>
                                                <customfield id="customfield_12310310" key="com.atlassian.jira.toolkit:attachments">
                        <customfieldname>Attachment count</customfieldname>
                        <customfieldvalues>
                            <customfieldvalue>0.0</customfieldvalue>
                        </customfieldvalues>
                    </customfield>
                                                                                                                                                                                                                                                                                                                                                                                                                                                                                                                                                                                                                                                                                                                                                                                                                                                                                                                                        <customfield id="customfield_12310420" key="com.pyxis.greenhopper.jira:gh-global-rank">
                        <customfieldname>Global Rank</customfieldname>
                        <customfieldvalues>
                            <customfieldvalue>325382</customfieldvalue>
                        </customfieldvalues>
                    </customfield>
                                                                                                                        <customfield id="customfield_12312521" key="com.atlassian.jira.toolkit:LastCommentDate">
                        <customfieldname>Last public comment date</customfieldname>
                        <customfieldvalues>
                            3 years, 28 weeks, 6 days ago
                        </customfieldvalues>
                    </customfield>
                                                                                            <customfield id="customfield_12311820" key="com.pyxis.greenhopper.jira:gh-lexo-rank">
                        <customfieldname>Rank</customfieldname>
                        <customfieldvalues>
                            <customfieldvalue>0|i1k4wv:</customfieldvalue>

                        </customfieldvalues>
                    </customfield>
                                                                <customfield id="customfield_12310920" key="com.pyxis.greenhopper.jira:gh-global-rank">
                        <customfieldname>Rank (Obsolete)</customfieldname>
                        <customfieldvalues>
                            <customfieldvalue>325727</customfieldvalue>
                        </customfieldvalues>
                    </customfield>
                                                                                                                                                                                                                                        <customfield id="customfield_12310222" key="com.atlassian.jira.ext.charting:timeinstatus">
                        <customfieldname>Time in Status</customfieldname>
                        <customfieldvalues>
                            
                        </customfieldvalues>
                    </customfield>
                                                                                                                        </customfields>
    </item>
</channel>
</rss>