<!-- 
RSS generated by JIRA (6.3.4#6332-sha1:51bc225ef474afe3128b2f66878477f322397b16) at Sat Nov 19 23:32:11 UTC 2016

It is possible to restrict the fields that are returned in this document by specifying the 'field' parameter in your request.
For example, to request only the issue key and summary add field=key&field=summary to the URL of your request.
For example:
https://issues.apache.org/jira/si/jira.issueviews:issue-xml/COLLECTIONS-116/COLLECTIONS-116.xml?field=key&amp;field=summary
-->
<rss version="0.92" >
<channel>
    <title>ASF JIRA</title>
    <link>https://issues.apache.org/jira</link>
    <description>This file is an XML representation of an issue</description>
    <language>en-uk</language>    <build-info>
        <version>6.3.4</version>
        <build-number>6332</build-number>
        <build-date>15-08-2014</build-date>
    </build-info>

<item>
            <title>[COLLECTIONS-116] [collections] Getting rid of some javadoc warn messages (3.2-dev)</title>
                <link>https://issues.apache.org/jira/browse/COLLECTIONS-116</link>
                <project id="12310465" key="COLLECTIONS">Commons Collections</project>
                    <description>&lt;p&gt;Salut. &lt;/p&gt;

&lt;p&gt;Just called javadoc to create the java documentation and wondered about&lt;br/&gt;
some warnings, though everything seemed to be at the right place:&lt;/p&gt;

&lt;p&gt;Tag @link: can&apos;t find removeLRU(LinkEntry) in&lt;br/&gt;
org.apache.commons.collections.map.LRUMap&lt;br/&gt;
Tag @link: can&apos;t find moveToMRU(LinkEntry) in&lt;br/&gt;
org.apache.commons.collections.map.LRUMap&lt;/p&gt;

&lt;p&gt;&quot;LinkEntry&quot; is a static class in AbstractLinkedMap, LRUMap derives from&lt;br/&gt;
AbstractLinkedMap. Why javadoc does not know about &quot;LinkEntry&quot; then, while&lt;br/&gt;
java itself does?&lt;/p&gt;

&lt;p&gt;The solution comes from the javadoc-API:&lt;/p&gt;

&lt;p&gt;&quot;Nested classes must be specified as outer.inner, not simply inner, for all forms.&quot;&lt;/p&gt;

&lt;p&gt;(&lt;a href=&quot;http://java.sun.com/j2se/1.4.2/docs/tooldocs/solaris/javadoc.html#@see&quot; class=&quot;external-link&quot; rel=&quot;nofollow&quot;&gt;http://java.sun.com/j2se/1.4.2/docs/tooldocs/solaris/javadoc.html#@see&lt;/a&gt;)&lt;/p&gt;

&lt;p&gt;That is the reason, why javadoc spews warnings, when &lt;/p&gt;
{@link
#removeLRU(LinkEntry)}
&lt;p&gt; is used. &lt;/p&gt;

&lt;p&gt;The correct code will look like this then:&lt;/p&gt;

{@link #removeLRU(AbstractLinkedMap.LinkEntry)}

&lt;p&gt;Actually i have found this only in collections.map.LRUMap, its really a minor&lt;br/&gt;
thing. But even Eclipse gave me the &quot;wrong&quot; code...&lt;/p&gt;

&lt;p&gt;Thanks for the collections, we use them intensily here &lt;img class=&quot;emoticon&quot; src=&quot;https://issues.apache.org/jira/images/icons/emoticons/smile.gif&quot; height=&quot;16&quot; width=&quot;16&quot; align=&quot;absmiddle&quot; alt=&quot;&quot; border=&quot;0&quot;/&gt;&lt;/p&gt;

&lt;p&gt;Ciao.&lt;/p&gt;</description>
                <environment>&lt;p&gt;Operating System: other&lt;br/&gt;
Platform: Other&lt;/p&gt;</environment>
        <key id="12341769">COLLECTIONS-116</key>
            <summary>[collections] Getting rid of some javadoc warn messages (3.2-dev)</summary>
                <type id="1" iconUrl="https://issues.apache.org/jira/images/icons/issuetypes/bug.png">Bug</type>
                                            <priority id="4" iconUrl="https://issues.apache.org/jira/images/icons/priorities/minor.png">Minor</priority>
                        <status id="6" iconUrl="https://issues.apache.org/jira/images/icons/statuses/closed.png" description="The issue is considered finished, the resolution is correct. Issues which are closed can be reopened.">Closed</status>
                    <statusCategory id="3" key="done" colorName="green"/>
                                    <resolution id="1">Fixed</resolution>
                                        <assignee username="-1">Unassigned</assignee>
                                    <reporter username="public@ecopatz.de">Olaf Krische</reporter>
                        <labels>
                    </labels>
                <created>Mon, 4 Oct 2004 06:07:15 +0000</created>
                <updated>Sat, 15 Mar 2008 21:36:01 +0000</updated>
                            <resolved>Sat, 15 Mar 2008 21:36:01 +0000</resolved>
                                    <version>3.2</version>
                                    <fixVersion>3.2</fixVersion>
                                        <due></due>
                            <votes>0</votes>
                                    <watches>0</watches>
                                                                <comments>
                            <comment id="12407691" author="public@ecopatz.de" created="Thu, 7 Oct 2004 03:41:46 +0000"  >&lt;p&gt;Created an attachment (id=12970)&lt;br/&gt;
replacing javadoc statements in two methods&lt;/p&gt;</comment>
                            <comment id="12407692" author="public@ecopatz.de" created="Thu, 7 Oct 2004 05:02:31 +0000"  >&lt;p&gt;The next patch is related to the BooleanComparator class.&lt;/p&gt;

&lt;p&gt;Some public methods in that class refer in their javadoc comments to the private&lt;br/&gt;
variable &apos;trueFirst&apos;.&lt;/p&gt;

&lt;p&gt;Since the default package access in the build.xml is set to &quot;protected&quot;, the&lt;br/&gt;
javadoc generator will not see this private variable and gives warnings. The&lt;br/&gt;
result is incomplete documentation (broken sentences...)&lt;/p&gt;

&lt;p&gt;But hey, there is the public method #sortsTrueFirst, to which these methods can&lt;br/&gt;
refer to.&lt;/p&gt;

&lt;p&gt;So, this simple beauty patch just rewrites the javadoc comments a bit.&lt;/p&gt;
</comment>
                            <comment id="12407693" author="public@ecopatz.de" created="Thu, 7 Oct 2004 05:03:45 +0000"  >&lt;p&gt;Created an attachment (id=12972)&lt;br/&gt;
BooleanComparator: Little rewrite of javadoc comments to avoid refering to a private variable&lt;/p&gt;</comment>
                            <comment id="12407694" author="public@ecopatz.de" created="Thu, 7 Oct 2004 06:26:49 +0000"  >&lt;p&gt;The following three patches touches MultiKeyMap, ReferenceIdentityMap and&lt;br/&gt;
ReferenceMap.&lt;/p&gt;

&lt;p&gt;Just added full qualified names to linked classes, if they havent been&lt;br/&gt;
explicitely imported from the source files.&lt;/p&gt;</comment>
                            <comment id="12407695" author="public@ecopatz.de" created="Thu, 7 Oct 2004 06:31:13 +0000"  >&lt;p&gt;Created an attachment (id=12973)&lt;br/&gt;
ReferenceIdentityMap: Adding full qualified names to classes, which have not been imported explictely&lt;/p&gt;</comment>
                            <comment id="12407696" author="public@ecopatz.de" created="Thu, 7 Oct 2004 06:31:48 +0000"  >&lt;p&gt;Created an attachment (id=12974)&lt;br/&gt;
ReferenceMap: Adding full qualified names to classes, which have not been imported explictely&lt;/p&gt;</comment>
                            <comment id="12407697" author="public@ecopatz.de" created="Thu, 7 Oct 2004 06:34:30 +0000"  >&lt;p&gt;Ups, i was wrong. The 3rd patch, the one for MultiKeyMap, fixes the javadoc code&lt;br/&gt;
for the method putAll(Map), that referenced non existing parameters.&lt;/p&gt;
</comment>
                            <comment id="12407698" author="public@ecopatz.de" created="Thu, 7 Oct 2004 06:35:12 +0000"  >&lt;p&gt;Created an attachment (id=12975)&lt;br/&gt;
MultiKeyMap: Fixed wrong parameters in javadoc for method putAll&lt;/p&gt;</comment>
                            <comment id="12407699" author="public@ecopatz.de" created="Thu, 7 Oct 2004 06:44:12 +0000"  >&lt;p&gt;Created an attachment (id=12976)&lt;br/&gt;
SingletonMap: Fixes javadoc for constructor SingletonMap(MapEntry)&lt;/p&gt;</comment>
                            <comment id="12407700" author="scolebourne@joda.org" created="Sun, 17 Oct 2004 04:43:55 +0000"  >&lt;p&gt;Thanks for these javadoc patches, documentation patches are always useful!&lt;/p&gt;</comment>
                            <comment id="12407701" author="public@ecopatz.de" created="Mon, 18 Oct 2004 05:13:49 +0000"  >&lt;p&gt;Salve.&lt;/p&gt;

&lt;p&gt;If i may re-open the bug.&lt;/p&gt;

&lt;p&gt;I have changed the property &apos;javadoc.access&apos; from the value &apos;protected&apos; to &lt;br/&gt;
&apos;private&apos; to see, if javadoc runs clean now. Just got some other warnings.&lt;/p&gt;

&lt;p&gt;The first &quot;fix&quot; is for &apos;TreeBidiMap.java&apos; in &apos;collections/bidimap&apos;. I have&lt;br/&gt;
changed the parameter name from &apos;index&apos; to &apos;type&apos; in the javadoc code from three&lt;br/&gt;
methods, because the variable is named &apos;type&apos; there.&lt;/p&gt;

&lt;p&gt;The second &quot;fix&quot; is for &apos;AbstractInputCheckedMapDecorator.java&apos;. Just removed&lt;br/&gt;
the javadoc tag &apos;@param value&apos; for the method &apos;isSetValueChecking&apos;, since this&lt;br/&gt;
method has no parameter at all. &lt;/p&gt;

&lt;p&gt;The third &quot;fix&quot; is for &apos;TreeList.java&apos; in &apos;collections/list&apos;. But here it is a&lt;br/&gt;
bit ambigious. The comment for the field &apos;AVLNode current&apos; from the inner class&lt;br/&gt;
&apos;TreeListIterator&apos; mentions the method #getLastNodeReturned(). There is no such&lt;br/&gt;
method, thats why the javadoc warning raises. Will such a method ever be written&lt;br/&gt;
there to access &apos;current&apos;? For example, the &apos;LinkedListIterator&apos; in&lt;br/&gt;
&apos;AbstractLinkedList&apos; has such a method. I &lt;/p&gt;

&lt;p&gt;Okay, whatever, i dont see a note, that this method will come. So i just deleted&lt;br/&gt;
the comment about #getLastNodeReturned()&lt;/p&gt;

&lt;p&gt;=;&lt;/p&gt;</comment>
                            <comment id="12407702" author="public@ecopatz.de" created="Mon, 18 Oct 2004 05:15:14 +0000"  >&lt;p&gt;Created an attachment (id=13126)&lt;br/&gt;
TreeBidiMap: Changing @param index to @param type in some methods&lt;/p&gt;</comment>
                            <comment id="12407703" author="public@ecopatz.de" created="Mon, 18 Oct 2004 05:16:32 +0000"  >&lt;p&gt;Created an attachment (id=13127)&lt;br/&gt;
TreeList: Removing the mention of #getLastNodeReturned, because there is no such method (yet?) in the TreeListIterator&lt;/p&gt;</comment>
                            <comment id="12407704" author="public@ecopatz.de" created="Mon, 18 Oct 2004 05:17:49 +0000"  >&lt;p&gt;Created an attachment (id=13128)&lt;br/&gt;
AbstractInputCheckedMapDecorator: Removed @param value in isSetValueChecking, because this method has no argument&lt;/p&gt;</comment>
                            <comment id="12407705" author="scolebourne@joda.org" created="Tue, 4 Jan 2005 08:54:15 +0000"  >&lt;p&gt;Patches applied, thanks.&lt;/p&gt;</comment>
                    </comments>
                    <attachments>
                            <attachment id="12333148" name="ASF.LICENSE.NOT.GRANTED--AbstractInputCheckedMapDecorator-javadocfix.txt" size="884" author="public@ecopatz.de" created="Mon, 18 Oct 2004 05:17:49 +0000"/>
                            <attachment id="12333141" name="ASF.LICENSE.NOT.GRANTED--BooleanComparator-javadocfix.txt" size="1098" author="public@ecopatz.de" created="Thu, 7 Oct 2004 05:03:45 +0000"/>
                            <attachment id="12333140" name="ASF.LICENSE.NOT.GRANTED--LRUMap-javadocfix.txt" size="1182" author="public@ecopatz.de" created="Thu, 7 Oct 2004 03:41:46 +0000"/>
                            <attachment id="12333144" name="ASF.LICENSE.NOT.GRANTED--MultiKeyMap-javadocfix.txt" size="1120" author="public@ecopatz.de" created="Thu, 7 Oct 2004 06:35:12 +0000"/>
                            <attachment id="12333142" name="ASF.LICENSE.NOT.GRANTED--ReferenceIdentityMap-javadocfix.txt" size="881" author="public@ecopatz.de" created="Thu, 7 Oct 2004 06:31:13 +0000"/>
                            <attachment id="12333143" name="ASF.LICENSE.NOT.GRANTED--ReferenceMap-javadocfix.txt" size="1352" author="public@ecopatz.de" created="Thu, 7 Oct 2004 06:31:48 +0000"/>
                            <attachment id="12333145" name="ASF.LICENSE.NOT.GRANTED--SingletonMap-javadocfix.txt" size="873" author="public@ecopatz.de" created="Thu, 7 Oct 2004 06:44:12 +0000"/>
                            <attachment id="12333146" name="ASF.LICENSE.NOT.GRANTED--TreeBidiMap-javadocfix.txt" size="1251" author="public@ecopatz.de" created="Mon, 18 Oct 2004 05:15:14 +0000"/>
                            <attachment id="12333147" name="ASF.LICENSE.NOT.GRANTED--TreeList-javadocfix.txt" size="781" author="public@ecopatz.de" created="Mon, 18 Oct 2004 05:16:32 +0000"/>
                    </attachments>
                <subtasks>
                    </subtasks>
                <customfields>
                                                <customfield id="customfield_12310310" key="com.atlassian.jira.toolkit:attachments">
                        <customfieldname>Attachment count</customfieldname>
                        <customfieldvalues>
                            <customfieldvalue>9.0</customfieldvalue>
                        </customfieldvalues>
                    </customfield>
                                                                                                                                                                                                                                                                                                                                                                                                                                                                        <customfield id="customfield_10010" key="com.atlassian.jira.plugin.system.customfieldtypes:importid">
                        <customfieldname>Bugzilla Id</customfieldname>
                        <customfieldvalues>
                            <customfieldvalue>31519</customfieldvalue>
                        </customfieldvalues>
                    </customfield>
                                                                                            <customfield id="customfield_12310220" key="com.atlassian.jira.ext.charting:firstresponsedate">
                        <customfieldname>Date of First Response</customfieldname>
                        <customfieldvalues>
                            <customfieldvalue>Sun, 17 Oct 2004 04:43:55 +0000</customfieldvalue>

                        </customfieldvalues>
                    </customfield>
                                                                                                                                                                                                                                                                                                                                                                                                                                            <customfield id="customfield_12310420" key="com.pyxis.greenhopper.jira:gh-global-rank">
                        <customfieldname>Global Rank</customfieldname>
                        <customfieldvalues>
                            <customfieldvalue>18882</customfieldvalue>
                        </customfieldvalues>
                    </customfield>
                                                                                                                        <customfield id="customfield_12312521" key="com.atlassian.jira.toolkit:LastCommentDate">
                        <customfieldname>Last public comment date</customfieldname>
                        <customfieldvalues>
                            11 years, 47 weeks, 4 days ago
                        </customfieldvalues>
                    </customfield>
                                                                                            <customfield id="customfield_12311820" key="com.pyxis.greenhopper.jira:gh-lexo-rank">
                        <customfieldname>Rank</customfieldname>
                        <customfieldvalues>
                            <customfieldvalue>0|i0sj87:</customfieldvalue>

                        </customfieldvalues>
                    </customfield>
                                                                <customfield id="customfield_12310920" key="com.pyxis.greenhopper.jira:gh-global-rank">
                        <customfieldname>Rank (Obsolete)</customfieldname>
                        <customfieldvalues>
                            <customfieldvalue>164592</customfieldvalue>
                        </customfieldvalues>
                    </customfield>
                                                                                                                                                                                                                                        <customfield id="customfield_12310222" key="com.atlassian.jira.ext.charting:timeinstatus">
                        <customfieldname>Time in Status</customfieldname>
                        <customfieldvalues>
                            
                        </customfieldvalues>
                    </customfield>
                                                                                                                        </customfields>
    </item>
</channel>
</rss>