<!-- 
RSS generated by JIRA (6.3.4#6332-sha1:51bc225ef474afe3128b2f66878477f322397b16) at Sat Nov 19 22:41:57 UTC 2016

It is possible to restrict the fields that are returned in this document by specifying the 'field' parameter in your request.
For example, to request only the issue key and summary add field=key&field=summary to the URL of your request.
For example:
https://issues.apache.org/jira/si/jira.issueviews:issue-xml/COLLECTIONS-316/COLLECTIONS-316.xml?field=key&amp;field=summary
-->
<rss version="0.92" >
<channel>
    <title>ASF JIRA</title>
    <link>https://issues.apache.org/jira</link>
    <description>This file is an XML representation of an issue</description>
    <language>en-uk</language>    <build-info>
        <version>6.3.4</version>
        <build-number>6332</build-number>
        <build-date>15-08-2014</build-date>
    </build-info>

<item>
            <title>[COLLECTIONS-316] LRUMap constructor javadoc and behavior are inconsistent (maxSize cannot be less than 0)</title>
                <link>https://issues.apache.org/jira/browse/COLLECTIONS-316</link>
                <project id="12310465" key="COLLECTIONS">Commons Collections</project>
                    <description>&lt;p&gt;The LRUMap constructor specifies &quot;@param maxSize  the maximum size of the map, -1 for no limit&quot;&lt;/p&gt;

&lt;p&gt;The first line is then:&lt;/p&gt;

&lt;p&gt;        if (maxSize &amp;lt; 1) &lt;/p&gt;
{
            throw new IllegalArgumentException(&quot;LRUMap max size must be greater than 0&quot;);
        }

&lt;p&gt;There is nothing wrong with allowing a negative maxSize. This way the map can be used to order elements relative to access time. I think the above code should be remove and the javadoc should stay the same.&lt;/p&gt;</description>
                <environment>&lt;p&gt;n/a&lt;/p&gt;</environment>
        <key id="12414517">COLLECTIONS-316</key>
            <summary>LRUMap constructor javadoc and behavior are inconsistent (maxSize cannot be less than 0)</summary>
                <type id="1" iconUrl="https://issues.apache.org/jira/images/icons/issuetypes/bug.png">Bug</type>
                                            <priority id="4" iconUrl="https://issues.apache.org/jira/images/icons/priorities/minor.png">Minor</priority>
                        <status id="6" iconUrl="https://issues.apache.org/jira/images/icons/statuses/closed.png" description="The issue is considered finished, the resolution is correct. Issues which are closed can be reopened.">Closed</status>
                    <statusCategory id="3" key="done" colorName="green"/>
                                    <resolution id="1">Fixed</resolution>
                                        <assignee username="-1">Unassigned</assignee>
                                    <reporter username="os111">ori</reporter>
                        <labels>
                    </labels>
                <created>Tue, 10 Feb 2009 21:55:15 +0000</created>
                <updated>Sun, 9 Nov 2014 14:31:34 +0000</updated>
                            <resolved>Thu, 28 Feb 2013 20:04:53 +0000</resolved>
                                    <version>3.1</version>
                                    <fixVersion>4.0-alpha1</fixVersion>
                    <fixVersion>4.0</fixVersion>
                                    <component>Map</component>
                        <due></due>
                            <votes>0</votes>
                                    <watches>0</watches>
                                    <timeoriginalestimate seconds="60">1m</timeoriginalestimate>
                            <timeestimate seconds="60">1m</timeestimate>
                                        <comments>
                            <comment id="12710997" author="bayard" created="Wed, 20 May 2009 04:22:33 +0000"  >&lt;p&gt;Two of the javadocs say it will throw the exception. One of them is the one you quote.&lt;/p&gt;

&lt;p&gt;The code before the exception tries to make maxSize be DEFAULT_CAPACITY, so the no limit part would also be wrong.&lt;/p&gt;

&lt;p&gt;I&apos;ve removed the &quot;-1 means no limit&quot; from the Javadoc in r776538.&lt;/p&gt;</comment>
                    </comments>
                    <attachments>
                    </attachments>
                <subtasks>
                    </subtasks>
                <customfields>
                                                <customfield id="customfield_12310310" key="com.atlassian.jira.toolkit:attachments">
                        <customfieldname>Attachment count</customfieldname>
                        <customfieldvalues>
                            <customfieldvalue>0.0</customfieldvalue>
                        </customfieldvalues>
                    </customfield>
                                                                                                                                                                                                                                                                                                                                                                                                                                                                                                                                <customfield id="customfield_12310220" key="com.atlassian.jira.ext.charting:firstresponsedate">
                        <customfieldname>Date of First Response</customfieldname>
                        <customfieldvalues>
                            <customfieldvalue>Wed, 20 May 2009 04:22:33 +0000</customfieldvalue>

                        </customfieldvalues>
                    </customfield>
                                                                                                                                                                                                                                                                                                                                                                                                                                            <customfield id="customfield_12310420" key="com.pyxis.greenhopper.jira:gh-global-rank">
                        <customfieldname>Global Rank</customfieldname>
                        <customfieldvalues>
                            <customfieldvalue>18685</customfieldvalue>
                        </customfieldvalues>
                    </customfield>
                                                                                                                        <customfield id="customfield_12312521" key="com.atlassian.jira.toolkit:LastCommentDate">
                        <customfieldname>Last public comment date</customfieldname>
                        <customfieldvalues>
                            7 years, 27 weeks, 3 days ago
                        </customfieldvalues>
                    </customfield>
                                                                                            <customfield id="customfield_12311820" key="com.pyxis.greenhopper.jira:gh-lexo-rank">
                        <customfieldname>Rank</customfieldname>
                        <customfieldvalues>
                            <customfieldvalue>0|i0si67:</customfieldvalue>

                        </customfieldvalues>
                    </customfield>
                                                                <customfield id="customfield_12310920" key="com.pyxis.greenhopper.jira:gh-global-rank">
                        <customfieldname>Rank (Obsolete)</customfieldname>
                        <customfieldvalues>
                            <customfieldvalue>164421</customfieldvalue>
                        </customfieldvalues>
                    </customfield>
                                                                                                                                                                                                                                        <customfield id="customfield_12310222" key="com.atlassian.jira.ext.charting:timeinstatus">
                        <customfieldname>Time in Status</customfieldname>
                        <customfieldvalues>
                            
                        </customfieldvalues>
                    </customfield>
                                                                                                                        </customfields>
    </item>
</channel>
</rss>