<!-- 
RSS generated by JIRA (6.3.4#6332-sha1:51bc225ef474afe3128b2f66878477f322397b16) at Sat Nov 19 22:36:45 UTC 2016

It is possible to restrict the fields that are returned in this document by specifying the 'field' parameter in your request.
For example, to request only the issue key and summary add field=key&field=summary to the URL of your request.
For example:
https://issues.apache.org/jira/si/jira.issueviews:issue-xml/COLLECTIONS-380/COLLECTIONS-380.xml?field=key&amp;field=summary
-->
<rss version="0.92" >
<channel>
    <title>ASF JIRA</title>
    <link>https://issues.apache.org/jira</link>
    <description>This file is an XML representation of an issue</description>
    <language>en-uk</language>    <build-info>
        <version>6.3.4</version>
        <build-number>6332</build-number>
        <build-date>15-08-2014</build-date>
    </build-info>

<item>
            <title>[COLLECTIONS-380] UnmodifiableBoundedCollection.unmodifiableBoundedCollection is an infinite loop</title>
                <link>https://issues.apache.org/jira/browse/COLLECTIONS-380</link>
                <project id="12310465" key="COLLECTIONS">Commons Collections</project>
                    <description>&lt;p&gt;This method, just calls itself. As BoundedCollection extends Collection, it would seem to me that this method should be removed:&lt;/p&gt;


&lt;p&gt;    /**&lt;/p&gt;
&lt;ul&gt;
	&lt;li&gt;Factory method to create an unmodifiable bounded collection.&lt;br/&gt;
     *&lt;/li&gt;
	&lt;li&gt;@param coll  the &amp;lt;code&amp;gt;BoundedCollection&amp;lt;/code&amp;gt; to decorate, must not be null&lt;/li&gt;
	&lt;li&gt;@return a new unmodifiable bounded collection&lt;/li&gt;
	&lt;li&gt;@throws IllegalArgumentException if bag is null&lt;br/&gt;
     */&lt;br/&gt;
    public static &amp;lt;E&amp;gt; BoundedCollection&amp;lt;E&amp;gt; unmodifiableBoundedCollection(BoundedCollection&amp;lt;E&amp;gt; coll) 
{
        return unmodifiableBoundedCollection(coll);
    }&lt;/li&gt;
&lt;/ul&gt;
</description>
                <environment></environment>
        <key id="12525229">COLLECTIONS-380</key>
            <summary>UnmodifiableBoundedCollection.unmodifiableBoundedCollection is an infinite loop</summary>
                <type id="1" iconUrl="https://issues.apache.org/jira/images/icons/issuetypes/bug.png">Bug</type>
                                            <priority id="4" iconUrl="https://issues.apache.org/jira/images/icons/priorities/minor.png">Minor</priority>
                        <status id="6" iconUrl="https://issues.apache.org/jira/images/icons/statuses/closed.png" description="The issue is considered finished, the resolution is correct. Issues which are closed can be reopened.">Closed</status>
                    <statusCategory id="3" key="done" colorName="green"/>
                                    <resolution id="1">Fixed</resolution>
                                        <assignee username="-1">Unassigned</assignee>
                                    <reporter username="dbrosius@apache.org">Dave Brosius</reporter>
                        <labels>
                    </labels>
                <created>Thu, 29 Sep 2011 18:45:44 +0000</created>
                <updated>Sun, 9 Nov 2014 14:31:38 +0000</updated>
                            <resolved>Mon, 9 Apr 2012 18:41:29 +0000</resolved>
                                                    <fixVersion>4.0-alpha1</fixVersion>
                    <fixVersion>4.0</fixVersion>
                                    <component>Collection</component>
                        <due></due>
                            <votes>0</votes>
                                    <watches>0</watches>
                                                                <comments>
                            <comment id="13178490" author="mattbishop" created="Mon, 2 Jan 2012 18:07:09 +0000"  >&lt;p&gt;This should be a higher severity. APIs shouldn&apos;t lock up like this.&lt;/p&gt;</comment>
                            <comment id="13250048" author="tn" created="Mon, 9 Apr 2012 18:41:29 +0000"  >&lt;p&gt;Fixed in r1311366.&lt;/p&gt;

&lt;p&gt;Additionally I have added a first unit test and fixed more javadoc issues in the class.&lt;/p&gt;</comment>
                            <comment id="13250051" author="hudson" created="Mon, 9 Apr 2012 18:45:04 +0000"  >&lt;p&gt;Integrated in commons-collections #17 (See &lt;a href=&quot;https://builds.apache.org/job/commons-collections/17/&quot; class=&quot;external-link&quot; rel=&quot;nofollow&quot;&gt;https://builds.apache.org/job/commons-collections/17/&lt;/a&gt;)&lt;br/&gt;
    &lt;a href=&quot;https://issues.apache.org/jira/browse/COLLECTIONS-380&quot; title=&quot;UnmodifiableBoundedCollection.unmodifiableBoundedCollection is an infinite loop&quot; class=&quot;issue-link&quot; data-issue-key=&quot;COLLECTIONS-380&quot;&gt;&lt;del&gt;COLLECTIONS-380&lt;/del&gt;&lt;/a&gt; Fixed infinte recursion when creating an unmodifiable bounded collection, added unit test, fixed additional javadoc, thanks to Dave Brosius for reporting. (Revision 1311366)&lt;/p&gt;

&lt;p&gt;     Result = SUCCESS&lt;br/&gt;
tn : &lt;a href=&quot;http://svn.apache.org/viewvc/?view=rev&amp;amp;rev=1311366&quot; class=&quot;external-link&quot; rel=&quot;nofollow&quot;&gt;http://svn.apache.org/viewvc/?view=rev&amp;amp;rev=1311366&lt;/a&gt;&lt;br/&gt;
Files : &lt;/p&gt;
&lt;ul&gt;
	&lt;li&gt;/commons/proper/collections/trunk/src/main/java/org/apache/commons/collections/collection/UnmodifiableBoundedCollection.java&lt;/li&gt;
	&lt;li&gt;/commons/proper/collections/trunk/src/test/java/org/apache/commons/collections/collection/TestUnmodifiableBoundedCollection.java&lt;/li&gt;
&lt;/ul&gt;
</comment>
                    </comments>
                    <attachments>
                    </attachments>
                <subtasks>
                    </subtasks>
                <customfields>
                                                <customfield id="customfield_12310310" key="com.atlassian.jira.toolkit:attachments">
                        <customfieldname>Attachment count</customfieldname>
                        <customfieldvalues>
                            <customfieldvalue>0.0</customfieldvalue>
                        </customfieldvalues>
                    </customfield>
                                                                                                                                                                                                                                                                                                                                                                                                                                                                                                                                <customfield id="customfield_12310220" key="com.atlassian.jira.ext.charting:firstresponsedate">
                        <customfieldname>Date of First Response</customfieldname>
                        <customfieldvalues>
                            <customfieldvalue>Mon, 2 Jan 2012 18:07:09 +0000</customfieldvalue>

                        </customfieldvalues>
                    </customfield>
                                                                                                                                                                                                                                                                                                                                                                                                                                            <customfield id="customfield_12310420" key="com.pyxis.greenhopper.jira:gh-global-rank">
                        <customfieldname>Global Rank</customfieldname>
                        <customfieldvalues>
                            <customfieldvalue>40352</customfieldvalue>
                        </customfieldvalues>
                    </customfield>
                                                                                                                        <customfield id="customfield_12312521" key="com.atlassian.jira.toolkit:LastCommentDate">
                        <customfieldname>Last public comment date</customfieldname>
                        <customfieldvalues>
                            4 years, 32 weeks, 5 days ago
                        </customfieldvalues>
                    </customfield>
                                                                                            <customfield id="customfield_12311820" key="com.pyxis.greenhopper.jira:gh-lexo-rank">
                        <customfieldname>Rank</customfieldname>
                        <customfieldvalues>
                            <customfieldvalue>0|i0shvr:</customfieldvalue>

                        </customfieldvalues>
                    </customfield>
                                                                <customfield id="customfield_12310920" key="com.pyxis.greenhopper.jira:gh-global-rank">
                        <customfieldname>Rank (Obsolete)</customfieldname>
                        <customfieldvalues>
                            <customfieldvalue>164374</customfieldvalue>
                        </customfieldvalues>
                    </customfield>
                                                                                                                                                                                                                                        <customfield id="customfield_12310222" key="com.atlassian.jira.ext.charting:timeinstatus">
                        <customfieldname>Time in Status</customfieldname>
                        <customfieldvalues>
                            
                        </customfieldvalues>
                    </customfield>
                                                                                                                        </customfields>
    </item>
</channel>
</rss>