<!-- 
RSS generated by JIRA (6.3.4#6332-sha1:51bc225ef474afe3128b2f66878477f322397b16) at Sun Nov 20 01:23:25 UTC 2016

It is possible to restrict the fields that are returned in this document by specifying the 'field' parameter in your request.
For example, to request only the issue key and summary add field=key&field=summary to the URL of your request.
For example:
https://issues.apache.org/jira/si/jira.issueviews:issue-xml/COLLECTIONS-48/COLLECTIONS-48.xml?field=key&amp;field=summary
-->
<rss version="0.92" >
<channel>
    <title>ASF JIRA</title>
    <link>https://issues.apache.org/jira</link>
    <description>This file is an XML representation of an issue</description>
    <language>en-uk</language>    <build-info>
        <version>6.3.4</version>
        <build-number>6332</build-number>
        <build-date>15-08-2014</build-date>
    </build-info>

<item>
            <title>[COLLECTIONS-48] [collections] TransformedMap putAll(empty map) causes IllegalArgumentException</title>
                <link>https://issues.apache.org/jira/browse/COLLECTIONS-48</link>
                <project id="12310465" key="COLLECTIONS">Commons Collections</project>
                    <description>&lt;p&gt;If you create a TransformedMap, and then call map.putAll with an empty map as &lt;br/&gt;
an argument, an IllegalArgumentException is thrown.  putAll should be able to &lt;br/&gt;
handle empty maps without erroring.  The error occurs regardless of whether &lt;br/&gt;
the decorated map has any contents.  The implementation of the Transformers &lt;br/&gt;
attached does not matter.  I am using Java 1.4.2_07.&lt;/p&gt;

&lt;p&gt;Example code:&lt;br/&gt;
Map map = TransformedMap.decorate(&lt;br/&gt;
        new HashMap(),&lt;br/&gt;
        TransformerUtils.nopTransformer(),&lt;br/&gt;
        TransformerUtils.nopTransformer());&lt;/p&gt;

&lt;p&gt;map.putAll(new HashMap()); // This causes IllegalArgumentException!&lt;/p&gt;

&lt;p&gt;Fails with the following error:&lt;/p&gt;

&lt;p&gt;java.lang.IllegalArgumentException: Initial capacity must be greater than 0&lt;br/&gt;
	at org.apache.commons.collections.map.AbstractHashedMap.&amp;lt;init&amp;gt;&lt;br/&gt;
(AbstractHashedMap.java:142)&lt;br/&gt;
	at org.apache.commons.collections.map.AbstractHashedMap.&amp;lt;init&amp;gt;&lt;br/&gt;
(AbstractHashedMap.java:127)&lt;br/&gt;
	at org.apache.commons.collections.map.AbstractLinkedMap.&amp;lt;init&amp;gt;&lt;br/&gt;
(AbstractLinkedMap.java:95)&lt;br/&gt;
	at org.apache.commons.collections.map.LinkedMap.&amp;lt;init&amp;gt;&lt;br/&gt;
(LinkedMap.java:78)&lt;br/&gt;
	at org.apache.commons.collections.map.TransformedMap.transformMap&lt;br/&gt;
(TransformedMap.java:153)&lt;br/&gt;
	at org.apache.commons.collections.map.TransformedMap.putAll&lt;br/&gt;
(TransformedMap.java:190)&lt;br/&gt;
	at net.carefx.contextagent.plugin.ldapuser.PluginTest.main&lt;br/&gt;
(PluginTest.java:71)&lt;/p&gt;</description>
                <environment>&lt;p&gt;Operating System: Windows XP&lt;br/&gt;
Platform: PC&lt;/p&gt;</environment>
        <key id="12342216">COLLECTIONS-48</key>
            <summary>[collections] TransformedMap putAll(empty map) causes IllegalArgumentException</summary>
                <type id="1" iconUrl="https://issues.apache.org/jira/images/icons/issuetypes/bug.png">Bug</type>
                                            <priority id="3" iconUrl="https://issues.apache.org/jira/images/icons/priorities/major.png">Major</priority>
                        <status id="6" iconUrl="https://issues.apache.org/jira/images/icons/statuses/closed.png" description="The issue is considered finished, the resolution is correct. Issues which are closed can be reopened.">Closed</status>
                    <statusCategory id="3" key="done" colorName="green"/>
                                    <resolution id="1">Fixed</resolution>
                                        <assignee username="-1">Unassigned</assignee>
                                    <reporter username="mlottman@carefx.com">Marc Lottman</reporter>
                        <labels>
                    </labels>
                <created>Sat, 30 Apr 2005 06:33:49 +0000</created>
                <updated>Sat, 15 Mar 2008 21:35:58 +0000</updated>
                            <resolved>Sat, 15 Mar 2008 21:35:58 +0000</resolved>
                                    <version>3.1</version>
                                                        <due></due>
                            <votes>0</votes>
                                    <watches>0</watches>
                                                                <comments>
                            <comment id="12409252" author="scolebourne@joda.org" created="Sun, 8 May 2005 02:14:21 +0000"  >&lt;p&gt;Fixed in SVN revision 169097&lt;/p&gt;</comment>
                            <comment id="12409253" author="gudnabrsam@yahoo.com" created="Thu, 9 Feb 2006 23:44:42 +0000"  >&lt;ul&gt;
	&lt;li&gt;
	&lt;ul&gt;
		&lt;li&gt;
		&lt;ul&gt;
			&lt;li&gt;&lt;a href=&quot;https://issues.apache.org/jira/browse/COLLECTIONS-30&quot; title=&quot;[collections] TransformedMap.putAll fails with empty Map&quot; class=&quot;issue-link&quot; data-issue-key=&quot;COLLECTIONS-30&quot;&gt;&lt;del&gt;COM-2746&lt;/del&gt;&lt;/a&gt; has been marked as a duplicate of this bug. ***&lt;/li&gt;
		&lt;/ul&gt;
		&lt;/li&gt;
	&lt;/ul&gt;
	&lt;/li&gt;
&lt;/ul&gt;
</comment>
                    </comments>
                    <attachments>
                    </attachments>
                <subtasks>
                    </subtasks>
                <customfields>
                                                <customfield id="customfield_12310310" key="com.atlassian.jira.toolkit:attachments">
                        <customfieldname>Attachment count</customfieldname>
                        <customfieldvalues>
                            <customfieldvalue>0.0</customfieldvalue>
                        </customfieldvalues>
                    </customfield>
                                                                                                                                                                                                                                                                                                                                                                                                                                                                        <customfield id="customfield_10010" key="com.atlassian.jira.plugin.system.customfieldtypes:importid">
                        <customfieldname>Bugzilla Id</customfieldname>
                        <customfieldvalues>
                            <customfieldvalue>34686</customfieldvalue>
                        </customfieldvalues>
                    </customfield>
                                                                                            <customfield id="customfield_12310220" key="com.atlassian.jira.ext.charting:firstresponsedate">
                        <customfieldname>Date of First Response</customfieldname>
                        <customfieldvalues>
                            <customfieldvalue>Sun, 8 May 2005 02:14:21 +0000</customfieldvalue>

                        </customfieldvalues>
                    </customfield>
                                                                                                                                                                                                                                                                                                                                                                                                                                            <customfield id="customfield_12310420" key="com.pyxis.greenhopper.jira:gh-global-rank">
                        <customfieldname>Global Rank</customfieldname>
                        <customfieldvalues>
                            <customfieldvalue>18950</customfieldvalue>
                        </customfieldvalues>
                    </customfield>
                                                                                                                        <customfield id="customfield_12312521" key="com.atlassian.jira.toolkit:LastCommentDate">
                        <customfieldname>Last public comment date</customfieldname>
                        <customfieldvalues>
                            10 years, 42 weeks, 2 days ago
                        </customfieldvalues>
                    </customfield>
                                                                                            <customfield id="customfield_12311820" key="com.pyxis.greenhopper.jira:gh-lexo-rank">
                        <customfieldname>Rank</customfieldname>
                        <customfieldvalues>
                            <customfieldvalue>0|i0sjnb:</customfieldvalue>

                        </customfieldvalues>
                    </customfield>
                                                                <customfield id="customfield_12310920" key="com.pyxis.greenhopper.jira:gh-global-rank">
                        <customfieldname>Rank (Obsolete)</customfieldname>
                        <customfieldvalues>
                            <customfieldvalue>164660</customfieldvalue>
                        </customfieldvalues>
                    </customfield>
                                                                                                                                                                                                                                        <customfield id="customfield_12310222" key="com.atlassian.jira.ext.charting:timeinstatus">
                        <customfieldname>Time in Status</customfieldname>
                        <customfieldvalues>
                            
                        </customfieldvalues>
                    </customfield>
                                                                                                                        </customfields>
    </item>
</channel>
</rss>