<!-- 
RSS generated by JIRA (6.3.4#6332-sha1:51bc225ef474afe3128b2f66878477f322397b16) at Sun Nov 20 00:47:54 UTC 2016

It is possible to restrict the fields that are returned in this document by specifying the 'field' parameter in your request.
For example, to request only the issue key and summary add field=key&field=summary to the URL of your request.
For example:
https://issues.apache.org/jira/si/jira.issueviews:issue-xml/COLLECTIONS-377/COLLECTIONS-377.xml?field=key&amp;field=summary
-->
<rss version="0.92" >
<channel>
    <title>ASF JIRA</title>
    <link>https://issues.apache.org/jira</link>
    <description>This file is an XML representation of an issue</description>
    <language>en-uk</language>    <build-info>
        <version>6.3.4</version>
        <build-number>6332</build-number>
        <build-date>15-08-2014</build-date>
    </build-info>

<item>
            <title>[COLLECTIONS-377] CollatingIterator throws NullPointerException when constructor is given null (or no) Comparator</title>
                <link>https://issues.apache.org/jira/browse/COLLECTIONS-377</link>
                <project id="12310465" key="COLLECTIONS">Commons Collections</project>
                    <description>&lt;p&gt;CollatingIterator&apos;s javadoc (&lt;a href=&quot;http://commons.apache.org/collections/api-release/index.html&quot; class=&quot;external-link&quot; rel=&quot;nofollow&quot;&gt;http://commons.apache.org/collections/api-release/index.html&lt;/a&gt;) states that natural sort ordering will be used when null is passed as the Comparator argument to any of the constructors accepting one (and for the nullary constructor).  The following stack is thrown from the subsequent unit test.  The implementation of least() does not appear to account for the natural sort order case.&lt;/p&gt;

&lt;p&gt;java.lang.NullPointerException&lt;br/&gt;
	at org.apache.commons.collections.iterators.CollatingIterator.least(CollatingIterator.java:334)&lt;br/&gt;
	at org.apache.commons.collections.iterators.CollatingIterator.next(CollatingIterator.java:230)&lt;br/&gt;
	at mil.af.statistics.jutl.collection.MutableDataSeriesTest...&lt;/p&gt;


&lt;p&gt;    @SuppressWarnings(&quot;unchecked&quot;)&lt;br/&gt;
    @Test&lt;br/&gt;
    public void testCollatingIteratorNaturalOrdering() throws Exception&lt;br/&gt;
    {&lt;br/&gt;
        Integer[] expected =&lt;br/&gt;
        &lt;/p&gt;
{ Integer.valueOf(1), Integer.valueOf(2), Integer.valueOf(3), Integer.valueOf(4), Integer.valueOf(5),
            Integer.valueOf(6) }
&lt;p&gt;;&lt;br/&gt;
        List&amp;lt;Integer&amp;gt; evens = Arrays.asList(new Integer[]&lt;br/&gt;
        &lt;/p&gt;
{ Integer.valueOf(2), Integer.valueOf(4), Integer.valueOf(6) }
&lt;p&gt;);&lt;br/&gt;
        List&amp;lt;Integer&amp;gt; odds = Arrays.asList(new Integer[]&lt;br/&gt;
        &lt;/p&gt;
{ Integer.valueOf(1), Integer.valueOf(3), Integer.valueOf(5) }
&lt;p&gt;);&lt;/p&gt;

&lt;p&gt;        Iterator&amp;lt;Integer&amp;gt; collatingIter = new CollatingIterator(null, evens.iterator(), odds.iterator());&lt;/p&gt;

&lt;p&gt;        for (Integer expectedInt : expected)&lt;/p&gt;
        {
            assertTrue(collatingIter.hasNext());
            assertEquals(expectedInt, collatingIter.next());
        }
&lt;p&gt;    }&lt;/p&gt;

&lt;p&gt;Workaround: provide a Comparator that implements the natural ordering contract.&lt;/p&gt;</description>
                <environment>&lt;p&gt;Java 1.6.0_26&lt;/p&gt;</environment>
        <key id="12514494">COLLECTIONS-377</key>
            <summary>CollatingIterator throws NullPointerException when constructor is given null (or no) Comparator</summary>
                <type id="1" iconUrl="https://issues.apache.org/jira/images/icons/issuetypes/bug.png">Bug</type>
                                            <priority id="4" iconUrl="https://issues.apache.org/jira/images/icons/priorities/minor.png">Minor</priority>
                        <status id="6" iconUrl="https://issues.apache.org/jira/images/icons/statuses/closed.png" description="The issue is considered finished, the resolution is correct. Issues which are closed can be reopened.">Closed</status>
                    <statusCategory id="3" key="done" colorName="green"/>
                                    <resolution id="3">Duplicate</resolution>
                                        <assignee username="-1">Unassigned</assignee>
                                    <reporter username="ryanhos">Ryan Hochstetler</reporter>
                        <labels>
                    </labels>
                <created>Mon, 18 Jul 2011 19:51:32 +0000</created>
                <updated>Sun, 9 Nov 2014 14:31:29 +0000</updated>
                            <resolved>Sun, 3 Jun 2012 11:19:51 +0000</resolved>
                                    <version>3.2</version>
                                    <fixVersion>4.0-alpha1</fixVersion>
                    <fixVersion>4.0</fixVersion>
                                    <component>Iterator</component>
                        <due></due>
                            <votes>0</votes>
                                    <watches>1</watches>
                                                                <comments>
                            <comment id="13067249" author="ryanhos" created="Mon, 18 Jul 2011 19:56:26 +0000"  >&lt;p&gt;Setting priority, as I forgot to set it originally, and it defaulted to Major.&lt;/p&gt;</comment>
                            <comment id="13131537" author="jxcoder" created="Thu, 20 Oct 2011 12:00:49 +0000"  >&lt;p&gt;I fixed. &lt;/p&gt;</comment>
                            <comment id="13131564" author="jxcoder" created="Thu, 20 Oct 2011 12:41:59 +0000"  >&lt;p&gt;How to commit my changes?&lt;br/&gt;
I&apos;ve got message: &lt;/p&gt;

&lt;p&gt;svn commit --username jxcoder -m &quot;fixed 377&quot;&lt;/p&gt;


&lt;p&gt;&quot;Access to &apos;/repos/asf/!svn/me&apos; forbidden&quot;&lt;/p&gt;

&lt;p&gt;what&apos;s wrong?&lt;/p&gt;</comment>
                            <comment id="13288144" author="tn" created="Sun, 3 Jun 2012 11:19:51 +0000"  >&lt;p&gt;This has been fixed as part of &lt;a href=&quot;https://issues.apache.org/jira/browse/COLLECTIONS-331&quot; title=&quot;CollatingIterator NPE when Comparator is null&quot; class=&quot;issue-link&quot; data-issue-key=&quot;COLLECTIONS-331&quot;&gt;&lt;del&gt;COLLECTIONS-331&lt;/del&gt;&lt;/a&gt;. Now the javadoc states that a comparator &lt;b&gt;must&lt;/b&gt; be provided (either via constructor or by calling setComparator afterwards) before using the iterator.&lt;/p&gt;</comment>
                    </comments>
                    <attachments>
                    </attachments>
                <subtasks>
                    </subtasks>
                <customfields>
                                                <customfield id="customfield_12310310" key="com.atlassian.jira.toolkit:attachments">
                        <customfieldname>Attachment count</customfieldname>
                        <customfieldvalues>
                            <customfieldvalue>0.0</customfieldvalue>
                        </customfieldvalues>
                    </customfield>
                                                                                                                                                                                                                                                                                                                                                                                                                                                                                                                                <customfield id="customfield_12310220" key="com.atlassian.jira.ext.charting:firstresponsedate">
                        <customfieldname>Date of First Response</customfieldname>
                        <customfieldvalues>
                            <customfieldvalue>Thu, 20 Oct 2011 12:00:49 +0000</customfieldvalue>

                        </customfieldvalues>
                    </customfield>
                                                                                                                                                                                                                                                                                                                                                                                                                                            <customfield id="customfield_12310420" key="com.pyxis.greenhopper.jira:gh-global-rank">
                        <customfieldname>Global Rank</customfieldname>
                        <customfieldvalues>
                            <customfieldvalue>18626</customfieldvalue>
                        </customfieldvalues>
                    </customfield>
                                                                                                                        <customfield id="customfield_12312521" key="com.atlassian.jira.toolkit:LastCommentDate">
                        <customfieldname>Last public comment date</customfieldname>
                        <customfieldvalues>
                            4 years, 24 weeks, 6 days ago
                        </customfieldvalues>
                    </customfield>
                                                                                            <customfield id="customfield_12311820" key="com.pyxis.greenhopper.jira:gh-lexo-rank">
                        <customfieldname>Rank</customfieldname>
                        <customfieldvalues>
                            <customfieldvalue>0|i0shwf:</customfieldvalue>

                        </customfieldvalues>
                    </customfield>
                                                                <customfield id="customfield_12310920" key="com.pyxis.greenhopper.jira:gh-global-rank">
                        <customfieldname>Rank (Obsolete)</customfieldname>
                        <customfieldvalues>
                            <customfieldvalue>164377</customfieldvalue>
                        </customfieldvalues>
                    </customfield>
                                                                                                                                                                                                                                        <customfield id="customfield_12310222" key="com.atlassian.jira.ext.charting:timeinstatus">
                        <customfieldname>Time in Status</customfieldname>
                        <customfieldvalues>
                            
                        </customfieldvalues>
                    </customfield>
                                                                                                                        </customfields>
    </item>
</channel>
</rss>