<!-- 
RSS generated by JIRA (6.3.4#6332-sha1:51bc225ef474afe3128b2f66878477f322397b16) at Sat Nov 19 20:50:12 UTC 2016

It is possible to restrict the fields that are returned in this document by specifying the 'field' parameter in your request.
For example, to request only the issue key and summary add field=key&field=summary to the URL of your request.
For example:
https://issues.apache.org/jira/si/jira.issueviews:issue-xml/COLLECTIONS-106/COLLECTIONS-106.xml?field=key&amp;field=summary
-->
<rss version="0.92" >
<channel>
    <title>ASF JIRA</title>
    <link>https://issues.apache.org/jira</link>
    <description>This file is an XML representation of an issue</description>
    <language>en-uk</language>    <build-info>
        <version>6.3.4</version>
        <build-number>6332</build-number>
        <build-date>15-08-2014</build-date>
    </build-info>

<item>
            <title>[COLLECTIONS-106] [collections] test failures for subclasses of AbstractBidiMapDecorator and friends</title>
                <link>https://issues.apache.org/jira/browse/COLLECTIONS-106</link>
                <project id="12310465" key="COLLECTIONS">Commons Collections</project>
                    <description>&lt;p&gt;The attached test case fails for a class that extends&lt;br/&gt;
AbstractOrderedBidiMapDecorator:&lt;/p&gt;

&lt;p&gt;Testcase: testFirstKey took 0.04 sec&lt;br/&gt;
	FAILED&lt;br/&gt;
expected:&amp;lt;foo&amp;gt; but was:&amp;lt;again&amp;gt;&lt;br/&gt;
junit.framework.AssertionFailedError: expected:&amp;lt;foo&amp;gt; but was:&amp;lt;again&amp;gt;&lt;br/&gt;
	at&lt;br/&gt;
org.apache.commons.collections.bidimap.AbstractTestOrderedBidiMap.testFirstKey(AbstractTestOrderedBidiMap.java:102)&lt;br/&gt;
	at sun.reflect.NativeMethodAccessorImpl.invoke0(Native Method)&lt;br/&gt;
	at sun.reflect.NativeMethodAccessorImpl.invoke(NativeMethodAccessorImpl.java:39)&lt;br/&gt;
	at&lt;br/&gt;
sun.reflect.DelegatingMethodAccessorImpl.invoke(DelegatingMethodAccessorImpl.java:25)&lt;/p&gt;

&lt;p&gt;Testcase: testFirstKeyTestcase: testLastKey took 0 sec&lt;br/&gt;
	FAILED&lt;br/&gt;
expected:&amp;lt;all&amp;gt; but was:&amp;lt;you&amp;gt;&lt;br/&gt;
junit.framework.AssertionFailedError: expected:&amp;lt;all&amp;gt; but was:&amp;lt;you&amp;gt;&lt;br/&gt;
	at&lt;br/&gt;
org.apache.commons.collections.bidimap.AbstractTestOrderedBidiMap.testLastKey(AbstractTestOrderedBidiMap.java:119)&lt;br/&gt;
	at sun.reflect.NativeMethodAccessorImpl.invoke0(Native Method)&lt;br/&gt;
	at sun.reflect.NativeMethodAccessorImpl.invoke(NativeMethodAccessorImpl.java:39)&lt;br/&gt;
	at&lt;br/&gt;
sun.reflect.DelegatingMethodAccessorImpl.invoke(DelegatingMethodAccessorImpl.java:25)&lt;/p&gt;

&lt;p&gt;Testcase: testLastKeyTestcase: testNextKey took 0.05 sec&lt;br/&gt;
	FAILED&lt;br/&gt;
expected:&amp;lt;we&apos;ll&amp;gt; but was:&amp;lt;gee&amp;gt;&lt;br/&gt;
junit.framework.AssertionFailedError: expected:&amp;lt;we&apos;ll&amp;gt; but was:&amp;lt;gee&amp;gt;&lt;br/&gt;
	at&lt;br/&gt;
org.apache.commons.collections.bidimap.AbstractTestOrderedBidiMap.testNextKey(AbstractTestOrderedBidiMap.java:141)&lt;br/&gt;
	at sun.reflect.NativeMethodAccessorImpl.invoke0(Native Method)&lt;br/&gt;
	at sun.reflect.NativeMethodAccessorImpl.invoke(NativeMethodAccessorImpl.java:39)&lt;br/&gt;
	at&lt;br/&gt;
sun.reflect.DelegatingMethodAccessorImpl.invoke(DelegatingMethodAccessorImpl.java:25)&lt;/p&gt;

&lt;p&gt;Testcase: testNextKeyTestcase: testPreviousKey took 0 sec&lt;br/&gt;
	FAILED&lt;br/&gt;
expected:&amp;lt;gosh&amp;gt; but was:&amp;lt;again&amp;gt;&lt;br/&gt;
junit.framework.AssertionFailedError: expected:&amp;lt;gosh&amp;gt; but was:&amp;lt;again&amp;gt;&lt;br/&gt;
	at&lt;br/&gt;
org.apache.commons.collections.bidimap.AbstractTestOrderedBidiMap.testPreviousKey(AbstractTestOrderedBidiMap.java:176)&lt;br/&gt;
	at sun.reflect.NativeMethodAccessorImpl.invoke0(Native Method)&lt;br/&gt;
	at sun.reflect.NativeMethodAccessorImpl.invoke(NativeMethodAccessorImpl.java:39)&lt;br/&gt;
	at&lt;br/&gt;
sun.reflect.DelegatingMethodAccessorImpl.invoke(DelegatingMethodAccessorImpl.java:25)&lt;/p&gt;

&lt;p&gt;Testcase: testPreviousKeyTestcase: testBidiPut took 0 sec&lt;br/&gt;
Testcase: testBidiGetKey took 0 sec&lt;br/&gt;
Testcase: testBidiGetKeyInverse took 0 sec&lt;br/&gt;
Testcase: testBidiInverse took 0 sec&lt;br/&gt;
	FAILED&lt;br/&gt;
Inverse of inverse is not equal to original. expected same:&amp;lt;&lt;/p&gt;
{key1=value1,
key2=value2, key3=value3}
&lt;p&gt;&amp;gt; was not:&amp;lt;&lt;/p&gt;
{key1=value1, key2=value2, key3=value3}&amp;gt;&lt;br/&gt;
junit.framework.AssertionFailedError: Inverse of inverse is not equal to&lt;br/&gt;
original. expected same:&amp;lt;{key1=value1, key2=value2, key3=value3}
&lt;p&gt;&amp;gt; was&lt;br/&gt;
not:&amp;lt;&lt;/p&gt;
{key1=value1, key2=value2, key3=value3}
&lt;p&gt;&amp;gt;&lt;br/&gt;
	at&lt;br/&gt;
org.apache.commons.collections.bidimap.AbstractTestBidiMap.testBidiInverse(AbstractTestBidiMap.java:232)&lt;br/&gt;
	at sun.reflect.NativeMethodAccessorImpl.invoke0(Native Method)&lt;br/&gt;
	at sun.reflect.NativeMethodAccessorImpl.invoke(NativeMethodAccessorImpl.java:39)&lt;br/&gt;
	at&lt;br/&gt;
sun.reflect.DelegatingMethodAccessorImpl.invoke(DelegatingMethodAccessorImpl.java:25)&lt;/p&gt;

&lt;p&gt;The testBidiInverse test also fails for classes that extend&lt;br/&gt;
AbstractBidiMapDecorator and AbstractSortedBidiMapDecorator (not attached).&lt;/p&gt;</description>
                <environment>&lt;p&gt;Operating System: All&lt;br/&gt;
Platform: All&lt;/p&gt;</environment>
        <key id="12341178">COLLECTIONS-106</key>
            <summary>[collections] test failures for subclasses of AbstractBidiMapDecorator and friends</summary>
                <type id="1" iconUrl="https://issues.apache.org/jira/images/icons/issuetypes/bug.png">Bug</type>
                                            <priority id="3" iconUrl="https://issues.apache.org/jira/images/icons/priorities/major.png">Major</priority>
                        <status id="6" iconUrl="https://issues.apache.org/jira/images/icons/statuses/closed.png" description="The issue is considered finished, the resolution is correct. Issues which are closed can be reopened.">Closed</status>
                    <statusCategory id="3" key="done" colorName="green"/>
                                    <resolution id="1">Fixed</resolution>
                                        <assignee username="-1">Unassigned</assignee>
                                    <reporter username="heuermh@acm.org">Michael Heuer</reporter>
                        <labels>
                    </labels>
                <created>Tue, 30 Dec 2003 05:59:27 +0000</created>
                <updated>Sat, 15 Mar 2008 21:36:01 +0000</updated>
                            <resolved>Sat, 15 Mar 2008 21:36:01 +0000</resolved>
                                                                        <due></due>
                            <votes>0</votes>
                                    <watches>0</watches>
                                                                <comments>
                            <comment id="12405722" author="heuermh@acm.org" created="Tue, 30 Dec 2003 06:00:20 +0000"  >&lt;p&gt;Created an attachment (id=9743)&lt;br/&gt;
test case for AbstractOrderedBidiMapDecorator&lt;/p&gt;</comment>
                            <comment id="12405723" author="scolebourne@joda.org" created="Wed, 31 Dec 2003 06:00:14 +0000"  >&lt;p&gt;This test has been added to collections, with three fixes&lt;/p&gt;

&lt;ul class=&quot;alternate&quot; type=&quot;square&quot;&gt;
	&lt;li&gt;enable setValue&lt;/li&gt;
	&lt;li&gt;special handling for inverse&lt;/li&gt;
	&lt;li&gt;setup confirmed collection as TreeMap&lt;/li&gt;
&lt;/ul&gt;
</comment>
                    </comments>
                    <attachments>
                            <attachment id="12332669" name="ASF.LICENSE.NOT.GRANTED--AbstractOrderedBidiMapDecoratorTest.java" size="1102" author="heuermh@acm.org" created="Tue, 30 Dec 2003 06:00:20 +0000"/>
                    </attachments>
                <subtasks>
                    </subtasks>
                <customfields>
                                                <customfield id="customfield_12310310" key="com.atlassian.jira.toolkit:attachments">
                        <customfieldname>Attachment count</customfieldname>
                        <customfieldvalues>
                            <customfieldvalue>1.0</customfieldvalue>
                        </customfieldvalues>
                    </customfield>
                                                                                                                                                                                                                                                                                                                                                                                                                                                                        <customfield id="customfield_10010" key="com.atlassian.jira.plugin.system.customfieldtypes:importid">
                        <customfieldname>Bugzilla Id</customfieldname>
                        <customfieldvalues>
                            <customfieldvalue>25811</customfieldvalue>
                        </customfieldvalues>
                    </customfield>
                                                                                            <customfield id="customfield_12310220" key="com.atlassian.jira.ext.charting:firstresponsedate">
                        <customfieldname>Date of First Response</customfieldname>
                        <customfieldvalues>
                            <customfieldvalue>Wed, 31 Dec 2003 06:00:14 +0000</customfieldvalue>

                        </customfieldvalues>
                    </customfield>
                                                                                                                                                                                                                                                                                                                                                                                                                                            <customfield id="customfield_12310420" key="com.pyxis.greenhopper.jira:gh-global-rank">
                        <customfieldname>Global Rank</customfieldname>
                        <customfieldvalues>
                            <customfieldvalue>18892</customfieldvalue>
                        </customfieldvalues>
                    </customfield>
                                                                                                                        <customfield id="customfield_12312521" key="com.atlassian.jira.toolkit:LastCommentDate">
                        <customfieldname>Last public comment date</customfieldname>
                        <customfieldvalues>
                            12 years, 48 weeks, 3 days ago
                        </customfieldvalues>
                    </customfield>
                                                                                            <customfield id="customfield_12311820" key="com.pyxis.greenhopper.jira:gh-lexo-rank">
                        <customfieldname>Rank</customfieldname>
                        <customfieldvalues>
                            <customfieldvalue>0|i0sjaf:</customfieldvalue>

                        </customfieldvalues>
                    </customfield>
                                                                <customfield id="customfield_12310920" key="com.pyxis.greenhopper.jira:gh-global-rank">
                        <customfieldname>Rank (Obsolete)</customfieldname>
                        <customfieldvalues>
                            <customfieldvalue>164602</customfieldvalue>
                        </customfieldvalues>
                    </customfield>
                                                                                                                                                                                                                                        <customfield id="customfield_12310222" key="com.atlassian.jira.ext.charting:timeinstatus">
                        <customfieldname>Time in Status</customfieldname>
                        <customfieldvalues>
                            
                        </customfieldvalues>
                    </customfield>
                                                                                                                        </customfields>
    </item>
</channel>
</rss>