<!-- 
RSS generated by JIRA (6.3.4#6332-sha1:51bc225ef474afe3128b2f66878477f322397b16) at Sat Nov 19 22:11:26 UTC 2016

It is possible to restrict the fields that are returned in this document by specifying the 'field' parameter in your request.
For example, to request only the issue key and summary add field=key&field=summary to the URL of your request.
For example:
https://issues.apache.org/jira/si/jira.issueviews:issue-xml/COLLECTIONS-33/COLLECTIONS-33.xml?field=key&amp;field=summary
-->
<rss version="0.92" >
<channel>
    <title>ASF JIRA</title>
    <link>https://issues.apache.org/jira</link>
    <description>This file is an XML representation of an issue</description>
    <language>en-uk</language>    <build-info>
        <version>6.3.4</version>
        <build-number>6332</build-number>
        <build-date>15-08-2014</build-date>
    </build-info>

<item>
            <title>[COLLECTIONS-33] [collections] AbstractHashedMap: initial threshold too conservative</title>
                <link>https://issues.apache.org/jira/browse/COLLECTIONS-33</link>
                <project id="12310465" key="COLLECTIONS">Commons Collections</project>
                    <description>&lt;p&gt;The (int initialCapacity, float loadFactor) constructor of&lt;br/&gt;
org.apache.commons.collections.map.AbstractHashedMap calculates the initial&lt;br/&gt;
resize too threshold conservatively, based on the requested initial capacity&lt;br/&gt;
instead of the actually chosen initial capacity (which is round up to the next&lt;br/&gt;
power of too). This could be fixed switching two lines to calculating the&lt;br/&gt;
initial threshold after rounding up the capacity instead of before:&lt;/p&gt;

&lt;p&gt;&amp;#8212; AbstractHashedMap.java      2005-05-22 17:04:23.000000000 +0200&lt;br/&gt;
+++ AbstractHashedMap-patched.java      2005-05-22 17:08:46.000000000 +0200&lt;br/&gt;
@@ -147,4 +147,4 @@&lt;br/&gt;
         this.loadFactor = loadFactor;&lt;/p&gt;
&lt;ul class=&quot;alternate&quot; type=&quot;square&quot;&gt;
	&lt;li&gt;this.threshold = calculateThreshold(initialCapacity, loadFactor);&lt;br/&gt;
         initialCapacity = calculateNewCapacity(initialCapacity);&lt;br/&gt;
+        this.threshold = calculateThreshold(initialCapacity, loadFactor);&lt;br/&gt;
         this.data = new HashEntry&lt;span class=&quot;error&quot;&gt;&amp;#91;initialCapacity&amp;#93;&lt;/span&gt;;&lt;/li&gt;
&lt;/ul&gt;


&lt;p&gt;A map with an requested capacity of 600 and a load factor of 0.75, will start&lt;br/&gt;
with an initial array of length 1024. Without the fix, the array will be resized&lt;br/&gt;
for the first time as soon as there are 450 entries, i.e. the array is less than&lt;br/&gt;
45% filled instead of the 75% suggested by the load factor.&lt;/p&gt;</description>
                <environment>&lt;p&gt;Operating System: other&lt;br/&gt;
Platform: All&lt;/p&gt;</environment>
        <key id="12342254">COLLECTIONS-33</key>
            <summary>[collections] AbstractHashedMap: initial threshold too conservative</summary>
                <type id="1" iconUrl="https://issues.apache.org/jira/images/icons/issuetypes/bug.png">Bug</type>
                                            <priority id="3" iconUrl="https://issues.apache.org/jira/images/icons/priorities/major.png">Major</priority>
                        <status id="6" iconUrl="https://issues.apache.org/jira/images/icons/statuses/closed.png" description="The issue is considered finished, the resolution is correct. Issues which are closed can be reopened.">Closed</status>
                    <statusCategory id="3" key="done" colorName="green"/>
                                    <resolution id="1">Fixed</resolution>
                                        <assignee username="-1">Unassigned</assignee>
                                    <reporter username="christian@siefkes.net">Christian Siefkes</reporter>
                        <labels>
                    </labels>
                <created>Mon, 23 May 2005 00:28:47 +0000</created>
                <updated>Sat, 15 Mar 2008 21:35:58 +0000</updated>
                            <resolved>Sat, 15 Mar 2008 21:35:58 +0000</resolved>
                                    <version>3.1</version>
                                                        <due></due>
                            <votes>0</votes>
                                    <watches>0</watches>
                                                                <comments>
                            <comment id="12409414" author="scolebourne@joda.org" created="Mon, 23 May 2005 02:49:34 +0000"  >&lt;p&gt;Patch applied, thanks&lt;/p&gt;</comment>
                    </comments>
                    <attachments>
                    </attachments>
                <subtasks>
                    </subtasks>
                <customfields>
                                                <customfield id="customfield_12310310" key="com.atlassian.jira.toolkit:attachments">
                        <customfieldname>Attachment count</customfieldname>
                        <customfieldvalues>
                            <customfieldvalue>0.0</customfieldvalue>
                        </customfieldvalues>
                    </customfield>
                                                                                                                                                                                                                                                                                                                                                                                                                                                                        <customfield id="customfield_10010" key="com.atlassian.jira.plugin.system.customfieldtypes:importid">
                        <customfieldname>Bugzilla Id</customfieldname>
                        <customfieldvalues>
                            <customfieldvalue>35012</customfieldvalue>
                        </customfieldvalues>
                    </customfield>
                                                                                            <customfield id="customfield_12310220" key="com.atlassian.jira.ext.charting:firstresponsedate">
                        <customfieldname>Date of First Response</customfieldname>
                        <customfieldvalues>
                            <customfieldvalue>Mon, 23 May 2005 02:49:34 +0000</customfieldvalue>

                        </customfieldvalues>
                    </customfield>
                                                                                                                                                                                                                                                                                                                                                                                                                                            <customfield id="customfield_12310420" key="com.pyxis.greenhopper.jira:gh-global-rank">
                        <customfieldname>Global Rank</customfieldname>
                        <customfieldvalues>
                            <customfieldvalue>18965</customfieldvalue>
                        </customfieldvalues>
                    </customfield>
                                                                                                                        <customfield id="customfield_12312521" key="com.atlassian.jira.toolkit:LastCommentDate">
                        <customfieldname>Last public comment date</customfieldname>
                        <customfieldvalues>
                            11 years, 27 weeks, 5 days ago
                        </customfieldvalues>
                    </customfield>
                                                                                            <customfield id="customfield_12311820" key="com.pyxis.greenhopper.jira:gh-lexo-rank">
                        <customfieldname>Rank</customfieldname>
                        <customfieldvalues>
                            <customfieldvalue>0|i0sjqn:</customfieldvalue>

                        </customfieldvalues>
                    </customfield>
                                                                <customfield id="customfield_12310920" key="com.pyxis.greenhopper.jira:gh-global-rank">
                        <customfieldname>Rank (Obsolete)</customfieldname>
                        <customfieldvalues>
                            <customfieldvalue>164675</customfieldvalue>
                        </customfieldvalues>
                    </customfield>
                                                                                                                                                                                                                                        <customfield id="customfield_12310222" key="com.atlassian.jira.ext.charting:timeinstatus">
                        <customfieldname>Time in Status</customfieldname>
                        <customfieldvalues>
                            
                        </customfieldvalues>
                    </customfield>
                                                                                                                        </customfields>
    </item>
</channel>
</rss>