<!-- 
RSS generated by JIRA (6.3.4#6332-sha1:51bc225ef474afe3128b2f66878477f322397b16) at Sat Nov 19 21:38:32 UTC 2016

It is possible to restrict the fields that are returned in this document by specifying the 'field' parameter in your request.
For example, to request only the issue key and summary add field=key&field=summary to the URL of your request.
For example:
https://issues.apache.org/jira/si/jira.issueviews:issue-xml/COLLECTIONS-586/COLLECTIONS-586.xml?field=key&amp;field=summary
-->
<rss version="0.92" >
<channel>
    <title>ASF JIRA</title>
    <link>https://issues.apache.org/jira</link>
    <description>This file is an XML representation of an issue</description>
    <language>en-uk</language>    <build-info>
        <version>6.3.4</version>
        <build-number>6332</build-number>
        <build-date>15-08-2014</build-date>
    </build-info>

<item>
            <title>[COLLECTIONS-586] PatriciaTrie prefixMap clear throws NullPointerException</title>
                <link>https://issues.apache.org/jira/browse/COLLECTIONS-586</link>
                <project id="12310465" key="COLLECTIONS">Commons Collections</project>
                    <description>&lt;p&gt;Clearing all entries of a prefixMap returned by PatriciaTrie using the &lt;tt&gt;clear&lt;/tt&gt; method throws a NullPointerException. The workaround of removing each entry using the &lt;tt&gt;remove&lt;/tt&gt; method seems to work.&lt;/p&gt;

&lt;p&gt;Here are the test cases for the bug and the workaround:&lt;/p&gt;

&lt;div class=&quot;code panel&quot; style=&quot;border-width: 1px;&quot;&gt;&lt;div class=&quot;codeContent panelContent&quot;&gt;
&lt;pre class=&quot;code-java&quot;&gt;
&lt;span class=&quot;code-keyword&quot;&gt;public&lt;/span&gt; class PatriciaTrieTest {

    &lt;span class=&quot;code-keyword&quot;&gt;private&lt;/span&gt; Trie&amp;lt;&lt;span class=&quot;code-object&quot;&gt;String&lt;/span&gt;, &lt;span class=&quot;code-object&quot;&gt;Integer&lt;/span&gt;&amp;gt; trie;

    @Before
    &lt;span class=&quot;code-keyword&quot;&gt;public&lt;/span&gt; void setUp() {
        trie = &lt;span class=&quot;code-keyword&quot;&gt;new&lt;/span&gt; PatriciaTrie&amp;lt;&lt;span class=&quot;code-object&quot;&gt;Integer&lt;/span&gt;&amp;gt;();
        trie.put(&lt;span class=&quot;code-quote&quot;&gt;&quot;Anna&quot;&lt;/span&gt;, 1);
        trie.put(&lt;span class=&quot;code-quote&quot;&gt;&quot;Anael&quot;&lt;/span&gt;, 2);
        trie.put(&lt;span class=&quot;code-quote&quot;&gt;&quot;Analu&quot;&lt;/span&gt;, 3);
        trie.put(&lt;span class=&quot;code-quote&quot;&gt;&quot;Andreas&quot;&lt;/span&gt;, 4);
        trie.put(&lt;span class=&quot;code-quote&quot;&gt;&quot;Andrea&quot;&lt;/span&gt;, 5);
        trie.put(&lt;span class=&quot;code-quote&quot;&gt;&quot;Andres&quot;&lt;/span&gt;, 6);
        trie.put(&lt;span class=&quot;code-quote&quot;&gt;&quot;Anatole&quot;&lt;/span&gt;, 7);
    }

    @Test
    &lt;span class=&quot;code-keyword&quot;&gt;public&lt;/span&gt; void testPrefixMapClear() {
        SortedMap&amp;lt;&lt;span class=&quot;code-object&quot;&gt;String&lt;/span&gt;, &lt;span class=&quot;code-object&quot;&gt;Integer&lt;/span&gt;&amp;gt; prefixMap = trie.prefixMap(&lt;span class=&quot;code-quote&quot;&gt;&quot;And&quot;&lt;/span&gt;);
        assertEquals(&lt;span class=&quot;code-keyword&quot;&gt;new&lt;/span&gt; HashSet&amp;lt;&amp;gt;(Arrays.asList(&lt;span class=&quot;code-quote&quot;&gt;&quot;Andrea&quot;&lt;/span&gt;, &lt;span class=&quot;code-quote&quot;&gt;&quot;Andreas&quot;&lt;/span&gt;, &lt;span class=&quot;code-quote&quot;&gt;&quot;Andres&quot;&lt;/span&gt;)), prefixMap.keySet());
        assertEquals(Arrays.asList(5, 4, 6), &lt;span class=&quot;code-keyword&quot;&gt;new&lt;/span&gt; ArrayList&amp;lt;&amp;gt;(prefixMap.values()));

        prefixMap.clear();
        assertTrue(prefixMap.keySet().isEmpty());
        assertTrue(prefixMap.values().isEmpty());
        assertEquals(&lt;span class=&quot;code-keyword&quot;&gt;new&lt;/span&gt; HashSet&amp;lt;&amp;gt;(Arrays.asList(&lt;span class=&quot;code-quote&quot;&gt;&quot;Anael&quot;&lt;/span&gt;, &lt;span class=&quot;code-quote&quot;&gt;&quot;Analu&quot;&lt;/span&gt;, &lt;span class=&quot;code-quote&quot;&gt;&quot;Anatole&quot;&lt;/span&gt;, &lt;span class=&quot;code-quote&quot;&gt;&quot;Anna&quot;&lt;/span&gt;)), trie.keySet());
        assertEquals(Arrays.asList(2, 3, 7, 1), &lt;span class=&quot;code-keyword&quot;&gt;new&lt;/span&gt; ArrayList&amp;lt;&amp;gt;(trie.values()));
    }

    @Test
    &lt;span class=&quot;code-keyword&quot;&gt;public&lt;/span&gt; void testPrefixMapClearUsingRemove() {
        SortedMap&amp;lt;&lt;span class=&quot;code-object&quot;&gt;String&lt;/span&gt;, &lt;span class=&quot;code-object&quot;&gt;Integer&lt;/span&gt;&amp;gt; prefixMap = trie.prefixMap(&lt;span class=&quot;code-quote&quot;&gt;&quot;And&quot;&lt;/span&gt;);
        assertEquals(&lt;span class=&quot;code-keyword&quot;&gt;new&lt;/span&gt; HashSet&amp;lt;&amp;gt;(Arrays.asList(&lt;span class=&quot;code-quote&quot;&gt;&quot;Andrea&quot;&lt;/span&gt;, &lt;span class=&quot;code-quote&quot;&gt;&quot;Andreas&quot;&lt;/span&gt;, &lt;span class=&quot;code-quote&quot;&gt;&quot;Andres&quot;&lt;/span&gt;)), prefixMap.keySet());
        assertEquals(Arrays.asList(5, 4, 6), &lt;span class=&quot;code-keyword&quot;&gt;new&lt;/span&gt; ArrayList&amp;lt;&amp;gt;(prefixMap.values()));

        Set&amp;lt;&lt;span class=&quot;code-object&quot;&gt;String&lt;/span&gt;&amp;gt; keys = &lt;span class=&quot;code-keyword&quot;&gt;new&lt;/span&gt; HashSet&amp;lt;&lt;span class=&quot;code-object&quot;&gt;String&lt;/span&gt;&amp;gt;(prefixMap.keySet());
        &lt;span class=&quot;code-keyword&quot;&gt;for&lt;/span&gt; (&lt;span class=&quot;code-keyword&quot;&gt;final&lt;/span&gt; &lt;span class=&quot;code-object&quot;&gt;String&lt;/span&gt; key : keys) {
            prefixMap.remove(key);
        }
        assertTrue(prefixMap.keySet().isEmpty());
        assertTrue(prefixMap.values().isEmpty());
        assertEquals(&lt;span class=&quot;code-keyword&quot;&gt;new&lt;/span&gt; HashSet&amp;lt;&amp;gt;(Arrays.asList(&lt;span class=&quot;code-quote&quot;&gt;&quot;Anael&quot;&lt;/span&gt;, &lt;span class=&quot;code-quote&quot;&gt;&quot;Analu&quot;&lt;/span&gt;, &lt;span class=&quot;code-quote&quot;&gt;&quot;Anatole&quot;&lt;/span&gt;, &lt;span class=&quot;code-quote&quot;&gt;&quot;Anna&quot;&lt;/span&gt;)), trie.keySet());
        assertEquals(Arrays.asList(2, 3, 7, 1), &lt;span class=&quot;code-keyword&quot;&gt;new&lt;/span&gt; ArrayList&amp;lt;&amp;gt;(trie.values()));
    }

}
&lt;/pre&gt;
&lt;/div&gt;&lt;/div&gt;

&lt;p&gt;The stacktrace of the NullPointerException thrown by the &lt;tt&gt;testPrefixMapClear&lt;/tt&gt; test case is:&lt;/p&gt;
&lt;div class=&quot;preformatted panel&quot; style=&quot;border-width: 1px;&quot;&gt;&lt;div class=&quot;preformattedContent panelContent&quot;&gt;
&lt;pre&gt;java.lang.NullPointerException
	at org.apache.commons.collections4.trie.AbstractPatriciaTrie$PrefixRangeEntrySet$EntryIterator.remove(AbstractPatriciaTrie.java:2370)
	at java.util.AbstractCollection.clear(AbstractCollection.java:432)
	at java.util.AbstractMap.clear(AbstractMap.java:288)
	at PatriciaTrieTest.testPrefixMapClear(PatriciaTrieTest.java:39)
&lt;/pre&gt;
&lt;/div&gt;&lt;/div&gt;</description>
                <environment></environment>
        <key id="12958267">COLLECTIONS-586</key>
            <summary>PatriciaTrie prefixMap clear throws NullPointerException</summary>
                <type id="1" iconUrl="https://issues.apache.org/jira/images/icons/issuetypes/bug.png">Bug</type>
                                            <priority id="3" iconUrl="https://issues.apache.org/jira/images/icons/priorities/major.png">Major</priority>
                        <status id="6" iconUrl="https://issues.apache.org/jira/images/icons/statuses/closed.png" description="The issue is considered finished, the resolution is correct. Issues which are closed can be reopened.">Closed</status>
                    <statusCategory id="3" key="done" colorName="green"/>
                                    <resolution id="1">Fixed</resolution>
                                        <assignee username="-1">Unassigned</assignee>
                                    <reporter username="shailender.bathula@tvnz.co.nz">Shailender Bathula</reporter>
                        <labels>
                    </labels>
                <created>Tue, 12 Apr 2016 21:59:19 +0000</created>
                <updated>Fri, 5 Aug 2016 00:29:04 +0000</updated>
                            <resolved>Thu, 4 Aug 2016 17:33:10 +0000</resolved>
                                    <version>4.1</version>
                                                        <due></due>
                            <votes>0</votes>
                                    <watches>4</watches>
                                                                <comments>
                            <comment id="15408007" author="githubbot" created="Thu, 4 Aug 2016 16:00:10 +0000"  >&lt;p&gt;GitHub user marko-bekhta opened a pull request:&lt;/p&gt;

&lt;p&gt;    &lt;a href=&quot;https://github.com/apache/commons-collections/pull/18&quot; class=&quot;external-link&quot; rel=&quot;nofollow&quot;&gt;https://github.com/apache/commons-collections/pull/18&lt;/a&gt;&lt;/p&gt;

&lt;p&gt;    &lt;a href=&quot;https://issues.apache.org/jira/browse/COLLECTIONS-586&quot; title=&quot;PatriciaTrie prefixMap clear throws NullPointerException&quot; class=&quot;issue-link&quot; data-issue-key=&quot;COLLECTIONS-586&quot;&gt;&lt;del&gt;COLLECTIONS-586&lt;/del&gt;&lt;/a&gt; PatriciaTrie prefixMap clear throws NullPointerException&lt;/p&gt;

&lt;p&gt;    added unit tests for the case mentioned in the issue and overrode clear method so it is not throwing exceptions&lt;/p&gt;

&lt;p&gt;You can merge this pull request into a Git repository by running:&lt;/p&gt;

&lt;p&gt;    $ git pull &lt;a href=&quot;https://github.com/marko-bekhta/commons-collections&quot; class=&quot;external-link&quot; rel=&quot;nofollow&quot;&gt;https://github.com/marko-bekhta/commons-collections&lt;/a&gt; trunk&lt;/p&gt;

&lt;p&gt;Alternatively you can review and apply these changes as the patch at:&lt;/p&gt;

&lt;p&gt;    &lt;a href=&quot;https://github.com/apache/commons-collections/pull/18.patch&quot; class=&quot;external-link&quot; rel=&quot;nofollow&quot;&gt;https://github.com/apache/commons-collections/pull/18.patch&lt;/a&gt;&lt;/p&gt;

&lt;p&gt;To close this pull request, make a commit to your master/trunk branch&lt;br/&gt;
with (at least) the following in the commit message:&lt;/p&gt;

&lt;p&gt;    This closes #18&lt;/p&gt;

&lt;hr /&gt;
&lt;p&gt;commit 3627b954830acbe45ea08e9e1be31738ee759422&lt;br/&gt;
Author: marko.bekhta &amp;lt;markob@prykladna.lviv.ua&amp;gt;&lt;br/&gt;
Date:   2016-08-04T15:58:18Z&lt;/p&gt;

&lt;p&gt;    &lt;a href=&quot;https://issues.apache.org/jira/browse/COLLECTIONS-586&quot; title=&quot;PatriciaTrie prefixMap clear throws NullPointerException&quot; class=&quot;issue-link&quot; data-issue-key=&quot;COLLECTIONS-586&quot;&gt;&lt;del&gt;COLLECTIONS-586&lt;/del&gt;&lt;/a&gt; PatriciaTrie prefixMap clear throws NullPointerException&lt;/p&gt;

&lt;p&gt;    added unit tests for the case mentioned in the issue and overrode clear method so it is not throwing exceptions&lt;/p&gt;

&lt;hr /&gt;</comment>
                            <comment id="15408180" author="garydgregory" created="Thu, 4 Aug 2016 17:33:10 +0000"  >&lt;p&gt;Please verify and close. This closes #18.&lt;/p&gt;</comment>
                            <comment id="15408688" author="shailender.bathula@tvnz.co.nz" created="Fri, 5 Aug 2016 00:29:04 +0000"  >&lt;p&gt;Closing based on the unit tests passing in &lt;a href=&quot;https://github.com/marko-bekhta/commons-collections&quot; class=&quot;external-link&quot; rel=&quot;nofollow&quot;&gt;https://github.com/marko-bekhta/commons-collections&lt;/a&gt; &lt;/p&gt;

&lt;p&gt;Thanks&lt;/p&gt;</comment>
                    </comments>
                    <attachments>
                    </attachments>
                <subtasks>
                    </subtasks>
                <customfields>
                                                <customfield id="customfield_12310310" key="com.atlassian.jira.toolkit:attachments">
                        <customfieldname>Attachment count</customfieldname>
                        <customfieldvalues>
                            <customfieldvalue>0.0</customfieldvalue>
                        </customfieldvalues>
                    </customfield>
                                                                                                                                                                                                                                                                                                                                                                                                                                                                                                                                <customfield id="customfield_12310220" key="com.atlassian.jira.ext.charting:firstresponsedate">
                        <customfieldname>Date of First Response</customfieldname>
                        <customfieldvalues>
                            <customfieldvalue>Thu, 4 Aug 2016 16:00:10 +0000</customfieldvalue>

                        </customfieldvalues>
                    </customfield>
                                                                                                                                                                                                                                                                                                                                                                                                                                            <customfield id="customfield_12310420" key="com.pyxis.greenhopper.jira:gh-global-rank">
                        <customfieldname>Global Rank</customfieldname>
                        <customfieldvalues>
                            <customfieldvalue>9223372036854775807</customfieldvalue>
                        </customfieldvalues>
                    </customfield>
                                                                                                                        <customfield id="customfield_12312521" key="com.atlassian.jira.toolkit:LastCommentDate">
                        <customfieldname>Last public comment date</customfieldname>
                        <customfieldvalues>
                            15 weeks, 1 day ago
                        </customfieldvalues>
                    </customfield>
                                                                                            <customfield id="customfield_12311820" key="com.pyxis.greenhopper.jira:gh-lexo-rank">
                        <customfieldname>Rank</customfieldname>
                        <customfieldvalues>
                            <customfieldvalue>0|i2w0vz:</customfieldvalue>

                        </customfieldvalues>
                    </customfield>
                                                                <customfield id="customfield_12310920" key="com.pyxis.greenhopper.jira:gh-global-rank">
                        <customfieldname>Rank (Obsolete)</customfieldname>
                        <customfieldvalues>
                            <customfieldvalue>9223372036854775807</customfieldvalue>
                        </customfieldvalues>
                    </customfield>
                                                                                                                                                                                                                                        <customfield id="customfield_12310222" key="com.atlassian.jira.ext.charting:timeinstatus">
                        <customfieldname>Time in Status</customfieldname>
                        <customfieldvalues>
                            
                        </customfieldvalues>
                    </customfield>
                                                                                                                        </customfields>
    </item>
</channel>
</rss>