<!-- 
RSS generated by JIRA (6.3.4#6332-sha1:51bc225ef474afe3128b2f66878477f322397b16) at Sat Nov 19 22:07:37 UTC 2016

It is possible to restrict the fields that are returned in this document by specifying the 'field' parameter in your request.
For example, to request only the issue key and summary add field=key&field=summary to the URL of your request.
For example:
https://issues.apache.org/jira/si/jira.issueviews:issue-xml/COLLECTIONS-323/COLLECTIONS-323.xml?field=key&amp;field=summary
-->
<rss version="0.92" >
<channel>
    <title>ASF JIRA</title>
    <link>https://issues.apache.org/jira</link>
    <description>This file is an XML representation of an issue</description>
    <language>en-uk</language>    <build-info>
        <version>6.3.4</version>
        <build-number>6332</build-number>
        <build-date>15-08-2014</build-date>
    </build-info>

<item>
            <title>[COLLECTIONS-323] Behavior of constructors CaseInsensitiveMap inconsistent with standard Java HashMap</title>
                <link>https://issues.apache.org/jira/browse/COLLECTIONS-323</link>
                <project id="12310465" key="COLLECTIONS">Commons Collections</project>
                    <description>&lt;p&gt;The constructor CaseInsensitiveMap(int initialCapacity) throws an IllegalArgumentException if &quot;the initial capacity is less than one&quot;. This is inconsistent with the standard Java HashMap constructor HashMap(int initialCapacity), which throws an if IllegalArgumentException if &quot;the initial capacity is negative&quot;.&lt;/p&gt;

&lt;p&gt;Thus:&lt;br/&gt;
new HashMap(0) ==&amp;gt; no exception&lt;br/&gt;
new CaseInsensitiveMap(0) ==&amp;gt; IllegalArgumentException.&lt;/p&gt;

&lt;p&gt;This inconsistency is confusing.&lt;/p&gt;


&lt;p&gt;Actions:&lt;/p&gt;
&lt;ul class=&quot;alternate&quot; type=&quot;square&quot;&gt;
	&lt;li&gt;Change Javadoc (this shouldn&apos;t be a problem in practice since surely there is no code around depending on the fact that the constructor throws an IllegalArgumentException &lt;img class=&quot;emoticon&quot; src=&quot;https://issues.apache.org/jira/images/icons/emoticons/smile.gif&quot; height=&quot;16&quot; width=&quot;16&quot; align=&quot;absmiddle&quot; alt=&quot;&quot; border=&quot;0&quot;/&gt;)&lt;/li&gt;
	&lt;li&gt;Change code.&lt;/li&gt;
&lt;/ul&gt;
</description>
                <environment>&lt;p&gt;Any&lt;/p&gt;</environment>
        <key id="12423444">COLLECTIONS-323</key>
            <summary>Behavior of constructors CaseInsensitiveMap inconsistent with standard Java HashMap</summary>
                <type id="1" iconUrl="https://issues.apache.org/jira/images/icons/issuetypes/bug.png">Bug</type>
                                            <priority id="4" iconUrl="https://issues.apache.org/jira/images/icons/priorities/minor.png">Minor</priority>
                        <status id="6" iconUrl="https://issues.apache.org/jira/images/icons/statuses/closed.png" description="The issue is considered finished, the resolution is correct. Issues which are closed can be reopened.">Closed</status>
                    <statusCategory id="3" key="done" colorName="green"/>
                                    <resolution id="1">Fixed</resolution>
                                        <assignee username="jochen@apache.org">Jochen Wiedmann</assignee>
                                    <reporter username="mbrak">Maarten Brak</reporter>
                        <labels>
                    </labels>
                <created>Wed, 22 Apr 2009 08:43:38 +0000</created>
                <updated>Sun, 9 Nov 2014 14:31:54 +0000</updated>
                            <resolved>Tue, 8 Mar 2011 23:39:03 +0000</resolved>
                                    <version>3.2</version>
                                    <fixVersion>4.0-alpha1</fixVersion>
                    <fixVersion>4.0</fixVersion>
                                    <component>Map</component>
                        <due></due>
                            <votes>0</votes>
                                    <watches>2</watches>
                                    <timeoriginalestimate seconds="86400">24h</timeoriginalestimate>
                            <timeestimate seconds="86400">24h</timeestimate>
                                        <comments>
                            <comment id="12711001" author="bayard" created="Wed, 20 May 2009 04:32:12 +0000"  >&lt;p&gt;Same holds true of:&lt;/p&gt;

&lt;p&gt;AbstractHashedMap&lt;br/&gt;
AbstractLinkedMap&lt;br/&gt;
CaseInsensitiveMap&lt;br/&gt;
HashedMap&lt;br/&gt;
IdentityMap&lt;br/&gt;
LinkedMap&lt;br/&gt;
LRUMap&lt;/p&gt;</comment>
                            <comment id="12978475" author="miccagiann" created="Thu, 6 Jan 2011 19:51:00 +0000"  >&lt;p&gt;I&apos;m on this one...&lt;/p&gt;</comment>
                            <comment id="12978485" author="miccagiann" created="Thu, 6 Jan 2011 20:03:22 +0000"  >&lt;p&gt;A quick question: IllegalArgumentException as far as the capacity of the hash map is concerned should be changed or the load factor should be treated the same since it throws the same exception? What i mean is if we are only interested in capacity or if the load factor should throw the same exception if is a negative number?&lt;/p&gt;</comment>
                            <comment id="12978736" author="scolebourne" created="Fri, 7 Jan 2011 10:57:36 +0000"  >&lt;p&gt;The behaviour should match the JDK classes, whatever that is.&lt;/p&gt;</comment>
                            <comment id="12979169" author="miccagiann" created="Sat, 8 Jan 2011 18:18:11 +0000"  >&lt;p&gt;Hope that this patch should solve the problem... Please check it and report any inconsistency or thought that may emerge! Thanks in advance! &lt;/p&gt;</comment>
                            <comment id="13004287" author="jochen@apache.org" created="Tue, 8 Mar 2011 23:39:03 +0000"  >&lt;p&gt;Applied for all classes mentioned by Hen, except for LRUMap, In the case of LRUMap, this would mean to silently increase the capacity, which is most likely not what the user would expect.&lt;/p&gt;</comment>
                            <comment id="13005786" author="julien.ayme@gmail.com" created="Fri, 11 Mar 2011 19:02:57 +0000"  >&lt;p&gt;Why not for the LRUMap?&lt;br/&gt;
If I use the map like this:&lt;/p&gt;

&lt;div class=&quot;code panel&quot; style=&quot;border-width: 1px;&quot;&gt;&lt;div class=&quot;codeContent panelContent&quot;&gt;
&lt;pre class=&quot;code-java&quot;&gt;
List&amp;lt;Bean&amp;gt; list = ...; &lt;span class=&quot;code-comment&quot;&gt;// Load list from db
&lt;/span&gt;Map&amp;lt;&lt;span class=&quot;code-object&quot;&gt;String&lt;/span&gt;, Bean&amp;gt; map = &lt;span class=&quot;code-keyword&quot;&gt;new&lt;/span&gt; LRUMap(list.size());
&lt;span class=&quot;code-keyword&quot;&gt;for&lt;/span&gt; (Bean bean : list) {
    map.put(bean.getUserKey(), bean);
}
&lt;/pre&gt;
&lt;/div&gt;&lt;/div&gt;
&lt;p&gt;I wouldn&apos;t want this code to throw an IAE if the list is empty.&lt;br/&gt;
The initial capacity is a hint, not the real initial capacity for the map (see HashMap constructor doc comment).&lt;/p&gt;</comment>
                            <comment id="13005998" author="jochen@apache.org" created="Sat, 12 Mar 2011 07:03:18 +0000"  >&lt;p&gt;The solution used for java.util.HashMap as well as for the others now is to silently increase the map size by 1. This is fine for these maps, where the size doesn&apos;t really matter.&lt;/p&gt;

&lt;p&gt;In the case of the LRUMap, size is important and the user is explicitly choosing a particular size. Silent increment would imply to violate these explicit wishes. IMO, that&apos;s not an option.&lt;/p&gt;</comment>
                            <comment id="13006056" author="julien.ayme@gmail.com" created="Sat, 12 Mar 2011 15:39:30 +0000"  >&lt;p&gt;I understand that the size is important for this map. But why couldn&apos;t one create a map of size 0? I agree, it is not very useful, but the use case I described above would not put anything in the map anyway.&lt;/p&gt;</comment>
                            <comment id="13006073" author="jochen@apache.org" created="Sat, 12 Mar 2011 18:29:19 +0000"  >&lt;p&gt;Quoting from the initial bug report: &quot;This is inconsistent with the standard Java HashMap constructor HashMap(int initialCapacity),&quot;&lt;/p&gt;

&lt;p&gt;I had to choose between consistency (incrementing the size by one) and the current behaviour. The latter made much more sense to me and I can think of no reason why one would intentionally create an LRUMap of size 0. The IllegalArgumentException makes perfect sense to me.&lt;/p&gt;</comment>
                            <comment id="13423417" author="hudson" created="Thu, 26 Jul 2012 20:11:49 +0000"  >&lt;p&gt;Integrated in commons-collections #68 (See &lt;a href=&quot;https://builds.apache.org/job/commons-collections/68/&quot; class=&quot;external-link&quot; rel=&quot;nofollow&quot;&gt;https://builds.apache.org/job/commons-collections/68/&lt;/a&gt;)&lt;br/&gt;
    Add change for &lt;a href=&quot;https://issues.apache.org/jira/browse/COLLECTIONS-323&quot; title=&quot;Behavior of constructors CaseInsensitiveMap inconsistent with standard Java HashMap&quot; class=&quot;issue-link&quot; data-issue-key=&quot;COLLECTIONS-323&quot;&gt;&lt;del&gt;COLLECTIONS-323&lt;/del&gt;&lt;/a&gt; to changes.xml. (Revision 1366178)&lt;/p&gt;

&lt;p&gt;     Result = UNSTABLE&lt;br/&gt;
tn : &lt;a href=&quot;http://svn.apache.org/viewvc/?view=rev&amp;amp;rev=1366178&quot; class=&quot;external-link&quot; rel=&quot;nofollow&quot;&gt;http://svn.apache.org/viewvc/?view=rev&amp;amp;rev=1366178&lt;/a&gt;&lt;br/&gt;
Files : &lt;/p&gt;
&lt;ul&gt;
	&lt;li&gt;/commons/proper/collections/trunk/src/changes/changes.xml&lt;/li&gt;
&lt;/ul&gt;
</comment>
                    </comments>
                    <attachments>
                            <attachment id="12467797" name="patch.tar.gz" size="14400" author="miccagiann" created="Sat, 8 Jan 2011 18:18:10 +0000"/>
                    </attachments>
                <subtasks>
                    </subtasks>
                <customfields>
                                                <customfield id="customfield_12310310" key="com.atlassian.jira.toolkit:attachments">
                        <customfieldname>Attachment count</customfieldname>
                        <customfieldvalues>
                            <customfieldvalue>1.0</customfieldvalue>
                        </customfieldvalues>
                    </customfield>
                                                                                                                                                                                                                                                                                                                                                                                                                                                                                                                                <customfield id="customfield_12310220" key="com.atlassian.jira.ext.charting:firstresponsedate">
                        <customfieldname>Date of First Response</customfieldname>
                        <customfieldvalues>
                            <customfieldvalue>Wed, 20 May 2009 04:32:12 +0000</customfieldvalue>

                        </customfieldvalues>
                    </customfield>
                                                                                                                                                                                                                                                                                                                                                                                                                                            <customfield id="customfield_12310420" key="com.pyxis.greenhopper.jira:gh-global-rank">
                        <customfieldname>Global Rank</customfieldname>
                        <customfieldvalues>
                            <customfieldvalue>18678</customfieldvalue>
                        </customfieldvalues>
                    </customfield>
                                                                                                                        <customfield id="customfield_12312521" key="com.atlassian.jira.toolkit:LastCommentDate">
                        <customfieldname>Last public comment date</customfieldname>
                        <customfieldvalues>
                            4 years, 17 weeks, 2 days ago
                        </customfieldvalues>
                    </customfield>
                                                                                            <customfield id="customfield_12311820" key="com.pyxis.greenhopper.jira:gh-lexo-rank">
                        <customfieldname>Rank</customfieldname>
                        <customfieldvalues>
                            <customfieldvalue>0|i0si4v:</customfieldvalue>

                        </customfieldvalues>
                    </customfield>
                                                                <customfield id="customfield_12310920" key="com.pyxis.greenhopper.jira:gh-global-rank">
                        <customfieldname>Rank (Obsolete)</customfieldname>
                        <customfieldvalues>
                            <customfieldvalue>164415</customfieldvalue>
                        </customfieldvalues>
                    </customfield>
                                                                                                                                                                                                                                        <customfield id="customfield_12310222" key="com.atlassian.jira.ext.charting:timeinstatus">
                        <customfieldname>Time in Status</customfieldname>
                        <customfieldvalues>
                            
                        </customfieldvalues>
                    </customfield>
                                                                                                                        </customfields>
    </item>
</channel>
</rss>