<!-- 
RSS generated by JIRA (6.3.4#6332-sha1:51bc225ef474afe3128b2f66878477f322397b16) at Sat Nov 19 21:57:36 UTC 2016

It is possible to restrict the fields that are returned in this document by specifying the 'field' parameter in your request.
For example, to request only the issue key and summary add field=key&field=summary to the URL of your request.
For example:
https://issues.apache.org/jira/si/jira.issueviews:issue-xml/COLLECTIONS-94/COLLECTIONS-94.xml?field=key&amp;field=summary
-->
<rss version="0.92" >
<channel>
    <title>ASF JIRA</title>
    <link>https://issues.apache.org/jira</link>
    <description>This file is an XML representation of an issue</description>
    <language>en-uk</language>    <build-info>
        <version>6.3.4</version>
        <build-number>6332</build-number>
        <build-date>15-08-2014</build-date>
    </build-info>

<item>
            <title>[COLLECTIONS-94] [collections] New feature: Extend ReferenceMap with IdentityMap functionality (WeakIdentityHashMap)</title>
                <link>https://issues.apache.org/jira/browse/COLLECTIONS-94</link>
                <project id="12310465" key="COLLECTIONS">Commons Collections</project>
                    <description>&lt;p&gt;Hello All,&lt;/p&gt;

&lt;p&gt;I would like to ask your opinion on providing IdentityMap features to &lt;br/&gt;
ReferenceMap. (I am particularly interested in WeakIdentityHashMap)&lt;/p&gt;


&lt;p&gt;Object cache is often implemented using ReferenceMap (WeakHashMap). This class &lt;br/&gt;
delegates decision on when to de-cache an objects on&lt;br/&gt;
Java GC.&lt;/p&gt;

&lt;p&gt;In many systems Java objects that represent database instances use database &lt;br/&gt;
identity: methods Object.equals(Object) and&lt;br/&gt;
Object.hashCode() are redefined to use database identity (identity defined in &lt;br/&gt;
terms of object table + object primary keys).&lt;/p&gt;

&lt;p&gt;When traditional java.util.Map is used to implement database caches different &lt;br/&gt;
instances of the same database objects present a problem: instances override &lt;br/&gt;
each other. Class  java.util.IdentityHashMap (Apache Collections 3.0: &lt;br/&gt;
IdentityMap) can be used to solve this problem - this approach uses &lt;br/&gt;
System.identityHashCode() to obtain reference hashCode and Java comparison &lt;br/&gt;
operator to compare keys (and values).&lt;/p&gt;

&lt;p&gt;What I need is functionality of IdentityMap combined with WeakReference-based &lt;br/&gt;
keys.&lt;/p&gt;

&lt;p&gt;Is it possible to extend ReferenceMap with an ability to use reference identity &lt;br/&gt;
instead of object identity? I can send you my prototype if you are interested &lt;br/&gt;
(it adds about ten lines of code to ReferenceMap).&lt;/p&gt;



&lt;p&gt;Here are some links to Sun&apos;s bug parade pages that describe similar feature &lt;br/&gt;
request for Java&apos;s java.util.WeakHashMap:&lt;/p&gt;

&lt;p&gt;&lt;a href=&quot;http://developer.java.sun.com/developer/bugParade/bugs/4809420.html&quot; class=&quot;external-link&quot; rel=&quot;nofollow&quot;&gt;http://developer.java.sun.com/developer/bugParade/bugs/4809420.html&lt;/a&gt;&lt;br/&gt;
&lt;a href=&quot;http://developer.java.sun.com/developer/bugParade/bugs/4500542.html&quot; class=&quot;external-link&quot; rel=&quot;nofollow&quot;&gt;http://developer.java.sun.com/developer/bugParade/bugs/4500542.html&lt;/a&gt;&lt;/p&gt;

&lt;p&gt;P.S. There is a need for this feature in Apache DB-OJB project.&lt;/p&gt;

&lt;p&gt;All the Best,&lt;br/&gt;
Andy&lt;/p&gt;</description>
                <environment>&lt;p&gt;Operating System: All&lt;br/&gt;
Platform: All&lt;/p&gt;</environment>
        <key id="12341226">COLLECTIONS-94</key>
            <summary>[collections] New feature: Extend ReferenceMap with IdentityMap functionality (WeakIdentityHashMap)</summary>
                <type id="1" iconUrl="https://issues.apache.org/jira/images/icons/issuetypes/bug.png">Bug</type>
                                            <priority id="3" iconUrl="https://issues.apache.org/jira/images/icons/priorities/major.png">Major</priority>
                        <status id="6" iconUrl="https://issues.apache.org/jira/images/icons/statuses/closed.png" description="The issue is considered finished, the resolution is correct. Issues which are closed can be reopened.">Closed</status>
                    <statusCategory id="3" key="done" colorName="green"/>
                                    <resolution id="1">Fixed</resolution>
                                        <assignee username="-1">Unassigned</assignee>
                                    <reporter username="bugzillaspam@malakov.com">Andy Malakov</reporter>
                        <labels>
                    </labels>
                <created>Thu, 29 Jan 2004 06:22:59 +0000</created>
                <updated>Sat, 15 Mar 2008 21:36:01 +0000</updated>
                            <resolved>Sat, 15 Mar 2008 21:36:01 +0000</resolved>
                                                                        <due></due>
                            <votes>0</votes>
                                    <watches>0</watches>
                                                                <comments>
                            <comment id="12405876" author="bugzillaspam@malakov.com" created="Thu, 29 Jan 2004 23:02:45 +0000"  >&lt;p&gt;Created an attachment (id=10146)&lt;br/&gt;
Here is my prototype of this feature. I used collections 2.1 version of reference map as a base.&lt;/p&gt;</comment>
                            <comment id="12405877" author="bugzillaspam@malakov.com" created="Thu, 29 Jan 2004 23:04:25 +0000"  >&lt;p&gt;Created an attachment (id=10147)&lt;br/&gt;
Simple junit test (can be easily merged with existing TestReferenceMap)&lt;/p&gt;</comment>
                            <comment id="12405878" author="scolebourne@joda.org" created="Tue, 16 Mar 2004 08:24:44 +0000"  >&lt;p&gt;Adding Identity behaviour to ReferenceMap is a good extension for &lt;br/&gt;
&lt;span class=&quot;error&quot;&gt;&amp;#91;collections&amp;#93;&lt;/span&gt;. However, I think it probably warrants a dedicated class as &lt;br/&gt;
ReferenceMap has over-complicated constructors as is. I would also like to see &lt;br/&gt;
if ReferenceMap can extend AbstractHashedMap.&lt;/p&gt;</comment>
                            <comment id="12405879" author="scolebourne@joda.org" created="Thu, 1 Apr 2004 08:09:56 +0000"  >&lt;p&gt;ReferenceMap now extends AbstractHashedMap, next step is to create a subclass &lt;br/&gt;
for identity behaviour&lt;/p&gt;</comment>
                            <comment id="12405880" author="scolebourne@joda.org" created="Wed, 28 Apr 2004 04:47:34 +0000"  >&lt;p&gt;ReferenceIdentityMap now committed to the CVS&lt;/p&gt;</comment>
                    </comments>
                    <attachments>
                            <attachment id="12332716" name="ASF.LICENSE.NOT.GRANTED--ReferenceMap.java" size="33495" author="bugzillaspam@malakov.com" created="Thu, 29 Jan 2004 23:02:45 +0000"/>
                            <attachment id="12332717" name="ASF.LICENSE.NOT.GRANTED--TestReferenceMap.java" size="2709" author="bugzillaspam@malakov.com" created="Thu, 29 Jan 2004 23:04:25 +0000"/>
                    </attachments>
                <subtasks>
                    </subtasks>
                <customfields>
                                                <customfield id="customfield_12310310" key="com.atlassian.jira.toolkit:attachments">
                        <customfieldname>Attachment count</customfieldname>
                        <customfieldvalues>
                            <customfieldvalue>2.0</customfieldvalue>
                        </customfieldvalues>
                    </customfield>
                                                                                                                                                                                                                                                                                                                                                                                                                                                                        <customfield id="customfield_10010" key="com.atlassian.jira.plugin.system.customfieldtypes:importid">
                        <customfieldname>Bugzilla Id</customfieldname>
                        <customfieldvalues>
                            <customfieldvalue>26503</customfieldvalue>
                        </customfieldvalues>
                    </customfield>
                                                                                            <customfield id="customfield_12310220" key="com.atlassian.jira.ext.charting:firstresponsedate">
                        <customfieldname>Date of First Response</customfieldname>
                        <customfieldvalues>
                            <customfieldvalue>Tue, 16 Mar 2004 08:24:44 +0000</customfieldvalue>

                        </customfieldvalues>
                    </customfield>
                                                                                                                                                                                                                                                                                                                                                                                                                                            <customfield id="customfield_12310420" key="com.pyxis.greenhopper.jira:gh-global-rank">
                        <customfieldname>Global Rank</customfieldname>
                        <customfieldvalues>
                            <customfieldvalue>18904</customfieldvalue>
                        </customfieldvalues>
                    </customfield>
                                                                                                                        <customfield id="customfield_12312521" key="com.atlassian.jira.toolkit:LastCommentDate">
                        <customfieldname>Last public comment date</customfieldname>
                        <customfieldvalues>
                            12 years, 31 weeks, 3 days ago
                        </customfieldvalues>
                    </customfield>
                                                                                            <customfield id="customfield_12311820" key="com.pyxis.greenhopper.jira:gh-lexo-rank">
                        <customfieldname>Rank</customfieldname>
                        <customfieldvalues>
                            <customfieldvalue>0|i0sjd3:</customfieldvalue>

                        </customfieldvalues>
                    </customfield>
                                                                <customfield id="customfield_12310920" key="com.pyxis.greenhopper.jira:gh-global-rank">
                        <customfieldname>Rank (Obsolete)</customfieldname>
                        <customfieldvalues>
                            <customfieldvalue>164614</customfieldvalue>
                        </customfieldvalues>
                    </customfield>
                                                                                                                                                                                                                                        <customfield id="customfield_12310222" key="com.atlassian.jira.ext.charting:timeinstatus">
                        <customfieldname>Time in Status</customfieldname>
                        <customfieldvalues>
                            
                        </customfieldvalues>
                    </customfield>
                                                                                                                        </customfields>
    </item>
</channel>
</rss>