<!-- 
RSS generated by JIRA (6.3.4#6332-sha1:51bc225ef474afe3128b2f66878477f322397b16) at Sun Nov 20 01:07:48 UTC 2016

It is possible to restrict the fields that are returned in this document by specifying the 'field' parameter in your request.
For example, to request only the issue key and summary add field=key&field=summary to the URL of your request.
For example:
https://issues.apache.org/jira/si/jira.issueviews:issue-xml/COLLECTIONS-392/COLLECTIONS-392.xml?field=key&amp;field=summary
-->
<rss version="0.92" >
<channel>
    <title>ASF JIRA</title>
    <link>https://issues.apache.org/jira</link>
    <description>This file is an XML representation of an issue</description>
    <language>en-uk</language>    <build-info>
        <version>6.3.4</version>
        <build-number>6332</build-number>
        <build-date>15-08-2014</build-date>
    </build-info>

<item>
            <title>[COLLECTIONS-392] AbstractHashedMap should not throw exception when initialized to zero size</title>
                <link>https://issues.apache.org/jira/browse/COLLECTIONS-392</link>
                <project id="12310465" key="COLLECTIONS">Commons Collections</project>
                    <description>&lt;p&gt;AbstractHashedMap(int initialCapacity, float loadFactor) throws IllegalArgumentException when initialized to zero initialCapacity. Although this is the documented behaviour it is quite unexpected as it differs from the java.util.HashMap implementation and provokes absurd exceptions, e.g. in code like this:&lt;/p&gt;

&lt;p&gt;List results = criteria.list();&lt;br/&gt;
Map resultMap = new HashedMap(results.size());&lt;/p&gt;

&lt;p&gt;It would be much safer to silently replace a zero initial capacity by initial capacity 1. Exactly this behaviour is already implemented in calculateNewCapacity(). Only the validation and the javadoc would have to be adapted.&lt;/p&gt;</description>
                <environment></environment>
        <key id="12539883">COLLECTIONS-392</key>
            <summary>AbstractHashedMap should not throw exception when initialized to zero size</summary>
                <type id="4" iconUrl="https://issues.apache.org/jira/images/icons/issuetypes/improvement.png">Improvement</type>
                                            <priority id="4" iconUrl="https://issues.apache.org/jira/images/icons/priorities/minor.png">Minor</priority>
                        <status id="6" iconUrl="https://issues.apache.org/jira/images/icons/statuses/closed.png" description="The issue is considered finished, the resolution is correct. Issues which are closed can be reopened.">Closed</status>
                    <statusCategory id="3" key="done" colorName="green"/>
                                    <resolution id="3">Duplicate</resolution>
                                        <assignee username="-1">Unassigned</assignee>
                                    <reporter username="seebass">Bernhard Seebass</reporter>
                        <labels>
                    </labels>
                <created>Thu, 26 Jan 2012 10:10:02 +0000</created>
                <updated>Sun, 9 Nov 2014 14:31:25 +0000</updated>
                            <resolved>Tue, 31 Jan 2012 08:36:38 +0000</resolved>
                                                    <fixVersion>4.0-alpha1</fixVersion>
                    <fixVersion>4.0</fixVersion>
                                    <component>Map</component>
                        <due></due>
                            <votes>0</votes>
                                    <watches>0</watches>
                                    <timeoriginalestimate seconds="900">0.25h</timeoriginalestimate>
                            <timeestimate seconds="900">0.25h</timeestimate>
                                        <comments>
                            <comment id="13196371" author="garydgregory" created="Mon, 30 Jan 2012 19:52:01 +0000"  >&lt;p&gt;This looks like a duplicate of &lt;a href=&quot;https://issues.apache.org/jira/browse/COLLECTIONS-323&quot; title=&quot;Behavior of constructors CaseInsensitiveMap inconsistent with standard Java HashMap&quot; class=&quot;issue-link&quot; data-issue-key=&quot;COLLECTIONS-323&quot;&gt;&lt;del&gt;COLLECTIONS-323&lt;/del&gt;&lt;/a&gt;. If not, can you test a trunk build please for your specific test case? Better yet, can you provide a unit test patch to show the failure in trunk? Thank you.&lt;/p&gt;</comment>
                            <comment id="13196789" author="seebass" created="Tue, 31 Jan 2012 08:36:38 +0000"  >&lt;p&gt;Yes, it definitely is a duplicate. Sorry and thank you. I hadn&apos;t found the original issue as HashedMap was only mentioned in a comment.&lt;/p&gt;</comment>
                    </comments>
                    <attachments>
                    </attachments>
                <subtasks>
                    </subtasks>
                <customfields>
                                                <customfield id="customfield_12310310" key="com.atlassian.jira.toolkit:attachments">
                        <customfieldname>Attachment count</customfieldname>
                        <customfieldvalues>
                            <customfieldvalue>0.0</customfieldvalue>
                        </customfieldvalues>
                    </customfield>
                                                                                                                                                                                                                                                                                                                                                                                                                                                                                                                                <customfield id="customfield_12310220" key="com.atlassian.jira.ext.charting:firstresponsedate">
                        <customfieldname>Date of First Response</customfieldname>
                        <customfieldvalues>
                            <customfieldvalue>Mon, 30 Jan 2012 19:52:01 +0000</customfieldvalue>

                        </customfieldvalues>
                    </customfield>
                                                                                                                                                                                                                                                                                                                                                                                                                                            <customfield id="customfield_12310420" key="com.pyxis.greenhopper.jira:gh-global-rank">
                        <customfieldname>Global Rank</customfieldname>
                        <customfieldvalues>
                            <customfieldvalue>225386</customfieldvalue>
                        </customfieldvalues>
                    </customfield>
                                                                                                                        <customfield id="customfield_12312521" key="com.atlassian.jira.toolkit:LastCommentDate">
                        <customfieldname>Last public comment date</customfieldname>
                        <customfieldvalues>
                            4 years, 42 weeks, 4 days ago
                        </customfieldvalues>
                    </customfield>
                                                                                            <customfield id="customfield_12311820" key="com.pyxis.greenhopper.jira:gh-lexo-rank">
                        <customfieldname>Rank</customfieldname>
                        <customfieldvalues>
                            <customfieldvalue>0|i0shtb:</customfieldvalue>

                        </customfieldvalues>
                    </customfield>
                                                                <customfield id="customfield_12310920" key="com.pyxis.greenhopper.jira:gh-global-rank">
                        <customfieldname>Rank (Obsolete)</customfieldname>
                        <customfieldvalues>
                            <customfieldvalue>164363</customfieldvalue>
                        </customfieldvalues>
                    </customfield>
                                                                                                                                                                                                                                        <customfield id="customfield_12310222" key="com.atlassian.jira.ext.charting:timeinstatus">
                        <customfieldname>Time in Status</customfieldname>
                        <customfieldvalues>
                            
                        </customfieldvalues>
                    </customfield>
                                                                                                                        </customfields>
    </item>
</channel>
</rss>