<!-- 
RSS generated by JIRA (6.3.4#6332-sha1:51bc225ef474afe3128b2f66878477f322397b16) at Sat Nov 19 21:56:55 UTC 2016

It is possible to restrict the fields that are returned in this document by specifying the 'field' parameter in your request.
For example, to request only the issue key and summary add field=key&field=summary to the URL of your request.
For example:
https://issues.apache.org/jira/si/jira.issueviews:issue-xml/COLLECTIONS-4/COLLECTIONS-4.xml?field=key&amp;field=summary
-->
<rss version="0.92" >
<channel>
    <title>ASF JIRA</title>
    <link>https://issues.apache.org/jira</link>
    <description>This file is an XML representation of an issue</description>
    <language>en-uk</language>    <build-info>
        <version>6.3.4</version>
        <build-number>6332</build-number>
        <build-date>15-08-2014</build-date>
    </build-info>

<item>
            <title>[COLLECTIONS-4] Calling CollectionUtils.cardinality with null obj argument leads to NPE</title>
                <link>https://issues.apache.org/jira/browse/COLLECTIONS-4</link>
                <project id="12310465" key="COLLECTIONS">Commons Collections</project>
                    <description>&lt;p&gt;There is a bug in cardinality method, which shows, when obj parameter is null;&lt;br/&gt;
It leads to NullPointerException.&lt;/p&gt;

&lt;p&gt;In order to reveal it, add line&lt;/p&gt;

&lt;p&gt;assertEquals(0, CollectionUtils.cardinality(null, _b));&lt;/p&gt;

&lt;p&gt;to testCardinality in TestCollectionUtils.&lt;/p&gt;

&lt;p&gt;One variant of correct implementation is following:&lt;/p&gt;

&lt;p&gt;public static int cardinality(Object obj, final Collection col) {&lt;br/&gt;
       int count = 0;&lt;br/&gt;
       Iterator it = col.iterator();&lt;br/&gt;
       if(null==obj){&lt;br/&gt;
           while(it.hasNext()){&lt;br/&gt;
               Object elt = it.next();&lt;br/&gt;
               if(null==elt)&lt;/p&gt;
{
                   count++;
               }&lt;br/&gt;
           }&lt;br/&gt;
       }else{&lt;br/&gt;
           while(it.hasNext()) {&lt;br/&gt;
               Object elt = it.next();&lt;br/&gt;
               if(obj.equals(elt)) {                   count++;               }
&lt;p&gt;           }&lt;br/&gt;
       }&lt;br/&gt;
       return count;&lt;br/&gt;
   }&lt;/p&gt;</description>
                <environment>&lt;p&gt;Operating System: other&lt;br/&gt;
Platform: Other&lt;/p&gt;</environment>
        <key id="12340376">COLLECTIONS-4</key>
            <summary>Calling CollectionUtils.cardinality with null obj argument leads to NPE</summary>
                <type id="1" iconUrl="https://issues.apache.org/jira/images/icons/issuetypes/bug.png">Bug</type>
                                            <priority id="3" iconUrl="https://issues.apache.org/jira/images/icons/priorities/major.png">Major</priority>
                        <status id="6" iconUrl="https://issues.apache.org/jira/images/icons/statuses/closed.png" description="The issue is considered finished, the resolution is correct. Issues which are closed can be reopened.">Closed</status>
                    <statusCategory id="3" key="done" colorName="green"/>
                                    <resolution id="1">Fixed</resolution>
                                        <assignee username="-1">Unassigned</assignee>
                                    <reporter username="sye@mail.ru">Serhiy Yevtushenko</reporter>
                        <labels>
                    </labels>
                <created>Sun, 20 Oct 2002 03:27:09 +0000</created>
                <updated>Sat, 15 Mar 2008 21:35:56 +0000</updated>
                            <resolved>Sat, 15 Mar 2008 21:35:56 +0000</resolved>
                                    <version>Nightly Builds</version>
                                                        <due></due>
                            <votes>0</votes>
                                    <watches>0</watches>
                                                                <comments>
                            <comment id="12403092" author="rwaldhof@us.britannica.com" created="Sat, 2 Nov 2002 03:55:41 +0000"  >&lt;p&gt;fixed, added unit test as well&lt;br/&gt;
thanks Serhiy&lt;/p&gt;</comment>
                    </comments>
                    <attachments>
                    </attachments>
                <subtasks>
                    </subtasks>
                <customfields>
                                                <customfield id="customfield_12310310" key="com.atlassian.jira.toolkit:attachments">
                        <customfieldname>Attachment count</customfieldname>
                        <customfieldvalues>
                            <customfieldvalue>0.0</customfieldvalue>
                        </customfieldvalues>
                    </customfield>
                                                                                                                                                                                                                                                                                                                                                                                                                                                                        <customfield id="customfield_10010" key="com.atlassian.jira.plugin.system.customfieldtypes:importid">
                        <customfieldname>Bugzilla Id</customfieldname>
                        <customfieldvalues>
                            <customfieldvalue>13785</customfieldvalue>
                        </customfieldvalues>
                    </customfield>
                                                                                            <customfield id="customfield_12310220" key="com.atlassian.jira.ext.charting:firstresponsedate">
                        <customfieldname>Date of First Response</customfieldname>
                        <customfieldvalues>
                            <customfieldvalue>Sat, 2 Nov 2002 03:55:41 +0000</customfieldvalue>

                        </customfieldvalues>
                    </customfield>
                                                                                                                                                                                                                                                                                                                                                                                                                                            <customfield id="customfield_12310420" key="com.pyxis.greenhopper.jira:gh-global-rank">
                        <customfieldname>Global Rank</customfieldname>
                        <customfieldvalues>
                            <customfieldvalue>18994</customfieldvalue>
                        </customfieldvalues>
                    </customfield>
                                                                                                                        <customfield id="customfield_12312521" key="com.atlassian.jira.toolkit:LastCommentDate">
                        <customfieldname>Last public comment date</customfieldname>
                        <customfieldvalues>
                            14 years, 5 weeks ago
                        </customfieldvalues>
                    </customfield>
                                                                                            <customfield id="customfield_12311820" key="com.pyxis.greenhopper.jira:gh-lexo-rank">
                        <customfieldname>Rank</customfieldname>
                        <customfieldvalues>
                            <customfieldvalue>0|i0sjx3:</customfieldvalue>

                        </customfieldvalues>
                    </customfield>
                                                                <customfield id="customfield_12310920" key="com.pyxis.greenhopper.jira:gh-global-rank">
                        <customfieldname>Rank (Obsolete)</customfieldname>
                        <customfieldvalues>
                            <customfieldvalue>164704</customfieldvalue>
                        </customfieldvalues>
                    </customfield>
                                                                                                                                                                                                                                        <customfield id="customfield_12310222" key="com.atlassian.jira.ext.charting:timeinstatus">
                        <customfieldname>Time in Status</customfieldname>
                        <customfieldvalues>
                            
                        </customfieldvalues>
                    </customfield>
                                                                                                                        </customfields>
    </item>
</channel>
</rss>