<!-- 
RSS generated by JIRA (6.3.4#6332-sha1:51bc225ef474afe3128b2f66878477f322397b16) at Sun Nov 20 01:17:52 UTC 2016

It is possible to restrict the fields that are returned in this document by specifying the 'field' parameter in your request.
For example, to request only the issue key and summary add field=key&field=summary to the URL of your request.
For example:
https://issues.apache.org/jira/si/jira.issueviews:issue-xml/COLLECTIONS-73/COLLECTIONS-73.xml?field=key&amp;field=summary
-->
<rss version="0.92" >
<channel>
    <title>ASF JIRA</title>
    <link>https://issues.apache.org/jira</link>
    <description>This file is an XML representation of an issue</description>
    <language>en-uk</language>    <build-info>
        <version>6.3.4</version>
        <build-number>6332</build-number>
        <build-date>15-08-2014</build-date>
    </build-info>

<item>
            <title>[COLLECTIONS-73] BeanMap.putAllWriteable() does not count the write only methods</title>
                <link>https://issues.apache.org/jira/browse/COLLECTIONS-73</link>
                <project id="12310465" key="COLLECTIONS">Commons Collections</project>
                    <description>&lt;p&gt;BeanMap.putAllWriteable(BeanMap) method, the java doc does not describe the implementation &lt;br/&gt;
correctly.&lt;br/&gt;
According to Sun a property could be defined by getter OR mutator. The current &lt;br/&gt;
implementation of the method assumes that a property always should have getter.&lt;/p&gt;

&lt;p&gt;/**&lt;/p&gt;
&lt;ul&gt;
	&lt;li&gt;&lt;p&gt;Puts all of the writeable properties from the given BeanMap into this&lt;/p&gt;&lt;/li&gt;
	&lt;li&gt;BeanMap.  Read-only&lt;br/&gt;
properties will be ignored.&lt;br/&gt;
 */&lt;br/&gt;
 public void putAllWriteable(BeanMap map) 
&lt;div class=&quot;error&quot;&gt;&lt;span class=&quot;error&quot;&gt;Unknown macro: {   Iterator readableKeys = map.readMethods.keySet().iterator();   while(readableKeys.hasNext()) {     Object key = readableKeys.next();     if(getWriteMethod(key) != null) {
       this.put(key, 
map.get(key));
     }   }&lt;/span&gt; &lt;/div&gt;
&lt;p&gt; }&lt;/p&gt;&lt;/li&gt;
&lt;/ul&gt;



&lt;p&gt;I have an adapter bean which have a mutator which accepting a &lt;br/&gt;
long value (actualy a bit vector) And few boolean accessors which retrieve the actual values. &lt;br/&gt;
Now I&apos;m replacing my own utility classes with jakarta commons and I find that these issues make &lt;br/&gt;
them nearly unusable for me &lt;img class=&quot;emoticon&quot; src=&quot;https://issues.apache.org/jira/images/icons/emoticons/sad.gif&quot; height=&quot;16&quot; width=&quot;16&quot; align=&quot;absmiddle&quot; alt=&quot;&quot; border=&quot;0&quot;/&gt;&lt;/p&gt;

&lt;p&gt;I suggest to change the method to:&lt;/p&gt;

&lt;p&gt; public void &lt;br/&gt;
putAllWriteable(BeanMap map) {&lt;br/&gt;
   Iterator writableEntries = &lt;br/&gt;
map.writeMethods.entrySet().iterator();&lt;br/&gt;
   while(writableEntries.hasNext())&lt;/p&gt;
{
     
Map.Entry writableEntry = (Map.Entry) writableEntries.next();
     
writeMethods.put(writableEntry.getKey(), writableEntry.getValue());    
   }
&lt;p&gt;       &lt;br/&gt;
 }&lt;/p&gt;</description>
                <environment>&lt;p&gt;Operating System: All&lt;br/&gt;
Platform: All&lt;/p&gt;</environment>
        <key id="12340477">COLLECTIONS-73</key>
            <summary>BeanMap.putAllWriteable() does not count the write only methods</summary>
                <type id="1" iconUrl="https://issues.apache.org/jira/images/icons/issuetypes/bug.png">Bug</type>
                                            <priority id="3" iconUrl="https://issues.apache.org/jira/images/icons/priorities/major.png">Major</priority>
                        <status id="6" iconUrl="https://issues.apache.org/jira/images/icons/statuses/closed.png" description="The issue is considered finished, the resolution is correct. Issues which are closed can be reopened.">Closed</status>
                    <statusCategory id="3" key="done" colorName="green"/>
                                    <resolution id="1">Fixed</resolution>
                                        <assignee username="-1">Unassigned</assignee>
                                    <reporter username="dimiter@blue-edge.bg">Dimiter Dimitrov</reporter>
                        <labels>
                    </labels>
                <created>Thu, 9 Jan 2003 02:26:03 +0000</created>
                <updated>Sat, 15 Mar 2008 21:36:00 +0000</updated>
                            <resolved>Sat, 15 Mar 2008 21:36:00 +0000</resolved>
                                    <version>2.1</version>
                                                        <due></due>
                            <votes>0</votes>
                                    <watches>0</watches>
                                                                <comments>
                            <comment id="12403410" author="dimiter@blue-edge.bg" created="Thu, 9 Jan 2003 02:26:36 +0000"  >&lt;p&gt;Created an attachment (id=4375)&lt;br/&gt;
test case&lt;/p&gt;</comment>
                            <comment id="12403411" author="dimiter@blue-edge.bg" created="Thu, 9 Jan 2003 02:55:10 +0000"  >&lt;p&gt;As I looked at the implementation of the class, I think that it&apos;s mostly a documentation error, &lt;br/&gt;
though I&apos;m not sure what this method should do...&lt;br/&gt;
I needed a way to get a view of all readable &lt;br/&gt;
properties and all writable properties of a bean, or at least check the readability of a &lt;br/&gt;
property...&lt;/p&gt;

&lt;p&gt;perhaps to expose isReadable and isWritable public methods?&lt;/p&gt;</comment>
                            <comment id="12403412" author="scolebourne@joda.org" created="Sat, 25 Jan 2003 20:10:05 +0000"  >&lt;p&gt;Change made to the CVS to make getReadMethod() and getWriteMethod public. These &lt;br/&gt;
can be used to effectively test whether a property is read/write, read only or &lt;br/&gt;
write only.&lt;br/&gt;
Stephen&lt;/p&gt;</comment>
                    </comments>
                    <attachments>
                            <attachment id="12332097" name="ASF.LICENSE.NOT.GRANTED--TestBeanMap.patch" size="2375" author="dimiter@blue-edge.bg" created="Thu, 9 Jan 2003 02:26:36 +0000"/>
                    </attachments>
                <subtasks>
                    </subtasks>
                <customfields>
                                                <customfield id="customfield_12310310" key="com.atlassian.jira.toolkit:attachments">
                        <customfieldname>Attachment count</customfieldname>
                        <customfieldvalues>
                            <customfieldvalue>1.0</customfieldvalue>
                        </customfieldvalues>
                    </customfield>
                                                                                                                                                                                                                                                                                                                                                                                                                                                                        <customfield id="customfield_10010" key="com.atlassian.jira.plugin.system.customfieldtypes:importid">
                        <customfieldname>Bugzilla Id</customfieldname>
                        <customfieldvalues>
                            <customfieldvalue>15897</customfieldvalue>
                        </customfieldvalues>
                    </customfield>
                                                                                            <customfield id="customfield_12310220" key="com.atlassian.jira.ext.charting:firstresponsedate">
                        <customfieldname>Date of First Response</customfieldname>
                        <customfieldvalues>
                            <customfieldvalue>Sat, 25 Jan 2003 20:10:05 +0000</customfieldvalue>

                        </customfieldvalues>
                    </customfield>
                                                                                                                                                                                                                                                                                                                                                                                                                                            <customfield id="customfield_12310420" key="com.pyxis.greenhopper.jira:gh-global-rank">
                        <customfieldname>Global Rank</customfieldname>
                        <customfieldvalues>
                            <customfieldvalue>18925</customfieldvalue>
                        </customfieldvalues>
                    </customfield>
                                                                                                                        <customfield id="customfield_12312521" key="com.atlassian.jira.toolkit:LastCommentDate">
                        <customfieldname>Last public comment date</customfieldname>
                        <customfieldvalues>
                            13 years, 45 weeks ago
                        </customfieldvalues>
                    </customfield>
                                                                                            <customfield id="customfield_12311820" key="com.pyxis.greenhopper.jira:gh-lexo-rank">
                        <customfieldname>Rank</customfieldname>
                        <customfieldvalues>
                            <customfieldvalue>0|i0sjhr:</customfieldvalue>

                        </customfieldvalues>
                    </customfield>
                                                                <customfield id="customfield_12310920" key="com.pyxis.greenhopper.jira:gh-global-rank">
                        <customfieldname>Rank (Obsolete)</customfieldname>
                        <customfieldvalues>
                            <customfieldvalue>164635</customfieldvalue>
                        </customfieldvalues>
                    </customfield>
                                                                                                                                                                                                                                        <customfield id="customfield_12310222" key="com.atlassian.jira.ext.charting:timeinstatus">
                        <customfieldname>Time in Status</customfieldname>
                        <customfieldvalues>
                            
                        </customfieldvalues>
                    </customfield>
                                                                                                                        </customfields>
    </item>
</channel>
</rss>