<!-- 
RSS generated by JIRA (6.3.4#6332-sha1:51bc225ef474afe3128b2f66878477f322397b16) at Sat Nov 19 20:45:01 UTC 2016

It is possible to restrict the fields that are returned in this document by specifying the 'field' parameter in your request.
For example, to request only the issue key and summary add field=key&field=summary to the URL of your request.
For example:
https://issues.apache.org/jira/si/jira.issueviews:issue-xml/COLLECTIONS-445/COLLECTIONS-445.xml?field=key&amp;field=summary
-->
<rss version="0.92" >
<channel>
    <title>ASF JIRA</title>
    <link>https://issues.apache.org/jira</link>
    <description>This file is an XML representation of an issue</description>
    <language>en-uk</language>    <build-info>
        <version>6.3.4</version>
        <build-number>6332</build-number>
        <build-date>15-08-2014</build-date>
    </build-info>

<item>
            <title>[COLLECTIONS-445] Several unit test failures with IBM JDK 6</title>
                <link>https://issues.apache.org/jira/browse/COLLECTIONS-445</link>
                <project id="12310465" key="COLLECTIONS">Commons Collections</project>
                    <description>&lt;p&gt;Failed tests: &lt;br/&gt;
  AbstractSortedMapTest$TestTailMap&amp;gt;AbstractMapTest.testMapPut:808-&amp;gt;AbstractSortedMapTest$TestViewMap.verify:141-&amp;gt;AbstractMapTest.verify:1946-&amp;gt;AbstractMapTest.verifyValues:2010 values should be same size as HashMap&apos;s&lt;br/&gt;
Test: []&lt;br/&gt;
Real: &lt;span class=&quot;error&quot;&gt;&amp;#91;value&amp;#93;&lt;/span&gt; expected:&amp;lt;1&amp;gt; but was:&amp;lt;0&amp;gt;&lt;br/&gt;
  AbstractSortedMapTest$TestTailMap&amp;gt;AbstractMapTest.testMapPutAll:952-&amp;gt;AbstractSortedMapTest$TestViewMap.verify:141-&amp;gt;AbstractMapTest.verify:1946-&amp;gt;AbstractMapTest.verifyValues:2010 values should be same size as HashMap&apos;s&lt;br/&gt;
Test: []&lt;br/&gt;
Real: &lt;span class=&quot;error&quot;&gt;&amp;#91;value, value, seev, tmpv, we&amp;#39;llv, youv&amp;#93;&lt;/span&gt; expected:&amp;lt;6&amp;gt; but was:&amp;lt;0&amp;gt;&lt;br/&gt;
  AbstractMapTest$TestMapValues&amp;gt;AbstractCollectionTest.testCollectionClear:638-&amp;gt;verify:1888-&amp;gt;AbstractCollectionTest.verify:294 Collection should not contain a value that the confirmed collection does not have: againv&lt;br/&gt;
Test: []&lt;br/&gt;
Real: []&lt;br/&gt;
  AbstractMapTest$TestMapValues&amp;gt;AbstractCollectionTest.testCollectionRemoveAll:930-&amp;gt;verify:1888-&amp;gt;AbstractCollectionTest.verify:294 Collection should not contain a value that the confirmed collection does not have: againv&lt;br/&gt;
Test: []&lt;br/&gt;
Real: []&lt;br/&gt;
  AbstractMapTest$TestMapValues&amp;gt;AbstractCollectionTest.testCollectionRetainAll:973-&amp;gt;verify:1888-&amp;gt;AbstractCollectionTest.verify:294 Collection should not contain a value that the confirmed collection does not have: againv&lt;br/&gt;
Test: []&lt;br/&gt;
Real: []&lt;br/&gt;
  AbstractMapTest$TestMapEntrySet&amp;gt;AbstractCollectionTest.testCollectionIteratorRemove:838 Collection should shrink by one after iterator.remove expected:&amp;lt;-1&amp;gt; but was:&amp;lt;0&amp;gt;&lt;br/&gt;
  AbstractMapTest$TestMapKeySet&amp;gt;AbstractCollectionTest.testCollectionRemove:881 Collection should remove extant element: key&lt;br/&gt;
  AbstractMapTest$TestMapValues&amp;gt;AbstractCollectionTest.testCollectionIteratorRemove:838 Collection should shrink by one after iterator.remove expected:&amp;lt;-1&amp;gt; but was:&amp;lt;0&amp;gt;&lt;br/&gt;
  AbstractIterableMapTest$InnerTestMapIterator&amp;gt;AbstractMapIteratorTest.testMapIteratorSet:214 Value must be changed after setValue expected same:&amp;lt;newnonnullvalue&amp;gt; was not:&amp;lt;againv&amp;gt;&lt;br/&gt;
  AbstractIterableMapTest$InnerTestMapIterator&amp;gt;AbstractMapIteratorTest.testMapIteratorSet:214 Value must be changed after setValue expected same:&amp;lt;newnonnullvalue&amp;gt; was not:&amp;lt;again&amp;gt;&lt;br/&gt;
  AbstractBidiMapTest$TestBidiMapIterator&amp;gt;AbstractMapIteratorTest.testMapIteratorSet:214 Value must be changed after setValue expected same:&amp;lt;newnonnullvalue&amp;gt; was not:&amp;lt;again&amp;gt;&lt;br/&gt;
  AbstractBidiMapTest$TestInverseBidiMap&amp;gt;AbstractBidiMapTest.testBidiMapIteratorSet:560 expected same:&amp;lt;For&amp;gt; was not:&amp;lt;again&amp;gt;&lt;br/&gt;
  AbstractBidiMapTest$TestBidiMapIterator&amp;gt;AbstractMapIteratorTest.testMapIteratorSet:214 Value must be changed after setValue expected same:&amp;lt;newnonnullvalue&amp;gt; was not:&amp;lt;againv&amp;gt;&lt;br/&gt;
  DualTreeBidiMapTest&amp;gt;AbstractBidiMapTest.testBidiMapIteratorSet:560 expected same:&amp;lt;For&amp;gt; was not:&amp;lt;againv&amp;gt;&lt;br/&gt;
  AbstractOrderedBidiMapTest$TestBidiOrderedMapIterator&amp;gt;AbstractMapIteratorTest.testMapIteratorSet:214 Value must be changed after setValue expected same:&amp;lt;newnonnullvalue&amp;gt; was not:&amp;lt;againv&amp;gt;&lt;br/&gt;
  AbstractSortedMapTest$TestTailMap&amp;gt;AbstractMapTest.testMapPut:808-&amp;gt;AbstractSortedMapTest$TestViewMap.verify:141-&amp;gt;AbstractMapTest.verify:1946-&amp;gt;AbstractMapTest.verifyValues:2010 values should be same size as HashMap&apos;s&lt;br/&gt;
Test: []&lt;br/&gt;
Real: &lt;span class=&quot;error&quot;&gt;&amp;#91;value&amp;#93;&lt;/span&gt; expected:&amp;lt;1&amp;gt; but was:&amp;lt;0&amp;gt;&lt;br/&gt;
  AbstractSortedMapTest$TestTailMap&amp;gt;AbstractMapTest.testMapPutAll:952-&amp;gt;AbstractSortedMapTest$TestViewMap.verify:141-&amp;gt;AbstractMapTest.verify:1946-&amp;gt;AbstractMapTest.verifyValues:2010 values should be same size as HashMap&apos;s&lt;br/&gt;
Test: []&lt;br/&gt;
Real: &lt;span class=&quot;error&quot;&gt;&amp;#91;value, value2, seev, tmpv, we&amp;#39;llv, youv&amp;#93;&lt;/span&gt; expected:&amp;lt;6&amp;gt; but was:&amp;lt;0&amp;gt;&lt;br/&gt;
  AbstractMapTest$TestMapValues&amp;gt;AbstractCollectionTest.testCollectionClear:638-&amp;gt;verify:1888-&amp;gt;AbstractCollectionTest.verify:294 Collection should not contain a value that the confirmed collection does not have: againv&lt;br/&gt;
Test: []&lt;br/&gt;
Real: []&lt;br/&gt;
  AbstractMapTest$TestMapValues&amp;gt;AbstractCollectionTest.testCollectionRemoveAll:930-&amp;gt;verify:1888-&amp;gt;AbstractCollectionTest.verify:294 Collection should not contain a value that the confirmed collection does not have: againv&lt;br/&gt;
Test: []&lt;br/&gt;
Real: []&lt;br/&gt;
  AbstractMapTest$TestMapValues&amp;gt;AbstractCollectionTest.testCollectionRetainAll:973-&amp;gt;verify:1888-&amp;gt;AbstractCollectionTest.verify:294 Collection should not contain a value that the confirmed collection does not have: againv&lt;br/&gt;
Test: []&lt;br/&gt;
Real: []&lt;br/&gt;
  AbstractMapTest$TestMapEntrySet&amp;gt;AbstractCollectionTest.testCollectionIteratorRemove:838 Collection should shrink by one after iterator.remove expected:&amp;lt;-1&amp;gt; but was:&amp;lt;0&amp;gt;&lt;br/&gt;
  AbstractMapTest$TestMapValues&amp;gt;AbstractCollectionTest.testCollectionIteratorRemove:838 Collection should shrink by one after iterator.remove expected:&amp;lt;-1&amp;gt; but was:&amp;lt;0&amp;gt;&lt;br/&gt;
  AbstractIterableMapTest$InnerTestMapIterator&amp;gt;AbstractMapIteratorTest.testMapIteratorSet:214 Value must be changed after setValue expected same:&amp;lt;newnonnullvalue&amp;gt; was not:&amp;lt;youv&amp;gt;&lt;br/&gt;
  AbstractIterableMapTest$InnerTestMapIterator&amp;gt;AbstractMapIteratorTest.testMapIteratorSet:214 Value must be changed after setValue expected same:&amp;lt;newnonnullvalue&amp;gt; was not:&amp;lt;you&amp;gt;&lt;br/&gt;
  AbstractBidiMapTest$TestBidiMapIterator&amp;gt;AbstractMapIteratorTest.testMapIteratorSet:214 Value must be changed after setValue expected same:&amp;lt;newnonnullvalue&amp;gt; was not:&amp;lt;you&amp;gt;&lt;br/&gt;
  AbstractBidiMapTest$TestInverseBidiMap&amp;gt;AbstractBidiMapTest.testBidiMapIteratorSet:560 expected same:&amp;lt;For&amp;gt; was not:&amp;lt;you&amp;gt;&lt;br/&gt;
  AbstractBidiMapTest$TestBidiMapIterator&amp;gt;AbstractMapIteratorTest.testMapIteratorSet:214 Value must be changed after setValue expected same:&amp;lt;newnonnullvalue&amp;gt; was not:&amp;lt;youv&amp;gt;&lt;br/&gt;
  DualTreeBidiMap2Test&amp;gt;AbstractBidiMapTest.testBidiMapIteratorSet:560 expected same:&amp;lt;For&amp;gt; was not:&amp;lt;youv&amp;gt;&lt;br/&gt;
  AbstractOrderedBidiMapTest$TestBidiOrderedMapIterator&amp;gt;AbstractMapIteratorTest.testMapIteratorSet:214 Value must be changed after setValue expected same:&amp;lt;newnonnullvalue&amp;gt; was not:&amp;lt;youv&amp;gt;&lt;br/&gt;
  AbstractSortedMapTest$TestTailMap&amp;gt;AbstractMapTest.testMapPut:808-&amp;gt;AbstractSortedMapTest$TestViewMap.verify:141-&amp;gt;AbstractMapTest.verify:1946-&amp;gt;AbstractMapTest.verifyValues:2010 values should be same size as HashMap&apos;s&lt;br/&gt;
Test: []&lt;br/&gt;
Real: &lt;span class=&quot;error&quot;&gt;&amp;#91;foov&amp;#93;&lt;/span&gt; expected:&amp;lt;1&amp;gt; but was:&amp;lt;0&amp;gt;&lt;br/&gt;
  AbstractSortedMapTest$TestTailMap&amp;gt;AbstractMapTest.testMapPutAll:952-&amp;gt;AbstractSortedMapTest$TestViewMap.verify:141-&amp;gt;AbstractMapTest.verify:1946-&amp;gt;AbstractMapTest.verifyValues:2010 values should be same size as HashMap&apos;s&lt;br/&gt;
Test: []&lt;br/&gt;
Real: &lt;span class=&quot;error&quot;&gt;&amp;#91;againv, allv, barv, bazv, blahv, foov&amp;#93;&lt;/span&gt; expected:&amp;lt;6&amp;gt; but was:&amp;lt;0&amp;gt;&lt;br/&gt;
  AbstractMapTest$TestMapValues&amp;gt;AbstractCollectionTest.testCollectionClear:638-&amp;gt;verify:1888-&amp;gt;AbstractCollectionTest.verify:294 Collection should not contain a value that the confirmed collection does not have: youv&lt;br/&gt;
Test: []&lt;br/&gt;
Real: []&lt;br/&gt;
  AbstractMapTest$TestMapValues&amp;gt;AbstractCollectionTest.testCollectionRemoveAll:930-&amp;gt;verify:1888-&amp;gt;AbstractCollectionTest.verify:294 Collection should not contain a value that the confirmed collection does not have: youv&lt;br/&gt;
Test: []&lt;br/&gt;
Real: []&lt;br/&gt;
  AbstractMapTest$TestMapValues&amp;gt;AbstractCollectionTest.testCollectionRetainAll:973-&amp;gt;verify:1888-&amp;gt;AbstractCollectionTest.verify:294 Collection should not contain a value that the confirmed collection does not have: youv&lt;br/&gt;
Test: []&lt;br/&gt;
Real: []&lt;br/&gt;
  AbstractMapTest$TestMapEntrySet&amp;gt;AbstractCollectionTest.testCollectionIteratorRemove:838 Collection should shrink by one after iterator.remove expected:&amp;lt;-1&amp;gt; but was:&amp;lt;0&amp;gt;&lt;br/&gt;
  AbstractMapTest$TestMapValues&amp;gt;AbstractCollectionTest.testCollectionIteratorRemove:838 Collection should shrink by one after iterator.remove expected:&amp;lt;-1&amp;gt; but was:&amp;lt;0&amp;gt;&lt;/p&gt;

&lt;p&gt;Tests in error: &lt;br/&gt;
  AbstractSortedMapTest$TestHeadMap&amp;gt;AbstractMapTest.testMapPut:808-&amp;gt;AbstractSortedMapTest$TestViewMap.verify:141-&amp;gt;AbstractMapTest.verify:1946-&amp;gt;AbstractMapTest.verifyValues:2006 &#187; NullPointer&lt;br/&gt;
  AbstractSortedMapTest$TestHeadMap&amp;gt;AbstractMapTest.testMapPutAll:952-&amp;gt;AbstractSortedMapTest$TestViewMap.verify:141-&amp;gt;AbstractMapTest.verify:1946-&amp;gt;AbstractMapTest.verifyValues:2006 &#187; NullPointer&lt;br/&gt;
  AbstractSortedMapTest$TestHeadMap&amp;gt;AbstractMapTest.testMapPut:808-&amp;gt;AbstractSortedMapTest$TestViewMap.verify:141-&amp;gt;AbstractMapTest.verify:1946-&amp;gt;AbstractMapTest.verifyValues:2006 &#187; NullPointer&lt;br/&gt;
  AbstractSortedMapTest$TestHeadMap&amp;gt;AbstractMapTest.testMapPutAll:952-&amp;gt;AbstractSortedMapTest$TestViewMap.verify:141-&amp;gt;AbstractMapTest.verify:1946-&amp;gt;AbstractMapTest.verifyValues:2006 &#187; NullPointer&lt;br/&gt;
  AbstractSortedMapTest$TestHeadMap&amp;gt;AbstractMapTest.testMapPut:808-&amp;gt;AbstractSortedMapTest$TestViewMap.verify:141-&amp;gt;AbstractMapTest.verify:1946-&amp;gt;AbstractMapTest.verifyValues:2006 &#187; NullPointer&lt;br/&gt;
  AbstractSortedMapTest$TestHeadMap&amp;gt;AbstractMapTest.testMapPutAll:952-&amp;gt;AbstractSortedMapTest$TestViewMap.verify:141-&amp;gt;AbstractMapTest.verify:1946-&amp;gt;AbstractMapTest.verifyValues:2006 &#187; NullPointer&lt;/p&gt;</description>
                <environment></environment>
        <key id="12634291">COLLECTIONS-445</key>
            <summary>Several unit test failures with IBM JDK 6</summary>
                <type id="1" iconUrl="https://issues.apache.org/jira/images/icons/issuetypes/bug.png">Bug</type>
                                            <priority id="1" iconUrl="https://issues.apache.org/jira/images/icons/priorities/blocker.png">Blocker</priority>
                        <status id="6" iconUrl="https://issues.apache.org/jira/images/icons/statuses/closed.png" description="The issue is considered finished, the resolution is correct. Issues which are closed can be reopened.">Closed</status>
                    <statusCategory id="3" key="done" colorName="green"/>
                                    <resolution id="1">Fixed</resolution>
                                        <assignee username="-1">Unassigned</assignee>
                                    <reporter username="tn">Thomas Neidhart</reporter>
                        <labels>
                    </labels>
                <created>Tue, 26 Feb 2013 21:21:47 +0000</created>
                <updated>Sun, 9 Nov 2014 14:31:38 +0000</updated>
                            <resolved>Sun, 21 Apr 2013 17:48:51 +0000</resolved>
                                                    <fixVersion>4.0-alpha1</fixVersion>
                    <fixVersion>4.0</fixVersion>
                                        <due></due>
                            <votes>0</votes>
                                    <watches>0</watches>
                                                                <comments>
                            <comment id="13589998" author="tn" created="Thu, 28 Feb 2013 22:20:14 +0000"  >&lt;p&gt;Java(TM) SE Runtime Environment (build pxi3260sr12-20121025_01(SR12))&lt;br/&gt;
IBM J9 VM (build 2.4, JRE 1.6.0 IBM J9 2.4 Linux x86-32 jvmxi3260sr12-20121024_126067 (JIT enabled, AOT enabled)&lt;br/&gt;
J9VM - 20121024_126067&lt;br/&gt;
JIT  - r9_20120914_26057&lt;br/&gt;
GC   - 20120928_AA)&lt;br/&gt;
JCL  - 20121014_01&lt;/p&gt;</comment>
                            <comment id="13595159" author="tn" created="Wed, 6 Mar 2013 21:55:04 +0000"  >&lt;p&gt;Test status:&lt;/p&gt;

&lt;p&gt;Tests run: 12172, Failures: 36, Errors: 6, Skipped: 0&lt;/p&gt;</comment>
                            <comment id="13595163" author="tn" created="Wed, 6 Mar 2013 21:58:20 +0000"  >&lt;p&gt;After first changes:&lt;/p&gt;

&lt;p&gt;Tests run: 12172, Failures: 16, Errors: 0, Skipped: 0&lt;/p&gt;</comment>
                            <comment id="13597957" author="tn" created="Sat, 9 Mar 2013 14:27:43 +0000"  >&lt;p&gt;Attached a set of TreeMap tests that fail with IBM JDK 6.&lt;/p&gt;</comment>
                            <comment id="13637605" author="tn" created="Sun, 21 Apr 2013 17:48:51 +0000"  >&lt;p&gt;Ignored remaining test failures which were all related to a faulty TreeMap implementation (subMap, tailMap bulkTests).&lt;/p&gt;

&lt;p&gt;Committed in r1470322.&lt;/p&gt;</comment>
                    </comments>
                    <attachments>
                            <attachment id="12572914" name="TreeMapTest.java" size="1799" author="tn" created="Sat, 9 Mar 2013 14:27:43 +0000"/>
                    </attachments>
                <subtasks>
                    </subtasks>
                <customfields>
                                                <customfield id="customfield_12310310" key="com.atlassian.jira.toolkit:attachments">
                        <customfieldname>Attachment count</customfieldname>
                        <customfieldvalues>
                            <customfieldvalue>1.0</customfieldvalue>
                        </customfieldvalues>
                    </customfield>
                                                                                                                                                                                                                                                                                                                                                                                                                                                                                                                                                                                                                                                                                                                                                                                                                                                                                                                                        <customfield id="customfield_12310420" key="com.pyxis.greenhopper.jira:gh-global-rank">
                        <customfieldname>Global Rank</customfieldname>
                        <customfieldvalues>
                            <customfieldvalue>314784</customfieldvalue>
                        </customfieldvalues>
                    </customfield>
                                                                                                                        <customfield id="customfield_12312521" key="com.atlassian.jira.toolkit:LastCommentDate">
                        <customfieldname>Last public comment date</customfieldname>
                        <customfieldvalues>
                            3 years, 30 weeks, 6 days ago
                        </customfieldvalues>
                    </customfield>
                                                                                            <customfield id="customfield_12311820" key="com.pyxis.greenhopper.jira:gh-lexo-rank">
                        <customfieldname>Rank</customfieldname>
                        <customfieldvalues>
                            <customfieldvalue>0|i1ibjb:</customfieldvalue>

                        </customfieldvalues>
                    </customfield>
                                                                <customfield id="customfield_12310920" key="com.pyxis.greenhopper.jira:gh-global-rank">
                        <customfieldname>Rank (Obsolete)</customfieldname>
                        <customfieldvalues>
                            <customfieldvalue>315128</customfieldvalue>
                        </customfieldvalues>
                    </customfield>
                                                                                                                                                                                                                                        <customfield id="customfield_12310222" key="com.atlassian.jira.ext.charting:timeinstatus">
                        <customfieldname>Time in Status</customfieldname>
                        <customfieldvalues>
                            
                        </customfieldvalues>
                    </customfield>
                                                                                                                        </customfields>
    </item>
</channel>
</rss>