<!-- 
RSS generated by JIRA (6.3.4#6332-sha1:51bc225ef474afe3128b2f66878477f322397b16) at Sat Nov 19 22:31:38 UTC 2016

It is possible to restrict the fields that are returned in this document by specifying the 'field' parameter in your request.
For example, to request only the issue key and summary add field=key&field=summary to the URL of your request.
For example:
https://issues.apache.org/jira/si/jira.issueviews:issue-xml/COLLECTIONS-221/COLLECTIONS-221.xml?field=key&amp;field=summary
-->
<rss version="0.92" >
<channel>
    <title>ASF JIRA</title>
    <link>https://issues.apache.org/jira</link>
    <description>This file is an XML representation of an issue</description>
    <language>en-uk</language>    <build-info>
        <version>6.3.4</version>
        <build-number>6332</build-number>
        <build-date>15-08-2014</build-date>
    </build-info>

<item>
            <title>[COLLECTIONS-221] CompositeCollection, CompositeMap, CompositeSet should implement Serializable</title>
                <link>https://issues.apache.org/jira/browse/COLLECTIONS-221</link>
                <project id="12310465" key="COLLECTIONS">Commons Collections</project>
                    <description>&lt;p&gt;These classes should implement Serializable as usually all generial collection classes do. (At least I cannot think of a reason why they shouldn&apos;t and currently their usage is quite limited, like in RMI or http-sessions.)&lt;/p&gt;</description>
                <environment></environment>
        <key id="12347852">COLLECTIONS-221</key>
            <summary>CompositeCollection, CompositeMap, CompositeSet should implement Serializable</summary>
                <type id="1" iconUrl="https://issues.apache.org/jira/images/icons/issuetypes/bug.png">Bug</type>
                                            <priority id="4" iconUrl="https://issues.apache.org/jira/images/icons/priorities/minor.png">Minor</priority>
                        <status id="6" iconUrl="https://issues.apache.org/jira/images/icons/statuses/closed.png" description="The issue is considered finished, the resolution is correct. Issues which are closed can be reopened.">Closed</status>
                    <statusCategory id="3" key="done" colorName="green"/>
                                    <resolution id="1">Fixed</resolution>
                                        <assignee username="-1">Unassigned</assignee>
                                    <reporter username="denespal">Pal Denes</reporter>
                        <labels>
                    </labels>
                <created>Sat, 12 Aug 2006 17:10:01 +0000</created>
                <updated>Sun, 9 Nov 2014 14:31:55 +0000</updated>
                            <resolved>Thu, 28 Feb 2013 20:08:07 +0000</resolved>
                                    <version>3.2</version>
                                    <fixVersion>4.0-alpha1</fixVersion>
                    <fixVersion>4.0</fixVersion>
                                    <component>Collection</component>
                    <component>Map</component>
                    <component>Set</component>
                        <due></due>
                            <votes>1</votes>
                                    <watches>1</watches>
                                                                <comments>
                            <comment id="12493479" author="bayard" created="Thu, 3 May 2007 19:39:30 +0000"  >&lt;p&gt;+1&lt;/p&gt;</comment>
                            <comment id="12531258" author="alanmehio" created="Sat, 29 Sep 2007 17:07:33 +0000"  >&lt;p&gt;+1&lt;br/&gt;
Can somebody mention one reason why these classes( CompLsiteCollection, CompositeMap, CompositeSet) should not be Serializabel if the  ArrayList, HashSet, LinkedHashSet, HashMap, TreeMap and so on ... &lt;br/&gt;
are Serializable.&lt;/p&gt;


&lt;p&gt;Regards,&lt;br/&gt;
Alan Mehio&lt;br/&gt;
London, UK&lt;/p&gt;</comment>
                            <comment id="12596301" author="bayard" created="Tue, 13 May 2008 06:52:06 +0000"  >&lt;p&gt;Patch to make these serializable. Patch doesn&apos;t include the binary .obj files as it only supports text.&lt;/p&gt;</comment>
                            <comment id="12596302" author="bayard" created="Tue, 13 May 2008 06:53:50 +0000"  >&lt;p&gt;svn ci -m &quot;Applying my patch from &lt;a href=&quot;https://issues.apache.org/jira/browse/COLLECTIONS-221&quot; title=&quot;CompositeCollection, CompositeMap, CompositeSet should implement Serializable&quot; class=&quot;issue-link&quot; data-issue-key=&quot;COLLECTIONS-221&quot;&gt;&lt;del&gt;COLLECTIONS-221&lt;/del&gt;&lt;/a&gt; - making the CompositeMap, CompositeSet and CompositeCollection serializable. The only difference from the patch is that the creation of the obj files in TestCompositeMap is commented out&quot;&lt;/p&gt;

&lt;p&gt;Adding  (bin)  data/test/CompositeCollection.emptyCollection.version3.3.obj&lt;br/&gt;
Adding  (bin)  data/test/CompositeCollection.fullCollection.version3.3.obj&lt;br/&gt;
Adding  (bin)  data/test/CompositeMap.emptyCollection.version3.3.obj&lt;br/&gt;
Adding  (bin)  data/test/CompositeMap.fullCollection.version3.3.obj&lt;br/&gt;
Adding  (bin)  data/test/CompositeSet.emptyCollection.version3.3.obj&lt;br/&gt;
Adding  (bin)  data/test/CompositeSet.fullCollection.version3.3.obj&lt;br/&gt;
Sending        src/java/org/apache/commons/collections/collection/CompositeCollection.java&lt;br/&gt;
Sending        src/java/org/apache/commons/collections/map/CompositeMap.java&lt;br/&gt;
Sending        src/test/org/apache/commons/collections/collection/TestCompositeCollection.java&lt;br/&gt;
Adding         src/test/org/apache/commons/collections/map/EmptyMapMutator.java&lt;br/&gt;
Sending        src/test/org/apache/commons/collections/map/TestCompositeMap.java&lt;br/&gt;
Adding         src/test/org/apache/commons/collections/set/EmptySetMutator.java&lt;br/&gt;
Sending        src/test/org/apache/commons/collections/set/TestCompositeSet.java&lt;br/&gt;
Transmitting file data .............&lt;br/&gt;
Committed revision 655751.&lt;/p&gt;</comment>
                    </comments>
                    <attachments>
                            <attachment id="12381931" name="COLLECTIONS-221.patch" size="13850" author="bayard" created="Tue, 13 May 2008 06:52:06 +0000"/>
                    </attachments>
                <subtasks>
                    </subtasks>
                <customfields>
                                                <customfield id="customfield_12310310" key="com.atlassian.jira.toolkit:attachments">
                        <customfieldname>Attachment count</customfieldname>
                        <customfieldvalues>
                            <customfieldvalue>1.0</customfieldvalue>
                        </customfieldvalues>
                    </customfield>
                                                                                                                                                                                                                                                                                                                                                                                                                                                                                                                                <customfield id="customfield_12310220" key="com.atlassian.jira.ext.charting:firstresponsedate">
                        <customfieldname>Date of First Response</customfieldname>
                        <customfieldvalues>
                            <customfieldvalue>Thu, 3 May 2007 19:39:30 +0000</customfieldvalue>

                        </customfieldvalues>
                    </customfield>
                                                                                                                                                                                                                                                                                                                                                                                                                                            <customfield id="customfield_12310420" key="com.pyxis.greenhopper.jira:gh-global-rank">
                        <customfieldname>Global Rank</customfieldname>
                        <customfieldvalues>
                            <customfieldvalue>18778</customfieldvalue>
                        </customfieldvalues>
                    </customfield>
                                                                                                                        <customfield id="customfield_12312521" key="com.atlassian.jira.toolkit:LastCommentDate">
                        <customfieldname>Last public comment date</customfieldname>
                        <customfieldvalues>
                            8 years, 28 weeks, 4 days ago
                        </customfieldvalues>
                    </customfield>
                                                                                            <customfield id="customfield_12311820" key="com.pyxis.greenhopper.jira:gh-lexo-rank">
                        <customfieldname>Rank</customfieldname>
                        <customfieldvalues>
                            <customfieldvalue>0|i0simf:</customfieldvalue>

                        </customfieldvalues>
                    </customfield>
                                                                <customfield id="customfield_12310920" key="com.pyxis.greenhopper.jira:gh-global-rank">
                        <customfieldname>Rank (Obsolete)</customfieldname>
                        <customfieldvalues>
                            <customfieldvalue>164494</customfieldvalue>
                        </customfieldvalues>
                    </customfield>
                                                                                                                                                                                                                                        <customfield id="customfield_12310222" key="com.atlassian.jira.ext.charting:timeinstatus">
                        <customfieldname>Time in Status</customfieldname>
                        <customfieldvalues>
                            
                        </customfieldvalues>
                    </customfield>
                                                                                                                        </customfields>
    </item>
</channel>
</rss>