<!-- 
RSS generated by JIRA (6.3.4#6332-sha1:51bc225ef474afe3128b2f66878477f322397b16) at Sun Nov 20 00:37:55 UTC 2016

It is possible to restrict the fields that are returned in this document by specifying the 'field' parameter in your request.
For example, to request only the issue key and summary add field=key&field=summary to the URL of your request.
For example:
https://issues.apache.org/jira/si/jira.issueviews:issue-xml/COLLECTIONS-28/COLLECTIONS-28.xml?field=key&amp;field=summary
-->
<rss version="0.92" >
<channel>
    <title>ASF JIRA</title>
    <link>https://issues.apache.org/jira</link>
    <description>This file is an XML representation of an issue</description>
    <language>en-uk</language>    <build-info>
        <version>6.3.4</version>
        <build-number>6332</build-number>
        <build-date>15-08-2014</build-date>
    </build-info>

<item>
            <title>[COLLECTIONS-28] SequencedHashMap.indexOf(Object key) throws annoying exceptions</title>
                <link>https://issues.apache.org/jira/browse/COLLECTIONS-28</link>
                <project id="12310465" key="COLLECTIONS">Commons Collections</project>
                    <description>&lt;p&gt;Is it intentional that SequencedHashMap.indexOf(Object key) throws a &lt;br/&gt;
NullPointerException when the key does not exist in the map?&lt;/p&gt;

&lt;p&gt;Shouldn&apos;t it return -1 in those situations?&lt;/p&gt;

&lt;p&gt;Here is an addition to the TestSequencedHashMap which examplifies the problem&lt;/p&gt;

&lt;p&gt;public void testIndexOf() throws Exception {&lt;br/&gt;
  Object[] keys = getKeys();&lt;br/&gt;
  int expectedSize = keys.length;&lt;br/&gt;
  Object[] values = getValues();&lt;br/&gt;
  for (int i = 0; i &amp;lt; expectedSize; i++) &lt;/p&gt;
{
    labRat.put(keys[i], values[i]);
  }
&lt;p&gt;  // test that the index returned are in the same order that they were &lt;br/&gt;
  // placed in the map&lt;br/&gt;
  for (int i=0;i&amp;lt;keys.length;i++) &lt;/p&gt;
{
    assertEquals(&quot;indexOf with existing key failed&quot;,i,labRat.indexOf(keys[i]));
  }
&lt;p&gt;  // test non existing key..&lt;/p&gt;

&lt;p&gt;  assertEquals(&quot;test with non-existing key failed&quot;,-1,labRat.indexOf&lt;br/&gt;
(&quot;NonExistingKey&quot;));&lt;br/&gt;
}&lt;/p&gt;</description>
                <environment>&lt;p&gt;Operating System: All&lt;br/&gt;
Platform: All&lt;/p&gt;</environment>
        <key id="12340373">COLLECTIONS-28</key>
            <summary>SequencedHashMap.indexOf(Object key) throws annoying exceptions</summary>
                <type id="1" iconUrl="https://issues.apache.org/jira/images/icons/issuetypes/bug.png">Bug</type>
                                            <priority id="3" iconUrl="https://issues.apache.org/jira/images/icons/priorities/major.png">Major</priority>
                        <status id="6" iconUrl="https://issues.apache.org/jira/images/icons/statuses/closed.png" description="The issue is considered finished, the resolution is correct. Issues which are closed can be reopened.">Closed</status>
                    <statusCategory id="3" key="done" colorName="green"/>
                                    <resolution id="1">Fixed</resolution>
                                        <assignee username="-1">Unassigned</assignee>
                                    <reporter username="johal@nakedrobot.com">Johal</reporter>
                        <labels>
                    </labels>
                <created>Fri, 18 Oct 2002 16:10:34 +0000</created>
                <updated>Sat, 15 Mar 2008 21:35:58 +0000</updated>
                            <resolved>Sat, 15 Mar 2008 21:35:58 +0000</resolved>
                                    <version>2.0</version>
                                                        <due></due>
                            <votes>0</votes>
                                    <watches>0</watches>
                                                                <comments>
                            <comment id="12403085" author="scolebourne@joda.org" created="Mon, 25 Nov 2002 04:51:16 +0000"  >&lt;p&gt;Fix made to SequencedHashMap.indexOf.&lt;/p&gt;

&lt;p&gt;Thanks for the test.&lt;/p&gt;</comment>
                    </comments>
                    <attachments>
                    </attachments>
                <subtasks>
                    </subtasks>
                <customfields>
                                                <customfield id="customfield_12310310" key="com.atlassian.jira.toolkit:attachments">
                        <customfieldname>Attachment count</customfieldname>
                        <customfieldvalues>
                            <customfieldvalue>0.0</customfieldvalue>
                        </customfieldvalues>
                    </customfield>
                                                                                                                                                                                                                                                                                                                                                                                                                                                                        <customfield id="customfield_10010" key="com.atlassian.jira.plugin.system.customfieldtypes:importid">
                        <customfieldname>Bugzilla Id</customfieldname>
                        <customfieldvalues>
                            <customfieldvalue>13758</customfieldvalue>
                        </customfieldvalues>
                    </customfield>
                                                                                            <customfield id="customfield_12310220" key="com.atlassian.jira.ext.charting:firstresponsedate">
                        <customfieldname>Date of First Response</customfieldname>
                        <customfieldvalues>
                            <customfieldvalue>Mon, 25 Nov 2002 04:51:16 +0000</customfieldvalue>

                        </customfieldvalues>
                    </customfield>
                                                                                                                                                                                                                                                                                                                                                                                                                                            <customfield id="customfield_12310420" key="com.pyxis.greenhopper.jira:gh-global-rank">
                        <customfieldname>Global Rank</customfieldname>
                        <customfieldvalues>
                            <customfieldvalue>18970</customfieldvalue>
                        </customfieldvalues>
                    </customfield>
                                                                                                                        <customfield id="customfield_12312521" key="com.atlassian.jira.toolkit:LastCommentDate">
                        <customfieldname>Last public comment date</customfieldname>
                        <customfieldvalues>
                            14 years, 1 week, 5 days ago
                        </customfieldvalues>
                    </customfield>
                                                                                            <customfield id="customfield_12311820" key="com.pyxis.greenhopper.jira:gh-lexo-rank">
                        <customfieldname>Rank</customfieldname>
                        <customfieldvalues>
                            <customfieldvalue>0|i0sjrr:</customfieldvalue>

                        </customfieldvalues>
                    </customfield>
                                                                <customfield id="customfield_12310920" key="com.pyxis.greenhopper.jira:gh-global-rank">
                        <customfieldname>Rank (Obsolete)</customfieldname>
                        <customfieldvalues>
                            <customfieldvalue>164680</customfieldvalue>
                        </customfieldvalues>
                    </customfield>
                                                                                                                                                                                                                                        <customfield id="customfield_12310222" key="com.atlassian.jira.ext.charting:timeinstatus">
                        <customfieldname>Time in Status</customfieldname>
                        <customfieldvalues>
                            
                        </customfieldvalues>
                    </customfield>
                                                                                                                        </customfields>
    </item>
</channel>
</rss>