<!-- 
RSS generated by JIRA (6.3.4#6332-sha1:51bc225ef474afe3128b2f66878477f322397b16) at Sun Nov 20 00:13:55 UTC 2016

It is possible to restrict the fields that are returned in this document by specifying the 'field' parameter in your request.
For example, to request only the issue key and summary add field=key&field=summary to the URL of your request.
For example:
https://issues.apache.org/jira/si/jira.issueviews:issue-xml/COLLECTIONS-271/COLLECTIONS-271.xml?field=key&amp;field=summary
-->
<rss version="0.92" >
<channel>
    <title>ASF JIRA</title>
    <link>https://issues.apache.org/jira</link>
    <description>This file is an XML representation of an issue</description>
    <language>en-uk</language>    <build-info>
        <version>6.3.4</version>
        <build-number>6332</build-number>
        <build-date>15-08-2014</build-date>
    </build-info>

<item>
            <title>[COLLECTIONS-271] org.apache.commons.collections.ExtendedProperties#combine don&apos;t import string properly</title>
                <link>https://issues.apache.org/jira/browse/COLLECTIONS-271</link>
                <project id="12310465" key="COLLECTIONS">Commons Collections</project>
                    <description>&lt;p&gt;When we set property with escaped characters, after combine propertySets we got them unescaped.&lt;/p&gt;

&lt;p&gt;Simple Example&lt;/p&gt;

&lt;p&gt;ExtendedProperties props = new ExtendedProperties();&lt;br/&gt;
props.setProperty(&quot;test&quot;, &quot;\\\\\\\\192.168.1.91\\\\test&quot;);&lt;br/&gt;
props.getProperty(&quot;test&quot;); // =&amp;gt; \\192.168.1.91\test&lt;/p&gt;

&lt;p&gt;ExtendedProperties props2 = new ExtendedProperties();&lt;br/&gt;
props2.combine(props);&lt;br/&gt;
props.getProperty(&quot;test&quot;); // =&amp;gt; \192.168.1.91\test &amp;#8211; Wrong!&lt;/p&gt;</description>
                <environment></environment>
        <key id="12380528">COLLECTIONS-271</key>
            <summary>org.apache.commons.collections.ExtendedProperties#combine don&apos;t import string properly</summary>
                <type id="1" iconUrl="https://issues.apache.org/jira/images/icons/issuetypes/bug.png">Bug</type>
                                            <priority id="3" iconUrl="https://issues.apache.org/jira/images/icons/priorities/major.png">Major</priority>
                        <status id="6" iconUrl="https://issues.apache.org/jira/images/icons/statuses/closed.png" description="The issue is considered finished, the resolution is correct. Issues which are closed can be reopened.">Closed</status>
                    <statusCategory id="3" key="done" colorName="green"/>
                                    <resolution id="1">Fixed</resolution>
                                        <assignee username="-1">Unassigned</assignee>
                                    <reporter username="partizan">Alexander Borovsky</reporter>
                        <labels>
                    </labels>
                <created>Tue, 16 Oct 2007 12:40:42 +0000</created>
                <updated>Fri, 27 Nov 2015 21:11:15 +0000</updated>
                            <resolved>Thu, 28 Feb 2013 19:56:39 +0000</resolved>
                                    <version>3.2</version>
                                                    <component>Collection</component>
                        <due></due>
                            <votes>1</votes>
                                    <watches>1</watches>
                                                                <comments>
                            <comment id="12535242" author="partizan" created="Tue, 16 Oct 2007 12:47:46 +0000"  >&lt;p&gt;Possible fix attached&lt;/p&gt;</comment>
                            <comment id="12579107" author="bayard" created="Sun, 16 Mar 2008 01:33:22 +0000"  >&lt;p&gt;Bug confirmed - but the fix doesn&apos;t pass the unit test so might need something more.&lt;/p&gt;</comment>
                            <comment id="12579109" author="bayard" created="Sun, 16 Mar 2008 01:37:14 +0000"  >&lt;p&gt;Unit test and fix attached. Needed to make it super.put and not put in the fix.&lt;/p&gt;</comment>
                            <comment id="12579110" author="bayard" created="Sun, 16 Mar 2008 01:38:07 +0000"  >&lt;p&gt;svn ci -m &quot;Applying the patch from Alexander Borovsky for &lt;a href=&quot;https://issues.apache.org/jira/browse/COLLECTIONS-271&quot; title=&quot;org.apache.commons.collections.ExtendedProperties#combine don&amp;#39;t import string properly&quot; class=&quot;issue-link&quot; data-issue-key=&quot;COLLECTIONS-271&quot;&gt;&lt;del&gt;COLLECTIONS-271&lt;/del&gt;&lt;/a&gt;&quot; src&lt;br/&gt;
Sending        src/java/org/apache/commons/collections/ExtendedProperties.java&lt;br/&gt;
Sending        src/test/org/apache/commons/collections/TestExtendedProperties.java&lt;br/&gt;
Transmitting file data ..&lt;br/&gt;
Committed revision 637503.&lt;/p&gt;</comment>
                            <comment id="12628816" author="nbubna" created="Sat, 6 Sep 2008 01:14:31 +0000"  >&lt;p&gt;I think your patch for this breaks getKeys() after a combine() call.  It appears to make combine() not track new keys, which breaks both getKeys() and subset().  Because combine() then subset() is broken, Velocity has been experiencing frustratingly mysterious failures for months now.  For more on the symptoms, see:&lt;/p&gt;

&lt;p&gt;&lt;a href=&quot;http://tinyurl.com/5hjxrq&quot; class=&quot;external-link&quot; rel=&quot;nofollow&quot;&gt;http://tinyurl.com/5hjxrq&lt;/a&gt;&lt;/p&gt;

&lt;p&gt;I suspect instead of super.put(), the patch for this should have used clearProperty() followed by addPropertyDirect().  Of course, i haven&apos;t tested that...&lt;/p&gt;</comment>
                            <comment id="12641453" author="nbubna" created="Tue, 21 Oct 2008 17:39:40 +0000"  >&lt;p&gt;here&apos;s a patch that fixes the previous bad patch so that subset() works again.&lt;/p&gt;</comment>
                            <comment id="12641454" author="jwcarman" created="Tue, 21 Oct 2008 17:45:12 +0000"  >&lt;p&gt;Is there a test case that shows that subset() is broken as a result of the previously-applied patch?&lt;/p&gt;</comment>
                            <comment id="12641462" author="nbubna" created="Tue, 21 Oct 2008 18:02:39 +0000"  >&lt;p&gt;Yep.  That&apos;s the first part of the patch i just attached.&lt;/p&gt;</comment>
                            <comment id="12644838" author="bayard" created="Mon, 3 Nov 2008 22:41:28 +0000"  >&lt;p&gt;svn ci -m &quot;Applying Nathan Bubna&apos;s patch from &lt;a href=&quot;https://issues.apache.org/jira/browse/COLLECTIONS-271&quot; title=&quot;org.apache.commons.collections.ExtendedProperties#combine don&amp;#39;t import string properly&quot; class=&quot;issue-link&quot; data-issue-key=&quot;COLLECTIONS-271&quot;&gt;&lt;del&gt;COLLECTIONS-271&lt;/del&gt;&lt;/a&gt; to fix the bug introduced in the last patch where getKeys() breaks after a combine() or subset() call. &quot; src&lt;/p&gt;

&lt;p&gt;Sending        src/java/org/apache/commons/collections/ExtendedProperties.java&lt;br/&gt;
Sending        src/test/org/apache/commons/collections/TestExtendedProperties.java&lt;br/&gt;
Transmitting file data ..&lt;br/&gt;
Committed revision 710200.&lt;/p&gt;</comment>
                            <comment id="13638368" author="tn" created="Mon, 22 Apr 2013 19:45:05 +0000"  >&lt;p&gt;Obsolete fix as the class has been removed.&lt;/p&gt;</comment>
                    </comments>
                <issuelinks>
                            <issuelinktype id="12310051">
                    <name>Supercedes</name>
                                                                <inwardlinks description="is superceded by">
                                        <issuelink>
            <issuekey id="12445725">COLLECTIONS-351</issuekey>
        </issuelink>
                            </inwardlinks>
                                    </issuelinktype>
                    </issuelinks>
                <attachments>
                            <attachment id="12392590" name="COLLECTIONS-271.patch" size="1580" author="nbubna" created="Tue, 21 Oct 2008 17:39:39 +0000"/>
                            <attachment id="12377984" name="COLLECTIONS-271.patch" size="1463" author="bayard" created="Sun, 16 Mar 2008 01:37:14 +0000"/>
                            <attachment id="12367814" name="fix.patch" size="730" author="partizan" created="Tue, 16 Oct 2007 12:47:46 +0000"/>
                    </attachments>
                <subtasks>
                    </subtasks>
                <customfields>
                                                <customfield id="customfield_12310310" key="com.atlassian.jira.toolkit:attachments">
                        <customfieldname>Attachment count</customfieldname>
                        <customfieldvalues>
                            <customfieldvalue>3.0</customfieldvalue>
                        </customfieldvalues>
                    </customfield>
                                                                                                                                                                                                                                                                                                                                                                                                                                                                                                                                <customfield id="customfield_12310220" key="com.atlassian.jira.ext.charting:firstresponsedate">
                        <customfieldname>Date of First Response</customfieldname>
                        <customfieldvalues>
                            <customfieldvalue>Sun, 16 Mar 2008 01:33:22 +0000</customfieldvalue>

                        </customfieldvalues>
                    </customfield>
                                                                                                                                                                                                                                                                                                                                                                                                                                            <customfield id="customfield_12310420" key="com.pyxis.greenhopper.jira:gh-global-rank">
                        <customfieldname>Global Rank</customfieldname>
                        <customfieldvalues>
                            <customfieldvalue>18729</customfieldvalue>
                        </customfieldvalues>
                    </customfield>
                                                                                                                        <customfield id="customfield_12312521" key="com.atlassian.jira.toolkit:LastCommentDate">
                        <customfieldname>Last public comment date</customfieldname>
                        <customfieldvalues>
                            3 years, 30 weeks, 5 days ago
                        </customfieldvalues>
                    </customfield>
                                                                                            <customfield id="customfield_12311820" key="com.pyxis.greenhopper.jira:gh-lexo-rank">
                        <customfieldname>Rank</customfieldname>
                        <customfieldvalues>
                            <customfieldvalue>0|i0sidr:</customfieldvalue>

                        </customfieldvalues>
                    </customfield>
                                                                <customfield id="customfield_12310920" key="com.pyxis.greenhopper.jira:gh-global-rank">
                        <customfieldname>Rank (Obsolete)</customfieldname>
                        <customfieldvalues>
                            <customfieldvalue>164455</customfieldvalue>
                        </customfieldvalues>
                    </customfield>
                                                                                                                                                                                                                                        <customfield id="customfield_12310222" key="com.atlassian.jira.ext.charting:timeinstatus">
                        <customfieldname>Time in Status</customfieldname>
                        <customfieldvalues>
                            
                        </customfieldvalues>
                    </customfield>
                                                                                                                        </customfields>
    </item>
</channel>
</rss>