<!-- 
RSS generated by JIRA (6.3.4#6332-sha1:51bc225ef474afe3128b2f66878477f322397b16) at Sat Nov 19 23:54:37 UTC 2016

It is possible to restrict the fields that are returned in this document by specifying the 'field' parameter in your request.
For example, to request only the issue key and summary add field=key&field=summary to the URL of your request.
For example:
https://issues.apache.org/jira/si/jira.issueviews:issue-xml/COLLECTIONS-352/COLLECTIONS-352.xml?field=key&amp;field=summary
-->
<rss version="0.92" >
<channel>
    <title>ASF JIRA</title>
    <link>https://issues.apache.org/jira</link>
    <description>This file is an XML representation of an issue</description>
    <language>en-uk</language>    <build-info>
        <version>6.3.4</version>
        <build-number>6332</build-number>
        <build-date>15-08-2014</build-date>
    </build-info>

<item>
            <title>[COLLECTIONS-352] AbstractCollectionDecorator is inconsistent with AbstractListDecorator. Uses private member variable instead of protected getter</title>
                <link>https://issues.apache.org/jira/browse/COLLECTIONS-352</link>
                <project id="12310465" key="COLLECTIONS">Commons Collections</project>
                    <description>&lt;p&gt;AbstractListDecorator uses getList() to access its private member variable for its methods:&lt;/p&gt;
&lt;div class=&quot;code panel&quot; style=&quot;border-width: 1px;&quot;&gt;&lt;div class=&quot;codeContent panelContent&quot;&gt;
&lt;pre class=&quot;code-java&quot;&gt;
    &lt;span class=&quot;code-keyword&quot;&gt;public&lt;/span&gt; &lt;span class=&quot;code-object&quot;&gt;int&lt;/span&gt; indexOf(&lt;span class=&quot;code-object&quot;&gt;Object&lt;/span&gt; object) {
        &lt;span class=&quot;code-keyword&quot;&gt;return&lt;/span&gt; getList().indexOf(object);
    }
&lt;/pre&gt;
&lt;/div&gt;&lt;/div&gt;

&lt;p&gt;Which allows me to almost do something like this (notice I&apos;m taking some liberties here with the no-arg serialization constructor):&lt;/p&gt;

&lt;div class=&quot;code panel&quot; style=&quot;border-width: 1px;&quot;&gt;&lt;div class=&quot;codeContent panelContent&quot;&gt;
&lt;pre class=&quot;code-java&quot;&gt;
    &lt;span class=&quot;code-keyword&quot;&gt;public&lt;/span&gt; &lt;span class=&quot;code-keyword&quot;&gt;static&lt;/span&gt; class FutureList&amp;lt;T&amp;gt; &lt;span class=&quot;code-keyword&quot;&gt;extends&lt;/span&gt; AbstractListDecorator {

        &lt;span class=&quot;code-keyword&quot;&gt;private&lt;/span&gt; Future&amp;lt;List&amp;lt;T&amp;gt;&amp;gt; futureList;

        &lt;span class=&quot;code-keyword&quot;&gt;public&lt;/span&gt; FutureList(Future&amp;lt;List&amp;lt;T&amp;gt;&amp;gt; futureList)
        {
            &lt;span class=&quot;code-keyword&quot;&gt;super&lt;/span&gt;();
            &lt;span class=&quot;code-keyword&quot;&gt;this&lt;/span&gt;.futureList = futureList;
        }

        @Override
        &lt;span class=&quot;code-keyword&quot;&gt;protected&lt;/span&gt; Collection&amp;lt;T&amp;gt; getCollection()
        {
            &lt;span class=&quot;code-keyword&quot;&gt;try&lt;/span&gt;
            {
                &lt;span class=&quot;code-keyword&quot;&gt;return&lt;/span&gt; futureList.get();
            }
            &lt;span class=&quot;code-keyword&quot;&gt;catch&lt;/span&gt; (InterruptedException e)
            {
                &lt;span class=&quot;code-keyword&quot;&gt;throw&lt;/span&gt; &lt;span class=&quot;code-keyword&quot;&gt;new&lt;/span&gt; RuntimeException(e);
            }
            &lt;span class=&quot;code-keyword&quot;&gt;catch&lt;/span&gt; (ExecutionException e)
            {
                &lt;span class=&quot;code-keyword&quot;&gt;throw&lt;/span&gt; &lt;span class=&quot;code-keyword&quot;&gt;new&lt;/span&gt; RuntimeException(e);
            }
        }
    }
&lt;/pre&gt;
&lt;/div&gt;&lt;/div&gt;

&lt;p&gt;But AbstractCollectionDecorator uses its private member variable&lt;/p&gt;
&lt;div class=&quot;code panel&quot; style=&quot;border-width: 1px;&quot;&gt;&lt;div class=&quot;codeContent panelContent&quot;&gt;
&lt;pre class=&quot;code-java&quot;&gt;
    &lt;span class=&quot;code-keyword&quot;&gt;public&lt;/span&gt; &lt;span class=&quot;code-object&quot;&gt;boolean&lt;/span&gt; add(&lt;span class=&quot;code-object&quot;&gt;Object&lt;/span&gt; object) {
        &lt;span class=&quot;code-keyword&quot;&gt;return&lt;/span&gt; collection.add(object);
    }
&lt;/pre&gt;
&lt;/div&gt;&lt;/div&gt;

&lt;p&gt;When it should be IMHO:&lt;/p&gt;

&lt;div class=&quot;code panel&quot; style=&quot;border-width: 1px;&quot;&gt;&lt;div class=&quot;codeContent panelContent&quot;&gt;
&lt;pre class=&quot;code-java&quot;&gt;
    &lt;span class=&quot;code-keyword&quot;&gt;public&lt;/span&gt; &lt;span class=&quot;code-object&quot;&gt;boolean&lt;/span&gt; add(&lt;span class=&quot;code-object&quot;&gt;Object&lt;/span&gt; object) {
        &lt;span class=&quot;code-keyword&quot;&gt;return&lt;/span&gt; getCollection().add(object);
    }
&lt;/pre&gt;
&lt;/div&gt;&lt;/div&gt;

&lt;p&gt;Of course most everybody has an armpit and an opinion &lt;img class=&quot;emoticon&quot; src=&quot;https://issues.apache.org/jira/images/icons/emoticons/smile.gif&quot; height=&quot;16&quot; width=&quot;16&quot; align=&quot;absmiddle&quot; alt=&quot;&quot; border=&quot;0&quot;/&gt; &lt;/p&gt;</description>
                <environment></environment>
        <key id="12455936">COLLECTIONS-352</key>
            <summary>AbstractCollectionDecorator is inconsistent with AbstractListDecorator. Uses private member variable instead of protected getter</summary>
                <type id="1" iconUrl="https://issues.apache.org/jira/images/icons/issuetypes/bug.png">Bug</type>
                                            <priority id="4" iconUrl="https://issues.apache.org/jira/images/icons/priorities/minor.png">Minor</priority>
                        <status id="6" iconUrl="https://issues.apache.org/jira/images/icons/statuses/closed.png" description="The issue is considered finished, the resolution is correct. Issues which are closed can be reopened.">Closed</status>
                    <statusCategory id="3" key="done" colorName="green"/>
                                    <resolution id="1">Fixed</resolution>
                                        <assignee username="-1">Unassigned</assignee>
                                    <reporter username="agent">Adam Gent</reporter>
                        <labels>
                    </labels>
                <created>Wed, 10 Feb 2010 20:34:37 +0000</created>
                <updated>Sun, 9 Nov 2014 14:31:30 +0000</updated>
                            <resolved>Thu, 28 Feb 2013 20:05:10 +0000</resolved>
                                    <version>3.0</version>
                    <version>3.1</version>
                    <version>3.2</version>
                                    <fixVersion>4.0-alpha1</fixVersion>
                    <fixVersion>4.0</fixVersion>
                                    <component>Collection</component>
                        <due></due>
                            <votes>0</votes>
                                    <watches>1</watches>
                                                                <comments>
                            <comment id="12880532" author="bayard" created="Sat, 19 Jun 2010 19:25:59 +0000"  >&lt;p&gt;4.0 uses decorated() and both classes are using it instead of the private variable.&lt;/p&gt;</comment>
                    </comments>
                    <attachments>
                    </attachments>
                <subtasks>
                    </subtasks>
                <customfields>
                                                <customfield id="customfield_12310310" key="com.atlassian.jira.toolkit:attachments">
                        <customfieldname>Attachment count</customfieldname>
                        <customfieldvalues>
                            <customfieldvalue>0.0</customfieldvalue>
                        </customfieldvalues>
                    </customfield>
                                                                                                                                                                                                                                                                                                                                                                                                                                                                                                                                <customfield id="customfield_12310220" key="com.atlassian.jira.ext.charting:firstresponsedate">
                        <customfieldname>Date of First Response</customfieldname>
                        <customfieldvalues>
                            <customfieldvalue>Sat, 19 Jun 2010 19:25:59 +0000</customfieldvalue>

                        </customfieldvalues>
                    </customfield>
                                                                                                                                                                                                                                                                                                                                                                                                                                            <customfield id="customfield_12310420" key="com.pyxis.greenhopper.jira:gh-global-rank">
                        <customfieldname>Global Rank</customfieldname>
                        <customfieldvalues>
                            <customfieldvalue>18651</customfieldvalue>
                        </customfieldvalues>
                    </customfield>
                                                                                                                        <customfield id="customfield_12312521" key="com.atlassian.jira.toolkit:LastCommentDate">
                        <customfieldname>Last public comment date</customfieldname>
                        <customfieldvalues>
                            6 years, 23 weeks ago
                        </customfieldvalues>
                    </customfield>
                                                                                            <customfield id="customfield_12311820" key="com.pyxis.greenhopper.jira:gh-lexo-rank">
                        <customfieldname>Rank</customfieldname>
                        <customfieldvalues>
                            <customfieldvalue>0|i0shzz:</customfieldvalue>

                        </customfieldvalues>
                    </customfield>
                                                                <customfield id="customfield_12310920" key="com.pyxis.greenhopper.jira:gh-global-rank">
                        <customfieldname>Rank (Obsolete)</customfieldname>
                        <customfieldvalues>
                            <customfieldvalue>164393</customfieldvalue>
                        </customfieldvalues>
                    </customfield>
                                                                                                                                                                                                                                        <customfield id="customfield_12310222" key="com.atlassian.jira.ext.charting:timeinstatus">
                        <customfieldname>Time in Status</customfieldname>
                        <customfieldvalues>
                            
                        </customfieldvalues>
                    </customfield>
                                                                                                                        </customfields>
    </item>
</channel>
</rss>