<!-- 
RSS generated by JIRA (6.3.4#6332-sha1:51bc225ef474afe3128b2f66878477f322397b16) at Sun Nov 20 01:22:12 UTC 2016

It is possible to restrict the fields that are returned in this document by specifying the 'field' parameter in your request.
For example, to request only the issue key and summary add field=key&field=summary to the URL of your request.
For example:
https://issues.apache.org/jira/si/jira.issueviews:issue-xml/COLLECTIONS-44/COLLECTIONS-44.xml?field=key&amp;field=summary
-->
<rss version="0.92" >
<channel>
    <title>ASF JIRA</title>
    <link>https://issues.apache.org/jira</link>
    <description>This file is an XML representation of an issue</description>
    <language>en-uk</language>    <build-info>
        <version>6.3.4</version>
        <build-number>6332</build-number>
        <build-date>15-08-2014</build-date>
    </build-info>

<item>
            <title>[COLLECTIONS-44] Upgrade your version number</title>
                <link>https://issues.apache.org/jira/browse/COLLECTIONS-44</link>
                <project id="12310465" key="COLLECTIONS">Commons Collections</project>
                    <description>&lt;p&gt;Can you update your build xml to modify the component.version property.&lt;br/&gt;
It is actually setted to 2.0 and should be to 3.0 dev or 2.1 dev ??&lt;/p&gt;

&lt;p&gt;Futhermore, the Manifest file is not automatically generated from build.xml &lt;br/&gt;
properties.&lt;/p&gt;

&lt;p&gt;I attach a copy of the build.xml and the Manifest files that I modified to &lt;br/&gt;
automatically update the release number.&lt;/p&gt;

&lt;p&gt;I let you to choose which number to use in the build.xml.&lt;/p&gt;

&lt;p&gt;Here are diffs that I done from Cygwin because I can&apos;t access to the CVS &lt;br/&gt;
Repository from my office &lt;img class=&quot;emoticon&quot; src=&quot;https://issues.apache.org/jira/images/icons/emoticons/sad.gif&quot; height=&quot;16&quot; width=&quot;16&quot; align=&quot;absmiddle&quot; alt=&quot;&quot; border=&quot;0&quot;/&gt;&lt;/p&gt;

&lt;p&gt;diff MANIFEST.MF :&lt;/p&gt;

&lt;p&gt;5c5&lt;br/&gt;
&amp;lt; Implementation-Version: @version@&lt;br/&gt;
&amp;#8212;&lt;br/&gt;
&amp;gt; Implementation-Version: 2.0&lt;/p&gt;

&lt;p&gt;diff build.xml :&lt;/p&gt;

&lt;p&gt;97,99d96&lt;br/&gt;
&amp;lt;       &amp;lt;echo message=&quot;-------- $&lt;/p&gt;
{Name-Long}
&lt;p&gt; $&lt;/p&gt;
{component.version} --------&quot;/&amp;gt;&lt;br/&gt;
&amp;lt;       &amp;lt;filter  token=&quot;version&quot;               value=&quot;${component.version}
&lt;p&gt;&quot;/&amp;gt;&lt;br/&gt;
&amp;lt; &lt;br/&gt;
254,256c251&lt;br/&gt;
&amp;lt;       &amp;lt;mkdir dir=&quot;$&lt;/p&gt;
{workdir}/classes&quot;/&amp;gt;&lt;br/&gt;
&amp;lt;       &amp;lt;mkdir dir=&quot;${workdir}
&lt;p&gt;/conf&quot;/&amp;gt;      &lt;br/&gt;
&amp;lt;       &amp;lt;copy todir=&quot;$&lt;/p&gt;
{workdir}/classes&quot;&amp;gt;&lt;br/&gt;
&amp;#8212;&lt;br/&gt;
&amp;gt;       &amp;lt;copy todir=&quot;${workdir}
&lt;p&gt;&quot;&amp;gt;&lt;br/&gt;
261,263d255&lt;br/&gt;
&amp;lt;       &amp;lt;copy  todir=&quot;$&lt;/p&gt;
{workdir}/conf&quot; filtering=&quot;on&quot;&amp;gt;&lt;br/&gt;
&amp;lt;          &amp;lt;fileset dir=&quot;${source.src}/conf&quot; includes=&quot;*.MF&quot;/&amp;gt;&lt;br/&gt;
&amp;lt;       &amp;lt;/copy&amp;gt;&lt;br/&gt;
268c260&lt;br/&gt;
&amp;lt;       &amp;lt;jar jarfile=&quot;${dest.jardir.jar}&quot; &lt;br/&gt;
manifest=&quot;${workdir}
&lt;p&gt;/conf/MANIFEST.MF&quot;&amp;gt;&lt;br/&gt;
&amp;#8212;&lt;br/&gt;
&amp;gt;       &amp;lt;jar jarfile=&quot;$&lt;/p&gt;
{dest.jardir.jar}
&lt;p&gt;&quot; &lt;br/&gt;
manifest=&quot;$&lt;/p&gt;
{source.src}
&lt;p&gt;/conf/MANIFEST.MF&quot;&amp;gt;&lt;/p&gt;</description>
                <environment>&lt;p&gt;Operating System: other&lt;br/&gt;
Platform: Other&lt;/p&gt;</environment>
        <key id="12340259">COLLECTIONS-44</key>
            <summary>Upgrade your version number</summary>
                <type id="1" iconUrl="https://issues.apache.org/jira/images/icons/issuetypes/bug.png">Bug</type>
                                            <priority id="4" iconUrl="https://issues.apache.org/jira/images/icons/priorities/minor.png">Minor</priority>
                        <status id="6" iconUrl="https://issues.apache.org/jira/images/icons/statuses/closed.png" description="The issue is considered finished, the resolution is correct. Issues which are closed can be reopened.">Closed</status>
                    <statusCategory id="3" key="done" colorName="green"/>
                                    <resolution id="1">Fixed</resolution>
                                        <assignee username="-1">Unassigned</assignee>
                                    <reporter username="aheritier@sopragroup.com">Arnaud HERITIER</reporter>
                        <labels>
                    </labels>
                <created>Thu, 11 Jul 2002 21:05:25 +0000</created>
                <updated>Sat, 15 Mar 2008 21:35:58 +0000</updated>
                            <resolved>Sat, 15 Mar 2008 21:35:58 +0000</resolved>
                                    <version>Nightly Builds</version>
                                                        <due></due>
                            <votes>0</votes>
                                    <watches>0</watches>
                                                                <comments>
                            <comment id="12402738" author="scolebourne@joda.org" created="Mon, 25 Nov 2002 03:48:28 +0000"  >&lt;p&gt;version number fixed as part of 2.1 release.&lt;/p&gt;

&lt;p&gt;I&apos;m not changing Manifest.mf to be updated from build.xml. If you particularly &lt;br/&gt;
want that, please reopen the bug report.&lt;/p&gt;</comment>
                            <comment id="12402739" author="aheritier@sopragroup.com" created="Mon, 25 Nov 2002 17:07:23 +0000"  >&lt;p&gt;No problemo, if you don&apos;t forgot to update the Manifest.jar.&lt;br/&gt;
The commons collection is provided with a lot of Jakarta projects and it is not &lt;br/&gt;
very easy to see which of them uses the most recent release.&lt;/p&gt;</comment>
                    </comments>
                    <attachments>
                    </attachments>
                <subtasks>
                    </subtasks>
                <customfields>
                                                <customfield id="customfield_12310310" key="com.atlassian.jira.toolkit:attachments">
                        <customfieldname>Attachment count</customfieldname>
                        <customfieldvalues>
                            <customfieldvalue>0.0</customfieldvalue>
                        </customfieldvalues>
                    </customfield>
                                                                                                                                                                                                                                                                                                                                                                                                                                                                        <customfield id="customfield_10010" key="com.atlassian.jira.plugin.system.customfieldtypes:importid">
                        <customfieldname>Bugzilla Id</customfieldname>
                        <customfieldvalues>
                            <customfieldvalue>10686</customfieldvalue>
                        </customfieldvalues>
                    </customfield>
                                                                                            <customfield id="customfield_12310220" key="com.atlassian.jira.ext.charting:firstresponsedate">
                        <customfieldname>Date of First Response</customfieldname>
                        <customfieldvalues>
                            <customfieldvalue>Mon, 25 Nov 2002 03:48:28 +0000</customfieldvalue>

                        </customfieldvalues>
                    </customfield>
                                                                                                                                                                                                                                                                                                                                                                                                                                            <customfield id="customfield_12310420" key="com.pyxis.greenhopper.jira:gh-global-rank">
                        <customfieldname>Global Rank</customfieldname>
                        <customfieldvalues>
                            <customfieldvalue>18954</customfieldvalue>
                        </customfieldvalues>
                    </customfield>
                                                                                                                        <customfield id="customfield_12312521" key="com.atlassian.jira.toolkit:LastCommentDate">
                        <customfieldname>Last public comment date</customfieldname>
                        <customfieldvalues>
                            14 years, 1 week, 5 days ago
                        </customfieldvalues>
                    </customfield>
                                                                                            <customfield id="customfield_12311820" key="com.pyxis.greenhopper.jira:gh-lexo-rank">
                        <customfieldname>Rank</customfieldname>
                        <customfieldvalues>
                            <customfieldvalue>0|i0sjo7:</customfieldvalue>

                        </customfieldvalues>
                    </customfield>
                                                                <customfield id="customfield_12310920" key="com.pyxis.greenhopper.jira:gh-global-rank">
                        <customfieldname>Rank (Obsolete)</customfieldname>
                        <customfieldvalues>
                            <customfieldvalue>164664</customfieldvalue>
                        </customfieldvalues>
                    </customfield>
                                                                                                                                                                                                                                        <customfield id="customfield_12310222" key="com.atlassian.jira.ext.charting:timeinstatus">
                        <customfieldname>Time in Status</customfieldname>
                        <customfieldvalues>
                            
                        </customfieldvalues>
                    </customfield>
                                                                                                                        </customfields>
    </item>
</channel>
</rss>