<!-- 
RSS generated by JIRA (6.3.4#6332-sha1:51bc225ef474afe3128b2f66878477f322397b16) at Sun Nov 20 01:58:15 UTC 2016

It is possible to restrict the fields that are returned in this document by specifying the 'field' parameter in your request.
For example, to request only the issue key and summary add field=key&field=summary to the URL of your request.
For example:
https://issues.apache.org/jira/si/jira.issueviews:issue-xml/COLLECTIONS-128/COLLECTIONS-128.xml?field=key&amp;field=summary
-->
<rss version="0.92" >
<channel>
    <title>ASF JIRA</title>
    <link>https://issues.apache.org/jira</link>
    <description>This file is an XML representation of an issue</description>
    <language>en-uk</language>    <build-info>
        <version>6.3.4</version>
        <build-number>6332</build-number>
        <build-date>15-08-2014</build-date>
    </build-info>

<item>
            <title>[COLLECTIONS-128] [collections] IteratorChain - if first iterator empty, doesn&apos;t care about next ones.</title>
                <link>https://issues.apache.org/jira/browse/COLLECTIONS-128</link>
                <project id="12310465" key="COLLECTIONS">Commons Collections</project>
                    <description>&lt;p&gt;If first Iterator in IteratorChain is empty, and next ones contain some&lt;br/&gt;
elements, first call to hasNext() on IteratorChain returns false. It should&lt;br/&gt;
return true if there are elements in other Iterators.&lt;/p&gt;</description>
                <environment>&lt;p&gt;Operating System: All&lt;br/&gt;
Platform: PC&lt;/p&gt;</environment>
        <key id="12341197">COLLECTIONS-128</key>
            <summary>[collections] IteratorChain - if first iterator empty, doesn&apos;t care about next ones.</summary>
                <type id="1" iconUrl="https://issues.apache.org/jira/images/icons/issuetypes/bug.png">Bug</type>
                                            <priority id="3" iconUrl="https://issues.apache.org/jira/images/icons/priorities/major.png">Major</priority>
                        <status id="6" iconUrl="https://issues.apache.org/jira/images/icons/statuses/closed.png" description="The issue is considered finished, the resolution is correct. Issues which are closed can be reopened.">Closed</status>
                    <statusCategory id="3" key="done" colorName="green"/>
                                    <resolution id="1">Fixed</resolution>
                                        <assignee username="-1">Unassigned</assignee>
                                    <reporter username="amorfis">Pawel Stawicki</reporter>
                        <labels>
                    </labels>
                <created>Sat, 10 Jan 2004 21:27:13 +0000</created>
                <updated>Sat, 15 Mar 2008 21:36:02 +0000</updated>
                            <resolved>Fri, 14 Jul 2006 12:04:48 +0000</resolved>
                                    <version>2.1</version>
                                                        <due></due>
                            <votes>1</votes>
                                    <watches>0</watches>
                                                                <comments>
                            <comment id="12405784" author="scolebourne@joda.org" created="Sat, 10 Jan 2004 22:35:48 +0000"  >&lt;p&gt;Fixed in CVS already (duplicate report).&lt;/p&gt;</comment>
                            <comment id="12405785" author="droutsis@ebs.gr" created="Wed, 22 Sep 2004 18:04:51 +0000"  >&lt;p&gt;I think this still applies. Witness following test code:&lt;/p&gt;

&lt;p&gt;List emptyList = new ArrayList();&lt;br/&gt;
List nonEmptyList = new ArrayList();&lt;br/&gt;
nonEmptyList.add(new Object());&lt;br/&gt;
IteratorChain it = new IteratorChain(new Iterator[]&lt;br/&gt;
  &lt;/p&gt;
{emptyList.iterator(), nonEmptyList.iterator()}
&lt;p&gt;);&lt;br/&gt;
System.out.println(&quot;Next? &quot; + it.hasNext()); // prints false&lt;br/&gt;
System.out.println(&quot;Next again? &quot; + it.hasNext()); // prints true&lt;/p&gt;

&lt;p&gt;Have tried this with both 3.0 and 3.1 releases.&lt;/p&gt;</comment>
                            <comment id="12405786" author="scolebourne@joda.org" created="Thu, 23 Sep 2004 05:20:37 +0000"  >&lt;p&gt;Tested against CVS and 3.0 and could not reproduce. Suggest you check your &lt;br/&gt;
classpath for a rogue 2.1 jar file.&lt;/p&gt;

&lt;p&gt;No action taken, call closed.&lt;/p&gt;</comment>
                            <comment id="12421004" author="bayard" created="Fri, 14 Jul 2006 12:04:41 +0000"  >&lt;p&gt;Reopen/reclose to deal with migration bug.&lt;/p&gt;</comment>
                    </comments>
                    <attachments>
                    </attachments>
                <subtasks>
                    </subtasks>
                <customfields>
                                                <customfield id="customfield_12310310" key="com.atlassian.jira.toolkit:attachments">
                        <customfieldname>Attachment count</customfieldname>
                        <customfieldvalues>
                            <customfieldvalue>0.0</customfieldvalue>
                        </customfieldvalues>
                    </customfield>
                                                                                                                                                                                                                                                                                                                                                                                                                                                                        <customfield id="customfield_10010" key="com.atlassian.jira.plugin.system.customfieldtypes:importid">
                        <customfieldname>Bugzilla Id</customfieldname>
                        <customfieldvalues>
                            <customfieldvalue>26038</customfieldvalue>
                        </customfieldvalues>
                    </customfield>
                                                                                            <customfield id="customfield_12310220" key="com.atlassian.jira.ext.charting:firstresponsedate">
                        <customfieldname>Date of First Response</customfieldname>
                        <customfieldvalues>
                            <customfieldvalue>Sat, 10 Jan 2004 22:35:48 +0000</customfieldvalue>

                        </customfieldvalues>
                    </customfield>
                                                                                                                                                                                                                                                                                                                                                                                                                                            <customfield id="customfield_12310420" key="com.pyxis.greenhopper.jira:gh-global-rank">
                        <customfieldname>Global Rank</customfieldname>
                        <customfieldvalues>
                            <customfieldvalue>18870</customfieldvalue>
                        </customfieldvalues>
                    </customfield>
                                                                                                                        <customfield id="customfield_12312521" key="com.atlassian.jira.toolkit:LastCommentDate">
                        <customfieldname>Last public comment date</customfieldname>
                        <customfieldvalues>
                            10 years, 20 weeks, 1 day ago
                        </customfieldvalues>
                    </customfield>
                                                                                            <customfield id="customfield_12311820" key="com.pyxis.greenhopper.jira:gh-lexo-rank">
                        <customfieldname>Rank</customfieldname>
                        <customfieldvalues>
                            <customfieldvalue>0|i0sj5j:</customfieldvalue>

                        </customfieldvalues>
                    </customfield>
                                                                <customfield id="customfield_12310920" key="com.pyxis.greenhopper.jira:gh-global-rank">
                        <customfieldname>Rank (Obsolete)</customfieldname>
                        <customfieldvalues>
                            <customfieldvalue>164580</customfieldvalue>
                        </customfieldvalues>
                    </customfield>
                                                                                                                                                                                                                                        <customfield id="customfield_12310222" key="com.atlassian.jira.ext.charting:timeinstatus">
                        <customfieldname>Time in Status</customfieldname>
                        <customfieldvalues>
                            
                        </customfieldvalues>
                    </customfield>
                                                                                                                        </customfields>
    </item>
</channel>
</rss>