<!-- 
RSS generated by JIRA (6.3.4#6332-sha1:51bc225ef474afe3128b2f66878477f322397b16) at Sat Nov 19 23:49:48 UTC 2016

It is possible to restrict the fields that are returned in this document by specifying the 'field' parameter in your request.
For example, to request only the issue key and summary add field=key&field=summary to the URL of your request.
For example:
https://issues.apache.org/jira/si/jira.issueviews:issue-xml/COLLECTIONS-359/COLLECTIONS-359.xml?field=key&amp;field=summary
-->
<rss version="0.92" >
<channel>
    <title>ASF JIRA</title>
    <link>https://issues.apache.org/jira</link>
    <description>This file is an XML representation of an issue</description>
    <language>en-uk</language>    <build-info>
        <version>6.3.4</version>
        <build-number>6332</build-number>
        <build-date>15-08-2014</build-date>
    </build-info>

<item>
            <title>[COLLECTIONS-359] A  &#8745; B  !=  B  &#8745; A when duplicates are present in a list</title>
                <link>https://issues.apache.org/jira/browse/COLLECTIONS-359</link>
                <project id="12310465" key="COLLECTIONS">Commons Collections</project>
                    <description>&lt;p&gt;When duplicates are present in a list, ListUtils.intersection doesn&apos;t behave as expected. The intersection of two lists should give the same result regardless of which list comes first. ListUtils.intersection(A,B) should equal ListUtils.intersection(B,A).  This is not the case when the list contains duplicates.&lt;/p&gt;

&lt;p&gt;Right now:&lt;br/&gt;
 &lt;span class=&quot;error&quot;&gt;&amp;#91;a, b&amp;#93;&lt;/span&gt;  &#8745;  &lt;span class=&quot;error&quot;&gt;&amp;#91;a, a, b, b&amp;#93;&lt;/span&gt; =  &lt;span class=&quot;error&quot;&gt;&amp;#91;a, a, b, b&amp;#93;&lt;/span&gt;&lt;br/&gt;
and&lt;br/&gt;
 &lt;span class=&quot;error&quot;&gt;&amp;#91;a, a, b, b&amp;#93;&lt;/span&gt;  &#8745;  &lt;span class=&quot;error&quot;&gt;&amp;#91;a, b&amp;#93;&lt;/span&gt; =  &lt;span class=&quot;error&quot;&gt;&amp;#91;a, b&amp;#93;&lt;/span&gt;&lt;/p&gt;

&lt;p&gt;Expected behavior:&lt;/p&gt;

&lt;p&gt; &lt;span class=&quot;error&quot;&gt;&amp;#91;a, a, b, b&amp;#93;&lt;/span&gt;  &#8745;  &lt;span class=&quot;error&quot;&gt;&amp;#91;a, b&amp;#93;&lt;/span&gt; =  &lt;span class=&quot;error&quot;&gt;&amp;#91;a, b&amp;#93;&lt;/span&gt;&lt;br/&gt;
 &lt;span class=&quot;error&quot;&gt;&amp;#91;a, b&amp;#93;&lt;/span&gt;  &#8745;  &lt;span class=&quot;error&quot;&gt;&amp;#91;a, a, b, b&amp;#93;&lt;/span&gt; =  &lt;span class=&quot;error&quot;&gt;&amp;#91;a, b&amp;#93;&lt;/span&gt;&lt;/p&gt;


&lt;p&gt;Code demonstrating the problem.&lt;/p&gt;

&lt;p&gt;		List A = new ArrayList();&lt;br/&gt;
		List B = new ArrayList();&lt;br/&gt;
		A.add(&quot;a&quot;);&lt;br/&gt;
		A.add(&quot;b&quot;);&lt;br/&gt;
		B.add(&quot;a&quot;);&lt;br/&gt;
		B.add(&quot;a&quot;);&lt;br/&gt;
		B.add(&quot;b&quot;);&lt;br/&gt;
		B.add(&quot;b&quot;);&lt;br/&gt;
		System.out.println(&quot;List A: &quot; + A);&lt;br/&gt;
		System.out.println(&quot;List B: &quot; + B);&lt;br/&gt;
		System.out.println(&quot;A &#8745; B = &quot; + ListUtils.intersection(A,B));&lt;br/&gt;
		System.out.println(&quot;B &#8745; A = &quot; +ListUtils.intersection(B,A));&lt;/p&gt;

&lt;p&gt;output:&lt;/p&gt;

&lt;p&gt;List A: &lt;span class=&quot;error&quot;&gt;&amp;#91;a, b&amp;#93;&lt;/span&gt;&lt;br/&gt;
List B: &lt;span class=&quot;error&quot;&gt;&amp;#91;a, a, b, b&amp;#93;&lt;/span&gt;&lt;br/&gt;
A &#8745; B = &lt;span class=&quot;error&quot;&gt;&amp;#91;a, a, b, b&amp;#93;&lt;/span&gt;&lt;br/&gt;
B &#8745; A = &lt;span class=&quot;error&quot;&gt;&amp;#91;a, b&amp;#93;&lt;/span&gt;&lt;/p&gt;</description>
                <environment></environment>
        <key id="12468568">COLLECTIONS-359</key>
            <summary>A  &#8745; B  !=  B  &#8745; A when duplicates are present in a list</summary>
                <type id="1" iconUrl="https://issues.apache.org/jira/images/icons/issuetypes/bug.png">Bug</type>
                                            <priority id="3" iconUrl="https://issues.apache.org/jira/images/icons/priorities/major.png">Major</priority>
                        <status id="6" iconUrl="https://issues.apache.org/jira/images/icons/statuses/closed.png" description="The issue is considered finished, the resolution is correct. Issues which are closed can be reopened.">Closed</status>
                    <statusCategory id="3" key="done" colorName="green"/>
                                    <resolution id="1">Fixed</resolution>
                                        <assignee username="-1">Unassigned</assignee>
                                    <reporter username="mwshead">Mark Shead</reporter>
                        <labels>
                    </labels>
                <created>Mon, 5 Jul 2010 14:58:59 +0000</created>
                <updated>Sun, 9 Nov 2014 14:31:28 +0000</updated>
                            <resolved>Thu, 28 Feb 2013 19:37:12 +0000</resolved>
                                    <version>3.2</version>
                                    <fixVersion>4.0-alpha1</fixVersion>
                    <fixVersion>4.0</fixVersion>
                                    <component>Collection</component>
                        <due></due>
                            <votes>0</votes>
                                    <watches>1</watches>
                                                                <comments>
                            <comment id="12885264" author="mwshead" created="Mon, 5 Jul 2010 15:48:13 +0000"  >&lt;p&gt;This patch fixes the problem and adds a unit test that will fail when the problem remains.&lt;/p&gt;</comment>
                            <comment id="12889584" author="bayard" created="Sun, 18 Jul 2010 07:43:55 +0000"  >&lt;p&gt;Thanks Mark. Patch applied.&lt;/p&gt;

&lt;p&gt;svn ci -m &quot;Applying Mark Shead&apos;s patch to &lt;a href=&quot;https://issues.apache.org/jira/browse/COLLECTIONS-359&quot; title=&quot;A  &#8745; B  !=  B  &#8745; A when duplicates are present in a list&quot; class=&quot;issue-link&quot; data-issue-key=&quot;COLLECTIONS-359&quot;&gt;&lt;del&gt;COLLECTIONS-359&lt;/del&gt;&lt;/a&gt;. The intersection method was not handling duplicates correctly. &quot;&lt;br/&gt;
Sending        src/java/org/apache/commons/collections/ListUtils.java&lt;br/&gt;
Sending        src/test/org/apache/commons/collections/TestListUtils.java&lt;br/&gt;
Transmitting file data ..&lt;br/&gt;
Committed revision 965173.&lt;/p&gt;</comment>
                    </comments>
                    <attachments>
                            <attachment id="12448709" name="COLLECTIONS-359.patch" size="1714" author="mwshead" created="Mon, 5 Jul 2010 15:48:13 +0000"/>
                    </attachments>
                <subtasks>
                    </subtasks>
                <customfields>
                                                <customfield id="customfield_12310310" key="com.atlassian.jira.toolkit:attachments">
                        <customfieldname>Attachment count</customfieldname>
                        <customfieldvalues>
                            <customfieldvalue>1.0</customfieldvalue>
                        </customfieldvalues>
                    </customfield>
                                                                                                                                                                                                                                                                                                                                                                                                                                                                                                                                <customfield id="customfield_12310220" key="com.atlassian.jira.ext.charting:firstresponsedate">
                        <customfieldname>Date of First Response</customfieldname>
                        <customfieldvalues>
                            <customfieldvalue>Sun, 18 Jul 2010 07:43:55 +0000</customfieldvalue>

                        </customfieldvalues>
                    </customfield>
                                                                                                                                                                                                                                                                                                                                                                                                                                            <customfield id="customfield_12310420" key="com.pyxis.greenhopper.jira:gh-global-rank">
                        <customfieldname>Global Rank</customfieldname>
                        <customfieldvalues>
                            <customfieldvalue>18644</customfieldvalue>
                        </customfieldvalues>
                    </customfield>
                                                                                                                        <customfield id="customfield_12312521" key="com.atlassian.jira.toolkit:LastCommentDate">
                        <customfieldname>Last public comment date</customfieldname>
                        <customfieldvalues>
                            6 years, 18 weeks, 6 days ago
                        </customfieldvalues>
                    </customfield>
                                                                                            <customfield id="customfield_12311820" key="com.pyxis.greenhopper.jira:gh-lexo-rank">
                        <customfieldname>Rank</customfieldname>
                        <customfieldvalues>
                            <customfieldvalue>0|i0shyv:</customfieldvalue>

                        </customfieldvalues>
                    </customfield>
                                                                <customfield id="customfield_12310920" key="com.pyxis.greenhopper.jira:gh-global-rank">
                        <customfieldname>Rank (Obsolete)</customfieldname>
                        <customfieldvalues>
                            <customfieldvalue>164388</customfieldvalue>
                        </customfieldvalues>
                    </customfield>
                                                                                                                                                                                                                                        <customfield id="customfield_12310222" key="com.atlassian.jira.ext.charting:timeinstatus">
                        <customfieldname>Time in Status</customfieldname>
                        <customfieldvalues>
                            
                        </customfieldvalues>
                    </customfield>
                                                                                                                        </customfields>
    </item>
</channel>
</rss>