<!-- 
RSS generated by JIRA (6.3.4#6332-sha1:51bc225ef474afe3128b2f66878477f322397b16) at Sat Nov 19 23:52:18 UTC 2016

It is possible to restrict the fields that are returned in this document by specifying the 'field' parameter in your request.
For example, to request only the issue key and summary add field=key&field=summary to the URL of your request.
For example:
https://issues.apache.org/jira/si/jira.issueviews:issue-xml/COLLECTIONS-294/COLLECTIONS-294.xml?field=key&amp;field=summary
-->
<rss version="0.92" >
<channel>
    <title>ASF JIRA</title>
    <link>https://issues.apache.org/jira</link>
    <description>This file is an XML representation of an issue</description>
    <language>en-uk</language>    <build-info>
        <version>6.3.4</version>
        <build-number>6332</build-number>
        <build-date>15-08-2014</build-date>
    </build-info>

<item>
            <title>[COLLECTIONS-294] Fix case-insensitive string handling</title>
                <link>https://issues.apache.org/jira/browse/COLLECTIONS-294</link>
                <project id="12310465" key="COLLECTIONS">Commons Collections</project>
                    <description>&lt;p&gt;For example, the behavior of the &lt;tt&gt;CaseInsensitiveMap&lt;/tt&gt; is currently platform-dependent, please see &lt;a href=&quot;http://www.nabble.com/Re%3A-Common-Bugs-p14931921s177.html&quot; class=&quot;external-link&quot; rel=&quot;nofollow&quot;&gt;Common Bug #3&lt;/a&gt; for details.&lt;/p&gt;</description>
                <environment></environment>
        <key id="12394809">COLLECTIONS-294</key>
            <summary>Fix case-insensitive string handling</summary>
                <type id="1" iconUrl="https://issues.apache.org/jira/images/icons/issuetypes/bug.png">Bug</type>
                                            <priority id="3" iconUrl="https://issues.apache.org/jira/images/icons/priorities/major.png">Major</priority>
                        <status id="6" iconUrl="https://issues.apache.org/jira/images/icons/statuses/closed.png" description="The issue is considered finished, the resolution is correct. Issues which are closed can be reopened.">Closed</status>
                    <statusCategory id="3" key="done" colorName="green"/>
                                    <resolution id="1">Fixed</resolution>
                                        <assignee username="-1">Unassigned</assignee>
                                    <reporter username="bentmann">Benjamin Bentmann</reporter>
                        <labels>
                    </labels>
                <created>Fri, 25 Apr 2008 14:31:23 +0000</created>
                <updated>Sat, 7 Nov 2015 21:17:13 +0000</updated>
                            <resolved>Thu, 28 Feb 2013 19:38:34 +0000</resolved>
                                    <version>3.2</version>
                                    <fixVersion>3.2.2</fixVersion>
                    <fixVersion>4.0-alpha1</fixVersion>
                    <fixVersion>4.0</fixVersion>
                                    <component>Map</component>
                        <due></due>
                            <votes>0</votes>
                                    <watches>0</watches>
                                                                <comments>
                            <comment id="12595862" author="bayard" created="Sat, 10 May 2008 22:46:01 +0000"  >&lt;p&gt;Definitely for the ExtendedProperties, it&apos;s obviously using English as a Locale.&lt;/p&gt;

&lt;p&gt;I&apos;m less convinced by CaseInsensitiveMap. Instead it seems that either:&lt;/p&gt;

&lt;p&gt;a) It should have a Locale parameter to the constructor&lt;br/&gt;
b) It should be rewritten to be a CaseInsensitiveMap &lt;span class=&quot;error&quot;&gt;&amp;#91;ie: depend on equalsIgnoreCase&amp;#93;&lt;/span&gt;, and not a ToLowerCaseMap as it currently is.&lt;/p&gt;</comment>
                            <comment id="12595898" author="bentmann" created="Sun, 11 May 2008 09:30:58 +0000"  >&lt;p&gt;Yes, you&apos;re right, the map thing is trickier than I realized. Attached is a new patch that makes key comparisons behave as &lt;tt&gt;equalsIgnoreCase()&lt;/tt&gt; would do (watch out for the extended unit test that fails when using &lt;tt&gt;String.toLowerCase()&lt;/tt&gt; in &lt;tt&gt;convertKey()&lt;/tt&gt;).&lt;/p&gt;

&lt;p&gt;A question that pops up is whether &lt;tt&gt;CaseInsensitiveMap&lt;/tt&gt; should have been case-preserving for keys, i.e. store keys in their original case but compare case-insensitively. I mean, there seem to be two different use cases involved here:&lt;/p&gt;
&lt;ol&gt;
	&lt;li&gt;case-insentive key lookup, i.e. &lt;tt&gt;map.get(&quot;key&quot;) == map.get(&quot;KEY&quot;)&lt;/tt&gt; but possibly &lt;tt&gt;map.keySet().contains(&quot;Key&quot;)&lt;/tt&gt;&lt;/li&gt;
	&lt;li&gt;automatic key normalization to lower/upper case to provide a specific key set view&lt;/li&gt;
&lt;/ol&gt;
</comment>
                            <comment id="12609451" author="bayard" created="Tue, 1 Jul 2008 04:48:57 +0000"  >&lt;p&gt;Note: ExtendedProperties patch applied (r655204). I typo&apos;d the key in the comment so it doesn&apos;t appear here.&lt;/p&gt;</comment>
                            <comment id="12644888" author="bayard" created="Tue, 4 Nov 2008 03:58:49 +0000"  >&lt;p&gt;svn ci -m &quot;Applying Benjamin Bentmann&apos;s second patch from &lt;a href=&quot;https://issues.apache.org/jira/browse/COLLECTIONS-294&quot; title=&quot;Fix case-insensitive string handling&quot; class=&quot;issue-link&quot; data-issue-key=&quot;COLLECTIONS-294&quot;&gt;&lt;del&gt;COLLECTIONS-294&lt;/del&gt;&lt;/a&gt;, fixing the locale issue in CaseInsensitiveMap by converting each character individually and not using toLowerCase&quot; src&lt;/p&gt;

&lt;p&gt;Sending        src/java/org/apache/commons/collections/map/CaseInsensitiveMap.java&lt;br/&gt;
Sending        src/test/org/apache/commons/collections/map/TestCaseInsensitiveMap.java&lt;br/&gt;
Transmitting file data ..&lt;br/&gt;
Committed revision 711168.&lt;/p&gt;</comment>
                            <comment id="12673928" author="sebb@apache.org" created="Mon, 16 Feb 2009 16:39:07 +0000"  >&lt;p&gt;Unfortunately, Locale(String) is Java 1.4+ only, and Collections still targets 1.3.&lt;/p&gt;

&lt;p&gt;Replaced with Locale(&quot;tr&quot;,&quot;&quot;,&quot;&quot;) - which is what Java 1.4 does anyway&lt;/p&gt;

&lt;p&gt;URL: &lt;a href=&quot;http://svn.apache.org/viewvc?rev=744957&amp;amp;view=rev&quot; class=&quot;external-link&quot; rel=&quot;nofollow&quot;&gt;http://svn.apache.org/viewvc?rev=744957&amp;amp;view=rev&lt;/a&gt;&lt;br/&gt;
Log:&lt;br/&gt;
&lt;a href=&quot;https://issues.apache.org/jira/browse/COLLECTIONS-294&quot; title=&quot;Fix case-insensitive string handling&quot; class=&quot;issue-link&quot; data-issue-key=&quot;COLLECTIONS-294&quot;&gt;&lt;del&gt;COLLECTIONS-294&lt;/del&gt;&lt;/a&gt;: Replace Locale(&quot;tr&quot;) with Locale(&quot;tr&quot;,&quot;&quot;,&quot;&quot;) to be Java 1.3 compliant&lt;/p&gt;</comment>
                    </comments>
                    <attachments>
                            <attachment id="12381836" name="COLLECTIONS-294-CaseInsensitiveMap.patch" size="3334" author="bentmann" created="Sun, 11 May 2008 09:30:58 +0000"/>
                            <attachment id="12380945" name="COLLECTIONS-294.patch" size="3147" author="bentmann" created="Fri, 25 Apr 2008 14:31:46 +0000"/>
                    </attachments>
                <subtasks>
                    </subtasks>
                <customfields>
                                                <customfield id="customfield_12310310" key="com.atlassian.jira.toolkit:attachments">
                        <customfieldname>Attachment count</customfieldname>
                        <customfieldvalues>
                            <customfieldvalue>2.0</customfieldvalue>
                        </customfieldvalues>
                    </customfield>
                                                                                                                                                                                                                                                                                                                                                                                                                                                                                                                                <customfield id="customfield_12310220" key="com.atlassian.jira.ext.charting:firstresponsedate">
                        <customfieldname>Date of First Response</customfieldname>
                        <customfieldvalues>
                            <customfieldvalue>Sat, 10 May 2008 22:46:01 +0000</customfieldvalue>

                        </customfieldvalues>
                    </customfield>
                                                                                                                                                                                                                                                                                                                                                                                                                                            <customfield id="customfield_12310420" key="com.pyxis.greenhopper.jira:gh-global-rank">
                        <customfieldname>Global Rank</customfieldname>
                        <customfieldvalues>
                            <customfieldvalue>18707</customfieldvalue>
                        </customfieldvalues>
                    </customfield>
                                                                                                                        <customfield id="customfield_12312521" key="com.atlassian.jira.toolkit:LastCommentDate">
                        <customfieldname>Last public comment date</customfieldname>
                        <customfieldvalues>
                            7 years, 40 weeks, 5 days ago
                        </customfieldvalues>
                    </customfield>
                                                                                            <customfield id="customfield_12311820" key="com.pyxis.greenhopper.jira:gh-lexo-rank">
                        <customfieldname>Rank</customfieldname>
                        <customfieldvalues>
                            <customfieldvalue>0|i0si9z:</customfieldvalue>

                        </customfieldvalues>
                    </customfield>
                                                                <customfield id="customfield_12310920" key="com.pyxis.greenhopper.jira:gh-global-rank">
                        <customfieldname>Rank (Obsolete)</customfieldname>
                        <customfieldvalues>
                            <customfieldvalue>164438</customfieldvalue>
                        </customfieldvalues>
                    </customfield>
                                                                                                                                                                                                                                        <customfield id="customfield_12310222" key="com.atlassian.jira.ext.charting:timeinstatus">
                        <customfieldname>Time in Status</customfieldname>
                        <customfieldvalues>
                            
                        </customfieldvalues>
                    </customfield>
                                                                                                                        </customfields>
    </item>
</channel>
</rss>