<!-- 
RSS generated by JIRA (6.3.4#6332-sha1:51bc225ef474afe3128b2f66878477f322397b16) at Sat Nov 19 22:40:41 UTC 2016

It is possible to restrict the fields that are returned in this document by specifying the 'field' parameter in your request.
For example, to request only the issue key and summary add field=key&field=summary to the URL of your request.
For example:
https://issues.apache.org/jira/si/jira.issueviews:issue-xml/COLLECTIONS-67/COLLECTIONS-67.xml?field=key&amp;field=summary
-->
<rss version="0.92" >
<channel>
    <title>ASF JIRA</title>
    <link>https://issues.apache.org/jira</link>
    <description>This file is an XML representation of an issue</description>
    <language>en-uk</language>    <build-info>
        <version>6.3.4</version>
        <build-number>6332</build-number>
        <build-date>15-08-2014</build-date>
    </build-info>

<item>
            <title>[COLLECTIONS-67] [collections] PriorityBuffer does not implement Serializable</title>
                <link>https://issues.apache.org/jira/browse/COLLECTIONS-67</link>
                <project id="12310465" key="COLLECTIONS">Commons Collections</project>
                    <description>&lt;p&gt;The class org.apache.commons.collections.buffer.PriorityBuffer does not&lt;br/&gt;
implement java.io.Serializable&lt;/p&gt;</description>
                <environment>&lt;p&gt;Operating System: other&lt;br/&gt;
Platform: Other&lt;/p&gt;</environment>
        <key id="12342462">COLLECTIONS-67</key>
            <summary>[collections] PriorityBuffer does not implement Serializable</summary>
                <type id="1" iconUrl="https://issues.apache.org/jira/images/icons/issuetypes/bug.png">Bug</type>
                                            <priority id="4" iconUrl="https://issues.apache.org/jira/images/icons/priorities/minor.png">Minor</priority>
                        <status id="6" iconUrl="https://issues.apache.org/jira/images/icons/statuses/closed.png" description="The issue is considered finished, the resolution is correct. Issues which are closed can be reopened.">Closed</status>
                    <statusCategory id="3" key="done" colorName="green"/>
                                    <resolution id="1">Fixed</resolution>
                                        <assignee username="-1">Unassigned</assignee>
                                    <reporter username="sphelps@csc.liv.ac.uk">Steve Phelps</reporter>
                        <labels>
                    </labels>
                <created>Fri, 12 Aug 2005 23:42:06 +0000</created>
                <updated>Sat, 15 Mar 2008 21:35:59 +0000</updated>
                            <resolved>Sat, 15 Mar 2008 21:35:59 +0000</resolved>
                                    <version>3.1</version>
                                                        <due></due>
                            <votes>0</votes>
                                    <watches>0</watches>
                                                                <comments>
                            <comment id="12410084" author="sphelps@csc.liv.ac.uk" created="Fri, 12 Aug 2005 23:43:56 +0000"  >&lt;p&gt;Created an attachment (id=16019)&lt;br/&gt;
patch to make PriorityBuffer implement the Serializable interface&lt;/p&gt;

&lt;p&gt;patch in unified format to make PriorityBuffer implement the Serializable&lt;br/&gt;
interface.  The class now implements Serializable and declares a&lt;br/&gt;
serialVersionUID field.&lt;/p&gt;</comment>
                            <comment id="12410085" author="sphelps@csc.liv.ac.uk" created="Fri, 12 Aug 2005 23:45:21 +0000"  >&lt;p&gt;Created an attachment (id=16020)&lt;br/&gt;
patch to org.apache.commons.collections.TestPriorityBuffer class&lt;/p&gt;

&lt;p&gt;A new method &apos;testSerialization()&apos; has been added which tests that heaps can be&lt;br/&gt;
serialized and restored safely.&lt;/p&gt;</comment>
                            <comment id="12410086" author="scolebourne@joda.org" created="Sat, 8 Oct 2005 21:51:33 +0000"  >&lt;p&gt;Change made (your patch was backwards, removing the code, not adding it)&lt;br/&gt;
thanks&lt;/p&gt;</comment>
                    </comments>
                    <attachments>
                            <attachment id="12333706" name="ASF.LICENSE.NOT.GRANTED--PriorityBuffer.java.patch" size="858" author="sphelps@csc.liv.ac.uk" created="Fri, 12 Aug 2005 23:43:56 +0000"/>
                            <attachment id="12333707" name="ASF.LICENSE.NOT.GRANTED--TestPriorityBuffer.java.patch" size="3183" author="sphelps@csc.liv.ac.uk" created="Fri, 12 Aug 2005 23:45:21 +0000"/>
                    </attachments>
                <subtasks>
                    </subtasks>
                <customfields>
                                                <customfield id="customfield_12310310" key="com.atlassian.jira.toolkit:attachments">
                        <customfieldname>Attachment count</customfieldname>
                        <customfieldvalues>
                            <customfieldvalue>2.0</customfieldvalue>
                        </customfieldvalues>
                    </customfield>
                                                                                                                                                                                                                                                                                                                                                                                                                                                                        <customfield id="customfield_10010" key="com.atlassian.jira.plugin.system.customfieldtypes:importid">
                        <customfieldname>Bugzilla Id</customfieldname>
                        <customfieldvalues>
                            <customfieldvalue>36163</customfieldvalue>
                        </customfieldvalues>
                    </customfield>
                                                                                            <customfield id="customfield_12310220" key="com.atlassian.jira.ext.charting:firstresponsedate">
                        <customfieldname>Date of First Response</customfieldname>
                        <customfieldvalues>
                            <customfieldvalue>Sat, 8 Oct 2005 21:51:33 +0000</customfieldvalue>

                        </customfieldvalues>
                    </customfield>
                                                                                                                                                                                                                                                                                                                                                                                                                                            <customfield id="customfield_12310420" key="com.pyxis.greenhopper.jira:gh-global-rank">
                        <customfieldname>Global Rank</customfieldname>
                        <customfieldvalues>
                            <customfieldvalue>18931</customfieldvalue>
                        </customfieldvalues>
                    </customfield>
                                                                                                                        <customfield id="customfield_12312521" key="com.atlassian.jira.toolkit:LastCommentDate">
                        <customfieldname>Last public comment date</customfieldname>
                        <customfieldvalues>
                            11 years, 8 weeks ago
                        </customfieldvalues>
                    </customfield>
                                                                                            <customfield id="customfield_12311820" key="com.pyxis.greenhopper.jira:gh-lexo-rank">
                        <customfieldname>Rank</customfieldname>
                        <customfieldvalues>
                            <customfieldvalue>0|i0sjj3:</customfieldvalue>

                        </customfieldvalues>
                    </customfield>
                                                                <customfield id="customfield_12310920" key="com.pyxis.greenhopper.jira:gh-global-rank">
                        <customfieldname>Rank (Obsolete)</customfieldname>
                        <customfieldvalues>
                            <customfieldvalue>164641</customfieldvalue>
                        </customfieldvalues>
                    </customfield>
                                                                                                                                                                                                                                        <customfield id="customfield_12310222" key="com.atlassian.jira.ext.charting:timeinstatus">
                        <customfieldname>Time in Status</customfieldname>
                        <customfieldvalues>
                            
                        </customfieldvalues>
                    </customfield>
                                                                                                                        </customfields>
    </item>
</channel>
</rss>