<!-- 
RSS generated by JIRA (6.3.4#6332-sha1:51bc225ef474afe3128b2f66878477f322397b16) at Sun Nov 20 01:25:22 UTC 2016

It is possible to restrict the fields that are returned in this document by specifying the 'field' parameter in your request.
For example, to request only the issue key and summary add field=key&field=summary to the URL of your request.
For example:
https://issues.apache.org/jira/si/jira.issueviews:issue-xml/COLLECTIONS-459/COLLECTIONS-459.xml?field=key&amp;field=summary
-->
<rss version="0.92" >
<channel>
    <title>ASF JIRA</title>
    <link>https://issues.apache.org/jira</link>
    <description>This file is an XML representation of an issue</description>
    <language>en-uk</language>    <build-info>
        <version>6.3.4</version>
        <build-number>6332</build-number>
        <build-date>15-08-2014</build-date>
    </build-info>

<item>
            <title>[COLLECTIONS-459] ArrayIterator &amp; ObjectArrayIterator - do they need setters?`</title>
                <link>https://issues.apache.org/jira/browse/COLLECTIONS-459</link>
                <project id="12310465" key="COLLECTIONS">Commons Collections</project>
                    <description>&lt;p&gt;ArrayIterator &amp;amp; ObjectArrayIterator both have methods to set the array separately from the ctor.&lt;/p&gt;

&lt;p&gt;However the method does not allow the same flexibility as the ctor, as it does not allow the start or end indexes to be set.&lt;/p&gt;

&lt;p&gt;Is there really a use-case for these setters? If not, all the fields apart from index could be made final, which would make thread safety (and testing) easier.&lt;/p&gt;</description>
                <environment></environment>
        <key id="12645419">COLLECTIONS-459</key>
            <summary>ArrayIterator &amp; ObjectArrayIterator - do they need setters?`</summary>
                <type id="1" iconUrl="https://issues.apache.org/jira/images/icons/issuetypes/bug.png">Bug</type>
                                            <priority id="3" iconUrl="https://issues.apache.org/jira/images/icons/priorities/major.png">Major</priority>
                        <status id="6" iconUrl="https://issues.apache.org/jira/images/icons/statuses/closed.png" description="The issue is considered finished, the resolution is correct. Issues which are closed can be reopened.">Closed</status>
                    <statusCategory id="3" key="done" colorName="green"/>
                                    <resolution id="1">Fixed</resolution>
                                        <assignee username="-1">Unassigned</assignee>
                                    <reporter username="sebb@apache.org">Sebb</reporter>
                        <labels>
                    </labels>
                <created>Tue, 30 Apr 2013 12:15:51 +0000</created>
                <updated>Sun, 9 Nov 2014 14:31:53 +0000</updated>
                            <resolved>Tue, 18 Jun 2013 19:35:51 +0000</resolved>
                                                    <fixVersion>4.0-alpha1</fixVersion>
                    <fixVersion>4.0</fixVersion>
                                        <due></due>
                            <votes>0</votes>
                                    <watches>0</watches>
                                                                <comments>
                            <comment id="13645576" author="tn" created="Tue, 30 Apr 2013 13:43:29 +0000"  >&lt;p&gt;I would be +1 to remove the setArray method in these two classes.&lt;/p&gt;</comment>
                            <comment id="13657462" author="tn" created="Tue, 14 May 2013 20:25:46 +0000"  >&lt;p&gt;The respective *ListIterator classes seem to have been copied as they contain default constructors with the same javadoc, i.e. refer to a setArray method, although there is no such method.&lt;/p&gt;

&lt;p&gt;I am going to remove the default constructors as they render these classes useless (they act as an empty iterator that can not be changed).&lt;/p&gt;</comment>
                            <comment id="13657475" author="tn" created="Tue, 14 May 2013 20:32:03 +0000"  >&lt;p&gt;Ah stupid me, the *ListIterator classes inherit from *Iterator ...&lt;/p&gt;</comment>
                            <comment id="13657483" author="tn" created="Tue, 14 May 2013 20:35:50 +0000"  >&lt;p&gt;I still think the setArray method should go away. Maybe they have been introduced to be able to reset the iterator, but this is now already supported via the ResettableIterator interface.&lt;/p&gt;</comment>
                            <comment id="13685935" author="tn" created="Mon, 17 Jun 2013 20:26:34 +0000"  >&lt;p&gt;In r1493922, I have removed the setArray methods and the default constructors.&lt;br/&gt;
The fields have been made final if possible (apart from the actual index used for the iteration). I have kept them protected to make the access in the derived classes (ArrayListIterator, ObjectArrayListIterator) easier.&lt;/p&gt;</comment>
                            <comment id="13686064" author="sebb@apache.org" created="Mon, 17 Jun 2013 21:55:17 +0000"  >&lt;p&gt;As for &lt;a href=&quot;https://issues.apache.org/jira/browse/COLLECTIONS-455&quot; title=&quot;AbstractDualBidiMap&amp;lt;K, V&amp;gt; has several mutable protected fields&quot; class=&quot;issue-link&quot; data-issue-key=&quot;COLLECTIONS-455&quot;&gt;&lt;del&gt;COLLECTIONS-455&lt;/del&gt;&lt;/a&gt;, we should use package access where possible.&lt;/p&gt;

&lt;p&gt;If not, use getter/setter which is documented for internal use only.&lt;/p&gt;</comment>
                            <comment id="13686499" author="tn" created="Tue, 18 Jun 2013 08:32:23 +0000"  >&lt;p&gt;I started doing this, but after I had the code the retrieve the array to alter or access an element I was unhappy with the result.&lt;br/&gt;
The fields are already final, thus unmodifiable by sub-classes.&lt;/p&gt;

&lt;p&gt;Also keep in mind that iterators in general are not supposed to be thread-safe, so I do not see the point in trying to achieve something that is not necessary.&lt;/p&gt;</comment>
                            <comment id="13686559" author="sebb@apache.org" created="Tue, 18 Jun 2013 10:33:33 +0000"  >&lt;p&gt;Thread-safety is only one of the issues here - it&apos;s possible for subclasses to destroy the invariant, i.e. startIndex &amp;lt;= index &amp;lt;= endIndex.&lt;/p&gt;

&lt;p&gt;How about making the index package protected?&lt;/p&gt;

&lt;p&gt;That would at least prevent 3rd party classes from corrupting the index, and would allow it to be made private later if necessary.&lt;/p&gt;

&lt;p&gt;As for the array Object, that is less of an issue, though it would be trivial to add a get/set method to the parent class.&lt;/p&gt;</comment>
                            <comment id="13687103" author="tn" created="Tue, 18 Jun 2013 19:35:51 +0000"  >&lt;p&gt;Made the fields package private in r1494267.&lt;/p&gt;</comment>
                    </comments>
                    <attachments>
                    </attachments>
                <subtasks>
                    </subtasks>
                <customfields>
                                                <customfield id="customfield_12310310" key="com.atlassian.jira.toolkit:attachments">
                        <customfieldname>Attachment count</customfieldname>
                        <customfieldvalues>
                            <customfieldvalue>0.0</customfieldvalue>
                        </customfieldvalues>
                    </customfield>
                                                                                                                                                                                                                                                                                                                                                                                                                                                                                                                                <customfield id="customfield_12310220" key="com.atlassian.jira.ext.charting:firstresponsedate">
                        <customfieldname>Date of First Response</customfieldname>
                        <customfieldvalues>
                            <customfieldvalue>Tue, 30 Apr 2013 13:43:29 +0000</customfieldvalue>

                        </customfieldvalues>
                    </customfield>
                                                                                                                                                                                                                                                                                                                                                                                                                                            <customfield id="customfield_12310420" key="com.pyxis.greenhopper.jira:gh-global-rank">
                        <customfieldname>Global Rank</customfieldname>
                        <customfieldvalues>
                            <customfieldvalue>325781</customfieldvalue>
                        </customfieldvalues>
                    </customfield>
                                                                                                                        <customfield id="customfield_12312521" key="com.atlassian.jira.toolkit:LastCommentDate">
                        <customfieldname>Last public comment date</customfieldname>
                        <customfieldvalues>
                            3 years, 22 weeks, 4 days ago
                        </customfieldvalues>
                    </customfield>
                                                                                            <customfield id="customfield_12311820" key="com.pyxis.greenhopper.jira:gh-lexo-rank">
                        <customfieldname>Rank</customfieldname>
                        <customfieldvalues>
                            <customfieldvalue>0|i1k7dj:</customfieldvalue>

                        </customfieldvalues>
                    </customfield>
                                                                <customfield id="customfield_12310920" key="com.pyxis.greenhopper.jira:gh-global-rank">
                        <customfieldname>Rank (Obsolete)</customfieldname>
                        <customfieldvalues>
                            <customfieldvalue>326126</customfieldvalue>
                        </customfieldvalues>
                    </customfield>
                                                                                                                                                                                                                                        <customfield id="customfield_12310222" key="com.atlassian.jira.ext.charting:timeinstatus">
                        <customfieldname>Time in Status</customfieldname>
                        <customfieldvalues>
                            
                        </customfieldvalues>
                    </customfield>
                                                                                                                        </customfields>
    </item>
</channel>
</rss>