<!-- 
RSS generated by JIRA (6.3.4#6332-sha1:51bc225ef474afe3128b2f66878477f322397b16) at Sat Nov 19 22:43:09 UTC 2016

It is possible to restrict the fields that are returned in this document by specifying the 'field' parameter in your request.
For example, to request only the issue key and summary add field=key&field=summary to the URL of your request.
For example:
https://issues.apache.org/jira/si/jira.issueviews:issue-xml/COLLECTIONS-313/COLLECTIONS-313.xml?field=key&amp;field=summary
-->
<rss version="0.92" >
<channel>
    <title>ASF JIRA</title>
    <link>https://issues.apache.org/jira</link>
    <description>This file is an XML representation of an issue</description>
    <language>en-uk</language>    <build-info>
        <version>6.3.4</version>
        <build-number>6332</build-number>
        <build-date>15-08-2014</build-date>
    </build-info>

<item>
            <title>[COLLECTIONS-313] Allow Closure and CollectionUtils.forAllDo to throw Exception</title>
                <link>https://issues.apache.org/jira/browse/COLLECTIONS-313</link>
                <project id="12310465" key="COLLECTIONS">Commons Collections</project>
                    <description>&lt;p&gt;It would be nice if Closure.execute and CollectionUtils.forAllDo would be allowed to throw Exceptions as the work inside of the Closure might very well throw exceptions&lt;/p&gt;</description>
                <environment></environment>
        <key id="12413097">COLLECTIONS-313</key>
            <summary>Allow Closure and CollectionUtils.forAllDo to throw Exception</summary>
                <type id="4" iconUrl="https://issues.apache.org/jira/images/icons/issuetypes/improvement.png">Improvement</type>
                                            <priority id="3" iconUrl="https://issues.apache.org/jira/images/icons/priorities/major.png">Major</priority>
                        <status id="6" iconUrl="https://issues.apache.org/jira/images/icons/statuses/closed.png" description="The issue is considered finished, the resolution is correct. Issues which are closed can be reopened.">Closed</status>
                    <statusCategory id="3" key="done" colorName="green"/>
                                    <resolution id="1">Fixed</resolution>
                                        <assignee username="brentworden">Brent Worden</assignee>
                                    <reporter username="david@davidkarlsen.com">David J. M. Karlsen</reporter>
                        <labels>
                    </labels>
                <created>Fri, 23 Jan 2009 15:27:14 +0000</created>
                <updated>Sun, 9 Nov 2014 14:31:36 +0000</updated>
                            <resolved>Tue, 24 May 2011 18:28:50 +0000</resolved>
                                    <version>3.2</version>
                                    <fixVersion>4.0-alpha1</fixVersion>
                    <fixVersion>4.0</fixVersion>
                                    <component>Collection</component>
                        <due></due>
                            <votes>1</votes>
                                    <watches>0</watches>
                                    <timeoriginalestimate seconds="0">0h</timeoriginalestimate>
                            <timeestimate seconds="0">0h</timeestimate>
                                        <comments>
                            <comment id="12771583" author="brentworden" created="Thu, 29 Oct 2009 20:04:32 +0000"  >&lt;p&gt;In the past, I have created a closure implementation whose execute method delegates to an abstract method that allows throwing of exceptions.  The attached patch contains the implementation.  The benefit of using this closure extension is that it has no impact on the existing API and can be used in conjunction with all the existing functors.&lt;/p&gt;

&lt;p&gt;If others agree with this approach I can commit it along with some test cases.&lt;/p&gt;</comment>
                            <comment id="13038363" author="brentworden" created="Tue, 24 May 2011 02:56:05 +0000"  >&lt;p&gt;If no one objects, I will commit the patch plus test cases.&lt;/p&gt;</comment>
                            <comment id="13038702" author="brentworden" created="Tue, 24 May 2011 18:28:50 +0000"  >&lt;p&gt;r1127199.  Added abstract closure that is capable of handling thrown exceptions from closure execution.&lt;/p&gt;</comment>
                    </comments>
                <issuelinks>
                            <issuelinktype id="12310000">
                    <name>Duplicate</name>
                                                                <inwardlinks description="is duplicated by">
                                        <issuelink>
            <issuekey id="12413099">COLLECTIONS-314</issuekey>
        </issuelink>
                            </inwardlinks>
                                    </issuelinktype>
                    </issuelinks>
                <attachments>
                            <attachment id="12423610" name="collections-313.txt" size="2723" author="brentworden" created="Thu, 29 Oct 2009 20:05:47 +0000"/>
                    </attachments>
                <subtasks>
                    </subtasks>
                <customfields>
                                                <customfield id="customfield_12310310" key="com.atlassian.jira.toolkit:attachments">
                        <customfieldname>Attachment count</customfieldname>
                        <customfieldvalues>
                            <customfieldvalue>1.0</customfieldvalue>
                        </customfieldvalues>
                    </customfield>
                                                                                                                                                                                                                                                                                                                                                                                                                                                                                                                                <customfield id="customfield_12310220" key="com.atlassian.jira.ext.charting:firstresponsedate">
                        <customfieldname>Date of First Response</customfieldname>
                        <customfieldvalues>
                            <customfieldvalue>Thu, 29 Oct 2009 20:04:32 +0000</customfieldvalue>

                        </customfieldvalues>
                    </customfield>
                                                                                                                                                                                                                                                                                                                                                                                                                                            <customfield id="customfield_12310420" key="com.pyxis.greenhopper.jira:gh-global-rank">
                        <customfieldname>Global Rank</customfieldname>
                        <customfieldvalues>
                            <customfieldvalue>18688</customfieldvalue>
                        </customfieldvalues>
                    </customfield>
                                                                                                                        <customfield id="customfield_12312521" key="com.atlassian.jira.toolkit:LastCommentDate">
                        <customfieldname>Last public comment date</customfieldname>
                        <customfieldvalues>
                            5 years, 26 weeks, 4 days ago
                        </customfieldvalues>
                    </customfield>
                                                                                            <customfield id="customfield_12311820" key="com.pyxis.greenhopper.jira:gh-lexo-rank">
                        <customfieldname>Rank</customfieldname>
                        <customfieldvalues>
                            <customfieldvalue>0|i0si6v:</customfieldvalue>

                        </customfieldvalues>
                    </customfield>
                                                                <customfield id="customfield_12310920" key="com.pyxis.greenhopper.jira:gh-global-rank">
                        <customfieldname>Rank (Obsolete)</customfieldname>
                        <customfieldvalues>
                            <customfieldvalue>164424</customfieldvalue>
                        </customfieldvalues>
                    </customfield>
                                                                                                                                                                                                                                        <customfield id="customfield_12310222" key="com.atlassian.jira.ext.charting:timeinstatus">
                        <customfieldname>Time in Status</customfieldname>
                        <customfieldvalues>
                            
                        </customfieldvalues>
                    </customfield>
                                                                                                                        </customfields>
    </item>
</channel>
</rss>