<!-- 
RSS generated by JIRA (6.3.4#6332-sha1:51bc225ef474afe3128b2f66878477f322397b16) at Sat Nov 19 20:46:42 UTC 2016

It is possible to restrict the fields that are returned in this document by specifying the 'field' parameter in your request.
For example, to request only the issue key and summary add field=key&field=summary to the URL of your request.
For example:
https://issues.apache.org/jira/si/jira.issueviews:issue-xml/COLLECTIONS-443/COLLECTIONS-443.xml?field=key&amp;field=summary
-->
<rss version="0.92" >
<channel>
    <title>ASF JIRA</title>
    <link>https://issues.apache.org/jira</link>
    <description>This file is an XML representation of an issue</description>
    <language>en-uk</language>    <build-info>
        <version>6.3.4</version>
        <build-number>6332</build-number>
        <build-date>15-08-2014</build-date>
    </build-info>

<item>
            <title>[COLLECTIONS-443] Proposal for adding IndexedTreeMap to collections</title>
                <link>https://issues.apache.org/jira/browse/COLLECTIONS-443</link>
                <project id="12310465" key="COLLECTIONS">Commons Collections</project>
                    <description>&lt;p&gt;Dear developers,&lt;br/&gt;
I have written a small enhancement to JDK&apos;s TreeMap that allows to find and retrieve entries by index. The project can be found here: &lt;a href=&quot;http://code.google.com/p/indexed-tree-map/&quot; class=&quot;external-link&quot; rel=&quot;nofollow&quot;&gt;http://code.google.com/p/indexed-tree-map/&lt;/a&gt; &lt;br/&gt;
This is a very requested feature, at least on stackoverflow: &lt;br/&gt;
&lt;a href=&quot;http://stackoverflow.com/search?q=treemap+index&quot; class=&quot;external-link&quot; rel=&quot;nofollow&quot;&gt;http://stackoverflow.com/search?q=treemap+index&lt;/a&gt; &lt;br/&gt;
I though it would be nice and useful if my implementation becomes part of Apache collections. Also I could maintain these implementations in the future.&lt;/p&gt;</description>
                <environment></environment>
        <key id="12632983">COLLECTIONS-443</key>
            <summary>Proposal for adding IndexedTreeMap to collections</summary>
                <type id="4" iconUrl="https://issues.apache.org/jira/images/icons/issuetypes/improvement.png">Improvement</type>
                                            <priority id="4" iconUrl="https://issues.apache.org/jira/images/icons/priorities/minor.png">Minor</priority>
                        <status id="6" iconUrl="https://issues.apache.org/jira/images/icons/statuses/closed.png" description="The issue is considered finished, the resolution is correct. Issues which are closed can be reopened.">Closed</status>
                    <statusCategory id="3" key="done" colorName="green"/>
                                    <resolution id="3">Duplicate</resolution>
                                        <assignee username="-1">Unassigned</assignee>
                                    <reporter username="vsazanovich">Vitaly Sazanovich</reporter>
                        <labels>
                    </labels>
                <created>Tue, 19 Feb 2013 13:44:29 +0000</created>
                <updated>Fri, 27 Nov 2015 21:47:21 +0000</updated>
                            <resolved>Wed, 15 May 2013 21:06:02 +0000</resolved>
                                                    <fixVersion>4.x</fixVersion>
                                        <due></due>
                            <votes>0</votes>
                                    <watches>1</watches>
                                                                <comments>
                            <comment id="13585451" author="tn" created="Sun, 24 Feb 2013 18:26:42 +0000"  >&lt;p&gt;Hi Vitaly,&lt;/p&gt;

&lt;p&gt;thanks for your contribution. Unfortunately the code hosted on the link you provided is released under GPL, which is not compatible with Apache license.&lt;/p&gt;

&lt;p&gt;To include it into commons-collections it would be necessary that you attach the code in question to this issue and all source files with an Apache license header, or you update the license on the project hosted at googlecode.&lt;/p&gt;

&lt;p&gt;Looking at the source itself, it looks like you did start your work from the original Sun/Oracle code, which will make this even more complicated.&lt;/p&gt;

&lt;p&gt;Thomas&lt;/p&gt;</comment>
                            <comment id="13656279" author="tn" created="Mon, 13 May 2013 19:41:15 +0000"  >&lt;p&gt;Actually this is also a duplicate of &lt;a href=&quot;https://issues.apache.org/jira/browse/COLLECTIONS-181&quot; title=&quot;Provide maps with direct indexed access to the entries [PATCH]&quot; class=&quot;issue-link&quot; data-issue-key=&quot;COLLECTIONS-181&quot;&gt;COLLECTIONS-181&lt;/a&gt;.&lt;/p&gt;</comment>
                    </comments>
                <issuelinks>
                            <issuelinktype id="12310000">
                    <name>Duplicate</name>
                                            <outwardlinks description="duplicates">
                                        <issuelink>
            <issuekey id="12341957">COLLECTIONS-181</issuekey>
        </issuelink>
                            </outwardlinks>
                                                        </issuelinktype>
                    </issuelinks>
                <attachments>
                    </attachments>
                <subtasks>
                    </subtasks>
                <customfields>
                                                <customfield id="customfield_12310310" key="com.atlassian.jira.toolkit:attachments">
                        <customfieldname>Attachment count</customfieldname>
                        <customfieldvalues>
                            <customfieldvalue>0.0</customfieldvalue>
                        </customfieldvalues>
                    </customfield>
                                                                                                                                                                                                                                                                                                                                                                                                                                                                                                                                <customfield id="customfield_12310220" key="com.atlassian.jira.ext.charting:firstresponsedate">
                        <customfieldname>Date of First Response</customfieldname>
                        <customfieldvalues>
                            <customfieldvalue>Sun, 24 Feb 2013 18:26:42 +0000</customfieldvalue>

                        </customfieldvalues>
                    </customfield>
                                                                                                                                                                                                                                                                                                                                                                                                                                            <customfield id="customfield_12310420" key="com.pyxis.greenhopper.jira:gh-global-rank">
                        <customfieldname>Global Rank</customfieldname>
                        <customfieldvalues>
                            <customfieldvalue>313479</customfieldvalue>
                        </customfieldvalues>
                    </customfield>
                                                                                                                        <customfield id="customfield_12312521" key="com.atlassian.jira.toolkit:LastCommentDate">
                        <customfieldname>Last public comment date</customfieldname>
                        <customfieldvalues>
                            3 years, 27 weeks, 5 days ago
                        </customfieldvalues>
                    </customfield>
                                                                                            <customfield id="customfield_12311820" key="com.pyxis.greenhopper.jira:gh-lexo-rank">
                        <customfieldname>Rank</customfieldname>
                        <customfieldvalues>
                            <customfieldvalue>0|i1i3hj:</customfieldvalue>

                        </customfieldvalues>
                    </customfield>
                                                                <customfield id="customfield_12310920" key="com.pyxis.greenhopper.jira:gh-global-rank">
                        <customfieldname>Rank (Obsolete)</customfieldname>
                        <customfieldvalues>
                            <customfieldvalue>313824</customfieldvalue>
                        </customfieldvalues>
                    </customfield>
                                                                                                                                                                                                                                        <customfield id="customfield_12310222" key="com.atlassian.jira.ext.charting:timeinstatus">
                        <customfieldname>Time in Status</customfieldname>
                        <customfieldvalues>
                            
                        </customfieldvalues>
                    </customfield>
                                                                                                                        </customfields>
    </item>
</channel>
</rss>