<!-- 
RSS generated by JIRA (6.3.4#6332-sha1:51bc225ef474afe3128b2f66878477f322397b16) at Sat Nov 19 22:57:10 UTC 2016

It is possible to restrict the fields that are returned in this document by specifying the 'field' parameter in your request.
For example, to request only the issue key and summary add field=key&field=summary to the URL of your request.
For example:
https://issues.apache.org/jira/si/jira.issueviews:issue-xml/COLLECTIONS-56/COLLECTIONS-56.xml?field=key&amp;field=summary
-->
<rss version="0.92" >
<channel>
    <title>ASF JIRA</title>
    <link>https://issues.apache.org/jira</link>
    <description>This file is an XML representation of an issue</description>
    <language>en-uk</language>    <build-info>
        <version>6.3.4</version>
        <build-number>6332</build-number>
        <build-date>15-08-2014</build-date>
    </build-info>

<item>
            <title>[COLLECTIONS-56] NoSuchElementException in ReferenceMap views</title>
                <link>https://issues.apache.org/jira/browse/COLLECTIONS-56</link>
                <project id="12310465" key="COLLECTIONS">Commons Collections</project>
                    <description>&lt;p&gt;The keySet() and values() views for the &lt;br/&gt;
org.apache.commons.collections.map.ReferenceMap class will throw a &lt;br/&gt;
NoSuchElementException in their toArray(Object[]) methods if any keys or values &lt;br/&gt;
have been reclaimed by the garbage collector and purge() has not been invoked.  &lt;br/&gt;
The toArray(Object[]) implementation inherited from &lt;br/&gt;
java.util.AbstractCollection uses size()&lt;del&gt;based iteration rather than hasNext()&lt;/del&gt;&lt;br/&gt;
based iteration.  This is inappropriate because the size of the map can change &lt;br/&gt;
during iteration.  The problem is exacerbated by the fact that neither the &lt;br/&gt;
KeySet nor Values classes purge stale elements from the list in their size() &lt;br/&gt;
methods.&lt;/p&gt;

&lt;p&gt;The attached test case reliably reproduces this exception with Sun&apos;s 1.3.1_07 &lt;br/&gt;
and 1.4.2 Win2K Hotspot VMs.&lt;/p&gt;

&lt;p&gt;The attached diff is a proposed fix for this issue.&lt;/p&gt;</description>
                <environment>&lt;p&gt;Operating System: All&lt;br/&gt;
Platform: PC&lt;/p&gt;</environment>
        <key id="12341156">COLLECTIONS-56</key>
            <summary>NoSuchElementException in ReferenceMap views</summary>
                <type id="1" iconUrl="https://issues.apache.org/jira/images/icons/issuetypes/bug.png">Bug</type>
                                            <priority id="3" iconUrl="https://issues.apache.org/jira/images/icons/priorities/major.png">Major</priority>
                        <status id="6" iconUrl="https://issues.apache.org/jira/images/icons/statuses/closed.png" description="The issue is considered finished, the resolution is correct. Issues which are closed can be reopened.">Closed</status>
                    <statusCategory id="3" key="done" colorName="green"/>
                                    <resolution id="1">Fixed</resolution>
                                        <assignee username="-1">Unassigned</assignee>
                                    <reporter username="nullforge@hotmail.com">Joe Raysa</reporter>
                        <labels>
                    </labels>
                <created>Tue, 16 Dec 2003 08:57:53 +0000</created>
                <updated>Sat, 15 Mar 2008 21:35:59 +0000</updated>
                            <resolved>Sat, 15 Mar 2008 21:35:59 +0000</resolved>
                                    <version>Nightly Builds</version>
                                                        <due></due>
                            <votes>0</votes>
                                    <watches>0</watches>
                                                                <comments>
                            <comment id="12405656" author="nullforge@hotmail.com" created="Tue, 16 Dec 2003 08:58:55 +0000"  >&lt;p&gt;Created an attachment (id=9594)&lt;br/&gt;
Test case for this issue.&lt;/p&gt;</comment>
                            <comment id="12405657" author="nullforge@hotmail.com" created="Tue, 16 Dec 2003 08:59:45 +0000"  >&lt;p&gt;Created an attachment (id=9595)&lt;br/&gt;
Diff for proposed patch.&lt;/p&gt;</comment>
                            <comment id="12405658" author="scolebourne@joda.org" created="Mon, 29 Dec 2003 23:37:48 +0000"  >&lt;p&gt;Patch applied, good catch, thanks.&lt;/p&gt;

&lt;p&gt;I didn&apos;t apply the test case, as it may not fail in all circumstances (a &lt;br/&gt;
general problem with testing this class &lt;img class=&quot;emoticon&quot; src=&quot;https://issues.apache.org/jira/images/icons/emoticons/wink.gif&quot; height=&quot;16&quot; width=&quot;16&quot; align=&quot;absmiddle&quot; alt=&quot;&quot; border=&quot;0&quot;/&gt;&lt;/p&gt;</comment>
                    </comments>
                    <attachments>
                            <attachment id="12332658" name="ASF.LICENSE.NOT.GRANTED--ReferenceMapTest.java" size="470" author="nullforge@hotmail.com" created="Tue, 16 Dec 2003 08:58:55 +0000"/>
                            <attachment id="12332659" name="ASF.LICENSE.NOT.GRANTED--diff.txt" size="2185" author="nullforge@hotmail.com" created="Tue, 16 Dec 2003 08:59:45 +0000"/>
                    </attachments>
                <subtasks>
                    </subtasks>
                <customfields>
                                                <customfield id="customfield_12310310" key="com.atlassian.jira.toolkit:attachments">
                        <customfieldname>Attachment count</customfieldname>
                        <customfieldvalues>
                            <customfieldvalue>2.0</customfieldvalue>
                        </customfieldvalues>
                    </customfield>
                                                                                                                                                                                                                                                                                                                                                                                                                                                                        <customfield id="customfield_10010" key="com.atlassian.jira.plugin.system.customfieldtypes:importid">
                        <customfieldname>Bugzilla Id</customfieldname>
                        <customfieldvalues>
                            <customfieldvalue>25551</customfieldvalue>
                        </customfieldvalues>
                    </customfield>
                                                                                            <customfield id="customfield_12310220" key="com.atlassian.jira.ext.charting:firstresponsedate">
                        <customfieldname>Date of First Response</customfieldname>
                        <customfieldvalues>
                            <customfieldvalue>Mon, 29 Dec 2003 23:37:48 +0000</customfieldvalue>

                        </customfieldvalues>
                    </customfield>
                                                                                                                                                                                                                                                                                                                                                                                                                                            <customfield id="customfield_12310420" key="com.pyxis.greenhopper.jira:gh-global-rank">
                        <customfieldname>Global Rank</customfieldname>
                        <customfieldvalues>
                            <customfieldvalue>18942</customfieldvalue>
                        </customfieldvalues>
                    </customfield>
                                                                                                                        <customfield id="customfield_12312521" key="com.atlassian.jira.toolkit:LastCommentDate">
                        <customfieldname>Last public comment date</customfieldname>
                        <customfieldvalues>
                            12 years, 48 weeks, 4 days ago
                        </customfieldvalues>
                    </customfield>
                                                                                            <customfield id="customfield_12311820" key="com.pyxis.greenhopper.jira:gh-lexo-rank">
                        <customfieldname>Rank</customfieldname>
                        <customfieldvalues>
                            <customfieldvalue>0|i0sjlj:</customfieldvalue>

                        </customfieldvalues>
                    </customfield>
                                                                <customfield id="customfield_12310920" key="com.pyxis.greenhopper.jira:gh-global-rank">
                        <customfieldname>Rank (Obsolete)</customfieldname>
                        <customfieldvalues>
                            <customfieldvalue>164652</customfieldvalue>
                        </customfieldvalues>
                    </customfield>
                                                                                                                                                                                                                                        <customfield id="customfield_12310222" key="com.atlassian.jira.ext.charting:timeinstatus">
                        <customfieldname>Time in Status</customfieldname>
                        <customfieldvalues>
                            
                        </customfieldvalues>
                    </customfield>
                                                                                                                        </customfields>
    </item>
</channel>
</rss>