<!-- 
RSS generated by JIRA (6.3.4#6332-sha1:51bc225ef474afe3128b2f66878477f322397b16) at Sat Nov 19 22:45:34 UTC 2016

It is possible to restrict the fields that are returned in this document by specifying the 'field' parameter in your request.
For example, to request only the issue key and summary add field=key&field=summary to the URL of your request.
For example:
https://issues.apache.org/jira/si/jira.issueviews:issue-xml/COLLECTIONS-319/COLLECTIONS-319.xml?field=key&amp;field=summary
-->
<rss version="0.92" >
<channel>
    <title>ASF JIRA</title>
    <link>https://issues.apache.org/jira</link>
    <description>This file is an XML representation of an issue</description>
    <language>en-uk</language>    <build-info>
        <version>6.3.4</version>
        <build-number>6332</build-number>
        <build-date>15-08-2014</build-date>
    </build-info>

<item>
            <title>[COLLECTIONS-319] IteratorUtils.getIterator(Object obj) performs redundant null check</title>
                <link>https://issues.apache.org/jira/browse/COLLECTIONS-319</link>
                <project id="12310465" key="COLLECTIONS">Commons Collections</project>
                    <description>&lt;p&gt;IteratorUtils.getIterator(Object obj) performs redundant null check:&lt;/p&gt;

&lt;div class=&quot;code panel&quot; style=&quot;border-width: 1px;&quot;&gt;&lt;div class=&quot;codeContent panelContent&quot;&gt;
&lt;pre class=&quot;code-java&quot;&gt;        &lt;span class=&quot;code-keyword&quot;&gt;if&lt;/span&gt; (obj == &lt;span class=&quot;code-keyword&quot;&gt;null&lt;/span&gt;) {
            &lt;span class=&quot;code-keyword&quot;&gt;return&lt;/span&gt; emptyIterator();            
...
        } &lt;span class=&quot;code-keyword&quot;&gt;else&lt;/span&gt; &lt;span class=&quot;code-keyword&quot;&gt;if&lt;/span&gt; (obj != &lt;span class=&quot;code-keyword&quot;&gt;null&lt;/span&gt; &amp;amp;&amp;amp; obj.getClass().isArray()) {
            &lt;span class=&quot;code-keyword&quot;&gt;return&lt;/span&gt; &lt;span class=&quot;code-keyword&quot;&gt;new&lt;/span&gt; ArrayIterator(obj);
&lt;/pre&gt;
&lt;/div&gt;&lt;/div&gt;

&lt;p&gt;obj cannot be null at that point, so the check can be removed. &lt;br/&gt;
&lt;span class=&quot;error&quot;&gt;&amp;#91;This will also prevent a false positive in Eclipse which later says tha obj may be null&amp;#93;&lt;/span&gt;&lt;/p&gt;</description>
                <environment></environment>
        <key id="12414891">COLLECTIONS-319</key>
            <summary>IteratorUtils.getIterator(Object obj) performs redundant null check</summary>
                <type id="1" iconUrl="https://issues.apache.org/jira/images/icons/issuetypes/bug.png">Bug</type>
                                            <priority id="4" iconUrl="https://issues.apache.org/jira/images/icons/priorities/minor.png">Minor</priority>
                        <status id="6" iconUrl="https://issues.apache.org/jira/images/icons/statuses/closed.png" description="The issue is considered finished, the resolution is correct. Issues which are closed can be reopened.">Closed</status>
                    <statusCategory id="3" key="done" colorName="green"/>
                                    <resolution id="1">Fixed</resolution>
                                        <assignee username="-1">Unassigned</assignee>
                                    <reporter username="sebb@apache.org">Sebb</reporter>
                        <labels>
                    </labels>
                <created>Mon, 16 Feb 2009 19:35:08 +0000</created>
                <updated>Sun, 9 Nov 2014 14:31:53 +0000</updated>
                            <resolved>Thu, 28 Feb 2013 20:24:42 +0000</resolved>
                                                    <fixVersion>4.0-alpha1</fixVersion>
                    <fixVersion>4.0</fixVersion>
                                    <component>Collection</component>
                        <due></due>
                            <votes>0</votes>
                                    <watches>0</watches>
                                                                <comments>
                            <comment id="12701785" author="bayard" created="Thu, 23 Apr 2009 02:37:18 +0000"  >&lt;p&gt;svn ci -m &quot;Fixing unnecessary null check in IteratorUtils per &lt;a href=&quot;https://issues.apache.org/jira/browse/COLLECTIONS-319&quot; title=&quot;IteratorUtils.getIterator(Object obj) performs redundant null check&quot; class=&quot;issue-link&quot; data-issue-key=&quot;COLLECTIONS-319&quot;&gt;&lt;del&gt;COLLECTIONS-319&lt;/del&gt;&lt;/a&gt;&quot; src&lt;br/&gt;
Sending        src/java/org/apache/commons/collections/IteratorUtils.java&lt;br/&gt;
Transmitting file data .&lt;br/&gt;
Committed revision 767766.&lt;/p&gt;</comment>
                    </comments>
                    <attachments>
                    </attachments>
                <subtasks>
                    </subtasks>
                <customfields>
                                                <customfield id="customfield_12310310" key="com.atlassian.jira.toolkit:attachments">
                        <customfieldname>Attachment count</customfieldname>
                        <customfieldvalues>
                            <customfieldvalue>0.0</customfieldvalue>
                        </customfieldvalues>
                    </customfield>
                                                                                                                                                                                                                                                                                                                                                                                                                                                                                                                                <customfield id="customfield_12310220" key="com.atlassian.jira.ext.charting:firstresponsedate">
                        <customfieldname>Date of First Response</customfieldname>
                        <customfieldvalues>
                            <customfieldvalue>Thu, 23 Apr 2009 02:37:18 +0000</customfieldvalue>

                        </customfieldvalues>
                    </customfield>
                                                                                                                                                                                                                                                                                                                                                                                                                                            <customfield id="customfield_12310420" key="com.pyxis.greenhopper.jira:gh-global-rank">
                        <customfieldname>Global Rank</customfieldname>
                        <customfieldvalues>
                            <customfieldvalue>18682</customfieldvalue>
                        </customfieldvalues>
                    </customfield>
                                                                                                                        <customfield id="customfield_12312521" key="com.atlassian.jira.toolkit:LastCommentDate">
                        <customfieldname>Last public comment date</customfieldname>
                        <customfieldvalues>
                            7 years, 31 weeks, 2 days ago
                        </customfieldvalues>
                    </customfield>
                                                                                            <customfield id="customfield_12311820" key="com.pyxis.greenhopper.jira:gh-lexo-rank">
                        <customfieldname>Rank</customfieldname>
                        <customfieldvalues>
                            <customfieldvalue>0|i0si5j:</customfieldvalue>

                        </customfieldvalues>
                    </customfield>
                                                                <customfield id="customfield_12310920" key="com.pyxis.greenhopper.jira:gh-global-rank">
                        <customfieldname>Rank (Obsolete)</customfieldname>
                        <customfieldvalues>
                            <customfieldvalue>164418</customfieldvalue>
                        </customfieldvalues>
                    </customfield>
                                                                                                                                                                                                                                        <customfield id="customfield_12310222" key="com.atlassian.jira.ext.charting:timeinstatus">
                        <customfieldname>Time in Status</customfieldname>
                        <customfieldvalues>
                            
                        </customfieldvalues>
                    </customfield>
                                                                                                                        </customfields>
    </item>
</channel>
</rss>