<!-- 
RSS generated by JIRA (6.3.4#6332-sha1:51bc225ef474afe3128b2f66878477f322397b16) at Sun Nov 20 01:13:07 UTC 2016

It is possible to restrict the fields that are returned in this document by specifying the 'field' parameter in your request.
For example, to request only the issue key and summary add field=key&field=summary to the URL of your request.
For example:
https://issues.apache.org/jira/si/jira.issueviews:issue-xml/COLLECTIONS-101/COLLECTIONS-101.xml?field=key&amp;field=summary
-->
<rss version="0.92" >
<channel>
    <title>ASF JIRA</title>
    <link>https://issues.apache.org/jira</link>
    <description>This file is an XML representation of an issue</description>
    <language>en-uk</language>    <build-info>
        <version>6.3.4</version>
        <build-number>6332</build-number>
        <build-date>15-08-2014</build-date>
    </build-info>

<item>
            <title>[COLLECTIONS-101] [collections] CursorableLinkedList iteration broken with previous</title>
                <link>https://issues.apache.org/jira/browse/COLLECTIONS-101</link>
                <project id="12310465" key="COLLECTIONS">Commons Collections</project>
                    <description>&lt;p&gt;With a CursorableLinkedList, if you perform a Next, Next, Previous on an&lt;br/&gt;
iterator/cursor, then remove the last object returned by index from the list,&lt;br/&gt;
you will leave the cursor in an invalid state.&lt;/p&gt;

&lt;p&gt;You should at this point not be able to call remove/set on the iterator, but you&lt;br/&gt;
can.&lt;/p&gt;</description>
                <environment>&lt;p&gt;Operating System: All&lt;br/&gt;
Platform: All&lt;/p&gt;</environment>
        <key id="12342378">COLLECTIONS-101</key>
            <summary>[collections] CursorableLinkedList iteration broken with previous</summary>
                <type id="1" iconUrl="https://issues.apache.org/jira/images/icons/issuetypes/bug.png">Bug</type>
                                            <priority id="3" iconUrl="https://issues.apache.org/jira/images/icons/priorities/major.png">Major</priority>
                        <status id="6" iconUrl="https://issues.apache.org/jira/images/icons/statuses/closed.png" description="The issue is considered finished, the resolution is correct. Issues which are closed can be reopened.">Closed</status>
                    <statusCategory id="3" key="done" colorName="green"/>
                                    <resolution id="1">Fixed</resolution>
                                        <assignee username="-1">Unassigned</assignee>
                                    <reporter username="scolebourne@joda.org">Stephen Colebourne</reporter>
                        <labels>
                    </labels>
                <created>Sat, 16 Jul 2005 23:14:32 +0000</created>
                <updated>Sat, 15 Mar 2008 21:36:01 +0000</updated>
                            <resolved>Sat, 15 Mar 2008 21:36:01 +0000</resolved>
                                    <version>3.1</version>
                                                        <due></due>
                            <votes>0</votes>
                                    <watches>0</watches>
                                                                <comments>
                            <comment id="12409816" author="scolebourne@joda.org" created="Sat, 16 Jul 2005 23:20:50 +0000"  >&lt;p&gt;Fixed in svn rv219330&lt;/p&gt;</comment>
                    </comments>
                    <attachments>
                    </attachments>
                <subtasks>
                    </subtasks>
                <customfields>
                                                <customfield id="customfield_12310310" key="com.atlassian.jira.toolkit:attachments">
                        <customfieldname>Attachment count</customfieldname>
                        <customfieldvalues>
                            <customfieldvalue>0.0</customfieldvalue>
                        </customfieldvalues>
                    </customfield>
                                                                                                                                                                                                                                                                                                                                                                                                                                                                        <customfield id="customfield_10010" key="com.atlassian.jira.plugin.system.customfieldtypes:importid">
                        <customfieldname>Bugzilla Id</customfieldname>
                        <customfieldvalues>
                            <customfieldvalue>35766</customfieldvalue>
                        </customfieldvalues>
                    </customfield>
                                                                                                                                                                                                                                                                                                                                                                                                                                                                                                    <customfield id="customfield_12310420" key="com.pyxis.greenhopper.jira:gh-global-rank">
                        <customfieldname>Global Rank</customfieldname>
                        <customfieldvalues>
                            <customfieldvalue>18897</customfieldvalue>
                        </customfieldvalues>
                    </customfield>
                                                                                                                        <customfield id="customfield_12312521" key="com.atlassian.jira.toolkit:LastCommentDate">
                        <customfieldname>Last public comment date</customfieldname>
                        <customfieldvalues>
                            11 years, 20 weeks ago
                        </customfieldvalues>
                    </customfield>
                                                                                            <customfield id="customfield_12311820" key="com.pyxis.greenhopper.jira:gh-lexo-rank">
                        <customfieldname>Rank</customfieldname>
                        <customfieldvalues>
                            <customfieldvalue>0|i0sjbj:</customfieldvalue>

                        </customfieldvalues>
                    </customfield>
                                                                <customfield id="customfield_12310920" key="com.pyxis.greenhopper.jira:gh-global-rank">
                        <customfieldname>Rank (Obsolete)</customfieldname>
                        <customfieldvalues>
                            <customfieldvalue>164607</customfieldvalue>
                        </customfieldvalues>
                    </customfield>
                                                                                                                                                                                                                                        <customfield id="customfield_12310222" key="com.atlassian.jira.ext.charting:timeinstatus">
                        <customfieldname>Time in Status</customfieldname>
                        <customfieldvalues>
                            
                        </customfieldvalues>
                    </customfield>
                                                                                                                        </customfields>
    </item>
</channel>
</rss>