<!-- 
RSS generated by JIRA (6.3.4#6332-sha1:51bc225ef474afe3128b2f66878477f322397b16) at Sun Nov 20 02:10:00 UTC 2016

It is possible to restrict the fields that are returned in this document by specifying the 'field' parameter in your request.
For example, to request only the issue key and summary add field=key&field=summary to the URL of your request.
For example:
https://issues.apache.org/jira/si/jira.issueviews:issue-xml/COLLECTIONS-531/COLLECTIONS-531.xml?field=key&amp;field=summary
-->
<rss version="0.92" >
<channel>
    <title>ASF JIRA</title>
    <link>https://issues.apache.org/jira</link>
    <description>This file is an XML representation of an issue</description>
    <language>en-uk</language>    <build-info>
        <version>6.3.4</version>
        <build-number>6332</build-number>
        <build-date>15-08-2014</build-date>
    </build-info>

<item>
            <title>[COLLECTIONS-531] Generic Wildcards specified in CollectionUtils#isEqualCollection(Collection, Collection, Equator) may throw ClassCastException in certain cases</title>
                <link>https://issues.apache.org/jira/browse/COLLECTIONS-531</link>
                <project id="12310465" key="COLLECTIONS">Commons Collections</project>
                    <description>&lt;p&gt;CollectionUtils#isEqualCollection(Collection, Collection, Equator) is defined as&lt;/p&gt;
&lt;div class=&quot;code panel&quot; style=&quot;border-width: 1px;&quot;&gt;&lt;div class=&quot;codeContent panelContent&quot;&gt;
&lt;pre class=&quot;code-java&quot;&gt;
&lt;span class=&quot;code-keyword&quot;&gt;public&lt;/span&gt; &lt;span class=&quot;code-keyword&quot;&gt;static&lt;/span&gt; &lt;span class=&quot;code-object&quot;&gt;boolean&lt;/span&gt; isEqualCollection(&lt;span class=&quot;code-keyword&quot;&gt;final&lt;/span&gt; Collection&amp;lt;?&amp;gt; a, &lt;span class=&quot;code-keyword&quot;&gt;final&lt;/span&gt; Collection&amp;lt;?&amp;gt; b, &lt;span class=&quot;code-keyword&quot;&gt;final&lt;/span&gt; Equator&amp;lt;?&amp;gt; equator) {
...
}
&lt;/pre&gt;
&lt;/div&gt;&lt;/div&gt;

&lt;p&gt;This makes it possible to invoke it with a code like&lt;/p&gt;
&lt;div class=&quot;code panel&quot; style=&quot;border-width: 1px;&quot;&gt;&lt;div class=&quot;codeContent panelContent&quot;&gt;
&lt;pre class=&quot;code-java&quot;&gt;
&lt;span class=&quot;code-keyword&quot;&gt;public&lt;/span&gt; &lt;span class=&quot;code-keyword&quot;&gt;static&lt;/span&gt; class IntegerEquator &lt;span class=&quot;code-keyword&quot;&gt;implements&lt;/span&gt; Equator&amp;lt;&lt;span class=&quot;code-object&quot;&gt;Integer&lt;/span&gt;&amp;gt; {
        &lt;span class=&quot;code-keyword&quot;&gt;public&lt;/span&gt; &lt;span class=&quot;code-object&quot;&gt;boolean&lt;/span&gt; equate(&lt;span class=&quot;code-object&quot;&gt;Integer&lt;/span&gt; o1, &lt;span class=&quot;code-object&quot;&gt;Integer&lt;/span&gt; o2) {
            &lt;span class=&quot;code-keyword&quot;&gt;return&lt;/span&gt; o1.intValue() == o2.intValue();
        }
        &lt;span class=&quot;code-keyword&quot;&gt;public&lt;/span&gt; &lt;span class=&quot;code-object&quot;&gt;int&lt;/span&gt; hash(&lt;span class=&quot;code-object&quot;&gt;Integer&lt;/span&gt; o) {
            &lt;span class=&quot;code-keyword&quot;&gt;return&lt;/span&gt; o.intValue();
        }
    }

    @Test
    &lt;span class=&quot;code-keyword&quot;&gt;public&lt;/span&gt; void test() {
        List&amp;lt;&lt;span class=&quot;code-object&quot;&gt;Long&lt;/span&gt;&amp;gt; longList = Arrays.asList(1L, 2L);
        List&amp;lt;&lt;span class=&quot;code-object&quot;&gt;Integer&lt;/span&gt;&amp;gt; intList = Arrays.asList(1, 2);
        assertTrue(CollectionUtils.isEqualCollection(longList, intList, &lt;span class=&quot;code-keyword&quot;&gt;new&lt;/span&gt; IntegerEquator()));

    }
&lt;/pre&gt;
&lt;/div&gt;&lt;/div&gt;
&lt;p&gt;which compiles perfectly but throws a ClassCastException as Long cannot be cast to an Integer. However, the generics should be defined such that this is stopped at compile time itself.&lt;/p&gt;

&lt;p&gt;If we modify the method to something like&lt;/p&gt;
&lt;div class=&quot;code panel&quot; style=&quot;border-width: 1px;&quot;&gt;&lt;div class=&quot;codeContent panelContent&quot;&gt;
&lt;pre class=&quot;code-java&quot;&gt;
&lt;span class=&quot;code-keyword&quot;&gt;public&lt;/span&gt; &lt;span class=&quot;code-keyword&quot;&gt;static&lt;/span&gt; &amp;lt;E&amp;gt; &lt;span class=&quot;code-object&quot;&gt;boolean&lt;/span&gt; isEqualCollection(&lt;span class=&quot;code-keyword&quot;&gt;final&lt;/span&gt; Collection&amp;lt;? &lt;span class=&quot;code-keyword&quot;&gt;extends&lt;/span&gt; E&amp;gt; a, &lt;span class=&quot;code-keyword&quot;&gt;final&lt;/span&gt; Collection&amp;lt;? &lt;span class=&quot;code-keyword&quot;&gt;extends&lt;/span&gt; E&amp;gt; b, &lt;span class=&quot;code-keyword&quot;&gt;final&lt;/span&gt; Equator&amp;lt;? &lt;span class=&quot;code-keyword&quot;&gt;super&lt;/span&gt; E&amp;gt; equator) {
...
}
&lt;/pre&gt;
&lt;/div&gt;&lt;/div&gt;
&lt;p&gt;the above example would give a compile time error. imho we should modify this method with bounded wildcards. I don&apos;t think this change would break any existing binaries if the method is being used correctly, otherwise it is probably throwing ClassCastExceptions anyway.&lt;/p&gt;

&lt;p&gt;Test case attached&lt;/p&gt;</description>
                <environment></environment>
        <key id="12716766">COLLECTIONS-531</key>
            <summary>Generic Wildcards specified in CollectionUtils#isEqualCollection(Collection, Collection, Equator) may throw ClassCastException in certain cases</summary>
                <type id="1" iconUrl="https://issues.apache.org/jira/images/icons/issuetypes/bug.png">Bug</type>
                                            <priority id="4" iconUrl="https://issues.apache.org/jira/images/icons/priorities/minor.png">Minor</priority>
                        <status id="6" iconUrl="https://issues.apache.org/jira/images/icons/statuses/closed.png" description="The issue is considered finished, the resolution is correct. Issues which are closed can be reopened.">Closed</status>
                    <statusCategory id="3" key="done" colorName="green"/>
                                    <resolution id="1">Fixed</resolution>
                                        <assignee username="-1">Unassigned</assignee>
                                    <reporter username="dipanjan21">Dipanjan Laha</reporter>
                        <labels>
                    </labels>
                <created>Tue, 27 May 2014 10:13:18 +0000</created>
                <updated>Fri, 27 Nov 2015 21:11:11 +0000</updated>
                            <resolved>Thu, 29 May 2014 18:34:40 +0000</resolved>
                                    <version>4.0</version>
                                    <fixVersion>4.1</fixVersion>
                                    <component>Collection</component>
                        <due></due>
                            <votes>0</votes>
                                    <watches>1</watches>
                                                                <comments>
                            <comment id="14012671" author="tn" created="Thu, 29 May 2014 18:34:28 +0000"  >&lt;p&gt;Committed in r1598357.&lt;/p&gt;

&lt;p&gt;I have verified that the change does not break b/c and it should be fine.&lt;/p&gt;

&lt;p&gt;Additionally added a note to the javadoc that providing incompatible types, e.g. by casting, will result in a ClassCastException at runtime. This is probably a worthwhile distinction to the isEqualCollection(C, C) method which does support incompatible types (although will always return false for non-empty collections in such a case).&lt;/p&gt;

&lt;p&gt;Thanks for the report!&lt;/p&gt;</comment>
                    </comments>
                    <attachments>
                            <attachment id="12646885" name="IsEqualCollectionTest.java" size="801" author="dipanjan21" created="Tue, 27 May 2014 10:13:57 +0000"/>
                    </attachments>
                <subtasks>
                    </subtasks>
                <customfields>
                                                <customfield id="customfield_12310310" key="com.atlassian.jira.toolkit:attachments">
                        <customfieldname>Attachment count</customfieldname>
                        <customfieldvalues>
                            <customfieldvalue>1.0</customfieldvalue>
                        </customfieldvalues>
                    </customfield>
                                                                                                                                                                                                                                                                                                                                                                                                                                                                                                                                <customfield id="customfield_12310220" key="com.atlassian.jira.ext.charting:firstresponsedate">
                        <customfieldname>Date of First Response</customfieldname>
                        <customfieldvalues>
                            <customfieldvalue>Thu, 29 May 2014 18:34:28 +0000</customfieldvalue>

                        </customfieldvalues>
                    </customfield>
                                                                                                                                                                                                                                                                                                                                                                                                                                            <customfield id="customfield_12310420" key="com.pyxis.greenhopper.jira:gh-global-rank">
                        <customfieldname>Global Rank</customfieldname>
                        <customfieldvalues>
                            <customfieldvalue>394974</customfieldvalue>
                        </customfieldvalues>
                    </customfield>
                                                                                                                        <customfield id="customfield_12312521" key="com.atlassian.jira.toolkit:LastCommentDate">
                        <customfieldname>Last public comment date</customfieldname>
                        <customfieldvalues>
                            2 years, 25 weeks, 2 days ago
                        </customfieldvalues>
                    </customfield>
                                                                                            <customfield id="customfield_12311820" key="com.pyxis.greenhopper.jira:gh-lexo-rank">
                        <customfieldname>Rank</customfieldname>
                        <customfieldvalues>
                            <customfieldvalue>0|i1w06v:</customfieldvalue>

                        </customfieldvalues>
                    </customfield>
                                                                <customfield id="customfield_12310920" key="com.pyxis.greenhopper.jira:gh-global-rank">
                        <customfieldname>Rank (Obsolete)</customfieldname>
                        <customfieldvalues>
                            <customfieldvalue>395109</customfieldvalue>
                        </customfieldvalues>
                    </customfield>
                                                                                                                                                                                                                                        <customfield id="customfield_12310222" key="com.atlassian.jira.ext.charting:timeinstatus">
                        <customfieldname>Time in Status</customfieldname>
                        <customfieldvalues>
                            
                        </customfieldvalues>
                    </customfield>
                                                                                                                        </customfields>
    </item>
</channel>
</rss>