<!-- 
RSS generated by JIRA (6.3.4#6332-sha1:51bc225ef474afe3128b2f66878477f322397b16) at Sat Nov 19 22:10:08 UTC 2016

It is possible to restrict the fields that are returned in this document by specifying the 'field' parameter in your request.
For example, to request only the issue key and summary add field=key&field=summary to the URL of your request.
For example:
https://issues.apache.org/jira/si/jira.issueviews:issue-xml/COLLECTIONS-35/COLLECTIONS-35.xml?field=key&amp;field=summary
-->
<rss version="0.92" >
<channel>
    <title>ASF JIRA</title>
    <link>https://issues.apache.org/jira</link>
    <description>This file is an XML representation of an issue</description>
    <language>en-uk</language>    <build-info>
        <version>6.3.4</version>
        <build-number>6332</build-number>
        <build-date>15-08-2014</build-date>
    </build-info>

<item>
            <title>[COLLECTIONS-35] [collections] IteratorChain.hasNext() throws when chain is empty</title>
                <link>https://issues.apache.org/jira/browse/COLLECTIONS-35</link>
                <project id="12310465" key="COLLECTIONS">Commons Collections</project>
                    <description>&lt;p&gt;If added to TestIteratorChain, the following test case fails with the stack&lt;br/&gt;
trace that follows.  The exception is documented in the javadoc for&lt;br/&gt;
IteratorChain.hasNext(), but the behavior may be inconsistent with the Iterator&lt;br/&gt;
interface spec.&lt;/p&gt;

&lt;p&gt;Test case:&lt;/p&gt;

&lt;p&gt;public void testEmptyChainHasNext() &lt;/p&gt;
{
        IteratorChain chain = new IteratorChain();
        assertTrue(!chain.hasNext());      
    }

&lt;p&gt;Stack trace:&lt;/p&gt;

&lt;p&gt;&lt;span class=&quot;error&quot;&gt;&amp;#91;java&amp;#93;&lt;/span&gt; Time: 20.733&lt;br/&gt;
     &lt;span class=&quot;error&quot;&gt;&amp;#91;java&amp;#93;&lt;/span&gt; There was 1 error:&lt;br/&gt;
     &lt;span class=&quot;error&quot;&gt;&amp;#91;java&amp;#93;&lt;/span&gt; 1)&lt;br/&gt;
testEmptyChainHasNext(org.apache.commons.collections.iterators.TestIteratorChain)&lt;br/&gt;
java.lang.UnsupportedOperationException: IteratorChains must contain at least&lt;br/&gt;
one Iterator&lt;br/&gt;
     &lt;span class=&quot;error&quot;&gt;&amp;#91;java&amp;#93;&lt;/span&gt; 	at&lt;br/&gt;
org.apache.commons.collections.iterators.IteratorChain.checkChainIntegrity(IteratorChain.java:248)&lt;br/&gt;
     &lt;span class=&quot;error&quot;&gt;&amp;#91;java&amp;#93;&lt;/span&gt; 	at&lt;br/&gt;
org.apache.commons.collections.iterators.IteratorChain.lockChain(IteratorChain.java:256)&lt;br/&gt;
     &lt;span class=&quot;error&quot;&gt;&amp;#91;java&amp;#93;&lt;/span&gt; 	at&lt;br/&gt;
org.apache.commons.collections.iterators.IteratorChain.hasNext(IteratorChain.java:295)&lt;br/&gt;
     &lt;span class=&quot;error&quot;&gt;&amp;#91;java&amp;#93;&lt;/span&gt; 	at&lt;br/&gt;
org.apache.commons.collections.iterators.TestIteratorChain.testEmptyChainHasNext(TestIteratorChain.java:186)&lt;br/&gt;
     &lt;span class=&quot;error&quot;&gt;&amp;#91;java&amp;#93;&lt;/span&gt; 	at sun.reflect.NativeMethodAccessorImpl.invoke0(Native Method)&lt;br/&gt;
     &lt;span class=&quot;error&quot;&gt;&amp;#91;java&amp;#93;&lt;/span&gt; 	at&lt;br/&gt;
sun.reflect.NativeMethodAccessorImpl.invoke(NativeMethodAccessorImpl.java:39)&lt;br/&gt;
     &lt;span class=&quot;error&quot;&gt;&amp;#91;java&amp;#93;&lt;/span&gt; 	at&lt;br/&gt;
sun.reflect.DelegatingMethodAccessorImpl.invoke(DelegatingMethodAccessorImpl.java:25)&lt;/p&gt;</description>
                <environment>&lt;p&gt;Operating System: other&lt;br/&gt;
Platform: Other&lt;/p&gt;</environment>
        <key id="12341083">COLLECTIONS-35</key>
            <summary>[collections] IteratorChain.hasNext() throws when chain is empty</summary>
                <type id="1" iconUrl="https://issues.apache.org/jira/images/icons/issuetypes/bug.png">Bug</type>
                                            <priority id="3" iconUrl="https://issues.apache.org/jira/images/icons/priorities/major.png">Major</priority>
                        <status id="6" iconUrl="https://issues.apache.org/jira/images/icons/statuses/closed.png" description="The issue is considered finished, the resolution is correct. Issues which are closed can be reopened.">Closed</status>
                    <statusCategory id="3" key="done" colorName="green"/>
                                    <resolution id="1">Fixed</resolution>
                                        <assignee username="-1">Unassigned</assignee>
                                    <reporter username="phil@steitz.com">Phil Steitz</reporter>
                        <labels>
                    </labels>
                <created>Sat, 8 Nov 2003 12:22:46 +0000</created>
                <updated>Sat, 15 Mar 2008 21:35:58 +0000</updated>
                            <resolved>Fri, 14 Jul 2006 12:05:08 +0000</resolved>
                                    <version>Nightly Builds</version>
                                                        <due></due>
                            <votes>1</votes>
                                    <watches>0</watches>
                                                                <comments>
                            <comment id="12405428" author="scolebourne@joda.org" created="Tue, 30 Dec 2003 00:08:28 +0000"  >&lt;p&gt;I have enabled zero iterators in the chain.&lt;/p&gt;</comment>
                            <comment id="12421005" author="bayard" created="Fri, 14 Jul 2006 12:05:02 +0000"  >&lt;p&gt;Reopen/reclose to deal with migration bug.&lt;/p&gt;</comment>
                    </comments>
                    <attachments>
                    </attachments>
                <subtasks>
                    </subtasks>
                <customfields>
                                                <customfield id="customfield_12310310" key="com.atlassian.jira.toolkit:attachments">
                        <customfieldname>Attachment count</customfieldname>
                        <customfieldvalues>
                            <customfieldvalue>0.0</customfieldvalue>
                        </customfieldvalues>
                    </customfield>
                                                                                                                                                                                                                                                                                                                                                                                                                                                                        <customfield id="customfield_10010" key="com.atlassian.jira.plugin.system.customfieldtypes:importid">
                        <customfieldname>Bugzilla Id</customfieldname>
                        <customfieldvalues>
                            <customfieldvalue>24520</customfieldvalue>
                        </customfieldvalues>
                    </customfield>
                                                                                            <customfield id="customfield_12310220" key="com.atlassian.jira.ext.charting:firstresponsedate">
                        <customfieldname>Date of First Response</customfieldname>
                        <customfieldvalues>
                            <customfieldvalue>Tue, 30 Dec 2003 00:08:28 +0000</customfieldvalue>

                        </customfieldvalues>
                    </customfield>
                                                                                                                                                                                                                                                                                                                                                                                                                                            <customfield id="customfield_12310420" key="com.pyxis.greenhopper.jira:gh-global-rank">
                        <customfieldname>Global Rank</customfieldname>
                        <customfieldvalues>
                            <customfieldvalue>18963</customfieldvalue>
                        </customfieldvalues>
                    </customfield>
                                                                                                                        <customfield id="customfield_12312521" key="com.atlassian.jira.toolkit:LastCommentDate">
                        <customfieldname>Last public comment date</customfieldname>
                        <customfieldvalues>
                            10 years, 20 weeks, 1 day ago
                        </customfieldvalues>
                    </customfield>
                                                                                            <customfield id="customfield_12311820" key="com.pyxis.greenhopper.jira:gh-lexo-rank">
                        <customfieldname>Rank</customfieldname>
                        <customfieldvalues>
                            <customfieldvalue>0|i0sjq7:</customfieldvalue>

                        </customfieldvalues>
                    </customfield>
                                                                <customfield id="customfield_12310920" key="com.pyxis.greenhopper.jira:gh-global-rank">
                        <customfieldname>Rank (Obsolete)</customfieldname>
                        <customfieldvalues>
                            <customfieldvalue>164673</customfieldvalue>
                        </customfieldvalues>
                    </customfield>
                                                                                                                                                                                                                                        <customfield id="customfield_12310222" key="com.atlassian.jira.ext.charting:timeinstatus">
                        <customfieldname>Time in Status</customfieldname>
                        <customfieldvalues>
                            
                        </customfieldvalues>
                    </customfield>
                                                                                                                        </customfields>
    </item>
</channel>
</rss>