<!-- 
RSS generated by JIRA (6.3.4#6332-sha1:51bc225ef474afe3128b2f66878477f322397b16) at Sat Nov 19 20:43:16 UTC 2016

It is possible to restrict the fields that are returned in this document by specifying the 'field' parameter in your request.
For example, to request only the issue key and summary add field=key&field=summary to the URL of your request.
For example:
https://issues.apache.org/jira/si/jira.issueviews:issue-xml/COLLECTIONS-321/COLLECTIONS-321.xml?field=key&amp;field=summary
-->
<rss version="0.92" >
<channel>
    <title>ASF JIRA</title>
    <link>https://issues.apache.org/jira</link>
    <description>This file is an XML representation of an issue</description>
    <language>en-uk</language>    <build-info>
        <version>6.3.4</version>
        <build-number>6332</build-number>
        <build-date>15-08-2014</build-date>
    </build-info>

<item>
            <title>[COLLECTIONS-321] ComparableComparator.getInstance() not compilable with jdk-compiler</title>
                <link>https://issues.apache.org/jira/browse/COLLECTIONS-321</link>
                <project id="12310465" key="COLLECTIONS">Commons Collections</project>
                    <description>&lt;p&gt;Comparator&amp;lt;Integer&amp;gt; c = ComparableComparator.getInstance();&lt;/p&gt;

&lt;p&gt;This line is valid with eclipse (3.4) compiler, but the jdk 1.5.0 compiler returns this error:&lt;br/&gt;
    &lt;span class=&quot;error&quot;&gt;&amp;#91;javac&amp;#93;&lt;/span&gt; J:\workspace\ndt\cobolclipse-TRUNK\collections_jdk5_branch\src\java\org\apache\commons\collections\comparators\ComparableComparatorTest.java:23: incompatible types; no instance(s) of type variable(s) E exist so that org.apache.commons.collections.comparators.ComparableComparator&amp;lt;E&amp;gt; conforms to java.util.Comparator&amp;lt;java.lang.Integer&amp;gt;&lt;br/&gt;
    &lt;span class=&quot;error&quot;&gt;&amp;#91;javac&amp;#93;&lt;/span&gt; found   : &amp;lt;E&amp;gt;org.apache.commons.collections.comparators.ComparableComparator&amp;lt;E&amp;gt;&lt;br/&gt;
    &lt;span class=&quot;error&quot;&gt;&amp;#91;javac&amp;#93;&lt;/span&gt; required: java.util.Comparator&amp;lt;java.lang.Integer&amp;gt;&lt;br/&gt;
    &lt;span class=&quot;error&quot;&gt;&amp;#91;javac&amp;#93;&lt;/span&gt; 		Comparator&amp;lt;Integer&amp;gt; c = ComparableComparator.getInstance();&lt;br/&gt;
    &lt;span class=&quot;error&quot;&gt;&amp;#91;javac&amp;#93;&lt;/span&gt;                                                                         ^&lt;br/&gt;
    &lt;span class=&quot;error&quot;&gt;&amp;#91;javac&amp;#93;&lt;/span&gt; 1 error&lt;/p&gt;</description>
                <environment></environment>
        <key id="12415464">COLLECTIONS-321</key>
            <summary>ComparableComparator.getInstance() not compilable with jdk-compiler</summary>
                <type id="1" iconUrl="https://issues.apache.org/jira/images/icons/issuetypes/bug.png">Bug</type>
                                            <priority id="3" iconUrl="https://issues.apache.org/jira/images/icons/priorities/major.png">Major</priority>
                        <status id="6" iconUrl="https://issues.apache.org/jira/images/icons/statuses/closed.png" description="The issue is considered finished, the resolution is correct. Issues which are closed can be reopened.">Closed</status>
                    <statusCategory id="3" key="done" colorName="green"/>
                                    <resolution id="1">Fixed</resolution>
                                        <assignee username="-1">Unassigned</assignee>
                                    <reporter username="daniel.golesny">Daniel Golesny</reporter>
                        <labels>
                    </labels>
                <created>Tue, 24 Feb 2009 11:10:08 +0000</created>
                <updated>Sun, 9 Nov 2014 14:31:36 +0000</updated>
                            <resolved>Thu, 28 Feb 2013 20:24:53 +0000</resolved>
                                                    <fixVersion>4.0-alpha1</fixVersion>
                    <fixVersion>4.0</fixVersion>
                                    <component>Comparator</component>
                        <due></due>
                            <votes>0</votes>
                                    <watches>1</watches>
                                                                <comments>
                            <comment id="12754192" author="mbenson" created="Fri, 11 Sep 2009 16:14:54 +0000"  >&lt;p&gt;In the generics branch you&apos;d use &lt;tt&gt;ComparableComparator.&amp;lt;Integer&amp;gt; getInstance()&lt;/tt&gt;.  svn rev 738956&lt;/p&gt;</comment>
                    </comments>
                    <attachments>
                    </attachments>
                <subtasks>
                    </subtasks>
                <customfields>
                                                <customfield id="customfield_12310310" key="com.atlassian.jira.toolkit:attachments">
                        <customfieldname>Attachment count</customfieldname>
                        <customfieldvalues>
                            <customfieldvalue>0.0</customfieldvalue>
                        </customfieldvalues>
                    </customfield>
                                                                                                                                                                                                                                                                                                                                                                                                                                                                                                                                <customfield id="customfield_12310220" key="com.atlassian.jira.ext.charting:firstresponsedate">
                        <customfieldname>Date of First Response</customfieldname>
                        <customfieldvalues>
                            <customfieldvalue>Fri, 11 Sep 2009 16:14:54 +0000</customfieldvalue>

                        </customfieldvalues>
                    </customfield>
                                                                                                                                                                                                                                                                                                                                                                                                                                            <customfield id="customfield_12310420" key="com.pyxis.greenhopper.jira:gh-global-rank">
                        <customfieldname>Global Rank</customfieldname>
                        <customfieldvalues>
                            <customfieldvalue>18680</customfieldvalue>
                        </customfieldvalues>
                    </customfield>
                                                                                                                        <customfield id="customfield_12312521" key="com.atlassian.jira.toolkit:LastCommentDate">
                        <customfieldname>Last public comment date</customfieldname>
                        <customfieldvalues>
                            7 years, 11 weeks, 1 day ago
                        </customfieldvalues>
                    </customfield>
                                                                                            <customfield id="customfield_12311820" key="com.pyxis.greenhopper.jira:gh-lexo-rank">
                        <customfieldname>Rank</customfieldname>
                        <customfieldvalues>
                            <customfieldvalue>0|i0si53:</customfieldvalue>

                        </customfieldvalues>
                    </customfield>
                                                                <customfield id="customfield_12310920" key="com.pyxis.greenhopper.jira:gh-global-rank">
                        <customfieldname>Rank (Obsolete)</customfieldname>
                        <customfieldvalues>
                            <customfieldvalue>164416</customfieldvalue>
                        </customfieldvalues>
                    </customfield>
                                                                                                                                                                                                                                        <customfield id="customfield_12310222" key="com.atlassian.jira.ext.charting:timeinstatus">
                        <customfieldname>Time in Status</customfieldname>
                        <customfieldvalues>
                            
                        </customfieldvalues>
                    </customfield>
                                                                                                                        </customfields>
    </item>
</channel>
</rss>