<!-- 
RSS generated by JIRA (6.3.4#6332-sha1:51bc225ef474afe3128b2f66878477f322397b16) at Sun Nov 20 01:24:39 UTC 2016

It is possible to restrict the fields that are returned in this document by specifying the 'field' parameter in your request.
For example, to request only the issue key and summary add field=key&field=summary to the URL of your request.
For example:
https://issues.apache.org/jira/si/jira.issueviews:issue-xml/COLLECTIONS-1/COLLECTIONS-1.xml?field=key&amp;field=summary
-->
<rss version="0.92" >
<channel>
    <title>ASF JIRA</title>
    <link>https://issues.apache.org/jira</link>
    <description>This file is an XML representation of an issue</description>
    <language>en-uk</language>    <build-info>
        <version>6.3.4</version>
        <build-number>6332</build-number>
        <build-date>15-08-2014</build-date>
    </build-info>

<item>
            <title>[COLLECTIONS-1] [collections] Collections Javadoc warnings with JDK 1.4.2</title>
                <link>https://issues.apache.org/jira/browse/COLLECTIONS-1</link>
                <project id="12310465" key="COLLECTIONS">Commons Collections</project>
                    <description>&lt;p&gt;Numerous javadoc warnings when doing &quot;ant dist&quot; target under JDK 1.4.2.  Partial&lt;br/&gt;
patch to follow&lt;/p&gt;</description>
                <environment>&lt;p&gt;Operating System: All&lt;br/&gt;
Platform: All&lt;/p&gt;</environment>
        <key id="12341022">COLLECTIONS-1</key>
            <summary>[collections] Collections Javadoc warnings with JDK 1.4.2</summary>
                <type id="1" iconUrl="https://issues.apache.org/jira/images/icons/issuetypes/bug.png">Bug</type>
                                            <priority id="3" iconUrl="https://issues.apache.org/jira/images/icons/priorities/major.png">Major</priority>
                        <status id="6" iconUrl="https://issues.apache.org/jira/images/icons/statuses/closed.png" description="The issue is considered finished, the resolution is correct. Issues which are closed can be reopened.">Closed</status>
                    <statusCategory id="3" key="done" colorName="green"/>
                                    <resolution id="1">Fixed</resolution>
                                        <assignee username="-1">Unassigned</assignee>
                                    <reporter username="eric@tibco.com">Eric Johnson</reporter>
                        <labels>
                    </labels>
                <created>Thu, 9 Oct 2003 00:57:37 +0000</created>
                <updated>Fri, 14 Jul 2006 05:48:22 +0000</updated>
                            <resolved>Fri, 14 Jul 2006 05:48:22 +0000</resolved>
                                    <version>Nightly Builds</version>
                                    <fixVersion>3.0</fixVersion>
                                        <due></due>
                            <votes>0</votes>
                                    <watches>0</watches>
                                                                <comments>
                            <comment id="12405236" author="eric@tibco.com" created="Thu, 9 Oct 2003 01:04:02 +0000"  >&lt;p&gt;Created an attachment (id=8495)&lt;br/&gt;
Fix JDK 1.4.2 Javadoc errors for API classes.&lt;/p&gt;</comment>
                            <comment id="12405237" author="scolebourne@joda.org" created="Fri, 10 Oct 2003 04:03:44 +0000"  >&lt;p&gt;Patch applied, thanks.&lt;br/&gt;
I made a few minor changes, so I hope that I didn&apos;t break anything again &lt;img class=&quot;emoticon&quot; src=&quot;https://issues.apache.org/jira/images/icons/emoticons/wink.gif&quot; height=&quot;16&quot; width=&quot;16&quot; align=&quot;absmiddle&quot; alt=&quot;&quot; border=&quot;0&quot;/&gt;&lt;/p&gt;</comment>
                            <comment id="12405238" author="eric@tibco.com" created="Fri, 10 Oct 2003 20:47:55 +0000"  >&lt;p&gt;Thanks for applying (most of) my first patch!&lt;/p&gt;

&lt;p&gt;I&apos;ve got two patches to follow.  The first one notes the remaining issues with&lt;br/&gt;
the collection classes themselves, and the second will be for the test classes.&lt;/p&gt;</comment>
                            <comment id="12405239" author="eric@tibco.com" created="Fri, 10 Oct 2003 20:48:54 +0000"  >&lt;p&gt;Created an attachment (id=8522)&lt;br/&gt;
Additional Javadoc issues.&lt;/p&gt;</comment>
                            <comment id="12405240" author="eric@tibco.com" created="Fri, 10 Oct 2003 20:56:00 +0000"  >&lt;p&gt;Comments about previous patch:&lt;/p&gt;

&lt;p&gt;1) I changed CommonsLinkedList to &quot;public&quot;, if only because it is extended by&lt;br/&gt;
NodeCachingLinkedList which is public. Via protected functions,&lt;br/&gt;
NodeCachingLinkedList references protected functions of it CommonsLinkedList. &lt;br/&gt;
For consistency, either those functions on NodeCachingLinkedList should be&lt;br/&gt;
private, or CommonsLinkedList should be public.  In my ignorance of the details&lt;br/&gt;
and history, I thought more transparency was better, and opted for the &quot;public&quot;&lt;br/&gt;
change.&lt;/p&gt;

&lt;p&gt;2) In several files, I added an import, where the import serves only to block&lt;br/&gt;
warnings by javadoc, and is not needed by the code itself.  The alternative&lt;br/&gt;
would be to fully qualify all the references to StandardModificationHandler in&lt;br/&gt;
the comments, but I thought this change more concise.&lt;/p&gt;

&lt;p&gt;Thanks for considering these additional changes.&lt;/p&gt;</comment>
                            <comment id="12405241" author="eric@tibco.com" created="Fri, 10 Oct 2003 21:56:18 +0000"  >&lt;p&gt;Created an attachment (id=8525)&lt;br/&gt;
Javadoc issues with test framework&lt;/p&gt;</comment>
                            <comment id="12405242" author="scolebourne@joda.org" created="Sat, 11 Oct 2003 04:29:55 +0000"  >&lt;p&gt;Patches applied.&lt;/p&gt;

&lt;p&gt;I can&apos;t make CommonsLinkedList public until it has a test case, so I have to &lt;br/&gt;
take the javadoc issues instead.&lt;/p&gt;

&lt;p&gt;I prefer the imports to not throw up &apos;unused import&apos; in Eclipse, so I&apos;m leaving &lt;br/&gt;
the StandardModificationHandler in the javadoc even though its long. With the &lt;br/&gt;
iterators I got around this by directly referencing the iterator in code.&lt;/p&gt;

&lt;p&gt;Thanks&lt;/p&gt;</comment>
                            <comment id="12405243" author="eric@tibco.com" created="Mon, 13 Oct 2003 23:00:02 +0000"  >&lt;p&gt;Created an attachment (id=8557)&lt;br/&gt;
Last cleanups for StandardModificationHandler - no import change&lt;/p&gt;</comment>
                            <comment id="12405244" author="eric@tibco.com" created="Mon, 13 Oct 2003 23:00:48 +0000"  >&lt;p&gt;Attached patch with last issues related to StandardModificationHandler.&lt;/p&gt;

&lt;p&gt;Thanks for applying previous patches.&lt;/p&gt;</comment>
                            <comment id="12405245" author="scolebourne@joda.org" created="Tue, 14 Oct 2003 04:32:37 +0000"  >&lt;p&gt;Patch applied, thanks.&lt;/p&gt;</comment>
                            <comment id="12405246" author="eric@tibco.com" created="Tue, 14 Oct 2003 21:03:45 +0000"  >&lt;p&gt;Cool.&lt;/p&gt;</comment>
                            <comment id="12405247" author="dennisl@apache.org" created="Thu, 28 Jul 2005 20:01:48 +0000"  >&lt;p&gt;This issue has been fixed and commit. Shouldn&apos;t it be closed in bugzilla?&lt;/p&gt;</comment>
                    </comments>
                    <attachments>
                            <attachment id="12332571" name="ASF.LICENSE.NOT.GRANTED--javadoc.patch" size="7729" author="eric@tibco.com" created="Fri, 10 Oct 2003 20:48:54 +0000"/>
                            <attachment id="12332570" name="ASF.LICENSE.NOT.GRANTED--javadoc.patch" size="42995" author="eric@tibco.com" created="Thu, 9 Oct 2003 01:04:02 +0000"/>
                            <attachment id="12332573" name="ASF.LICENSE.NOT.GRANTED--lastjavadocpatch.patch" size="9197" author="eric@tibco.com" created="Mon, 13 Oct 2003 23:00:02 +0000"/>
                            <attachment id="12332572" name="ASF.LICENSE.NOT.GRANTED--test-javadoc.patch" size="14142" author="eric@tibco.com" created="Fri, 10 Oct 2003 21:56:18 +0000"/>
                    </attachments>
                <subtasks>
                    </subtasks>
                <customfields>
                                                <customfield id="customfield_12310310" key="com.atlassian.jira.toolkit:attachments">
                        <customfieldname>Attachment count</customfieldname>
                        <customfieldvalues>
                            <customfieldvalue>4.0</customfieldvalue>
                        </customfieldvalues>
                    </customfield>
                                                                                                                                                                                                                                                                                                                                                                                                                                                                        <customfield id="customfield_10010" key="com.atlassian.jira.plugin.system.customfieldtypes:importid">
                        <customfieldname>Bugzilla Id</customfieldname>
                        <customfieldvalues>
                            <customfieldvalue>23680</customfieldvalue>
                        </customfieldvalues>
                    </customfield>
                                                                                            <customfield id="customfield_12310220" key="com.atlassian.jira.ext.charting:firstresponsedate">
                        <customfieldname>Date of First Response</customfieldname>
                        <customfieldvalues>
                            <customfieldvalue>Fri, 10 Oct 2003 04:03:44 +0000</customfieldvalue>

                        </customfieldvalues>
                    </customfield>
                                                                                                                                                                                                                                                                                                                                                                                                                                            <customfield id="customfield_12310420" key="com.pyxis.greenhopper.jira:gh-global-rank">
                        <customfieldname>Global Rank</customfieldname>
                        <customfieldvalues>
                            <customfieldvalue>18997</customfieldvalue>
                        </customfieldvalues>
                    </customfield>
                                                                                                                        <customfield id="customfield_12312521" key="com.atlassian.jira.toolkit:LastCommentDate">
                        <customfieldname>Last public comment date</customfieldname>
                        <customfieldvalues>
                            11 years, 18 weeks, 2 days ago
                        </customfieldvalues>
                    </customfield>
                                                                                            <customfield id="customfield_12311820" key="com.pyxis.greenhopper.jira:gh-lexo-rank">
                        <customfieldname>Rank</customfieldname>
                        <customfieldvalues>
                            <customfieldvalue>0|i0sjxr:</customfieldvalue>

                        </customfieldvalues>
                    </customfield>
                                                                <customfield id="customfield_12310920" key="com.pyxis.greenhopper.jira:gh-global-rank">
                        <customfieldname>Rank (Obsolete)</customfieldname>
                        <customfieldvalues>
                            <customfieldvalue>164707</customfieldvalue>
                        </customfieldvalues>
                    </customfield>
                                                                                                                                                                                                                                                                                                                            </customfields>
    </item>
</channel>
</rss>