<!-- 
RSS generated by JIRA (6.3.4#6332-sha1:51bc225ef474afe3128b2f66878477f322397b16) at Sat Nov 19 23:05:11 UTC 2016

It is possible to restrict the fields that are returned in this document by specifying the 'field' parameter in your request.
For example, to request only the issue key and summary add field=key&field=summary to the URL of your request.
For example:
https://issues.apache.org/jira/si/jira.issueviews:issue-xml/COLLECTIONS-34/COLLECTIONS-34.xml?field=key&amp;field=summary
-->
<rss version="0.92" >
<channel>
    <title>ASF JIRA</title>
    <link>https://issues.apache.org/jira</link>
    <description>This file is an XML representation of an issue</description>
    <language>en-uk</language>    <build-info>
        <version>6.3.4</version>
        <build-number>6332</build-number>
        <build-date>15-08-2014</build-date>
    </build-info>

<item>
            <title>[COLLECTIONS-34] Collections doesn&apos;t build with jdk1.2 javac</title>
                <link>https://issues.apache.org/jira/browse/COLLECTIONS-34</link>
                <project id="12310465" key="COLLECTIONS">Commons Collections</project>
                    <description>&lt;p&gt;Hi,&lt;/p&gt;

&lt;p&gt;Just tried building jakarta-commons/collections from CVS (12/5), and it doesn&apos;t&lt;br/&gt;
compile with Sun&apos;s &apos;javac&apos; for linux:&lt;/p&gt;

&lt;p&gt;$ java -version&lt;br/&gt;
java version &quot;1.2.2&quot;&lt;br/&gt;
Classic VM (build JDK-1.2.2_007, green threads, nojit)&lt;/p&gt;

&lt;p&gt;$ ant clean ; ant&lt;br/&gt;
....&lt;br/&gt;
build-java:&lt;br/&gt;
    &lt;span class=&quot;error&quot;&gt;&amp;#91;mkdir&amp;#93;&lt;/span&gt; Created dir:&lt;br/&gt;
/home/jeff/apache/jakarta/jakarta-commons/collections/dist/classes&lt;br/&gt;
    &lt;span class=&quot;error&quot;&gt;&amp;#91;javac&amp;#93;&lt;/span&gt; Compiling 26 source files to&lt;br/&gt;
/home/jeff/apache/jakarta/jakarta-commons/collections/dist/classes&lt;br/&gt;
    &lt;span class=&quot;error&quot;&gt;&amp;#91;javac&amp;#93;&lt;/span&gt;&lt;br/&gt;
/home/jeff/apache/jakarta/jakarta-commons/collections/src/java/org/apache/commons/collections/FastTreeMap.java:325:&lt;br/&gt;
Inner type Entry in class java.util.TreeMap not accessible from class&lt;br/&gt;
org.apache.commons.collections.FastTreeMap.&lt;br/&gt;
    &lt;span class=&quot;error&quot;&gt;&amp;#91;javac&amp;#93;&lt;/span&gt;                 Entry e = (Entry) i.next();&lt;br/&gt;
    &lt;span class=&quot;error&quot;&gt;&amp;#91;javac&amp;#93;&lt;/span&gt;                 ^&lt;br/&gt;
    &lt;span class=&quot;error&quot;&gt;&amp;#91;javac&amp;#93;&lt;/span&gt;&lt;br/&gt;
....&lt;br/&gt;
BUILD FAILED&lt;/p&gt;


&lt;p&gt;However, it &lt;b&gt;does&lt;/b&gt; work if I set build.compiler=jikes. It also works if I use&lt;br/&gt;
jdk1.3 &apos;javac&apos;. Possibly a bug in javac?&lt;/p&gt;

&lt;p&gt;Anyway, just thought I&apos;d bring this to people&apos;s attention, as the STATUS.html&lt;br/&gt;
file states it needs &quot;JDK1.2 or later&quot;.&lt;/p&gt;

&lt;p&gt;thanks,&lt;/p&gt;

&lt;p&gt;--Jeff&lt;/p&gt;</description>
                <environment>&lt;p&gt;Operating System: Linux&lt;br/&gt;
Platform: PC&lt;/p&gt;</environment>
        <key id="12340154">COLLECTIONS-34</key>
            <summary>Collections doesn&apos;t build with jdk1.2 javac</summary>
                <type id="1" iconUrl="https://issues.apache.org/jira/images/icons/issuetypes/bug.png">Bug</type>
                                            <priority id="3" iconUrl="https://issues.apache.org/jira/images/icons/priorities/major.png">Major</priority>
                        <status id="6" iconUrl="https://issues.apache.org/jira/images/icons/statuses/closed.png" description="The issue is considered finished, the resolution is correct. Issues which are closed can be reopened.">Closed</status>
                    <statusCategory id="3" key="done" colorName="green"/>
                                    <resolution id="1">Fixed</resolution>
                                        <assignee username="-1">Unassigned</assignee>
                                    <reporter username="jeff@socialchange.net.au">Jeff Turner</reporter>
                        <labels>
                    </labels>
                <created>Sat, 12 May 2001 05:46:31 +0000</created>
                <updated>Sat, 15 Mar 2008 21:35:58 +0000</updated>
                            <resolved>Sat, 15 Mar 2008 21:35:58 +0000</resolved>
                                    <version>Nightly Builds</version>
                                                        <due></due>
                            <votes>0</votes>
                                    <watches>0</watches>
                                                                <comments>
                            <comment id="12402485" author="rwaldhoff@apache.org" created="Fri, 18 May 2001 00:20:27 +0000"  >&lt;p&gt;I&apos;m pretty sure this is fixed as of May 17th 2001, with version 1.3 of &lt;br/&gt;
FastHashMap and FastTreeMap, but I don&apos;t have a Linux/JDK 1.2.2 environment to &lt;br/&gt;
test it on. - rw&lt;/p&gt;</comment>
                    </comments>
                    <attachments>
                    </attachments>
                <subtasks>
                    </subtasks>
                <customfields>
                                                <customfield id="customfield_12310310" key="com.atlassian.jira.toolkit:attachments">
                        <customfieldname>Attachment count</customfieldname>
                        <customfieldvalues>
                            <customfieldvalue>0.0</customfieldvalue>
                        </customfieldvalues>
                    </customfield>
                                                                                                                                                                                                                                                                                                                                                                                                                                                                        <customfield id="customfield_10010" key="com.atlassian.jira.plugin.system.customfieldtypes:importid">
                        <customfieldname>Bugzilla Id</customfieldname>
                        <customfieldvalues>
                            <customfieldvalue>1729</customfieldvalue>
                        </customfieldvalues>
                    </customfield>
                                                                                            <customfield id="customfield_12310220" key="com.atlassian.jira.ext.charting:firstresponsedate">
                        <customfieldname>Date of First Response</customfieldname>
                        <customfieldvalues>
                            <customfieldvalue>Fri, 18 May 2001 00:20:27 +0000</customfieldvalue>

                        </customfieldvalues>
                    </customfield>
                                                                                                                                                                                                                                                                                                                                                                                                                                            <customfield id="customfield_12310420" key="com.pyxis.greenhopper.jira:gh-global-rank">
                        <customfieldname>Global Rank</customfieldname>
                        <customfieldvalues>
                            <customfieldvalue>18964</customfieldvalue>
                        </customfieldvalues>
                    </customfield>
                                                                                                                        <customfield id="customfield_12312521" key="com.atlassian.jira.toolkit:LastCommentDate">
                        <customfieldname>Last public comment date</customfieldname>
                        <customfieldvalues>
                            15 years, 29 weeks, 1 day ago
                        </customfieldvalues>
                    </customfield>
                                                                                            <customfield id="customfield_12311820" key="com.pyxis.greenhopper.jira:gh-lexo-rank">
                        <customfieldname>Rank</customfieldname>
                        <customfieldvalues>
                            <customfieldvalue>0|i0sjqf:</customfieldvalue>

                        </customfieldvalues>
                    </customfield>
                                                                <customfield id="customfield_12310920" key="com.pyxis.greenhopper.jira:gh-global-rank">
                        <customfieldname>Rank (Obsolete)</customfieldname>
                        <customfieldvalues>
                            <customfieldvalue>164674</customfieldvalue>
                        </customfieldvalues>
                    </customfield>
                                                                                                                                                                                                                                        <customfield id="customfield_12310222" key="com.atlassian.jira.ext.charting:timeinstatus">
                        <customfieldname>Time in Status</customfieldname>
                        <customfieldvalues>
                            
                        </customfieldvalues>
                    </customfield>
                                                                                                                        </customfields>
    </item>
</channel>
</rss>