<!-- 
RSS generated by JIRA (6.3.4#6332-sha1:51bc225ef474afe3128b2f66878477f322397b16) at Sat Nov 19 23:31:10 UTC 2016

It is possible to restrict the fields that are returned in this document by specifying the 'field' parameter in your request.
For example, to request only the issue key and summary add field=key&field=summary to the URL of your request.
For example:
https://issues.apache.org/jira/si/jira.issueviews:issue-xml/COLLECTIONS-114/COLLECTIONS-114.xml?field=key&amp;field=summary
-->
<rss version="0.92" >
<channel>
    <title>ASF JIRA</title>
    <link>https://issues.apache.org/jira</link>
    <description>This file is an XML representation of an issue</description>
    <language>en-uk</language>    <build-info>
        <version>6.3.4</version>
        <build-number>6332</build-number>
        <build-date>15-08-2014</build-date>
    </build-info>

<item>
            <title>[COLLECTIONS-114] [collections] Build Warnings when building under JDK 1.5</title>
                <link>https://issues.apache.org/jira/browse/COLLECTIONS-114</link>
                <project id="12310465" key="COLLECTIONS">Commons Collections</project>
                    <description>&lt;p&gt;When I build under JDK 1.5 on MacOSX, I get a bunch of warnings.  Almost all of&lt;br/&gt;
them are a result of some APIs moving over to using varargs.  Here is an example&lt;br/&gt;
of some of the warnings.  The fixes in just about all cases was to cast a null&lt;br/&gt;
to either (Method[]) or (Object[]).  in one place a temporary array new String[]&lt;/p&gt;
{ ... } had to be changed to new Object[] { ... }

&lt;p&gt;    &lt;span class=&quot;error&quot;&gt;&amp;#91;javac&amp;#93;&lt;/span&gt; Compiling 271 source files to&lt;br/&gt;
/Users/willpugh/projects/beanutils2/collections2/collections/target/classes&lt;br/&gt;
/Users/willpugh/projects/beanutils2/collections2/collections/src/java/org/apache/commons/collections/functors/PrototypeFactory.java:62:&lt;br/&gt;
warning: non-varargs call of varargs method with inexact argument type for last&lt;br/&gt;
parameter;&lt;br/&gt;
cast to java.lang.Class for a varargs call&lt;br/&gt;
cast to java.lang.Class[] for a non-varargs call and to suppress this warning&lt;br/&gt;
            Method method = prototype.getClass().getMethod(&quot;clone&quot;, null);&lt;br/&gt;
                                                                    ^&lt;br/&gt;
/Users/willpugh/projects/beanutils2/collections2/collections/src/java/org/apache/commons/collections/functors/PrototypeFactory.java:119:&lt;br/&gt;
warning: non-varargs call of varargs method with inexact argument type for last&lt;br/&gt;
parameter;&lt;br/&gt;
cast to java.lang.Class for a varargs call&lt;br/&gt;
cast to java.lang.Class[] for a non-varargs call and to suppress this warning&lt;br/&gt;
                iCloneMethod = iPrototype.getClass().getMethod(&quot;clone&quot;, null);&lt;/p&gt;

&lt;p&gt;. . .&lt;/p&gt;</description>
                <environment>&lt;p&gt;Operating System: other&lt;br/&gt;
Platform: Other&lt;/p&gt;</environment>
        <key id="12342334">COLLECTIONS-114</key>
            <summary>[collections] Build Warnings when building under JDK 1.5</summary>
                <type id="1" iconUrl="https://issues.apache.org/jira/images/icons/issuetypes/bug.png">Bug</type>
                                            <priority id="3" iconUrl="https://issues.apache.org/jira/images/icons/priorities/major.png">Major</priority>
                        <status id="6" iconUrl="https://issues.apache.org/jira/images/icons/statuses/closed.png" description="The issue is considered finished, the resolution is correct. Issues which are closed can be reopened.">Closed</status>
                    <statusCategory id="3" key="done" colorName="green"/>
                                    <resolution id="1">Fixed</resolution>
                                        <assignee username="-1">Unassigned</assignee>
                                    <reporter username="willpugh">Will Pugh</reporter>
                        <labels>
                    </labels>
                <created>Thu, 23 Jun 2005 03:36:34 +0000</created>
                <updated>Sat, 15 Mar 2008 21:36:01 +0000</updated>
                            <resolved>Sat, 15 Mar 2008 21:36:01 +0000</resolved>
                                    <version>Nightly Builds</version>
                                                        <due></due>
                            <votes>0</votes>
                                    <watches>0</watches>
                                                                <comments>
                            <comment id="12409674" author="willpugh" created="Thu, 23 Jun 2005 03:37:34 +0000"  >&lt;p&gt;Created an attachment (id=15518)&lt;br/&gt;
Patch file with fixes&lt;/p&gt;</comment>
                            <comment id="12409675" author="scolebourne@joda.org" created="Sun, 26 Jun 2005 01:41:28 +0000"  >&lt;p&gt;Applied in SVN 201765&lt;/p&gt;

&lt;p&gt;Note however, that we don&apos;t have formal JDK1.5 tests/compilation, so these&lt;br/&gt;
errors may re-occur.&lt;/p&gt;</comment>
                    </comments>
                    <attachments>
                            <attachment id="12333593" name="ASF.LICENSE.NOT.GRANTED--fixWarnings" size="4098" author="willpugh" created="Thu, 23 Jun 2005 03:37:34 +0000"/>
                    </attachments>
                <subtasks>
                    </subtasks>
                <customfields>
                                                <customfield id="customfield_12310310" key="com.atlassian.jira.toolkit:attachments">
                        <customfieldname>Attachment count</customfieldname>
                        <customfieldvalues>
                            <customfieldvalue>1.0</customfieldvalue>
                        </customfieldvalues>
                    </customfield>
                                                                                                                                                                                                                                                                                                                                                                                                                                                                        <customfield id="customfield_10010" key="com.atlassian.jira.plugin.system.customfieldtypes:importid">
                        <customfieldname>Bugzilla Id</customfieldname>
                        <customfieldvalues>
                            <customfieldvalue>35474</customfieldvalue>
                        </customfieldvalues>
                    </customfield>
                                                                                            <customfield id="customfield_12310220" key="com.atlassian.jira.ext.charting:firstresponsedate">
                        <customfieldname>Date of First Response</customfieldname>
                        <customfieldvalues>
                            <customfieldvalue>Sun, 26 Jun 2005 01:41:28 +0000</customfieldvalue>

                        </customfieldvalues>
                    </customfield>
                                                                                                                                                                                                                                                                                                                                                                                                                                            <customfield id="customfield_12310420" key="com.pyxis.greenhopper.jira:gh-global-rank">
                        <customfieldname>Global Rank</customfieldname>
                        <customfieldvalues>
                            <customfieldvalue>18884</customfieldvalue>
                        </customfieldvalues>
                    </customfield>
                                                                                                                        <customfield id="customfield_12312521" key="com.atlassian.jira.toolkit:LastCommentDate">
                        <customfieldname>Last public comment date</customfieldname>
                        <customfieldvalues>
                            11 years, 22 weeks, 6 days ago
                        </customfieldvalues>
                    </customfield>
                                                                                            <customfield id="customfield_12311820" key="com.pyxis.greenhopper.jira:gh-lexo-rank">
                        <customfieldname>Rank</customfieldname>
                        <customfieldvalues>
                            <customfieldvalue>0|i0sj8n:</customfieldvalue>

                        </customfieldvalues>
                    </customfield>
                                                                <customfield id="customfield_12310920" key="com.pyxis.greenhopper.jira:gh-global-rank">
                        <customfieldname>Rank (Obsolete)</customfieldname>
                        <customfieldvalues>
                            <customfieldvalue>164594</customfieldvalue>
                        </customfieldvalues>
                    </customfield>
                                                                                                                                                                                                                                        <customfield id="customfield_12310222" key="com.atlassian.jira.ext.charting:timeinstatus">
                        <customfieldname>Time in Status</customfieldname>
                        <customfieldvalues>
                            
                        </customfieldvalues>
                    </customfield>
                                                                                                                        </customfields>
    </item>
</channel>
</rss>