<!-- 
RSS generated by JIRA (6.3.4#6332-sha1:51bc225ef474afe3128b2f66878477f322397b16) at Sun Nov 20 00:09:07 UTC 2016

It is possible to restrict the fields that are returned in this document by specifying the 'field' parameter in your request.
For example, to request only the issue key and summary add field=key&field=summary to the URL of your request.
For example:
https://issues.apache.org/jira/si/jira.issueviews:issue-xml/COLLECTIONS-279/COLLECTIONS-279.xml?field=key&amp;field=summary
-->
<rss version="0.92" >
<channel>
    <title>ASF JIRA</title>
    <link>https://issues.apache.org/jira</link>
    <description>This file is an XML representation of an issue</description>
    <language>en-uk</language>    <build-info>
        <version>6.3.4</version>
        <build-number>6332</build-number>
        <build-date>15-08-2014</build-date>
    </build-info>

<item>
            <title>[COLLECTIONS-279] LRUMap: moveToMRU is not invoked for new entry</title>
                <link>https://issues.apache.org/jira/browse/COLLECTIONS-279</link>
                <project id="12310465" key="COLLECTIONS">Commons Collections</project>
                    <description>
&lt;p&gt;	@Test&lt;br/&gt;
	public void testFirst() &lt;/p&gt;
{
		LRUMap map = new LRUMap();

		String key = &quot;key1&quot;;
		String value = &quot;value1&quot;;

		map.put(key, value);
		Assert.assertEquals(map.get(key), value);
		Assert.assertEquals(map.get(map.firstKey()), value);
		
		key = &quot;key2&quot;;
		value = &quot;value2&quot;;
		map.put(key, value);
		// here it fails
		Assert.assertEquals(map.get(map.firstKey()), value);
	}</description>
                <environment></environment>
        <key id="12383383">COLLECTIONS-279</key>
            <summary>LRUMap: moveToMRU is not invoked for new entry</summary>
                <type id="1" iconUrl="https://issues.apache.org/jira/images/icons/issuetypes/bug.png">Bug</type>
                                            <priority id="1" iconUrl="https://issues.apache.org/jira/images/icons/priorities/blocker.png">Blocker</priority>
                        <status id="6" iconUrl="https://issues.apache.org/jira/images/icons/statuses/closed.png" description="The issue is considered finished, the resolution is correct. Issues which are closed can be reopened.">Closed</status>
                    <statusCategory id="3" key="done" colorName="green"/>
                                    <resolution id="3">Duplicate</resolution>
                                        <assignee username="-1">Unassigned</assignee>
                                    <reporter username="someone">Andrey Andreev</reporter>
                        <labels>
                    </labels>
                <created>Wed, 28 Nov 2007 07:12:49 +0000</created>
                <updated>Fri, 27 Nov 2015 21:47:12 +0000</updated>
                            <resolved>Thu, 28 Feb 2013 19:29:02 +0000</resolved>
                                    <version>3.2</version>
                                                    <component>Map</component>
                        <due></due>
                            <votes>2</votes>
                                    <watches>1</watches>
                                                                <comments>
                            <comment id="12554728" author="cc_benny" created="Fri, 28 Dec 2007 13:29:59 +0000"  >&lt;p&gt;It seems to me that the implementations of&lt;br/&gt;
AbstractLinkedMap.firstKey and AbstractLinkedMap.lastKey are&lt;br/&gt;
switched.&lt;/p&gt;

&lt;p&gt;AbstractLinkedMap.addEntry adds new entries at header.before, so&lt;br/&gt;
firstKey should look there for the last entry that was added, not&lt;br/&gt;
in header.after.&lt;/p&gt;

&lt;p&gt;When I switch the implementations of firstKey and lastKey,&lt;br/&gt;
AjaxStateManager from the RichFaces project works (see&lt;br/&gt;
&amp;lt;&lt;a href=&quot;http://jira.jboss.org/jira/browse/RF-1460&quot; class=&quot;external-link&quot; rel=&quot;nofollow&quot;&gt;http://jira.jboss.org/jira/browse/RF-1460&lt;/a&gt;&amp;gt;).&lt;/p&gt;

&lt;p&gt;Of course I don&apos;t know if any users of firstKey/lastKey use them&lt;br/&gt;
according to the current implementation instead of by the docs.&lt;/p&gt;</comment>
                            <comment id="12555330" author="liujf2k" created="Wed, 2 Jan 2008 15:51:53 +0000"  >&lt;p&gt;The fix of &lt;a href=&quot;https://issues.apache.org/jira/browse/COLLECTIONS-262&quot; title=&quot;probably apidoc error: firstKey() and lastKey() in AbstractLinkedMap&quot; class=&quot;issue-link&quot; data-issue-key=&quot;COLLECTIONS-262&quot;&gt;&lt;del&gt;COLLECTIONS-262&lt;/del&gt;&lt;/a&gt; just switches firstKey() and lastKey()&apos;s Java Doc&lt;/p&gt;</comment>
                            <comment id="12579106" author="bayard" created="Sun, 16 Mar 2008 01:15:33 +0000"  >&lt;p&gt;As Jifeng points out - we&apos;re going with the javadoc being in error rather than the implementation. &lt;/p&gt;

&lt;p&gt;getFirstKey returns the first one to be added etc.&lt;/p&gt;</comment>
                    </comments>
                <issuelinks>
                            <issuelinktype id="12310000">
                    <name>Duplicate</name>
                                            <outwardlinks description="duplicates">
                                        <issuelink>
            <issuekey id="12377055">COLLECTIONS-262</issuekey>
        </issuelink>
                            </outwardlinks>
                                                        </issuelinktype>
                    </issuelinks>
                <attachments>
                            <attachment id="12372293" name="AbstractLinkedMap.java.diff" size="632" author="cc_benny" created="Fri, 28 Dec 2007 13:33:19 +0000"/>
                    </attachments>
                <subtasks>
                    </subtasks>
                <customfields>
                                                <customfield id="customfield_12310310" key="com.atlassian.jira.toolkit:attachments">
                        <customfieldname>Attachment count</customfieldname>
                        <customfieldvalues>
                            <customfieldvalue>1.0</customfieldvalue>
                        </customfieldvalues>
                    </customfield>
                                                                                                                                                                                                                                                                                                                                                                                                                                                                                                                                <customfield id="customfield_12310220" key="com.atlassian.jira.ext.charting:firstresponsedate">
                        <customfieldname>Date of First Response</customfieldname>
                        <customfieldvalues>
                            <customfieldvalue>Fri, 28 Dec 2007 13:29:59 +0000</customfieldvalue>

                        </customfieldvalues>
                    </customfield>
                                                                                                                                                                                                                                                                                                                                                                                                                                            <customfield id="customfield_12310420" key="com.pyxis.greenhopper.jira:gh-global-rank">
                        <customfieldname>Global Rank</customfieldname>
                        <customfieldvalues>
                            <customfieldvalue>18721</customfieldvalue>
                        </customfieldvalues>
                    </customfield>
                                                                                                                        <customfield id="customfield_12312521" key="com.atlassian.jira.toolkit:LastCommentDate">
                        <customfieldname>Last public comment date</customfieldname>
                        <customfieldvalues>
                            8 years, 36 weeks, 6 days ago
                        </customfieldvalues>
                    </customfield>
                                                                                            <customfield id="customfield_12311820" key="com.pyxis.greenhopper.jira:gh-lexo-rank">
                        <customfieldname>Rank</customfieldname>
                        <customfieldvalues>
                            <customfieldvalue>0|i0sicf:</customfieldvalue>

                        </customfieldvalues>
                    </customfield>
                                                                <customfield id="customfield_12310920" key="com.pyxis.greenhopper.jira:gh-global-rank">
                        <customfieldname>Rank (Obsolete)</customfieldname>
                        <customfieldvalues>
                            <customfieldvalue>164449</customfieldvalue>
                        </customfieldvalues>
                    </customfield>
                                                                                                                                                                                                                                        <customfield id="customfield_12310222" key="com.atlassian.jira.ext.charting:timeinstatus">
                        <customfieldname>Time in Status</customfieldname>
                        <customfieldvalues>
                            
                        </customfieldvalues>
                    </customfield>
                                                                                                                        </customfields>
    </item>
</channel>
</rss>