<!-- 
RSS generated by JIRA (6.3.4#6332-sha1:51bc225ef474afe3128b2f66878477f322397b16) at Sat Nov 19 20:45:44 UTC 2016

It is possible to restrict the fields that are returned in this document by specifying the 'field' parameter in your request.
For example, to request only the issue key and summary add field=key&field=summary to the URL of your request.
For example:
https://issues.apache.org/jira/si/jira.issueviews:issue-xml/COLLECTIONS-444/COLLECTIONS-444.xml?field=key&amp;field=summary
-->
<rss version="0.92" >
<channel>
    <title>ASF JIRA</title>
    <link>https://issues.apache.org/jira</link>
    <description>This file is an XML representation of an issue</description>
    <language>en-uk</language>    <build-info>
        <version>6.3.4</version>
        <build-number>6332</build-number>
        <build-date>15-08-2014</build-date>
    </build-info>

<item>
            <title>[COLLECTIONS-444] SetUniqueList may become inconsistent</title>
                <link>https://issues.apache.org/jira/browse/COLLECTIONS-444</link>
                <project id="12310465" key="COLLECTIONS">Commons Collections</project>
                    <description>&lt;p&gt;I found this bug during my work on issue &lt;a href=&quot;https://issues.apache.org/jira/browse/COLLECTIONS-310&quot; title=&quot;Modifications of a SetUniqueList.subList() invalidate the parent list&quot; class=&quot;issue-link&quot; data-issue-key=&quot;COLLECTIONS-310&quot;&gt;&lt;del&gt;COLLECTIONS-310&lt;/del&gt;&lt;/a&gt; : &lt;/p&gt;

&lt;p&gt;When you &apos;set&apos; an element to a position that contains this element, it is removed from the internal set. This leads to the situation that &lt;/p&gt;
&lt;ul class=&quot;alternate&quot; type=&quot;square&quot;&gt;
	&lt;li&gt;invocing get() returns the element&lt;/li&gt;
	&lt;li&gt;invocing contains() returns false.&lt;/li&gt;
&lt;/ul&gt;


&lt;p&gt;Extending the existing test method for set:&lt;/p&gt;
&lt;div class=&quot;code panel&quot; style=&quot;border-width: 1px;&quot;&gt;&lt;div class=&quot;codeContent panelContent&quot;&gt;
&lt;pre class=&quot;code-java&quot;&gt;
   &lt;span class=&quot;code-keyword&quot;&gt;public&lt;/span&gt; void testSet() {
        &lt;span class=&quot;code-keyword&quot;&gt;final&lt;/span&gt; SetUniqueList&amp;lt;E&amp;gt; lset = &lt;span class=&quot;code-keyword&quot;&gt;new&lt;/span&gt; SetUniqueList&amp;lt;E&amp;gt;(&lt;span class=&quot;code-keyword&quot;&gt;new&lt;/span&gt; ArrayList&amp;lt;E&amp;gt;(), &lt;span class=&quot;code-keyword&quot;&gt;new&lt;/span&gt; HashSet&amp;lt;E&amp;gt;());

        &lt;span class=&quot;code-comment&quot;&gt;// Duplicate element
&lt;/span&gt;        &lt;span class=&quot;code-keyword&quot;&gt;final&lt;/span&gt; E obj1 = (E) &lt;span class=&quot;code-keyword&quot;&gt;new&lt;/span&gt; &lt;span class=&quot;code-object&quot;&gt;Integer&lt;/span&gt;(1);
        &lt;span class=&quot;code-keyword&quot;&gt;final&lt;/span&gt; E obj2 = (E) &lt;span class=&quot;code-keyword&quot;&gt;new&lt;/span&gt; &lt;span class=&quot;code-object&quot;&gt;Integer&lt;/span&gt;(2);
        &lt;span class=&quot;code-keyword&quot;&gt;final&lt;/span&gt; E obj3 = (E) &lt;span class=&quot;code-keyword&quot;&gt;new&lt;/span&gt; &lt;span class=&quot;code-object&quot;&gt;Integer&lt;/span&gt;(3);

        lset.add(obj1);
        lset.add(obj2);
        lset.set(0, obj1);
        assertEquals(2, lset.size());
        assertSame(obj1, lset.get(0));
        assertSame(obj2, lset.get(1));

        assertTrue(lset.contains(obj1));  &lt;span class=&quot;code-comment&quot;&gt;// fails !
&lt;/span&gt;        assertTrue(lset.contains(obj2));

&lt;/pre&gt;
&lt;/div&gt;&lt;/div&gt;

</description>
                <environment></environment>
        <key id="12633927">COLLECTIONS-444</key>
            <summary>SetUniqueList may become inconsistent</summary>
                <type id="1" iconUrl="https://issues.apache.org/jira/images/icons/issuetypes/bug.png">Bug</type>
                                            <priority id="3" iconUrl="https://issues.apache.org/jira/images/icons/priorities/major.png">Major</priority>
                        <status id="6" iconUrl="https://issues.apache.org/jira/images/icons/statuses/closed.png" description="The issue is considered finished, the resolution is correct. Issues which are closed can be reopened.">Closed</status>
                    <statusCategory id="3" key="done" colorName="green"/>
                                    <resolution id="1">Fixed</resolution>
                                        <assignee username="-1">Unassigned</assignee>
                                    <reporter username="t.vahrst">Thomas Vahrst</reporter>
                        <labels>
                    </labels>
                <created>Mon, 25 Feb 2013 16:08:12 +0000</created>
                <updated>Sun, 8 Nov 2015 21:36:02 +0000</updated>
                            <resolved>Wed, 17 Apr 2013 18:13:13 +0000</resolved>
                                    <version>3.2.1</version>
                                    <fixVersion>3.2.2</fixVersion>
                    <fixVersion>4.0-alpha1</fixVersion>
                    <fixVersion>4.0</fixVersion>
                                    <component>List</component>
                        <due></due>
                            <votes>0</votes>
                                    <watches>2</watches>
                                                                <comments>
                            <comment id="13586329" author="tn" created="Mon, 25 Feb 2013 21:48:18 +0000"  >&lt;p&gt;Fixed in r1449914.&lt;/p&gt;

&lt;p&gt;Thanks for the report!&lt;/p&gt;</comment>
                            <comment id="13634032" author="jvasileff" created="Wed, 17 Apr 2013 13:46:28 +0000"  >&lt;p&gt;SetUniqueList.set(int index, object), as currently in trunk, never calls &quot;set.remove(removed)&quot; when the new Object equals() the pre-existing Object at the index. However, the Object is removed and re-added to the underlying List by &quot;removed = super.set(index, object)&quot;.&lt;/p&gt;

&lt;p&gt;As a result, the Set and List may wind up containing different elements per &quot;==&quot;. For example:&lt;/p&gt;

&lt;div class=&quot;code panel&quot; style=&quot;border-width: 1px;&quot;&gt;&lt;div class=&quot;codeContent panelContent&quot;&gt;
&lt;pre class=&quot;code-java&quot;&gt;
    &lt;span class=&quot;code-object&quot;&gt;Integer&lt;/span&gt; a1 = &lt;span class=&quot;code-keyword&quot;&gt;new&lt;/span&gt; &lt;span class=&quot;code-object&quot;&gt;Integer&lt;/span&gt;(1);
    &lt;span class=&quot;code-object&quot;&gt;Integer&lt;/span&gt; b1 = &lt;span class=&quot;code-keyword&quot;&gt;new&lt;/span&gt; &lt;span class=&quot;code-object&quot;&gt;Integer&lt;/span&gt;(1);
    ...
    lset.clear();
    lset.add(a1); &lt;span class=&quot;code-comment&quot;&gt;// both Set and List will have a1
&lt;/span&gt;    lset.set(0, b1); &lt;span class=&quot;code-comment&quot;&gt;// List will have b1, Set will have a1&lt;/span&gt;
&lt;/pre&gt;
&lt;/div&gt;&lt;/div&gt;

&lt;p&gt;While normally this won&apos;t cause problems, it does seem wrong, and prevents garbage collection of a1 in the example above.&lt;/p&gt;

&lt;p&gt;Reverting the patch, and then simply swapping the order of &quot;set.add()&quot; and &quot;set.remove()&quot; may be a better fix for the original problem:&lt;/p&gt;

&lt;div class=&quot;code panel&quot; style=&quot;border-width: 1px;&quot;&gt;&lt;div class=&quot;codeContent panelContent&quot;&gt;
&lt;pre class=&quot;code-java&quot;&gt;
    &lt;span class=&quot;code-keyword&quot;&gt;public&lt;/span&gt; E set(&lt;span class=&quot;code-keyword&quot;&gt;final&lt;/span&gt; &lt;span class=&quot;code-object&quot;&gt;int&lt;/span&gt; index, &lt;span class=&quot;code-keyword&quot;&gt;final&lt;/span&gt; E object) {
        &lt;span class=&quot;code-keyword&quot;&gt;final&lt;/span&gt; &lt;span class=&quot;code-object&quot;&gt;int&lt;/span&gt; pos = indexOf(object);
        &lt;span class=&quot;code-keyword&quot;&gt;final&lt;/span&gt; E removed = &lt;span class=&quot;code-keyword&quot;&gt;super&lt;/span&gt;.set(index, object);

        &lt;span class=&quot;code-keyword&quot;&gt;if&lt;/span&gt; (pos != -1 &amp;amp;&amp;amp; pos != index) {
            &lt;span class=&quot;code-comment&quot;&gt;// the object is already in the uniq list
&lt;/span&gt;            &lt;span class=&quot;code-comment&quot;&gt;// (and it hasn&apos;t been swapped with itself)
&lt;/span&gt;            &lt;span class=&quot;code-keyword&quot;&gt;super&lt;/span&gt;.remove(pos); &lt;span class=&quot;code-comment&quot;&gt;// remove the duplicate by index
&lt;/span&gt;        }

        set.remove(removed); &lt;span class=&quot;code-comment&quot;&gt;// remove the item deleted by the set
&lt;/span&gt;        set.add(object); &lt;span class=&quot;code-comment&quot;&gt;// add the &lt;span class=&quot;code-keyword&quot;&gt;new&lt;/span&gt; item to the unique set
&lt;/span&gt;
        &lt;span class=&quot;code-keyword&quot;&gt;return&lt;/span&gt; removed; &lt;span class=&quot;code-comment&quot;&gt;// &lt;span class=&quot;code-keyword&quot;&gt;return&lt;/span&gt; the item deleted by the set
&lt;/span&gt;    }
&lt;/pre&gt;
&lt;/div&gt;&lt;/div&gt;</comment>
                            <comment id="13634080" author="tn" created="Wed, 17 Apr 2013 14:26:02 +0000"  >&lt;p&gt;Hi John,&lt;/p&gt;

&lt;p&gt;good catch, the object is only kept internally, but as you say, this would prevent it from being garbage-collected, thus we should change as you propose.&lt;/p&gt;</comment>
                            <comment id="13634273" author="tn" created="Wed, 17 Apr 2013 18:13:13 +0000"  >&lt;p&gt;Fixed in r1469016.&lt;/p&gt;

&lt;p&gt;Thanks again for looking into this.&lt;/p&gt;</comment>
                    </comments>
                <issuelinks>
                            <issuelinktype id="10030">
                    <name>Reference</name>
                                                                <inwardlinks description="is related to">
                                        <issuelink>
            <issuekey id="12412112">COLLECTIONS-310</issuekey>
        </issuelink>
                            </inwardlinks>
                                    </issuelinktype>
                    </issuelinks>
                <attachments>
                    </attachments>
                <subtasks>
                    </subtasks>
                <customfields>
                                                <customfield id="customfield_12310310" key="com.atlassian.jira.toolkit:attachments">
                        <customfieldname>Attachment count</customfieldname>
                        <customfieldvalues>
                            <customfieldvalue>0.0</customfieldvalue>
                        </customfieldvalues>
                    </customfield>
                                                                                                                                                                                                                                                                                                                                                                                                                                                                                                                                <customfield id="customfield_12310220" key="com.atlassian.jira.ext.charting:firstresponsedate">
                        <customfieldname>Date of First Response</customfieldname>
                        <customfieldvalues>
                            <customfieldvalue>Mon, 25 Feb 2013 21:48:18 +0000</customfieldvalue>

                        </customfieldvalues>
                    </customfield>
                                                                                                                                                                                                                                                                                                                                                                                                                                            <customfield id="customfield_12310420" key="com.pyxis.greenhopper.jira:gh-global-rank">
                        <customfieldname>Global Rank</customfieldname>
                        <customfieldvalues>
                            <customfieldvalue>314421</customfieldvalue>
                        </customfieldvalues>
                    </customfield>
                                                                                                                        <customfield id="customfield_12312521" key="com.atlassian.jira.toolkit:LastCommentDate">
                        <customfieldname>Last public comment date</customfieldname>
                        <customfieldvalues>
                            3 years, 31 weeks, 3 days ago
                        </customfieldvalues>
                    </customfield>
                                                                                            <customfield id="customfield_12311820" key="com.pyxis.greenhopper.jira:gh-lexo-rank">
                        <customfieldname>Rank</customfieldname>
                        <customfieldvalues>
                            <customfieldvalue>0|i1i9av:</customfieldvalue>

                        </customfieldvalues>
                    </customfield>
                                                                <customfield id="customfield_12310920" key="com.pyxis.greenhopper.jira:gh-global-rank">
                        <customfieldname>Rank (Obsolete)</customfieldname>
                        <customfieldvalues>
                            <customfieldvalue>314766</customfieldvalue>
                        </customfieldvalues>
                    </customfield>
                                                                                                                                                                                                                                        <customfield id="customfield_12310222" key="com.atlassian.jira.ext.charting:timeinstatus">
                        <customfieldname>Time in Status</customfieldname>
                        <customfieldvalues>
                            
                        </customfieldvalues>
                    </customfield>
                                                                                                                        </customfields>
    </item>
</channel>
</rss>