<!-- 
RSS generated by JIRA (6.3.4#6332-sha1:51bc225ef474afe3128b2f66878477f322397b16) at Sat Nov 19 22:32:53 UTC 2016

It is possible to restrict the fields that are returned in this document by specifying the 'field' parameter in your request.
For example, to request only the issue key and summary add field=key&field=summary to the URL of your request.
For example:
https://issues.apache.org/jira/si/jira.issueviews:issue-xml/COLLECTIONS-388/COLLECTIONS-388.xml?field=key&amp;field=summary
-->
<rss version="0.92" >
<channel>
    <title>ASF JIRA</title>
    <link>https://issues.apache.org/jira</link>
    <description>This file is an XML representation of an issue</description>
    <language>en-uk</language>    <build-info>
        <version>6.3.4</version>
        <build-number>6332</build-number>
        <build-date>15-08-2014</build-date>
    </build-info>

<item>
            <title>[COLLECTIONS-388] Inconsistent Javadoc comment and code for prototypeFactory(T) in org.apache.commons.collections.FactoryUtils</title>
                <link>https://issues.apache.org/jira/browse/COLLECTIONS-388</link>
                <project id="12310465" key="COLLECTIONS">Commons Collections</project>
                    <description>&lt;p&gt;The Javadoc comment below states that the method &quot;throws IllegalArgumentException if the prototype is null&quot;:&lt;br/&gt;
   	    /**	     &lt;br/&gt;
	     ..&lt;/p&gt;
&lt;ul&gt;
	&lt;li&gt;@param prototype  the object to clone each time in the factory&lt;/li&gt;
	&lt;li&gt;@return the &amp;lt;code&amp;gt;prototype&amp;lt;/code&amp;gt; factory&lt;/li&gt;
	&lt;li&gt;@throws IllegalArgumentException if the prototype is null&lt;/li&gt;
	&lt;li&gt;@throws IllegalArgumentException if the prototype cannot be cloned&lt;br/&gt;
	     */&lt;br/&gt;
	    public static &amp;lt;T&amp;gt; Factory&amp;lt;T&amp;gt; prototypeFactory(T  prototype) 
{
	        return PrototypeFactory.&amp;lt;T&amp;gt;prototypeFactory(prototype);
	    }&lt;/li&gt;
&lt;/ul&gt;


&lt;p&gt;However, the method returns a NULL_INSTANCE object instead of throwing IllegalArgumentException when called with null.&lt;/p&gt;

&lt;p&gt;Suggested Fixes:&lt;br/&gt;
1. Change &quot;@throws IllegalArgumentException if the prototype is null&quot; and &quot;@return&quot; to &quot;@return NULL_INSTANCE if the prototype is null&quot;.&lt;br/&gt;
or&lt;br/&gt;
2. Remove the entire &quot;throws IllegalArgumentException if the prototype is null&quot;.&lt;/p&gt;</description>
                <environment>&lt;p&gt;Platform independent&lt;/p&gt;</environment>
        <key id="12537665">COLLECTIONS-388</key>
            <summary>Inconsistent Javadoc comment and code for prototypeFactory(T) in org.apache.commons.collections.FactoryUtils</summary>
                <type id="1" iconUrl="https://issues.apache.org/jira/images/icons/issuetypes/bug.png">Bug</type>
                                            <priority id="3" iconUrl="https://issues.apache.org/jira/images/icons/priorities/major.png">Major</priority>
                        <status id="6" iconUrl="https://issues.apache.org/jira/images/icons/statuses/closed.png" description="The issue is considered finished, the resolution is correct. Issues which are closed can be reopened.">Closed</status>
                    <statusCategory id="3" key="done" colorName="green"/>
                                    <resolution id="1">Fixed</resolution>
                                        <assignee username="-1">Unassigned</assignee>
                                    <reporter username="shinhwei">SHIN HWEI TAN</reporter>
                        <labels>
                            <label>javadoc</label>
                            <label>null</label>
                    </labels>
                <created>Sun, 8 Jan 2012 08:29:22 +0000</created>
                <updated>Sun, 9 Nov 2014 14:31:24 +0000</updated>
                            <resolved>Mon, 9 Apr 2012 17:16:33 +0000</resolved>
                                    <version>4.0</version>
                    <version>4.x</version>
                                    <fixVersion>4.0-alpha1</fixVersion>
                    <fixVersion>4.0</fixVersion>
                                    <component>Collection</component>
                        <due></due>
                            <votes>0</votes>
                                    <watches>0</watches>
                                    <timeoriginalestimate seconds="120">2m</timeoriginalestimate>
                            <timeestimate seconds="120">2m</timeestimate>
                                        <comments>
                            <comment id="13249973" author="tn" created="Mon, 9 Apr 2012 17:14:34 +0000"  >&lt;p&gt;Thanks for the hint, it has been fixed in r1311334.&lt;/p&gt;</comment>
                            <comment id="13249988" author="hudson" created="Mon, 9 Apr 2012 17:33:23 +0000"  >&lt;p&gt;Integrated in commons-collections #16 (See &lt;a href=&quot;https://builds.apache.org/job/commons-collections/16/&quot; class=&quot;external-link&quot; rel=&quot;nofollow&quot;&gt;https://builds.apache.org/job/commons-collections/16/&lt;/a&gt;)&lt;br/&gt;
    &lt;a href=&quot;https://issues.apache.org/jira/browse/COLLECTIONS-388&quot; title=&quot;Inconsistent Javadoc comment and code for prototypeFactory(T) in org.apache.commons.collections.FactoryUtils&quot; class=&quot;issue-link&quot; data-issue-key=&quot;COLLECTIONS-388&quot;&gt;&lt;del&gt;COLLECTIONS-388&lt;/del&gt;&lt;/a&gt; Fixed javadoc, thanks to Shin Hwei Tan. (Revision 1311334)&lt;/p&gt;

&lt;p&gt;     Result = SUCCESS&lt;br/&gt;
tn : &lt;a href=&quot;http://svn.apache.org/viewvc/?view=rev&amp;amp;rev=1311334&quot; class=&quot;external-link&quot; rel=&quot;nofollow&quot;&gt;http://svn.apache.org/viewvc/?view=rev&amp;amp;rev=1311334&lt;/a&gt;&lt;br/&gt;
Files : &lt;/p&gt;
&lt;ul&gt;
	&lt;li&gt;/commons/proper/collections/trunk/src/main/java/org/apache/commons/collections/FactoryUtils.java&lt;/li&gt;
	&lt;li&gt;/commons/proper/collections/trunk/src/main/java/org/apache/commons/collections/functors/PrototypeFactory.java&lt;/li&gt;
&lt;/ul&gt;
</comment>
                    </comments>
                    <attachments>
                    </attachments>
                <subtasks>
                    </subtasks>
                <customfields>
                                                <customfield id="customfield_12310310" key="com.atlassian.jira.toolkit:attachments">
                        <customfieldname>Attachment count</customfieldname>
                        <customfieldvalues>
                            <customfieldvalue>0.0</customfieldvalue>
                        </customfieldvalues>
                    </customfield>
                                                                                                                                                                                                                                                                                                                                                                                                                                                                                                                                <customfield id="customfield_12310220" key="com.atlassian.jira.ext.charting:firstresponsedate">
                        <customfieldname>Date of First Response</customfieldname>
                        <customfieldvalues>
                            <customfieldvalue>Mon, 9 Apr 2012 17:14:34 +0000</customfieldvalue>

                        </customfieldvalues>
                    </customfield>
                                                                                                                                                                                                                                                                                                                                                                                                                                            <customfield id="customfield_12310420" key="com.pyxis.greenhopper.jira:gh-global-rank">
                        <customfieldname>Global Rank</customfieldname>
                        <customfieldvalues>
                            <customfieldvalue>223171</customfieldvalue>
                        </customfieldvalues>
                    </customfield>
                                                                                                                        <customfield id="customfield_12312521" key="com.atlassian.jira.toolkit:LastCommentDate">
                        <customfieldname>Last public comment date</customfieldname>
                        <customfieldvalues>
                            4 years, 32 weeks, 5 days ago
                        </customfieldvalues>
                    </customfield>
                                                                                            <customfield id="customfield_12311820" key="com.pyxis.greenhopper.jira:gh-lexo-rank">
                        <customfieldname>Rank</customfieldname>
                        <customfieldvalues>
                            <customfieldvalue>0|i0shu7:</customfieldvalue>

                        </customfieldvalues>
                    </customfield>
                                                                <customfield id="customfield_12310920" key="com.pyxis.greenhopper.jira:gh-global-rank">
                        <customfieldname>Rank (Obsolete)</customfieldname>
                        <customfieldvalues>
                            <customfieldvalue>164367</customfieldvalue>
                        </customfieldvalues>
                    </customfield>
                                                                                                                                                                                                                                        <customfield id="customfield_12310222" key="com.atlassian.jira.ext.charting:timeinstatus">
                        <customfieldname>Time in Status</customfieldname>
                        <customfieldvalues>
                            
                        </customfieldvalues>
                    </customfield>
                                                                                                                        </customfields>
    </item>
</channel>
</rss>