<!-- 
RSS generated by JIRA (6.3.4#6332-sha1:51bc225ef474afe3128b2f66878477f322397b16) at Sat Nov 19 22:59:04 UTC 2016

It is possible to restrict the fields that are returned in this document by specifying the 'field' parameter in your request.
For example, to request only the issue key and summary add field=key&field=summary to the URL of your request.
For example:
https://issues.apache.org/jira/si/jira.issueviews:issue-xml/COLLECTIONS-83/COLLECTIONS-83.xml?field=key&amp;field=summary
-->
<rss version="0.92" >
<channel>
    <title>ASF JIRA</title>
    <link>https://issues.apache.org/jira</link>
    <description>This file is an XML representation of an issue</description>
    <language>en-uk</language>    <build-info>
        <version>6.3.4</version>
        <build-number>6332</build-number>
        <build-date>15-08-2014</build-date>
    </build-info>

<item>
            <title>[COLLECTIONS-83] Implementation of List with an AVLTree (TreeList)</title>
                <link>https://issues.apache.org/jira/browse/COLLECTIONS-83</link>
                <project id="12310465" key="COLLECTIONS">Commons Collections</project>
                    <description>&lt;p&gt;The existing Java List implementations are rather slow if it comes to big lists &lt;br/&gt;
and insertions and/or random access.  To mitigate that this List is based on an &lt;br/&gt;
AVL-Tree and uses offsets to locate objects.  The following benchmarks show the &lt;br/&gt;
performance compared to LinkedList and ArrayList.&lt;/p&gt;

&lt;p&gt;          add     insert    get&lt;br/&gt;
TreeList  300     501       110&lt;br/&gt;
ArrayList  70   20390        20&lt;br/&gt;
LinkedList 50  226636    279742&lt;/p&gt;

&lt;p&gt;add - 100K times add( new Object() )&lt;br/&gt;
insert - 100k times add( random() * 100K, new Object() ) on a List with 100K &lt;br/&gt;
elements.&lt;br/&gt;
get - 100k times get( random() * 100k ) on a List with 200K elements.&lt;/p&gt;

&lt;p&gt;P.S.: I will try to attach the code as a zip.&lt;/p&gt;</description>
                <environment>&lt;p&gt;Operating System: All&lt;br/&gt;
Platform: All&lt;/p&gt;</environment>
        <key id="12341244">COLLECTIONS-83</key>
            <summary>Implementation of List with an AVLTree (TreeList)</summary>
                <type id="1" iconUrl="https://issues.apache.org/jira/images/icons/issuetypes/bug.png">Bug</type>
                                            <priority id="3" iconUrl="https://issues.apache.org/jira/images/icons/priorities/major.png">Major</priority>
                        <status id="6" iconUrl="https://issues.apache.org/jira/images/icons/statuses/closed.png" description="The issue is considered finished, the resolution is correct. Issues which are closed can be reopened.">Closed</status>
                    <statusCategory id="3" key="done" colorName="green"/>
                                    <resolution id="3">Duplicate</resolution>
                                        <assignee username="-1">Unassigned</assignee>
                                    <reporter username="js@ekkono.com">Joerg Schmuecker</reporter>
                        <labels>
                    </labels>
                <created>Thu, 5 Feb 2004 18:33:55 +0000</created>
                <updated>Sat, 15 Mar 2008 21:36:00 +0000</updated>
                            <resolved>Sat, 15 Mar 2008 21:36:00 +0000</resolved>
                                                                        <due></due>
                            <votes>0</votes>
                                    <watches>0</watches>
                                                                <comments>
                            <comment id="12405930" author="ebourg" created="Thu, 5 Feb 2004 19:07:38 +0000"  >&lt;p&gt;Reopening to dupe instead of invalidating.&lt;/p&gt;</comment>
                            <comment id="12405931" author="ebourg" created="Thu, 5 Feb 2004 19:08:22 +0000"  >

&lt;ul&gt;
	&lt;li&gt;
	&lt;ul&gt;
		&lt;li&gt;
		&lt;ul&gt;
			&lt;li&gt;This bug has been marked as a duplicate of 26680 ***&lt;/li&gt;
		&lt;/ul&gt;
		&lt;/li&gt;
	&lt;/ul&gt;
	&lt;/li&gt;
&lt;/ul&gt;
</comment>
                    </comments>
                    <attachments>
                    </attachments>
                <subtasks>
                    </subtasks>
                <customfields>
                                                <customfield id="customfield_12310310" key="com.atlassian.jira.toolkit:attachments">
                        <customfieldname>Attachment count</customfieldname>
                        <customfieldvalues>
                            <customfieldvalue>0.0</customfieldvalue>
                        </customfieldvalues>
                    </customfield>
                                                                                                                                                                                                                                                                                                                                                                                                                                                                        <customfield id="customfield_10010" key="com.atlassian.jira.plugin.system.customfieldtypes:importid">
                        <customfieldname>Bugzilla Id</customfieldname>
                        <customfieldvalues>
                            <customfieldvalue>26679</customfieldvalue>
                        </customfieldvalues>
                    </customfield>
                                                                                            <customfield id="customfield_12310220" key="com.atlassian.jira.ext.charting:firstresponsedate">
                        <customfieldname>Date of First Response</customfieldname>
                        <customfieldvalues>
                            <customfieldvalue>Thu, 5 Feb 2004 19:07:38 +0000</customfieldvalue>

                        </customfieldvalues>
                    </customfield>
                                                                                                                                                                                                                                                                                                                                                                                                                                            <customfield id="customfield_12310420" key="com.pyxis.greenhopper.jira:gh-global-rank">
                        <customfieldname>Global Rank</customfieldname>
                        <customfieldvalues>
                            <customfieldvalue>18915</customfieldvalue>
                        </customfieldvalues>
                    </customfield>
                                                                                                                        <customfield id="customfield_12312521" key="com.atlassian.jira.toolkit:LastCommentDate">
                        <customfieldname>Last public comment date</customfieldname>
                        <customfieldvalues>
                            12 years, 43 weeks, 2 days ago
                        </customfieldvalues>
                    </customfield>
                                                                                            <customfield id="customfield_12311820" key="com.pyxis.greenhopper.jira:gh-lexo-rank">
                        <customfieldname>Rank</customfieldname>
                        <customfieldvalues>
                            <customfieldvalue>0|i0sjfj:</customfieldvalue>

                        </customfieldvalues>
                    </customfield>
                                                                <customfield id="customfield_12310920" key="com.pyxis.greenhopper.jira:gh-global-rank">
                        <customfieldname>Rank (Obsolete)</customfieldname>
                        <customfieldvalues>
                            <customfieldvalue>164625</customfieldvalue>
                        </customfieldvalues>
                    </customfield>
                                                                                                                                                                                                                                        <customfield id="customfield_12310222" key="com.atlassian.jira.ext.charting:timeinstatus">
                        <customfieldname>Time in Status</customfieldname>
                        <customfieldvalues>
                            
                        </customfieldvalues>
                    </customfield>
                                                                                                                        </customfields>
    </item>
</channel>
</rss>