<!-- 
RSS generated by JIRA (6.3.4#6332-sha1:51bc225ef474afe3128b2f66878477f322397b16) at Sat Nov 19 22:56:03 UTC 2016

It is possible to restrict the fields that are returned in this document by specifying the 'field' parameter in your request.
For example, to request only the issue key and summary add field=key&field=summary to the URL of your request.
For example:
https://issues.apache.org/jira/si/jira.issueviews:issue-xml/COLLECTIONS-54/COLLECTIONS-54.xml?field=key&amp;field=summary
-->
<rss version="0.92" >
<channel>
    <title>ASF JIRA</title>
    <link>https://issues.apache.org/jira</link>
    <description>This file is an XML representation of an issue</description>
    <language>en-uk</language>    <build-info>
        <version>6.3.4</version>
        <build-number>6332</build-number>
        <build-date>15-08-2014</build-date>
    </build-info>

<item>
            <title>[COLLECTIONS-54] [collections][PATCH] increase number of tests run from 2484 to 7429</title>
                <link>https://issues.apache.org/jira/browse/COLLECTIONS-54</link>
                <project id="12310465" key="COLLECTIONS">Commons Collections</project>
                    <description>&lt;p&gt;The attached file patches build.xml to use &apos;TestAllPackages&apos; instead of&lt;br/&gt;
&apos;TestAll&apos; for the value of &apos;test.entry&apos;. This results in a greater number of&lt;br/&gt;
tests being run.&lt;/p&gt;

&lt;p&gt;project.xml also uses &apos;TestAll&apos; but there this patch does not fix that becuase I&lt;br/&gt;
am not using maven.&lt;/p&gt;

&lt;p&gt;(I find this situation a bit odd because Stephen Colebourne mentioned that some&lt;br/&gt;
bugs had been detected in o.a.c.collections.observed package a few days ago by&lt;br/&gt;
some tests and as far as I can see those tests would not have run without this&lt;br/&gt;
change. Is the use of ant deprecated or am I just not seeing something obvious&lt;br/&gt;
or customary?)&lt;/p&gt;</description>
                <environment>&lt;p&gt;Operating System: other&lt;br/&gt;
Platform: Other&lt;/p&gt;</environment>
        <key id="12340963">COLLECTIONS-54</key>
            <summary>[collections][PATCH] increase number of tests run from 2484 to 7429</summary>
                <type id="1" iconUrl="https://issues.apache.org/jira/images/icons/issuetypes/bug.png">Bug</type>
                                            <priority id="2" iconUrl="https://issues.apache.org/jira/images/icons/priorities/critical.png">Critical</priority>
                        <status id="6" iconUrl="https://issues.apache.org/jira/images/icons/statuses/closed.png" description="The issue is considered finished, the resolution is correct. Issues which are closed can be reopened.">Closed</status>
                    <statusCategory id="3" key="done" colorName="green"/>
                                    <resolution id="1">Fixed</resolution>
                                        <assignee username="-1">Unassigned</assignee>
                                    <reporter username="janekdb@yahoo.co.uk">Janek Bogucki</reporter>
                        <labels>
                    </labels>
                <created>Sun, 14 Sep 2003 04:29:14 +0000</created>
                <updated>Sat, 15 Mar 2008 21:35:59 +0000</updated>
                            <resolved>Sat, 15 Mar 2008 21:35:59 +0000</resolved>
                                    <version>Nightly Builds</version>
                                                        <due></due>
                            <votes>0</votes>
                                    <watches>0</watches>
                                                                <comments>
                            <comment id="12405048" author="janekdb@yahoo.co.uk" created="Sun, 14 Sep 2003 04:30:38 +0000"  >&lt;p&gt;Created an attachment (id=8199)&lt;br/&gt;
patch to run more tests by using TestAllPackages instead of TestAll&lt;/p&gt;</comment>
                            <comment id="12405049" author="scolebourne@joda.org" created="Wed, 17 Sep 2003 15:36:18 +0000"  >&lt;p&gt;Should be fixed now, thanks&lt;/p&gt;</comment>
                    </comments>
                    <attachments>
                            <attachment id="12332518" name="ASF.LICENSE.NOT.GRANTED--build-TestAllPackages.patch" size="763" author="janekdb@yahoo.co.uk" created="Sun, 14 Sep 2003 04:30:38 +0000"/>
                    </attachments>
                <subtasks>
                    </subtasks>
                <customfields>
                                                <customfield id="customfield_12310310" key="com.atlassian.jira.toolkit:attachments">
                        <customfieldname>Attachment count</customfieldname>
                        <customfieldvalues>
                            <customfieldvalue>1.0</customfieldvalue>
                        </customfieldvalues>
                    </customfield>
                                                                                                                                                                                                                                                                                                                                                                                                                                                                        <customfield id="customfield_10010" key="com.atlassian.jira.plugin.system.customfieldtypes:importid">
                        <customfieldname>Bugzilla Id</customfieldname>
                        <customfieldvalues>
                            <customfieldvalue>23155</customfieldvalue>
                        </customfieldvalues>
                    </customfield>
                                                                                            <customfield id="customfield_12310220" key="com.atlassian.jira.ext.charting:firstresponsedate">
                        <customfieldname>Date of First Response</customfieldname>
                        <customfieldvalues>
                            <customfieldvalue>Wed, 17 Sep 2003 15:36:18 +0000</customfieldvalue>

                        </customfieldvalues>
                    </customfield>
                                                                                                                                                                                                                                                                                                                                                                                                                                            <customfield id="customfield_12310420" key="com.pyxis.greenhopper.jira:gh-global-rank">
                        <customfieldname>Global Rank</customfieldname>
                        <customfieldvalues>
                            <customfieldvalue>18944</customfieldvalue>
                        </customfieldvalues>
                    </customfield>
                                                                                                                        <customfield id="customfield_12312521" key="com.atlassian.jira.toolkit:LastCommentDate">
                        <customfieldname>Last public comment date</customfieldname>
                        <customfieldvalues>
                            13 years, 11 weeks, 3 days ago
                        </customfieldvalues>
                    </customfield>
                                                                                            <customfield id="customfield_12311820" key="com.pyxis.greenhopper.jira:gh-lexo-rank">
                        <customfieldname>Rank</customfieldname>
                        <customfieldvalues>
                            <customfieldvalue>0|i0sjlz:</customfieldvalue>

                        </customfieldvalues>
                    </customfield>
                                                                <customfield id="customfield_12310920" key="com.pyxis.greenhopper.jira:gh-global-rank">
                        <customfieldname>Rank (Obsolete)</customfieldname>
                        <customfieldvalues>
                            <customfieldvalue>164654</customfieldvalue>
                        </customfieldvalues>
                    </customfield>
                                                                                                                                                                                                                                        <customfield id="customfield_12310222" key="com.atlassian.jira.ext.charting:timeinstatus">
                        <customfieldname>Time in Status</customfieldname>
                        <customfieldvalues>
                            
                        </customfieldvalues>
                    </customfield>
                                                                                                                        </customfields>
    </item>
</channel>
</rss>