<!-- 
RSS generated by JIRA (6.3.4#6332-sha1:51bc225ef474afe3128b2f66878477f322397b16) at Sun Nov 20 01:28:27 UTC 2016

It is possible to restrict the fields that are returned in this document by specifying the 'field' parameter in your request.
For example, to request only the issue key and summary add field=key&field=summary to the URL of your request.
For example:
https://issues.apache.org/jira/si/jira.issueviews:issue-xml/COLLECTIONS-410/COLLECTIONS-410.xml?field=key&amp;field=summary
-->
<rss version="0.92" >
<channel>
    <title>ASF JIRA</title>
    <link>https://issues.apache.org/jira</link>
    <description>This file is an XML representation of an issue</description>
    <language>en-uk</language>    <build-info>
        <version>6.3.4</version>
        <build-number>6332</build-number>
        <build-date>15-08-2014</build-date>
    </build-info>

<item>
            <title>[COLLECTIONS-410] SetUniqueList.addAll() is very slow</title>
                <link>https://issues.apache.org/jira/browse/COLLECTIONS-410</link>
                <project id="12310465" key="COLLECTIONS">Commons Collections</project>
                    <description>&lt;p&gt;Hi,&lt;/p&gt;

&lt;p&gt;I am encountering a performance problem in SetUniqueList.addAll().  It&lt;br/&gt;
appears in revision 1351837 (19 June 2012).  I attached a test that&lt;br/&gt;
exposes this problem and a patch that fixes it.  On my machine, for&lt;br/&gt;
this test, the patch provides a 540X speedup.&lt;/p&gt;

&lt;p&gt;To run the test, just do:&lt;/p&gt;

&lt;p&gt;$ java Test&lt;/p&gt;

&lt;p&gt;The output for the un-patched version is:&lt;br/&gt;
Time is 2706&lt;/p&gt;

&lt;p&gt;The output for the patched version is:&lt;br/&gt;
Time is 5&lt;/p&gt;

&lt;p&gt;As the patch shows, the problem is that&lt;br/&gt;
SetUniqueList.addAll(int index, Collection&amp;lt;? extends E&amp;gt; coll)&lt;br/&gt;
performs:&lt;br/&gt;
&quot;add(index, e)&quot; for each element in &quot;coll&quot;. This is very expensive, &lt;br/&gt;
because each &quot;add(index, e)&quot; performs a &lt;br/&gt;
LinkedList.add(int index, E element), which requires traversing the &lt;br/&gt;
LinkedList to find the index.&lt;/p&gt;

&lt;p&gt;The patched version avoids this cost by inserting all the elements at&lt;br/&gt;
once, thus performing only one insert.&lt;/p&gt;

&lt;p&gt;Is this a bug? If so, can you please confirm that the patch is&lt;br/&gt;
correct?&lt;/p&gt;

&lt;p&gt;Thanks,&lt;/p&gt;

&lt;p&gt;Adrian&lt;/p&gt;</description>
                <environment>&lt;p&gt;java 1.6.0_24&lt;br/&gt;
Ubuntu 11.10&lt;/p&gt;</environment>
        <key id="12595162">COLLECTIONS-410</key>
            <summary>SetUniqueList.addAll() is very slow</summary>
                <type id="1" iconUrl="https://issues.apache.org/jira/images/icons/issuetypes/bug.png">Bug</type>
                                            <priority id="3" iconUrl="https://issues.apache.org/jira/images/icons/priorities/major.png">Major</priority>
                        <status id="6" iconUrl="https://issues.apache.org/jira/images/icons/statuses/closed.png" description="The issue is considered finished, the resolution is correct. Issues which are closed can be reopened.">Closed</status>
                    <statusCategory id="3" key="done" colorName="green"/>
                                    <resolution id="1">Fixed</resolution>
                                        <assignee username="-1">Unassigned</assignee>
                                    <reporter username="adriannistor">Adrian Nistor</reporter>
                        <labels>
                    </labels>
                <created>Tue, 19 Jun 2012 20:37:38 +0000</created>
                <updated>Sun, 9 Nov 2014 14:31:56 +0000</updated>
                            <resolved>Wed, 20 Jun 2012 18:04:42 +0000</resolved>
                                                    <fixVersion>4.0-alpha1</fixVersion>
                    <fixVersion>4.0</fixVersion>
                                        <due></due>
                            <votes>0</votes>
                                    <watches>3</watches>
                                                                <comments>
                            <comment id="13397702" author="tn" created="Wed, 20 Jun 2012 18:04:42 +0000"  >&lt;p&gt;Applied patch in r1352243.&lt;/p&gt;

&lt;p&gt;Thanks for reporting!&lt;/p&gt;</comment>
                            <comment id="13397744" author="hudson" created="Wed, 20 Jun 2012 18:32:39 +0000"  >&lt;p&gt;Integrated in commons-collections #27 (See &lt;a href=&quot;https://builds.apache.org/job/commons-collections/27/&quot; class=&quot;external-link&quot; rel=&quot;nofollow&quot;&gt;https://builds.apache.org/job/commons-collections/27/&lt;/a&gt;)&lt;br/&gt;
    &lt;a href=&quot;https://issues.apache.org/jira/browse/COLLECTIONS-410&quot; title=&quot;SetUniqueList.addAll() is very slow&quot; class=&quot;issue-link&quot; data-issue-key=&quot;COLLECTIONS-410&quot;&gt;&lt;del&gt;COLLECTIONS-410&lt;/del&gt;&lt;/a&gt; Improved performance of SetUniqueList.addAll(index, coll). Thanks to Adrian Nistor for reporting and providing a patch. (Revision 1352243)&lt;/p&gt;

&lt;p&gt;     Result = UNSTABLE&lt;br/&gt;
tn : &lt;a href=&quot;http://svn.apache.org/viewvc/?view=rev&amp;amp;rev=1352243&quot; class=&quot;external-link&quot; rel=&quot;nofollow&quot;&gt;http://svn.apache.org/viewvc/?view=rev&amp;amp;rev=1352243&lt;/a&gt;&lt;br/&gt;
Files : &lt;/p&gt;
&lt;ul&gt;
	&lt;li&gt;/commons/proper/collections/trunk/src/main/java/org/apache/commons/collections/list/SetUniqueList.java&lt;/li&gt;
&lt;/ul&gt;
</comment>
                            <comment id="13397860" author="tn" created="Wed, 20 Jun 2012 20:58:53 +0000"  >&lt;p&gt;The failing unit test on hudson/jenkins has been fixed in r1352264.&lt;/p&gt;</comment>
                    </comments>
                    <attachments>
                            <attachment id="12532604" name="Test.java" size="786" author="adriannistor" created="Tue, 19 Jun 2012 20:37:56 +0000"/>
                            <attachment id="12532603" name="patch.diff" size="1006" author="adriannistor" created="Tue, 19 Jun 2012 20:37:56 +0000"/>
                    </attachments>
                <subtasks>
                    </subtasks>
                <customfields>
                                                <customfield id="customfield_12310310" key="com.atlassian.jira.toolkit:attachments">
                        <customfieldname>Attachment count</customfieldname>
                        <customfieldvalues>
                            <customfieldvalue>2.0</customfieldvalue>
                        </customfieldvalues>
                    </customfield>
                                                                                                                                                                                                                                                                                                                                                                                                                                                                                                                                <customfield id="customfield_12310220" key="com.atlassian.jira.ext.charting:firstresponsedate">
                        <customfieldname>Date of First Response</customfieldname>
                        <customfieldvalues>
                            <customfieldvalue>Wed, 20 Jun 2012 18:04:42 +0000</customfieldvalue>

                        </customfieldvalues>
                    </customfield>
                                                                                                                                                                                                                                                                                                                                                                                                                                            <customfield id="customfield_12310420" key="com.pyxis.greenhopper.jira:gh-global-rank">
                        <customfieldname>Global Rank</customfieldname>
                        <customfieldvalues>
                            <customfieldvalue>292948</customfieldvalue>
                        </customfieldvalues>
                    </customfield>
                                                                                                                        <customfield id="customfield_12312521" key="com.atlassian.jira.toolkit:LastCommentDate">
                        <customfieldname>Last public comment date</customfieldname>
                        <customfieldvalues>
                            4 years, 22 weeks, 3 days ago
                        </customfieldvalues>
                    </customfield>
                                                                                            <customfield id="customfield_12311820" key="com.pyxis.greenhopper.jira:gh-lexo-rank">
                        <customfieldname>Rank</customfieldname>
                        <customfieldvalues>
                            <customfieldvalue>0|i0shqf:</customfieldvalue>

                        </customfieldvalues>
                    </customfield>
                                                                <customfield id="customfield_12310920" key="com.pyxis.greenhopper.jira:gh-global-rank">
                        <customfieldname>Rank (Obsolete)</customfieldname>
                        <customfieldvalues>
                            <customfieldvalue>164350</customfieldvalue>
                        </customfieldvalues>
                    </customfield>
                                                                                                                                                                                                                                        <customfield id="customfield_12310222" key="com.atlassian.jira.ext.charting:timeinstatus">
                        <customfieldname>Time in Status</customfieldname>
                        <customfieldvalues>
                            
                        </customfieldvalues>
                    </customfield>
                                                                                                                        </customfields>
    </item>
</channel>
</rss>