<!-- 
RSS generated by JIRA (6.3.4#6332-sha1:51bc225ef474afe3128b2f66878477f322397b16) at Sat Nov 19 21:26:53 UTC 2016

It is possible to restrict the fields that are returned in this document by specifying the 'field' parameter in your request.
For example, to request only the issue key and summary add field=key&field=summary to the URL of your request.
For example:
https://issues.apache.org/jira/si/jira.issueviews:issue-xml/COLLECTIONS-348/COLLECTIONS-348.xml?field=key&amp;field=summary
-->
<rss version="0.92" >
<channel>
    <title>ASF JIRA</title>
    <link>https://issues.apache.org/jira</link>
    <description>This file is an XML representation of an issue</description>
    <language>en-uk</language>    <build-info>
        <version>6.3.4</version>
        <build-number>6332</build-number>
        <build-date>15-08-2014</build-date>
    </build-info>

<item>
            <title>[COLLECTIONS-348] Javadoc: incorrect behavior explained for XXXUtils.transformedXXX</title>
                <link>https://issues.apache.org/jira/browse/COLLECTIONS-348</link>
                <project id="12310465" key="COLLECTIONS">Commons Collections</project>
                    <description>&lt;p&gt;As a sequel to &lt;a href=&quot;https://issues.apache.org/jira/browse/COLLECTIONS-288&quot; title=&quot;Javadoc: incorrect behavior explained for ListUtils.transformedList&quot; class=&quot;issue-link&quot; data-issue-key=&quot;COLLECTIONS-288&quot;&gt;&lt;del&gt;COLLECTIONS-288&lt;/del&gt;&lt;/a&gt;, any utility method that &quot;transformed&quot; needs to document that the incoming collection is not immediately transformed &amp;#8211; future additions are.&lt;/p&gt;

&lt;p&gt;Candidate methods:&lt;/p&gt;
&lt;ul&gt;
	&lt;li&gt;BagUtils.transformedBag&lt;/li&gt;
	&lt;li&gt;BagUtils.transformedSortedBag&lt;/li&gt;
	&lt;li&gt;CollectionUtils.transform&lt;/li&gt;
	&lt;li&gt;CollectionUtils.transformedCollection&lt;/li&gt;
	&lt;li&gt;ListUtils.transformedList &lt;b&gt;done&lt;/b&gt;&lt;/li&gt;
	&lt;li&gt;MapUtils.transformedMap&lt;/li&gt;
	&lt;li&gt;MapUtils.transformedSortedMap&lt;/li&gt;
	&lt;li&gt;SetUtils.transformedSet&lt;/li&gt;
	&lt;li&gt;SetUtils.transformedSortedSet&lt;/li&gt;
&lt;/ul&gt;
</description>
                <environment></environment>
        <key id="12443858">COLLECTIONS-348</key>
            <summary>Javadoc: incorrect behavior explained for XXXUtils.transformedXXX</summary>
                <type id="1" iconUrl="https://issues.apache.org/jira/images/icons/issuetypes/bug.png">Bug</type>
                                            <priority id="3" iconUrl="https://issues.apache.org/jira/images/icons/priorities/major.png">Major</priority>
                        <status id="6" iconUrl="https://issues.apache.org/jira/images/icons/statuses/closed.png" description="The issue is considered finished, the resolution is correct. Issues which are closed can be reopened.">Closed</status>
                    <statusCategory id="3" key="done" colorName="green"/>
                                    <resolution id="1">Fixed</resolution>
                                        <assignee username="-1">Unassigned</assignee>
                                    <reporter username="pbenedict">Paul Benedict</reporter>
                        <labels>
                    </labels>
                <created>Sun, 20 Dec 2009 03:58:09 +0000</created>
                <updated>Sun, 9 Nov 2014 14:31:28 +0000</updated>
                            <resolved>Fri, 15 Oct 2010 19:39:57 +0000</resolved>
                                    <version>3.2</version>
                                    <fixVersion>4.0-alpha1</fixVersion>
                    <fixVersion>4.0</fixVersion>
                                    <component>Bag</component>
                    <component>Collection</component>
                    <component>List</component>
                    <component>Map</component>
                    <component>Set</component>
                        <due></due>
                            <votes>0</votes>
                                    <watches>0</watches>
                                                                <comments>
                            <comment id="12921513" author="brentworden" created="Fri, 15 Oct 2010 19:39:57 +0000"  >&lt;p&gt;all changes have been made.&lt;/p&gt;</comment>
                    </comments>
                <issuelinks>
                            <issuelinktype id="10030">
                    <name>Reference</name>
                                                                <inwardlinks description="is related to">
                                        <issuelink>
            <issuekey id="12391638">COLLECTIONS-288</issuekey>
        </issuelink>
                            </inwardlinks>
                                    </issuelinktype>
                    </issuelinks>
                <attachments>
                    </attachments>
                <subtasks>
                    </subtasks>
                <customfields>
                                                <customfield id="customfield_12310310" key="com.atlassian.jira.toolkit:attachments">
                        <customfieldname>Attachment count</customfieldname>
                        <customfieldvalues>
                            <customfieldvalue>0.0</customfieldvalue>
                        </customfieldvalues>
                    </customfield>
                                                                                                                                                                                                                                                                                                                                                                                                                                                                                                                                <customfield id="customfield_12310220" key="com.atlassian.jira.ext.charting:firstresponsedate">
                        <customfieldname>Date of First Response</customfieldname>
                        <customfieldvalues>
                            <customfieldvalue>Fri, 15 Oct 2010 19:39:57 +0000</customfieldvalue>

                        </customfieldvalues>
                    </customfield>
                                                                                                                                                                                                                                                                                                                                                                                                                                            <customfield id="customfield_12310420" key="com.pyxis.greenhopper.jira:gh-global-rank">
                        <customfieldname>Global Rank</customfieldname>
                        <customfieldvalues>
                            <customfieldvalue>18655</customfieldvalue>
                        </customfieldvalues>
                    </customfield>
                                                                                                                        <customfield id="customfield_12312521" key="com.atlassian.jira.toolkit:LastCommentDate">
                        <customfieldname>Last public comment date</customfieldname>
                        <customfieldvalues>
                            6 years, 6 weeks, 1 day ago
                        </customfieldvalues>
                    </customfield>
                                                                                            <customfield id="customfield_12311820" key="com.pyxis.greenhopper.jira:gh-lexo-rank">
                        <customfieldname>Rank</customfieldname>
                        <customfieldvalues>
                            <customfieldvalue>0|i0si0n:</customfieldvalue>

                        </customfieldvalues>
                    </customfield>
                                                                <customfield id="customfield_12310920" key="com.pyxis.greenhopper.jira:gh-global-rank">
                        <customfieldname>Rank (Obsolete)</customfieldname>
                        <customfieldvalues>
                            <customfieldvalue>164396</customfieldvalue>
                        </customfieldvalues>
                    </customfield>
                                                                                                                                                                                                                                        <customfield id="customfield_12310222" key="com.atlassian.jira.ext.charting:timeinstatus">
                        <customfieldname>Time in Status</customfieldname>
                        <customfieldvalues>
                            
                        </customfieldvalues>
                    </customfield>
                                                                                                                        </customfields>
    </item>
</channel>
</rss>