<!-- 
RSS generated by JIRA (6.3.4#6332-sha1:51bc225ef474afe3128b2f66878477f322397b16) at Sat Nov 19 22:54:38 UTC 2016

It is possible to restrict the fields that are returned in this document by specifying the 'field' parameter in your request.
For example, to request only the issue key and summary add field=key&field=summary to the URL of your request.
For example:
https://issues.apache.org/jira/si/jira.issueviews:issue-xml/COLLECTIONS-53/COLLECTIONS-53.xml?field=key&amp;field=summary
-->
<rss version="0.92" >
<channel>
    <title>ASF JIRA</title>
    <link>https://issues.apache.org/jira</link>
    <description>This file is an XML representation of an issue</description>
    <language>en-uk</language>    <build-info>
        <version>6.3.4</version>
        <build-number>6332</build-number>
        <build-date>15-08-2014</build-date>
    </build-info>

<item>
            <title>[COLLECTIONS-53] [collections] Iterator.remove() in UnboundedFifoBuffer does not work</title>
                <link>https://issues.apache.org/jira/browse/COLLECTIONS-53</link>
                <project id="12310465" key="COLLECTIONS">Commons Collections</project>
                    <description>&lt;p&gt;The implementation of Iterator.remove() in the unbounded fifo buffer is buggy.&lt;br/&gt;
It produces an ArrayIndexOutOfBoundExceptions when it needs to swap around the&lt;br/&gt;
end of the array to its start.&lt;/p&gt;

&lt;p&gt;The code should be:&lt;/p&gt;

&lt;p&gt;            public void remove() {&lt;br/&gt;
                if (lastReturnedIndex == -1) &lt;/p&gt;
{
                    throw new IllegalStateException();
                }

&lt;p&gt;                // First element can be removed quickly&lt;br/&gt;
                if (lastReturnedIndex == head) &lt;/p&gt;
{
                    UnboundedFifoBuffer.this.remove();
                    lastReturnedIndex = -1;
                    return;
                }

&lt;p&gt;                // Other elements require us to shift the subsequent elements&lt;br/&gt;
                /*&lt;/p&gt;
&lt;ul&gt;
	&lt;li&gt;This loop is buggy in the original implementation!&lt;br/&gt;
                 */&lt;br/&gt;
                int i = lastReturnedIndex + 1;&lt;br/&gt;
                while (i != tail) 
{
                    buffer[decrement(i)] = buffer[i];
                    i = increment(i);
                }&lt;/li&gt;
&lt;/ul&gt;


&lt;p&gt;                lastReturnedIndex = -1;&lt;br/&gt;
                tail = decrement(tail);&lt;br/&gt;
                buffer&lt;span class=&quot;error&quot;&gt;&amp;#91;tail&amp;#93;&lt;/span&gt; = null;&lt;br/&gt;
                index = decrement(index);&lt;br/&gt;
            }&lt;/p&gt;

&lt;p&gt;while the original buggy loop is:&lt;/p&gt;

&lt;p&gt;                // Other elements require us to shift the subsequent elements&lt;br/&gt;
                int i = lastReturnedIndex + 1;&lt;br/&gt;
                while (i != tail) {&lt;br/&gt;
                    if (i &amp;gt;= buffer.length) &lt;/p&gt;
{
                        buffer[i - 1] = buffer[0];
                        i = 0;
                    }
&lt;p&gt; else &lt;/p&gt;
{
                        buffer[i - 1] = buffer[i];
                        i++;
                    }
&lt;p&gt;                }&lt;/p&gt;</description>
                <environment>&lt;p&gt;Operating System: All&lt;br/&gt;
Platform: All&lt;/p&gt;</environment>
        <key id="12342371">COLLECTIONS-53</key>
            <summary>[collections] Iterator.remove() in UnboundedFifoBuffer does not work</summary>
                <type id="1" iconUrl="https://issues.apache.org/jira/images/icons/issuetypes/bug.png">Bug</type>
                                            <priority id="3" iconUrl="https://issues.apache.org/jira/images/icons/priorities/major.png">Major</priority>
                        <status id="6" iconUrl="https://issues.apache.org/jira/images/icons/statuses/closed.png" description="The issue is considered finished, the resolution is correct. Issues which are closed can be reopened.">Closed</status>
                    <statusCategory id="3" key="done" colorName="green"/>
                                    <resolution id="1">Fixed</resolution>
                                        <assignee username="-1">Unassigned</assignee>
                                    <reporter username="schlosser@informatik.tu-darmstadt.de">Andreas Schlosser</reporter>
                        <labels>
                    </labels>
                <created>Thu, 14 Jul 2005 18:29:36 +0000</created>
                <updated>Sat, 15 Mar 2008 21:35:59 +0000</updated>
                            <resolved>Sat, 15 Mar 2008 21:35:59 +0000</resolved>
                                    <version>3.1</version>
                                                        <due></due>
                            <votes>0</votes>
                                    <watches>0</watches>
                                                                <comments>
                            <comment id="12409801" author="scolebourne@joda.org" created="Fri, 15 Jul 2005 07:43:31 +0000"  >&lt;p&gt;I cannot find the original code you refer to.&lt;/p&gt;

&lt;p&gt;Both versions of UnboundedFifoBuffer are correct in CVS (ie. they match your&lt;br/&gt;
fixed code), and neither shows any change in this code since creation.&lt;/p&gt;

&lt;p&gt;Have you reported the bug in the right class and right version of &lt;span class=&quot;error&quot;&gt;&amp;#91;collections&amp;#93;&lt;/span&gt;?&lt;/p&gt;</comment>
                            <comment id="12409802" author="schlosser@informatik.tu-darmstadt.de" created="Fri, 15 Jul 2005 16:43:44 +0000"  >&lt;p&gt;The source downloadable from the web page:&lt;br/&gt;
&lt;a href=&quot;http://apache.imsam.info/jakarta/commons/collections/source/commons-collections-3.1-src.zip&quot; class=&quot;external-link&quot; rel=&quot;nofollow&quot;&gt;http://apache.imsam.info/jakarta/commons/collections/source/commons-collections-3.1-src.zip&lt;/a&gt;&lt;br/&gt;
contains the code I have cited.&lt;/p&gt;

&lt;p&gt;Well, but if the code is already fixed in the current CVS it will surely be ok&lt;br/&gt;
in the next release of commons collections...&lt;/p&gt;</comment>
                            <comment id="12409803" author="scolebourne@joda.org" created="Sat, 16 Jul 2005 20:17:43 +0000"  >&lt;p&gt;Sorry, I misread your original bug report&lt;/p&gt;</comment>
                            <comment id="12409804" author="scolebourne@joda.org" created="Sat, 16 Jul 2005 20:19:10 +0000"  >&lt;p&gt;Changes made to SVN rv219316.&lt;/p&gt;

&lt;p&gt;BTW, your fix was incomplete, and it demonstrates again the value of having a&lt;br/&gt;
test case that shows the bug.&lt;/p&gt;</comment>
                    </comments>
                    <attachments>
                    </attachments>
                <subtasks>
                    </subtasks>
                <customfields>
                                                <customfield id="customfield_12310310" key="com.atlassian.jira.toolkit:attachments">
                        <customfieldname>Attachment count</customfieldname>
                        <customfieldvalues>
                            <customfieldvalue>0.0</customfieldvalue>
                        </customfieldvalues>
                    </customfield>
                                                                                                                                                                                                                                                                                                                                                                                                                                                                        <customfield id="customfield_10010" key="com.atlassian.jira.plugin.system.customfieldtypes:importid">
                        <customfieldname>Bugzilla Id</customfieldname>
                        <customfieldvalues>
                            <customfieldvalue>35733</customfieldvalue>
                        </customfieldvalues>
                    </customfield>
                                                                                            <customfield id="customfield_12310220" key="com.atlassian.jira.ext.charting:firstresponsedate">
                        <customfieldname>Date of First Response</customfieldname>
                        <customfieldvalues>
                            <customfieldvalue>Fri, 15 Jul 2005 07:43:31 +0000</customfieldvalue>

                        </customfieldvalues>
                    </customfield>
                                                                                                                                                                                                                                                                                                                                                                                                                                            <customfield id="customfield_12310420" key="com.pyxis.greenhopper.jira:gh-global-rank">
                        <customfieldname>Global Rank</customfieldname>
                        <customfieldvalues>
                            <customfieldvalue>18945</customfieldvalue>
                        </customfieldvalues>
                    </customfield>
                                                                                                                        <customfield id="customfield_12312521" key="com.atlassian.jira.toolkit:LastCommentDate">
                        <customfieldname>Last public comment date</customfieldname>
                        <customfieldvalues>
                            11 years, 20 weeks ago
                        </customfieldvalues>
                    </customfield>
                                                                                            <customfield id="customfield_12311820" key="com.pyxis.greenhopper.jira:gh-lexo-rank">
                        <customfieldname>Rank</customfieldname>
                        <customfieldvalues>
                            <customfieldvalue>0|i0sjm7:</customfieldvalue>

                        </customfieldvalues>
                    </customfield>
                                                                <customfield id="customfield_12310920" key="com.pyxis.greenhopper.jira:gh-global-rank">
                        <customfieldname>Rank (Obsolete)</customfieldname>
                        <customfieldvalues>
                            <customfieldvalue>164655</customfieldvalue>
                        </customfieldvalues>
                    </customfield>
                                                                                                                                                                                                                                        <customfield id="customfield_12310222" key="com.atlassian.jira.ext.charting:timeinstatus">
                        <customfieldname>Time in Status</customfieldname>
                        <customfieldvalues>
                            
                        </customfieldvalues>
                    </customfield>
                                                                                                                        </customfields>
    </item>
</channel>
</rss>